0,607.14,0.0835,0,0,1775952156701,True,True
0,607.15,0.19536,0,0,1775952156701,True,True
0,607.1,0.05745,0,0,1775952219295,True,True
0,607.35,0.00324,0,0,1775952227736,True,True
0,607.02,0.0222,0,0,1775952271290,False,True
0,606.98,0.0528,0,0,1775952271290,False,True
0,606.93,0.01648,0,0,1775952271292,False,True
0,606.88,0.6582,0,0,1775952271292,False,True
0,606.65,0.0222,0,0,1775952274857,False,True
0,606.59,0.20804,0,0,1775952274857,False,True
0,606.56,0.01649,0,0,1775952274857,False,True
0,606.55,0.53547,0,0,1775952274857,False,True
0,606.37,0.00411,0,0,1775952288584,True,True
0,606.32,0.0222,0,0,1775952309175,True,True
0,607.08,0.0528,0,0,1775952530311,True,True
0,607.11,0.17234,0,0,1775952530311,True,True
0,606.92,0.05967,0,0,1775952564997,True,True
0,606.89,0.04809,0,0,1775952857163,True,True
0,607.13,0.09414,0,0,1775952927603,True,True
0,607.05,0.03206,0,0,1775953096114,True,True
0,607.59,0.03197,0,0,1775953260535,True,True
0,607.0,0.0029,0,0,1775953317397,True,True
0,607.11,0.00647,0,0,1775953413656,True,True
0,607.27,0.12429,0,0,1775953559322,True,True
0,607.17,0.08006,0,0,1775953585253,False,True
0,607.2,0.0835,0,0,1775953667162,False,True
0,607.15,0.01703,0,0,1775953667162,False,True
0,607.22,0.0835,0,0,1775953698085,True,True
0,607.24,0.01702,0,0,1775953698085,True,True
0,607.05,0.0835,0,0,1775953753937,False,True
0,607.02,0.01839,0,0,1775953753937,False,True
0,607.17,0.10187,0,0,1775953776843,True,True
0,607.09,0.0344,0,0,1775953796462,False,True
0,607.04,0.03294,0,0,1775953814075,True,True
0,607.25,0.01985,0,0,1775954235576,True,True
0,607.26,0.00278,0,0,1775954235576,True,True
0,607.29,0.0835,0,0,1775954301551,False,True
0,607.25,0.02911,0,0,1775954301551,False,True
0,607.28,0.02368,0,0,1775954312059,False,True
0,607.24,0.13943,0,0,1775954312061,False,True
0,607.24,0.01647,0,0,1775954312061,False,True
0,607.23,1.4909,0,0,1775954312061,False,True
0,607.14,0.0528,0,0,1775954340461,True,True
0,607.16,0.0472,0,0,1775954340461,True,True
0,607.0,0.08237,0,0,1775954385577,False,True
0,606.98,0.04118,0,0,1775954386070,False,True
0,606.52,0.04954,0,0,1775954401145,False,True
0,606.36,0.0835,0,0,1775954422474,True,True
0,606.37,0.6665,0,0,1775954422474,True,True
0,606.45,0.8244,0,0,1775954480764,True,True
0,606.52,0.0835,0,0,1775954527931,True,True
0,606.53,0.48848,0,0,1775954527931,True,True
0,606.56,0.027,0,0,1775954541487,True,True
0,606.61,0.10846,0,0,1775954737361,True,True
0,606.55,0.035,0,0,1775954915522,True,True
0,606.51,0.07697,0,0,1775954965608,False,True
0,606.66,0.034,0,0,1775955081973,True,True
0,606.68,0.12881,0,0,1775955104267,True,True
0,606.69,0.27697,0,0,1775955104267,True,True
0,606.69,0.04781,0,0,1775955145151,True,True
0,606.62,0.04781,0,0,1775955264922,False,True
0,606.65,0.0528,0,0,1775955274816,False,True
0,606.65,0.0835,0,0,1775955274816,False,True
0,606.64,0.51398,0,0,1775955274816,False,True
0,606.63,0.24972,0,0,1775955274816,False,True
0,606.86,0.0835,0,0,1775955361505,True,True
0,606.88,0.0528,0,0,1775955361505,True,True
0,606.89,0.01202,0,0,1775955361505,True,True
0,606.64,0.5099,0,0,1775955425047,True,True
0,606.66,0.61302,0,0,1775955425047,True,True
0,606.59,0.8599,0,0,1775955425101,False,True
0,606.65,0.01966,0,0,1775955471060,True,True
0,606.71,0.12362,0,0,1775955481876,True,True
0,606.91,0.082,0,0,1775955536290,False,True
0,607.5,0.49383,0,0,1775955688937,True,True
0,607.49,0.0733,0,0,1775955693014,True,True
0,607.73,0.164,0,0,1775955742715,True,True
0,607.65,0.0835,0,0,1775955744235,False,True
0,607.63,0.02402,0,0,1775955744235,False,True
0,606.74,0.02402,0,0,1775956009483,True,True
0,606.75,0.00782,0,0,1775956009483,True,True
0,606.88,0.03237,0,0,1775956029594,True,True
0,607.24,0.0835,0,0,1775956239412,False,True
0,607.23,0.02878,0,0,1775956239412,False,True
0,607.17,0.05218,0,0,1775956239412,False,True
0,607.27,0.0835,0,0,1775956354640,False,True
0,607.21,0.0235,0,0,1775956354640,False,True
0,606.94,0.02191,0,0,1775956422713,False,True
0,607.08,0.05228,0,0,1775956438139,True,True
0,607.08,0.07947,0,0,1775956438139,True,True
0,606.31,0.01194,0,0,1775956685213,False,True
0,606.31,0.0199,0,0,1775956685213,False,True
0,606.78,0.04011,0,0,1775956787503,True,True
0,606.88,0.90601,0,0,1775956796311,True,True
0,606.89,1.23651,0,0,1775956796311,True,True
0,606.9,0.15161,0,0,1775956796311,True,True
0,606.91,0.34226,0,0,1775956796311,True,True
0,606.86,0.0528,0,0,1775956865062,False,True
0,606.76,0.5219,0,0,1775956865329,False,True
0,606.77,0.00653,0,0,1775956870032,True,True
0,606.83,0.00402,0,0,1775956887490,True,True
0,606.83,0.01152,0,0,1775956901035,True,True
0,606.52,0.00866,0,0,1775957388965,True,True
0,606.54,0.21934,0,0,1775957388965,True,True
0,606.4,0.02207,0,0,1775957568807,True,True
0,606.43,0.01085,0,0,1775957568807,True,True
0,606.42,0.83101,0,0,1775957588227,False,True
0,606.29,0.34637,0,0,1775957588235,False,True
0,606.24,0.05273,0,0,1775957588235,False,True
0,605.92,0.01385,0,0,1775957607055,False,True
0,604.97,0.01387,0,0,1775957632050,False,True
0,604.61,0.00495,0,0,1775957632988,True,True
0,604.52,0.01197,0,0,1775957642232,False,True
0,604.19,0.01655,0,0,1775957642232,False,True
0,604.18,0.11915,0,0,1775957642232,False,True
0,604.16,0.04283,0,0,1775957649235,True,True
0,604.28,0.1182,0,0,1775957649235,True,True
0,604.01,0.01389,0,0,1775957677219,False,True
0,603.67,0.0835,0,0,1775957700020,True,True
0,603.67,0.08215,0,0,1775957700020,True,True
0,603.36,0.0835,0,0,1775957707624,False,True
0,603.37,0.0835,0,0,1775957708151,True,True
0,603.43,0.0835,0,0,1775957708151,True,True
0,603.43,0.20783,0,0,1775957708151,True,True
0,603.49,0.90601,0,0,1775957708151,True,True
0,603.49,0.2334,0,0,1775957708151,True,True
0,603.5,0.0835,0,0,1775957708151,True,True
0,603.5,1.657,0,0,1775957708151,True,True
0,603.5,0.76526,0,0,1775957708151,True,True
0,603.5,0.08266,0,0,1775957708153,True,True
0,603.5,0.00556,0,0,1775957708168,True,True
0,603.2,0.04785,0,0,1775957708323,False,True
0,603.19,0.11095,0,0,1775957708323,False,True
0,603.19,0.00011,0,0,1775957708334,False,True
0,603.06,0.0139,0,0,1775957711060,False,True
0,603.01,0.3444,0,0,1775957711069,False,True
0,603.0,0.0497,0,0,1775957711089,False,True
0,602.73,0.01201,0,0,1775957711570,False,True
0,602.11,0.01394,0,0,1775957740843,False,True
0,601.96,0.01661,0,0,1775957740843,False,True
0,601.95,0.73138,0,0,1775957740843,False,True
0,601.86,0.0835,0,0,1775957740843,False,True
0,601.84,0.85932,0,0,1775957740843,False,True
0,601.79,0.0835,0,0,1775957740843,False,True
0,601.75,0.68031,0,0,1775957740843,False,True
0,602.0,0.04898,0,0,1775957741833,True,True
0,601.48,0.111,0,0,1775957747218,True,True
0,601.48,0.0835,0,0,1775957752447,False,True
0,601.54,0.0835,0,0,1775957754633,False,True
0,601.49,0.01662,0,0,1775957754633,False,True
0,601.48,0.0835,0,0,1775957754633,False,True
0,601.48,0.18357,0,0,1775957754633,False,True
0,601.48,0.43299,0,0,1775957754633,False,True
0,601.51,0.0166,0,0,1775957754990,False,True
0,601.48,0.01662,0,0,1775957756827,False,True
0,601.48,0.0665,0,0,1775957756827,False,True
0,601.42,0.08175,0,0,1775957761698,False,True
0,601.42,0.01835,0,0,1775957761698,False,True
0,601.16,0.01396,0,0,1775957762084,False,True
0,601.16,0.00833,0,0,1775957762084,False,True
0,600.95,0.01205,0,0,1775957773644,False,True
0,600.25,0.0835,0,0,1775957773760,False,True
0,600.23,0.01666,0,0,1775957773760,False,True
0,600.18,0.0835,0,0,1775957773760,False,True
0,600.11,0.0835,0,0,1775957773760,False,True
0,600.09,2.94777,0,0,1775957773760,False,True
0,600.82,0.045,0,0,1775957781516,True,True
0,600.42,0.01661,0,0,1775957787943,True,True
0,600.21,0.0166,0,0,1775957788666,False,True
0,600.11,0.0166,0,0,1775957796475,False,True
0,599.97,0.0104,0,0,1775957806774,False,True
0,599.84,0.03618,0,0,1775957822991,True,True
0,599.86,0.08958,0,0,1775957822991,True,True
0,599.96,0.028,0,0,1775957834131,True,True
0,599.88,0.0835,0,0,1775957835885,False,True
0,599.87,0.03619,0,0,1775957835885,False,True
0,599.84,0.028,0,0,1775957835885,False,True
0,599.78,0.01667,0,0,1775957835885,False,True
0,599.77,0.05923,0,0,1775957835885,False,True
0,600.29,0.01666,0,0,1775957863777,False,True
0,600.22,0.0835,0,0,1775957863779,False,True
0,600.23,0.01666,0,0,1775957863807,False,True
0,600.22,1.41404,0,0,1775957863807,False,True
0,599.85,0.0835,0,0,1775957939203,True,True
0,599.87,0.0528,0,0,1775957939203,True,True
0,599.87,0.119,0,0,1775957939203,True,True
0,599.88,0.26096,0,0,1775957939203,True,True
0,599.9,0.03292,0,0,1775957939451,False,True
0,599.9,0.53722,0,0,1775957941783,False,True
0,600.8,0.26096,0,0,1775957976578,True,True
0,600.9,0.1668,0,0,1775957976578,True,True
0,601.12,1.66358,0,0,1775957979051,True,True
0,601.18,0.04497,0,0,1775957979051,True,True
0,601.17,0.15565,0,0,1775957981293,True,True
0,601.22,1.66328,0,0,1775957981293,True,True
0,601.26,0.03803,0,0,1775957981293,True,True
0,600.84,0.01611,0,0,1775958001296,False,True
0,601.06,0.0528,0,0,1775958005627,False,True
0,599.17,0.01208,0,0,1775958091702,False,True
0,598.73,0.08315,0,0,1775958093640,False,True
0,598.6,0.0167,0,0,1775958093640,False,True
0,598.58,0.52192,0,0,1775958093640,False,True
0,598.45,0.0528,0,0,1775958102315,True,True
0,598.48,0.00736,0,0,1775958102315,True,True
0,598.0,0.03345,0,0,1775958141182,False,True
0,598.0,0.008,0,0,1775958141182,False,True
0,597.75,0.52192,0,0,1775958142029,False,True
0,597.52,0.57289,0,0,1775958142459,True,True
0,597.49,0.03013,0,0,1775958142951,True,True
0,597.23,0.0835,0,0,1775958143665,False,True
0,597.47,0.51456,0,0,1775958145302,True,True
0,597.97,0.02195,0,0,1775958157467,True,True
0,597.43,0.02195,0,0,1775958177449,False,True
0,597.39,0.0528,0,0,1775958177449,False,True
0,597.01,0.0835,0,0,1775958178218,True,True
0,597.06,0.18734,0,0,1775958178218,True,True
0,597.01,0.0835,0,0,1775958178368,True,True
0,596.73,0.00825,0,0,1775958178830,False,True
0,596.69,0.0835,0,0,1775958181449,True,True
0,596.69,0.336,0,0,1775958181449,True,True
0,596.69,0.41971,0,0,1775958181451,True,True
0,596.68,0.0219,0,0,1775958181482,False,True
0,596.46,0.0835,0,0,1775958181683,True,True
0,596.47,0.0528,0,0,1775958181683,True,True
0,596.58,0.0835,0,0,1775958181683,True,True
0,596.64,0.0835,0,0,1775958181683,True,True
0,596.69,0.01558,0,0,1775958181683,True,True
0,596.34,0.0528,0,0,1775958181863,False,True
0,596.67,0.0528,0,0,1775958181919,True,True
0,596.67,0.0835,0,0,1775958181919,True,True
0,596.68,0.17203,0,0,1775958181919,True,True
0,596.68,0.30847,0,0,1775958181920,True,True
0,596.68,0.31654,0,0,1775958182154,True,True
0,596.68,0.31669,0,0,1775958182155,True,True
0,596.67,0.3021,0,0,1775958182390,True,True
0,596.3,0.0528,0,0,1775958182396,False,True
0,596.38,0.0167,0,0,1775958189463,False,True
0,596.38,0.0835,0,0,1775958189463,False,True
0,596.38,0.0167,0,0,1775958189465,False,True
0,595.72,0.1176,0,0,1775958200123,False,True
0,595.64,0.06799,0,0,1775958211869,True,True
0,595.4,0.0528,0,0,1775958221898,True,True
0,595.41,0.0219,0,0,1775958222407,True,True
0,595.41,0.03655,0,0,1775958222407,True,True
0,595.41,0.04695,0,0,1775958222697,True,True
0,595.41,0.01819,0,0,1775958222697,True,True
0,595.4,0.05922,0,0,1775958223382,True,True
0,595.38,0.05496,0,0,1775958223739,True,True
0,595.36,0.02155,0,0,1775958225312,True,True
0,594.68,0.0528,0,0,1775958226302,False,True
0,594.62,0.08175,0,0,1775958226402,False,True
0,594.6,0.01052,0,0,1775958226403,False,True
0,594.37,0.05922,0,0,1775958226495,False,True
0,594.36,0.25925,0,0,1775958226495,False,True
0,594.04,0.0835,0,0,1775958226495,False,True
0,593.98,0.0835,0,0,1775958226495,False,True
0,593.95,0.12153,0,0,1775958226495,False,True
0,593.95,0.02527,0,0,1775958226498,False,True
0,593.95,0.87354,0,0,1775958226498,False,True
0,593.92,0.0835,0,0,1775958226498,False,True
0,593.86,0.0835,0,0,1775958226498,False,True
0,593.8,0.0835,0,0,1775958226498,False,True
0,593.74,0.0835,0,0,1775958226498,False,True
0,593.68,0.0835,0,0,1775958226498,False,True
0,593.65,0.01684,0,0,1775958226498,False,True
0,593.65,0.07091,0,0,1775958226498,False,True
0,594.04,0.0245,0,0,1775958229233,True,True
0,593.97,0.0245,0,0,1775958230634,False,True
0,594.95,0.0283,0,0,1775958237808,True,True
0,595.07,0.81218,0,0,1775958237808,True,True
0,595.0,0.0168,0,0,1775958240572,False,True
0,594.99,0.0283,0,0,1775958240675,False,True
0,594.98,0.01681,0,0,1775958240675,False,True
0,594.97,0.1464,0,0,1775958240675,False,True
0,594.94,0.32219,0,0,1775958240675,False,True
0,595.94,0.0528,0,0,1775958251124,True,True
0,595.95,0.52192,0,0,1775958251124,True,True
0,596.55,0.0835,0,0,1775958263557,True,True
0,596.59,0.08412,0,0,1775958263557,True,True
0,596.04,0.39,0,0,1775958275740,True,True
0,595.69,0.01023,0,0,1775958296032,True,True
0,595.31,0.0528,0,0,1775958306147,False,True
0,595.3,0.52192,0,0,1775958306147,False,True
0,595.33,0.02354,0,0,1775958310084,True,True
0,594.98,0.52192,0,0,1775958312899,False,True
0,595.2,0.0528,0,0,1775958312953,True,True
0,595.2,0.0835,0,0,1775958312953,True,True
0,595.2,0.90601,0,0,1775958312953,True,True
0,595.21,3.95769,0,0,1775958312953,True,True
0,594.66,0.0528,0,0,1775958313438,False,True
0,594.28,0.01683,0,0,1775958327530,False,True
0,594.29,0.1385,0,0,1775958329785,False,True
0,594.29,0.0835,0,0,1775958329787,False,True
0,594.29,0.0693,0,0,1775958329788,False,True
0,594.29,0.0417,0,0,1775958329791,False,True
0,594.29,0.0347,0,0,1775958329792,False,True
0,594.29,0.0208,0,0,1775958329793,False,True
0,594.29,0.0174,0,0,1775958329793,False,True
0,594.29,0.0087,0,0,1775958329794,False,True
0,594.29,0.0104,0,0,1775958329795,False,True
0,594.29,0.0095,0,0,1775958329796,False,True
0,594.23,0.52192,0,0,1775958342938,True,True
0,594.44,0.52192,0,0,1775958343578,True,True
0,594.86,0.0528,0,0,1775958347057,True,True
0,594.86,0.10408,0,0,1775958347057,True,True
0,596.07,0.32601,0,0,1775958358558,True,True
0,595.77,0.0528,0,0,1775958359941,False,True
0,595.84,0.0528,0,0,1775958385230,True,True
0,595.85,0.0052,0,0,1775958385230,True,True
0,595.6,0.0528,0,0,1775958391434,False,True
0,595.52,0.03328,0,0,1775958391434,False,True
0,595.67,0.48864,0,0,1775958403590,False,True
0,595.72,0.52192,0,0,1775958448014,True,True
0,595.34,0.0835,0,0,1775958482641,True,True
0,595.35,0.02671,0,0,1775958482641,True,True
0,595.31,0.04757,0,0,1775958486794,True,True
0,594.9,0.00822,0,0,1775958513202,True,True
0,594.96,0.01687,0,0,1775958538592,True,True
0,594.54,0.84098,0,0,1775958541151,False,True
0,594.31,0.00822,0,0,1775958542603,False,True
0,593.94,0.04757,0,0,1775958543725,False,True
0,593.9,0.52192,0,0,1775958543725,False,True
0,593.21,0.52192,0,0,1775958544155,False,True
0,593.17,0.01348,0,0,1775958544459,False,True
0,592.85,0.0304,0,0,1775958548068,True,True
0,592.85,0.49152,0,0,1775958548131,True,True
0,592.52,0.01867,0,0,1775958550148,False,True
0,592.07,0.04134,0,0,1775958552373,False,True
0,592.01,0.47831,0,0,1775958555206,False,True
0,591.91,0.17616,0,0,1775958555284,False,True
0,591.87,0.0528,0,0,1775958556440,True,True
0,591.42,0.0528,0,0,1775958557372,False,True
0,591.42,0.0835,0,0,1775958557372,False,True
0,591.28,0.0835,0,0,1775958557372,False,True
0,591.23,0.2802,0,0,1775958557372,False,True
0,591.5,0.0835,0,0,1775958558547,False,True
0,591.47,0.01691,0,0,1775958558547,False,True
0,591.46,0.1,0,0,1775958558547,False,True
0,591.45,0.1,0,0,1775958558547,False,True
0,591.44,0.1,0,0,1775958558547,False,True
0,591.43,0.01416,0,0,1775958558547,False,True
0,591.78,0.0835,0,0,1775958561730,True,True
0,591.83,0.0528,0,0,1775958561730,True,True
0,591.89,0.28592,0,0,1775958561730,True,True
0,591.11,0.0528,0,0,1775958562283,False,True
0,591.34,0.008,0,0,1775958562539,True,True
0,591.47,0.52192,0,0,1775958568478,True,True
0,591.05,0.0835,0,0,1775958612516,False,True
0,591.04,1.1399,0,0,1775958612516,False,True
0,591.04,0.15,0,0,1775958612516,False,True
0,591.25,0.2908,0,0,1775958617476,False,True
0,593.47,0.04898,0,0,1775958668270,True,True
0,593.52,0.03266,0,0,1775958682055,True,True
0,593.44,0.04844,0,0,1775958690737,True,True
0,592.97,0.04898,0,0,1775958691364,False,True
0,593.91,0.2097,0,0,1775958798821,True,True
0,593.93,0.0528,0,0,1775958798821,True,True
0,593.94,1.68367,0,0,1775958798821,True,True
0,593.94,1.68367,0,0,1775958798821,True,True
0,593.63,0.0835,0,0,1775958851984,False,True
0,593.53,0.0528,0,0,1775958851984,False,True
0,593.52,0.01979,0,0,1775958851984,False,True
0,593.72,0.0528,0,0,1775959007724,True,True
0,593.76,0.06495,0,0,1775959007724,True,True
0,593.59,0.03766,0,0,1775959058057,False,True
0,593.86,0.04757,0,0,1775959164172,False,True
0,594.1,0.0835,0,0,1775959169926,True,True
0,594.11,0.2525,0,0,1775959169926,True,True
0,593.59,0.0528,0,0,1775959253733,False,True
0,593.46,0.00418,0,0,1775959257037,True,True
0,593.5,0.03442,0,0,1775959335600,True,True
0,593.04,8.57532,0,0,1775959441558,False,True
0,593.04,8.54126,0,0,1775959441867,False,True
0,593.04,8.62567,0,0,1775959444693,False,True
0,593.04,1.18117,0,0,1775959457595,False,True
0,593.04,3.07658,0,0,1775959457718,False,True
0,592.81,0.00991,0,0,1775959461895,True,True
0,593.24,0.00847,0,0,1775959486810,True,True
0,593.24,0.01953,0,0,1775959486810,True,True
0,593.69,0.0835,0,0,1775959559513,True,True
0,593.7,0.12704,0,0,1775959559513,True,True
0,594.1,0.483,0,0,1775959610985,True,True
0,593.87,0.0842,0,0,1775959655711,True,True
0,593.35,0.033,0,0,1775959711324,True,True
0,593.41,0.16332,0,0,1775959718316,True,True
0,594.0,0.90601,0,0,1775959782290,True,True
0,594.0,0.10499,0,0,1775959782290,True,True
0,593.93,0.19395,0,0,1775959809035,True,True
0,593.96,0.19395,0,0,1775959809064,True,True
0,594.02,0.66754,0,0,1775959809064,True,True
0,594.11,0.13562,0,0,1775959809402,True,True
0,594.11,0.39876,0,0,1775959809402,True,True
0,594.11,0.11527,0,0,1775959809402,True,True
0,594.11,0.38538,0,0,1775959809402,True,True
0,594.11,0.10774,0,0,1775959809402,True,True
0,594.11,0.15477,0,0,1775959809402,True,True
0,594.11,0.2952,0,0,1775959809402,True,True
0,594.11,0.1643,0,0,1775959809402,True,True
0,594.11,1.18117,0,0,1775959818979,True,True
0,594.11,0.35842,0,0,1775959818980,True,True
0,594.45,0.0528,0,0,1775959862306,False,True
0,594.42,0.26095,0,0,1775959862306,False,True
0,594.41,0.0835,0,0,1775959862306,False,True
0,594.35,0.0835,0,0,1775959862306,False,True
0,594.27,0.0835,0,0,1775959862306,False,True
0,594.26,0.01683,0,0,1775959862306,False,True
0,594.25,3.03688,0,0,1775959862306,False,True
0,595.1,0.0528,0,0,1775959894588,True,True
0,595.8,0.0835,0,0,1775959999907,True,True
0,595.81,0.26095,0,0,1775959999907,True,True
0,595.87,0.04455,0,0,1775959999907,True,True
0,595.97,0.0835,0,0,1775960001191,True,True
0,595.98,0.6986,0,0,1775960001191,True,True
0,595.67,0.05172,0,0,1775960029741,True,True
0,597.04,0.03003,0,0,1775960167278,False,True
0,597.04,0.10576,0,0,1775960167278,False,True
0,597.04,0.11783,0,0,1775960169016,False,True
0,597.04,1.09578,0,0,1775960169016,False,True
0,597.04,0.12762,0,0,1775960169091,False,True
0,597.0,0.0835,0,0,1775960170386,True,True
0,597.03,1.68826,0,0,1775960170386,True,True
0,597.03,1.41921,0,0,1775960170419,True,True
0,597.05,1.67254,0,0,1775960170503,True,True
0,597.16,0.0835,0,0,1775960170526,True,True
0,597.26,0.0835,0,0,1775960170803,True,True
0,596.99,0.04721,0,0,1775960260789,True,True
0,596.8,0.0835,0,0,1775960298740,False,True
0,596.77,0.0528,0,0,1775960298740,False,True
0,596.82,0.0528,0,0,1775960410348,True,True
0,596.84,0.0835,0,0,1775960410348,True,True
0,596.91,0.19877,0,0,1775960410348,True,True
0,597.42,0.026,0,0,1775960439446,True,True
0,597.29,0.154,0,0,1775960571971,True,True
0,596.25,0.109,0,0,1775960639447,True,True
0,596.1,0.04721,0,0,1775960693433,False,True
0,595.83,0.047,0,0,1775960730465,False,True
0,596.35,0.04718,0,0,1775960831692,True,True
0,596.66,0.008,0,0,1775961048781,True,True
0,597.13,0.02012,0,0,1775961141594,True,True
0,597.24,0.008,0,0,1775961154594,False,True
0,597.33,0.05,0,0,1775961261182,False,True
0,597.51,0.05,0,0,1775961272076,True,True
0,597.55,0.376,0,0,1775961272076,True,True
0,597.66,0.0835,0,0,1775961496207,True,True
0,597.66,0.08013,0,0,1775961496207,True,True
0,597.67,0.03346,0,0,1775961521899,True,True
0,597.6,0.04,0,0,1775961530303,False,True
0,597.53,0.02558,0,0,1775961542383,False,True
0,597.19,0.02923,0,0,1775961601112,False,True
0,597.26,0.0835,0,0,1775961641833,False,True
0,597.21,0.01674,0,0,1775961641833,False,True
0,597.21,0.02357,0,0,1775961641833,False,True
0,597.2,0.03645,0,0,1775961641833,False,True
0,597.86,0.0835,0,0,1775961788289,False,True
0,597.91,0.05279,0,0,1775961981975,True,True
0,597.91,0.0835,0,0,1775961981975,True,True
0,597.92,0.03645,0,0,1775961981975,True,True
0,597.96,0.00287,0,0,1775961981975,True,True
0,597.95,0.0528,0,0,1775962038910,False,True
0,597.86,0.52192,0,0,1775962038910,False,True
0,597.79,0.01673,0,0,1775962038910,False,True
0,597.75,0.19303,0,0,1775962038978,False,True
0,597.63,0.26994,0,0,1775962054460,False,True
0,597.45,0.26994,0,0,1775962057643,True,True
0,597.56,0.0835,0,0,1775962057643,True,True
0,597.58,0.0528,0,0,1775962057643,True,True
0,597.59,1.2552,0,0,1775962057643,True,True
0,597.62,0.0835,0,0,1775962057643,True,True
0,597.62,1.67331,0,0,1775962057643,True,True
0,597.63,1.01258,0,0,1775962058726,False,True
0,597.83,0.03385,0,0,1775962191591,False,True
0,597.94,0.36793,0,0,1775962224339,True,True
0,597.78,0.02297,0,0,1775962306109,True,True
0,597.74,0.00639,0,0,1775962331631,False,True
0,597.71,0.0528,0,0,1775962332995,False,True
0,597.42,0.0835,0,0,1775962345966,False,True
0,597.4,0.19026,0,0,1775962345966,False,True
0,597.39,0.01674,0,0,1775962345966,False,True
0,597.38,0.2095,0,0,1775962345966,False,True
0,597.57,0.04696,0,0,1775962399957,True,True
0,597.61,0.04695,0,0,1775962407445,False,True
0,597.61,0.05876,0,0,1775962407445,False,True
0,597.65,0.0835,0,0,1775962530999,True,True
0,597.7,0.0528,0,0,1775962530999,True,True
0,597.71,0.0835,0,0,1775962530999,True,True
0,597.72,0.57008,0,0,1775962530999,True,True
0,597.55,0.0835,0,0,1775962593043,False,True
0,597.52,0.0528,0,0,1775962593043,False,True
0,597.47,0.01674,0,0,1775962593043,False,True
0,597.46,0.02394,0,0,1775962593043,False,True
0,597.77,0.02456,0,0,1775962672191,True,True
0,597.87,0.01672,0,0,1775962710843,True,True
0,597.87,0.00368,0,0,1775962723053,True,True
0,597.88,0.06432,0,0,1775962723053,True,True
0,597.78,0.00179,0,0,1775962847035,True,True
0,597.69,0.02098,0,0,1775962938841,True,True
0,597.74,0.00702,0,0,1775962938841,True,True
0,597.53,0.00959,0,0,1775962967661,False,True
0,597.63,0.0048,0,0,1775963002246,False,True
0,596.43,0.1246,0,0,1775963298681,False,True
0,596.3,0.05101,0,0,1775963310477,False,True
0,596.42,0.0835,0,0,1775963425172,False,True
0,596.38,0.4235,0,0,1775963425172,False,True
0,596.36,0.04191,0,0,1775963449575,True,True
0,596.1,0.0835,0,0,1775963494878,False,True
0,596.11,0.0835,0,0,1775963517685,False,True
0,596.0,0.01089,0,0,1775963533586,True,True
0,596.05,0.24681,0,0,1775963533586,True,True
0,596.05,0.07046,0,0,1775963533586,True,True
0,596.48,0.0835,0,0,1775963672434,False,True
0,596.47,0.01064,0,0,1775963672434,False,True
0,596.44,0.01064,0,0,1775963693209,True,True
0,596.45,0.26086,0,0,1775963693209,True,True
0,596.45,0.0001,0,0,1775963693963,True,True
0,596.55,0.03402,0,0,1775963929004,False,True
0,596.76,0.075,0,0,1775963963910,True,True
0,596.58,0.01853,0,0,1775964080469,True,True
0,596.41,0.04216,0,0,1775964122355,False,True
0,596.36,0.52192,0,0,1775964122355,False,True
0,596.35,0.01677,0,0,1775964122355,False,True
0,596.22,0.01064,0,0,1775964146170,False,True
0,596.21,1.67726,0,0,1775964146170,False,True
0,596.2,0.19399,0,0,1775964146170,False,True
0,596.17,0.70756,0,0,1775964146170,False,True
0,596.54,0.0528,0,0,1775964229233,True,True
0,596.55,0.02922,0,0,1775964229233,True,True
0,596.23,0.0835,0,0,1775964266486,False,True
0,596.19,0.0208,0,0,1775964266486,False,True
0,596.33,0.0164,0,0,1775964271972,True,True
0,596.23,0.06274,0,0,1775964302441,True,True
0,596.38,0.08204,0,0,1775964368927,True,True
0,596.42,0.0528,0,0,1775964396149,False,True
0,596.39,0.0835,0,0,1775964396149,False,True
0,596.33,0.01677,0,0,1775964396149,False,True
0,596.32,0.19693,0,0,1775964396149,False,True
0,596.33,0.0528,0,0,1775964411259,True,True
0,596.34,0.04251,0,0,1775964411259,True,True
0,596.69,0.0835,0,0,1775964577965,True,True
0,596.7,0.28769,0,0,1775964577965,True,True
0,596.67,0.02212,0,0,1775964657354,True,True
0,596.69,0.01034,0,0,1775964657354,True,True
0,596.61,0.152,0,0,1775964686135,True,True
0,596.42,0.04773,0,0,1775964711019,False,True
0,596.07,0.061,0,0,1775964815717,True,True
0,595.9,0.0835,0,0,1775964819664,False,True
0,595.89,0.12164,0,0,1775964819664,False,True
0,595.86,0.01678,0,0,1775964819664,False,True
0,595.85,0.17808,0,0,1775964819664,False,True
0,595.55,0.008,0,0,1775964829073,False,True
0,595.94,0.04685,0,0,1775964852333,True,True
0,596.06,0.05192,0,0,1775964872448,False,True
0,596.0,0.34384,0,0,1775964872448,False,True
0,595.97,0.59984,0,0,1775964872448,False,True
0,595.8,0.16112,0,0,1775965025028,False,True
0,595.79,0.0835,0,0,1775965039317,True,True
0,595.79,0.15234,0,0,1775965039317,True,True
0,595.78,0.16784,0,0,1775965045951,False,True
0,595.71,0.34384,0,0,1775965062499,False,True
0,595.42,0.34384,0,0,1775965091275,True,True
0,595.85,0.0835,0,0,1775965129903,False,True
0,595.84,1.6783,0,0,1775965129903,False,True
0,595.78,1.67847,0,0,1775965129903,False,True
0,595.77,0.0835,0,0,1775965129903,False,True
0,595.67,0.5986,0,0,1775965129903,False,True
0,595.6,0.0835,0,0,1775965129903,False,True
0,595.59,0.01679,0,0,1775965129903,False,True
0,595.58,8.39516,0,0,1775965129903,False,True
0,595.58,1.67713,0,0,1775965129903,False,True
0,595.57,0.70505,0,0,1775965129903,False,True
0,595.81,0.04,0,0,1775965139814,True,True
0,595.31,0.01643,0,0,1775965169426,True,True
0,595.37,0.0835,0,0,1775965170730,True,True
0,595.41,0.0528,0,0,1775965170730,True,True
0,595.42,0.19244,0,0,1775965170730,True,True
0,595.63,0.04591,0,0,1775965201210,False,True
0,595.55,0.04187,0,0,1775965224941,False,True
0,596.02,0.0835,0,0,1775965282843,False,True
0,595.98,0.01678,0,0,1775965282843,False,True
0,595.97,0.3992,0,0,1775965282843,False,True
0,596.05,0.011,0,0,1775965310573,True,True
0,595.89,0.02391,0,0,1775965326945,True,True
0,595.94,0.14389,0,0,1775965326945,True,True
0,596.0,0.32948,0,0,1775965449080,True,True
0,596.05,0.011,0,0,1775965449080,True,True
0,596.06,1.30114,0,0,1775965449080,True,True
0,596.05,0.0312,0,0,1775965468855,True,True
0,596.14,0.03167,0,0,1775965568426,True,True
0,596.13,0.35227,0,0,1775965590164,False,True
0,595.93,0.0528,0,0,1775965590191,False,True
0,595.96,0.0528,0,0,1775965659347,True,True
0,596.01,0.12401,0,0,1775965659347,True,True
0,596.01,0.00813,0,0,1775965663433,True,True
0,595.92,0.0528,0,0,1775965783572,False,True
0,595.91,0.01678,0,0,1775965783572,False,True
0,595.87,0.52192,0,0,1775965783572,False,True
0,595.72,0.0528,0,0,1775965786761,True,True
0,595.73,0.26096,0,0,1775965786761,True,True
0,595.74,0.90601,0,0,1775965786761,True,True
0,595.82,1.05473,0,0,1775965786761,True,True
0,595.66,0.07805,0,0,1775965794057,False,True
0,596.03,0.26096,0,0,1775965897382,True,True
0,596.1,0.0835,0,0,1775965897382,True,True
0,596.12,0.49434,0,0,1775965897382,True,True
0,596.11,0.05593,0,0,1775965920017,False,True
0,596.4,0.0019,0,0,1775966068840,True,True
0,596.44,0.0835,0,0,1775966151266,False,True
0,596.42,0.0528,0,0,1775966151266,False,True
0,596.38,0.01677,0,0,1775966151266,False,True
0,596.37,0.08693,0,0,1775966151266,False,True
0,596.45,0.0835,0,0,1775966221454,True,True
0,596.47,0.0528,0,0,1775966221454,True,True
0,596.48,0.08693,0,0,1775966221454,True,True
0,596.48,0.0835,0,0,1775966221454,True,True
0,596.53,0.46698,0,0,1775966221454,True,True
0,596.34,0.0835,0,0,1775966269692,False,True
0,596.34,0.05838,0,0,1775966271871,True,True
0,596.33,0.373,0,0,1775966343063,True,True
0,596.26,0.0528,0,0,1775966361386,False,True
0,595.73,0.02021,0,0,1775966386117,False,True
0,595.73,0.16786,0,0,1775966415755,False,True
0,595.57,0.0528,0,0,1775966419374,True,True
0,595.63,0.70883,0,0,1775966419374,True,True
0,595.72,0.0835,0,0,1775966420683,True,True
0,595.77,0.09343,0,0,1775966420683,True,True
0,595.37,0.01175,0,0,1775966577679,True,True
0,595.44,0.417,0,0,1775966662357,True,True
0,595.4,0.0835,0,0,1775966670633,False,True
0,595.35,0.0528,0,0,1775966670633,False,True
0,595.34,0.52192,0,0,1775966670633,False,True
0,595.33,0.0835,0,0,1775966670633,False,True
0,595.33,1.67971,0,0,1775966670633,False,True
0,595.28,1.67985,0,0,1775966670633,False,True
0,595.18,0.0835,0,0,1775966670633,False,True
0,595.13,0.0168,0,0,1775966670633,False,True
0,595.12,0.21527,0,0,1775966670633,False,True
0,595.51,0.028,0,0,1775966688597,True,True
0,595.55,0.0528,0,0,1775966716562,True,True
0,595.56,0.28301,0,0,1775966716562,True,True
0,595.82,0.0835,0,0,1775966737701,False,True
0,595.78,0.0165,0,0,1775966737701,False,True
0,595.85,0.0835,0,0,1775966795027,False,True
0,595.77,0.0198,0,0,1775966795027,False,True
0,595.76,0.00149,0,0,1775966795027,False,True
0,595.92,0.0363,0,0,1775966801881,True,True
0,595.93,0.21091,0,0,1775966801881,True,True
0,595.98,0.33905,0,0,1775966801881,True,True
0,595.77,0.00501,0,0,1775966919039,True,True
0,595.49,0.04658,0,0,1775966951676,True,True
0,595.23,0.02297,0,0,1775967037912,False,True
0,595.24,0.0528,0,0,1775967062609,False,True
0,595.22,0.0835,0,0,1775967062609,False,True
0,595.17,0.0168,0,0,1775967062609,False,True
0,595.16,0.50753,0,0,1775967062609,False,True
0,595.2,0.0835,0,0,1775967141300,False,True
0,595.19,0.1205,0,0,1775967141300,False,True
0,595.31,0.036,0,0,1775967150661,True,True
0,595.19,0.0168,0,0,1775967171301,True,True
0,595.19,0.0835,0,0,1775967171301,True,True
0,595.19,0.5247,0,0,1775967171301,True,True
0,595.18,0.52192,0,0,1775967181282,False,True
0,594.95,0.036,0,0,1775967181282,False,True
0,594.88,0.0835,0,0,1775967181282,False,True
0,594.86,0.35858,0,0,1775967181282,False,True
0,594.81,0.16812,0,0,1775967224583,True,True
0,594.8,0.04658,0,0,1775967230489,False,True
0,594.79,0.0168,0,0,1775967255063,False,True
0,594.79,0.08319,0,0,1775967255063,False,True
0,594.81,0.0338,0,0,1775967294703,True,True
0,594.81,0.3056,0,0,1775967294814,True,True
0,594.88,0.33941,0,0,1775967296810,True,True
0,594.8,0.4828,0,0,1775967512009,False,True
0,594.79,0.05279,0,0,1775967539575,True,True
0,594.8,0.03121,0,0,1775967539575,True,True
0,595.02,0.02212,0,0,1775967593594,True,True
0,595.29,0.01679,0,0,1775967648132,True,True
0,595.41,0.1124,0,0,1775967691466,True,True
0,595.43,0.77805,0,0,1775967691466,True,True
0,595.1,0.0528,0,0,1775967776578,False,True
0,595.02,0.2423,0,0,1775967776578,False,True
0,594.91,0.024,0,0,1775967810945,False,True
0,594.93,0.0528,0,0,1775967834459,True,True
0,594.96,0.1032,0,0,1775967834459,True,True
0,595.12,0.0835,0,0,1775967872096,True,True
0,595.15,0.16854,0,0,1775967872096,True,True
0,595.33,0.0835,0,0,1775968018700,False,True
0,595.29,0.04233,0,0,1775968018700,False,True
0,595.38,0.01494,0,0,1775968043991,False,True
0,595.41,0.02184,0,0,1775968180538,True,True
0,595.43,0.04625,0,0,1775968193170,True,True
0,594.92,0.0323,0,0,1775968255115,False,True
0,594.9,0.0835,0,0,1775968255115,False,True
0,594.86,0.49441,0,0,1775968255115,False,True
0,594.85,0.2145,0,0,1775968255115,False,True
0,594.85,0.03,0,0,1775968292334,True,True
0,595.07,0.04447,0,0,1775968338511,True,True
0,595.05,0.00833,0,0,1775968367854,True,True
0,595.06,0.24374,0,0,1775968367854,True,True
0,594.93,0.0528,0,0,1775968443713,True,True
0,594.93,0.13413,0,0,1775968444834,True,True
0,594.83,0.04625,0,0,1775968448104,False,True
0,594.95,0.14405,0,0,1775968459989,True,True
0,594.96,0.02695,0,0,1775968459989,True,True
0,595.06,0.00879,0,0,1775968499337,True,True
0,594.88,0.0835,0,0,1775968569662,False,True
0,594.87,0.0528,0,0,1775968569662,False,True
0,594.86,0.0835,0,0,1775968569662,False,True
0,594.85,0.00426,0,0,1775968569662,False,True
0,595.03,0.00822,0,0,1775968615344,True,True
0,594.87,0.03636,0,0,1775968660291,True,True
0,594.9,0.1527,0,0,1775968660291,True,True
0,594.79,0.0835,0,0,1775968664839,False,True
0,594.74,0.04458,0,0,1775968664839,False,True
0,594.74,0.51766,0,0,1775968664839,False,True
0,594.73,0.0835,0,0,1775968664839,False,True
0,594.73,0.24058,0,0,1775968664839,False,True
0,595.08,0.02428,0,0,1775968801310,False,True
0,595.17,0.0528,0,0,1775968802822,True,True
0,595.25,0.52192,0,0,1775968802822,True,True
0,595.26,1.67993,0,0,1775968802822,True,True
0,595.28,0.0835,0,0,1775968802822,True,True
0,595.3,1.31385,0,0,1775968802822,True,True
0,594.97,0.0835,0,0,1775968835783,False,True
0,594.96,0.0528,0,0,1775968835783,False,True
0,594.91,0.01681,0,0,1775968835783,False,True
0,594.9,0.14446,0,0,1775968835783,False,True
0,595.02,0.0528,0,0,1775968877980,True,True
0,595.05,0.98247,0,0,1775968877980,True,True
0,594.87,0.0835,0,0,1775968925297,False,True
0,594.83,0.01944,0,0,1775968925297,False,True
0,595.02,0.01944,0,0,1775968927662,True,True
0,595.03,0.02263,0,0,1775968927662,True,True
0,595.35,0.02466,0,0,1775969008790,True,True
0,595.29,0.0835,0,0,1775969012778,True,True
0,595.34,0.16305,0,0,1775969012778,True,True
0,594.98,0.03336,0,0,1775969183656,False,True
0,594.91,0.01664,0,0,1775969183656,False,True
0,594.95,0.03336,0,0,1775969288675,True,True
0,594.95,0.0835,0,0,1775969288675,True,True
0,594.96,1.03372,0,0,1775969288675,True,True
0,595.07,0.03528,0,0,1775969371305,True,True
0,595.0,0.04052,0,0,1775969441472,False,True
0,595.01,0.0835,0,0,1775969493405,False,True
0,594.98,0.0165,0,0,1775969493405,False,True
0,595.1,0.0835,0,0,1775969516248,True,True
0,595.12,0.0165,0,0,1775969516248,True,True
0,595.13,0.055,0,0,1775969516248,True,True
0,595.34,0.0363,0,0,1775969591108,False,True
0,595.25,0.2443,0,0,1775969591260,False,True
0,594.69,0.0363,0,0,1775969638333,True,True
0,594.69,0.0835,0,0,1775969638333,True,True
0,594.7,0.97317,0,0,1775969638333,True,True
0,594.82,0.49331,0,0,1775969665673,True,True
0,594.85,0.01446,0,0,1775969694125,False,True
0,594.87,0.0835,0,0,1775969760555,True,True
0,594.91,0.01446,0,0,1775969760555,True,True
0,594.92,0.02643,0,0,1775969760555,True,True
0,594.97,0.0168,0,0,1775969786170,True,True
0,594.97,0.0168,0,0,1775969791971,True,True
0,595.06,0.043,0,0,1775969811744,True,True
0,595.13,0.3453,0,0,1775969840148,True,True
0,595.14,0.03834,0,0,1775969855548,False,True
0,595.01,0.07866,0,0,1775969855548,False,True
0,595.31,0.03834,0,0,1775969887972,True,True
0,595.32,0.01047,0,0,1775969887972,True,True
0,595.21,0.02929,0,0,1775969907169,True,True
0,595.08,0.01025,0,0,1775970000415,True,True
0,595.05,0.26316,0,0,1775970012298,True,True
0,595.07,1.14655,0,0,1775970012298,True,True
0,595.01,0.04514,0,0,1775970047193,False,True
0,594.92,0.0528,0,0,1775970047193,False,True
0,595.06,0.01125,0,0,1775970048048,True,True
0,594.96,0.05406,0,0,1775970049453,False,True
0,594.98,0.0835,0,0,1775970061177,True,True
0,594.99,0.0303,0,0,1775970061177,True,True
0,595.05,0.11642,0,0,1775970061177,True,True
0,594.78,0.01125,0,0,1775970103671,True,True
0,594.82,0.03586,0,0,1775970103671,True,True
0,594.96,0.08239,0,0,1775970142745,True,True
0,594.95,0.0835,0,0,1775970211322,True,True
0,594.96,0.08458,0,0,1775970211322,True,True
0,594.74,0.01532,0,0,1775970285068,True,True
0,594.7,0.03063,0,0,1775970306775,True,True
0,594.57,0.04692,0,0,1775970320801,False,True
0,594.57,0.04692,0,0,1775970320801,False,True
0,594.63,0.134,0,0,1775970432626,True,True
0,594.68,0.00832,0,0,1775970445205,True,True
0,594.6,1.18117,0,0,1775970538777,True,True
0,594.6,0.36618,0,0,1775970540510,True,True
0,594.74,0.065,0,0,1775970588708,False,True
0,594.75,0.0835,0,0,1775970668355,False,True
0,594.73,0.0045,0,0,1775970668355,False,True
0,594.73,0.25645,0,0,1775970695342,False,True
0,594.73,0.0835,0,0,1775970695342,False,True
0,594.72,0.16005,0,0,1775970695342,False,True
0,594.55,0.03095,0,0,1775970898391,True,True
0,594.58,0.04692,0,0,1775971015238,True,True
0,594.59,0.0835,0,0,1775971015238,True,True
0,594.67,0.86958,0,0,1775971015238,True,True
0,594.51,0.042,0,0,1775971017830,False,True
0,594.7,0.0108,0,0,1775971199868,False,True
0,594.7,0.00477,0,0,1775971199868,False,True
0,594.75,0.00356,0,0,1775971227208,True,True
0,594.72,0.00671,0,0,1775971230799,True,True
0,594.93,0.03226,0,0,1775971316414,True,True
0,594.97,0.26095,0,0,1775971316414,True,True
0,594.98,0.0835,0,0,1775971316414,True,True
0,595.0,0.9981,0,0,1775971316414,True,True
0,595.07,0.0835,0,0,1775971340480,False,True
0,595.03,0.0168,0,0,1775971340480,False,True
0,595.02,0.04253,0,0,1775971340480,False,True
0,595.02,0.10052,0,0,1775971340480,False,True
0,595.24,0.048,0,0,1775971405642,False,True
0,595.55,0.0528,0,0,1775971546911,True,True
0,595.56,0.0835,0,0,1775971546911,True,True
0,595.58,0.25245,0,0,1775971546911,True,True
0,595.69,0.0835,0,0,1775971712875,False,True
0,595.64,0.01729,0,0,1775971712875,False,True
0,595.88,0.01726,0,0,1775972026199,False,True
0,595.88,0.00174,0,0,1775972092530,False,True
0,595.88,0.025,0,0,1775972093991,False,True
0,595.88,0.2169,0,0,1775972094051,False,True
0,595.87,0.33564,0,0,1775972096786,False,True
0,595.35,0.0835,0,0,1775972125739,False,True
0,595.32,0.01822,0,0,1775972125739,False,True
0,595.31,0.26102,0,0,1775972125739,False,True
0,595.3,0.63726,0,0,1775972125739,False,True
0,595.31,0.00175,0,0,1775972134465,False,True
0,595.47,0.172,0,0,1775972250372,True,True
0,595.35,0.0835,0,0,1775972288796,True,True
0,595.39,0.1065,0,0,1775972288796,True,True
0,595.45,0.02761,0,0,1775972401218,False,True
0,595.51,0.03551,0,0,1775972419882,True,True
0,595.54,0.24342,0,0,1775972419882,True,True
0,595.57,0.0835,0,0,1775972419882,True,True
0,595.57,0.13313,0,0,1775972419882,True,True
0,595.54,0.0835,0,0,1775972902538,False,True
0,595.51,0.02336,0,0,1775972902538,False,True
0,595.51,0.00837,0,0,1775972911452,False,True
0,595.39,0.00821,0,0,1775972983159,True,True
0,595.66,0.00831,0,0,1775973007036,True,True
0,595.65,0.01521,0,0,1775973106861,True,True
0,595.68,0.00239,0,0,1775973106861,True,True
0,595.6,0.03063,0,0,1775973242581,False,True
0,595.9,0.0835,0,0,1775973344624,True,True
0,595.94,0.03063,0,0,1775973344624,True,True
0,595.96,0.00429,0,0,1775973344624,True,True
0,595.96,0.155,0,0,1775973371130,True,True
0,596.08,1.68602,0,0,1775973397080,True,True
0,596.14,0.034,0,0,1775973434583,True,True
0,595.96,0.0835,0,0,1775973467414,False,True
0,595.93,0.0528,0,0,1775973467414,False,True
0,595.92,0.52192,0,0,1775973467414,False,True
0,595.9,0.0835,0,0,1775973467414,False,True
0,595.89,0.01678,0,0,1775973467414,False,True
0,595.88,1.67817,0,0,1775973467414,False,True
0,595.84,1.6783,0,0,1775973467414,False,True
0,595.83,0.0835,0,0,1775973467414,False,True
0,595.79,1.30153,0,0,1775973467414,False,True
0,596.03,0.0528,0,0,1775973487507,True,True
0,596.05,0.0835,0,0,1775973487507,True,True
0,596.09,0.52192,0,0,1775973487507,True,True
0,596.14,1.34299,0,0,1775973487507,True,True
0,596.02,0.0835,0,0,1775973595171,True,True
0,596.08,0.0835,0,0,1775973595171,True,True
0,596.08,0.00077,0,0,1775973595171,True,True
0,595.7,0.41128,0,0,1775973646658,True,True
0,595.5,0.02834,0,0,1775973652460,False,True
0,595.87,0.0835,0,0,1775973707740,True,True
0,595.88,0.07256,0,0,1775973707740,True,True
0,595.77,0.03,0,0,1775973715266,False,True
0,596.07,0.0835,0,0,1775973799651,True,True
0,596.09,0.31102,0,0,1775973799651,True,True
0,596.01,0.076,0,0,1775973807797,True,True
0,596.31,0.03053,0,0,1775973950367,True,True
0,596.05,0.00349,0,0,1775973965732,True,True
0,595.93,0.0835,0,0,1775973969864,False,True
0,595.9,0.0528,0,0,1775973969864,False,True
0,595.89,0.10671,0,0,1775973969864,False,True
0,596.02,0.0528,0,0,1775973979827,True,True
0,596.02,0.06368,0,0,1775973979827,True,True
0,596.08,0.05919,0,0,1775974029027,True,True
0,596.1,0.01011,0,0,1775974168713,True,True
0,596.02,0.0835,0,0,1775974181104,True,True
0,596.03,0.0195,0,0,1775974181104,True,True
0,595.98,0.00164,0,0,1775974191207,True,True
0,595.85,0.08391,0,0,1775974220291,False,True
0,595.85,0.16598,0,0,1775974223324,False,True
0,595.98,0.01677,0,0,1775974257004,True,True
0,596.08,0.01677,0,0,1775974265678,True,True
0,596.07,0.01677,0,0,1775974270590,True,True
0,596.04,0.0835,0,0,1775974344086,True,True
0,596.06,0.02663,0,0,1775974344086,True,True
0,596.04,0.01625,0,0,1775974406161,True,True
0,595.95,0.0528,0,0,1775974411421,False,True
0,595.95,0.00639,0,0,1775974411421,False,True
0,596.01,0.00482,0,0,1775974516044,True,True
0,595.93,0.0835,0,0,1775974561048,True,True
0,595.94,0.00042,0,0,1775974561048,True,True
0,595.58,0.03053,0,0,1775974828174,False,True
0,595.67,0.02917,0,0,1775974915194,False,True
0,595.95,0.028,0,0,1775974999916,True,True
0,595.99,0.01956,0,0,1775975025230,True,True
0,595.99,0.0835,0,0,1775975025230,True,True
0,596.0,0.02917,0,0,1775975025230,True,True
0,596.04,0.10209,0,0,1775975025230,True,True
0,595.91,0.00205,0,0,1775975172101,True,True
0,596.11,0.01522,0,0,1775975491586,True,True
0,596.02,0.0835,0,0,1775975500972,False,True
0,595.98,0.0528,0,0,1775975500972,False,True
0,595.94,0.01678,0,0,1775975500972,False,True
0,595.93,0.08124,0,0,1775975500972,False,True
0,596.1,0.0528,0,0,1775975542447,True,True
0,596.11,0.0232,0,0,1775975542447,True,True
0,596.09,0.0835,0,0,1775975573739,False,True
0,596.05,0.0528,0,0,1775975573739,False,True
0,596.0,0.251,0,0,1775975679228,False,True
0,596.08,0.0528,0,0,1775975771797,True,True
0,596.08,0.05118,0,0,1775975771797,True,True
0,595.98,0.02545,0,0,1775975873323,False,True
0,596.0,0.0019,0,0,1775976001333,False,True
0,595.99,0.03669,0,0,1775976001333,False,True
0,596.04,0.02545,0,0,1775976040063,False,True
0,596.04,0.0835,0,0,1775976040063,False,True
0,596.01,0.26406,0,0,1775976040063,False,True
0,596.0,0.09017,0,0,1775976040063,False,True
0,595.97,0.0835,0,0,1775976062507,True,True
0,596.02,0.0528,0,0,1775976062507,True,True
0,596.03,0.0835,0,0,1775976062507,True,True
0,596.06,0.09853,0,0,1775976062507,True,True
0,595.86,0.01175,0,0,1775976125399,True,True
0,595.84,0.0456,0,0,1775976342769,True,True
0,595.76,0.04558,0,0,1775976469023,True,True
0,595.69,0.01036,0,0,1775976549444,False,True
0,595.73,0.22433,0,0,1775976695576,True,True
0,595.75,0.2826,0,0,1775976695576,True,True
0,595.61,0.04065,0,0,1775976860098,True,True
0,595.66,0.03162,0,0,1775976904083,True,True
0,595.31,0.28168,0,0,1775977134989,False,True
0,595.27,0.0528,0,0,1775977134990,False,True
0,595.02,0.28168,0,0,1775977144897,False,True
0,594.49,0.28168,0,0,1775977188620,True,True
0,594.74,0.01664,0,0,1775977206817,True,True
0,594.46,0.03039,0,0,1775977291296,True,True
0,594.44,0.0129,0,0,1775977349462,False,True
0,594.34,0.0835,0,0,1775977403363,True,True
0,594.35,0.0353,0,0,1775977403363,True,True
0,594.42,0.0835,0,0,1775977403363,True,True
0,594.43,0.1191,0,0,1775977403363,True,True
0,594.44,0.04555,0,0,1775977433390,True,True
0,594.35,0.00174,0,0,1775977457919,False,True
0,594.31,0.02793,0,0,1775977482395,False,True
0,594.08,0.04551,0,0,1775977649033,True,True
0,594.01,0.90601,0,0,1775977700142,True,True
0,594.01,0.19666,0,0,1775977700142,True,True
0,594.0,0.21263,0,0,1775977865240,False,True
0,594.01,0.16505,0,0,1775977900332,True,True
0,594.01,0.2066,0,0,1775977903772,True,True
0,594.01,9.61865,0,0,1775977948097,True,True
0,594.01,6.0097,0,0,1775977948106,True,True
0,594.01,0.09106,0,0,1775978074637,False,True
0,594.0,0.79747,0,0,1775978074637,False,True
0,594.05,0.19104,0,0,1775978233416,True,True
0,593.85,0.092,0,0,1775978266487,False,True
0,593.9,0.09904,0,0,1775978285634,False,True
0,593.53,0.0835,0,0,1775978300570,False,True
0,593.22,0.0835,0,0,1775978473900,True,True
0,593.6,0.0893,0,0,1775978473900,True,True
0,593.62,0.01795,0,0,1775978531858,True,True
0,593.64,0.03369,0,0,1775978656340,True,True
0,593.66,0.07045,0,0,1775978678991,True,True
0,593.67,0.0835,0,0,1775978740619,False,True
0,593.6,0.02367,0,0,1775978740619,False,True
0,593.85,0.00407,0,0,1775978832860,False,True
0,593.92,0.02912,0,0,1775978863841,False,True
0,593.92,0.05438,0,0,1775978868770,False,True
0,593.87,0.02912,0,0,1775978868770,False,True
0,593.86,0.0365,0,0,1775978868770,False,True
0,593.83,0.05279,0,0,1775979122733,True,True
0,593.88,0.18021,0,0,1775979122733,True,True
0,593.86,0.2335,0,0,1775979144985,True,True
0,593.87,0.01263,0,0,1775979150640,True,True
0,593.87,0.04223,0,0,1775979164963,True,True
0,593.88,0.13749,0,0,1775979164963,True,True
0,593.93,0.19929,0,0,1775979182471,True,True
0,593.78,0.0835,0,0,1775979223575,False,True
0,593.72,0.32658,0,0,1775979223575,False,True
0,593.71,0.04929,0,0,1775979223575,False,True
0,593.87,0.0101,0,0,1775979253493,True,True
0,593.81,0.0835,0,0,1775979297941,False,True
0,593.76,0.0528,0,0,1775979297941,False,True
0,593.75,0.01498,0,0,1775979297941,False,True
0,594.32,0.0528,0,0,1775979403300,True,True
0,594.39,0.00995,0,0,1775979403300,True,True
0,594.23,0.00847,0,0,1775979455910,False,True
0,594.38,0.02912,0,0,1775979601017,False,True
0,594.45,0.02912,0,0,1775979602770,True,True
0,594.45,0.0835,0,0,1775979602770,True,True
0,594.46,0.03938,0,0,1775979602770,True,True
0,594.7,0.03006,0,0,1775980018479,True,True
0,594.66,0.04245,0,0,1775980069646,True,True
0,594.52,0.01246,0,0,1775980071181,False,True
0,594.56,0.03006,0,0,1775980174844,False,True
0,594.37,0.01339,0,0,1775980185231,False,True
0,594.6,0.00313,0,0,1775980304298,False,True
0,594.87,0.02191,0,0,1775980659042,True,True
0,594.91,0.03007,0,0,1775980696641,True,True
0,594.92,0.16093,0,0,1775980696641,True,True
0,594.84,0.0528,0,0,1775980711490,False,True
0,594.77,0.0122,0,0,1775980711490,False,True
0,594.79,0.25315,0,0,1775980750711,True,True
0,594.38,0.0835,0,0,1775980794562,False,True
0,594.36,0.15782,0,0,1775980794562,False,True
0,594.37,0.028,0,0,1775980913965,True,True
0,594.28,0.06999,0,0,1775981077610,False,True
0,594.47,0.03879,0,0,1775981121314,True,True
0,594.48,0.24989,0,0,1775981210115,True,True
0,594.59,0.0528,0,0,1775981210115,True,True
0,594.6,0.07931,0,0,1775981210115,True,True
0,594.57,0.14729,0,0,1775981337912,True,True
0,594.57,0.0835,0,0,1775981337912,True,True
0,594.59,0.46278,0,0,1775981337912,True,True
0,594.17,0.02223,0,0,1775981373837,False,True
0,594.34,0.00834,0,0,1775981463824,False,True
0,594.28,0.0049,0,0,1775981463824,False,True
0,594.12,0.03057,0,0,1775981667829,True,True
0,594.15,0.13258,0,0,1775981667829,True,True
0,594.58,0.02981,0,0,1775982022367,True,True
0,594.51,0.01805,0,0,1775982038480,False,True
0,594.9,0.07,0,0,1775982226855,True,True
0,594.83,0.051,0,0,1775982230786,False,True
0,594.82,0.00403,0,0,1775982283328,False,True
0,594.89,0.13749,0,0,1775982297892,True,True
0,594.87,0.04474,0,0,1775982305842,False,True
0,594.77,0.0835,0,0,1775982305842,False,True
0,594.75,0.20966,0,0,1775982305842,False,True
0,594.78,0.0835,0,0,1775982308169,False,True
0,594.77,0.0835,0,0,1775982405569,False,True
0,594.76,0.0575,0,0,1775982405569,False,True
0,594.98,0.00205,0,0,1775982604136,True,True
0,594.86,0.09965,0,0,1775982614281,False,True
0,594.86,0.169,0,0,1775982620503,False,True
0,594.89,0.00897,0,0,1775982622715,True,True
0,594.81,0.007,0,0,1775982632500,False,True
0,594.49,0.03362,0,0,1775982870462,False,True
0,594.48,0.03373,0,0,1775983022832,True,True
0,594.5,0.00227,0,0,1775983022832,True,True
0,594.47,0.0835,0,0,1775983070892,False,True
0,594.44,0.0005,0,0,1775983070892,False,True
0,594.54,0.02309,0,0,1775983104933,False,True
0,594.64,0.02084,0,0,1775983201155,False,True
0,594.69,0.01645,0,0,1775983202774,True,True
0,594.59,0.11222,0,0,1775983365882,False,True
0,594.53,0.03378,0,0,1775983365882,False,True
0,594.52,0.0883,0,0,1775983365882,False,True
0,594.54,0.02757,0,0,1775983432322,True,True
0,594.54,0.00841,0,0,1775983501293,True,True
0,594.53,0.02981,0,0,1775983566838,False,True
0,593.83,0.02981,0,0,1775983691383,True,True
0,593.94,0.01478,0,0,1775983691383,True,True
0,593.8,0.02211,0,0,1775983784222,True,True
0,593.81,0.01959,0,0,1775983784222,True,True
0,593.9,0.01959,0,0,1775983954686,False,True
0,593.89,0.0528,0,0,1775983954686,False,True
0,593.86,0.01684,0,0,1775983954686,False,True
0,593.85,0.01077,0,0,1775983954686,False,True
0,593.89,0.04495,0,0,1775984218984,True,True
0,593.86,0.16838,0,0,1775984404756,True,True
0,593.86,0.12019,0,0,1775984422946,True,True
0,593.88,0.0528,0,0,1775984422946,True,True
0,593.89,0.06001,0,0,1775984422946,True,True
0,593.77,0.07098,0,0,1775984476410,True,True
0,593.55,0.03263,0,0,1775984709991,True,True
0,593.38,0.08877,0,0,1775984739579,True,True
0,593.41,0.008,0,0,1775984766386,True,True
0,593.47,0.075,0,0,1775984776112,True,True
0,593.29,0.0835,0,0,1775984812551,False,True
0,593.26,0.014,0,0,1775984812551,False,True
0,593.89,0.014,0,0,1775985099144,True,True
0,593.89,0.01557,0,0,1775985099144,True,True
0,593.9,0.23335,0,0,1775985115281,True,True
0,593.9,0.0835,0,0,1775985115281,True,True
0,594.07,0.11842,0,0,1775985266569,True,True
0,594.61,0.02261,0,0,1775985891019,True,True
0,594.61,0.01665,0,0,1775985892042,True,True
0,594.53,0.04459,0,0,1775985964993,False,True
0,594.61,0.123,0,0,1775985971636,True,True
0,594.4,0.0235,0,0,1775986202896,True,True
0,594.36,0.08,0,0,1775986340711,False,True
0,594.36,0.03263,0,0,1775986384353,False,True
0,594.44,0.03152,0,0,1775986417305,False,True
0,594.37,0.07877,0,0,1775986621095,True,True
0,594.51,0.02185,0,0,1775986800980,False,True
0,594.4,0.02128,0,0,1775986985126,False,True
0,594.4,0.0835,0,0,1775986985126,False,True
0,594.39,0.52192,0,0,1775986985126,False,True
0,594.38,0.01722,0,0,1775986985126,False,True
0,594.24,0.05279,0,0,1775987056933,True,True
0,594.24,0.05368,0,0,1775987056933,True,True
0,594.49,0.00326,0,0,1775987185695,True,True
0,594.32,0.0528,0,0,1775987197154,False,True
0,594.32,0.05367,0,0,1775987197154,False,True
0,593.9,0.52504,0,0,1775987339711,False,True
0,593.94,0.0528,0,0,1775987575116,True,True
0,593.96,0.1002,0,0,1775987575116,True,True
0,594.01,0.00417,0,0,1775987634168,True,True
0,594.0,0.21532,0,0,1775987648944,True,True
0,594.04,0.168,0,0,1775987719303,True,True
0,594.0,0.03514,0,0,1775987801665,True,True
0,594.02,0.97492,0,0,1775987801665,True,True
0,594.06,0.0835,0,0,1775987826881,True,True
0,594.09,0.0715,0,0,1775987826881,True,True
0,593.55,0.52192,0,0,1775988026342,False,True
0,593.55,0.17394,0,0,1775988026342,False,True
0,593.54,0.87947,0,0,1775988026342,False,True
0,593.51,0.0528,0,0,1775988026351,False,True
0,593.47,0.36045,0,0,1775988026351,False,True
0,593.47,0.27185,0,0,1775988026352,False,True
0,593.28,0.0213,0,0,1775988031885,True,True
0,593.89,0.02725,0,0,1775988411439,True,True
0,594.66,0.0835,0,0,1775988919853,False,True
0,594.62,0.04855,0,0,1775988919853,False,True
0,594.61,0.12295,0,0,1775988919853,False,True
0,595.43,0.0244,0,0,1775989207709,True,True
0,595.2,0.004,0,0,1775989272949,True,True
0,595.22,0.14801,0,0,1775989272949,True,True
0,595.13,0.00995,0,0,1775989292868,False,True
0,595.73,0.0244,0,0,1775989571487,True,True
0,595.74,0.07969,0,0,1775989571487,True,True
0,595.69,0.033,0,0,1775989711867,False,True
0,595.51,0.0528,0,0,1775989861512,False,True
0,595.47,0.02842,0,0,1775989861512,False,True
0,595.54,0.01663,0,0,1775989863634,True,True
0,595.45,0.00328,0,0,1775990031307,True,True
0,595.25,0.04624,0,0,1775990078795,True,True
0,595.27,0.04112,0,0,1775990078795,True,True
0,594.87,0.00544,0,0,1775990225332,True,True
0,594.62,0.02263,0,0,1775990401180,False,True
0,594.62,0.00996,0,0,1775990587773,False,True
0,594.52,0.0835,0,0,1775990607338,False,True
0,594.5,0.02352,0,0,1775990607338,False,True
0,594.43,0.084,0,0,1775990749225,False,True
0,594.32,0.00248,0,0,1775990912564,False,True
0,594.31,0.03752,0,0,1775990912564,False,True
0,594.64,0.02352,0,0,1775991150120,False,True
0,594.62,0.0835,0,0,1775991150120,False,True
0,594.55,0.06161,0,0,1775991150120,False,True
0,594.55,0.01682,0,0,1775991150120,False,True
0,594.54,0.0488,0,0,1775991150120,False,True
0,594.56,0.00212,0,0,1775991160829,True,True
0,593.7,0.01684,0,0,1775991279634,False,True
0,593.39,8.5799,0,0,1775991280053,False,True
0,593.6,0.00716,0,0,1775991906576,True,True
0,593.92,0.00928,0,0,1775991977651,False,True
0,594.7,0.03848,0,0,1775992065825,True,True
0,594.76,0.01538,0,0,1775992065825,True,True
0,594.65,0.01661,0,0,1775992300703,True,True
0,594.55,0.01645,0,0,1775992377221,True,True
0,595.02,0.00163,0,0,1775992573793,True,True
0,594.9,0.03977,0,0,1775992580359,False,True
0,595.12,0.48846,0,0,1775992610170,True,True
0,595.13,0.0835,0,0,1775992610170,True,True
0,595.13,0.23604,0,0,1775992610170,True,True
0,594.96,0.03794,0,0,1775992619503,False,True
0,595.03,0.0233,0,0,1775992652451,True,True
0,595.04,0.0835,0,0,1775992804402,False,True
0,594.99,0.04564,0,0,1775992804402,False,True
0,594.97,0.01679,0,0,1775992843359,True,True
0,594.97,0.036,0,0,1775992936867,True,True
0,594.97,0.11751,0,0,1775992960905,True,True
0,594.97,0.01273,0,0,1775992973611,True,True
0,594.97,0.02216,0,0,1775993289648,True,True
0,594.96,0.0835,0,0,1775993354799,False,True
0,594.94,0.0835,0,0,1775993356822,False,True
0,594.92,0.52192,0,0,1775993356822,False,True
0,594.9,0.19314,0,0,1775993356822,False,True
0,594.88,0.0835,0,0,1775993357851,False,True
0,594.86,0.3825,0,0,1775993357851,False,True
0,594.97,0.00987,0,0,1775993426924,True,True
0,595.1,0.0835,0,0,1775993484078,False,True
0,595.09,0.11356,0,0,1775993484078,False,True
0,594.81,0.0528,0,0,1775993827737,True,True
0,594.82,0.03224,0,0,1775993827737,True,True
0,595.13,0.00166,0,0,1775993984033,True,True
0,595.05,0.01716,0,0,1775994000982,False,True
0,595.35,0.02822,0,0,1775994179932,True,True
0,595.23,0.03859,0,0,1775994195136,True,True
0,595.19,0.008,0,0,1775994285057,False,True
0,595.33,0.008,0,0,1775994306053,False,True
0,595.33,0.0368,0,0,1775994397383,False,True
0,595.28,1.08371,0,0,1775994397383,False,True
0,595.39,0.04411,0,0,1775994422093,True,True
0,595.32,0.008,0,0,1775994673590,False,True
0,595.31,0.02022,0,0,1775994673590,False,True
0,595.31,0.04655,0,0,1775994699193,True,True
0,595.55,0.04411,0,0,1775994825204,False,True
0,595.62,0.02236,0,0,1775994856041,True,True
0,595.57,0.06,0,0,1775995000852,False,True
0,595.65,0.03553,0,0,1775995061719,False,True
0,595.66,0.01789,0,0,1775995079863,True,True
0,595.68,0.01702,0,0,1775995136197,True,True
0,595.69,0.01446,0,0,1775995136197,True,True
0,595.62,0.03148,0,0,1775995153501,False,True
0,595.35,0.00205,0,0,1775995225570,False,True
0,595.27,0.01789,0,0,1775995287920,True,True
0,595.28,0.00771,0,0,1775995287920,True,True
0,595.28,0.07579,0,0,1775995288517,True,True
0,595.32,0.11956,0,0,1775995288517,True,True
0,595.34,0.73665,0,0,1775995288517,True,True
0,595.24,0.02535,0,0,1775995309271,False,True
0,595.33,0.04412,0,0,1775995335586,True,True
0,595.24,0.10232,0,0,1775995337352,False,True
0,595.19,0.13862,0,0,1775995337352,False,True
0,595.02,0.0528,0,0,1775995418271,False,True
0,595.02,0.0835,0,0,1775995418271,False,True
0,595.0,0.04432,0,0,1775995418271,False,True
0,595.03,0.0835,0,0,1775995427942,False,True
0,595.02,0.0835,0,0,1775995427942,False,True
0,594.98,0.18738,0,0,1775995427942,False,True
0,594.98,0.08623,0,0,1775995427942,False,True
0,595.13,0.0528,0,0,1775995451982,True,True
0,595.13,0.0835,0,0,1775995451982,True,True
0,595.14,0.0835,0,0,1775995451982,True,True
0,595.16,0.48328,0,0,1775995451982,True,True
0,595.19,1.37403,0,0,1775995451982,True,True
0,595.06,0.084,0,0,1775995666558,True,True
0,594.96,0.045,0,0,1775995803947,False,True
0,594.96,0.04412,0,0,1775995813014,False,True
0,594.99,0.04048,0,0,1775995814373,False,True
0,595.1,0.02464,0,0,1775995853739,False,True
0,595.1,0.05936,0,0,1775995853739,False,True
0,595.23,0.0835,0,0,1775995854944,True,True
0,595.26,0.0528,0,0,1775995854944,True,True
0,595.27,0.08881,0,0,1775995854944,True,True
0,595.16,0.00165,0,0,1775996157041,True,True
0,594.69,0.0835,0,0,1775996191542,False,True
0,594.67,0.0528,0,0,1775996191542,False,True
0,594.66,0.52192,0,0,1775996191542,False,True
0,594.65,0.16078,0,0,1775996191542,False,True
0,594.71,0.0528,0,0,1775996286731,True,True
0,594.74,0.11005,0,0,1775996286731,True,True
0,594.97,0.156,0,0,1775996402817,True,True
0,595.0,0.00685,0,0,1775996408026,True,True
0,594.83,0.02847,0,0,1775996432888,False,True
0,594.92,0.064,0,0,1775996556462,True,True
0,594.92,0.0528,0,0,1775996616068,False,True
0,594.89,0.00606,0,0,1775996616068,False,True
0,595.04,0.0528,0,0,1775996650746,True,True
0,595.04,0.0835,0,0,1775996650746,True,True
0,595.05,0.43955,0,0,1775996650746,True,True
0,595.07,0.99041,0,0,1775996650746,True,True
0,595.17,0.015,0,0,1775996952575,False,True
0,594.9,0.18009,0,0,1775997183092,False,True
0,594.88,0.13038,0,0,1775997183092,False,True
0,594.88,0.2058,0,0,1775997197232,False,True
0,594.52,0.015,0,0,1775997199495,True,True
0,594.53,0.04013,0,0,1775997199495,True,True
0,594.96,0.0835,0,0,1775997390470,True,True
0,594.97,0.05186,0,0,1775997390470,True,True
0,594.96,0.0835,0,0,1775997411348,True,True
0,594.97,0.90601,0,0,1775997411348,True,True
0,594.98,0.73456,0,0,1775997411348,True,True
0,595.24,0.0835,0,0,1775997513318,True,True
0,595.25,0.26929,0,0,1775997513318,True,True
0,595.18,0.0835,0,0,1775997552903,False,True
0,595.14,0.52192,0,0,1775997552903,False,True
0,595.12,0.0835,0,0,1775997552903,False,True
0,595.11,0.0168,0,0,1775997552903,False,True
0,595.1,0.62676,0,0,1775997552903,False,True
0,595.08,0.19656,0,0,1775997552903,False,True
0,595.08,0.07791,0,0,1775997552903,False,True
0,595.21,0.0835,0,0,1775997573755,False,True
0,595.2,1.52345,0,0,1775997573755,False,True
0,595.22,0.02331,0,0,1775997600990,False,True
0,595.47,0.0835,0,0,1775997793512,True,True
0,595.52,0.01233,0,0,1775997793512,True,True
0,595.52,0.04117,0,0,1775997793512,True,True
0,595.61,0.48075,0,0,1775997920475,True,True
0,595.62,0.00116,0,0,1775997920475,True,True
0,595.56,0.02854,0,0,1775998003630,True,True
0,595.3,0.0835,0,0,1775998351341,False,True
0,595.29,0.0528,0,0,1775998351341,False,True
0,595.29,0.0168,0,0,1775998351341,False,True
0,595.28,0.08785,0,0,1775998351341,False,True
0,594.66,0.0723,0,0,1775998367043,False,True
0,593.28,0.0835,0,0,1775998370463,False,True
0,593.24,0.01685,0,0,1775998370463,False,True
0,593.22,0.0835,0,0,1775998370463,False,True
0,593.16,0.1651,0,0,1775998370463,False,True
0,593.16,0.34895,0,0,1775998370484,False,True
0,593.16,0.34895,0,0,1775998370749,False,True
0,593.17,0.01686,0,0,1775998371014,False,True
0,593.17,0.0835,0,0,1775998371014,False,True
0,593.17,0.09649,0,0,1775998371014,False,True
0,593.17,0.19685,0,0,1775998371031,False,True
0,593.2,0.0835,0,0,1775998371261,False,True
0,593.18,0.01686,0,0,1775998371261,False,True
0,593.17,0.06843,0,0,1775998371261,False,True
0,593.16,0.82288,0,0,1775998371261,False,True
0,593.09,0.09649,0,0,1775998371261,False,True
0,593.2,0.0835,0,0,1775998371280,False,True
0,592.98,0.0835,0,0,1775998371280,False,True
0,592.95,0.80781,0,0,1775998371280,False,True
0,593.33,0.0528,0,0,1775998543116,True,True
0,593.37,0.1002,0,0,1775998543116,True,True
0,593.64,0.0835,0,0,1775998645063,True,True
0,593.65,0.42172,0,0,1775998645063,True,True
0,593.66,0.05184,0,0,1775998645063,True,True
0,593.28,0.0411,0,0,1775998671611,True,True
0,593.37,0.03005,0,0,1775998786174,True,True
0,593.44,0.026,0,0,1775998789053,True,True
0,593.33,0.00519,0,0,1775998790306,False,True
0,593.1,0.0528,0,0,1775998824557,False,True
0,593.09,0.52192,0,0,1775998824557,False,True
0,592.57,0.17243,0,0,1775998875436,False,True
0,592.55,0.5257,0,0,1775998875438,False,True
0,592.55,0.495,0,0,1775998875439,False,True
0,592.55,0.495,0,0,1775998875439,False,True
0,592.55,0.17191,0,0,1775998875439,False,True
0,592.54,0.52192,0,0,1775998875439,False,True
0,592.51,0.495,0,0,1775998875441,False,True
0,592.51,0.09825,0,0,1775998875442,False,True
0,591.0,0.0835,0,0,1775998876088,False,True
0,590.94,0.0835,0,0,1775998876088,False,True
0,590.88,0.0835,0,0,1775998876088,False,True
0,590.85,0.01692,0,0,1775998876088,False,True
0,590.84,0.10538,0,0,1775998876088,False,True
0,591.03,1.69194,0,0,1775998876115,False,True
0,590.84,0.1,0,0,1775998876115,False,True
0,590.97,0.0835,0,0,1775998876326,False,True
0,590.86,0.01692,0,0,1775998876326,False,True
0,590.85,0.15008,0,0,1775998876326,False,True
0,590.86,0.01692,0,0,1775998876353,False,True
0,590.86,0.0835,0,0,1775998876353,False,True
0,590.85,1.47477,0,0,1775998876353,False,True
0,591.33,0.52192,0,0,1775998878124,True,True
0,593.08,0.0835,0,0,1775999360414,True,True
0,593.09,0.0085,0,0,1775999360414,True,True
0,593.12,0.01634,0,0,1775999366968,True,True
0,593.21,0.04418,0,0,1775999381870,True,True
0,592.84,0.00311,0,0,1775999416675,True,True
0,592.91,0.17537,0,0,1775999416675,True,True
0,592.31,0.0835,0,0,1775999556208,True,True
0,592.34,0.02484,0,0,1775999556208,True,True
0,592.35,0.0835,0,0,1775999556208,True,True
0,592.39,0.19916,0,0,1775999556208,True,True
0,592.33,0.38337,0,0,1775999566761,True,True
0,592.37,1.68813,0,0,1775999566761,True,True
0,592.43,0.19797,0,0,1775999566761,True,True
0,592.38,0.046,0,0,1775999577210,True,True
0,592.39,0.044,0,0,1775999577210,True,True
0,592.26,0.04401,0,0,1775999694735,True,True
0,592.14,0.036,0,0,1775999722816,True,True
0,592.36,0.03931,0,0,1775999744835,True,True
0,592.26,0.0032,0,0,1775999779433,False,True
0,592.58,0.0835,0,0,1775999893036,True,True
0,592.61,0.05655,0,0,1775999893036,True,True
0,592.63,0.27354,0,0,1775999893036,True,True
0,592.85,0.0222,0,0,1775999979873,True,True
0,592.73,0.0835,0,0,1775999982988,False,True
0,592.7,0.00012,0,0,1775999982988,False,True
0,592.72,0.05256,0,0,1775999985187,False,True
0,592.71,0.03182,0,0,1775999985187,False,True
0,592.75,0.0165,0,0,1775999989749,True,True
0,592.75,0.0044,0,0,1776000020392,True,True
0,592.75,0.01092,0,0,1776000031180,True,True
0,592.97,0.39,0,0,1776000223647,True,True
0,593.14,0.03869,0,0,1776000253096,True,True
0,593.01,0.05268,0,0,1776000335160,True,True
0,593.01,0.01212,0,0,1776000335160,True,True
0,592.99,0.03372,0,0,1776000404221,False,True
0,592.93,0.0835,0,0,1776000422318,True,True
0,592.96,1.68645,0,0,1776000422318,True,True
0,592.99,0.0835,0,0,1776000422318,True,True
0,593.05,0.19212,0,0,1776000422318,True,True
0,592.84,0.03372,0,0,1776000481509,False,True
0,592.6,0.03373,0,0,1776000564254,True,True
0,592.66,0.01182,0,0,1776000564254,True,True
0,592.62,0.01057,0,0,1776000589194,True,True
0,592.54,0.077,0,0,1776000619778,True,True
0,592.36,0.0835,0,0,1776000634834,False,True
0,592.35,0.15866,0,0,1776000634834,False,True
0,592.54,0.0835,0,0,1776000773564,True,True
0,592.55,0.0695,0,0,1776000773564,True,True
0,592.76,0.189,0,0,1776000984154,True,True
0,592.77,0.0835,0,0,1776001007553,False,True
0,592.74,0.0528,0,0,1776001007553,False,True
0,592.73,0.03613,0,0,1776001007553,False,True
0,592.08,0.0528,0,0,1776001081763,True,True
0,592.14,0.0835,0,0,1776001081763,True,True
0,592.17,0.2387,0,0,1776001081763,True,True
0,592.05,0.04219,0,0,1776001201151,False,True
0,592.11,0.0835,0,0,1776001222791,True,True
0,592.12,1.68884,0,0,1776001222791,True,True
0,592.14,1.60449,0,0,1776001222791,True,True
0,592.0,0.05,0,0,1776001246636,False,True
0,591.83,0.0528,0,0,1776001246636,False,True
0,591.82,0.0835,0,0,1776001246636,False,True
0,591.8,0.0169,0,0,1776001246636,False,True
0,591.75,0.48579,0,0,1776001246636,False,True
0,591.74,0.0835,0,0,1776001246636,False,True
0,591.74,0.12751,0,0,1776001246636,False,True
0,592.25,0.19071,0,0,1776001600642,False,True
0,591.88,0.0528,0,0,1776001705050,True,True
0,591.93,0.26096,0,0,1776001705050,True,True
0,591.94,0.55724,0,0,1776001705050,True,True
0,592.19,0.0835,0,0,1776001775578,False,True
0,592.16,0.01688,0,0,1776001775578,False,True
0,592.15,0.0528,0,0,1776001775578,False,True
0,592.15,1.68876,0,0,1776001775578,False,True
0,592.14,0.18581,0,0,1776001775578,False,True
0,592.13,0.0835,0,0,1776001775578,False,True
0,592.08,0.63783,0,0,1776001775578,False,True
0,592.07,0.0835,0,0,1776001775578,False,True
0,592.07,0.51723,0,0,1776001775578,False,True
0,591.63,0.00295,0,0,1776002045378,False,True
0,591.58,0.01758,0,0,1776002078342,True,True
0,591.62,0.01182,0,0,1776002097108,True,True
0,591.26,0.0835,0,0,1776002143126,False,True
0,591.22,0.26096,0,0,1776002143126,False,True
0,591.21,1.69143,0,0,1776002143126,False,True
0,591.21,0.19361,0,0,1776002143126,False,True
0,591.2,0.03734,0,0,1776002143126,False,True
0,591.53,0.00819,0,0,1776002169292,True,True
0,591.65,0.0835,0,0,1776002196322,True,True
0,591.67,0.0528,0,0,1776002196322,True,True
0,591.7,0.02885,0,0,1776002196322,True,True
0,591.51,0.406,0,0,1776002306777,True,True
0,591.7,0.084,0,0,1776002668191,False,True
0,591.79,0.01673,0,0,1776002732915,True,True
0,591.98,0.06,0,0,1776002867474,True,True
0,592.56,0.044,0,0,1776002977491,True,True
0,592.26,0.01672,0,0,1776003072033,True,True
0,592.15,0.0528,0,0,1776003105682,False,True
0,592.15,0.0835,0,0,1776003105682,False,True
0,592.14,0.0317,0,0,1776003105682,False,True
0,592.37,0.0528,0,0,1776003110979,True,True
0,592.42,0.1627,0,0,1776003110979,True,True
0,592.43,0.1755,0,0,1776003110979,True,True
0,592.07,0.01812,0,0,1776003151455,False,True
0,592.14,0.01656,0,0,1776003186935,False,True
0,591.94,0.24228,0,0,1776003306103,False,True
0,592.23,0.075,0,0,1776003450856,False,True
0,592.66,0.028,0,0,1776003505015,True,True
0,592.57,0.054,0,0,1776003518070,True,True
0,592.29,0.041,0,0,1776003643897,True,True
0,592.29,0.01652,0,0,1776003648443,True,True
0,592.64,0.0835,0,0,1776003842239,True,True
0,592.65,0.13553,0,0,1776003842239,True,True
0,592.54,0.06601,0,0,1776003920256,True,True
0,592.64,0.02506,0,0,1776004048034,True,True
0,592.43,0.0835,0,0,1776004086178,False,True
0,592.4,0.04612,0,0,1776004086178,False,True
0,592.38,0.01688,0,0,1776004086178,False,True
0,592.38,0.0635,0,0,1776004086178,False,True
0,592.52,0.02854,0,0,1776004175288,False,True
0,592.67,0.0528,0,0,1776004213327,True,True
0,592.71,0.0635,0,0,1776004213327,True,True
0,592.74,0.2737,0,0,1776004213327,True,True
0,592.67,0.02009,0,0,1776004245170,False,True
0,592.13,0.02765,0,0,1776004310906,True,True
0,591.98,0.0835,0,0,1776004403042,False,True
0,591.93,0.0528,0,0,1776004403042,False,True
0,591.92,0.0835,0,0,1776004403042,False,True
0,591.91,0.01689,0,0,1776004403042,False,True
0,591.9,1.40494,0,0,1776004403042,False,True
0,592.15,0.01156,0,0,1776004431030,True,True
0,591.89,0.01156,0,0,1776004474019,False,True
0,591.88,0.00015,0,0,1776004474019,False,True
0,591.85,0.02445,0,0,1776004500252,False,True
0,591.79,0.00503,0,0,1776004572663,False,True
0,591.87,0.0019,0,0,1776004584344,True,True
0,591.84,0.0835,0,0,1776004708701,False,True
0,591.83,0.1275,0,0,1776004708701,False,True
0,591.58,0.0835,0,0,1776004741453,True,True
0,591.6,0.04124,0,0,1776004741453,True,True
0,591.66,0.37526,0,0,1776004741453,True,True
0,591.2,0.04124,0,0,1776004800964,False,True
0,591.17,0.02916,0,0,1776004800964,False,True
0,591.26,0.00948,0,0,1776004879522,True,True
0,590.91,0.00239,0,0,1776004909089,True,True
0,590.72,0.0835,0,0,1776004916470,True,True
0,590.72,0.1371,0,0,1776004916470,True,True
0,590.72,0.90601,0,0,1776004916470,True,True
0,590.72,0.00931,0,0,1776004916470,True,True
0,590.71,0.28058,0,0,1776004944193,False,True
0,590.07,0.00931,0,0,1776004956242,False,True
0,589.94,0.079,0,0,1776004979281,True,True
0,589.6,0.02439,0,0,1776004990606,True,True
0,589.85,0.01,0,0,1776005047603,False,True
0,589.76,0.08291,0,0,1776005062601,True,True
0,589.57,0.00439,0,0,1776005133846,False,True
0,589.52,0.33561,0,0,1776005133846,False,True
0,589.95,0.00332,0,0,1776005169401,True,True
0,589.29,0.02422,0,0,1776005256949,False,True
0,589.33,0.0428,0,0,1776005257356,True,True
0,589.34,0.2098,0,0,1776005257381,True,True
0,589.58,0.0835,0,0,1776005418725,False,True
0,589.54,0.01696,0,0,1776005418725,False,True
0,589.54,0.0528,0,0,1776005418725,False,True
0,589.53,1.55674,0,0,1776005418725,False,True
0,589.92,0.075,0,0,1776005503561,False,True
0,590.04,0.03315,0,0,1776005569852,True,True
0,589.78,0.02,0,0,1776005600361,True,True
0,589.56,0.0835,0,0,1776005627846,False,True
0,589.55,0.06131,0,0,1776005683963,False,True
0,589.39,0.09882,0,0,1776005683963,False,True
0,589.39,0.01696,0,0,1776005683963,False,True
0,589.38,0.06624,0,0,1776005683963,False,True
0,589.34,0.0528,0,0,1776005723977,True,True
0,589.42,0.2612,0,0,1776005723977,True,True
0,589.59,0.01696,0,0,1776005727178,True,True
0,590.29,0.02769,0,0,1776005816485,False,True
0,590.4,0.00346,0,0,1776005870797,False,True
0,590.29,0.03114,0,0,1776006004556,True,True
0,590.29,0.01919,0,0,1776006004556,True,True
0,590.46,0.10605,0,0,1776006068024,True,True
0,590.61,0.18897,0,0,1776006160152,True,True
0,590.68,0.0519,0,0,1776006218859,False,True
0,590.62,0.0835,0,0,1776006279497,False,True
0,590.62,0.04934,0,0,1776006279497,False,True
0,590.58,0.02364,0,0,1776006279497,False,True
0,590.64,0.02364,0,0,1776006340252,True,True
0,590.71,0.04934,0,0,1776006340252,True,True
0,590.72,0.42702,0,0,1776006340252,True,True
0,590.6,0.00472,0,0,1776006426312,False,True
0,590.91,0.0835,0,0,1776006616903,True,True
0,590.92,0.9165,0,0,1776006616903,True,True
0,591.13,0.02299,0,0,1776006641851,True,True
0,591.18,0.0835,0,0,1776006726942,False,True
0,591.13,0.0528,0,0,1776006726942,False,True
0,591.12,0.30693,0,0,1776006726942,False,True
0,591.11,0.01625,0,0,1776006726942,False,True
0,591.15,0.247,0,0,1776006788975,False,True
0,591.1,0.0835,0,0,1776007237857,True,True
0,591.13,0.0528,0,0,1776007237857,True,True
0,591.15,0.37752,0,0,1776007237857,True,True
0,591.14,0.041,0,0,1776007314812,True,True
0,591.07,0.0426,0,0,1776007342373,False,True
0,590.77,0.00953,0,0,1776007418889,True,True
0,590.96,0.04189,0,0,1776007447036,True,True
0,590.96,0.0169,0,0,1776007568714,True,True
0,590.89,0.00855,0,0,1776007655267,True,True
0,590.83,0.03742,0,0,1776007678428,True,True
0,590.86,0.00358,0,0,1776007678428,True,True
0,590.78,0.00328,0,0,1776007717445,True,True
0,590.82,0.01692,0,0,1776007802732,False,True
0,590.65,0.21893,0,0,1776007802732,False,True
0,590.83,0.0835,0,0,1776007923674,False,True
0,590.79,0.05208,0,0,1776007923674,False,True
0,590.77,0.70649,0,0,1776007923674,False,True
0,590.83,0.02839,0,0,1776008007469,False,True
0,590.85,0.0528,0,0,1776008142876,True,True
0,590.92,0.00687,0,0,1776008142876,True,True
0,590.82,0.04014,0,0,1776008148552,False,True
0,590.83,0.0489,0,0,1776008152539,False,True
0,590.82,0.19386,0,0,1776008152539,False,True
0,591.04,0.909,0,0,1776008219177,True,True
0,590.89,0.01266,0,0,1776008253261,False,True
0,590.84,0.02116,0,0,1776008253261,False,True
0,591.06,0.03464,0,0,1776008401037,False,True
0,591.14,0.036,0,0,1776008418652,True,True
0,591.06,0.0835,0,0,1776008503413,False,True
0,591.04,0.47285,0,0,1776008503413,False,True
0,591.55,0.0835,0,0,1776008731696,False,True
0,591.54,0.68307,0,0,1776008731696,False,True
0,591.67,0.00331,0,0,1776008731697,True,True
0,591.71,0.0528,0,0,1776008764598,True,True
0,591.72,0.1812,0,0,1776008764598,True,True
0,591.77,0.0835,0,0,1776008770360,True,True
0,591.78,0.25446,0,0,1776008770360,True,True
0,591.78,0.0045,0,0,1776008777295,True,True
0,591.77,0.33796,0,0,1776008778775,True,True
0,591.86,0.01681,0,0,1776009081015,True,True
0,592.15,0.0528,0,0,1776009294463,False,True
0,592.14,0.0692,0,0,1776009294463,False,True
0,591.98,0.02129,0,0,1776009410877,False,True
0,592.0,0.1579,0,0,1776009468012,False,True
0,591.99,0.8521,0,0,1776009468012,False,True
0,592.11,0.26095,0,0,1776009471355,True,True
0,592.11,0.07683,0,0,1776009471355,True,True
0,591.62,0.01466,0,0,1776009534771,False,True
0,591.62,0.00852,0,0,1776009544841,False,True
0,591.73,0.04339,0,0,1776009552871,True,True
0,591.94,0.00166,0,0,1776009600075,True,True
0,591.73,0.04506,0,0,1776009669739,False,True
0,591.68,0.20082,0,0,1776009669739,False,True
0,592.09,0.036,0,0,1776009800980,False,True
0,592.13,0.05897,0,0,1776009805259,True,True
0,592.57,0.00596,0,0,1776009890036,True,True
0,592.09,0.00828,0,0,1776010053161,True,True
0,592.08,0.38179,0,0,1776010100785,False,True
0,592.09,0.01188,0,0,1776010142122,True,True
0,592.11,0.03629,0,0,1776010232635,False,True
0,592.17,0.008,0,0,1776010245244,True,True
0,592.11,0.01216,0,0,1776010285436,False,True
0,592.38,0.0033,0,0,1776010331758,True,True
0,592.55,0.00409,0,0,1776010342292,True,True
0,592.6,0.0186,0,0,1776010426912,True,True
0,592.6,0.0835,0,0,1776010426912,True,True
0,592.61,0.06303,0,0,1776010426912,True,True
0,592.41,0.02318,0,0,1776010547796,True,True
0,592.42,0.09791,0,0,1776010547796,True,True
0,592.46,0.17591,0,0,1776010547796,True,True
0,592.37,0.00254,0,0,1776010572678,False,True
0,592.44,0.045,0,0,1776010655756,True,True
0,592.41,0.02267,0,0,1776010678048,True,True
0,592.17,0.0835,0,0,1776010732449,True,True
0,592.22,0.2492,0,0,1776010732449,True,True
0,592.09,0.0103,0,0,1776010811251,True,True
0,592.08,0.46269,0,0,1776010889624,False,True
0,591.76,0.0835,0,0,1776010937092,True,True
0,591.77,0.90601,0,0,1776010937092,True,True
0,591.78,0.31841,0,0,1776010937092,True,True
0,591.94,0.04324,0,0,1776010956017,True,True
0,591.94,0.076,0,0,1776010973371,True,True
0,592.05,0.1071,0,0,1776011015419,True,True
0,592.15,0.04244,0,0,1776011134439,True,True
0,592.03,0.02488,0,0,1776011146807,False,True
0,592.12,0.01904,0,0,1776011158793,True,True
0,592.12,0.01123,0,0,1776011232937,True,True
0,592.02,0.02208,0,0,1776011243179,False,True
0,591.96,0.0835,0,0,1776011243179,False,True
0,591.91,0.12737,0,0,1776011243179,False,True
0,592.16,0.02792,0,0,1776011270185,True,True
0,592.17,0.12737,0,0,1776011270185,True,True
0,592.18,0.01358,0,0,1776011270185,True,True
0,592.21,0.0835,0,0,1776011338332,True,True
0,592.22,0.90601,0,0,1776011338332,True,True
0,592.23,1.68853,0,0,1776011338332,True,True
0,592.27,0.0835,0,0,1776011338332,True,True
0,592.3,1.29846,0,0,1776011338332,True,True
0,592.23,0.39306,0,0,1776011442717,True,True
0,592.21,0.01904,0,0,1776011530641,True,True
0,592.21,0.03129,0,0,1776011543681,True,True
0,592.09,0.01513,0,0,1776011631401,True,True
0,591.63,0.0835,0,0,1776011929132,False,True
0,591.6,0.00313,0,0,1776011929132,False,True
0,591.62,0.04654,0,0,1776011939731,False,True
0,591.61,0.0835,0,0,1776011939731,False,True
0,591.56,0.0169,0,0,1776011939731,False,True
0,591.56,0.52192,0,0,1776011939731,False,True
0,591.55,0.61249,0,0,1776011939731,False,True
0,591.55,0.03057,0,0,1776012001062,False,True
0,591.43,0.00215,0,0,1776012021814,True,True
0,591.42,0.0835,0,0,1776012023491,False,True
0,591.42,0.11838,0,0,1776012023491,False,True
0,591.43,0.02842,0,0,1776012048461,True,True
0,591.57,0.00042,0,0,1776012048461,True,True
0,591.5,0.04883,0,0,1776012054722,True,True
0,591.53,0.0835,0,0,1776012054722,True,True
0,591.59,0.03674,0,0,1776012054722,True,True
0,591.16,0.00215,0,0,1776012215425,False,True
0,591.63,0.01906,0,0,1776012359872,True,True
0,591.6,0.04093,0,0,1776012410401,True,True
0,591.77,0.04323,0,0,1776012459660,True,True
0,591.75,0.4464,0,0,1776012461298,True,True
0,591.75,0.0835,0,0,1776012461298,True,True
0,591.76,0.44131,0,0,1776012461298,True,True
0,591.53,0.0835,0,0,1776012537354,True,True
0,591.57,1.69043,0,0,1776012537354,True,True
0,591.59,0.0835,0,0,1776012537354,True,True
0,591.6,0.17514,0,0,1776012537354,True,True
0,591.62,0.01515,0,0,1776012545978,True,True
0,591.73,0.051,0,0,1776012573150,True,True
0,591.68,0.05238,0,0,1776012586497,False,True
0,591.59,0.0835,0,0,1776012586497,False,True
0,591.57,0.0169,0,0,1776012586497,False,True
0,591.56,0.00625,0,0,1776012586497,False,True
0,591.59,0.00816,0,0,1776012595578,False,True
0,591.97,0.0835,0,0,1776012630231,True,True
0,591.98,0.0528,0,0,1776012630231,True,True
0,591.99,0.06972,0,0,1776012630231,True,True
0,592.01,0.00732,0,0,1776012633650,True,True
0,591.88,0.02,0,0,1776012805388,False,True
0,592.02,0.04316,0,0,1776012880060,True,True
0,592.06,0.00288,0,0,1776012933296,True,True
0,591.92,0.01514,0,0,1776012977423,False,True
0,591.95,0.0835,0,0,1776013033320,True,True
0,591.97,0.01514,0,0,1776013033320,True,True
0,591.98,0.14915,0,0,1776013033320,True,True
0,592.29,0.24953,0,0,1776013167865,True,True
0,592.56,0.01903,0,0,1776013238972,True,True
0,592.52,0.01512,0,0,1776013281036,True,True
0,592.52,0.00201,0,0,1776013281272,True,True
0,592.35,0.065,0,0,1776013316539,True,True
0,592.34,0.01973,0,0,1776013333685,False,True
0,592.11,0.00732,0,0,1776013341586,True,True
0,592.1,0.00167,0,0,1776013344033,True,True
0,592.06,0.00201,0,0,1776013397215,False,True
0,592.38,0.0835,0,0,1776013421792,True,True
0,592.4,0.0165,0,0,1776013421792,True,True
0,592.58,0.16626,0,0,1776013507608,True,True
0,592.29,0.03766,0,0,1776013604554,False,True
0,592.25,0.13034,0,0,1776013604554,False,True
0,592.27,0.01904,0,0,1776013689438,True,True
0,592.2,0.032,0,0,1776013706131,False,True
0,592.27,0.01513,0,0,1776013712563,True,True
0,592.15,0.01514,0,0,1776013765689,False,True
0,592.14,0.0835,0,0,1776013765689,False,True
0,592.13,0.02876,0,0,1776013807532,True,True
0,592.12,0.08939,0,0,1776013818801,True,True
0,592.11,0.02405,0,0,1776013856254,True,True
0,592.14,0.36695,0,0,1776013856254,True,True
0,592.01,0.05668,0,0,1776013875859,False,True
0,592.06,0.02517,0,0,1776013985183,True,True
0,592.04,0.90601,0,0,1776014029469,True,True
0,592.05,0.06005,0,0,1776014029469,True,True
0,591.97,0.03379,0,0,1776014046501,False,True
0,591.87,0.01905,0,0,1776014119023,True,True
0,591.86,0.01514,0,0,1776014146228,True,True
0,591.88,0.00732,0,0,1776014155109,True,True
0,591.83,0.24313,0,0,1776014181116,True,True
0,592.0,0.04304,0,0,1776014260721,True,True
0,591.97,0.01905,0,0,1776014277265,True,True
0,591.98,0.01514,0,0,1776014280658,True,True
0,591.98,0.00732,0,0,1776014283089,True,True
0,592.12,0.028,0,0,1776014462556,True,True
0,592.13,0.33776,0,0,1776014569702,True,True
0,591.94,0.00277,0,0,1776014666500,True,True
0,591.99,0.18703,0,0,1776014742854,False,True
0,591.92,0.0835,0,0,1776014776732,False,True
0,591.91,0.1185,0,0,1776014776732,False,True
0,591.86,0.00271,0,0,1776014846686,True,True
0,591.85,0.01905,0,0,1776014882860,True,True
0,591.94,0.30986,0,0,1776014896176,True,True
0,591.91,0.02,0,0,1776014900594,False,True
0,592.03,0.01514,0,0,1776014901547,True,True
0,591.99,0.0269,0,0,1776014913155,False,True
0,592.08,0.00732,0,0,1776014919236,True,True
0,592.06,0.00164,0,0,1776015002267,True,True
0,592.27,0.0835,0,0,1776015039486,False,True
0,592.26,0.0528,0,0,1776015039486,False,True
0,592.21,0.00522,0,0,1776015039486,False,True
0,592.52,0.0835,0,0,1776015148005,True,True
0,592.56,0.0528,0,0,1776015148005,True,True
0,592.59,1.68753,0,0,1776015148005,True,True
0,592.62,0.06634,0,0,1776015148005,True,True
0,592.63,0.0835,0,0,1776015148005,True,True
0,592.68,1.14233,0,0,1776015148005,True,True
0,592.56,0.01903,0,0,1776015161337,True,True
0,592.31,0.0835,0,0,1776015217745,False,True
0,592.28,0.0065,0,0,1776015217745,False,True
0,592.58,0.01512,0,0,1776015231080,True,True
0,592.44,0.034,0,0,1776015270310,True,True
0,592.54,0.00731,0,0,1776015277762,True,True
0,592.5,0.819,0,0,1776015295142,True,True
0,592.14,0.03399,0,0,1776015316652,False,True
0,592.08,0.04049,0,0,1776015428137,True,True
0,592.08,0.0835,0,0,1776015428137,True,True
0,592.09,0.28894,0,0,1776015428137,True,True
0,591.88,0.0103,0,0,1776015480835,True,True
0,591.91,1.24066,0,0,1776015491762,True,True
0,591.9,0.0835,0,0,1776015499133,True,True
0,591.91,0.0005,0,0,1776015499133,True,True
0,591.91,1.23632,0,0,1776015503770,True,True
0,592.27,0.01904,0,0,1776015596062,True,True
0,592.17,0.05541,0,0,1776015601040,False,True
0,592.34,0.01513,0,0,1776015614388,True,True
0,592.33,0.04084,0,0,1776015617823,False,True
0,592.57,0.0835,0,0,1776015793117,False,True
0,592.56,0.01196,0,0,1776015793117,False,True
0,592.48,0.02454,0,0,1776015793117,False,True
0,592.55,0.02454,0,0,1776015911434,True,True
0,592.58,0.01834,0,0,1776015911434,True,True
0,592.33,0.121,0,0,1776015974886,False,True
0,592.29,0.024,0,0,1776015981193,False,True
0,592.57,0.00731,0,0,1776016219337,True,True
0,592.7,0.0015,0,0,1776016228900,True,True
0,592.7,0.0835,0,0,1776016228900,True,True
0,592.73,0.05496,0,0,1776016228900,True,True
0,593.58,0.02565,0,0,1776016364558,True,True
0,593.58,0.0835,0,0,1776016364558,True,True
0,593.59,0.145,0,0,1776016364558,True,True
0,593.63,0.34585,0,0,1776016364558,True,True
0,593.17,0.04288,0,0,1776016463240,False,True
0,592.84,0.00992,0,0,1776016510472,False,True
0,592.84,0.05247,0,0,1776016510472,False,True
0,592.9,0.0528,0,0,1776016512004,True,True
0,592.91,0.0052,0,0,1776016512004,True,True
0,592.94,0.01204,0,0,1776016516062,True,True
0,592.77,0.045,0,0,1776016713694,True,True
0,592.9,0.03297,0,0,1776016736997,True,True
0,593.05,0.03892,0,0,1776016896874,True,True
0,593.05,0.03892,0,0,1776016896874,True,True
0,592.99,0.01572,0,0,1776017039983,True,True
0,592.9,0.0835,0,0,1776017172982,True,True
0,592.93,0.9165,0,0,1776017172982,True,True
0,592.06,0.07587,0,0,1776017435731,True,True
0,592.45,0.16879,0,0,1776017723912,True,True
0,592.43,0.124,0,0,1776017737377,True,True
0,592.34,0.03135,0,0,1776017754532,False,True
0,592.15,0.02699,0,0,1776018033037,True,True
0,591.99,0.0528,0,0,1776018092705,False,True
0,591.99,0.03165,0,0,1776018092705,False,True
0,592.01,0.0528,0,0,1776018131464,True,True
0,592.01,0.0835,0,0,1776018131464,True,True
0,592.02,0.8737,0,0,1776018131464,True,True
0,591.91,0.05069,0,0,1776018291158,False,True
0,591.64,0.00931,0,0,1776018291158,False,True
0,591.93,0.00931,0,0,1776018300956,True,True
0,591.95,0.05672,0,0,1776018300956,True,True
0,592.06,0.02951,0,0,1776018402156,True,True
0,592.05,0.022,0,0,1776018437741,True,True
0,592.09,1.00094,0,0,1776018634282,True,True
0,592.1,1.55669,0,0,1776018634282,True,True
0,592.35,1.6882,0,0,1776018634282,True,True
0,592.37,0.0835,0,0,1776018634282,True,True
0,592.4,1.36567,0,0,1776018634282,True,True
0,592.27,0.065,0,0,1776018646657,False,True
0,592.38,0.031,0,0,1776018834169,True,True
0,592.73,0.05,0,0,1776018967742,True,True
0,592.75,0.01731,0,0,1776018996084,True,True
0,593.02,0.00659,0,0,1776019087029,True,True
0,593.15,0.01977,0,0,1776019105835,True,True
0,593.14,0.01977,0,0,1776019124008,True,True
0,593.27,0.39,0,0,1776019163845,True,True
0,593.0,0.0835,0,0,1776019183221,False,True
0,592.98,0.01968,0,0,1776019183221,False,True
0,593.08,0.00413,0,0,1776019201153,False,True
0,593.07,0.02512,0,0,1776019201153,False,True
0,593.05,0.036,0,0,1776019253643,True,True
0,592.81,0.00359,0,0,1776019493338,False,True
0,592.79,0.00359,0,0,1776019525944,False,True
0,592.67,0.0835,0,0,1776019711794,False,True
0,592.62,0.02181,0,0,1776019711794,False,True
0,592.61,0.01687,0,0,1776019711794,False,True
0,592.6,0.08982,0,0,1776019711794,False,True
0,592.77,0.06,0,0,1776019837662,False,True
0,592.89,0.04921,0,0,1776019884588,True,True
0,592.89,0.04996,0,0,1776019884588,True,True
0,592.77,0.072,0,0,1776019959376,True,True
0,592.88,0.01758,0,0,1776020009723,True,True
0,592.84,0.02228,0,0,1776020021191,True,True
0,592.84,0.01039,0,0,1776020021191,True,True
0,592.68,0.0361,0,0,1776020117719,False,True
0,592.74,0.00211,0,0,1776020317001,True,True
0,592.74,0.03188,0,0,1776020351859,True,True
0,592.74,0.0835,0,0,1776020351859,True,True
0,592.84,0.05741,0,0,1776020499190,True,True
0,592.84,0.02747,0,0,1776020532911,True,True
0,592.77,0.00261,0,0,1776020641482,True,True
0,592.74,0.00253,0,0,1776020665079,False,True
0,592.82,0.04386,0,0,1776020783936,False,True
0,592.92,0.04214,0,0,1776020859033,True,True
0,592.92,0.07,0,0,1776020863897,True,True
0,592.76,0.0835,0,0,1776020885075,False,True
0,592.75,0.52192,0,0,1776020885075,False,True
0,592.74,0.67012,0,0,1776020885075,False,True
0,592.74,0.0164,0,0,1776020944732,False,True
0,592.81,0.01696,0,0,1776020967593,True,True
0,592.74,0.10116,0,0,1776020993882,False,True
0,593.2,0.01388,0,0,1776021064094,True,True
0,593.19,0.01536,0,0,1776021070553,True,True
0,593.26,0.0835,0,0,1776021169358,True,True
0,593.28,0.02622,0,0,1776021169358,True,True
0,593.23,0.0835,0,0,1776021172085,True,True
0,593.28,0.07976,0,0,1776021172085,True,True
0,593.27,0.026,0,0,1776021187557,True,True
0,593.05,0.01855,0,0,1776021242701,True,True
0,592.96,0.01973,0,0,1776021288791,False,True
0,592.87,0.024,0,0,1776021393111,True,True
0,592.98,0.0773,0,0,1776021415989,True,True
0,592.87,0.0835,0,0,1776021491431,False,True
0,592.86,0.0254,0,0,1776021491431,False,True
0,592.82,0.024,0,0,1776021663589,False,True
0,592.98,0.00334,0,0,1776021906035,True,True
0,592.94,0.02082,0,0,1776021925545,True,True
0,592.95,0.02309,0,0,1776021925545,True,True
0,592.92,0.25898,0,0,1776022022305,True,True
0,592.93,0.50902,0,0,1776022022305,True,True
0,592.83,0.04946,0,0,1776022038632,False,True
0,592.83,0.0835,0,0,1776022038632,False,True
0,592.8,0.32304,0,0,1776022038632,False,True
0,593.03,0.0528,0,0,1776022079354,True,True
0,593.08,0.00894,0,0,1776022079354,True,True
0,593.02,0.0528,0,0,1776022132945,False,True
0,593.01,0.06288,0,0,1776022132945,False,True
0,592.99,0.04153,0,0,1776022212527,True,True
0,593.03,0.01128,0,0,1776022240199,True,True
0,593.06,0.01472,0,0,1776022240199,True,True
0,593.04,0.158,0,0,1776022248274,True,True
0,593.02,0.20426,0,0,1776022610711,True,True
0,593.1,0.0101,0,0,1776022652985,False,True
0,593.01,0.00405,0,0,1776022738001,True,True
0,592.93,0.02399,0,0,1776022740469,False,True
0,592.99,0.022,0,0,1776022774144,False,True
0,593.1,0.02454,0,0,1776022801041,False,True
0,593.08,0.26095,0,0,1776022812943,False,True
0,593.08,0.0835,0,0,1776022812943,False,True
0,593.07,0.01686,0,0,1776022812943,False,True
0,593.07,0.20117,0,0,1776022812943,False,True
0,593.05,0.67341,0,0,1776022812943,False,True
0,593.14,0.01871,0,0,1776022873765,False,True
0,593.13,0.01686,0,0,1776022873765,False,True
0,593.12,0.06283,0,0,1776022873765,False,True
0,593.16,0.04243,0,0,1776022968693,True,True
0,593.15,0.01037,0,0,1776022977890,True,True
0,593.16,0.02763,0,0,1776022977890,True,True
0,593.18,0.0835,0,0,1776023008663,True,True
0,593.21,0.02222,0,0,1776023008663,True,True
0,593.21,0.027,0,0,1776023019079,True,True
0,593.16,0.01689,0,0,1776023276595,True,True
0,593.16,0.05464,0,0,1776023303666,True,True
0,593.16,0.21173,0,0,1776023337900,True,True
0,593.17,1.68585,0,0,1776023337900,True,True
0,593.22,0.06651,0,0,1776023337900,True,True
0,593.15,0.03399,0,0,1776023358368,False,True
0,593.16,0.076,0,0,1776023451557,True,True
0,593.15,0.04243,0,0,1776023637791,False,True
0,593.15,0.126,0,0,1776023652439,False,True
0,593.15,0.16188,0,0,1776023704158,False,True
0,593.15,0.52303,0,0,1776023704158,False,True
0,592.88,0.25562,0,0,1776023744816,True,True
0,592.75,0.033,0,0,1776024010983,False,True
0,592.76,0.01818,0,0,1776024049612,False,True
0,592.75,0.02024,0,0,1776024099829,True,True
0,592.75,0.06326,0,0,1776024123125,True,True
0,592.75,0.1062,0,0,1776024123125,True,True
0,592.74,0.02494,0,0,1776024169317,False,True
0,592.74,0.96354,0,0,1776024223678,False,True
0,592.74,0.10593,0,0,1776024223784,False,True
0,592.34,0.00164,0,0,1776024434344,True,True
0,592.14,0.031,0,0,1776024477216,False,True
0,592.04,0.0218,0,0,1776024683491,False,True
0,592.04,0.0622,0,0,1776024683491,False,True
0,592.24,0.0835,0,0,1776024817558,True,True
0,592.27,0.05279,0,0,1776024817558,True,True
0,592.28,0.0207,0,0,1776024817558,True,True
0,592.58,1.68753,0,0,1776024856962,True,True
0,592.66,0.06399,0,0,1776024891815,True,True
0,592.34,0.01638,0,0,1776024988023,True,True
0,592.24,0.04573,0,0,1776024999471,False,True
0,592.43,0.033,0,0,1776025190336,True,True
0,592.5,0.12488,0,0,1776025190336,True,True
0,592.44,1.014,0,0,1776025265169,True,True
0,592.45,0.01978,0,0,1776025394342,True,True
0,592.45,0.04234,0,0,1776025407460,True,True
0,592.4,0.0528,0,0,1776025441298,False,True
0,592.4,0.0835,0,0,1776025441298,False,True
0,592.37,0.02158,0,0,1776025441298,False,True
0,592.42,0.083,0,0,1776025540810,False,True
0,592.51,0.01262,0,0,1776025545199,True,True
0,592.62,0.02972,0,0,1776025545199,True,True
0,592.54,0.0835,0,0,1776025625657,True,True
0,592.58,0.02309,0,0,1776025625657,True,True
0,592.59,1.6875,0,0,1776025625657,True,True
0,592.6,1.68747,0,0,1776025625657,True,True
0,592.6,0.0835,0,0,1776025625657,True,True
0,592.63,0.90601,0,0,1776025625657,True,True
0,592.67,0.0835,0,0,1776025625657,True,True
0,592.68,1.6667,0,0,1776025625657,True,True
0,592.54,0.07455,0,0,1776025631777,True,True
0,592.38,0.0835,0,0,1776025703478,False,True
0,592.35,0.0528,0,0,1776025703478,False,True
0,592.33,0.1857,0,0,1776025703478,False,True
0,592.35,0.0835,0,0,1776025720232,False,True
0,592.33,0.00118,0,0,1776025720232,False,True
0,592.41,0.01378,0,0,1776025723370,True,True
0,592.32,0.01378,0,0,1776025738723,False,True
0,592.32,0.00487,0,0,1776025738723,False,True
0,592.41,0.03902,0,0,1776025746284,True,True
0,592.42,0.05149,0,0,1776025746284,True,True
0,592.41,0.01378,0,0,1776025747186,True,True
0,592.38,0.0835,0,0,1776025807309,True,True
0,592.39,0.03273,0,0,1776025807309,True,True
0,592.37,0.10266,0,0,1776025811745,True,True
0,592.38,0.10321,0,0,1776025811745,True,True
0,592.32,0.0835,0,0,1776025824147,False,True
0,592.29,0.03276,0,0,1776025824147,False,True
0,592.39,0.03276,0,0,1776025825706,True,True
0,592.4,0.0854,0,0,1776025825706,True,True
0,592.74,0.10983,0,0,1776026043501,True,True
0,592.98,0.00779,0,0,1776026125372,False,True
0,593.06,0.0835,0,0,1776026127227,True,True
0,593.08,0.5495,0,0,1776026127227,True,True
0,593.78,0.8423,0,0,1776026143152,True,True
0,594.4,1.18117,0,0,1776026144736,True,True
0,594.4,0.5,0,0,1776026144744,True,True
0,594.4,6.75183,0,0,1776026144800,True,True
0,594.44,5.63539,0,0,1776026144934,True,True
0,594.44,7.04331,0,0,1776026144934,True,True
0,594.84,0.26095,0,0,1776026146756,False,True
0,595.52,0.05566,0,0,1776026208823,True,True
0,595.34,0.02004,0,0,1776026208881,False,True
0,595.27,0.00779,0,0,1776026208881,False,True
0,594.68,0.0835,0,0,1776026382178,True,True
0,594.71,0.02004,0,0,1776026382178,True,True
0,594.72,0.05548,0,0,1776026382178,True,True
0,594.42,0.02809,0,0,1776026401026,False,True
0,595.19,0.028,0,0,1776026435140,True,True
0,595.82,0.20529,0,0,1776026522362,True,True
0,595.71,0.02096,0,0,1776026596431,True,True
0,596.11,0.99,0,0,1776026598906,True,True
0,596.11,4.10399,0,0,1776026598935,True,True
0,596.11,3.48591,0,0,1776026598940,True,True
0,596.16,4.92109,0,0,1776026598940,True,True
0,596.17,1.18117,0,0,1776026598981,True,True
0,596.17,0.71369,0,0,1776026599052,True,True
0,596.46,1.67656,0,0,1776026618746,True,True
0,596.81,0.00612,0,0,1776026619392,True,True
0,596.81,0.02171,0,0,1776026621077,True,True
0,595.17,0.00381,0,0,1776027044852,True,True
0,595.24,0.00381,0,0,1776027064777,False,True
0,595.64,0.0835,0,0,1776027102560,True,True
0,595.65,0.50303,0,0,1776027102560,True,True
0,595.75,0.04104,0,0,1776027222131,True,True
0,595.72,0.84553,0,0,1776027226859,True,True
0,595.41,0.008,0,0,1776027262528,False,True
0,595.61,0.0835,0,0,1776027289734,True,True
0,595.62,1.25964,0,0,1776027289734,True,True
0,595.63,0.29867,0,0,1776027289734,True,True
0,595.41,0.05271,0,0,1776027325280,False,True
0,595.4,0.05974,0,0,1776027325280,False,True
0,595.49,0.01652,0,0,1776027458311,False,True
0,595.57,0.064,0,0,1776027488728,False,True
0,595.78,0.01652,0,0,1776027563547,False,True
0,595.8,0.01715,0,0,1776027582442,True,True
0,596.13,0.00857,0,0,1776027637916,False,True
0,596.66,0.0528,0,0,1776027697786,True,True
0,596.66,0.05965,0,0,1776027697786,True,True
0,596.81,0.0528,0,0,1776027709290,False,True
0,596.66,0.0835,0,0,1776027713603,True,True
0,596.67,0.24414,0,0,1776027713603,True,True
0,596.42,0.056,0,0,1776027748123,False,True
0,596.31,0.0528,0,0,1776027878151,True,True
0,596.34,0.00749,0,0,1776027878151,True,True
0,596.38,0.06724,0,0,1776027894911,True,True
0,596.43,0.186,0,0,1776027907813,True,True
0,595.12,0.02288,0,0,1776028431646,True,True
0,595.29,0.0528,0,0,1776028483635,False,True
0,595.29,0.0835,0,0,1776028483635,False,True
0,595.28,0.0835,0,0,1776028483635,False,True
0,595.27,0.0835,0,0,1776028483635,False,True
0,595.17,0.0168,0,0,1776028483635,False,True
0,595.16,0.43709,0,0,1776028483635,False,True
0,595.15,0.92181,0,0,1776028483635,False,True
0,595.49,0.05834,0,0,1776028559284,False,True
0,595.72,0.0528,0,0,1776028566276,True,True
0,595.75,0.0582,0,0,1776028566276,True,True
0,595.69,0.0835,0,0,1776028693454,True,True
0,595.71,0.0715,0,0,1776028693454,True,True
0,595.87,0.00117,0,0,1776028714062,True,True
0,595.75,0.07573,0,0,1776028816694,True,True
0,595.75,0.058,0,0,1776028821131,True,True
0,595.6,0.00197,0,0,1776028863433,False,True
0,595.51,0.04886,0,0,1776028879185,False,True
0,595.5,0.02687,0,0,1776028879185,False,True
0,595.53,0.05083,0,0,1776029093333,True,True
0,595.54,0.06817,0,0,1776029093333,True,True
0,595.58,0.033,0,0,1776029162812,True,True
0,595.58,0.18302,0,0,1776029180127,True,True
0,595.59,0.40287,0,0,1776029180127,True,True
0,595.59,0.02805,0,0,1776029289484,True,True
0,595.62,0.00936,0,0,1776029301013,True,True
0,595.47,0.00331,0,0,1776029317655,False,True
0,595.59,0.002,0,0,1776029322090,True,True
0,595.64,0.65084,0,0,1776029354336,True,True
0,595.68,0.00348,0,0,1776029442002,True,True
0,595.59,0.074,0,0,1776029483814,True,True
0,595.47,0.01669,0,0,1776029566568,False,True
0,595.17,0.079,0,0,1776029658420,True,True
0,594.94,0.02805,0,0,1776029684277,False,True
0,594.82,0.01101,0,0,1776029709818,True,True
0,594.73,0.00602,0,0,1776029744953,True,True
0,594.77,0.05758,0,0,1776029744953,True,True
0,594.72,0.01101,0,0,1776029746792,True,True
0,594.74,0.02968,0,0,1776029746792,True,True
0,594.77,1.68132,0,0,1776029778764,True,True
0,594.81,1.66334,0,0,1776029778764,True,True
0,594.86,1.68108,0,0,1776029778764,True,True
0,594.88,0.63318,0,0,1776029778764,True,True
0,594.89,0.90601,0,0,1776029778764,True,True
0,594.9,8.40477,0,0,1776029778764,True,True
0,594.9,1.25961,0,0,1776029778764,True,True
0,594.93,1.77176,0,0,1776029778764,True,True
0,595.04,0.87732,0,0,1776029778764,True,True
0,595.11,1.69193,0,0,1776029778764,True,True
0,594.88,0.04207,0,0,1776029816754,True,True
0,594.63,0.0528,0,0,1776029818269,False,True
0,594.62,0.02958,0,0,1776029818269,False,True
0,595.23,0.01814,0,0,1776029922889,True,True
0,595.26,0.01814,0,0,1776029976052,False,True
0,595.25,0.0168,0,0,1776029976052,False,True
0,595.24,0.00713,0,0,1776029976052,False,True
0,595.28,0.04754,0,0,1776030001074,False,True
0,595.58,0.01647,0,0,1776030011340,True,True
0,595.29,0.03466,0,0,1776030361887,True,True
0,595.32,0.07712,0,0,1776030361887,True,True
0,595.34,0.12122,0,0,1776030361887,True,True
0,595.2,0.03466,0,0,1776030389017,False,True
0,595.17,0.08681,0,0,1776030389017,False,True
0,595.22,0.02796,0,0,1776030455483,True,True
0,594.7,0.0528,0,0,1776030609950,True,True
0,594.71,0.02299,0,0,1776030609950,True,True
0,594.69,0.045,0,0,1776030710406,True,True
0,595.05,0.0084,0,0,1776030772311,True,True
0,594.88,0.02796,0,0,1776030797254,False,True
0,595.08,0.02797,0,0,1776030827983,True,True
0,595.09,0.09898,0,0,1776030827983,True,True
0,594.76,0.46307,0,0,1776030895020,False,True
0,594.75,0.18039,0,0,1776030895020,False,True
0,594.78,0.52192,0,0,1776031021376,True,True
0,594.79,1.68126,0,0,1776031021376,True,True
0,594.87,1.26133,0,0,1776031021376,True,True
0,594.88,0.32274,0,0,1776031021376,True,True
0,594.9,0.01129,0,0,1776031156158,False,True
0,594.88,0.03362,0,0,1776031230912,False,True
0,593.56,0.01211,0,0,1776031263112,True,True
0,592.95,0.04151,0,0,1776031298082,False,True
0,592.68,0.03106,0,0,1776031437861,True,True
0,594.34,0.105,0,0,1776031594657,True,True
0,594.2,0.01016,0,0,1776031622840,True,True
0,593.49,0.00141,0,0,1776031699434,True,True
0,593.54,0.02659,0,0,1776031699434,True,True
0,593.35,0.0166,0,0,1776031969696,True,True
0,593.54,0.01344,0,0,1776032040672,False,True
0,592.59,0.01016,0,0,1776032328113,True,True
0,592.61,0.01756,0,0,1776032328113,True,True
0,592.24,0.0528,0,0,1776032356150,False,True
0,592.23,0.0222,0,0,1776032358341,False,True
0,592.16,0.0528,0,0,1776032364702,False,True
0,592.16,0.0835,0,0,1776032364702,False,True
0,592.14,0.0157,0,0,1776032364702,False,True
0,592.46,0.0835,0,0,1776032427596,True,True
0,592.48,0.0528,0,0,1776032427596,True,True
0,592.49,0.08143,0,0,1776032427596,True,True
0,593.08,0.03298,0,0,1776032624422,True,True
0,592.92,0.02772,0,0,1776032671202,False,True
0,592.79,0.0835,0,0,1776032737590,False,True
0,592.75,0.0528,0,0,1776032737590,False,True
0,592.73,0.31121,0,0,1776032737590,False,True
0,592.73,0.0835,0,0,1776032737590,False,True
0,592.69,0.01687,0,0,1776032737590,False,True
0,592.68,0.2954,0,0,1776032737590,False,True
0,592.29,0.06595,0,0,1776032820313,True,True
0,592.32,0.0528,0,0,1776032820313,True,True
0,592.36,0.60356,0,0,1776032820313,True,True
0,591.81,0.0528,0,0,1776032827950,False,True
0,591.8,0.26096,0,0,1776032827950,False,True
0,591.89,0.0528,0,0,1776032831483,True,True
0,592.24,0.09456,0,0,1776032926959,True,True
0,591.91,0.0835,0,0,1776032960152,True,True
0,591.95,0.1705,0,0,1776032960152,True,True
0,592.0,0.02616,0,0,1776033006861,True,True
0,591.9,0.0835,0,0,1776033024884,True,True
0,591.93,0.1465,0,0,1776033024884,True,True
0,591.78,0.05279,0,0,1776033025095,False,True
0,591.77,0.29122,0,0,1776033025105,False,True
0,591.73,0.0169,0,0,1776033025124,False,True
0,592.34,0.00773,0,0,1776033180434,True,True
0,592.18,0.02529,0,0,1776033183497,False,True
0,592.71,0.03309,0,0,1776033270905,True,True
0,592.74,0.06561,0,0,1776033284089,True,True
0,592.71,0.03734,0,0,1776033322738,True,True
0,592.71,0.0835,0,0,1776033322738,True,True
0,592.75,0.06616,0,0,1776033322738,True,True
0,593.81,0.0835,0,0,1776033557753,True,True
0,593.84,0.0085,0,0,1776033557753,True,True
0,593.52,0.04144,0,0,1776033592448,True,True
0,593.23,0.01125,0,0,1776033601006,False,True
0,593.65,0.01898,0,0,1776033649577,True,True
0,593.66,0.04397,0,0,1776033649577,True,True
0,593.69,0.13587,0,0,1776033673633,True,True
0,593.37,0.0835,0,0,1776033715724,True,True
0,593.38,0.06014,0,0,1776033715724,True,True
0,593.27,0.04137,0,0,1776033759754,True,True
0,593.19,0.20775,0,0,1776033805817,True,True
0,593.2,0.20039,0,0,1776033805817,True,True
0,593.14,0.0835,0,0,1776033853958,True,True
0,593.17,0.0165,0,0,1776033853958,True,True
0,593.39,0.02879,0,0,1776033897828,True,True
0,593.27,0.031,0,0,1776033928734,False,True
0,593.24,0.08281,0,0,1776034207241,False,True
0,593.67,0.033,0,0,1776034258456,True,True
0,593.83,0.078,0,0,1776034281807,False,True
0,593.78,0.031,0,0,1776034508128,True,True
0,593.77,0.01631,0,0,1776034520131,True,True
0,593.8,0.04118,0,0,1776034556747,True,True
0,593.69,0.02461,0,0,1776034666493,False,True
0,593.7,0.00426,0,0,1776034699930,True,True
0,593.7,0.0327,0,0,1776034718538,True,True
0,593.89,0.00842,0,0,1776034800416,True,True
0,592.77,0.04118,0,0,1776035048177,False,True
0,593.01,0.07189,0,0,1776035086364,True,True
0,592.8,0.05945,0,0,1776035382431,True,True
0,592.99,0.04218,0,0,1776035411332,True,True
0,592.72,0.03692,0,0,1776035487026,False,True
0,592.4,0.01564,0,0,1776035670213,False,True
0,592.4,0.00124,0,0,1776035699481,False,True
0,592.32,0.18571,0,0,1776035741706,True,True
0,592.24,0.02819,0,0,1776036015682,False,True
0,592.2,0.01688,0,0,1776036015682,False,True
0,592.19,0.03893,0,0,1776036015682,False,True
0,592.22,0.06563,0,0,1776036025529,True,True
0,592.13,0.002,0,0,1776036081673,True,True
0,592.25,0.0835,0,0,1776036145476,True,True
0,592.26,0.05279,0,0,1776036145476,True,True
0,592.27,0.65847,0,0,1776036145476,True,True
0,592.06,0.00832,0,0,1776036225037,True,True
0,591.87,0.04099,0,0,1776036287259,True,True
0,591.84,0.0835,0,0,1776036326629,False,True
0,591.83,0.0528,0,0,1776036326629,False,True
0,591.79,0.48299,0,0,1776036326629,False,True
0,591.78,0.0835,0,0,1776036326629,False,True
0,591.76,0.01689,0,0,1776036326629,False,True
0,591.75,1.68987,0,0,1776036326629,False,True
0,591.72,0.0835,0,0,1776036326629,False,True
0,591.67,1.50597,0,0,1776036326629,False,True
0,591.94,0.05611,0,0,1776036364256,True,True
0,591.98,0.05116,0,0,1776036405845,False,True
0,592.2,0.04092,0,0,1776036438685,True,True
0,592.22,0.0528,0,0,1776036632648,True,True
0,592.22,0.0042,0,0,1776036632648,True,True
0,591.47,0.25601,0,0,1776036688114,True,True
0,591.47,0.05599,0,0,1776036688114,True,True
0,591.44,0.0528,0,0,1776036713303,False,True
0,591.39,0.01691,0,0,1776036713303,False,True
0,591.38,0.01629,0,0,1776036713303,False,True
0,591.29,0.023,0,0,1776036750827,False,True
0,591.44,0.0528,0,0,1776036774871,True,True
0,591.44,0.0002,0,0,1776036774871,True,True
0,591.19,0.08191,0,0,1776036861568,False,True
0,591.42,0.02483,0,0,1776037000480,True,True
0,591.46,0.008,0,0,1776037006317,True,True
0,591.29,0.22611,0,0,1776037059581,True,True
0,591.31,0.68293,0,0,1776037059581,True,True
0,591.14,0.02583,0,0,1776037201225,False,True
0,591.46,0.049,0,0,1776037284957,True,True
0,591.43,0.0835,0,0,1776037336806,True,True
0,591.45,0.05114,0,0,1776037336806,True,True
0,591.48,0.13843,0,0,1776037336806,True,True
0,591.49,0.0835,0,0,1776037336806,True,True
0,591.5,0.16343,0,0,1776037336806,True,True
0,591.12,0.0528,0,0,1776037416082,False,True
0,591.04,0.01692,0,0,1776037416082,False,True
0,591.03,0.01154,0,0,1776037416082,False,True
0,591.11,0.01634,0,0,1776037430383,False,True
0,591.31,0.057,0,0,1776037449181,True,True
0,591.47,0.17665,0,0,1776037469984,True,True
0,591.49,0.0528,0,0,1776037469984,True,True
0,591.54,0.66309,0,0,1776037469984,True,True
0,591.67,0.88274,0,0,1776037469991,True,True
0,592.01,0.049,0,0,1776037471035,True,True
0,592.27,0.092,0,0,1776037518020,True,True
0,592.25,0.00327,0,0,1776037607453,True,True
0,592.27,0.07879,0,0,1776037624980,True,True
0,591.75,0.00327,0,0,1776037682928,False,True
0,591.79,0.16526,0,0,1776037756474,True,True
0,591.85,0.0034,0,0,1776037771463,True,True
0,592.21,0.0835,0,0,1776037859025,True,True
0,592.26,0.07783,0,0,1776037859025,True,True
0,592.26,0.02616,0,0,1776037860731,True,True
0,592.26,0.01387,0,0,1776037876329,False,True
0,592.26,0.00341,0,0,1776037882476,False,True
0,592.27,0.00328,0,0,1776037919385,True,True
0,592.27,0.4623,0,0,1776037941728,True,True
0,592.27,1.18117,0,0,1776037941750,True,True
0,592.27,0.38,0,0,1776037942834,True,True
0,592.78,0.0835,0,0,1776037957637,False,True
0,592.74,0.0117,0,0,1776037957637,False,True
0,592.74,0.01687,0,0,1776037957637,False,True
0,592.73,0.0835,0,0,1776037957637,False,True
0,592.73,1.58106,0,0,1776037957637,False,True
0,592.68,0.04085,0,0,1776037979197,True,True
0,592.34,0.03225,0,0,1776038289397,True,True
0,592.35,0.0835,0,0,1776038289397,True,True
0,592.38,0.21308,0,0,1776038289397,True,True
0,592.41,0.02417,0,0,1776038289397,True,True
