0,40.35,0.36446,0,0,1774396807365,True,True
0,40.34,37.18513469,0,0,1774396839405,True,True
0,40.35,24.90115663,0,0,1774396839405,True,True
0,40.33,0.24544,0,0,1774396845603,True,True
0,40.35,0.06754,0,0,1774396903512,False,True
0,40.36,4.67888999,0,0,1774396903647,True,True
0,40.36,11.56392467,0,0,1774396912499,True,True
0,40.4,0.06416,0,0,1774396954303,True,True
0,40.42,0.61036563,0,0,1774397016131,False,True
0,40.44,125.60514852,0,0,1774397036244,False,True
0,40.46,0.21228771,0,0,1774397074237,True,True
0,40.45,3.09023485,0,0,1774397079412,False,True
0,40.45,0.37082818,0,0,1774397092340,False,True
0,40.46,13.48826169,0,0,1774397095867,True,True
0,40.46,37.07365299,0,0,1774397095867,True,True
0,40.46,28.52854498,0,0,1774397095867,True,True
0,40.45,0.250878,0,0,1774397100399,False,True
0,40.46,0.3,0,0,1774397113951,False,True
0,40.47,13.6902919,0,0,1774397124624,True,True
0,40.48,16.97267515,0,0,1774397124624,True,True
0,40.47,2.19068386,0,0,1774397137989,False,True
0,40.47,27.70800652,0,0,1774397137989,False,True
0,40.47,2.00800906,0,0,1774397139994,False,True
0,40.47,2.00800906,0,0,1774397139994,False,True
0,40.48,0.02991,0,0,1774397148525,True,True
0,40.45,90.0,0,0,1774397149986,False,True
0,40.45,38.86347203,0,0,1774397149986,False,True
0,40.42,3.68177986,0,0,1774397163215,False,True
0,40.42,124.44370655,0,0,1774397164115,False,True
0,40.43,38.43680435,0,0,1774397165998,True,True
0,40.35,0.04915,0,0,1774397180689,True,True
0,40.34,2.34326189,0,0,1774397186289,True,True
0,40.36,8.95398439,0,0,1774397186289,True,True
0,40.44,3.24024,0,0,1774397210518,True,True
0,40.44,0.80211716,0,0,1774397231507,False,True
0,40.43,3.798427,0,0,1774397231507,False,True
0,40.46,37.07537958,0,0,1774397231995,True,True
0,40.46,33.95118835,0,0,1774397231995,True,True
0,40.46,58.81214207,0,0,1774397231995,True,True
0,40.46,12.39149778,0,0,1774397235001,True,True
0,40.46,21.51856764,0,0,1774397245513,True,True
0,40.47,31.6166519,0,0,1774397285363,True,True
0,40.34,15.29878503,0,0,1774397365303,False,True
0,40.37,10.7978697,0,0,1774397383486,False,True
0,40.41,18.49466976,0,0,1774397406607,False,True
0,40.41,2.41307891,0,0,1774397406607,False,True
0,40.41,2.39237153,0,0,1774397406607,False,True
0,40.4,18.49466976,0,0,1774397406607,False,True
0,40.4,34.37815528,0,0,1774397406607,False,True
0,40.4,31.0514969,0,0,1774397420664,False,True
0,40.4,9.8778228,0,0,1774397420675,False,True
0,40.44,16.5846335,0,0,1774397442232,False,True
0,40.46,37.07882101,0,0,1774397459449,True,True
0,40.46,10.0,0,0,1774397459449,True,True
0,40.47,61.6895421,0,0,1774397459449,True,True
0,40.47,37.07124386,0,0,1774397459449,True,True
0,40.47,2.4415215,0,0,1774397459449,True,True
0,40.48,108.75494807,0,0,1774397459449,True,True
0,40.46,124.79206238,0,0,1774397463684,False,True
0,40.46,11.3345417,0,0,1774397470169,False,True
0,40.46,129.43384683,0,0,1774397473223,False,True
0,40.46,123.72946637,0,0,1774397473581,False,True
0,40.46,127.209191,0,0,1774397474054,False,True
0,40.46,124.50408738,0,0,1774397474615,False,True
0,40.47,37.07365299,0,0,1774397486222,True,True
0,40.48,24.92634701,0,0,1774397486222,True,True
0,40.47,2.98023227,0,0,1774397511837,True,True
0,40.48,37.06449221,0,0,1774397516374,True,True
0,40.48,61.6895421,0,0,1774397516374,True,True
0,40.49,123.49036427,0,0,1774397516374,True,True
0,40.49,159.75,0,0,1774397516374,True,True
0,40.49,247.15,0,0,1774397516374,True,True
0,40.5,37.05162185,0,0,1774397516374,True,True
0,40.51,123.45689608,0,0,1774397516374,True,True
0,40.51,247.15,0,0,1774397516374,True,True
0,40.52,13.6528122,0,0,1774397516374,True,True
0,40.52,33.0255517,0,0,1774397516374,True,True
0,40.52,14.27494551,0,0,1774397516374,True,True
0,40.52,246.86254131,0,0,1774397516374,True,True
0,40.52,103.9712231,0,0,1774397516374,True,True
0,40.53,13.6630136,0,0,1774397516374,True,True
0,40.53,214.0064303,0,0,1774397516374,True,True
0,40.46,3.4455801,0,0,1774397533921,False,True
0,40.46,0.2351827,0,0,1774397533921,False,True
0,40.46,1.18944238,0,0,1774397533921,False,True
0,40.46,0.26872482,0,0,1774397533921,False,True
0,40.5,2.4415117,0,0,1774397566065,False,True
0,40.5,0.90877307,0,0,1774397566065,False,True
0,40.49,1.78864523,0,0,1774397566065,False,True
0,40.49,17.0371332,0,0,1774397569309,False,True
0,40.54,2.4415117,0,0,1774397570644,True,True
0,40.54,20.6126891,0,0,1774397570644,True,True
0,40.52,2.4415117,0,0,1774397573118,False,True
0,40.51,1.07122741,0,0,1774397573119,False,True
0,40.53,37.0096225,0,0,1774397578918,True,True
0,40.53,50.08783617,0,0,1774397578918,True,True
0,40.51,127.33007446,0,0,1774397596765,False,True
0,40.53,37.0096225,0,0,1774397600667,True,True
0,40.54,3.61642584,0,0,1774397600667,True,True
0,40.53,1.0,0,0,1774397605568,True,True
0,40.52,129.39709458,0,0,1774397612505,False,True
0,40.53,3.41305504,0,0,1774397618494,True,True
0,40.56,125.30784267,0,0,1774397678576,True,True
0,40.56,33.41516863,0,0,1774397678979,True,True
0,40.56,124.92109582,0,0,1774397678997,True,True
0,40.56,123.36421655,0,0,1774397679616,True,True
0,40.56,337.88423531,0,0,1774397682729,True,True
0,40.56,33.41516863,0,0,1774397682731,True,True
0,40.56,125.25413895,0,0,1774397682733,True,True
0,40.56,620.54417839,0,0,1774397685437,True,True
0,40.56,227.64693026,0,0,1774397687069,True,True
0,40.56,127.49092296,0,0,1774397691012,True,True
0,40.56,73.93968685,0,0,1774397692789,True,True
0,40.56,12.66169591,0,0,1774397695853,True,True
0,40.56,13.6596115,0,0,1774397695853,True,True
0,40.57,6.65199005,0,0,1774397695853,True,True
0,40.57,3.68217879,0,0,1774397695853,True,True
0,40.57,0.4711859,0,0,1774397695853,True,True
0,40.58,36.96495576,0,0,1774397695853,True,True
0,40.59,36.95537141,0,0,1774397695853,True,True
0,40.6,0.53600218,0,0,1774397695853,True,True
0,40.6,2.4415117,0,0,1774397695853,True,True
0,40.6,26.01012469,0,0,1774397695853,True,True
0,40.6,13.51157632,0,0,1774397705694,True,True
0,40.6,23.43630378,0,0,1774397706213,True,True
0,40.61,1.19423809,0,0,1774397706213,True,True
0,40.57,12.32437761,0,0,1774397719267,True,True
0,40.55,3.0434,0,0,1774397741319,False,True
0,40.55,3.2e-06,0,0,1774397741323,False,True
0,40.53,37.01099808,0,0,1774397745953,True,True
0,40.54,37.00614009,0,0,1774397745953,True,True
0,40.54,30.45055081,0,0,1774397745953,True,True
0,40.56,36.98224852,0,0,1774397767492,True,True
0,40.57,18.86952629,0,0,1774397827820,True,True
0,40.57,36.98218052,0,0,1774397827820,True,True
0,40.57,125.84272196,0,0,1774397827820,True,True
0,40.58,11.03162029,0,0,1774397827820,True,True
0,40.58,246.44,0,0,1774397827820,True,True
0,40.58,246.44,0,0,1774397827820,True,True
0,40.58,36.96977769,0,0,1774397827820,True,True
0,40.58,170.05,0,0,1774397827820,True,True
0,40.58,61.6895421,0,0,1774397827820,True,True
0,40.59,18.86952629,0,0,1774397827820,True,True
0,40.59,123.19570638,0,0,1774397827820,True,True
0,40.59,15.47969689,0,0,1774397827820,True,True
0,40.59,33.0255517,0,0,1774397827820,True,True
0,40.6,123.15462286,0,0,1774397827820,True,True
0,40.61,0.30143061,0,0,1774397827820,True,True
0,40.62,14.925,0,0,1774397827820,True,True
0,40.62,19.90256856,0,0,1774397827820,True,True
0,40.62,228.17353564,0,0,1774397827820,True,True
0,40.63,18.49466976,0,0,1774397827820,True,True
0,40.63,58.57414019,0,0,1774397827820,True,True
0,40.63,739.58,0,0,1774397827820,True,True
0,40.63,369.34508661,0,0,1774397827820,True,True
0,40.64,30.0,0,0,1774397827820,True,True
0,40.65,246.07478194,0,0,1774397827820,True,True
0,40.65,30.0,0,0,1774397827820,True,True
0,40.66,30.0,0,0,1774397827820,True,True
0,40.66,30.0,0,0,1774397827820,True,True
0,40.66,351.25954115,0,0,1774397827820,True,True
0,40.67,6.91562355,0,0,1774397827820,True,True
0,40.67,2.51291713,0,0,1774397827820,True,True
0,40.67,13.6155373,0,0,1774397827820,True,True
0,40.67,368.84456406,0,0,1774397827820,True,True
0,40.67,7.3713171,0,0,1774397827820,True,True
0,40.67,30.0,0,0,1774397827820,True,True
0,40.68,20.0,0,0,1774397827820,True,True
0,40.68,49.73039356,0,0,1774397827820,True,True
0,40.6,0.24582105,0,0,1774397830123,True,True
0,40.55,129.56088474,0,0,1774397980198,False,True
0,40.55,1.54081381,0,0,1774397984344,False,True
0,40.55,125.15635392,0,0,1774397984344,False,True
0,40.54,2.4415117,0,0,1774397984860,False,True
0,40.54,137.78815105,0,0,1774397984860,False,True
0,40.54,108.84184895,0,0,1774397985297,False,True
0,40.54,22.91117982,0,0,1774397985297,False,True
0,40.53,29.43946026,0,0,1774397986502,False,True
0,40.53,105.76517327,0,0,1774397986502,False,True
0,40.53,0.30727516,0,0,1774397986879,False,True
0,40.51,7.9656156,0,0,1774397989724,False,True
0,40.51,2.4415117,0,0,1774398004251,True,True
0,40.51,11.10008287,0,0,1774398004251,True,True
0,40.5,1.0,0,0,1774398021842,False,True
0,40.5,129.3538912,0,0,1774398021842,False,True
0,40.47,129.58094999,0,0,1774398035925,False,True
0,40.47,2.4415117,0,0,1774398038216,False,True
0,40.47,0.30422724,0,0,1774398038216,False,True
0,40.46,0.9886732,0,0,1774398038216,False,True
0,40.46,9.52338626,0,0,1774398038216,False,True
0,40.48,86.9232637,0,0,1774398043419,False,True
0,40.48,0.21228771,0,0,1774398070447,False,True
0,40.48,123.45776692,0,0,1774398074756,False,True
0,40.48,1.82463885,0,0,1774398074756,False,True
0,40.49,49.36472151,0,0,1774398099682,True,True
0,40.49,65.21494917,0,0,1774398099738,True,True
0,40.49,93.7745735,0,0,1774398099739,True,True
0,40.53,134.20407769,0,0,1774398112006,False,True
0,40.57,36.97313285,0,0,1774398139922,True,True
0,40.58,49.5717102,0,0,1774398139922,True,True
0,40.56,133.28539477,0,0,1774398149298,False,True
0,40.57,15.6114888,0,0,1774398187839,False,True
0,40.58,128.73951667,0,0,1774398202700,False,True
0,40.59,2.34639074,0,0,1774398248709,True,True
0,40.59,9.97191426,0,0,1774398248709,True,True
0,40.57,3.45689,0,0,1774398257809,False,True
0,40.6,1.0,0,0,1774398266349,True,True
0,40.6,13.51157632,0,0,1774398304072,True,True
0,40.61,2.27502,0,0,1774398310174,True,True
0,40.63,0.6647168,0,0,1774398331570,False,True
0,40.67,6.88332557,0,0,1774398343148,False,True
0,40.67,36.88222276,0,0,1774398349441,True,True
0,40.68,122.9701025,0,0,1774398349441,True,True
0,40.68,36.87446817,0,0,1774398349441,True,True
0,40.69,49.71775657,0,0,1774398349441,True,True
0,40.69,0.97273,0,0,1774398353451,True,True
0,40.69,0.94124341,0,0,1774398366984,False,True
0,40.7,123.56458388,0,0,1774398376246,False,True
0,40.7,124.56332572,0,0,1774398376679,False,True
0,40.71,0.85105718,0,0,1774398378102,True,True
0,40.71,1.60534169,0,0,1774398378102,True,True
0,40.67,124.46471725,0,0,1774398429944,False,True
0,40.68,0.83037844,0,0,1774398464333,True,True
0,40.68,0.983405,0,0,1774398472655,True,True
0,40.69,36.86433388,0,0,1774398472655,True,True
0,40.72,36.83693516,0,0,1774398492120,True,True
0,40.73,18.19540109,0,0,1774398492120,True,True
0,40.73,67.71322039,0,0,1774398492120,True,True
0,40.73,36.82944102,0,0,1774398492120,True,True
0,40.73,40.42500234,0,0,1774398492120,True,True
0,40.72,0.83070061,0,0,1774398510176,False,True
0,40.72,0.36813558,0,0,1774398510176,False,True
0,40.71,2.42045921,0,0,1774398514391,False,True
0,40.71,2.30548812,0,0,1774398517642,False,True
0,40.71,2.19597732,0,0,1774398517930,False,True
0,40.71,2.19597725,0,0,1774398518529,False,True
0,40.72,12.13113949,0,0,1774398521041,True,True
0,40.71,31.6389146,0,0,1774398522111,False,True
0,40.67,1.61162168,0,0,1774398548589,True,True
0,40.68,36.87315634,0,0,1774398548589,True,True
0,40.68,165.71089552,0,0,1774398548591,False,True
0,40.66,0.6796147,0,0,1774398556964,False,True
0,40.64,1.5098269,0,0,1774398605196,True,True
0,40.65,11.981811,0,0,1774398605196,True,True
0,40.6,4.66477832,0,0,1774398626174,False,True
0,40.6,2.44151168,0,0,1774398626174,False,True
0,40.59,99.13258,0,0,1774398626262,False,True
0,40.59,9.8e-06,0,0,1774398626646,False,True
0,40.57,3.14819477,0,0,1774398626731,False,True
0,40.57,7.62390216,0,0,1774398628349,False,True
0,40.57,0.29616784,0,0,1774398628349,False,True
0,40.55,0.9863641,0,0,1774398629364,False,True
0,40.55,0.2945459,0,0,1774398629364,False,True
0,40.52,2.4415117,0,0,1774398646893,True,True
0,40.57,0.04775,0,0,1774398663528,True,True
0,40.56,2.4415117,0,0,1774398668210,False,True
0,40.56,123.02327598,0,0,1774398668210,False,True
0,40.59,0.02503,0,0,1774398691178,True,True
0,40.63,0.04732,0,0,1774398718181,True,True
0,40.65,0.246063,0,0,1774398723620,True,True
0,40.63,123.56584048,0,0,1774398727094,False,True
0,40.64,130.09177898,0,0,1774398736069,False,True
0,40.75,60.85524385,0,0,1774398754706,True,True
0,40.75,55.70482983,0,0,1774398754706,True,True
0,40.75,2.11282492,0,0,1774398754708,True,True
0,40.76,36.80235502,0,0,1774398754708,True,True
0,40.76,2.4415117,0,0,1774398754708,True,True
0,40.73,2.4415117,0,0,1774398765273,False,True
0,40.72,36.8413917,0,0,1774398814345,True,True
0,40.72,81.82388335,0,0,1774398814345,True,True
0,40.72,1.46489,0,0,1774398891409,True,True
0,40.72,0.55411,0,0,1774398893584,True,True
0,40.73,13.47175832,0,0,1774398904879,True,True
0,40.71,19.91976,0,0,1774398905543,False,True
0,40.72,36.83693516,0,0,1774398935512,True,True
0,40.72,17.54842915,0,0,1774398935512,True,True
0,40.72,98.25527766,0,0,1774398935512,True,True
0,40.72,158.21,0,0,1774398935512,True,True
0,40.73,61.6895421,0,0,1774398935512,True,True
0,40.73,36.83693516,0,0,1774398935512,True,True
0,40.73,138.78709624,0,0,1774398935512,True,True
0,40.76,61.6895421,0,0,1774399028740,True,True
0,40.77,2.4415117,0,0,1774399028762,True,True
0,40.79,8.210484,0,0,1774399028775,True,True
0,40.79,0.88168802,0,0,1774399028825,False,True
0,40.85,3.62140052,0,0,1774399035127,True,True
0,40.84,12.48751249,0,0,1774399035127,False,True
0,40.84,11.60306809,0,0,1774399035127,False,True
0,40.84,0.8844444,0,0,1774399035127,False,True
0,40.87,2.0,0,0,1774399039906,True,True
0,40.88,6.06235886,0,0,1774399039906,True,True
0,40.88,7.47923564,0,0,1774399041476,True,True
0,40.9,30.1775425,0,0,1774399041480,True,True
0,40.97,2.63042939,0,0,1774399044656,True,True
0,40.93,0.745504,0,0,1774399050253,True,True
0,40.9,0.86960801,0,0,1774399051969,False,True
0,40.91,0.85216896,0,0,1774399054349,True,True
0,40.91,1.57207758,0,0,1774399060776,False,True
0,40.91,0.41287321,0,0,1774399060776,False,True
0,40.9,122.24938875,0,0,1774399060776,False,True
0,40.87,0.91129,0,0,1774399125513,False,True
0,40.85,6.612792,0,0,1774399143053,False,True
0,40.85,47.20665244,0,0,1774399173889,False,True
0,40.85,171.35862914,0,0,1774399173889,False,True
0,40.85,0.98656855,0,0,1774399199898,False,True
0,40.85,10.43864564,0,0,1774399199898,False,True
0,40.85,1.2934041,0,0,1774399203079,False,True
0,40.86,13.42888608,0,0,1774399204681,True,True
0,40.82,0.6189236,0,0,1774399209463,False,True
0,40.83,0.61184532,0,0,1774399219749,True,True
0,40.82,24.3810764,0,0,1774399270745,False,True
0,40.76,0.04172,0,0,1774399300669,True,True
0,40.76,2.3999656,0,0,1774399302998,True,True
0,40.77,6.1015144,0,0,1774399302998,True,True
0,40.75,13.83435583,0,0,1774399316298,True,True
0,40.74,123.39156952,0,0,1774399322471,False,True
0,40.74,122.06743882,0,0,1774399322511,False,True
0,40.76,0.241513,0,0,1774399358514,True,True
0,40.8,2.4415117,0,0,1774399372096,False,True
0,40.73,0.17016,0,0,1774399385039,True,True
0,40.7,0.73691967,0,0,1774399386961,False,True
0,40.7,0.745504,0,0,1774399386961,False,True
0,40.7,0.54713,0,0,1774399394766,False,True
0,40.71,2.10119169,0,0,1774399396346,True,True
0,40.74,2.27138,0,0,1774399406299,False,True
0,40.68,0.9832216,0,0,1774399433795,False,True
0,40.68,0.5009684,0,0,1774399433795,False,True
0,40.64,0.2460671,0,0,1774399458539,False,True
0,40.64,0.8470229,0,0,1774399458539,False,True
0,40.64,7.36e-06,0,0,1774399458540,False,True
0,40.61,1.18317264,0,0,1774399458540,False,True
0,40.6,30.0,0,0,1774399461859,False,True
0,40.59,246.06,0,0,1774399461859,False,True
0,40.59,36.9502322,0,0,1774399461859,False,True
0,40.59,61.6895421,0,0,1774399461859,False,True
0,40.58,0.2464367,0,0,1774399461859,False,True
0,40.58,36.96127409,0,0,1774399461859,False,True
0,40.58,173.95,0,0,1774399461859,False,True
0,40.57,123.24316355,0,0,1774399461859,False,True
0,40.56,0.9861891,0,0,1774399461859,False,True
0,40.56,246.44404934,0,0,1774399461859,False,True
0,40.56,738.2,0,0,1774399461859,False,True
0,40.56,245.45,0,0,1774399461859,False,True
0,40.55,123.27588946,0,0,1774399461859,False,True
0,40.53,17.44975354,0,0,1774399461859,False,True
0,40.57,0.30019,0,0,1774399481837,False,True
0,40.63,1.5,0,0,1774399514910,True,True
0,40.58,1.23213405,0,0,1774399541971,False,True
0,40.57,2.44154,0,0,1774399557175,True,True
0,40.6,54.76155909,0,0,1774399563800,True,True
0,40.6,67.40504739,0,0,1774399563801,True,True
0,40.6,40.92339352,0,0,1774399563801,True,True
0,40.56,2.4415117,0,0,1774399575090,False,True
0,40.56,0.44810721,0,0,1774399575090,False,True
0,40.56,9.48252422,0,0,1774399575090,False,True
0,40.56,17.70919205,0,0,1774399575090,False,True
0,40.55,17.70919205,0,0,1774399575090,False,True
0,40.55,109.19140477,0,0,1774399575090,False,True
0,40.55,61.6895421,0,0,1774399575090,False,True
0,40.55,36.98986016,0,0,1774399575090,False,True
0,40.55,19.95392806,0,0,1774399575090,False,True
0,40.54,17.70919205,0,0,1774399575090,False,True
0,40.54,41.00660433,0,0,1774399575090,False,True
0,40.54,50.79355151,0,0,1774399575090,False,True
0,40.54,246.39,0,0,1774399575090,False,True
0,40.54,36.98485781,0,0,1774399575090,False,True
0,40.54,210.04,0,0,1774399575090,False,True
0,40.53,17.70919205,0,0,1774399575090,False,True
0,40.53,49.20654447,0,0,1774399575090,False,True
0,40.53,738.1472857,0,0,1774399575090,False,True
0,40.58,0.24642681,0,0,1774399592201,False,True
0,40.56,2.4415117,0,0,1774399603771,True,True
0,40.58,10.94135042,0,0,1774399603777,True,True
0,40.66,131.63211398,0,0,1774399628343,True,True
0,40.76,98.57703631,0,0,1774399653647,True,True
0,40.75,2.44151,0,0,1774399653930,False,True
0,40.72,140.16277147,0,0,1774399672017,True,True
0,40.71,8.67108818,0,0,1774399680310,False,True
0,40.72,2.44151,0,0,1774399684938,True,True
0,40.72,5.21107,0,0,1774399684938,True,True
0,40.71,0.30516,0,0,1774399690245,False,True
0,40.64,1.06679,0,0,1774399722913,False,True
0,40.65,2.39543,0,0,1774399725597,True,True
0,40.65,8.33907,0,0,1774399732527,True,True
0,40.65,127.18061631,0,0,1774399734524,True,True
0,40.65,1.9405,0,0,1774399750861,True,True
0,40.63,2.13641272,0,0,1774399789404,False,True
0,40.63,1.41053408,0,0,1774399789404,False,True
0,40.58,1.00217,0,0,1774399792659,True,True
0,40.57,0.48727647,0,0,1774399801820,True,True
0,40.57,0.48727647,0,0,1774399801822,True,True
0,40.57,0.48727647,0,0,1774399801824,True,True
0,40.59,13.51823556,0,0,1774399804397,True,True
0,40.6,8.53086,0,0,1774399844583,True,True
0,40.59,1.07349,0,0,1774399858689,True,True
0,40.56,0.9797432,0,0,1774399877910,True,True
0,40.57,129.76673212,0,0,1774399877910,True,True
0,40.59,12.04538,0,0,1774399890648,True,True
0,40.63,1.08185,0,0,1774399960296,True,True
0,40.64,0.9842519,0,0,1774399999557,True,True
0,40.62,2.44151,0,0,1774400024951,False,True
0,40.62,1.7e-06,0,0,1774400024952,False,True
0,40.62,0.34457041,0,0,1774400024952,False,True
0,40.6,17.70919205,0,0,1774400024952,False,True
0,40.6,36.60123584,0,0,1774400024952,False,True
0,40.6,0.34457418,0,0,1774400024952,False,True
0,40.59,17.70919205,0,0,1774400024952,False,True
0,40.59,36.60732377,0,0,1774400024952,False,True
0,40.59,0.34457675,0,0,1774400024952,False,True
0,40.58,8.21903367,0,0,1774400024952,False,True
0,40.58,121.43638958,0,0,1774400024952,False,True
0,40.57,81.46127845,0,0,1774400024959,False,True
0,40.57,4.07306392,0,0,1774400024959,False,True
0,40.58,18.0,0,0,1774400024977,False,True
0,40.58,18.95602062,0,0,1774400024977,False,True
0,40.57,2.04397938,0,0,1774400024977,False,True
0,40.57,3.2,0,0,1774400024977,False,True
0,40.57,6.0,0,0,1774400024978,False,True
0,40.57,1.237,0,0,1774400024980,False,True
0,40.57,1.237,0,0,1774400024981,False,True
0,40.57,8.0,0,0,1774400024981,False,True
0,40.57,0.1317278,0,0,1774400024982,False,True
0,40.56,5.8682722,0,0,1774400024982,False,True
0,40.55,1.75,0,0,1774400025075,False,True
0,40.55,1.7,0,0,1774400025081,False,True
0,40.55,16.55,0,0,1774400025083,False,True
0,40.53,50.0,0,0,1774400025125,False,True
0,40.53,10.0,0,0,1774400025125,False,True
0,40.53,20.0,0,0,1774400025125,False,True
0,40.51,3.02,0,0,1774400025334,False,True
0,40.51,2.21,0,0,1774400025335,False,True
0,40.57,120.3565,0,0,1774400044508,True,True
0,40.57,87.6935,0,0,1774400050234,True,True
0,40.57,36.97330068,0,0,1774400050234,True,True
0,40.57,23.10859036,0,0,1774400050234,True,True
0,40.57,99.1325898,0,0,1774400050234,True,True
0,40.57,9.43907345,0,0,1774400050234,True,True
0,40.56,98.61499471,0,0,1774400093489,False,True
0,40.56,61.6895421,0,0,1774400093489,False,True
0,40.54,36.98492811,0,0,1774400093514,False,True
0,40.53,18.23902551,0,0,1774400093514,False,True
0,40.53,36.99478157,0,0,1774400093514,False,True
0,40.52,30.78126481,0,0,1774400093514,False,True
0,40.52,92.61130573,0,0,1774400093514,False,True
0,40.51,30.38869427,0,0,1774400093514,False,True
0,40.51,57.0,0,0,1774400093514,False,True
0,40.52,1.246,0,0,1774400093516,False,True
0,40.51,123.0,0,0,1774400093518,False,True
0,40.51,0.42605399,0,0,1774400093518,False,True
0,40.49,48.57394601,0,0,1774400093518,False,True
0,40.5,0.31719936,0,0,1774400093522,False,True
0,40.5,0.92880064,0,0,1774400093522,False,True
0,40.48,39.6382164,0,0,1774400093669,False,True
0,40.47,0.987808,0,0,1774400093669,False,True
0,40.47,5.19117308,0,0,1774400095794,False,True
0,40.52,0.24697457,0,0,1774400121256,True,True
0,40.47,0.2,0,0,1774400144659,False,True
0,40.48,0.3088928,0,0,1774400149267,False,True
0,40.51,2.4415117,0,0,1774400173492,True,True
0,40.52,1.88774212,0,0,1774400180809,False,True
0,40.6,6.40848,0,0,1774400307996,True,True
0,40.55,1.6618,0,0,1774400322710,False,True
0,40.55,2.64e-06,0,0,1774400322710,False,True
0,40.54,0.55414707,0,0,1774400322710,False,True
0,40.47,2.94983438,0,0,1774400338307,False,True
0,40.48,2.44188,0,0,1774400346348,True,True
0,40.49,2.44150251,0,0,1774400365751,False,True
0,40.49,22.55766856,0,0,1774400382967,True,True
0,40.52,0.2,0,0,1774400408202,True,True
0,40.43,1.54233347,0,0,1774400424416,False,True
0,40.43,1.54233347,0,0,1774400424416,False,True
0,40.43,14.62002379,0,0,1774400424433,False,True
0,40.43,35.37997621,0,0,1774400424433,False,True
0,40.41,50.0,0,0,1774400438778,False,True
0,40.41,0.4781639,0,0,1774400438778,False,True
0,40.4,17.70469073,0,0,1774400438778,False,True
0,40.4,20.64038487,0,0,1774400438778,False,True
0,40.43,37.10914035,0,0,1774400444552,True,True
0,40.43,10.16244015,0,0,1774400444552,True,True
0,40.36,0.9907911,0,0,1774400494591,False,True
0,40.36,0.3106089,0,0,1774400494591,False,True
0,40.35,2.4415117,0,0,1774400505217,True,True
0,40.42,69.27263731,0,0,1774400521836,True,True
0,40.43,19.81178,0,0,1774400549379,True,True
0,40.42,1.2260957,0,0,1774400561573,False,True
0,40.43,8e-06,0,0,1774400590037,True,True
0,40.45,0.017592,0,0,1774400590037,True,True
0,40.43,1.21566117,0,0,1774400591190,False,True
0,40.47,2.44175,0,0,1774400710582,True,True
0,40.45,1.11940583,0,0,1774400806126,False,True
0,40.45,0.9888751,0,0,1774400822166,True,True
0,40.49,3.92590763,0,0,1774400863613,True,True
0,40.49,1.16172,0,0,1774400863649,True,True
0,40.5,2.4415048,0,0,1774400885456,False,True
0,40.5,1.45137361,0,0,1774400885456,False,True
0,40.47,2.4415117,0,0,1774400899936,True,True
0,40.47,4.48515496,0,0,1774400899936,True,True
0,40.56,36.98710533,0,0,1774400991700,True,True
0,40.56,51.32108013,0,0,1774400991700,True,True
0,40.56,22.2495069,0,0,1774400992325,True,True
0,40.57,1.09713655,0,0,1774401017990,False,True
0,40.57,0.76411141,0,0,1774401018436,True,True
0,40.55,1.0971366,0,0,1774401041728,True,True
0,40.56,1.3202734,0,0,1774401041728,True,True
0,40.67,2.44151,0,0,1774401121689,False,True
0,40.67,1.7e-06,0,0,1774401121690,False,True
0,40.64,0.04755,0,0,1774401139808,True,True
0,40.62,0.2,0,0,1774401192670,True,True
0,40.62,24.53628,0,0,1774401224469,True,True
0,40.52,0.49346163,0,0,1774401368051,True,True
0,40.47,2.34641169,0,0,1774401406042,True,True
0,40.53,0.45435948,0,0,1774401411364,True,True
0,40.48,0.27181258,0,0,1774401424774,False,True
0,40.48,14.53568989,0,0,1774401424774,False,True
0,40.52,2.39397121,0,0,1774401489004,False,True
0,40.51,98.74109288,0,0,1774401489004,False,True
0,40.48,2.4415212,0,0,1774401526425,True,True
0,40.5,0.02496,0,0,1774401550686,True,True
0,40.57,4.62792,0,0,1774401681086,True,True
0,40.56,2.4415117,0,0,1774401688680,False,True
0,40.58,0.22637,0,0,1774401989891,True,True
0,40.58,0.27114276,0,0,1774402031263,False,True
0,40.58,0.73869724,0,0,1774402031263,False,True
0,40.6,0.56111385,0,0,1774402038942,True,True
0,40.59,0.86654399,0,0,1774402053110,True,True
0,40.6,0.79888601,0,0,1774402053110,True,True
0,40.58,0.7874838,0,0,1774402100631,True,True
0,40.59,82.3223962,0,0,1774402100631,True,True
0,40.59,0.36964022,0,0,1774402101424,True,True
0,40.67,0.5,0,0,1774402200046,True,True
0,40.68,0.2210913,0,0,1774402217234,True,True
0,40.67,74.69387755,0,0,1774402248705,True,True
0,40.66,0.22592,0,0,1774402293780,False,True
0,40.67,0.90666,0,0,1774402318393,True,True
0,40.71,0.30108918,0,0,1774402504515,False,True
0,40.72,1.91460788,0,0,1774402521049,False,True
0,40.72,2.07621212,0,0,1774402521049,False,True
0,40.72,19.67051881,0,0,1774402600586,True,True
0,40.72,0.43837,0,0,1774402617044,True,True
0,40.73,17.60464119,0,0,1774402625629,True,True
0,40.73,32.39535881,0,0,1774402625629,True,True
0,40.73,1.52816,0,0,1774402634633,True,True
0,40.68,20.0,0,0,1774402674008,True,True
0,40.67,0.2,0,0,1774402681070,False,True
0,40.67,0.71088607,0,0,1774402681070,False,True
0,40.65,1.9665196,0,0,1774402681070,False,True
0,40.64,11.01546925,0,0,1774402681070,False,True
0,40.64,10.9209076,0,0,1774402681070,False,True
0,40.69,0.29923,0,0,1774402695993,True,True
0,40.72,0.2995634,0,0,1774402803245,False,True
0,40.72,1.8709797,0,0,1774402803245,False,True
0,40.74,2.4419401,0,0,1774402815992,True,True
0,40.74,7.0426699,0,0,1774402815992,True,True
0,40.72,3.38124956,0,0,1774402860115,False,True
0,40.72,1.53034,0,0,1774402865868,False,True
0,40.72,1.79e-06,0,0,1774402866141,False,True
0,40.68,124.58699798,0,0,1774402885607,False,True
0,40.68,41.96382476,0,0,1774402903399,False,True
0,40.68,73.44917,0,0,1774402903405,False,True
0,40.68,7.26e-06,0,0,1774402904193,False,True
0,40.68,2.44150274,0,0,1774402904193,False,True
0,40.67,7.7886475,0,0,1774402907597,False,True
0,40.73,0.35596,0,0,1774402995277,True,True
0,40.72,0.06383,0,0,1774403054200,True,True
0,40.67,52.2113525,0,0,1774403091634,False,True
0,40.67,60.0,0,0,1774403091634,False,True
0,40.66,0.06473,0,0,1774403093650,True,True
0,40.65,2.1695695,0,0,1774403094674,False,True
0,40.65,0.36531358,0,0,1774403094674,False,True
0,40.54,36.98547863,0,0,1774403104118,False,True
0,40.54,60.0,0,0,1774403104118,False,True
0,40.54,0.31748101,0,0,1774403104118,False,True
0,40.49,2.3767727,0,0,1774403128946,True,True
0,40.44,1.06280909,0,0,1774403249917,False,True
0,40.44,2.4415117,0,0,1774403249917,False,True
0,40.44,0.94645012,0,0,1774403249917,False,True
0,40.43,2.1014,0,0,1774403251743,True,True
0,40.39,0.04101,0,0,1774403294936,False,True
0,40.39,59.95899,0,0,1774403307082,False,True
0,40.39,1.14141241,0,0,1774403307082,False,True
0,40.38,1.37231059,0,0,1774403307082,False,True
0,40.39,20.0705188,0,0,1774403344715,False,True
0,40.41,2.6,0,0,1774403475630,False,True
0,40.42,0.11082,0,0,1774403540438,True,True
0,40.41,0.21,0,0,1774403653824,False,True
0,40.35,0.9939841,0,0,1774403706522,False,True
0,40.34,2.11731982,0,0,1774403706522,False,True
0,40.34,2.4415117,0,0,1774403747389,True,True
0,40.36,24.77700694,0,0,1774403754753,True,True
0,40.36,3.08326,0,0,1774403772289,True,True
0,40.31,0.2480795,0,0,1774403878525,False,True
0,40.31,0.72316937,0,0,1774403878525,False,True
0,40.3,1.52875113,0,0,1774403878525,False,True
0,40.31,0.10146,0,0,1774403926689,False,True
0,40.31,2.23859165,0,0,1774403950216,False,True
0,40.31,1.52329835,0,0,1774403950216,False,True
0,40.3,10.87819676,0,0,1774403997431,False,True
0,40.3,1.35637324,0,0,1774403997431,False,True
0,40.26,3.62140052,0,0,1774403998080,False,True
0,40.26,0.65647778,0,0,1774403998080,False,True
0,40.25,0.2484522,0,0,1774404001921,False,True
0,40.25,0.30539544,0,0,1774404001921,False,True
0,40.22,2.3400517,0,0,1774404005608,True,True
0,40.21,17.50908643,0,0,1774404009403,False,True
0,40.21,7.12145547,0,0,1774404009403,False,True
0,40.2,1.36815,0,0,1774404045710,False,True
0,40.2,9.2e-06,0,0,1774404052306,False,True
0,40.18,0.24648,0,0,1774404056357,True,True
0,40.18,4.81732,0,0,1774404060405,True,True
0,40.18,99.49108094,0,0,1774404077913,False,True
0,40.18,1.0851547,0,0,1774404077913,False,True
0,40.17,50.0,0,0,1774404077913,False,True
0,40.17,248.9,0,0,1774404077913,False,True
0,40.17,27.63257988,0,0,1774404077913,False,True
0,40.17,188.33345,0,0,1774404077913,False,True
0,40.17,31.95397012,0,0,1774404077913,False,True
0,40.17,46.69602988,0,0,1774404077913,False,True
0,40.17,115.83397012,0,0,1774404077913,False,True
0,40.16,0.4274401,0,0,1774404085185,False,True
0,40.16,13.09580475,0,0,1774404089624,True,True
0,40.17,75.44813351,0,0,1774404089624,True,True
0,40.17,2.24047797,0,0,1774404091650,True,True
0,40.16,1.3034411,0,0,1774404093939,False,True
0,40.17,28.59036214,0,0,1774404095844,True,True
0,40.17,292.47142119,0,0,1774404095844,True,True
0,40.17,58.78811996,0,0,1774404095844,True,True
0,40.17,41.45738596,0,0,1774404095844,True,True
0,40.17,2.72457183,0,0,1774404095844,True,True
0,40.17,196.51231731,0,0,1774404095844,True,True
0,40.17,21.14802903,0,0,1774404103068,True,True
0,40.17,146.15794942,0,0,1774404103068,True,True
0,40.17,138.80275039,0,0,1774404103068,True,True
0,40.17,135.03300414,0,0,1774404103068,True,True
0,40.17,132.67844648,0,0,1774404103068,True,True
0,40.17,46.72399893,0,0,1774404103068,True,True
0,40.17,33.41516863,0,0,1774404104214,True,True
0,40.17,56.70485215,0,0,1774404104222,True,True
0,40.17,136.76077402,0,0,1774404104222,True,True
0,40.17,0.19862922,0,0,1774404104223,True,True
0,40.17,133.02251329,0,0,1774404104223,True,True
0,40.17,50.47224327,0,0,1774404104223,True,True
0,40.17,82.29858753,0,0,1774404104224,True,True
0,40.18,36.22936131,0,0,1774404104224,True,True
0,40.18,96.97063872,0,0,1774404104226,True,True
0,40.21,0.0872,0,0,1774404111898,True,True
0,40.2,2.4415117,0,0,1774404112515,False,True
0,40.2,0.53448485,0,0,1774404112626,False,True
0,40.16,0.37471868,0,0,1774404120086,False,True
0,40.17,0.09379,0,0,1774404193978,True,True
0,40.14,6.65199005,0,0,1774404205937,False,True
0,40.14,3.68217879,0,0,1774404205937,False,True
0,40.14,0.5796356,0,0,1774404205937,False,True
0,40.12,8.210484,0,0,1774404215150,False,True
0,40.13,6.02392226,0,0,1774404314052,False,True
0,40.11,0.85190908,0,0,1774404333960,False,True
0,40.07,2.25393169,0,0,1774404357464,True,True
0,40.1,1.25629,0,0,1774404362577,True,True
0,40.09,5.23616,0,0,1774404363756,True,True
0,40.08,160.26552137,0,0,1774404437864,True,True
0,40.08,146.65824474,0,0,1774404437923,True,True
0,40.08,8.18025559,0,0,1774404496306,True,True
0,40.1,2.34774045,0,0,1774404509610,False,True
0,40.1,1.86170683,0,0,1774404509610,False,True
0,40.16,60.0,0,0,1774404536118,False,True
0,40.16,59.8980754,0,0,1774404536118,False,True
0,40.17,0.61619,0,0,1774404552833,True,True
0,40.16,19.92031873,0,0,1774404580097,False,True
0,40.2,2.35428111,0,0,1774404621609,False,True
0,40.19,1.44644387,0,0,1774404622734,False,True
0,40.24,2.32672,0,0,1774404661203,False,True
0,40.25,1.26231997,0,0,1774404676721,False,True
0,40.21,17.90032236,0,0,1774404711550,False,True
0,40.21,44.39361851,0,0,1774404711550,False,True
0,40.21,0.7952964,0,0,1774404711790,False,True
0,40.2,19.91691542,0,0,1774404714967,False,True
0,40.2,0.6869057,0,0,1774404714967,False,True
0,40.18,12.63066,0,0,1774404747421,False,True
0,40.19,1.64318134,0,0,1774404786129,False,True
0,40.2,10.0,0,0,1774404833037,True,True
0,40.2,37.31426949,0,0,1774404833037,True,True
0,40.2,2.4415305,0,0,1774404833037,True,True
0,40.21,10.0,0,0,1774404833037,True,True
0,40.21,37.30421315,0,0,1774404833037,True,True
0,40.21,1.88297513,0,0,1774404833037,True,True
0,40.19,2.4415117,0,0,1774404835439,False,True
0,40.28,0.92667,0,0,1774404865826,True,True
0,40.25,2.15279914,0,0,1774404870761,False,True
0,40.23,1.2291176,0,0,1774404936818,False,True
0,40.18,2.4415117,0,0,1774404958468,True,True
0,40.18,0.0408383,0,0,1774404958468,True,True
0,40.18,0.13871048,0,0,1774404983724,False,True
0,40.31,2.4415117,0,0,1774405023133,False,True
0,40.31,0.2,0,0,1774405038154,False,True
0,40.37,6.0,0,0,1774405110764,False,True
0,40.39,5.1845,0,0,1774405131932,True,True
0,40.4,0.24686,0,0,1774405144038,True,True
0,40.29,0.5,0,0,1774405362401,False,True
0,40.27,1.01426746,0,0,1774405418663,False,True
0,40.24,60.0,0,0,1774405658149,False,True
0,40.24,17.82688224,0,0,1774405658149,False,True
0,40.24,79.37914324,0,0,1774405658149,False,True
0,40.24,30.79397452,0,0,1774405658149,False,True
0,40.27,3.08258086,0,0,1774405691069,False,True
0,40.24,1.71035718,0,0,1774405810118,False,True
0,40.22,2.4773807,0,0,1774405834049,False,True
0,40.23,0.2,0,0,1774405910782,False,True
0,40.32,0.96535212,0,0,1774405991673,False,True
0,40.33,0.4887,0,0,1774406023922,True,True
0,40.36,148.40601068,0,0,1774406070716,True,True
0,40.36,66.83033727,0,0,1774406070719,True,True
0,40.36,1.21456,0,0,1774406077891,True,True
0,40.36,69.17850721,0,0,1774406084715,True,True
0,40.36,1.0228205,0,0,1774406105672,False,True
0,40.35,2.4415117,0,0,1774406145963,True,True
0,40.36,4.8548383,0,0,1774406145963,True,True
0,40.34,0.72921742,0,0,1774406158957,False,True
0,40.39,0.39365394,0,0,1774406176957,True,True
0,40.42,33.41516863,0,0,1774406198718,True,True
0,40.42,4.58483137,0,0,1774406200714,True,True
0,40.46,132.80218534,0,0,1774406214542,True,True
0,40.46,94.24146311,0,0,1774406214715,True,True
0,40.42,61.6895421,0,0,1774406246129,False,True
0,40.42,0.58179932,0,0,1774406246129,False,True
0,40.46,0.12325,0,0,1774406261260,True,True
0,40.44,2.47064361,0,0,1774406266276,False,True
0,40.45,1.02611516,0,0,1774406273267,False,True
0,40.45,0.76505593,0,0,1774406273267,False,True
0,40.45,1.67645577,0,0,1774406273267,False,True
0,40.42,2.4415117,0,0,1774406288945,True,True
0,40.44,0.82574375,0,0,1774406293464,False,True
0,40.4,2.4415117,0,0,1774406352594,False,True
0,40.4,1.06400513,0,0,1774406352594,False,True
0,40.35,0.48594,0,0,1774406375868,True,True
0,40.35,0.48633104,0,0,1774406402675,False,True
0,40.35,1.57753376,0,0,1774406402675,False,True
0,40.36,2.4419027,0,0,1774406682766,True,True
0,40.36,21.8492773,0,0,1774406682766,True,True
0,40.36,61.6895421,0,0,1774406753209,False,True
0,40.35,2.4415117,0,0,1774406753217,False,True
0,40.36,10.0,0,0,1774406791476,True,True
0,40.35,2.4415117,0,0,1774406805963,True,True
0,40.32,1.93683859,0,0,1774406974985,False,True
0,40.33,0.14356,0,0,1774407086461,True,True
0,40.29,1.31677543,0,0,1774407180880,False,True
0,40.29,2.4415117,0,0,1774407180880,False,True
0,40.28,60.0,0,0,1774407180880,False,True
0,40.28,24.37328187,0,0,1774407180880,False,True
0,40.25,2.4415117,0,0,1774407366024,True,True
0,40.23,0.27350169,0,0,1774407431591,False,True
0,40.23,0.83275831,0,0,1774407431591,False,True
0,40.24,1.24566768,0,0,1774407521761,False,True
0,40.24,8.95304102,0,0,1774407521761,False,True
0,40.24,14.04695898,0,0,1774407521761,False,True
0,40.24,0.49186,0,0,1774407617041,True,True
0,40.24,1.21818,0,0,1774407617387,True,True
0,40.22,0.05168,0,0,1774407634030,True,True
0,40.21,2.4415117,0,0,1774407657567,False,True
0,40.21,17.478807,0,0,1774407657567,False,True
0,40.23,2.6802705,0,0,1774407666781,False,True
0,40.17,0.04547,0,0,1774407746122,False,True
0,40.1,10.10985209,0,0,1774407975660,False,True
0,40.1,0.44158865,0,0,1774407975660,False,True
0,40.08,0.27452528,0,0,1774408009832,False,True
0,40.08,0.97266853,0,0,1774408009832,False,True
0,40.11,37.39914495,0,0,1774408021825,True,True
0,40.11,11.75135505,0,0,1774408021825,True,True
0,40.07,2.4415117,0,0,1774408048046,True,True
0,40.12,24.55687,0,0,1774408075643,True,True
0,40.12,1.27355,0,0,1774408200114,False,True
0,40.13,11.18906217,0,0,1774408206934,True,True
0,40.09,300.0,0,0,1774408264219,False,True
0,40.06,1.57874,0,0,1774408367122,False,True
0,40.05,60.0,0,0,1774408406725,True,True
0,40.06,18.88747661,0,0,1774408406725,True,True
0,40.06,19.50210339,0,0,1774408406725,True,True
0,40.05,2.4415117,0,0,1774408479779,False,True
0,40.04,124.87512487,0,0,1774408479779,False,True
0,40.04,12.71799132,0,0,1774408479779,False,True
0,40.01,0.21949214,0,0,1774408537278,False,True
0,40.01,16.47080786,0,0,1774408558925,False,True
0,40.0,5.0,0,0,1774408573832,False,True
0,39.95,6.91562355,0,0,1774408582153,False,True
0,39.95,0.2754186,0,0,1774408582153,False,True
0,39.95,37.54599841,0,0,1774408582153,False,True
0,39.95,0.44184128,0,0,1774408582153,False,True
0,39.94,37.55261187,0,0,1774408582153,False,True
0,39.94,61.6895421,0,0,1774408582153,False,True
0,39.94,23.60981628,0,0,1774408582153,False,True
0,39.94,99.98593528,0,0,1774408582153,False,True
0,39.93,250.0,0,0,1774408582153,False,True
0,39.93,122.9864082,0,0,1774408582153,False,True
0,39.93,0.246063,0,0,1774408582154,False,True
0,39.93,0.21,0,0,1774408582154,False,True
0,39.95,1.3573556,0,0,1774408587896,False,True
0,39.95,60.3321865,0,0,1774408587896,False,True
0,39.95,60.0,0,0,1774408587896,False,True
0,39.95,31.31807929,0,0,1774408587896,False,True
0,39.95,6.22067116,0,0,1774408587896,False,True
0,39.94,37.55094945,0,0,1774408587896,False,True
0,39.94,0.27548756,0,0,1774408587896,False,True
0,39.93,60.0,0,0,1774408587896,False,True
0,39.93,62.98223026,0,0,1774408587896,False,True
0,39.93,127.17634103,0,0,1774408587896,False,True
0,39.93,59.88142871,0,0,1774408587896,False,True
0,39.93,70.92973681,0,0,1774408587896,False,True
0,39.93,92.63026319,0,0,1774408587896,False,True
0,39.93,42.77752399,0,0,1774408587896,False,True
0,39.93,1.21729481,0,0,1774408587896,False,True
0,39.93,20.0,0,0,1774408587896,False,True
0,39.93,15.35045164,0,0,1774408587896,False,True
0,39.95,0.2754186,0,0,1774408595976,False,True
0,39.95,0.4533926,0,0,1774408595976,False,True
0,39.92,0.25050101,0,0,1774408595984,False,True
0,39.91,2.4415117,0,0,1774408602748,True,True
0,39.94,0.27548756,0,0,1774408606953,False,True
0,39.94,37.5563345,0,0,1774408606953,False,True
0,39.93,37.56574004,0,0,1774408606953,False,True
0,39.92,60.0,0,0,1774408606953,False,True
0,39.91,60.0,0,0,1774408606953,False,True
0,39.91,250.24,0,0,1774408606953,False,True
0,39.91,125.25560782,0,0,1774408606953,False,True
0,39.91,99.98593528,0,0,1774408606953,False,True
0,39.91,19.02626582,0,0,1774408606953,False,True
0,39.91,209.97,0,0,1774408606953,False,True
0,39.9,249.63,0,0,1774408606953,False,True
0,39.9,125.29631122,0,0,1774408606953,False,True
0,39.9,2.4415117,0,0,1774408606953,False,True
0,39.89,750.68,0,0,1774408606953,False,True
0,39.89,250.66008141,0,0,1774408606953,False,True
0,39.88,0.3221194,0,0,1774408606953,False,True
0,39.87,18.88747661,0,0,1774408606953,False,True
0,39.86,125.43452244,0,0,1774408606953,False,True
0,39.86,20.0,0,0,1774408606953,False,True
0,39.85,376.14808039,0,0,1774408606953,False,True
0,39.85,12.8324314,0,0,1774408606953,False,True
0,39.85,50.0,0,0,1774408606953,False,True
0,39.84,386.99774789,0,0,1774408606953,False,True
0,39.96,2.4415117,0,0,1774408623047,True,True
0,39.97,124.79448162,0,0,1774408623047,True,True
0,39.97,12.4626122,0,0,1774408693955,True,True
0,39.99,0.97585,0,0,1774408701219,True,True
0,39.98,2.4415117,0,0,1774408783558,False,True
0,39.98,61.6895421,0,0,1774408783558,False,True
0,39.98,37.51875937,0,0,1774408783558,False,True
0,39.97,5.00375282,0,0,1774408783558,False,True
0,39.97,37.52343841,0,0,1774408783558,False,True
0,39.96,19.02626582,0,0,1774408783558,False,True
0,39.96,74.75930793,0,0,1774408783558,False,True
0,39.96,125.12289563,0,0,1774408783558,False,True
0,39.95,19.02626582,0,0,1774408783558,False,True
0,39.95,125.15456212,0,0,1774408783558,False,True
0,39.95,36.77146348,0,0,1774408783558,False,True
0,39.98,5.00125032,0,0,1774408785435,True,True
0,39.94,0.74295,0,0,1774408872309,True,True
0,39.89,1.003128,0,0,1774408928794,False,True
0,39.89,0.636442,0,0,1774408928794,False,True
0,39.87,2.4415117,0,0,1774408929994,True,True
0,39.87,130.33788493,0,0,1774408929994,True,True
0,39.92,2.4415117,0,0,1774409000397,False,True
0,39.92,0.95181245,0,0,1774409000397,False,True
0,39.91,37.58456527,0,0,1774409000397,False,True
0,39.91,61.6895421,0,0,1774409000397,False,True
0,39.9,37.59006667,0,0,1774409000397,False,True
0,39.89,125.34206429,0,0,1774409000397,False,True
0,39.89,34.40043752,0,0,1774409000397,False,True
0,39.93,13.90332,0,0,1774409020039,True,True
0,39.92,60.0,0,0,1774409037424,True,True
0,39.93,28.74229902,0,0,1774409037424,True,True
0,39.95,0.02454,0,0,1774409181036,True,True
0,39.94,5.00751127,0,0,1774409236986,True,True
0,39.95,5.00625783,0,0,1774409299459,False,True
0,39.95,3.09717217,0,0,1774409299459,False,True
0,39.94,0.47571358,0,0,1774409319277,False,True
0,40.0,2.48756,0,0,1774409383061,True,True
0,40.08,0.7516913,0,0,1774409434863,True,True
0,40.08,24.78582079,0,0,1774409434863,True,True
0,40.09,2.4415117,0,0,1774409434863,True,True
0,40.09,5.43614484,0,0,1774409434863,True,True
0,40.11,2.4415117,0,0,1774409512607,False,True
0,40.11,1.0193383,0,0,1774409512607,False,True
0,40.08,0.29320059,0,0,1774409532634,False,True
0,40.13,2.4415117,0,0,1774409932653,True,True
0,40.13,2.09028599,0,0,1774409932653,True,True
0,40.13,2.1458966,0,0,1774410002530,False,True
0,40.14,0.24666,0,0,1774410026206,True,True
0,40.13,61.6895421,0,0,1774410052018,False,True
0,40.12,5.00876534,0,0,1774410122909,True,True
0,40.12,22.46765,0,0,1774410128394,True,True
0,40.14,60.0,0,0,1774410190006,True,True
0,40.14,2.1458966,0,0,1774410190006,True,True
0,40.14,37.36920777,0,0,1774410190006,True,True
0,40.14,99.61153841,0,0,1774410190006,True,True
0,40.15,18.93044364,0,0,1774410190006,True,True
0,40.15,242.61215286,0,0,1774410190006,True,True
0,40.15,37.37398023,0,0,1774410190006,True,True
0,40.14,16.23615046,0,0,1774410190006,True,True
0,40.16,124.50398363,0,0,1774410190006,True,True
0,40.17,61.6895421,0,0,1774410190006,True,True
0,40.17,18.93044364,0,0,1774410190006,True,True
0,40.17,124.47308253,0,0,1774410190006,True,True
0,40.18,5.2779298,0,0,1774410190007,True,True
0,40.18,124.478117,0,0,1774410190007,True,True
0,40.19,248.84086174,0,0,1774410190007,True,True
0,40.23,62.56414182,0,0,1774410190051,True,True
0,40.23,23.92098027,0,0,1774410190051,True,True
0,40.23,7.21132277,0,0,1774410190051,True,True
0,40.25,20.0,0,0,1774410190226,True,True
0,40.26,2.9549,0,0,1774410190226,True,True
0,40.26,111.28509999,0,0,1774410190263,True,True
0,40.26,30.4455,0,0,1774410190268,True,True
0,40.26,1.1,0,0,1774410190295,True,True
0,40.26,111.6732913,0,0,1774410190313,True,True
0,40.26,20.64849999,0,0,1774410190324,True,True
0,40.26,0.6485,0,0,1774410190326,True,True
0,40.26,24.15749999,0,0,1774410190454,True,True
0,40.25,135.59013703,0,0,1774410191003,True,True
0,40.25,1.66,0,0,1774410191129,True,True
0,40.25,1.0,0,0,1774410192521,True,True
0,40.25,2.4415117,0,0,1774410197491,False,True
0,40.22,61.6895421,0,0,1774410199128,False,True
0,40.22,0.84285453,0,0,1774410199128,False,True
0,40.22,37.29487817,0,0,1774410199128,False,True
0,40.21,37.30163027,0,0,1774410199129,False,True
0,40.2,17.11705878,0,0,1774410199129,False,True
0,40.15,15.87056543,0,0,1774410199160,False,True
0,40.14,20.0,0,0,1774410199388,False,True
0,40.14,20.0,0,0,1774410199388,False,True
0,40.14,20.0,0,0,1774410199582,True,True
0,40.14,99.61153841,0,0,1774410199582,True,True
0,40.14,5.3152352,0,0,1774410199582,True,True
0,40.13,10.0,0,0,1774410200149,False,True
0,40.13,5.01002005,0,0,1774410200149,False,True
0,40.16,2.4415117,0,0,1774410213445,True,True
0,40.18,19.0179397,0,0,1774410213448,True,True
0,40.19,34.90286896,0,0,1774410213448,True,True
0,40.22,130.43667113,0,0,1774410220283,True,True
0,40.22,118.35332887,0,0,1774410223877,True,True
0,40.22,0.9946537,0,0,1774410223877,True,True
0,40.25,99.61153841,0,0,1774410227547,True,True
0,40.26,88.35988019,0,0,1774410227552,True,True
0,40.26,21.89307411,0,0,1774410227552,True,True
0,40.27,13.82433533,0,0,1774410227552,True,True
0,40.28,61.6895421,0,0,1774410227558,True,True
0,40.31,126.63988074,0,0,1774410229594,True,True
0,40.29,177.61065017,0,0,1774410233867,True,True
0,40.3,3.09917411,0,0,1774410239833,True,True
0,40.31,37.21270424,0,0,1774410239833,True,True
0,40.3,15.9825452,0,0,1774410239834,True,True
0,40.32,37.20267785,0,0,1774410239834,True,True
0,40.36,0.31298955,0,0,1774410239848,True,True
0,40.37,143.80877582,0,0,1774410239848,True,True
0,40.37,2.4,0,0,1774410239924,True,True
0,40.37,0.83,0,0,1774410240112,True,True
0,40.37,40.81328195,0,0,1774410240211,True,True
0,40.37,107.62957863,0,0,1774410240211,True,True
0,40.37,13.42128667,0,0,1774410240211,True,True
0,40.37,0.54471572,0,0,1774410243220,True,True
0,40.37,0.54471572,0,0,1774410243222,True,True
0,40.38,0.990712,0,0,1774410244133,True,True
0,40.44,61.6895421,0,0,1774410266123,False,True
0,40.43,113.17888,0,0,1774410272962,True,True
0,40.42,2.4415117,0,0,1774410286564,False,True
0,40.36,51.86000991,0,0,1774410344256,True,True
0,40.33,61.6895421,0,0,1774410374853,False,True
0,40.31,2.4415117,0,0,1774410420732,True,True
0,40.33,33.41516863,0,0,1774410436394,True,True
0,40.33,1.62990027,0,0,1774410436506,True,True
0,40.33,2.4415117,0,0,1774410455719,False,True
0,40.33,61.6895421,0,0,1774410455719,False,True
0,40.33,37.185768,0,0,1774410455719,False,True
0,40.34,2.03034,0,0,1774410486712,True,True
0,40.28,133.58462212,0,0,1774410630812,True,True
0,40.31,0.74460163,0,0,1774410645489,False,True
0,40.34,61.6895421,0,0,1774410806575,False,True
0,40.32,61.6895421,0,0,1774410831889,False,True
0,40.32,19.34585059,0,0,1774410831889,False,True
0,40.29,18.79401842,0,0,1774410876429,True,True
0,40.29,178.67593006,0,0,1774410876429,True,True
0,40.3,376.28,0,0,1774410876429,True,True
0,40.3,37.22086592,0,0,1774410876429,True,True
0,40.3,248.04,0,0,1774410876429,True,True
0,40.3,18.79401842,0,0,1774410876429,True,True
0,40.31,18.79401842,0,0,1774410876429,True,True
0,40.31,2.4415117,0,0,1774410876429,True,True
0,40.31,52.78642836,0,0,1774410876429,True,True
0,40.31,124.04498164,0,0,1774410876429,True,True
0,40.32,247.85,0,0,1774410876429,True,True
0,40.32,18.79401842,0,0,1774410876429,True,True
0,40.32,37.21980955,0,0,1774410876429,True,True
0,40.33,18.79401842,0,0,1774410876429,True,True
0,40.33,131.46293194,0,0,1774410876429,True,True
0,40.33,124.03761489,0,0,1774410876429,True,True
0,40.33,29.57232408,0,0,1774410876429,True,True
0,40.25,40.62604834,0,0,1774411065611,False,True
0,40.27,9.52613719,0,0,1774411083859,False,True
0,40.27,2.92352742,0,0,1774411096408,False,True
0,40.29,2.65879011,0,0,1774411103741,False,True
0,40.28,2.4415117,0,0,1774411103741,False,True
0,40.26,2.4415117,0,0,1774411125897,True,True
0,40.26,7.08462549,0,0,1774411125897,True,True
0,40.25,2.48385495,0,0,1774411146230,True,True
0,40.29,0.2461031,0,0,1774411191968,True,True
0,40.27,0.08058,0,0,1774411228166,False,True
0,40.3,0.45674,0,0,1774411313164,True,True
0,40.25,1.0,0,0,1774411401528,False,True
0,40.25,99.26406028,0,0,1774411424292,True,True
0,40.25,1.08058,0,0,1774411424292,True,True
0,40.25,128.77904983,0,0,1774411425278,False,True
0,40.28,1.82206,0,0,1774411490568,True,True
0,40.26,37.92051664,0,0,1774411568523,False,True
0,40.25,131.17092455,0,0,1774411568564,False,True
0,40.26,20.0,0,0,1774411570354,True,True
0,40.29,4.48804,0,0,1774411637965,True,True
0,40.28,124.13108242,0,0,1774411666493,False,True
0,40.27,2.4415117,0,0,1774411666493,False,True
0,40.25,134.0723372,0,0,1774411761501,False,True
0,40.25,132.27652073,0,0,1774411775120,False,True
0,40.27,2.82717,0,0,1774411884354,False,True
0,40.28,18.88378522,0,0,1774411907566,False,True
0,40.28,48.47209235,0,0,1774411907566,False,True
0,40.28,3.78480456,0,0,1774411907566,False,True
0,40.28,61.6895421,0,0,1774411907566,False,True
0,40.26,2.22929046,0,0,1774411907574,False,True
0,40.26,2.22929046,0,0,1774411907574,False,True
0,40.28,61.6895421,0,0,1774411922257,False,True
0,40.26,0.34884923,0,0,1774411930055,False,True
0,40.25,192.62341545,0,0,1774411930055,False,True
0,40.25,124.32651629,0,0,1774411930588,False,True
0,40.25,128.33173518,0,0,1774411931252,False,True
0,40.25,128.87615762,0,0,1774411931747,False,True
0,40.25,41.43472771,0,0,1774411946630,False,True
0,40.25,0.96519416,0,0,1774411946630,False,True
0,40.25,96.65780037,0,0,1774411946630,False,True
0,40.25,128.66358144,0,0,1774411947073,False,True
0,40.25,133.71334856,0,0,1774411947677,False,True
0,40.25,2.12343746,0,0,1774411979552,False,True
0,40.25,2.4415117,0,0,1774412016294,True,True
0,40.24,2.61268,0,0,1774412101584,True,True
0,40.22,2.4415117,0,0,1774412116613,False,True
0,40.22,61.6895421,0,0,1774412116613,False,True
0,40.22,1.01375624,0,0,1774412116613,False,True
0,40.21,11.13653417,0,0,1774412116613,False,True
0,40.21,7.74725105,0,0,1774412116613,False,True
0,40.21,73.11459849,0,0,1774412116613,False,True
0,40.21,99.1325898,0,0,1774412116613,False,True
0,40.2,18.88378522,0,0,1774412116613,False,True
0,40.2,36.84599371,0,0,1774412116613,False,True
0,40.2,179.99443752,0,0,1774412116613,False,True
0,40.23,32.47228436,0,0,1774412122805,True,True
0,40.22,0.4413,0,0,1774412139188,True,True
0,40.14,1.55891169,0,0,1774412257216,True,True
0,40.29,0.69496153,0,0,1774412479601,True,True
0,40.28,2.00029994,0,0,1774412506310,False,True
0,40.28,4.68549403,0,0,1774412506310,False,True
0,40.22,2.13,0,0,1774412639548,False,True
0,40.25,61.6895421,0,0,1774412745818,False,True
0,40.25,4.71901917,0,0,1774412745818,False,True
0,40.23,5.0974623,0,0,1774412925583,False,True
0,40.22,3.97812034,0,0,1774413228612,True,True
0,40.21,2.4415999,0,0,1774413237461,True,True
0,40.21,2.9156701,0,0,1774413237461,True,True
0,40.21,0.55259595,0,0,1774413309481,False,True
0,40.19,1.05996516,0,0,1774413491763,False,True
0,40.19,0.79744371,0,0,1774413491763,False,True
0,40.19,0.31807,0,0,1774413559838,False,True
0,40.21,0.83854,0,0,1774413560173,True,True
0,40.2,0.31807,0,0,1774413575297,True,True
0,40.21,1.53212,0,0,1774413575297,True,True
0,40.24,2.0913527,0,0,1774413602795,False,True
0,40.25,3.61664596,0,0,1774413609466,True,True
0,40.25,2.46652,0,0,1774413611562,True,True
0,40.24,2.11207753,0,0,1774413657024,True,True
0,40.24,0.61512,0,0,1774413773031,True,True
0,40.23,2.4415117,0,0,1774414327018,False,True
0,40.23,61.6895421,0,0,1774414327018,False,True
0,40.23,11.7198373,0,0,1774414327018,False,True
0,40.22,37.29463985,0,0,1774414327018,False,True
0,40.22,17.763123,0,0,1774414327018,False,True
0,40.22,0.24717449,0,0,1774414327018,False,True
0,40.22,68.68503194,0,0,1774414327018,False,True
0,40.22,93.42783806,0,0,1774414327018,False,True
0,40.22,5.89964474,0,0,1774414327018,False,True
0,40.21,18.71357632,0,0,1774414327018,False,True
0,40.21,102.80512047,0,0,1774414327018,False,True
0,40.21,133.59749555,0,0,1774414327018,False,True
0,40.21,12.09738398,0,0,1774414327018,False,True
0,40.21,19.67714851,0,0,1774414327018,False,True
0,40.21,119.13328893,0,0,1774414327018,False,True
0,40.21,129.34671107,0,0,1774414327018,False,True
0,40.21,117.85,0,0,1774414327018,False,True
0,40.21,37.29969778,0,0,1774414327018,False,True
0,40.2,18.71357632,0,0,1774414327018,False,True
0,40.2,124.37777566,0,0,1774414327018,False,True
0,40.19,18.71357632,0,0,1774414327018,False,True
0,40.19,11.27866285,0,0,1774414327018,False,True
0,40.19,131.34567206,0,0,1774414327018,False,True
0,40.19,28.16018532,0,0,1774414327018,False,True
0,40.19,102.96306896,0,0,1774414327018,False,True
0,40.19,21.43955667,0,0,1774414327018,False,True
0,40.18,7.5672159,0,0,1774414327018,False,True
0,40.18,100.92144611,0,0,1774414327018,False,True
0,40.18,127.79290338,0,0,1774414327018,False,True
0,40.18,516.61565051,0,0,1774414327018,False,True
0,40.17,248.936833,0,0,1774414327018,False,True
0,40.17,17.763123,0,0,1774414327018,False,True
0,40.16,50.0,0,0,1774414327018,False,True
0,40.16,250.84448512,0,0,1774414327018,False,True
0,40.19,4.4370912,0,0,1774414333878,False,True
0,40.19,57.2524509,0,0,1774414336557,False,True
0,40.19,4.10241251,0,0,1774414336557,False,True
0,40.18,27.20995099,0,0,1774414336557,False,True
0,40.19,0.46561,0,0,1774414355973,False,True
0,40.19,1.92775,0,0,1774414437228,False,True
0,40.21,8.26466243,0,0,1774414512395,False,True
0,40.2,2.4415117,0,0,1774414513578,True,True
0,40.21,53.51532529,0,0,1774414513578,True,True
0,40.2,1.84794,0,0,1774414526082,True,True
0,40.19,1.0,0,0,1774414546028,False,True
0,40.31,2.4415117,0,0,1774414631303,False,True
0,40.31,6.05124318,0,0,1774414631303,False,True
0,40.3,0.27299608,0,0,1774414631303,False,True
0,40.3,31.9910655,0,0,1774414631303,False,True
0,40.32,88.09598214,0,0,1774414632096,True,True
0,40.3,2.22691945,0,0,1774414830124,False,True
0,40.29,0.78571547,0,0,1774414833295,True,True
0,40.29,0.87008075,0,0,1774414833432,True,True
0,40.3,0.36959046,0,0,1774414833577,True,True
0,40.3,0.2735121,0,0,1774414835392,True,True
0,40.3,0.7857154,0,0,1774414846037,True,True
0,40.31,1.0566946,0,0,1774414846037,True,True
0,40.38,37.14710252,0,0,1774415187065,True,True
0,40.38,334.1400262,0,0,1774415187065,True,True
0,40.37,140.0,0,0,1774415229610,True,True
0,40.41,2.4415117,0,0,1774415321539,False,True
0,40.41,0.99245259,0,0,1774415321539,False,True
0,40.3,0.03257,0,0,1774415383038,True,True
0,40.3,2.37637169,0,0,1774415389292,True,True
0,40.31,2.40894821,0,0,1774415394545,False,True
0,40.31,0.78367418,0,0,1774415394545,False,True
0,40.3,4.03148761,0,0,1774415394545,False,True
0,40.31,24.93363,0,0,1774415496896,False,True
0,40.21,2.4415182,0,0,1774415674784,True,True
0,40.21,0.50982,0,0,1774415678956,False,True
0,40.22,0.248633,0,0,1774415839609,True,True
0,40.18,1.006165,0,0,1774415852899,False,True
0,40.17,61.6895421,0,0,1774415852899,False,True
0,40.16,25.224083,0,0,1774415852899,False,True
0,40.22,2.4415117,0,0,1774416224557,False,True
0,40.22,5.0,0,0,1774416224557,False,True
0,40.18,0.27869597,0,0,1774416304429,False,True
0,40.18,0.2738114,0,0,1774416430546,False,True
0,40.17,2.4415117,0,0,1774416460142,True,True
0,40.19,0.52998258,0,0,1774416461451,True,True
0,40.18,2.3544241,0,0,1774416476990,False,True
0,40.17,57.4859,0,0,1774416515276,False,True
0,40.19,1.86091067,0,0,1774416522654,True,True
0,40.17,0.2,0,0,1774416651214,False,True
0,40.17,3.57205275,0,0,1774416651214,False,True
0,40.17,1.3042655,0,0,1774416679343,False,True
0,40.16,0.87489,0,0,1774416706470,True,True
0,40.16,0.5475728,0,0,1774416724591,True,True
0,40.16,0.0570713,0,0,1774416724594,True,True
0,40.2,1.56679664,0,0,1774416755988,False,True
0,40.24,0.8,0,0,1774417043075,False,True
0,40.24,0.2,0,0,1774417075755,False,True
0,40.29,1.0,0,0,1774417123731,True,True
0,40.29,0.2235,0,0,1774417160085,True,True
0,40.26,3.35597337,0,0,1774417186452,False,True
0,40.23,0.9670325,0,0,1774417202714,False,True
0,40.25,2.4416866,0,0,1774417213918,True,True
0,40.25,0.04155155,0,0,1774417213918,True,True
0,40.26,2.4415117,0,0,1774417237434,False,True
0,40.25,61.6895421,0,0,1774417237434,False,True
0,40.25,2.07259697,0,0,1774417237434,False,True
0,40.24,0.2235,0,0,1774417277829,False,True
0,40.24,61.4660421,0,0,1774417289428,False,True
0,40.24,1.96297548,0,0,1774417289428,False,True
0,40.24,0.05096,0,0,1774417400711,False,True
0,40.23,4.13258706,0,0,1774417426823,False,True
0,40.23,1.38639372,0,0,1774417426823,False,True
0,40.21,1.75494527,0,0,1774417586337,False,True
0,40.25,1.001,0,0,1774417672250,True,True
0,40.25,1.00128805,0,0,1774417738867,False,True
0,40.25,3.10144345,0,0,1774417738867,False,True
0,40.23,37.28415033,0,0,1774417738868,False,True
0,40.21,51.19033974,0,0,1774417738869,False,True
0,40.21,13.75715894,0,0,1774417738870,False,True
0,40.2,134.20168761,0,0,1774417738910,False,True
0,40.2,139.80946993,0,0,1774417739519,False,True
0,40.2,129.19670319,0,0,1774417741449,False,True
0,40.2,131.23335205,0,0,1774417742984,False,True
0,40.2,330.0,0,0,1774417742995,False,True
0,40.2,20.0,0,0,1774417742998,False,True
0,40.2,51.99287591,0,0,1774417743019,False,True
0,40.2,2.5996438,0,0,1774417743935,False,True
0,40.2,60.96626751,0,0,1774417754424,False,True
0,40.2,0.35253336,0,0,1774417754424,False,True
0,40.16,37.35015355,0,0,1774417754427,False,True
0,40.15,23.23333173,0,0,1774417754427,False,True
0,40.15,37.34629698,0,0,1774417754427,False,True
0,40.13,18.27780149,0,0,1774417754430,False,True
0,40.13,61.6895421,0,0,1774417817963,False,True
0,40.11,1.0099615,0,0,1774417817964,False,True
0,40.11,37.39678478,0,0,1774417817964,False,True
0,40.1,0.2,0,0,1774417817964,False,True
0,40.1,28.05852699,0,0,1774417817964,False,True
0,40.1,37.40269578,0,0,1774417817964,False,True
0,40.09,124.71889361,0,0,1774417817964,False,True
0,40.08,12.80436567,0,0,1774417817967,False,True
0,40.09,235.15334161,0,0,1774417818046,True,True
0,40.04,0.44948,0,0,1774417867721,False,True
0,40.04,0.44948,0,0,1774417884072,True,True
0,40.05,2.4417998,0,0,1774417884072,True,True
0,40.05,11.17773336,0,0,1774417884072,True,True
0,40.02,0.20864567,0,0,1774417903936,False,True
0,40.02,2.4415117,0,0,1774417903936,False,True
0,40.02,0.2980991,0,0,1774417903936,False,True
0,40.01,0.2499388,0,0,1774417903937,False,True
0,40.01,2.4415117,0,0,1774417912956,True,True
0,40.09,2.4415117,0,0,1774417970357,False,True
0,40.09,2.52715669,0,0,1774417970357,False,True
0,40.07,5.16112161,0,0,1774417970357,False,True
0,40.12,37.40114117,0,0,1774417981715,True,True
0,40.12,11.15839884,0,0,1774417981715,True,True
0,40.12,8.02148001,0,0,1774417981715,True,True
0,40.12,0.67620837,0,0,1774417981715,True,True
0,40.11,2.4415117,0,0,1774418100861,True,True
0,40.12,37.39272434,0,0,1774418100861,True,True
0,40.12,10.16576396,0,0,1774418100861,True,True
0,40.11,8.15324,0,0,1774418197246,True,True
0,40.12,1.61429,0,0,1774418261483,True,True
0,40.14,5.0,0,0,1774418289275,True,True
0,40.15,17.28518057,0,0,1774418306005,True,True
0,40.13,2.4415117,0,0,1774418558748,False,True
0,40.13,2.11549951,0,0,1774418558748,False,True
0,40.1,0.29887,0,0,1774418595475,False,True
0,40.12,2.4415117,0,0,1774418630857,True,True
0,40.12,0.09183,0,0,1774418670269,False,True
0,40.14,7.31644708,0,0,1774418719046,True,True
0,40.14,1.74414292,0,0,1774418719046,True,True
0,40.1,0.2,0,0,1774418890372,False,True
0,40.1,1.114759,0,0,1774418890372,False,True
0,40.08,1.11475,0,0,1774419014467,True,True
0,40.08,9e-06,0,0,1774419014468,True,True
0,40.09,22.84555,0,0,1774419014468,True,True
0,40.06,2.4415117,0,0,1774419041857,False,True
0,40.05,1.60515664,0,0,1774419041857,False,True
0,40.2,0.3747,0,0,1774419111856,True,True
0,40.18,2.4415117,0,0,1774419133108,True,True
0,40.18,5.0184883,0,0,1774419133108,True,True
0,40.19,1.10968202,0,0,1774419376321,False,True
0,40.19,0.13696,0,0,1774419454421,True,True
0,40.2,1.0,0,0,1774419759954,True,True
0,40.18,0.2,0,0,1774420203466,False,True
0,40.16,1.65019,0,0,1774420203466,False,True
0,40.15,129.57787576,0,0,1774420217322,False,True
0,40.15,131.16085938,0,0,1774420217709,False,True
0,40.15,126.86680558,0,0,1774420218243,False,True
0,40.15,112.39445928,0,0,1774420218406,False,True
0,40.18,0.18859,0,0,1774420284409,True,True
0,40.17,0.02822,0,0,1774420426936,True,True
0,40.17,0.17699,0,0,1774420572038,True,True
0,40.15,0.45799,0,0,1774420609067,True,True
0,40.15,31.75591532,0,0,1774420635359,True,True
0,40.15,0.02737,0,0,1774420773036,True,True
0,40.14,1.1981156,0,0,1774420803049,False,True
0,40.14,0.44782273,0,0,1774420804824,False,True
0,40.14,0.2,0,0,1774420804824,False,True
0,40.12,1.23977,0,0,1774420812240,True,True
0,40.13,0.38625542,0,0,1774420812240,True,True
0,40.15,37.36047167,0,0,1774420900415,True,True
0,40.15,0.20521,0,0,1774420900415,True,True
0,40.15,19.42954441,0,0,1774420900415,True,True
0,40.15,18.00477392,0,0,1774420900415,True,True
0,40.13,0.2,0,0,1774420901278,False,True
0,40.13,2.4415117,0,0,1774420901278,False,True
0,40.12,61.6895421,0,0,1774420901278,False,True
0,40.12,37.3856025,0,0,1774420901278,False,True
0,40.11,37.38387881,0,0,1774420901278,False,True
0,40.11,11.07853779,0,0,1774420901278,False,True
0,40.16,2.4415117,0,0,1774421085418,True,True
0,40.17,1.62726416,0,0,1774421085418,True,True
0,40.17,0.2,0,0,1774421113981,True,True
0,40.18,29.43094529,0,0,1774421388757,True,True
0,40.17,2.4415117,0,0,1774421390569,False,True
0,40.17,6.21788286,0,0,1774421390569,False,True
0,40.13,0.2,0,0,1774421418537,False,True
0,40.11,0.2999588,0,0,1774421418537,False,True
0,40.09,2.4415117,0,0,1774421430055,True,True
0,40.1,0.0437,0,0,1774421517335,True,True
0,40.09,0.28266935,0,0,1774421552069,True,True
0,40.11,0.51079,0,0,1774421579518,True,True
0,40.11,70.77089622,0,0,1774421588045,True,True
0,40.12,146.41863216,0,0,1774421620745,True,True
0,40.11,99.1325898,0,0,1774421637149,True,True
0,40.11,37.39715781,0,0,1774421637149,True,True
0,40.11,34.91694314,0,0,1774421637149,True,True
0,40.12,19.39606794,0,0,1774421657812,True,True
0,40.12,6.05513136,0,0,1774421657812,True,True
0,40.1,0.2,0,0,1774421729690,False,True
0,40.1,2.71276149,0,0,1774421729690,False,True
0,40.06,0.02447,0,0,1774421816035,True,True
0,40.02,0.37523581,0,0,1774422043486,True,True
0,40.03,1.59599583,0,0,1774422065864,False,True
0,40.03,0.13910417,0,0,1774422065864,False,True
0,40.03,0.2,0,0,1774422095028,False,True
0,40.11,2.1024753,0,0,1774422194761,False,True
0,40.11,3.05674647,0,0,1774422194761,False,True
0,40.07,0.81658084,0,0,1774422299936,True,True
0,40.06,61.6895421,0,0,1774422404935,False,True
0,40.05,96.34435213,0,0,1774422404935,False,True
0,40.13,0.02468,0,0,1774422702038,True,True
0,40.16,0.04811,0,0,1774422784744,True,True
0,40.15,0.05548,0,0,1774422809230,True,True
0,40.16,0.03799,0,0,1774422838182,True,True
0,40.16,0.2461031,0,0,1774422851602,False,True
0,40.16,10.47316174,0,0,1774422852960,False,True
0,40.14,9.07497535,0,0,1774423091778,False,True
0,40.14,2.0,0,0,1774423125972,False,True
0,40.13,3.50347258,0,0,1774423201454,False,True
0,40.12,37.37430637,0,0,1774423201455,False,True
0,40.11,0.20816,0,0,1774423229847,False,True
0,40.11,2.25463,0,0,1774423353235,True,True
0,40.11,9.5e-06,0,0,1774423353280,True,True
0,40.16,0.22874,0,0,1774423401890,True,True
0,40.14,0.02554,0,0,1774423719888,False,True
0,40.13,2.29698027,0,0,1774423760328,False,True
0,40.12,2.37872026,0,0,1774423839154,False,True
0,40.24,2.06651065,0,0,1774424094083,False,True
0,40.25,0.2,0,0,1774424194531,True,True
0,40.25,1.53937888,0,0,1774424206616,True,True
0,40.23,37.28560775,0,0,1774424212274,True,True
0,40.24,19.54197415,0,0,1774424212274,True,True
0,40.24,18.96967521,0,0,1774424212274,True,True
0,40.24,22.14488393,0,0,1774424212274,True,True
0,40.24,2.4159903,0,0,1774424212274,True,True
0,40.24,37.27989619,0,0,1774424212274,True,True
0,40.25,99.43589747,0,0,1774424212274,True,True
0,40.25,61.6895421,0,0,1774424212274,True,True
0,40.25,16.13094283,0,0,1774424212274,True,True
0,40.26,0.2,0,0,1774424237472,True,True
0,40.25,0.2,0,0,1774424304942,True,True
0,40.27,37.2517711,0,0,1774424422196,True,True
0,40.28,248.46,0,0,1774424422196,True,True
0,40.28,37.24525267,0,0,1774424422196,True,True
0,40.28,193.03,0,0,1774424422196,True,True
0,40.29,124.10926589,0,0,1774424422196,True,True
0,40.29,248.43,0,0,1774424422196,True,True
0,40.29,61.6895421,0,0,1774424422196,True,True
0,40.3,124.07332266,0,0,1774424422196,True,True
0,40.3,118.79584552,0,0,1774424422196,True,True
0,40.3,620.54417839,0,0,1774424422196,True,True
0,40.3,186.37082167,0,0,1774424422196,True,True
0,40.27,2.4415117,0,0,1774424431586,False,True
0,40.27,22.9304683,0,0,1774424431586,False,True
0,40.33,87.38978428,0,0,1774424540824,True,True
0,40.32,131.92513217,0,0,1774424553067,False,True
0,40.32,124.43306724,0,0,1774424553598,False,True
0,40.33,325.84563429,0,0,1774424554215,True,True
0,40.33,37.19412296,0,0,1774424554215,True,True
0,40.33,0.9919404,0,0,1774424554215,True,True
0,40.33,63.72719704,0,0,1774424554215,True,True
0,40.33,61.6895421,0,0,1774424554215,True,True
0,40.33,194.16048603,0,0,1774424554218,False,True
0,40.33,128.11767402,0,0,1774424554857,False,True
0,40.33,125.18587268,0,0,1774424555357,False,True
0,40.33,125.0359083,0,0,1774424555916,False,True
0,40.33,134.31837599,0,0,1774424556499,False,True
0,40.34,2.4415117,0,0,1774424580804,True,True
0,40.34,37.18393653,0,0,1774424580804,True,True
0,40.34,124.47492546,0,0,1774424585574,False,True
0,40.34,124.46504497,0,0,1774424586158,False,True
0,40.34,125.32883844,0,0,1774424590410,False,True
0,40.34,124.70639311,0,0,1774424592845,False,True
0,40.34,137.07875085,0,0,1774424593367,False,True
0,40.34,130.37216465,0,0,1774424625568,False,True
0,40.34,127.49084646,0,0,1774424625879,False,True
0,40.34,132.25683484,0,0,1774424642027,False,True
0,40.34,129.75794997,0,0,1774424642545,False,True
0,40.35,7.42552664,0,0,1774424652636,True,True
0,40.35,3.68847621,0,0,1774424679071,True,True
0,40.35,2.0,0,0,1774424689791,True,True
0,40.34,43.90735433,0,0,1774424690308,False,True
0,40.34,2.4415117,0,0,1774424690308,False,True
0,40.33,43.50512816,0,0,1774424690308,False,True
0,40.32,127.08575885,0,0,1774424690643,False,True
0,40.32,2.73007555,0,0,1774424692942,False,True
0,40.32,127.12065466,0,0,1774424693039,False,True
0,40.32,124.10128986,0,0,1774424693334,False,True
0,40.32,131.28641584,0,0,1774424693675,False,True
0,40.32,137.07399354,0,0,1774424704627,False,True
0,40.32,126.62362497,0,0,1774424705046,False,True
0,40.32,129.34076528,0,0,1774424705673,False,True
0,40.32,78.35858711,0,0,1774424791406,False,True
0,40.3,61.6895421,0,0,1774424791406,False,True
0,40.3,85.41255439,0,0,1774424791406,False,True
0,40.24,25.0,0,0,1774424845476,False,True
0,40.24,6.78924419,0,0,1774424845476,False,True
0,40.24,94.04490737,0,0,1774424845476,False,True
0,40.24,0.45237496,0,0,1774424849783,False,True
0,40.3,2.94723456,0,0,1774425053111,False,True
0,40.28,25.70146294,0,0,1774425068162,True,True
0,40.23,129.3611108,0,0,1774425149479,False,True
0,40.26,2.28166915,0,0,1774425212868,True,True
0,40.23,126.86251794,0,0,1774425227400,False,True
0,40.23,139.11733777,0,0,1774425229104,False,True
0,40.23,135.46181856,0,0,1774425229644,False,True
0,40.23,134.45694466,0,0,1774425230913,False,True
0,40.23,147.33958025,0,0,1774425235405,False,True
0,40.23,151.73664646,0,0,1774425236795,False,True
0,40.23,135.45423106,0,0,1774425237402,False,True
0,40.23,125.51138244,0,0,1774425238790,False,True
0,40.23,124.66169356,0,0,1774425239642,False,True
0,40.24,26.132225,0,0,1774425324903,False,True
0,40.24,25.7014629,0,0,1774425350374,False,True
0,40.26,1.0,0,0,1774425350413,True,True
0,40.24,0.12149,0,0,1774425542203,False,True
0,40.27,2.4415117,0,0,1774425607915,True,True
0,40.33,33.41516863,0,0,1774425682035,True,True
0,40.33,138.57321389,0,0,1774425682084,True,True
0,40.33,51.2083507,0,0,1774425683912,True,True
0,40.37,2.20329414,0,0,1774425707229,False,True
0,40.36,60.0,0,0,1774425707229,False,True
0,40.36,15.56984075,0,0,1774425707229,False,True
0,40.36,37.16462761,0,0,1774425707229,False,True
0,40.4,37.12871287,0,0,1774425739879,True,True
0,40.41,22.13223841,0,0,1774425739879,True,True
0,40.41,18.5471595,0,0,1774425739879,True,True
0,40.42,1.81193958,0,0,1774425832516,False,True
0,40.4,37.12868717,0,0,1774425832519,False,True
0,40.38,123.82328306,0,0,1774425832519,False,True
0,40.43,133.55850622,0,0,1774425848593,True,True
0,40.43,129.50305552,0,0,1774425848993,True,True
0,40.43,128.41195298,0,0,1774425849642,True,True
0,40.43,144.51713111,0,0,1774425849698,True,True
0,40.48,37.07056575,0,0,1774425852743,True,True
0,40.48,11.05999719,0,0,1774425852743,True,True
0,40.48,99.02843945,0,0,1774425852743,True,True
0,40.48,37.22191832,0,0,1774425852743,True,True
0,40.48,8.63752784,0,0,1774425852743,True,True
0,40.49,19.69752503,0,0,1774425852743,True,True
0,40.49,38.00561224,0,0,1774425852743,True,True
0,40.49,37.05191689,0,0,1774425852743,True,True
0,40.49,119.42499911,0,0,1774425852743,True,True
0,40.49,17.80149818,0,0,1774425852743,True,True
0,40.48,0.9882643,0,0,1774425855949,True,True
0,40.54,2.48385495,0,0,1774425857076,True,True
0,40.55,2.46609,0,0,1774425867200,False,True
0,40.55,1.25e-06,0,0,1774425882354,False,True
0,40.48,0.38766758,0,0,1774425905578,False,True
0,40.51,2.7351,0,0,1774425925707,True,True
0,40.5,0.2999588,0,0,1774425941950,True,True
0,40.51,2.0,0,0,1774425970404,False,True
0,40.51,0.40765147,0,0,1774425970404,False,True
0,40.51,0.49,0,0,1774426006994,True,True
0,40.51,0.4993,0,0,1774426007017,True,True
0,40.56,0.9861932,0,0,1774426033744,True,True
0,40.56,11.34122297,0,0,1774426033744,True,True
0,40.57,0.11911,0,0,1774426036625,True,True
0,40.57,0.45,0,0,1774426039113,True,True
0,40.57,0.4563,0,0,1774426039137,True,True
0,40.57,0.52,0,0,1774426039558,True,True
0,40.57,0.5201,0,0,1774426039582,True,True
0,40.57,0.49,0,0,1774426040173,True,True
0,40.57,0.4958,0,0,1774426040200,True,True
0,40.57,0.46,0,0,1774426040445,True,True
0,40.57,0.17086879,0,0,1774426040472,True,True
0,40.57,0.29633121,0,0,1774426040472,True,True
0,40.57,0.4095,0,0,1774426041140,True,True
0,40.57,0.54,0,0,1774426041493,True,True
0,40.57,0.5494,0,0,1774426041518,True,True
0,40.57,0.5,0,0,1774426042100,True,True
0,40.57,0.509,0,0,1774426042119,True,True
0,40.57,0.3863,0,0,1774426042989,True,True
0,40.57,3.46145884,0,0,1774426056959,True,True
0,40.57,12.5,0,0,1774426056959,True,True
0,40.57,9.03854116,0,0,1774426056959,True,True
0,40.58,0.28136,0,0,1774426083472,False,True
0,40.51,13.13308648,0,0,1774426165264,False,True
0,40.5,30.0,0,0,1774426179411,False,True
0,40.5,0.31076231,0,0,1774426179411,False,True
0,40.47,35.99993591,0,0,1774426200231,False,True
0,40.54,37.00079532,0,0,1774426301269,True,True
0,40.55,37.0057847,0,0,1774426301270,True,True
0,40.55,17.26314619,0,0,1774426301270,True,True
0,40.56,123.27912381,0,0,1774426301271,True,True
0,40.57,36.97313285,0,0,1774426332563,True,True
0,40.57,24.64875524,0,0,1774426332563,True,True
0,40.56,2.4415117,0,0,1774426346960,False,True
0,40.56,0.41565417,0,0,1774426346960,False,True
0,40.48,98.8029363,0,0,1774426489700,False,True
0,40.48,1.21324656,0,0,1774426489700,False,True
0,40.56,0.04882,0,0,1774426528037,True,True
0,40.56,3.28451334,0,0,1774426532329,True,True
0,40.56,3.33333334,0,0,1774426546564,True,True
0,40.56,3.33333334,0,0,1774426546687,True,True
0,40.56,3.33333,0,0,1774426547818,True,True
0,40.56,3.34e-06,0,0,1774426548091,True,True
0,40.56,0.54208489,0,0,1774426548091,True,True
0,40.56,0.54208823,0,0,1774426548093,True,True
0,40.56,2.24916,0,0,1774426548094,True,True
0,40.56,2.2e-07,0,0,1774426555936,True,True
0,40.56,3.33333334,0,0,1774426555936,True,True
0,40.56,3.33333334,0,0,1774426555936,True,True
0,40.56,3.33333334,0,0,1774426555936,True,True
0,40.56,3.33333334,0,0,1774426555936,True,True
0,40.56,3.33333334,0,0,1774426555936,True,True
0,40.56,3.33333334,0,0,1774426555936,True,True
0,40.56,3.33333334,0,0,1774426555936,True,True
0,40.56,3.33333334,0,0,1774426555936,True,True
0,40.56,3.33333334,0,0,1774426555936,True,True
0,40.56,3.33333324,0,0,1774426555936,True,True
0,40.58,0.99574289,0,0,1774426618821,False,True
0,40.58,0.27111242,0,0,1774426618821,False,True
0,40.57,2.4415117,0,0,1774426640767,True,True
0,40.58,36.96402168,0,0,1774426640767,True,True
0,40.58,16.67311698,0,0,1774426640767,True,True
0,40.59,11.75881491,0,0,1774426640767,True,True
0,40.59,36.95635503,0,0,1774426640767,True,True
0,40.59,88.23134975,0,0,1774426640767,True,True
0,40.59,118.06,0,0,1774426640767,True,True
0,40.59,94.4972822,0,0,1774426640767,True,True
0,40.6,246.32,0,0,1774426640767,True,True
0,40.6,18.23953489,0,0,1774426640767,True,True
0,40.6,123.15447426,0,0,1774426640767,True,True
0,40.6,61.6895421,0,0,1774426640767,True,True
0,40.61,16.67311698,0,0,1774426640767,True,True
0,40.61,60.9225535,0,0,1774426640767,True,True
0,40.61,738.7,0,0,1774426640767,True,True
0,40.61,123.14599119,0,0,1774426640767,True,True
0,40.62,16.67311698,0,0,1774426640767,True,True
0,40.62,246.33,0,0,1774426640767,True,True
0,40.62,123.18071934,0,0,1774426640767,True,True
0,40.63,56.6224,0,0,1774426640767,True,True
0,40.63,246.18729317,0,0,1774426640767,True,True
0,40.64,369.19298964,0,0,1774426640767,True,True
0,40.66,30.0,0,0,1774426640767,True,True
0,40.67,6.91562355,0,0,1774426640767,True,True
0,40.67,30.0,0,0,1774426640767,True,True
0,40.67,21.4112057,0,0,1774426640767,True,True
0,40.68,30.0,0,0,1774426640767,True,True
0,40.68,30.0,0,0,1774426640767,True,True
0,40.68,30.0,0,0,1774426640767,True,True
0,40.68,50.0,0,0,1774426640767,True,True
0,40.68,188.26463993,0,0,1774426640767,True,True
0,40.6,124.99298644,0,0,1774426641607,False,True
0,40.6,0.8798391,0,0,1774426676387,False,True
0,40.62,130.24461799,0,0,1774426689068,False,True
0,40.6,1.21786,0,0,1774426706870,True,True
0,40.68,126.1648748,0,0,1774426793845,False,True
0,40.7,13.93194103,0,0,1774426890656,True,True
0,40.67,58.0986,0,0,1774426931712,False,True
0,40.66,0.737,0,0,1774426951683,True,True
0,40.67,35.81379,0,0,1774427036687,True,True
0,40.67,0.2,0,0,1774427056483,True,True
0,40.65,14.17118,0,0,1774427069684,True,True
0,40.67,0.1,0,0,1774427142359,True,True
0,40.56,123.42507131,0,0,1774427154682,False,True
0,40.56,123.12325216,0,0,1774427155399,False,True
0,40.56,0.29016026,0,0,1774427155399,False,True
0,40.67,36.88827336,0,0,1774427308938,True,True
0,40.67,61.6895421,0,0,1774427308938,True,True
0,40.67,68.8136452,0,0,1774427308938,True,True
0,40.71,0.85190909,0,0,1774427318005,True,True
0,40.78,2.44151,0,0,1774427319625,False,True
0,40.75,128.28400328,0,0,1774427340551,False,True
0,40.75,11.46921783,0,0,1774427349642,False,True
0,40.75,0.94800386,0,0,1774427349642,False,True
0,40.7,127.40412464,0,0,1774427403639,False,True
0,40.7,124.53082793,0,0,1774427403980,False,True
0,40.75,122.78045506,0,0,1774427456829,False,True
0,40.71,99.1325898,0,0,1774427482874,False,True
0,40.71,24.25185179,0,0,1774427482874,False,True
0,40.72,2.44151,0,0,1774427484098,True,True
0,40.72,36.83693516,0,0,1774427484098,True,True
0,40.72,61.6895421,0,0,1774427484098,True,True
0,40.72,106.52,0,0,1774427484098,True,True
0,40.72,220.98,0,0,1774427484098,True,True
0,40.72,78.9308108,0,0,1774427484098,True,True
0,40.73,36.82945499,0,0,1774427484098,True,True
0,40.73,9.82800235,0,0,1774427484098,True,True
0,40.73,24.19984074,0,0,1774427484098,True,True
0,40.73,7.53301959,0,0,1774427484098,True,True
0,40.73,220.98,0,0,1774427484098,True,True
0,40.74,122.73057152,0,0,1774427484098,True,True
0,40.75,19.26309368,0,0,1774427484098,True,True
0,40.75,17.36102194,0,0,1774427484098,True,True
0,40.75,193.208254,0,0,1774427484098,True,True
0,40.75,1430.8375969,0,0,1774427484101,False,True
0,40.75,123.28276602,0,0,1774427487385,False,True
0,40.75,139.66521691,0,0,1774427488561,False,True
0,40.75,132.93778488,0,0,1774427489035,False,True
0,40.75,134.13448061,0,0,1774427489602,False,True
0,40.75,123.96406554,0,0,1774427489849,False,True
0,40.75,134.15636864,0,0,1774427490460,False,True
0,40.75,126.6382389,0,0,1774427490664,False,True
0,40.75,132.76629098,0,0,1774427491955,False,True
0,40.75,152.56889581,0,0,1774427492008,False,True
0,40.75,126.46977805,0,0,1774427492064,False,True
0,40.75,174.00485443,0,0,1774427492374,False,True
0,40.75,151.21440579,0,0,1774427492639,False,True
0,40.75,137.30569389,0,0,1774427492656,False,True
0,40.75,129.58841154,0,0,1774427493313,False,True
0,40.75,126.18474382,0,0,1774427497581,False,True
0,40.75,135.46532289,0,0,1774427498083,False,True
0,40.75,132.55433098,0,0,1774427498659,False,True
0,40.75,136.4088748,0,0,1774427499125,False,True
0,40.75,122.94085504,0,0,1774427499670,False,True
0,40.75,129.36848873,0,0,1774427500201,False,True
0,40.75,129.3914706,0,0,1774427500658,False,True
0,40.75,164.97129339,0,0,1774427500674,False,True
0,40.75,157.55340932,0,0,1774427500758,False,True
0,40.75,249.46609535,0,0,1774427500820,False,True
0,40.75,189.9912154,0,0,1774427503524,False,True
0,40.75,124.75355732,0,0,1774427503540,False,True
0,40.75,126.5018985,0,0,1774427504055,False,True
0,40.75,123.86162021,0,0,1774427504581,False,True
0,40.75,125.44540759,0,0,1774427505127,False,True
0,40.79,8.210484,0,0,1774427544936,True,True
0,40.79,2.46609125,0,0,1774427544936,True,True
0,40.79,220.93,0,0,1774427544936,True,True
0,40.8,220.86,0,0,1774427544936,True,True
0,40.8,36.76803585,0,0,1774427544936,True,True
0,40.8,10.7653889,0,0,1774427544936,True,True
0,40.8,2.4509804,0,0,1774427547362,True,True
0,40.78,0.9808729,0,0,1774427565255,True,True
0,40.78,0.74587231,0,0,1774427565255,True,True
0,40.77,2.4415117,0,0,1774427582570,False,True
0,40.76,122.74826377,0,0,1774427582570,False,True
0,40.77,0.71007326,0,0,1774427592099,False,True
0,40.76,11.8046396,0,0,1774427592099,False,True
0,40.79,2.4415117,0,0,1774427594576,True,True
0,40.81,0.36486156,0,0,1774427597244,True,True
0,40.85,3.62140052,0,0,1774427597271,True,True
0,40.85,17.76806273,0,0,1774427597271,True,True
0,40.85,36.73493539,0,0,1774427597271,True,True
0,40.84,2.4415117,0,0,1774427597946,False,True
0,40.84,46.45005186,0,0,1774427597946,False,True
0,40.84,37.29487817,0,0,1774427597946,False,True
0,40.84,12.48751249,0,0,1774427597946,False,True
0,40.84,12.48751249,0,0,1774427597946,False,True
0,40.87,0.9787129,0,0,1774427603624,True,True
0,40.88,0.248633,0,0,1774427603775,False,True
0,40.88,127.8230657,0,0,1774427604816,False,True
0,40.87,122.61773927,0,0,1774427612739,False,True
0,40.83,124.09825665,0,0,1774427618059,False,True
0,40.82,0.39365394,0,0,1774427620250,False,True
0,40.8,2.4415117,0,0,1774427650025,True,True
0,40.81,36.75569713,0,0,1774427650025,True,True
0,40.82,36.75569713,0,0,1774427650026,True,True
0,40.78,2.4415117,0,0,1774427707151,False,True
0,40.76,1.69455348,0,0,1774427733006,True,True
0,40.79,0.7469582,0,0,1774427760751,True,True
0,40.8,10.96010588,0,0,1774427760751,True,True
0,40.8,6.8599986,0,0,1774427760751,True,True
0,40.8,6.40091606,0,0,1774427760751,True,True
0,40.81,13.26091466,0,0,1774427760751,True,True
0,40.81,108.67,0,0,1774427760751,True,True
0,40.81,36.77153825,0,0,1774427760751,True,True
0,40.82,109.68341058,0,0,1774427760751,True,True
0,40.8,1.21219,0,0,1774427763454,False,True
0,40.76,21.06768,0,0,1774427792436,False,True
0,40.65,78.71019531,0,0,1774427822330,False,True
0,40.67,0.3504983,0,0,1774428002727,False,True
0,40.75,11.38783802,0,0,1774428076424,True,True
0,40.75,25.42197793,0,0,1774428076425,True,True
0,40.76,36.80269628,0,0,1774428076426,True,True
0,40.76,0.2330188,0,0,1774428105938,False,True
0,40.79,7.4669,0,0,1774428121396,False,True
0,40.81,0.3132,0,0,1774428121507,True,True
0,40.81,2.4415117,0,0,1774428137393,False,True
0,40.8,130.00573644,0,0,1774428137412,False,True
0,40.8,1.32434405,0,0,1774428137959,False,True
0,40.8,0.15285,0,0,1774428141115,True,True
0,40.79,1.22579063,0,0,1774428157421,True,True
0,40.8,0.44042,0,0,1774428160345,True,True
0,40.81,0.44082015,0,0,1774428166667,False,True
0,40.81,1.69517433,0,0,1774428166667,False,True
0,40.77,124.34074609,0,0,1774428173540,False,True
0,40.78,0.50395,0,0,1774428177966,True,True
0,40.78,0.14212,0,0,1774428178089,True,True
0,40.77,0.14212,0,0,1774428209414,False,True
0,40.78,8.75214514,0,0,1774428246160,True,True
0,40.78,0.83509,0,0,1774428324879,True,True
0,40.77,0.1510599,0,0,1774428336147,False,True
0,40.7,2.00158006,0,0,1774428371734,True,True
0,40.73,3.34524,0,0,1774428396142,True,True
0,40.7,0.2457,0,0,1774428447217,True,True
0,40.69,134.00561921,0,0,1774428514936,False,True
0,40.69,72.47958268,0,0,1774428529540,False,True
0,40.69,27.79114,0,0,1774428529594,False,True
0,40.69,20.29996,0,0,1774428529596,False,True
0,40.69,6.78e-06,0,0,1774428549941,False,True
0,40.65,16.9627013,0,0,1774428549942,False,True
0,40.63,2.24691883,0,0,1774428549944,False,True
0,40.64,2.4415506,0,0,1774428562599,True,True
0,40.67,1.33636811,0,0,1774428591916,True,True
0,40.62,36.92946284,0,0,1774428607571,True,True
0,40.65,24.35779642,0,0,1774428607578,True,True
0,40.61,36.93671509,0,0,1774428658842,True,True
0,40.64,17.74616965,0,0,1774428687457,False,True
0,40.64,228.8021538,0,0,1774428687457,False,True
0,40.6,3.20394088,0,0,1774428777228,False,True
0,40.6,17.2393,0,0,1774428777228,False,True
0,40.6,0.6098335,0,0,1774428777228,False,True
0,40.56,17.74616965,0,0,1774428902658,False,True
0,40.56,21.70156211,0,0,1774428902658,False,True
0,40.59,1.22007,0,0,1774428908211,True,True
0,40.64,8.00008,0,0,1774428958021,True,True
0,40.61,4.3044,0,0,1774429018063,True,True
0,40.61,13.28608,0,0,1774429080641,True,True
0,40.61,2.4415117,0,0,1774429216916,False,True
0,40.6,122.20886,0,0,1774429241469,False,True
0,40.6,133.29145922,0,0,1774429241600,False,True
0,40.6,43.44056748,0,0,1774429241602,False,True
0,40.58,0.48578,0,0,1774429242039,True,True
0,40.58,0.24154,0,0,1774429254951,True,True
0,40.58,0.2,0,0,1774429313152,True,True
0,40.59,0.98687169,0,0,1774429313152,True,True
0,40.59,1.27683863,0,0,1774429313152,True,True
0,40.61,1.71433713,0,0,1774429344037,False,True
0,40.58,2.44165,0,0,1774429443118,True,True
0,40.62,1.3540128,0,0,1774429452624,True,True
0,40.6,6.37914,0,0,1774429458522,True,True
0,40.61,0.75939,0,0,1774429495500,True,True
0,40.61,0.2,0,0,1774429509295,True,True
0,40.59,1.53929539,0,0,1774429510264,False,True
0,40.67,2.4415046,0,0,1774429648525,False,True
0,40.66,24.36685518,0,0,1774429651124,True,True
0,40.64,0.3723745,0,0,1774429705518,True,True
0,40.64,2.40061,0,0,1774429713567,True,True
0,40.71,1.22819946,0,0,1774429730930,True,True
0,40.67,0.3723745,0,0,1774429777215,False,True
0,40.67,0.2952816,0,0,1774429805500,False,True
0,40.66,2.31093811,0,0,1774429844885,False,True
0,40.64,2.4415117,0,0,1774429852956,True,True
0,40.67,1.13421094,0,0,1774429859049,False,True
0,40.65,0.57771551,0,0,1774429869555,True,True
0,40.65,0.57771551,0,0,1774429869747,True,True
0,40.63,0.57771551,0,0,1774429869939,True,True
0,40.63,0.57771551,0,0,1774429870117,True,True
0,40.63,0.57771551,0,0,1774429870299,True,True
0,40.63,0.57771551,0,0,1774429870474,True,True
0,40.64,0.57771551,0,0,1774429870655,True,True
0,40.64,0.57771551,0,0,1774429870831,True,True
0,40.64,0.57771551,0,0,1774429871008,True,True
0,40.61,2.4415117,0,0,1774429932686,False,True
0,40.61,1.07506367,0,0,1774429932686,False,True
0,40.66,98.45237696,0,0,1774429975946,True,True
0,40.66,61.6895421,0,0,1774429975951,True,True
0,40.66,12.1104579,0,0,1774429975951,True,True
0,40.67,2.44151,0,0,1774429975971,True,True
0,40.65,36.900369,0,0,1774430019047,True,True
0,40.65,9.9057065,0,0,1774430019047,True,True
0,40.66,36.89320076,0,0,1774430019048,True,True
0,40.71,0.46209,0,0,1774430073033,True,True
0,40.72,10.49296,0,0,1774430092550,True,True
0,40.74,0.3873684,0,0,1774430155768,True,True
0,40.74,9.4334316,0,0,1774430206796,True,True
0,40.74,0.9997925,0,0,1774430206796,True,True
0,40.77,0.3873684,0,0,1774430284339,False,True
0,40.77,0.04737,0,0,1774430288918,True,True
0,40.77,2.05421906,0,0,1774430303406,False,True
0,40.77,1.60936892,0,0,1774430303406,False,True
0,40.81,0.4147765,0,0,1774430407262,True,True
0,40.8,22.77552773,0,0,1774430438236,True,True
0,40.73,2.4415892,0,0,1774430468430,True,True
0,40.74,107.99980774,0,0,1774430469183,False,True
0,40.73,0.4147765,0,0,1774430476282,False,True
0,40.7,1.03567461,0,0,1774430508564,False,True
0,40.7,0.03164,0,0,1774430519014,True,True
0,40.7,22.7019396,0,0,1774430521032,True,True
0,40.71,1.55669175,0,0,1774430562303,False,True
0,40.72,0.4147446,0,0,1774430576590,True,True
0,40.72,1.03597,0,0,1774430586115,True,True
0,40.7,0.4147446,0,0,1774430645063,False,True
0,40.65,1.5566918,0,0,1774430658035,True,True
0,40.67,0.0586882,0,0,1774430658035,True,True
0,40.68,1.55668118,0,0,1774430739686,False,True
0,40.68,2.4415117,0,0,1774430827080,False,True
0,40.68,0.24243919,0,0,1774430827080,False,True
0,40.63,1.20945,0,0,1774430864331,True,True
0,40.62,0.02261169,0,0,1774430879117,True,True
0,40.68,23.81478,0,0,1774430913038,True,True
0,40.66,1.20945,0,0,1774430950516,True,True
0,40.66,0.60786,0,0,1774430950516,True,True
0,40.64,24.86056,0,0,1774430962001,True,True
0,40.62,1.0,0,0,1774430985964,False,True
0,40.62,0.97912882,0,0,1774430989705,False,True
0,40.62,1.44171166,0,0,1774430989705,False,True
0,40.61,216.49,0,0,1774430989705,False,True
0,40.61,6.2001035,0,0,1774430989705,False,True
0,40.63,0.22156573,0,0,1774431077491,False,True
0,40.62,49.23682914,0,0,1774431177158,False,True
0,40.68,0.78995,0,0,1774431306384,True,True
0,40.69,0.2,0,0,1774431341509,True,True
0,40.62,61.6895421,0,0,1774431402424,False,True
0,40.62,105.7823479,0,0,1774431402424,False,True
0,40.62,1.6069542,0,0,1774431603086,False,True
0,40.62,5.77764,0,0,1774431686354,False,True
0,40.62,5.8e-06,0,0,1774431686357,False,True
0,40.53,98.63879858,0,0,1774432079363,False,True
0,40.53,1.89466506,0,0,1774432079363,False,True
0,40.51,28.98092973,0,0,1774432079369,False,True
0,40.51,32.70861237,0,0,1774432079371,False,True
0,40.5,12.34567901,0,0,1774432079403,False,True
0,40.5,37.03240561,0,0,1774432079403,False,True
0,40.49,24.44056755,0,0,1774432079412,False,True
0,40.42,14.68629026,0,0,1774432079628,False,True
0,40.43,0.28948479,0,0,1774432097353,False,True
0,40.41,0.4475152,0,0,1774432097353,False,True
0,40.46,37.07419617,0,0,1774432181743,True,True
0,40.49,10.0,0,0,1774432194872,True,True
0,40.51,0.83951,0,0,1774432219975,True,True
0,40.54,0.03239,0,0,1774432289037,True,True
0,40.56,2.4417117,0,0,1774432361068,True,True
0,40.56,0.37283801,0,0,1774432361068,True,True
0,40.56,0.94124341,0,0,1774432361068,True,True
0,40.56,0.2,0,0,1774432370634,True,True
0,40.54,37.00049333,0,0,1774432378738,True,True
0,40.54,19.414097,0,0,1774432378738,True,True
0,40.54,190.16,0,0,1774432378738,True,True
0,40.54,22.49198567,0,0,1774432378738,True,True
0,40.54,228.14099131,0,0,1774432378740,False,True
0,40.54,127.74735657,0,0,1774432379237,False,True
0,40.54,53.83589999,0,0,1774432392504,False,True
0,40.54,2.26693257,0,0,1774432392504,False,True
0,40.55,3.20039,0,0,1774432418583,True,True
0,40.56,0.03464,0,0,1774432472708,True,True
0,40.59,2.4415117,0,0,1774432600294,False,True
0,40.59,5.47865182,0,0,1774432600294,False,True
0,40.59,2.0800068,0,0,1774432682457,False,True
0,40.63,2.43662318,0,0,1774432752301,True,True
0,40.63,0.07309,0,0,1774432800212,True,True
0,40.63,0.1632,0,0,1774432829042,True,True
0,40.62,12.4924999,0,0,1774432874352,False,True
0,40.65,0.15426,0,0,1774432926453,True,True
0,40.64,0.15426,0,0,1774432938715,False,True
0,40.62,0.99175553,0,0,1774433049340,False,True
0,40.62,2.4415117,0,0,1774433058533,True,True
0,40.63,4.15273911,0,0,1774433058533,True,True
0,40.65,0.12016,0,0,1774433087459,True,True
0,40.63,2.4415117,0,0,1774433146753,False,True
0,40.64,0.1,0,0,1774433220034,True,True
0,40.66,2.24151169,0,0,1774433228426,True,True
0,40.66,36.89247145,0,0,1774433228426,True,True
0,40.67,18.2344735,0,0,1774433228426,True,True
0,40.67,16.40684042,0,0,1774433228426,True,True
0,40.68,36.8762689,0,0,1774433311802,True,True
0,40.69,22.0165211,0,0,1774433311802,True,True
0,40.74,36.82628665,0,0,1774433359015,True,True
0,40.75,49.14752911,0,0,1774433359015,True,True
0,40.75,177.3,0,0,1774433359015,True,True
0,40.75,36.72618424,0,0,1774433359015,True,True
0,40.72,0.14234,0,0,1774433424831,True,True
0,40.7,2.65065615,0,0,1774433426381,False,True
0,40.71,0.47918,0,0,1774433442422,True,True
0,40.68,2.34153169,0,0,1774433453983,False,True
0,40.68,0.90250728,0,0,1774433454039,False,True
0,40.65,2.2499119,0,0,1774433462824,False,True
0,40.64,3.111535,0,0,1774433510867,True,True
0,40.64,0.60669,0,0,1774433511185,True,True
0,40.64,0.36909449,0,0,1774433516606,True,True
0,40.64,18.48637221,0,0,1774433537740,True,True
0,40.66,0.28068,0,0,1774433649270,True,True
0,40.67,1.8801717,0,0,1774433674587,True,True
0,40.68,245.92,0,0,1774433674587,True,True
0,40.68,245.95,0,0,1774433674587,True,True
0,40.68,154.68,0,0,1774433674587,True,True
0,40.68,98.3776695,0,0,1774433674587,True,True
0,40.69,61.6895421,0,0,1774433674587,True,True
0,40.7,122.93837733,0,0,1774433674587,True,True
0,40.71,297.37500344,0,0,1774433674587,True,True
0,40.67,0.37203076,0,0,1774433705265,False,True
0,40.74,0.234427,0,0,1774433818946,False,True
0,40.74,0.53999306,0,0,1774433819164,False,True
0,40.74,0.3128424,0,0,1774433819166,False,True
0,40.74,1.55455129,0,0,1774433887020,False,True
0,40.73,2.4416891,0,0,1774433937112,True,True
0,40.74,48.0583109,0,0,1774433937112,True,True
0,40.77,12.23939171,0,0,1774434232494,True,True
0,40.74,2.4415117,0,0,1774434260057,False,True
0,40.74,2.24323041,0,0,1774434260057,False,True
0,40.73,2.4415117,0,0,1774434275451,True,True
0,40.77,1.22639195,0,0,1774434354010,True,True
0,40.77,15.94730805,0,0,1774434406642,True,True
0,40.81,36.77008825,0,0,1774434406642,True,True
0,40.81,84.6790937,0,0,1774434406642,True,True
0,40.81,3.09580985,0,0,1774434487665,True,True
0,40.83,0.24244,0,0,1774434556038,True,True
0,40.83,9.4481,0,0,1774434575293,True,True
0,40.82,9.45297,0,0,1774434730625,True,True
0,40.8,2.4415117,0,0,1774434732147,False,True
0,40.78,1.22518991,0,0,1774434741621,True,True
0,40.77,13.2711,0,0,1774434762605,True,True
0,40.73,1.2163218,0,0,1774434978983,True,True
0,40.73,36.82865228,0,0,1774434978983,True,True
0,40.73,61.6895421,0,0,1774434978983,True,True
0,40.74,57.23547251,0,0,1774434978983,True,True
0,40.73,0.02626,0,0,1774434979231,True,True
0,40.74,2.4415117,0,0,1774435108084,False,True
0,40.74,20.2563472,0,0,1774435108084,False,True
0,40.76,3.89908266,0,0,1774435115264,True,True
0,40.73,1.4217169,0,0,1774435202715,False,True
0,40.74,1.22399411,0,0,1774435223013,True,True
0,40.73,122.77554887,0,0,1774435331255,False,True
0,40.73,124.36857731,0,0,1774435331627,False,True
0,40.73,128.82296504,0,0,1774435332235,False,True
0,40.73,129.92834424,0,0,1774435332783,False,True
0,40.74,30.41981,0,0,1774435451269,True,True
0,40.75,0.08503,0,0,1774435500039,True,True
0,40.75,20.89448,0,0,1774435661399,True,True
0,40.83,36.73769287,0,0,1774435761980,True,True
0,40.94,0.48933243,0,0,1774435876680,True,True
0,40.96,13.5182355,0,0,1774435876695,True,True
0,40.95,2.44151,0,0,1774435876697,True,True
0,40.95,1.7e-06,0,0,1774435876704,True,True
0,40.97,10.88114691,0,0,1774435877143,True,True
0,40.97,13.5115763,0,0,1774435877143,True,True
0,40.99,36.5959155,0,0,1774435877143,True,True
0,41.0,6.65199005,0,0,1774435877159,True,True
0,41.0,3.68217879,0,0,1774435877159,True,True
0,41.0,29.78506852,0,0,1774435877159,True,True
0,41.0,32.37643999,0,0,1774435877159,True,True
0,41.0,37.83849149,0,0,1774435877159,True,True
0,41.02,13.4916379,0,0,1774435877160,True,True
0,41.02,20.0,0,0,1774435877160,True,True
0,41.02,20.0,0,0,1774435877160,True,True
0,41.02,2.65065619,0,0,1774435877160,True,True
0,41.05,21.04971156,0,0,1774435877163,True,True
0,41.06,20.0,0,0,1774435877163,True,True
0,41.08,30.0,0,0,1774435877195,True,True
0,41.09,2.4509804,0,0,1774435877322,True,True
0,41.05,130.94510056,0,0,1774435877528,False,True
0,41.05,36.54723,0,0,1774435877581,False,True
0,41.03,2.4415117,0,0,1774435878235,False,True
0,41.02,0.71614649,0,0,1774435878235,False,True
0,41.06,1.13485877,0,0,1774435878539,True,True
0,41.02,10.0,0,0,1774435879897,True,True
0,41.02,0.24378353,0,0,1774435881164,True,True
0,41.03,2.4415117,0,0,1774435890932,True,True
0,41.03,36.55877883,0,0,1774435890932,True,True
0,41.03,124.27438653,0,0,1774435890934,False,True
0,41.01,0.88512988,0,0,1774435894656,False,True
0,41.0,11.37751755,0,0,1774435937223,False,True
0,41.01,2.4415117,0,0,1774435941237,False,True
0,41.01,0.43901998,0,0,1774435941237,False,True
0,40.97,27.88895095,0,0,1774436071476,False,True
0,40.97,1.3968914,0,0,1774436071476,False,True
0,40.98,8.27115676,0,0,1774436081178,False,True
0,41.0,7.46018,0,0,1774436082299,True,True
0,41.0,13.37975605,0,0,1774436103777,True,True
0,40.92,0.51070783,0,0,1774436191577,False,True
0,40.91,2.4415117,0,0,1774436205375,True,True
0,40.91,36.66662757,0,0,1774436205375,True,True
0,40.91,0.2931799,0,0,1774436205375,True,True
0,40.92,3.69831452,0,0,1774436205375,True,True
0,40.91,0.02396,0,0,1774436209034,True,True
0,40.9,0.43666835,0,0,1774436211549,False,True
0,40.9,0.02397,0,0,1774436214036,True,True
0,40.91,2.4415117,0,0,1774436226808,False,True
0,40.91,0.49252093,0,0,1774436226808,False,True
0,40.9,2.36745,0,0,1774436230501,True,True
0,40.88,2.17657128,0,0,1774436242259,False,True
0,40.9,0.41903131,0,0,1774436277712,True,True
0,40.89,13.41246937,0,0,1774436406257,True,True
0,40.86,2.25816594,0,0,1774436496196,False,True
0,40.85,0.6095491,0,0,1774436614409,False,True
0,40.86,3.35362855,0,0,1774436697719,False,True
0,40.82,2.4415117,0,0,1774436706391,True,True
0,40.83,0.5585583,0,0,1774436706391,True,True
0,40.81,0.38343054,0,0,1774436706882,False,True
0,40.91,22.0022,0,0,1774436761631,True,True
0,40.94,16.38696304,0,0,1774436761649,True,True
0,40.97,2.4415117,0,0,1774436781984,False,True
0,40.97,0.71259451,0,0,1774436781984,False,True
0,40.96,0.73008268,0,0,1774436925216,False,True
0,40.97,6.10053684,0,0,1774436959073,True,True
0,41.0,4.8786,0,0,1774437105558,True,True
0,41.02,2.4415117,0,0,1774437105558,True,True
0,41.03,42.57365944,0,0,1774437105558,True,True
0,41.02,16.69787019,0,0,1774437106783,False,True
0,41.01,2.4415117,0,0,1774437106993,False,True
0,40.98,1.00781054,0,0,1774437108039,False,True
0,40.96,75.17341604,0,0,1774437114233,False,True
0,40.96,0.96598,0,0,1774437114282,False,True
0,40.9,0.05013,0,0,1774437165980,False,True
0,40.92,5.86295,0,0,1774437172601,True,True
0,41.07,0.28222423,0,0,1774437241961,True,True
0,41.07,0.28265601,0,0,1774437275094,False,True
0,41.07,1.12386252,0,0,1774437275094,False,True
0,41.04,2.15977573,0,0,1774437290382,True,True
0,41.06,3.96402338,0,0,1774437290382,True,True
0,41.08,0.7306676,0,0,1774437305964,True,True
0,41.08,0.2821678,0,0,1774437305964,True,True
0,41.1,12.34736911,0,0,1774437305964,True,True
0,41.09,32.70779868,0,0,1774437317948,True,True
0,41.08,0.17869,0,0,1774437331819,False,True
0,41.07,69.55633612,0,0,1774437412191,False,True
0,41.07,37.77100201,0,0,1774437461524,False,True
0,41.07,30.0,0,0,1774437461658,False,True
0,41.07,106.15939184,0,0,1774437461711,False,True
0,41.06,13.59809244,0,0,1774437519995,False,True
0,41.06,19.88261577,0,0,1774437519995,False,True
0,41.05,2.4415117,0,0,1774437519995,False,True
0,41.05,97.46566734,0,0,1774437519995,False,True
0,41.03,61.68954,0,0,1774437566513,True,True
0,41.03,2.1e-06,0,0,1774437566513,True,True
0,41.04,6.16871314,0,0,1774437566513,True,True
0,41.04,2.4415117,0,0,1774437566513,True,True
0,41.04,84.87108306,0,0,1774437566513,True,True
0,41.08,12.5494072,0,0,1774437566687,True,True
0,41.08,6.74117582,0,0,1774437566687,True,True
0,41.09,20.0,0,0,1774437566687,True,True
0,41.09,18.85941698,0,0,1774437566687,True,True
0,41.07,2.4348673,0,0,1774437583825,True,True
0,41.11,13.47175,0,0,1774437629874,True,True
0,41.11,8.3e-06,0,0,1774437634291,True,True
0,41.14,24.37982,0,0,1774437635102,False,True
0,41.13,2.4415117,0,0,1774437640191,False,True
0,41.14,0.50367353,0,0,1774437654630,True,True
0,41.16,0.21,0,0,1774437835024,True,True
0,41.16,14.5808,0,0,1774437835024,True,True
0,41.16,14.5808,0,0,1774437835024,True,True
0,41.17,2.44151,0,0,1774437835035,True,True
0,41.18,13.2115,0,0,1774437835497,False,True
0,41.18,22.95736985,0,0,1774437842960,False,True
0,41.2,0.81981941,0,0,1774437853756,True,True
0,41.18,247.77,0,0,1774437855486,False,True
0,41.19,62.49051,0,0,1774437859990,True,True
0,41.18,1.0,0,0,1774437883066,False,True
0,41.22,72.81,0,0,1774437914918,True,True
0,41.22,180.1591583,0,0,1774437914919,True,True
0,41.23,6.94619039,0,0,1774437914964,True,True
0,41.23,0.84016489,0,0,1774437914964,True,True
0,41.24,1.0,0,0,1774437920191,True,True
0,41.24,12.42888,0,0,1774437936829,True,True
0,41.24,6e-06,0,0,1774437938718,True,True
0,41.27,13.41246,0,0,1774437949791,True,True
0,41.27,9.3e-06,0,0,1774437954515,True,True
0,41.3,13.33849,0,0,1774437954523,True,True
0,41.3,9e-07,0,0,1774437954525,True,True
0,41.3,0.24648755,0,0,1774437955422,False,True
0,41.32,11.59375636,0,0,1774437956636,True,True
0,41.32,12.5494072,0,0,1774437956636,True,True
0,41.33,61.6895421,0,0,1774437956636,True,True
0,41.33,4.12173082,0,0,1774437956636,True,True
0,41.33,8.42767638,0,0,1774437956636,True,True
0,41.33,16.54734859,0,0,1774437956636,True,True
0,41.33,31.8072617,0,0,1774437956637,True,True
0,41.33,12.58057018,0,0,1774437956637,True,True
0,41.34,4.84899726,0,0,1774437956637,True,True
0,41.3,2.19507169,0,0,1774437957020,False,True
0,41.3,1.04191955,0,0,1774437960215,False,True
0,41.3,2.441561,0,0,1774437974299,True,True
0,41.31,15.71444033,0,0,1774437974299,True,True
0,41.32,0.09535,0,0,1774437985576,False,True
0,41.32,2.4415117,0,0,1774437987574,False,True
0,41.31,0.72578805,0,0,1774437987747,False,True
0,41.31,7.78172072,0,0,1774437987747,False,True
0,41.31,0.46502839,0,0,1774437996940,False,True
0,41.29,12.5494072,0,0,1774437996940,False,True
0,41.3,96.85363498,0,0,1774438015302,True,True
0,41.3,0.56082223,0,0,1774438023295,False,True
0,41.29,2.12253,0,0,1774438045210,True,True
0,41.29,0.79117572,0,0,1774438079865,False,True
0,41.29,19.70135311,0,0,1774438079865,False,True
0,41.32,0.3189817,0,0,1774438117862,True,True
0,41.34,0.16327238,0,0,1774438117862,True,True
0,41.32,5.97766,0,0,1774438123505,False,True
0,41.31,1.45243282,0,0,1774438154990,False,True
0,41.31,0.94041958,0,0,1774438154990,False,True
0,41.33,9.14793559,0,0,1774438205865,True,True
0,41.33,4.13141559,0,0,1774438205865,True,True
0,41.33,0.27147351,0,0,1774438213268,True,True
0,41.36,2.4415117,0,0,1774438231709,False,True
0,41.36,1.08371984,0,0,1774438231709,False,True
0,41.35,27.45478723,0,0,1774438235660,True,True
0,41.38,6.91562355,0,0,1774438290617,True,True
0,41.38,13.379756,0,0,1774438290617,True,True
0,41.43,6.65199005,0,0,1774438296053,True,True
0,41.43,3.68217879,0,0,1774438296053,True,True
0,41.43,96.72306116,0,0,1774438296053,True,True
0,41.44,3.6214,0,0,1774438306918,True,True
0,41.44,5.2e-07,0,0,1774438306924,True,True
0,41.44,0.48383,0,0,1774438307759,False,True
0,41.42,0.61740087,0,0,1774438310989,False,True
0,41.33,2.44151,0,0,1774438358052,True,True
0,41.33,1.7e-06,0,0,1774438358065,True,True
0,41.37,54.0173534,0,0,1774438361366,True,True
0,41.38,22.78812228,0,0,1774438361366,True,True
0,41.38,10.0,0,0,1774438361366,True,True
0,41.38,108.97,0,0,1774438361366,True,True
0,41.39,45.88912757,0,0,1774438361366,True,True
0,41.45,0.53872136,0,0,1774438391761,True,True
0,41.47,8.210484,0,0,1774438417316,True,True
0,41.48,13.3602045,0,0,1774438419140,True,True
0,41.49,0.6097037,0,0,1774438419510,False,True
0,41.5,18.00146952,0,0,1774438419786,True,True
0,41.53,99.1325897,0,0,1774438419786,True,True
0,41.54,0.87,0,0,1774438419786,True,True
0,41.59,50.0,0,0,1774438420367,True,True
0,41.57,0.2457,0,0,1774438421450,False,True
0,41.57,1.95011,0,0,1774438422074,False,True
0,41.57,1.77e-06,0,0,1774438422079,False,True
0,41.56,26.67323862,0,0,1774438422079,False,True
0,41.56,0.60139523,0,0,1774438426041,True,True
0,41.53,0.84741396,0,0,1774438433601,False,True
0,41.52,0.04937,0,0,1774438439119,False,True
0,41.52,0.87458471,0,0,1774438442623,False,True
0,41.51,94.36762225,0,0,1774438462997,False,True
0,41.51,0.29400775,0,0,1774438462997,False,True
0,41.51,9.09e-06,0,0,1774438463093,False,True
0,41.47,0.95900752,0,0,1774438463097,False,True
0,41.46,1.59540868,0,0,1774438477327,True,True
0,41.47,1.84060481,0,0,1774438479209,True,True
0,41.48,109.98,0,0,1774438479209,True,True
0,41.5,6.77916911,0,0,1774438479209,True,True
0,41.5,5.39566304,0,0,1774438479209,True,True
0,41.5,0.23708304,0,0,1774438479209,True,True
0,41.54,13.21855416,0,0,1774438504674,True,True
0,41.54,10.11663312,0,0,1774438518597,True,True
0,41.51,0.6012258,0,0,1774438549983,True,True
0,41.52,0.84656102,0,0,1774438549983,True,True
0,41.52,1.78553318,0,0,1774438549983,True,True
0,41.46,27.32416,0,0,1774438562959,False,True
0,41.46,7.87e-06,0,0,1774438565719,False,True
0,41.46,0.30438571,0,0,1774438565719,False,True
0,41.44,0.2703876,0,0,1774438573128,False,True
0,41.41,0.48157959,0,0,1774438667722,True,True
0,41.48,2.4415117,0,0,1774438709300,False,True
0,41.48,0.6122283,0,0,1774438709300,False,True
0,41.47,0.32021,0,0,1774438712041,True,True
0,41.44,12.17483215,0,0,1774438712798,False,True
0,41.44,15.06966071,0,0,1774438712798,False,True
0,41.44,26.76297148,0,0,1774438712798,False,True
0,41.43,12.17483215,0,0,1774438712798,False,True
0,41.43,108.22678455,0,0,1774438712798,False,True
0,41.43,241.03,0,0,1774438712798,False,True
0,41.43,96.48583302,0,0,1774438712798,False,True
0,41.42,241.0,0,0,1774438712798,False,True
0,41.42,167.57,0,0,1774438712798,False,True
0,41.4,723.1,0,0,1774438712798,False,True
0,41.37,12.60773824,0,0,1774438712798,False,True
0,41.36,50.0,0,0,1774438712798,False,True
0,41.36,793.7973477,0,0,1774438712798,False,True
0,41.44,2.4415117,0,0,1774438722741,True,True
0,41.42,2.9651216,0,0,1774438802614,False,True
0,41.44,13.24408491,0,0,1774438804047,True,True
0,41.42,50.80527917,0,0,1774438833008,False,True
0,41.42,8.19742098,0,0,1774438833008,False,True
0,41.41,157.8756339,0,0,1774438841260,True,True
0,41.4,12.65822,0,0,1774438843381,False,True
0,41.4,7.84e-06,0,0,1774438849553,False,True
0,41.4,0.37059599,0,0,1774438849553,False,True
0,41.37,61.6895421,0,0,1774438938869,False,True
0,41.37,0.64627063,0,0,1774438938869,False,True
0,41.36,49.90141727,0,0,1774438938869,False,True
0,41.3,4.83792936,0,0,1774438975450,False,True
0,41.3,10.734931,0,0,1774438983578,True,True
0,41.31,0.251256,0,0,1774438995642,False,True
0,41.33,1.16886,0,0,1774439030379,True,True
0,41.33,2.37326,0,0,1774439055233,True,True
0,41.33,162.80571029,0,0,1774439067656,True,True
0,41.33,66.25437875,0,0,1774439067656,True,True
0,41.33,10.13665096,0,0,1774439067656,True,True
0,41.37,2.24205,0,0,1774439085288,True,True
0,41.37,13.26009178,0,0,1774439106565,True,True
0,41.36,1.88963037,0,0,1774439110223,False,True
0,41.34,2.4415117,0,0,1774439110402,False,True
0,41.31,0.25251,0,0,1774439133637,True,True
0,41.3,0.64031509,0,0,1774439146698,False,True
0,41.3,0.25294772,0,0,1774439146698,False,True
0,41.32,0.5,0,0,1774439230269,True,True
0,41.31,0.242014,0,0,1774439255979,True,True
0,41.21,1.18949002,0,0,1774439273805,True,True
0,41.23,178.81050998,0,0,1774439273805,True,True
0,41.24,1.68920276,0,0,1774439305907,False,True
0,41.24,1.04212724,0,0,1774439305907,False,True
0,41.2,1.0,0,0,1774439322151,False,True
0,41.15,0.2,0,0,1774439355176,True,True
0,41.15,49.8877526,0,0,1774439360597,False,True
0,41.26,3.78418,0,0,1774439416889,True,True
0,41.14,0.5135539,0,0,1774439464591,False,True
0,41.24,0.26721629,0,0,1774439620523,True,True
0,41.24,0.55783,0,0,1774439625730,True,True
0,41.2,29.46319,0,0,1774439655885,False,True
0,41.24,2.4416622,0,0,1774439703577,True,True
0,41.24,10.87314356,0,0,1774439703577,True,True
0,41.33,36.298953,0,0,1774439746326,True,True
0,41.33,66.59095742,0,0,1774439746326,True,True
0,41.34,1.11907,0,0,1774439774962,True,True
0,41.35,0.6704,0,0,1774439793349,False,True
0,41.35,1.77124575,0,0,1774439804046,False,True
0,41.31,0.02591,0,0,1774439813616,False,True
0,41.33,1.0,0,0,1774439824298,True,True
0,41.32,96.81294749,0,0,1774439849674,True,True
0,41.32,36.30203291,0,0,1774439849674,True,True
0,41.33,16.8850196,0,0,1774439849674,True,True
0,41.35,61.6895421,0,0,1774439990016,False,True
0,41.34,10.8333966,0,0,1774439990016,False,True
0,41.34,36.28438039,0,0,1774439990016,False,True
0,41.34,6.1926809,0,0,1774440000921,True,True
0,41.36,2.4416458,0,0,1774440001158,True,True
0,41.37,27.5583542,0,0,1774440001158,True,True
0,41.39,2.4415117,0,0,1774440007666,False,True
0,41.35,3.62756953,0,0,1774440026200,True,True
0,41.38,7.59115297,0,0,1774440074568,True,True
0,41.38,15.85717661,0,0,1774440074568,True,True
0,41.38,16.55167042,0,0,1774440074568,True,True
0,41.24,0.2348,0,0,1774440212357,True,True
0,41.23,0.3018583,0,0,1774440231251,False,True
0,41.2,2.4415117,0,0,1774440274152,True,True
0,41.22,0.2,0,0,1774440278995,False,True
0,41.14,4.07765,0,0,1774440343430,False,True
0,41.13,132.1685058,0,0,1774440388244,False,True
0,41.13,130.70447092,0,0,1774440388667,False,True
0,41.13,122.11306719,0,0,1774440389221,False,True
0,41.13,50.0,0,0,1774440389494,False,True
0,41.13,70.0,0,0,1774440389494,False,True
0,41.13,50.0,0,0,1774440389494,False,True
0,41.13,27.71295925,0,0,1774440389661,False,True
0,41.1,0.24456175,0,0,1774440391463,False,True
0,41.12,0.25025,0,0,1774440408173,False,True
0,41.15,2.42895313,0,0,1774440440229,True,True
0,41.16,0.39480078,0,0,1774440472041,True,True
0,41.16,2.1969988,0,0,1774440521697,False,True
0,41.23,20.16711133,0,0,1774440666618,True,True
0,41.25,0.9,0,0,1774440671509,True,True
0,41.26,36.36057164,0,0,1774440728640,True,True
0,41.27,90.54412409,0,0,1774440728640,True,True
0,41.21,2.4415606,0,0,1774440751301,True,True
0,41.22,0.95569715,0,0,1774440751301,True,True
0,41.21,0.10914,0,0,1774440871337,True,True
0,41.2,4.02597087,0,0,1774440875365,False,True
0,41.15,32.88930494,0,0,1774440927707,False,True
0,41.15,3.56269993,0,0,1774440928113,False,True
0,41.14,24.87823885,0,0,1774440933257,False,True
0,41.14,1.85326115,0,0,1774440933259,False,True
0,41.14,0.28533885,0,0,1774440933259,False,True
0,41.13,0.70514,0,0,1774440947165,False,True
0,41.13,4.13e-06,0,0,1774440959677,False,True
0,41.13,0.33448873,0,0,1774440959677,False,True
0,41.07,0.2661474,0,0,1774440975758,False,True
0,41.08,1.45243282,0,0,1774440983400,False,True
0,41.09,2.17541752,0,0,1774440995629,False,True
0,41.09,0.77754948,0,0,1774440995629,False,True
0,41.09,97.01029197,0,0,1774440995629,False,True
0,41.08,61.6895421,0,0,1774440995629,False,True
0,41.07,36.52300949,0,0,1774440995629,False,True
0,41.07,45.3109193,0,0,1774440995629,False,True
0,41.06,122.77582615,0,0,1774441004500,False,True
0,41.06,127.79145454,0,0,1774441006026,False,True
0,41.06,51.39687691,0,0,1774441007671,False,True
0,41.04,0.26535088,0,0,1774441009468,True,True
0,41.0,6.65199005,0,0,1774441016301,False,True
0,41.0,3.68217879,0,0,1774441016301,False,True
0,40.99,2.35827,0,0,1774441059033,True,True
0,40.93,36.63338998,0,0,1774441101953,False,True
0,40.93,60.0,0,0,1774441101953,False,True
0,40.93,0.51757655,0,0,1774441101953,False,True
0,40.93,22.82319308,0,0,1774441101953,False,True
0,40.92,35.69577449,0,0,1774441101953,False,True
0,40.9,1.2098,0,0,1774441143209,True,True
0,40.98,0.02357,0,0,1774441180851,True,True
0,41.01,1.20999311,0,0,1774441196495,False,True
0,40.87,7.56777,0,0,1774441261652,False,True
0,40.88,2.44618396,0,0,1774441268811,False,True
0,40.87,21.78643,0,0,1774441269635,False,True
0,40.87,0.48911,0,0,1774441269635,False,True
0,40.87,2.56e-06,0,0,1774441269652,False,True
0,40.85,3.62140052,0,0,1774441274225,False,True
0,40.85,0.29609281,0,0,1774441274225,False,True
0,40.8,4.0,0,0,1774441312270,False,True
0,40.8,57.6895421,0,0,1774441312270,False,True
0,40.8,60.0,0,0,1774441312270,False,True
0,40.8,0.47607981,0,0,1774441312270,False,True
0,40.8,31.83437809,0,0,1774441312270,False,True
0,40.8,61.6895421,0,0,1774441336676,False,True
0,40.8,140.06,0,0,1774441336676,False,True
0,40.8,36.7591243,0,0,1774441336676,False,True
0,40.79,3.1559369,0,0,1774441336676,False,True
0,40.82,7.71638,0,0,1774441351375,True,True
0,40.84,1.20125,0,0,1774441384863,False,True
0,40.79,5.05454,0,0,1774441386709,False,True
0,40.79,7.1e-06,0,0,1774441401002,False,True
0,40.77,18.0,0,0,1774441401002,False,True
0,40.74,0.45133876,0,0,1774441413167,False,True
0,40.73,106.48103079,0,0,1774441413170,False,True
0,40.73,36.81308369,0,0,1774441413170,False,True
0,40.87,1.00122,0,0,1774441436810,True,True
0,40.84,1.83619001,0,0,1774441472807,True,True
0,40.94,13.24717735,0,0,1774441577742,True,True
0,40.94,44.84318431,0,0,1774441577742,True,True
0,40.94,36.64730514,0,0,1774441586255,True,True
0,40.95,1.0,0,0,1774441650076,True,True
0,40.93,0.59912,0,0,1774441686096,True,True
0,40.93,9.5178716,0,0,1774441699945,True,True
0,40.94,14.90811,0,0,1774441743629,False,True
0,40.94,7.65e-06,0,0,1774441762218,False,True
0,40.94,0.66853235,0,0,1774441762218,False,True
0,40.93,0.21988762,0,0,1774441804566,False,True
0,40.93,0.26973859,0,0,1774441804566,False,True
0,40.89,6.11396,0,0,1774441878902,False,True
0,40.89,4.3e-06,0,0,1774441889025,False,True
0,40.89,0.37009279,0,0,1774441889025,False,True
0,40.83,0.38699934,0,0,1774441894290,False,True
0,40.81,2.441758,0,0,1774441897488,True,True
0,40.84,104.98157631,0,0,1774441931186,True,True
0,40.84,75.695134,0,0,1774441931187,True,True
0,40.84,63.74328969,0,0,1774441931187,True,True
0,40.81,0.90734,0,0,1774441978408,True,True
0,40.85,2.44151,0,0,1774441986480,False,True
0,40.83,1.35275689,0,0,1774442010011,False,True
0,40.91,1.46166078,0,0,1774442142673,False,True
0,40.88,0.75731366,0,0,1774442165887,False,True
0,40.88,61.6895421,0,0,1774442177003,False,True
0,40.88,16.52784525,0,0,1774442177003,False,True
0,40.88,60.0,0,0,1774442177003,False,True
0,40.88,10.22257313,0,0,1774442177003,False,True
0,40.88,36.69148925,0,0,1774442177003,False,True
0,40.87,16.52784525,0,0,1774442177003,False,True
0,40.87,60.0,0,0,1774442177003,False,True
0,40.87,36.69504464,0,0,1774442177003,False,True
0,40.87,16.54007031,0,0,1774442177003,False,True
0,40.87,7.42552664,0,0,1774442177003,False,True
0,40.87,8.60881909,0,0,1774442177003,False,True
0,40.86,5.32312194,0,0,1774442177003,False,True
0,40.86,27.45478723,0,0,1774442177003,False,True
0,40.98,0.47165,0,0,1774442225295,True,True
0,40.96,0.31161,0,0,1774442238426,True,True
0,40.97,0.64968815,0,0,1774442264040,False,True
0,40.97,1.31821776,0,0,1774442264040,False,True
0,40.97,0.26560424,0,0,1774442264040,False,True
0,40.97,0.26462026,0,0,1774442264040,False,True
0,40.97,0.26659557,0,0,1774442264040,False,True
0,40.96,1.2188466,0,0,1774442403210,False,True
0,40.96,0.78310652,0,0,1774442409146,False,True
0,40.95,9.1067155,0,0,1774442409434,False,True
0,40.96,1.68292827,0,0,1774442414684,False,True
0,40.98,0.3018583,0,0,1774442479794,True,True
0,40.98,0.2642895,0,0,1774442479794,True,True
0,41.02,0.24025777,0,0,1774442479794,True,True
0,40.99,0.16745991,0,0,1774442479846,False,True
0,40.99,0.39365394,0,0,1774442479846,False,True
0,40.99,1.8035258,0,0,1774442604052,False,True
0,40.96,2.26063,0,0,1774442616988,True,True
0,40.93,0.02765,0,0,1774442618277,False,True
0,40.84,1.21217,0,0,1774442722170,True,True
0,40.82,0.04506,0,0,1774442748938,False,True
0,40.82,0.92076211,0,0,1774442774511,False,True
0,40.82,0.20153536,0,0,1774442774511,False,True
0,40.82,0.11985743,0,0,1774442774511,False,True
0,40.82,1.18476117,0,0,1774442799251,True,True
0,40.83,274.78,0,0,1774442799251,True,True
0,40.84,16.46080487,0,0,1774442799251,True,True
0,40.84,31.70516821,0,0,1774442799251,True,True
0,40.84,37.51891063,0,0,1774442799251,True,True
0,40.82,0.24248,0,0,1774442854040,True,True
0,40.81,1.2119363,0,0,1774442867627,True,True
0,40.82,72.58224377,0,0,1774442870657,False,True
0,40.82,16.46080487,0,0,1774442870657,False,True
0,40.82,36.74571292,0,0,1774442870657,False,True
0,40.82,1.59176925,0,0,1774442870657,False,True
0,40.82,2.4415117,0,0,1774442870657,False,True
0,40.81,51.00277994,0,0,1774442870657,False,True
0,40.85,3.39894,0,0,1774442870879,True,True
0,40.8,0.23929,0,0,1774442902077,False,True
0,40.78,25.9178425,0,0,1774442966600,False,True
0,40.78,24.15219,0,0,1774443036545,True,True
0,40.77,63.16339,0,0,1774443071930,True,True
0,40.76,3.6275695,0,0,1774443098119,False,True
0,40.76,0.6241,0,0,1774443173977,False,True
0,40.8,16.77284868,0,0,1774443176870,True,True
0,40.8,26.40019044,0,0,1774443176870,True,True
0,40.79,0.12685,0,0,1774443263602,True,True
0,40.83,16.67516287,0,0,1774443308536,True,True
0,41.03,0.2,0,0,1774443364279,True,True
0,41.01,0.20044822,0,0,1774443367122,False,True
0,41.01,0.09955178,0,0,1774443367122,False,True
0,40.96,0.09915,0,0,1774443410443,False,True
0,41.0,0.03186,0,0,1774443469780,True,True
0,40.99,0.22061,0,0,1774443534135,True,True
0,40.99,1.24719381,0,0,1774443548015,True,True
0,40.99,2.43961941,0,0,1774443562276,True,True
0,40.95,0.4071,0,0,1774443650036,True,True
0,40.88,0.36,0,0,1774443679212,False,True
0,40.97,0.90749,0,0,1774443810604,False,True
0,40.98,252.48,0,0,1774443813161,True,True
0,40.98,36.60322108,0,0,1774443813161,True,True
0,40.98,127.89844726,0,0,1774443813164,False,True
0,40.98,142.97995261,0,0,1774443813859,False,True
0,40.98,122.50166576,0,0,1774443814354,False,True
0,40.98,140.03602572,0,0,1774443814945,False,True
0,40.98,128.05389086,0,0,1774443815568,False,True
0,40.98,123.11803138,0,0,1774443816032,False,True
0,40.98,131.2281608,0,0,1774443816473,False,True
0,40.98,136.40089915,0,0,1774443819995,False,True
0,40.98,122.94394013,0,0,1774443820339,False,True
0,40.98,129.9162126,0,0,1774443821032,False,True
0,41.0,0.01734,0,0,1774443835039,True,True
0,41.0,53.8216705,0,0,1774443892061,False,True
0,40.99,124.91850299,0,0,1774443892064,False,True
0,40.99,128.68541284,0,0,1774443893255,False,True
0,40.99,125.05198041,0,0,1774443894008,False,True
0,40.99,557.52193839,0,0,1774443894049,False,True
0,40.99,180.0,0,0,1774443894060,False,True
0,40.99,489.59448644,0,0,1774443894068,False,True
0,40.99,33.41516863,0,0,1774443894088,False,True
0,40.99,439.13,0,0,1774443894097,False,True
0,40.99,1254.6825103,0,0,1774443894225,False,True
0,40.98,1258.55,0,0,1774443894487,False,True
0,40.98,71.33007989,0,0,1774443894494,False,True
0,40.98,111.03604808,0,0,1774443895140,False,True
0,40.98,262.79918699,0,0,1774443895387,False,True
0,40.98,15.25134211,0,0,1774443895404,False,True
0,40.98,19.87289558,0,0,1774443895600,False,True
0,40.91,2.4100999,0,0,1774443901306,True,True
0,40.94,21.2066501,0,0,1774443901306,True,True
0,40.9,126.25277624,0,0,1774443912912,False,True
0,40.95,130.88633724,0,0,1774443948889,False,True
0,40.95,36.63003663,0,0,1774444004861,True,True
0,40.96,61.6895421,0,0,1774444004861,True,True
0,40.96,18.15581378,0,0,1774444004861,True,True
0,40.96,36.62323483,0,0,1774444004861,True,True
0,40.97,97.74030721,0,0,1774444004861,True,True
0,40.97,122.04383525,0,0,1774444004861,True,True
0,40.97,659.92216564,0,0,1774444004864,False,True
0,40.97,147.85605863,0,0,1774444006351,False,True
0,40.97,127.09878288,0,0,1774444007718,False,True
0,40.97,139.92221155,0,0,1774444008312,False,True
0,40.97,126.22998514,0,0,1774444008868,False,True
0,40.98,4.7716,0,0,1774444009121,True,True
0,40.97,133.47170795,0,0,1774444012140,False,True
0,40.97,132.52141911,0,0,1774444012707,False,True
0,40.97,127.6351575,0,0,1774444013165,False,True
0,40.97,140.5256969,0,0,1774444013195,False,True
0,40.97,199.87765208,0,0,1774444013589,False,True
0,40.97,145.15513273,0,0,1774444014121,False,True
0,40.97,125.33057444,0,0,1774444015298,False,True
0,40.97,122.9126388,0,0,1774444015864,False,True
0,40.97,129.38275159,0,0,1774444016370,False,True
0,40.97,123.53095897,0,0,1774444016827,False,True
0,40.97,129.65210717,0,0,1774444017417,False,True
0,40.97,132.4993767,0,0,1774444017958,False,True
0,40.98,31.83162108,0,0,1774444035842,True,True
0,40.98,61.6895421,0,0,1774444035842,True,True
0,40.98,72.8968801,0,0,1774444035842,True,True
0,40.98,261.19,0,0,1774444035842,True,True
0,40.98,218.90370039,0,0,1774444035844,False,True
0,40.98,126.47909955,0,0,1774444036305,False,True
0,40.98,139.65924804,0,0,1774444036916,False,True
0,40.98,146.28320329,0,0,1774444037286,False,True
0,40.98,12.36228629,0,0,1774444037286,False,True
0,40.98,2.65065619,0,0,1774444037286,False,True
0,40.98,593.86483105,0,0,1774444037286,False,True
0,40.98,33.41516863,0,0,1774444037287,False,True
0,40.98,473.55289804,0,0,1774444037288,False,True
0,40.98,47.22086525,0,0,1774444037348,False,True
0,40.98,1.57488719,0,0,1774444037348,False,True
0,40.97,92.69410681,0,0,1774444037348,False,True
0,40.97,23.89874561,0,0,1774444060414,False,True
0,40.96,2.44151,0,0,1774444060423,False,True
0,40.97,61.6895421,0,0,1774444082072,True,True
0,40.97,2.44151,0,0,1774444082072,True,True
0,40.97,36.61358302,0,0,1774444082072,True,True
0,40.97,191.80629746,0,0,1774444082074,False,True
0,40.97,152.57651319,0,0,1774444082195,False,True
0,40.97,125.9008016,0,0,1774444083107,False,True
0,40.97,135.61411527,0,0,1774444083790,False,True
0,40.97,127.77111257,0,0,1774444084637,False,True
0,40.97,122.77981201,0,0,1774444085784,False,True
0,40.97,125.62656891,0,0,1774444099266,False,True
0,40.97,0.37566,0,0,1774444126544,False,True
0,41.05,2.4415117,0,0,1774444154518,False,True
0,41.05,134.49851239,0,0,1774444154518,False,True
0,41.01,125.23258753,0,0,1774444161879,False,True
0,41.0,122.30153957,0,0,1774444167593,False,True
0,40.99,0.03644,0,0,1774444170902,False,True
0,41.0,0.2,0,0,1774444191329,True,True
0,40.99,0.11441,0,0,1774444285220,True,True
0,40.97,27.80448387,0,0,1774444343254,False,True
0,40.97,1.24149966,0,0,1774444343254,False,True
0,40.96,100.76112389,0,0,1774444343254,False,True
0,40.97,127.51865667,0,0,1774444381075,False,True
0,40.91,1.0,0,0,1774444459266,True,True
0,40.93,1.19507,0,0,1774444468775,True,True
0,40.91,0.5,0,0,1774444471630,False,True
0,40.91,7.77482,0,0,1774444485229,False,True
0,40.91,9.39921733,0,0,1774444531265,False,True
0,40.93,0.04151169,0,0,1774444559667,True,True
0,40.93,1.14994831,0,0,1774444559667,True,True
0,40.91,4.26862,0,0,1774444561205,True,True
0,40.91,1.19494,0,0,1774444573945,True,True
0,40.9,2.15330073,0,0,1774444613910,False,True
0,40.9,31.2618679,0,0,1774444613910,False,True
0,40.9,18.7381321,0,0,1774444614452,False,True
0,40.85,0.9792619,0,0,1774444630138,False,True
0,40.85,0.2753281,0,0,1774444630138,False,True
0,40.88,1.2,0,0,1774444652270,True,True
0,40.88,1.18583,0,0,1774444652270,True,True
0,40.94,2.4415117,0,0,1774444695834,False,True
0,40.93,1.0297778,0,0,1774444695834,False,True
0,41.03,13.4026386,0,0,1774444804472,True,True
0,41.0,0.25660509,0,0,1774444806172,False,True
0,41.0,0.27343,0,0,1774444832880,True,True
0,41.02,2.4415117,0,0,1774444874649,True,True
0,41.02,1.8204283,0,0,1774444874649,True,True
0,41.01,2.4415117,0,0,1774444904068,False,True
0,41.01,2.73313657,0,0,1774444904068,False,True
0,41.0,75.22954937,0,0,1774444904068,False,True
0,41.0,17.24687257,0,0,1774444904068,False,True
0,41.0,29.14727165,0,0,1774444904068,False,True
0,40.97,2.37722,0,0,1774444913133,True,True
0,41.0,0.06786,0,0,1774444926334,True,True
0,40.95,50.02353,0,0,1774444959956,False,True
0,40.93,0.5,0,0,1774445046220,False,True
0,40.94,1.57911,0,0,1774445047608,True,True
0,40.95,5.21544687,0,0,1774445061434,True,True
0,40.92,4.8864,0,0,1774445153915,False,True
0,40.97,61.6895421,0,0,1774445317679,True,True
0,40.97,36.61215523,0,0,1774445317679,True,True
0,40.98,36.61709114,0,0,1774445317680,True,True
0,40.96,0.12512,0,0,1774445356665,False,True
0,40.99,0.23846,0,0,1774445386620,True,True
0,40.99,0.5,0,0,1774445400068,True,True
0,41.02,2.37723286,0,0,1774445403178,False,True
0,41.01,123.40651081,0,0,1774445403178,False,True
0,41.01,122.05175104,0,0,1774445407681,False,True
0,41.01,1.37056472,0,0,1774445413044,False,True
0,40.99,5.3556,0,0,1774445430463,True,True
0,40.98,0.24696294,0,0,1774445434873,False,True
0,40.99,17.0039109,0,0,1774445456329,False,True
0,41.07,121.796695,0,0,1774445464732,False,True
0,41.04,122.45512146,0,0,1774445471745,False,True
0,41.06,10.05248,0,0,1774445472570,True,True
0,41.04,125.09234376,0,0,1774445472575,False,True
0,40.99,0.24944,0,0,1774445565187,False,True
0,41.03,39.85653072,0,0,1774445583067,True,True
0,41.03,44.8991548,0,0,1774445583099,True,True
0,41.03,15.24431448,0,0,1774445583100,True,True
0,41.05,2.4415246,0,0,1774445606314,True,True
0,41.05,0.89999814,0,0,1774445618171,False,True
0,41.05,0.89999814,0,0,1774445618171,False,True
0,41.05,1.05480134,0,0,1774445618259,False,True
0,41.05,1.31741055,0,0,1774445618272,False,True
0,41.05,0.34757945,0,0,1774445618272,False,True
0,41.03,2.4415117,0,0,1774445619868,False,True
0,41.02,13.4026386,0,0,1774445629611,False,True
0,41.1,0.10492,0,0,1774445669358,True,True
0,41.09,0.9735913,0,0,1774445686144,True,True
0,41.09,1.3777887,0,0,1774445686144,True,True
0,41.09,0.2,0,0,1774445705378,False,True
0,41.09,1.0,0,0,1774445720884,False,True
0,41.1,76.73242879,0,0,1774445746232,True,True
0,41.1,8.99752241,0,0,1774445746398,True,True
0,41.11,125.83178287,0,0,1774445746605,True,True
0,41.11,123.40397864,0,0,1774445747235,True,True
0,41.11,121.63286413,0,0,1774445750975,True,True
0,41.11,123.26559619,0,0,1774445751670,True,True
0,41.11,122.52415935,0,0,1774445753211,True,True
0,41.11,2.3573,0,0,1774445753390,True,True
0,41.11,128.13940633,0,0,1774445754575,True,True
0,41.11,123.09421989,0,0,1774445757120,True,True
0,41.11,121.91356104,0,0,1774445759742,True,True
0,41.11,118.83713156,0,0,1774445760198,True,True
0,41.11,8.31699263,0,0,1774445760198,True,True
0,41.11,598.84219317,0,0,1774445761686,True,True
0,41.11,123.37935849,0,0,1774445761699,True,True
0,41.11,125.2164871,0,0,1774445762060,True,True
0,41.11,124.88235149,0,0,1774445771308,True,True
0,41.11,122.15648788,0,0,1774445771735,True,True
0,41.11,8.20612924,0,0,1774445771987,True,True
0,41.12,2.44618396,0,0,1774445775071,True,True
0,41.22,121.90408227,0,0,1774445831886,True,True
0,41.22,2.4260068,0,0,1774445833000,True,True
0,41.22,128.23363351,0,0,1774445833341,True,True
0,41.19,0.86629519,0,0,1774445878583,False,True
0,41.19,36.41598009,0,0,1774445878583,False,True
0,41.06,0.64395527,0,0,1774445914858,False,True
0,41.11,127.78214865,0,0,1774445970779,False,True
0,41.11,2.0072449,0,0,1774446003246,False,True
0,41.1,2.4415117,0,0,1774446041404,True,True
0,41.1,17.32017543,0,0,1774446041404,True,True
0,41.1,3.31495523,0,0,1774446041404,True,True
0,41.1,123.99977598,0,0,1774446051512,False,True
0,41.1,0.03645,0,0,1774446071890,False,True
0,41.14,0.40405222,0,0,1774446137572,False,True
0,41.17,2.3686117,0,0,1774446154897,False,True
0,41.17,120.31110128,0,0,1774446154897,False,True
0,41.15,7.29040097,0,0,1774446205457,False,True
0,41.15,0.29905906,0,0,1774446205457,False,True
0,41.14,28.75754778,0,0,1774446206110,False,True
0,41.11,2.4050617,0,0,1774446218223,True,True
0,41.06,0.36523009,0,0,1774446285145,True,True
0,41.05,50.0,0,0,1774446289372,False,True
0,41.19,36.43002217,0,0,1774446321336,True,True
0,41.19,17.32017543,0,0,1774446321336,True,True
0,41.19,188.96824901,0,0,1774446321336,True,True
0,41.16,36.44314868,0,0,1774446344716,True,True
0,41.18,0.22006,0,0,1774446481411,True,True
0,41.2,2.44151,0,0,1774446523796,False,True
0,41.2,1.7e-06,0,0,1774446523796,False,True
0,41.06,2.0979055,0,0,1774446596457,False,True
0,40.98,0.9822174,0,0,1774446627069,False,True
0,40.91,2.4415117,0,0,1774446639236,True,True
0,40.97,36.6126077,0,0,1774446664083,True,True
0,40.96,6.39652,0,0,1774446748287,False,True
0,41.03,0.11774,0,0,1774446892321,True,True
0,41.03,3.0008,0,0,1774446921426,True,True
0,40.99,0.56995775,0,0,1774447003932,False,True
0,40.97,0.66697225,0,0,1774447003932,False,True
0,40.99,1.1289,0,0,1774447040356,True,True
0,40.99,13.4126,0,0,1774447044858,True,True
0,41.06,1.01547,0,0,1774447076945,True,True
0,41.02,2.4415117,0,0,1774447125665,False,True
0,41.0,13.4126,0,0,1774447127082,False,True
0,40.93,0.51048,0,0,1774447152769,False,True
0,40.94,2.4415117,0,0,1774447194075,True,True
0,40.94,4.88270705,0,0,1774447194075,True,True
0,40.84,0.9816184,0,0,1774447249045,False,True
0,40.8,0.36265627,0,0,1774447253727,False,True
0,40.8,0.25010143,0,0,1774447266177,False,True
0,40.74,0.6136782,0,0,1774447267265,False,True
0,40.72,2.4558433,0,0,1774447270221,False,True
0,40.7,6.6344801,0,0,1774447270221,False,True
0,40.7,2.48445,0,0,1774447281376,False,True
0,40.67,0.03076,0,0,1774447286675,False,True
0,40.67,6.88486355,0,0,1774447288103,False,True
0,40.63,0.84100598,0,0,1774447288222,False,True
0,40.63,22.1433297,0,0,1774447288222,False,True
0,40.7,33.2173462,0,0,1774447297181,True,True
0,40.83,2.4415117,0,0,1774447359859,False,True
0,40.83,34.00163698,0,0,1774447359859,False,True
0,40.83,0.21,0,0,1774447407645,False,True
0,40.79,14.56722,0,0,1774447509632,True,True
0,40.72,0.29681,0,0,1774447522750,False,True
0,40.69,1.0,0,0,1774447537247,False,True
0,40.7,2.4415117,0,0,1774447539644,True,True
0,40.7,0.27241,0,0,1774447629720,True,True
0,40.69,2.4415117,0,0,1774447688275,False,True
0,40.65,2.4415117,0,0,1774447726825,True,True
0,40.63,27.0813811,0,0,1774447767238,False,True
0,40.64,2.96849618,0,0,1774447794725,False,True
0,40.62,0.01173609,0,0,1774447815579,False,True
0,40.66,0.23988,0,0,1774447892663,True,True
0,40.63,24.97539,0,0,1774447893677,False,True
0,40.63,2.4180394,0,0,1774447898969,False,True
0,40.62,55.5819606,0,0,1774447898969,False,True
0,40.64,127.980454,0,0,1774448007714,False,True
0,40.64,0.66237856,0,0,1774448007771,False,True
0,40.64,0.66237856,0,0,1774448007771,False,True
0,40.64,116.75901132,0,0,1774448011716,False,True
0,40.57,6.65199005,0,0,1774448040764,False,True
0,40.57,3.68217879,0,0,1774448040764,False,True
0,40.57,2.42224,0,0,1774448041924,True,True
0,40.54,0.22200297,0,0,1774448043125,False,True
0,40.53,2.4795745,0,0,1774448043130,False,True
0,40.52,2.43397771,0,0,1774448043133,False,True
0,40.53,2.4415132,0,0,1774448049840,True,True
0,40.51,0.2,0,0,1774448050455,False,True
0,40.53,2.4415117,0,0,1774448079658,False,True
0,40.49,0.6174444,0,0,1774448087816,False,True
0,40.49,37.04428856,0,0,1774448087816,False,True
0,40.48,37.05437638,0,0,1774448087816,False,True
0,40.48,19.5948923,0,0,1774448087816,False,True
0,40.48,0.242014,0,0,1774448087816,False,True
0,40.49,1.59835009,0,0,1774448088812,False,True
0,40.5,0.03335,0,0,1774448095568,True,True
0,40.54,2.4415117,0,0,1774448176525,True,True
0,40.6,6.15763546,0,0,1774448207080,True,True
0,40.63,2.4415117,0,0,1774448211342,False,True
0,40.63,17.56479879,0,0,1774448211342,False,True
0,40.62,139.9936895,0,0,1774448211342,False,True
0,40.63,24.97539,0,0,1774448224030,False,True
0,40.58,61.6895421,0,0,1774448247087,True,True
0,40.58,20.54730001,0,0,1774448247087,True,True
0,40.57,59.1497,0,0,1774448267649,False,True
0,40.53,2.8503,0,0,1774448267649,False,True
0,40.55,2.4415117,0,0,1774448288606,True,True
0,40.61,1.23122383,0,0,1774448315824,False,True
0,40.61,2.4415117,0,0,1774448315824,False,True
0,40.58,6.66954469,0,0,1774448315824,False,True
0,40.52,17.56479879,0,0,1774448366352,False,True
0,40.52,59.45299703,0,0,1774448366352,False,True
0,40.5,2.12767892,0,0,1774448400699,True,True
0,40.51,2.12774165,0,0,1774448415574,False,True
0,40.51,0.3247682,0,0,1774448415574,False,True
0,40.51,36.70274749,0,0,1774448416299,False,True
0,40.51,71.18870362,0,0,1774448416299,False,True
0,40.51,63.46717799,0,0,1774448416299,False,True
0,40.53,2.06192,0,0,1774448442443,True,True
0,40.53,0.73417,0,0,1774448447816,True,True
0,40.53,2.29078,0,0,1774448448176,True,True
0,40.54,0.34265333,0,0,1774448450175,True,True
0,40.52,16.58596393,0,0,1774448522150,False,True
0,40.52,95.45972566,0,0,1774448522150,False,True
0,40.52,1.17410341,0,0,1774448522150,False,True
0,40.52,138.87067768,0,0,1774448542381,False,True
0,40.52,4.26851284,0,0,1774448543139,False,True
0,40.5,0.99889954,0,0,1774448546911,True,True
0,40.47,1.48257969,0,0,1774448549103,False,True
0,40.43,2.44157,0,0,1774448580372,True,True
0,40.43,16.58596393,0,0,1774448583830,False,True
0,40.43,25.48283092,0,0,1774448583830,False,True
0,40.4,0.49803111,0,0,1774448594982,False,True
0,40.4,24.75247524,0,0,1774448594982,False,True
0,40.39,2.4415072,0,0,1774448594982,False,True
0,40.39,26.01109281,0,0,1774448594982,False,True
0,40.39,37.13673735,0,0,1774448594982,False,True
0,40.38,37.13148816,0,0,1774448594982,False,True
0,40.38,14.0352117,0,0,1774448594982,False,True
0,40.39,100.34464028,0,0,1774448600878,False,True
0,40.39,60.76535972,0,0,1774448600878,False,True
0,40.39,68.01369011,0,0,1774448600878,False,True
0,40.39,30.67815651,0,0,1774448600878,False,True
0,40.39,100.49276804,0,0,1774448600878,False,True
0,40.39,134.0723372,0,0,1774448600878,False,True
0,40.39,12.84489476,0,0,1774448600878,False,True
0,40.37,119.43162597,0,0,1774448600878,False,True
0,40.37,127.22837403,0,0,1774448600878,False,True
0,40.36,37.15010851,0,0,1774448600878,False,True
0,40.36,28.24493291,0,0,1774448600878,False,True
0,40.36,124.32651629,0,0,1774448600878,False,True
0,40.36,128.33173518,0,0,1774448600878,False,True
0,40.36,128.87615762,0,0,1774448600878,False,True
0,40.36,36.82246524,0,0,1774448600878,False,True
0,40.34,0.24789292,0,0,1774448683430,False,True
0,40.3,0.21,0,0,1774448683430,False,True
0,40.3,1.03069478,0,0,1774448683430,False,True
0,40.29,15.5777674,0,0,1774448683430,False,True
0,40.28,126.09038293,0,0,1774448684751,True,True
0,40.38,12.91942854,0,0,1774448719551,False,True
0,40.38,16.58596393,0,0,1774448719551,False,True
0,40.37,16.58596393,0,0,1774448719551,False,True
0,40.37,61.6895421,0,0,1774448719551,False,True
0,40.37,37.15599381,0,0,1774448719551,False,True
0,40.36,16.58596393,0,0,1774448719551,False,True
0,40.36,37.16394233,0,0,1774448719551,False,True
0,40.36,17.18402258,0,0,1774448719551,False,True
0,40.36,139.64700095,0,0,1774448719551,False,True
0,40.42,141.86714,0,0,1774448722395,True,True
0,40.4,11.08548328,0,0,1774448724449,False,True
0,40.39,14.03206672,0,0,1774448724449,False,True
0,40.26,3.6214,0,0,1774448772052,False,True
0,40.26,5.2e-07,0,0,1774448779346,False,True
0,40.22,37.2906829,0,0,1774448779346,False,True
0,40.22,61.6895421,0,0,1774448779346,False,True
0,40.22,124.38,0,0,1774448779346,False,True
0,40.22,76.63977448,0,0,1774448779346,False,True
0,40.21,37.29879893,0,0,1774448788830,False,True
0,40.21,60.0,0,0,1774448788830,False,True
0,40.21,16.58596393,0,0,1774448788830,False,True
0,40.2,37.30678823,0,0,1774448788830,False,True
0,40.2,6.55911521,0,0,1774448788830,False,True
0,40.26,5.21091811,0,0,1774448810515,True,True
0,40.23,16.4133509,0,0,1774448810561,False,True
0,40.22,32.8113599,0,0,1774448810561,False,True
0,40.24,25.0,0,0,1774448814858,False,True
0,40.34,15.54610808,0,0,1774448882002,True,True
0,40.24,0.97454,0,0,1774448956034,True,True
0,40.26,0.2,0,0,1774449075952,False,True
0,40.3,2.4415117,0,0,1774449211826,True,True
0,40.34,2.44151,0,0,1774449214725,False,True
0,40.27,0.22061,0,0,1774449234533,False,True
0,40.26,0.15382,0,0,1774449275677,True,True
0,40.25,126.32097363,0,0,1774449293347,False,True
0,40.25,144.76149808,0,0,1774449368414,False,True
0,40.26,37.25782414,0,0,1774449368693,True,True
0,40.26,124.13998594,0,0,1774449368693,True,True
0,40.26,230.55,0,0,1774449368693,True,True
0,40.26,21.49045674,0,0,1774449368693,True,True
0,40.26,190.46654771,0,0,1774449368764,False,True
0,40.26,150.25370637,0,0,1774449368960,False,True
0,40.26,183.62570153,0,0,1774449369757,False,True
0,40.26,127.37665613,0,0,1774449371195,False,True
0,40.26,125.77662196,0,0,1774449373563,False,True
0,40.26,174.79690081,0,0,1774449374717,False,True
0,40.26,128.66123692,0,0,1774449379552,False,True
0,40.26,131.02813338,0,0,1774449385523,False,True
0,40.26,125.69875549,0,0,1774449385823,False,True
0,40.26,126.57620528,0,0,1774449386334,False,True
0,40.26,135.11686939,0,0,1774449389720,False,True
0,40.26,83.51962844,0,0,1774449390151,False,True
0,40.26,125.66476977,0,0,1774449390162,False,True
0,40.25,131.34007676,0,0,1774449402234,False,True
0,40.25,132.28784981,0,0,1774449402682,False,True
0,40.25,129.52798989,0,0,1774449403088,False,True
0,40.25,138.30617256,0,0,1774449404645,False,True
0,40.25,136.05091475,0,0,1774449404833,False,True
0,40.25,90.0,0,0,1774449405129,False,True
0,40.25,127.08186307,0,0,1774449405187,False,True
0,40.25,130.40403057,0,0,1774449405195,False,True
0,40.25,274.67584666,0,0,1774449405202,False,True
0,40.25,181.24463997,0,0,1774449405318,False,True
0,40.25,120.91221213,0,0,1774449405769,False,True
0,40.25,138.71460156,0,0,1774449405769,False,True
0,40.25,33.41516863,0,0,1774449405781,False,True
0,40.25,124.87687247,0,0,1774449405893,False,True
0,40.25,62.07928946,0,0,1774449405984,False,True
0,40.25,14.26086957,0,0,1774449405984,False,True
0,40.18,0.6222001,0,0,1774449406623,False,True
0,40.16,0.04882,0,0,1774449409972,False,True
0,40.16,1.61784667,0,0,1774449409972,False,True
0,40.16,1.66666667,0,0,1774449409972,False,True
0,40.16,1.66666667,0,0,1774449409972,False,True
0,40.16,1.66666667,0,0,1774449409972,False,True
0,40.16,1.66666667,0,0,1774449409972,False,True
0,40.16,1.66666667,0,0,1774449409972,False,True
0,40.16,1.66666667,0,0,1774449409972,False,True
0,40.16,1.66666333,0,0,1774449409972,False,True
0,40.16,3.34e-06,0,0,1774449409972,False,True
0,40.16,0.54208489,0,0,1774449409972,False,True
0,40.16,0.54208823,0,0,1774449409972,False,True
0,40.16,0.58249355,0,0,1774449409972,False,True
0,40.16,1.66666645,0,0,1774449409972,False,True
0,40.16,2.2e-07,0,0,1774449409972,False,True
0,40.16,1.66666667,0,0,1774449409972,False,True
0,40.16,1.66666667,0,0,1774449409972,False,True
0,40.16,1.66666667,0,0,1774449409972,False,True
0,40.16,1.66666667,0,0,1774449409972,False,True
0,40.16,1.66666662,0,0,1774449409972,False,True
0,40.14,3.68217879,0,0,1774449409972,False,True
0,40.14,6.65199005,0,0,1774449409972,False,True
0,40.14,8.955,0,0,1774449409972,False,True
0,40.14,37.35523353,0,0,1774449409972,False,True
0,40.14,7.49841135,0,0,1774449409972,False,True
0,40.13,30.0,0,0,1774449409972,False,True
0,40.13,16.45341135,0,0,1774449409972,False,True
0,40.13,70.7386153,0,0,1774449409972,False,True
0,40.13,124.13998594,0,0,1774449409972,False,True
0,40.13,289.01,0,0,1774449409972,False,True
0,40.13,37.36456188,0,0,1774449409972,False,True
0,40.12,8.210484,0,0,1774449409972,False,True
0,40.12,40.0,0,0,1774449409972,False,True
0,40.12,2.4871303,0,0,1774449409972,False,True
0,40.12,248.45,0,0,1774449409972,False,True
0,40.12,124.62535876,0,0,1774449409972,False,True
0,40.11,0.85190908,0,0,1774449409972,False,True
0,40.11,0.2356021,0,0,1774449409972,False,True
0,40.11,16.45341135,0,0,1774449409972,False,True
0,40.11,93.44121134,0,0,1774449409972,False,True
0,40.11,248.2,0,0,1774449409972,False,True
0,40.1,1.2244389,0,0,1774449409972,False,True
0,40.1,373.9787735,0,0,1774449409972,False,True
0,40.1,16.45341135,0,0,1774449409972,False,True
0,40.1,57.79624087,0,0,1774449409972,False,True
0,40.1,156.2793033,0,0,1774449409972,False,True
0,40.09,0.2,0,0,1774449409972,False,True
0,40.09,8.54255351,0,0,1774449409972,False,True
0,40.09,745.35,0,0,1774449409972,False,True
0,40.09,124.65556365,0,0,1774449409972,False,True
0,40.08,50.0,0,0,1774449409972,False,True
0,40.07,374.32854781,0,0,1774449409972,False,True
0,40.06,50.0,0,0,1774449409972,False,True
0,40.05,50.0,0,0,1774449409972,False,True
0,40.05,50.0,0,0,1774449409972,False,True
0,40.05,50.0,0,0,1774449409972,False,True
0,40.05,50.0,0,0,1774449409972,False,True
0,40.05,50.0,0,0,1774449409972,False,True
0,40.05,20.0,0,0,1774449409972,False,True
0,40.04,450.886916,0,0,1774449409972,False,True
0,40.13,125.43520058,0,0,1774449411336,True,True
0,40.13,2.44151,0,0,1774449412004,True,True
0,40.16,8.10791335,0,0,1774449413108,False,True
0,40.22,130.51478505,0,0,1774449417011,True,True
0,40.21,11.13288586,0,0,1774449474272,False,True
0,40.21,149.17967794,0,0,1774449474272,False,True
0,40.21,37.30392862,0,0,1774449474272,False,True
0,40.2,37.29737876,0,0,1774449474272,False,True
0,40.2,2.4415117,0,0,1774449474272,False,True
0,40.19,11.13956178,0,0,1774449474272,False,True
0,40.19,5.31384957,0,0,1774449474272,False,True
0,40.19,24.05806553,0,0,1774449474272,False,True
0,40.19,124.40697757,0,0,1774449474272,False,True
0,40.18,248.45,0,0,1774449474272,False,True
0,40.18,233.31,0,0,1774449474272,False,True
0,40.18,124.43359379,0,0,1774449474272,False,True
0,40.17,49.70918089,0,0,1774449474272,False,True
0,40.16,745.35,0,0,1774449474272,False,True
0,40.16,373.48032726,0,0,1774449474272,False,True
0,40.16,76.8196464,0,0,1774449474272,False,True
0,40.21,128.04879281,0,0,1774449474382,True,True
0,40.19,125.66665219,0,0,1774449477371,True,True
0,40.19,130.59622331,0,0,1774449477883,True,True
0,40.19,129.06299918,0,0,1774449481475,True,True
0,40.21,21.85026056,0,0,1774449496467,True,True
0,40.22,105.04297634,0,0,1774449496467,True,True
0,40.24,16.88018,0,0,1774449536056,True,True
0,40.24,0.45735476,0,0,1774449536056,True,True
0,40.26,137.77016116,0,0,1774449574243,True,True
0,40.26,33.41516863,0,0,1774449574290,True,True
0,40.26,62.69247107,0,0,1774449574996,True,True
0,40.27,61.50919911,0,0,1774449574996,True,True
0,40.27,133.6828703,0,0,1774449575928,True,True
0,40.27,33.41516863,0,0,1774449576105,True,True
0,40.27,125.74165128,0,0,1774449576108,True,True
0,40.27,0.62527129,0,0,1774449576200,True,True
0,40.27,0.62527129,0,0,1774449576202,True,True
0,40.27,133.39414136,0,0,1774449576736,True,True
0,40.27,154.83779464,0,0,1774449576986,True,True
0,40.27,138.40158036,0,0,1774449577121,True,True
0,40.27,139.02534243,0,0,1774449578259,True,True
0,40.27,139.54083417,0,0,1774449578280,True,True
0,40.27,124.9958404,0,0,1774449579598,True,True
0,40.27,131.97722718,0,0,1774449580085,True,True
0,40.27,133.0034416,0,0,1774449580737,True,True
0,40.27,127.92373435,0,0,1774449581006,True,True
0,40.27,33.41516863,0,0,1774449581381,True,True
0,40.27,131.1829072,0,0,1774449581418,True,True
0,40.27,125.02308557,0,0,1774449582440,True,True
0,40.27,127.94241506,0,0,1774449582803,True,True
0,40.27,132.12487856,0,0,1774449583354,True,True
0,40.27,134.64917801,0,0,1774449583862,True,True
0,40.27,124.25632101,0,0,1774449584395,True,True
0,40.27,139.60974701,0,0,1774449584860,True,True
0,40.27,100.24550592,0,0,1774449585319,True,True
0,40.27,448.48065782,0,0,1774449585319,True,True
0,40.27,817.98,0,0,1774449585319,True,True
0,40.27,593.86483105,0,0,1774449585320,True,True
0,40.27,15.01294248,0,0,1774449585320,True,True
0,40.27,817.98,0,0,1774449585320,True,True
0,40.27,319.7195639,0,0,1774449585320,True,True
0,40.34,61.5388,0,0,1774449585738,True,True
0,40.3,1.0260545,0,0,1774449603083,False,True
0,40.27,125.56974427,0,0,1774449619130,True,True
0,40.24,130.52187242,0,0,1774449622161,True,True
0,40.24,33.41516863,0,0,1774449622163,True,True
0,40.26,124.82077069,0,0,1774449622703,True,True
0,40.26,49.62779156,0,0,1774449627486,True,True
0,40.26,124.8207812,0,0,1774449629933,True,True
0,40.24,126.95376318,0,0,1774449638829,True,True
0,40.24,47.205,0,0,1774449654908,False,True
0,40.24,0.21,0,0,1774449654908,False,True
0,40.24,2.4850894,0,0,1774449654908,False,True
0,40.24,5.91483,0,0,1774449667565,True,True
0,40.23,0.213702,0,0,1774449667703,False,True
0,40.2,37.29850761,0,0,1774449670806,False,True
0,40.2,61.6895421,0,0,1774449670806,False,True
0,40.17,131.05585149,0,0,1774449671722,True,True
0,40.18,126.34245089,0,0,1774449672250,True,True
0,40.18,155.91125436,0,0,1774449672654,True,True
0,40.18,130.80617506,0,0,1774449673284,True,True
0,40.19,125.79606006,0,0,1774449676910,True,True
0,40.21,133.08598012,0,0,1774449683193,True,True
0,40.21,125.16275661,0,0,1774449695782,True,True
0,40.23,2.44151,0,0,1774449697206,True,True
0,40.25,2.44151001,0,0,1774449701903,False,True
0,40.21,128.88972575,0,0,1774449731953,True,True
0,40.24,131.16360789,0,0,1774449847692,True,True
0,40.23,161.48637732,0,0,1774449913248,True,True
0,40.21,0.77672799,0,0,1774449926131,False,True
0,40.24,138.42052449,0,0,1774449948243,True,True
0,40.26,60.7217189,0,0,1774449978182,False,True
0,40.36,0.0176,0,0,1774450192038,True,True
0,40.36,0.12667,0,0,1774450201857,False,True
0,40.4,6.08514851,0,0,1774450246663,True,True
0,40.37,37.15630418,0,0,1774450342671,False,True
0,40.37,61.6895421,0,0,1774450342671,False,True
0,40.36,18.20044832,0,0,1774450342671,False,True
0,40.36,60.0,0,0,1774450342671,False,True
0,40.36,37.16342587,0,0,1774450342671,False,True
0,40.35,1.65220984,0,0,1774450342671,False,True
0,40.35,38.51071719,0,0,1774450342671,False,True
0,40.39,1.27333498,0,0,1774450434788,True,True
0,40.39,0.16666,0,0,1774450445861,True,True
0,40.36,3.30971258,0,0,1774450501204,False,True
0,40.35,1.6522,0,0,1774450510626,False,True
0,40.35,9.84e-06,0,0,1774450510627,False,True
0,40.35,1.6522,0,0,1774450510627,False,True
0,40.35,9.84e-06,0,0,1774450510627,False,True
0,40.35,1.6522,0,0,1774450510627,False,True
0,40.35,9.84e-06,0,0,1774450526190,False,True
0,40.35,1.65220984,0,0,1774450526190,False,True
0,40.35,1.65220984,0,0,1774450526190,False,True
0,40.35,1.65220984,0,0,1774450526190,False,True
0,40.35,1.65220984,0,0,1774450526190,False,True
0,40.35,1.65220984,0,0,1774450526190,False,True
0,40.35,1.65220984,0,0,1774450526190,False,True
0,40.35,1.65220984,0,0,1774450526190,False,True
0,40.35,1.65220984,0,0,1774450526190,False,True
0,40.35,1.65220984,0,0,1774450526190,False,True
0,40.35,1.65220984,0,0,1774450526190,False,True
0,40.35,1.6522097,0,0,1774450526190,False,True
0,40.36,0.48476,0,0,1774450556617,True,True
0,40.32,474.73,0,0,1774450624477,True,True
0,40.33,1.43543,0,0,1774450673383,False,True
0,40.31,11.11011652,0,0,1774450692683,False,True
0,40.31,6.94317499,0,0,1774450692683,False,True
0,40.31,41.94670849,0,0,1774450692683,False,True
0,40.31,37.21115787,0,0,1774450692686,False,True
0,40.26,0.245346,0,0,1774450726789,True,True
0,40.23,135.74598917,0,0,1774450781069,False,True
0,40.23,128.78315187,0,0,1774450781982,False,True
0,40.24,1.23024,0,0,1774450819035,True,True
0,40.29,0.24023,0,0,1774450828598,True,True
0,40.3,0.5615795,0,0,1774450833908,True,True
0,40.3,1.47577914,0,0,1774450848383,False,True
0,40.24,0.2,0,0,1774450869741,True,True
0,40.35,1.73705829,0,0,1774450968025,False,True
0,40.37,2.21209,0,0,1774451035384,False,True
0,40.38,99.14142281,0,0,1774451036811,True,True
0,40.38,17.94919368,0,0,1774451036811,True,True
0,40.38,61.6895421,0,0,1774451070516,False,True
0,40.38,2.5271019,0,0,1774451070516,False,True
0,40.39,0.54342,0,0,1774451094535,False,True
0,40.39,11.32062991,0,0,1774451108122,False,True
0,40.4,13.91485149,0,0,1774451135587,True,True
0,40.42,2.4417048,0,0,1774451135587,True,True
0,40.42,183.64344371,0,0,1774451135587,True,True
0,40.42,3.0,0,0,1774451135696,True,True
0,40.4,2.44151,0,0,1774451179680,False,True
0,40.39,2.47586036,0,0,1774451188066,False,True
0,40.39,0.48395661,0,0,1774451188066,False,True
0,40.35,4.7716,0,0,1774451189602,False,True
0,40.31,1.72837028,0,0,1774451196334,False,True
0,40.31,23.07936973,0,0,1774451197302,False,True
0,40.27,37.24857213,0,0,1774451227153,False,True
0,40.27,60.0,0,0,1774451227153,False,True
0,40.26,61.6895421,0,0,1774451227153,False,True
0,40.26,41.06188577,0,0,1774451227153,False,True
0,40.27,18.07828236,0,0,1774451235372,True,True
0,40.28,18.07828236,0,0,1774451235372,True,True
0,40.28,18.07828236,0,0,1774451235372,True,True
0,40.28,16.69369603,0,0,1774451235372,True,True
0,40.25,0.49689441,0,0,1774451266859,False,True
0,40.25,0.3037491,0,0,1774451266883,False,True
0,40.23,110.0,0,0,1774451267990,False,True
0,40.24,2.44151,0,0,1774451281055,True,True
0,40.28,22.77035418,0,0,1774451305519,True,True
0,40.28,37.23932472,0,0,1774451305519,True,True
0,40.29,247.84,0,0,1774451305519,True,True
0,40.29,185.31037072,0,0,1774451305519,True,True
0,40.29,1.63370786,0,0,1774451322112,True,True
0,40.23,132.71028431,0,0,1774451355916,False,True
0,40.23,38.55051404,0,0,1774451356312,False,True
0,40.23,63.93223808,0,0,1774451357727,False,True
0,40.23,0.30477593,0,0,1774451357727,False,True
0,40.2,1.0,0,0,1774451361258,False,True
0,40.2,1.0,0,0,1774451361258,False,True
0,40.07,0.90538138,0,0,1774451413204,False,True
0,40.07,36.52321645,0,0,1774451414263,False,True
0,40.07,113.4767835,0,0,1774451414263,False,True
0,40.14,0.3268,0,0,1774451445036,True,True
0,40.11,0.34342814,0,0,1774451447706,False,True
0,40.1,12.54885549,0,0,1774451447706,False,True
0,40.16,2.4415117,0,0,1774451494900,False,True
0,40.16,37.3505976,0,0,1774451494900,False,True
0,40.16,61.6895421,0,0,1774451494900,False,True
0,40.16,1.24888381,0,0,1774451494900,False,True
0,40.15,37.35775345,0,0,1774451494900,False,True
0,40.15,17.78734524,0,0,1774451494900,False,True
0,40.16,37.3505976,0,0,1774451560527,False,True
0,40.16,18.07828236,0,0,1774451560527,False,True
0,40.16,57.13279794,0,0,1774451560527,False,True
0,40.19,0.249316,0,0,1774451561903,True,True
0,40.21,0.24975436,0,0,1774451578678,False,True
0,40.21,4.03462564,0,0,1774451578678,False,True
0,40.18,1.82005127,0,0,1774451656422,False,True
0,40.18,1.82005127,0,0,1774451656429,False,True
0,40.18,0.75053211,0,0,1774451657096,False,True
0,40.18,0.75053211,0,0,1774451657096,False,True
0,40.18,0.16643204,0,0,1774451657720,False,True
0,40.18,0.6973676,0,0,1774451657720,False,True
0,40.17,7.4701,0,0,1774451746936,True,True
0,40.17,0.50687963,0,0,1774451784726,False,True
0,40.12,99.5020419,0,0,1774451794504,True,True
0,40.12,17.44472067,0,0,1774451794504,True,True
0,40.13,2.4419501,0,0,1774451794504,True,True
0,40.13,5.14428858,0,0,1774451794504,True,True
0,40.11,2.4415117,0,0,1774451811226,False,True
0,40.1,2.66633416,0,0,1774451811247,False,True
0,40.09,2.451,0,0,1774451879013,True,True
0,40.09,99.69765798,0,0,1774451910771,False,True
0,40.09,23.07816817,0,0,1774451910771,False,True
0,40.09,36.92183183,0,0,1774451910771,False,True
0,40.09,0.59944918,0,0,1774451910771,False,True
0,40.09,37.41257074,0,0,1774451910771,False,True
0,40.08,52.85760279,0,0,1774451910771,False,True
0,40.08,7.14239721,0,0,1774451910771,False,True
0,40.08,37.42055635,0,0,1774451910771,False,True
0,40.08,6.83392335,0,0,1774451910771,False,True
0,40.16,1.17352,0,0,1774451973482,False,True
0,40.36,50.70673165,0,0,1774452073244,True,True
0,40.36,37.16858858,0,0,1774452073244,True,True
0,40.37,37.15864583,0,0,1774452073244,True,True
0,40.37,2.4415117,0,0,1774452073244,True,True
0,40.38,120.04927472,0,0,1774452073244,True,True
0,40.39,1.96168795,0,0,1774452117987,False,True
0,40.45,30.8691994,0,0,1774452194440,True,True
0,40.47,348.95,0,0,1774452200709,True,True
0,40.47,37.06449221,0,0,1774452200709,True,True
0,40.47,61.6895421,0,0,1774452200709,True,True
0,40.48,55.88281013,0,0,1774452200709,True,True
0,40.47,2.4709661,0,0,1774452211299,True,True
0,40.47,37.06449221,0,0,1774452211299,True,True
0,40.47,19.8365947,0,0,1774452211299,True,True
0,40.47,13.2087569,0,0,1774452211299,True,True
0,40.47,127.41919009,0,0,1774452211299,True,True
0,40.48,37.05649748,0,0,1774452220479,True,True
0,40.49,37.05533596,0,0,1774452220479,True,True
0,40.49,17.16089198,0,0,1774452220479,True,True
0,40.49,374.07,0,0,1774452220479,True,True
0,40.5,123.48414595,0,0,1774452220479,True,True
0,40.5,17.44472067,0,0,1774452220479,True,True
0,40.5,247.26,0,0,1774452220479,True,True
0,40.5,136.29801783,0,0,1774452220479,True,True
0,40.46,0.35917,0,0,1774452247787,True,True
0,40.47,2.4415117,0,0,1774452338467,False,True
0,40.47,1.27745761,0,0,1774452338467,False,True
0,40.46,1.0616692,0,0,1774452384618,False,True
0,40.46,54.3814,0,0,1774452589333,True,True
0,40.47,16.28103069,0,0,1774452602385,True,True
0,40.51,2.17078017,0,0,1774452652943,False,True
0,40.51,0.03222,0,0,1774452718864,True,True
0,40.37,2.37707169,0,0,1774452780349,True,True
0,40.41,1.0,0,0,1774452967724,False,True
0,40.4,4.95049504,0,0,1774453033570,True,True
0,40.4,1.13541496,0,0,1774453033570,True,True
0,40.38,2.40929814,0,0,1774453070806,False,True
0,40.38,2.54364886,0,0,1774453070806,False,True
0,40.37,2.4415181,0,0,1774453108541,True,True
0,40.37,0.8321119,0,0,1774453108541,True,True
0,40.37,7.4322,0,0,1774453169714,True,True
0,40.37,2.5,0,0,1774453170709,False,True
0,40.38,2.4415117,0,0,1774453202739,False,True
0,40.38,0.5138503,0,0,1774453202739,False,True
0,40.4,0.3639,0,0,1774453206039,True,True
0,40.37,0.24124,0,0,1774453317253,True,True
0,40.35,3.51920693,0,0,1774453370282,False,True
0,40.35,0.33773798,0,0,1774453370282,False,True
0,40.34,135.45640204,0,0,1774453370286,False,True
0,40.34,112.43650822,0,0,1774453370290,False,True
0,40.35,127.67998799,0,0,1774453446117,True,True
0,40.35,124.74506069,0,0,1774453448040,True,True
0,40.35,130.5892987,0,0,1774453448403,True,True
0,40.35,135.13779406,0,0,1774453460562,True,True
0,40.35,139.29883166,0,0,1774453461112,True,True
0,40.35,127.57999035,0,0,1774453462693,True,True
0,40.34,0.24167997,0,0,1774453462774,False,True
0,40.34,59.75832003,0,0,1774453462774,False,True
0,40.35,33.41516863,0,0,1774453463872,True,True
0,40.35,123.99864457,0,0,1774453463881,True,True
0,40.35,126.08135635,0,0,1774453463927,True,True
0,40.35,133.31321352,0,0,1774453464390,True,True
0,40.35,444.75734267,0,0,1774453464702,True,True
0,40.35,310.67123072,0,0,1774453464704,True,True
0,40.35,239.31341978,0,0,1774453464704,True,True
0,40.35,25.41866031,0,0,1774453464704,True,True
0,40.36,305.7843866,0,0,1774453464704,True,True
0,40.36,180.64081187,0,0,1774453464704,True,True
0,40.35,2.20305948,0,0,1774453469340,False,True
0,40.34,61.6895421,0,0,1774453469855,False,True
0,40.35,28.09748525,0,0,1774453470308,False,True
0,40.35,60.0,0,0,1774453470308,False,True
0,40.36,132.44275252,0,0,1774453473092,True,True
0,40.36,128.42099429,0,0,1774453488760,True,True
0,40.36,126.92755431,0,0,1774453489153,True,True
0,40.36,128.50967162,0,0,1774453489828,True,True
0,40.36,124.00912822,0,0,1774453490347,True,True
0,40.36,129.81434888,0,0,1774453491220,True,True
0,40.36,126.93009744,0,0,1774453519269,True,True
0,40.36,144.7244715,0,0,1774453519791,True,True
0,40.35,12.38850346,0,0,1774453554332,False,True
0,40.36,131.78762702,0,0,1774453608810,True,True
0,40.36,130.22952209,0,0,1774453610584,True,True
0,40.35,60.0,0,0,1774453636609,False,True
0,40.35,1.17230998,0,0,1774453636609,False,True
0,40.34,12.39771881,0,0,1774453638272,False,True
0,40.35,6.0729782,0,0,1774453648492,False,True
0,40.36,10.0,0,0,1774453655296,True,True
0,40.32,1.08650131,0,0,1774453682674,False,True
0,40.3,24.81389578,0,0,1774453684076,False,True
0,40.34,63.54982647,0,0,1774453723840,True,True
0,40.36,152.56016904,0,0,1774453750171,True,True
0,40.36,127.71925115,0,0,1774453750771,True,True
0,40.36,125.11126337,0,0,1774453751280,True,True
0,40.36,16.38795008,0,0,1774453751395,True,True
0,40.39,1.53611062,0,0,1774453817457,False,True
0,40.41,1.2373175,0,0,1774453893714,True,True
0,40.4,3.89196981,0,0,1774453933139,False,True
0,40.27,0.30365214,0,0,1774453965353,False,True
0,40.29,0.71572,0,0,1774454062745,False,True
0,40.31,2.56151762,0,0,1774454082918,False,True
0,40.3,1.60393681,0,0,1774454086493,False,True
0,40.33,10.0,0,0,1774454134569,False,True
0,40.33,1.07992788,0,0,1774454142430,False,True
0,40.31,99.1325893,0,0,1774454143526,False,True
0,40.31,0.51417984,0,0,1774454143740,False,True
0,40.32,1.58466593,0,0,1774454353757,False,True
0,40.29,0.41761877,0,0,1774454359810,False,True
0,40.29,37.22894756,0,0,1774454359810,False,True
0,40.35,0.12266,0,0,1774454434040,True,True
0,40.32,1.0,0,0,1774454462733,True,True
0,40.29,2.4419517,0,0,1774454517621,True,True
0,40.29,99.26503756,0,0,1774454517621,True,True
0,40.29,37.23159746,0,0,1774454517621,True,True
0,40.35,2.0746693,0,0,1774454518898,False,True
0,40.42,0.3573999,0,0,1774454569866,True,True
0,40.41,0.09704,0,0,1774454603040,True,True
0,40.44,2.4415117,0,0,1774454789811,False,True
0,40.44,1.68809362,0,0,1774454789811,False,True
0,40.46,0.27063766,0,0,1774455030040,False,True
0,40.41,2.51074234,0,0,1774455030040,False,True
0,40.4,2.4415117,0,0,1774455047079,True,True
0,40.49,0.47736,0,0,1774455107726,True,True
0,40.49,14.6333501,0,0,1774455134313,True,True
0,40.45,2.4415117,0,0,1774455252998,False,True
0,40.45,11.8729383,0,0,1774455252998,False,True
0,40.44,1.729,0,0,1774455297203,True,True
0,40.4,2.4415117,0,0,1774455316499,True,True
0,40.41,0.03128751,0,0,1774455316499,True,True
0,40.37,3.92841219,0,0,1774455380575,True,True
0,40.35,0.73643177,0,0,1774455389772,False,True
0,40.34,2.4415117,0,0,1774455389772,False,True
0,40.34,61.6895421,0,0,1774455389772,False,True
0,40.34,14.6333501,0,0,1774455389772,False,True
0,40.33,46.27248518,0,0,1774455389772,False,True
0,40.38,0.04392,0,0,1774455430035,True,True
0,40.38,0.02451,0,0,1774455439037,True,True
0,40.41,20.39821452,0,0,1774455584919,False,True
0,40.41,61.6895421,0,0,1774455584919,False,True
0,40.4,37.23581303,0,0,1774455584919,False,True
0,40.45,37.08635281,0,0,1774455597274,True,True
0,40.45,12.91364719,0,0,1774455597274,True,True
0,40.46,2.82783843,0,0,1774455605151,False,True
0,40.47,1.2357578,0,0,1774455662580,True,True
0,40.44,1.76944423,0,0,1774455686238,False,True
0,40.43,0.2,0,0,1774455690765,False,True
0,40.43,0.82351363,0,0,1774455690765,False,True
0,40.48,0.16349,0,0,1774455771038,True,True
0,40.49,0.47736,0,0,1774455793291,True,True
0,40.46,3.38502,0,0,1774455794574,False,True
0,40.5,5.0,0,0,1774455806562,True,True
0,40.47,123.59550284,0,0,1774455835706,False,True
0,40.47,2.48354,0,0,1774455852711,False,True
0,40.47,14.6333501,0,0,1774455873670,False,True
0,40.48,6.26698,0,0,1774455894221,False,True
0,40.57,6.65199005,0,0,1774455902679,True,True
0,40.57,3.68217879,0,0,1774455902679,True,True
0,40.58,18.56196955,0,0,1774455902679,True,True
0,40.58,2.37308169,0,0,1774455902679,True,True
0,40.58,2.4415117,0,0,1774455910585,False,True
0,40.57,22.52377363,0,0,1774455910639,False,True
0,40.54,4.934,0,0,1774455946552,True,True
0,40.55,99.1325898,0,0,1774455994244,True,True
0,40.55,7.39737163,0,0,1774455994244,True,True
0,40.55,17.76729491,0,0,1774455994283,True,True
0,40.56,61.6895421,0,0,1774455994283,True,True
0,40.56,2.4415117,0,0,1774455994283,True,True
0,40.57,36.99775163,0,0,1774455994496,True,True
0,40.58,12.00224837,0,0,1774455994496,True,True
0,40.62,0.27145245,0,0,1774455995630,True,True
0,40.63,1.52854755,0,0,1774455995630,True,True
0,40.7,0.27071705,0,0,1774456011685,True,True
0,40.7,0.27071705,0,0,1774456011697,True,True
0,40.71,0.85190908,0,0,1774456011699,True,True
0,40.71,19.36285653,0,0,1774456011699,True,True
0,40.71,13.20040302,0,0,1774456011699,True,True
0,40.71,2.4415117,0,0,1774456019406,False,True
0,40.7,0.57495474,0,0,1774456019437,False,True
0,40.7,99.1325898,0,0,1774456019511,False,True
0,40.7,61.6895421,0,0,1774456020780,False,True
0,40.72,0.27018549,0,0,1774456022496,True,True
0,40.72,10.1306303,0,0,1774456022496,True,True
0,40.72,18.19724185,0,0,1774456022496,True,True
0,40.72,20.32068202,0,0,1774456024360,False,True
0,40.72,0.36846227,0,0,1774456024360,False,True
0,40.72,20.1251254,0,0,1774456024860,False,True
0,40.74,0.27005366,0,0,1774456025968,True,True
0,40.75,36.80981595,0,0,1774456025968,True,True
0,40.76,18.19724185,0,0,1774456025968,True,True
0,40.76,36.80221003,0,0,1774456025968,True,True
0,40.76,61.6895421,0,0,1774456025968,True,True
0,40.76,152.86129358,0,0,1774456025968,True,True
0,40.72,40.0,0,0,1774456026024,False,True
0,40.71,40.0,0,0,1774456026026,False,True
0,40.69,0.27031876,0,0,1774456030736,True,True
0,40.69,12.47735454,0,0,1774456030736,True,True
0,40.67,0.35654098,0,0,1774456031316,False,True
0,40.65,36.88549012,0,0,1774456031342,False,True
0,40.65,238.39,0,0,1774456031342,False,True
0,40.65,61.6895421,0,0,1774456031342,False,True
0,40.65,20.60047498,0,0,1774456031467,False,True
0,40.68,0.245346,0,0,1774456043163,False,True
0,40.69,0.64869881,0,0,1774456054733,False,True
0,40.68,98.32161186,0,0,1774456070673,True,True
0,40.68,15.0,0,0,1774456108981,True,True
0,40.68,1.71939,0,0,1774456110012,True,True
0,40.64,0.213702,0,0,1774456165720,True,True
0,40.66,49.4313579,0,0,1774456172492,False,True
0,40.67,0.09496,0,0,1774456204562,True,True
0,40.64,2.25159169,0,0,1774456208031,True,True
0,40.64,135.04238544,0,0,1774456208412,False,True
0,40.64,30.0,0,0,1774456209538,False,True
0,40.64,16.20946,0,0,1774456209538,False,True
0,40.64,7.75e-06,0,0,1774456209593,False,True
0,40.75,12.82328,0,0,1774456277117,True,True
0,40.77,0.16994,0,0,1774456279039,True,True
0,40.76,1.92341678,0,0,1774456305246,True,True
0,40.76,4.90677134,0,0,1774456311012,False,True
0,40.76,0.57442866,0,0,1774456311012,False,True
0,40.76,5.84e-06,0,0,1774456311403,False,True
0,40.73,2.34657069,0,0,1774456326898,False,True
0,40.73,0.66264933,0,0,1774456326898,False,True
0,40.77,0.2,0,0,1774456331276,True,True
0,40.76,2.4415307,0,0,1774456356071,True,True
0,40.76,36.80447128,0,0,1774456356071,True,True
0,40.76,13.7149392,0,0,1774456356071,True,True
0,40.74,205.16,0,0,1774456369674,True,True
0,40.75,126.4407,0,0,1774456369674,True,True
0,40.77,0.0302,0,0,1774456389899,False,True
0,40.79,8.210484,0,0,1774456421149,True,True
0,40.79,2.4850894,0,0,1774456421149,True,True
0,40.81,2.4415117,0,0,1774456446188,False,True
0,40.79,0.55045396,0,0,1774456462043,False,True
0,40.74,2.4415117,0,0,1774456511718,True,True
0,40.8,0.18307,0,0,1774456522738,True,True
0,40.79,2.48835,0,0,1774456578154,False,True
0,40.79,0.06149,0,0,1774456642452,True,True
0,40.79,34.26481,0,0,1774456656716,True,True
0,40.77,0.2,0,0,1774456681291,False,True
0,40.77,0.61776001,0,0,1774456681292,False,True
0,40.77,0.11064611,0,0,1774456681294,False,True
0,40.72,0.29,0,0,1774456688785,False,True
0,40.72,0.29507087,0,0,1774456688785,False,True
0,40.68,2.44151,0,0,1774456697855,False,True
0,40.67,0.48,0,0,1774456700331,False,True
0,40.67,0.28736,0,0,1774456700331,False,True
0,40.63,2.44151,0,0,1774456714335,True,True
0,40.68,0.36504,0,0,1774456753037,True,True
0,40.79,2.44151,0,0,1774456788186,False,True
0,40.79,1.7e-06,0,0,1774456788203,False,True
0,40.79,0.6614083,0,0,1774456788203,False,True
0,40.79,2.89e-06,0,0,1774456788211,False,True
0,40.79,1.11172,0,0,1774456797849,True,True
0,40.78,3.1872269,0,0,1774456803277,False,True
0,40.75,1.11198,0,0,1774456811114,False,True
0,40.72,0.85906,0,0,1774456864649,True,True
0,40.72,0.47121403,0,0,1774456865739,True,True
0,40.73,30.78621657,0,0,1774456865739,True,True
0,40.72,0.23785,0,0,1774457077491,True,True
0,40.71,8.1798084,0,0,1774457110711,False,True
0,40.71,0.32544,0,0,1774457160038,True,True
0,40.6,0.20073891,0,0,1774457251256,False,True
0,40.56,1.1114977,0,0,1774457258202,True,True
0,40.65,0.15991,0,0,1774457289886,True,True
0,40.63,0.52924925,0,0,1774457344355,False,True
0,40.63,19.87136871,0,0,1774457344355,False,True
0,40.63,9.65983129,0,0,1774457348709,False,True
0,40.63,0.87246761,0,0,1774457348709,False,True
0,40.54,2.4415117,0,0,1774457451769,False,True
0,40.54,0.34301252,0,0,1774457451769,False,True
0,40.54,98.45011227,0,0,1774457451769,False,True
0,40.54,36.99858439,0,0,1774457451769,False,True
0,40.53,37.0084689,0,0,1774457451769,False,True
0,40.53,61.6895421,0,0,1774457451769,False,True
0,40.53,24.94888701,0,0,1774457451769,False,True
0,40.52,16.7055089,0,0,1774457451769,False,True
0,40.52,17.84473708,0,0,1774457451769,False,True
0,40.52,10.1997923,0,0,1774457451769,False,True
0,40.52,1.92341678,0,0,1774457451769,False,True
0,40.56,1.40556,0,0,1774457546793,True,True
0,40.56,13.25878594,0,0,1774457603761,False,True
0,40.57,13.25878594,0,0,1774457622986,False,True
0,40.6,2.37918,0,0,1774457673877,True,True
0,40.57,12.75445066,0,0,1774457678859,False,True
0,40.56,2.6017,0,0,1774457809520,False,True
0,40.57,2.4415117,0,0,1774457879082,True,True
0,40.57,18.58190461,0,0,1774457879082,True,True
0,40.55,1.77599232,0,0,1774457883034,False,True
0,40.55,2.4415117,0,0,1774457883034,False,True
0,40.54,17.9146107,0,0,1774457883034,False,True
0,40.54,6.45501378,0,0,1774457883034,False,True
0,40.52,0.50385529,0,0,1774457910809,False,True
0,40.48,2.44151,0,0,1774457921925,True,True
0,40.51,0.25099436,0,0,1774457943484,True,True
0,40.54,1.83152,0,0,1774458014038,True,True
0,40.53,2.44151001,0,0,1774458018105,False,True
0,40.53,1.44180721,0,0,1774458018105,False,True
0,40.5,0.14213,0,0,1774458019746,False,True
0,40.53,0.24679171,0,0,1774458035256,True,True
0,40.58,3.01446312,0,0,1774458059246,True,True
0,40.59,0.61401,0,0,1774458112519,True,True
0,40.56,79.72048598,0,0,1774458261975,False,True
0,40.5,11.94939,0,0,1774458349548,False,True
0,40.5,5.18818,0,0,1774458349550,False,True
0,40.5,10.0,0,0,1774458448174,False,True
0,40.52,0.98424,0,0,1774458520155,False,True
0,40.55,0.31559391,0,0,1774458786051,True,True
0,40.55,0.39422,0,0,1774458796520,True,True
0,40.55,0.24417,0,0,1774458907754,True,True
0,40.5,12.34263144,0,0,1774458963065,False,True
0,40.53,0.27155264,0,0,1774458994369,True,True
0,40.54,0.20521736,0,0,1774458994369,True,True
0,40.54,0.27155268,0,0,1774459023730,True,True
0,40.54,0.73979403,0,0,1774459023730,True,True
0,40.52,2.46791708,0,0,1774459104224,True,True
0,40.51,0.34225,0,0,1774459155783,True,True
0,40.51,0.3667,0,0,1774459263233,True,True
0,40.54,17.269,0,0,1774459404552,True,True
0,40.57,125.84383939,0,0,1774459573453,True,True
0,40.57,77.63707666,0,0,1774459593570,True,True
0,40.57,77.63707666,0,0,1774459593570,True,True
0,40.57,77.63707666,0,0,1774459593570,True,True
0,40.57,48.20676273,0,0,1774459593570,True,True
0,40.57,29.43031393,0,0,1774459593570,True,True
0,40.57,77.63707666,0,0,1774459593570,True,True
0,40.57,77.63707666,0,0,1774459593570,True,True
0,40.57,18.7764488,0,0,1774459593570,True,True
0,40.57,58.86062786,0,0,1774459593570,True,True
0,40.57,77.63707666,0,0,1774459593570,True,True
0,40.57,66.98321153,0,0,1774459593570,True,True
0,40.57,10.65386513,0,0,1774459593570,True,True
0,40.57,77.63707666,0,0,1774459593570,True,True
0,40.57,115.18997426,0,0,1774459593572,True,True
0,40.57,32.84939646,0,0,1774459593572,True,True
0,40.57,137.01144253,0,0,1774459594107,True,True
0,40.57,33.62007706,0,0,1774459595816,True,True
0,40.57,203.48091605,0,0,1774459595818,True,True
0,40.57,130.45404011,0,0,1774459596295,True,True
0,40.57,40.0,0,0,1774459618787,True,True
0,40.57,10.0,0,0,1774459618815,True,True
0,40.57,10.0,0,0,1774459618817,True,True
0,40.57,3.02687,0,0,1774459618818,True,True
0,40.57,10.00000594,0,0,1774459618921,True,True
0,40.57,23.41516269,0,0,1774459618921,True,True
0,40.57,10.00000594,0,0,1774459618922,True,True
0,40.57,170.06574742,0,0,1774459618923,True,True
0,40.57,10.00000594,0,0,1774459618923,True,True
0,40.57,170.06574742,0,0,1774459618924,True,True
0,40.57,23.41516269,0,0,1774459618926,True,True
0,40.57,170.06574742,0,0,1774459618926,True,True
0,40.57,33.41516863,0,0,1774459619257,True,True
0,40.57,203.48091605,0,0,1774459619278,True,True
0,40.57,132.09443211,0,0,1774459619294,True,True
0,40.57,71.38648394,0,0,1774459620014,True,True
0,40.57,203.48091605,0,0,1774459620016,True,True
0,40.57,153.56941298,0,0,1774459620024,True,True
0,40.57,33.41516863,0,0,1774459620747,True,True
0,40.57,16.4963342,0,0,1774459620784,True,True
0,40.65,0.024,0,0,1774459735145,True,True
0,40.63,1.40556,0,0,1774459740719,False,True
0,40.63,2.10693996,0,0,1774459760393,False,True
0,40.61,36.93671509,0,0,1774459760736,False,True
0,40.62,0.70759704,0,0,1774459760962,False,True
0,40.61,0.70759704,0,0,1774459760962,False,True
0,40.61,0.6848633,0,0,1774459763140,False,True
0,40.56,1.39669625,0,0,1774459815590,True,True
0,40.58,0.71463775,0,0,1774459885421,True,True
0,40.59,61.6895421,0,0,1774459893329,False,True
0,40.58,98.49293715,0,0,1774459893329,False,True
0,40.57,162.02,0,0,1774459893329,False,True
0,40.57,246.42,0,0,1774459893329,False,True
0,40.57,36.96557424,0,0,1774459893329,False,True
0,40.57,2.17001905,0,0,1774459893329,False,True
0,40.56,123.25710147,0,0,1774459893329,False,True
0,40.55,201.72193009,0,0,1774459893329,False,True
0,40.56,0.285827,0,0,1774459920908,False,True
0,40.57,0.4968944,0,0,1774460018087,False,True
0,40.57,3.69928518,0,0,1774460042495,False,True
0,40.53,9.2766713,0,0,1774460253725,False,True
0,40.53,27.7329512,0,0,1774460270072,False,True
0,40.53,0.85586251,0,0,1774460270072,False,True
0,40.54,1.3262891,0,0,1774460403583,False,True
0,40.56,1.64521696,0,0,1774460462600,True,True
0,40.54,0.23845,0,0,1774460517831,True,True
0,40.55,0.96238,0,0,1774460532514,True,True
0,40.61,0.26288573,0,0,1774460616925,False,True
0,40.61,2.05894784,0,0,1774460616925,False,True
0,40.55,0.51,0,0,1774460721497,False,True
0,40.57,2.36124657,0,0,1774460792173,False,True
0,40.57,6.01854,0,0,1774460953303,True,True
0,40.54,0.34284,0,0,1774461124137,True,True
0,40.49,25.0,0,0,1774461231642,False,True
0,40.53,1.73673822,0,0,1774461247549,True,True
0,40.47,0.2,0,0,1774461479436,False,True
0,40.46,37.07163685,0,0,1774461479436,False,True
0,40.46,98.70865304,0,0,1774461479436,False,True
0,40.48,0.67714199,0,0,1774461521884,False,True
0,40.47,24.15092801,0,0,1774461521884,False,True
0,40.49,0.59656,0,0,1774461610500,True,True
0,40.49,0.2,0,0,1774461677512,True,True
0,40.49,0.5008,0,0,1774461685608,True,True
0,40.5,2.0,0,0,1774461788323,True,True
0,40.48,0.2,0,0,1774461851054,True,True
0,40.48,10.0,0,0,1774461919587,True,True
0,40.48,14.8,0,0,1774461919590,True,True
0,40.56,0.50075245,0,0,1774461962183,False,True
0,40.56,1.10100992,0,0,1774461962183,False,True
0,40.55,0.3698224,0,0,1774461972236,True,True
0,40.45,0.2,0,0,1774462162280,False,True
0,40.45,1.09395078,0,0,1774462162280,False,True
0,40.41,0.72749841,0,0,1774462166988,False,True
0,40.4,0.2,0,0,1774462203449,False,True
0,40.44,0.5,0,0,1774462311567,True,True
0,40.43,49.689441,0,0,1774462377513,False,True
0,40.51,18.19858727,0,0,1774462401306,True,True
0,40.51,53.20724421,0,0,1774462401306,True,True
0,40.51,37.02858598,0,0,1774462401306,True,True
0,40.51,212.81885337,0,0,1774462401306,True,True
0,40.49,2.69179753,0,0,1774462407890,False,True
0,40.49,98.73354337,0,0,1774462423941,True,True
0,40.5,18.19858727,0,0,1774462423941,True,True
0,40.5,37.051922,0,0,1774462423941,True,True
0,40.5,92.95390642,0,0,1774462423941,True,True
0,40.54,0.24694356,0,0,1774462515452,True,True
0,40.57,0.29923,0,0,1774462590820,False,True
0,40.6,0.24379,0,0,1774462659038,True,True
0,40.6,124.53199047,0,0,1774462727761,True,True
0,40.6,126.44994057,0,0,1774462729168,True,True
0,40.58,0.36612417,0,0,1774462765253,False,True
0,40.6,0.11924,0,0,1774462767864,True,True
0,40.6,120.9280159,0,0,1774462772996,True,True
0,40.6,24.45887098,0,0,1774462772996,True,True
0,40.6,36.9458128,0,0,1774462772996,True,True
0,40.61,36.93755125,0,0,1774462772996,True,True
0,40.61,14.70717631,0,0,1774462772996,True,True
0,40.65,0.31498,0,0,1774462809979,True,True
0,40.62,30.0,0,0,1774462834604,False,True
0,40.63,0.94448,0,0,1774462944495,True,True
0,40.63,12.11456,0,0,1774463013175,True,True
0,40.61,1.09725,0,0,1774463115591,False,True
0,40.63,11.55936,0,0,1774463236406,True,True
0,40.58,1.06688,0,0,1774463592802,False,True
0,40.63,1.23061777,0,0,1774463650932,True,True
0,40.62,0.79812524,0,0,1774463657462,False,True
0,40.63,2.4418999,0,0,1774463663278,True,True
0,40.66,2.4415117,0,0,1774463677379,False,True
0,40.65,7.0065883,0,0,1774463677379,False,True
0,40.67,0.81845073,0,0,1774463721241,False,True
0,40.61,2.4415117,0,0,1774463809439,True,True
0,40.61,9.21891677,0,0,1774463809439,True,True
0,40.61,0.98439013,0,0,1774463831832,False,True
0,40.57,0.35564,0,0,1774463949587,False,True
0,40.57,2.4415117,0,0,1774464002851,False,True
0,40.57,0.7659046,0,0,1774464002851,False,True
0,40.62,2.41260463,0,0,1774464048650,True,True
0,40.59,0.2467917,0,0,1774464093416,False,True
0,40.62,0.09537,0,0,1774464101216,True,True
0,40.61,0.02385,0,0,1774464171262,True,True
0,40.59,0.33509,0,0,1774464242136,True,True
0,40.67,2.06742519,0,0,1774464433025,False,True
0,40.65,61.500615,0,0,1774464441979,False,True
0,40.67,0.07144,0,0,1774464443407,True,True
0,40.62,0.17154,0,0,1774464595370,True,True
0,40.64,0.47675,0,0,1774464679500,True,True
0,40.67,0.02405,0,0,1774464707928,True,True
0,40.58,0.64864858,0,0,1774464944448,False,True
0,40.47,8.0,0,0,1774464955647,True,True
0,40.47,1.23,0,0,1774464955663,True,True
0,40.47,7.0,0,0,1774464955698,True,True
0,40.47,7.0,0,0,1774464955830,True,True
0,40.47,4.32,0,0,1774464955859,True,True
0,40.47,4.0,0,0,1774464955861,True,True
0,40.47,7.0,0,0,1774464955886,True,True
0,40.47,1.1,0,0,1774464955888,True,True
0,40.46,20.0,0,0,1774464956959,False,True
0,40.45,1.23,0,0,1774464957380,True,True
0,40.45,8.0,0,0,1774464957400,True,True
0,40.45,6.0,0,0,1774464957412,True,True
0,40.45,0.47887,0,0,1774464964455,True,True
0,40.44,0.8359699,0,0,1774464969965,True,True
0,40.46,1.1270304,0,0,1774464980750,True,True
0,40.47,0.2,0,0,1774465008545,True,True
0,40.45,2.4415117,0,0,1774465009411,False,True
0,40.45,98.37678308,0,0,1774465009411,False,True
0,40.44,17.3053,0,0,1774465009460,False,True
0,40.41,2.4415117,0,0,1774465022822,True,True
0,40.46,27.76548,0,0,1774465101657,True,True
0,40.41,3.71195249,0,0,1774465138063,False,True
0,40.41,0.41623886,0,0,1774465138063,False,True
0,40.39,1.23,0,0,1774465141687,True,True
0,40.39,3.6,0,0,1774465141700,True,True
0,40.39,1.8,0,0,1774465141726,True,True
0,40.39,1.83,0,0,1774465141729,True,True
0,40.39,2.37,0,0,1774465141749,True,True
0,40.41,0.0735,0,0,1774465147040,True,True
0,40.43,0.02449,0,0,1774465149038,True,True
0,40.36,2.43961941,0,0,1774465159797,False,True
0,40.36,0.2,0,0,1774465159797,False,True
0,40.36,0.2,0,0,1774465159797,False,True
0,40.36,0.2,0,0,1774465159797,False,True
0,40.37,2.4415117,0,0,1774465169523,False,True
0,40.37,0.57808928,0,0,1774465169523,False,True
0,40.36,0.02001843,0,0,1774465169523,False,True
0,40.39,2.4415117,0,0,1774465191978,True,True
0,40.43,0.65856,0,0,1774465200052,True,True
0,40.43,0.3748,0,0,1774465219198,False,True
0,40.44,2.06678664,0,0,1774465221572,False,True
0,40.43,172.83,0,0,1774465221572,False,True
0,40.43,0.30297059,0,0,1774465221572,False,True
0,40.42,247.35,0,0,1774465221572,False,True
0,40.42,37.10946574,0,0,1774465221572,False,True
0,40.41,61.6895421,0,0,1774465221572,False,True
0,40.41,37.10388873,0,0,1774465221572,False,True
0,40.4,246.66,0,0,1774465221572,False,True
0,40.39,126.5051658,0,0,1774465221572,False,True
0,40.32,0.95719,0,0,1774465369453,True,True
0,40.33,0.52720659,0,0,1774465369557,True,True
0,40.34,18.47096389,0,0,1774465369557,True,True
0,40.34,13.08788952,0,0,1774465369557,True,True
0,40.37,0.95719,0,0,1774465393377,True,True
0,40.38,247.07,0,0,1774465393377,True,True
0,40.38,37.14980223,0,0,1774465393377,True,True
0,40.38,128.45,0,0,1774465393377,True,True
0,40.39,743.63,0,0,1774465393377,True,True
0,40.39,37.14228835,0,0,1774465393377,True,True
0,40.39,247.86,0,0,1774465393377,True,True
0,40.39,61.6895421,0,0,1774465393377,True,True
0,40.39,18.47096389,0,0,1774465393469,True,True
0,40.39,95.563956,0,0,1774465393469,True,True
0,40.4,123.79659937,0,0,1774465393469,True,True
0,40.4,11.8053455,0,0,1774465393469,True,True
0,40.4,151.546044,0,0,1774465393469,True,True
0,40.47,0.24463,0,0,1774465402040,True,True
0,40.52,2.4415117,0,0,1774465472540,False,True
0,40.52,1.94834114,0,0,1774465472540,False,True
0,40.51,1.35042452,0,0,1774465472969,False,True
0,40.53,0.24429,0,0,1774465514040,True,True
0,40.52,1.6516198,0,0,1774465525290,False,True
0,40.5,0.55713919,0,0,1774465530650,False,True
0,40.48,86.81575356,0,0,1774465534007,False,True
0,40.47,0.47302338,0,0,1774465535190,False,True
0,40.48,2.18508193,0,0,1774465608292,False,True
0,40.46,3.5,0,0,1774465611301,False,True
0,40.48,24.69138271,0,0,1774465657185,True,True
0,40.45,0.24721878,0,0,1774465689814,False,True
0,40.45,0.7128678,0,0,1774465689814,False,True
0,40.45,0.03626,0,0,1774465769636,True,True
0,40.33,1.01413,0,0,1774465940431,False,True
0,40.41,0.3038,0,0,1774465996159,True,True
0,40.41,0.15755,0,0,1774466028273,True,True
0,40.36,1.0113467,0,0,1774466127694,False,True
0,40.37,1.68955,0,0,1774466182631,False,True
0,40.33,7.5,0,0,1774466287136,False,True
0,40.33,0.94128162,0,0,1774466287136,False,True
0,40.27,2.05389169,0,0,1774466292790,True,True
0,40.3,5.61824826,0,0,1774466366322,True,True
0,40.3,125.17054351,0,0,1774466370165,True,True
0,40.3,125.80970462,0,0,1774466370460,True,True
0,40.3,131.69714086,0,0,1774466371052,True,True
0,40.3,0.32121,0,0,1774466374806,True,True
0,40.3,0.28536,0,0,1774466377468,True,True
0,40.3,5.6459962,0,0,1774466409773,True,True
0,40.32,159.64837678,0,0,1774466423520,True,True
0,40.32,138.54772698,0,0,1774466423761,True,True
0,40.32,29.27700186,0,0,1774466423798,True,True
0,40.32,25.08510965,0,0,1774466423799,True,True
0,40.32,30.6990087,0,0,1774466423799,True,True
0,40.36,0.36713,0,0,1774466430020,True,True
0,40.38,2.24774045,0,0,1774466461442,False,True
0,40.38,2.42670176,0,0,1774466461442,False,True
0,40.36,0.30742,0,0,1774466476739,True,True
0,40.34,15.48756217,0,0,1774466481943,False,True
0,40.35,0.24915,0,0,1774466485459,True,True
0,40.35,19.65344601,0,0,1774466574772,False,True
0,40.35,1.25634034,0,0,1774466574772,False,True
0,40.35,7.70954274,0,0,1774466636877,False,True
0,40.37,0.4561,0,0,1774466808448,True,True
0,40.37,12.6439759,0,0,1774466871082,True,True
0,40.37,2.4415505,0,0,1774466871082,True,True
0,40.37,46.82631115,0,0,1774466871082,True,True
0,40.38,10.47316174,0,0,1774466894775,True,True
0,40.38,3.87828,0,0,1774466923362,True,True
0,40.39,6.94372,0,0,1774467061570,True,True
0,40.38,0.81822684,0,0,1774467115879,False,True
0,40.38,2.4415117,0,0,1774467115879,False,True
0,40.38,4.00749531,0,0,1774467115879,False,True
0,40.37,6.975299,0,0,1774467163591,False,True
0,40.37,10.360001,0,0,1774467170740,False,True
0,40.37,3.77279181,0,0,1774467170740,False,True
0,40.35,11.0,0,0,1774467248467,False,True
0,40.3,2.4415117,0,0,1774467399819,True,True
0,40.32,0.27306011,0,0,1774467399819,True,True
0,40.33,2.15056819,0,0,1774467399819,True,True
0,40.32,0.24556,0,0,1774467494080,True,True
0,40.38,4.3014448,0,0,1774467602867,False,True
0,40.4,1.22537,0,0,1774467638250,True,True
0,40.4,1.05885,0,0,1774467680524,True,True
0,40.4,7.7e-06,0,0,1774467680576,True,True
0,40.44,2.4415117,0,0,1774467693592,False,True
0,40.44,5.33884514,0,0,1774467693592,False,True
0,40.42,0.06149,0,0,1774467729163,False,True
0,40.43,2.4415117,0,0,1774467853160,True,True
0,40.43,18.72885648,0,0,1774467853160,True,True
0,40.43,15.79816897,0,0,1774467853160,True,True
0,40.43,37.10137069,0,0,1774467853160,True,True
0,40.45,2.4415117,0,0,1774467857925,False,True
0,40.41,1.0,0,0,1774467864618,False,True
0,40.4,3.01040433,0,0,1774467925904,False,True
0,40.43,0.74046,0,0,1774468092144,True,True
0,40.43,0.48493,0,0,1774468196038,True,True
0,40.43,16.50855247,0,0,1774468239329,False,True
0,40.43,4.43684753,0,0,1774468239329,False,True
0,40.45,41.41309,0,0,1774468257858,False,True
0,40.44,0.11971,0,0,1774468336338,True,True
0,40.43,0.11546,0,0,1774468404826,True,True
0,40.44,2.4415117,0,0,1774468443029,True,True
0,40.43,0.1789,0,0,1774468580374,True,True
0,40.4,0.1789,0,0,1774468591718,False,True
0,40.43,0.2419,0,0,1774468652130,True,True
0,40.42,0.45485,0,0,1774468923963,False,True
0,40.4,2.4415117,0,0,1774469040477,False,True
0,40.4,1.17812068,0,0,1774469040477,False,True
0,40.35,9.5,0,0,1774469042030,False,True
0,40.25,0.68894969,0,0,1774469071022,False,True
0,40.23,0.5121994,0,0,1774469071035,False,True
0,40.23,3.21636138,0,0,1774469071037,False,True
0,40.23,5.58456199,0,0,1774469071037,False,True
0,40.23,24.61424526,0,0,1774469071037,False,True
0,40.23,74.51834454,0,0,1774469071080,False,True
0,40.23,10.63363659,0,0,1774469071080,False,True
0,40.22,0.62581519,0,0,1774469071740,False,True
0,40.22,0.62581519,0,0,1774469071741,False,True
0,40.22,110.0,0,0,1774469071759,False,True
0,40.22,190.0,0,0,1774469071761,False,True
0,40.22,446.81,0,0,1774469071765,False,True
0,40.22,609.7221775,0,0,1774469073248,False,True
0,40.22,607.33570915,0,0,1774469074439,False,True
0,40.22,33.41516863,0,0,1774469074442,False,True
0,40.22,145.1674579,0,0,1774469074497,False,True
0,40.22,78.29785644,0,0,1774469075124,False,True
0,40.22,63.99763143,0,0,1774469075124,False,True
0,40.22,173.66916969,0,0,1774469075321,False,True
0,40.22,137.75281663,0,0,1774469075375,False,True
0,40.22,132.46342357,0,0,1774469075824,False,True
0,40.22,125.07235375,0,0,1774469076374,False,True
0,40.22,124.4784261,0,0,1774469077011,False,True
0,40.22,33.41516863,0,0,1774469077116,False,True
0,40.22,935.87,0,0,1774469077401,False,True
0,40.22,495.2810102,0,0,1774469077401,False,True
0,40.22,0.30467702,0,0,1774469077401,False,True
0,40.17,24.46873,0,0,1774469078667,True,True
0,40.18,10.0333317,0,0,1774469082891,False,True
0,40.18,2.0,0,0,1774469084142,False,True
0,40.18,0.39249817,0,0,1774469090139,False,True
0,40.17,136.45304015,0,0,1774469120978,False,True
0,40.16,2.1135377,0,0,1774469149837,False,True
0,40.16,124.49978106,0,0,1774469154648,False,True
0,40.16,0.84360761,0,0,1774469154648,False,True
0,40.16,0.11448,0,0,1774469166339,True,True
0,40.15,0.2241035,0,0,1774469199709,True,True
0,40.15,0.4412183,0,0,1774469211876,True,True
0,40.14,3.68217879,0,0,1774469263894,False,True
0,40.14,6.65199005,0,0,1774469263894,False,True
0,40.14,115.99042835,0,0,1774469263894,False,True
0,40.18,0.66567697,0,0,1774469319605,False,True
0,40.18,125.4312117,0,0,1774469319605,False,True
0,40.17,0.4412183,0,0,1774469323339,False,True
0,40.17,1.0,0,0,1774469331710,False,True
0,40.18,130.48145493,0,0,1774469362549,False,True
0,40.17,0.3304446,0,0,1774469466156,True,True
0,40.16,0.3948008,0,0,1774469479834,False,True
0,40.17,1.8253,0,0,1774469544653,True,True
0,40.17,0.19301,0,0,1774469578633,True,True
0,40.18,0.3304446,0,0,1774469589853,False,True
0,40.17,0.4404636,0,0,1774469678892,True,True
0,40.15,0.4404636,0,0,1774469746669,False,True
0,40.15,3.3072165,0,0,1774469749991,False,True
0,40.13,2.94455643,0,0,1774469784596,False,True
0,40.12,8.210484,0,0,1774469827978,False,True
0,40.11,0.85190908,0,0,1774469827978,False,True
0,40.11,256.88,0,0,1774469852804,False,True
0,40.11,1.09790236,0,0,1774469852804,False,True
0,40.1,42.0220977,0,0,1774469852804,False,True
0,40.15,0.441169,0,0,1774469887064,True,True
0,40.07,0.441169,0,0,1774470012729,False,True
0,40.08,1.78736621,0,0,1774470025304,False,True
0,40.07,28.26099009,0,0,1774470025309,False,True
0,40.07,16.20804091,0,0,1774470025310,False,True
0,40.02,0.3,0,0,1774470035857,False,True
0,40.02,0.2939285,0,0,1774470035857,False,True
0,40.01,0.7472367,0,0,1774470035857,False,True
0,40.0,2.5,0,0,1774470039401,False,True
0,40.0,1.66225,0,0,1774470039401,False,True
0,40.0,0.29261002,0,0,1774470039401,False,True
0,39.96,5.0,0,0,1774470042357,False,True
0,39.96,2.0,0,0,1774470042357,False,True
0,39.96,3.0,0,0,1774470042357,False,True
0,39.97,20.7122535,0,0,1774470045706,True,True
0,39.96,33.41516863,0,0,1774470047077,False,True
0,39.96,128.50873155,0,0,1774470047077,False,True
0,39.96,149.31636764,0,0,1774470047083,False,True
0,39.96,6.91562355,0,0,1774470047084,False,True
0,39.96,31.84410863,0,0,1774470047148,False,True
0,39.96,0.30539569,0,0,1774470047148,False,True
0,39.99,0.20015011,0,0,1774470061069,True,True
0,39.96,200.0,0,0,1774470063430,False,True
0,39.99,0.4424829,0,0,1774470111493,True,True
0,39.95,6.91562355,0,0,1774470169910,False,True
0,39.95,0.42424257,0,0,1774470169910,False,True
0,39.94,0.44246131,0,0,1774470169921,False,True
0,39.92,0.5209532,0,0,1774470204856,False,True
0,39.91,199.4790468,0,0,1774470204856,False,True
0,39.92,0.4424829,0,0,1774470217560,False,True
0,39.9,0.60746972,0,0,1774470239876,False,True
0,39.89,2.47586036,0,0,1774470243384,False,True
0,39.89,61.6895421,0,0,1774470297165,True,True
0,39.9,18.39165574,0,0,1774470297165,True,True
0,39.9,19.93857216,0,0,1774470297165,True,True
0,39.87,0.90440871,0,0,1774470303137,False,True
0,39.85,2.45941958,0,0,1774470303147,False,True
0,39.84,2.47279921,0,0,1774470303147,False,True
0,39.84,0.03724096,0,0,1774470303156,False,True
0,39.84,50.06982049,0,0,1774470303156,False,True
0,39.85,18.39165574,0,0,1774470303233,True,True
0,39.86,18.39165574,0,0,1774470303233,True,True
0,39.86,189.74585001,0,0,1774470303233,True,True
0,39.82,0.33089349,0,0,1774470303980,False,True
0,39.8,10.0,0,0,1774470303980,False,True
0,39.8,37.67291047,0,0,1774470303980,False,True
0,39.79,13.17841655,0,0,1774470303980,False,True
0,39.79,37.68357015,0,0,1774470303980,False,True
0,39.79,18.39165574,0,0,1774470303980,False,True
0,39.79,91.60316621,0,0,1774470303980,False,True
0,39.79,24.6442885,0,0,1774470303980,False,True
0,39.81,0.29664783,0,0,1774470308278,False,True
0,39.78,2.60188905,0,0,1774470309056,True,True
0,39.74,2.48445,0,0,1774470309405,False,True
0,39.75,18.39165574,0,0,1774470312388,False,True
0,39.75,21.90870814,0,0,1774470312388,False,True
0,39.74,9.69963612,0,0,1774470312388,False,True
0,39.75,0.2,0,0,1774470333335,True,True
0,39.73,2.95727769,0,0,1774470361302,False,True
0,39.74,0.69252901,0,0,1774470371865,False,True
0,39.74,299.30747099,0,0,1774470371865,False,True
0,39.71,6.65199005,0,0,1774470430524,False,True
0,39.71,3.68217879,0,0,1774470430524,False,True
0,39.71,0.4079389,0,0,1774470430524,False,True
0,39.7,1.25944584,0,0,1774470433351,False,True
0,39.7,0.33212664,0,0,1774470433351,False,True
0,39.72,27.0,0,0,1774470524173,False,True
0,39.72,0.02815,0,0,1774470526492,False,True
0,39.76,0.04134,0,0,1774470531034,True,True
0,39.75,0.251761,0,0,1774470551055,True,True
0,39.73,3.67639037,0,0,1774470562771,False,True
0,39.73,3.32713352,0,0,1774470562811,False,True
0,39.73,3.32713352,0,0,1774470562811,False,True
0,39.73,3.18568468,0,0,1774470565864,False,True
0,39.73,36.81715791,0,0,1774470566382,False,True
0,39.73,0.81795822,0,0,1774470566382,False,True
0,39.78,0.2,0,0,1774470643467,False,True
0,39.79,33.52532083,0,0,1774470661878,True,True
0,39.8,15.19170854,0,0,1774470665789,True,True
0,39.78,50.30181087,0,0,1774470699240,True,True
0,39.77,2.51572327,0,0,1774470721948,True,True
0,39.75,2.51572327,0,0,1774470723224,False,True
0,39.77,2.12257777,0,0,1774470736430,False,True
0,39.83,1.21582,0,0,1774470905582,True,True
0,39.89,0.25191935,0,0,1774471042348,True,True
0,39.89,3.24940065,0,0,1774471042348,True,True
0,39.91,61.6895421,0,0,1774471070638,True,True
0,39.91,37.5845879,0,0,1774471070638,True,True
0,39.91,3e-07,0,0,1774471188866,True,True
0,39.97,2.3428297,0,0,1774471203038,False,True
0,39.94,0.51806,0,0,1774471224931,False,True
0,39.96,22.5282,0,0,1774471343408,True,True
0,39.99,27.0036232,0,0,1774471349424,False,True
0,39.99,3.36463346,0,0,1774471365172,False,True
0,39.99,11.51417478,0,0,1774471400130,False,True
0,39.99,1.60947246,0,0,1774471400130,False,True
0,40.01,68.9702869,0,0,1774471496400,True,True
0,40.02,30.38190109,0,0,1774471496400,True,True
0,40.02,2.4418453,0,0,1774471496400,True,True
0,40.02,37.48287262,0,0,1774471496400,True,True
0,40.03,184.11347409,0,0,1774471496400,True,True
0,40.01,0.65096997,0,0,1774471500749,False,True
0,39.97,0.65097,0,0,1774471525433,True,True
0,39.98,61.6895421,0,0,1774471525433,True,True
0,39.98,11.19654914,0,0,1774471525433,True,True
0,39.98,10.4990827,0,0,1774471525433,True,True
0,39.99,37.50937734,0,0,1774471525433,True,True
0,39.99,19.07690537,0,0,1774471525433,True,True
0,39.99,39.74984289,0,0,1774471525433,True,True
0,40.0,37.50123645,0,0,1774471525433,True,True
0,40.0,127.3,0,0,1774471525433,True,True
0,40.0,17.61592401,0,0,1774471525433,True,True
0,39.94,2.44151,0,0,1774471565563,False,True
0,39.94,1.7e-06,0,0,1774471565565,False,True
0,39.88,0.63082805,0,0,1774471566256,False,True
0,39.88,0.49755711,0,0,1774471566258,False,True
0,39.82,1.0,0,0,1774471570999,False,True
0,39.91,0.18176,0,0,1774471651332,True,True
0,39.89,151.9274794,0,0,1774471670129,False,True
0,39.89,0.18176,0,0,1774471671851,False,True
0,39.96,12.0,0,0,1774471707006,True,True
0,39.95,146.41998804,0,0,1774471841974,True,True
0,39.95,130.73793042,0,0,1774471846571,True,True
0,39.93,0.38998904,0,0,1774471943206,False,True
0,39.93,1.24875125,0,0,1774471943206,False,True
0,39.93,0.39520275,0,0,1774471943206,False,True
0,39.93,0.47043963,0,0,1774471943206,False,True
0,39.92,8.87595237,0,0,1774471986113,False,True
0,39.92,15.47675304,0,0,1774471989336,False,True
0,39.92,0.93343695,0,0,1774471989336,False,True
0,39.91,0.6059,0,0,1774472144032,True,True
0,39.89,0.53847456,0,0,1774472247667,False,True
0,39.89,0.0677925,0,0,1774472247670,False,True
0,39.86,1.83610009,0,0,1774472265977,True,True
0,39.87,10.0,0,0,1774472267057,False,True
0,39.88,0.24827,0,0,1774472270714,True,True
0,39.8,0.6057787,0,0,1774472284688,True,True
0,39.82,2.4415117,0,0,1774472309078,False,True
0,39.82,0.03511,0,0,1774472381078,True,True
0,39.8,13.93474,0,0,1774472413856,False,True
0,39.82,0.2,0,0,1774472464311,False,True
0,39.8,1.04102,0,0,1774472554966,True,True
0,39.82,7.51233819,0,0,1774472728069,False,True
0,39.82,123.74606769,0,0,1774472728069,False,True
0,39.79,17.5879,0,0,1774472775337,False,True
0,39.79,1.8549,0,0,1774472775337,False,True
0,39.79,6.1e-06,0,0,1774472775348,False,True
0,39.84,6.24867,0,0,1774473003827,True,True
0,39.89,2.42798,0,0,1774473032699,True,True
0,39.91,0.2,0,0,1774473056391,True,True
0,39.92,2.04151169,0,0,1774473153601,True,True
0,39.92,0.28382831,0,0,1774473153601,True,True
0,39.91,51.09565,0,0,1774473180546,True,True
0,39.94,0.22556488,0,0,1774473225759,True,True
0,39.95,36.75701614,0,0,1774473335487,True,True
0,39.95,10.015,0,0,1774473335487,True,True
0,39.98,61.6895421,0,0,1774473342901,True,True
0,39.98,37.51875937,0,0,1774473342901,True,True
0,39.99,37.51275471,0,0,1774473342901,True,True
0,39.99,100.1595368,0,0,1774473342901,True,True
0,40.0,0.2,0,0,1774473342933,True,True
0,40.01,2.4415117,0,0,1774473356735,False,True
0,40.0,1.93817,0,0,1774473466838,True,True
0,39.92,3.41879,0,0,1774473581487,False,True
0,39.98,1.57793,0,0,1774473610690,True,True
0,39.94,37.56413464,0,0,1774473674106,True,True
0,39.96,22.20811875,0,0,1774473674138,True,True
0,39.96,10.0,0,0,1774473684074,False,True
0,39.93,2.4415117,0,0,1774473897711,True,True
0,39.89,0.87537507,0,0,1774473988884,True,True
0,39.89,2.89491006,0,0,1774474292911,True,True
0,39.86,1.2234002,0,0,1774474308088,False,True
0,39.89,0.62083,0,0,1774474322471,True,True
0,39.96,61.6895421,0,0,1774474378786,True,True
0,39.94,0.37637625,0,0,1774474400393,False,True
0,39.94,0.01301307,0,0,1774474400395,False,True
0,39.97,6.45334001,0,0,1774474494229,True,True
0,39.97,4.84407,0,0,1774474513084,True,True
0,39.97,0.02527,0,0,1774474519233,True,True
0,39.98,15.1552484,0,0,1774474684239,True,True
0,40.01,2.4415117,0,0,1774474713906,False,True
0,40.01,6.02609589,0,0,1774474713906,False,True
0,40.01,117.07745172,0,0,1774474713906,False,True
0,40.01,136.35248148,0,0,1774474735464,False,True
0,40.01,143.42406684,0,0,1774474738773,False,True
0,40.01,127.27203618,0,0,1774474739767,False,True
0,40.01,126.40136098,0,0,1774474740604,False,True
0,40.02,5.0,0,0,1774474756754,True,True
0,40.01,0.8857102,0,0,1774474802671,False,True
0,40.02,1.22457,0,0,1774474807352,True,True
0,40.02,7.83343,0,0,1774474807946,True,True
0,40.02,0.25562,0,0,1774474859769,False,True
0,40.05,25.90732,0,0,1774475071360,True,True
0,40.05,2.4968789,0,0,1774475118475,True,True
0,40.06,0.06909,0,0,1774475197375,False,True
0,40.07,19.86573,0,0,1774475202223,True,True
0,40.07,37.43857872,0,0,1774475210112,True,True
0,40.08,18.82068961,0,0,1774475210112,True,True
0,40.08,37.43059035,0,0,1774475210112,True,True
0,40.08,2.4415117,0,0,1774475210112,True,True
0,40.09,103.86862962,0,0,1774475210112,True,True
0,40.08,7.97005988,0,0,1774475211277,True,True
0,40.08,0.48329,0,0,1774475287217,True,True
0,40.08,28.98020255,0,0,1774475307622,True,True
0,40.09,5.51742745,0,0,1774475307622,True,True
0,40.06,2.4415117,0,0,1774475311082,False,True
0,40.06,18.4873483,0,0,1774475311082,False,True
0,40.07,2.4415117,0,0,1774475361264,True,True
0,40.07,27.80655428,0,0,1774475361264,True,True
0,40.03,2.4415117,0,0,1774475400341,False,True
0,40.01,18.95024859,0,0,1774475400341,False,True
0,40.01,2.18289999,0,0,1774475400341,False,True
0,40.01,35.38119018,0,0,1774475400341,False,True
0,40.04,19.985,0,0,1774475415035,True,True
0,40.08,0.6466,0,0,1774475500840,True,True
0,40.1,0.02469,0,0,1774475590039,True,True
0,40.05,10.02570069,0,0,1774475827637,False,True
0,40.05,27.66343788,0,0,1774475840638,False,True
0,40.02,37.48361845,0,0,1774475907086,True,True
0,40.03,20.19742868,0,0,1774475907086,True,True
0,40.03,17.28344738,0,0,1774475907086,True,True
0,40.03,2.4415117,0,0,1774475907086,True,True
0,40.08,0.2292,0,0,1774476004917,True,True
0,40.08,0.32282,0,0,1774476028285,True,True
0,40.08,9.36806816,0,0,1774476064110,True,True
0,40.14,3.68217879,0,0,1774476120721,True,True
0,40.14,6.65199005,0,0,1774476120721,True,True
0,40.14,12.458,0,0,1774476120721,True,True
0,40.2,37.31343283,0,0,1774476147072,True,True
0,40.21,99.63699036,0,0,1774476147072,True,True
0,40.21,25.61875357,0,0,1774476147072,True,True
0,40.21,37.31343283,0,0,1774476147072,True,True
0,40.22,0.11739041,0,0,1774476147072,True,True
0,40.19,37.32271709,0,0,1774476151754,True,True
0,40.2,37.31527118,0,0,1774476151754,True,True
0,40.2,44.10587313,0,0,1774476151754,True,True
0,40.23,2.4415117,0,0,1774476173740,False,True
0,40.23,0.37641202,0,0,1774476180228,True,True
0,40.23,0.37641202,0,0,1774476180228,True,True
0,40.25,2.4415117,0,0,1774476180229,True,True
0,40.27,0.2861303,0,0,1774476183677,False,True
0,40.26,37.25782414,0,0,1774476187469,True,True
0,40.27,37.24963341,0,0,1774476187469,True,True
0,40.28,10.0,0,0,1774476187478,True,True
0,40.28,4.68093,0,0,1774476187479,True,True
0,40.28,0.2861303,0,0,1774476202929,True,True
0,40.28,2.4415117,0,0,1774476216730,False,True
0,40.28,0.43751451,0,0,1774476216730,False,True
0,40.24,0.2,0,0,1774476238500,False,True
0,40.24,0.43718826,0,0,1774476238500,False,True
0,40.2,20.05172825,0,0,1774476266612,False,True
0,40.2,14.21081175,0,0,1774476266612,False,True
0,40.19,0.3,0,0,1774476303335,False,True
0,40.13,0.49,0,0,1774476309708,False,True
0,40.13,0.29380682,0,0,1774476309708,False,True
0,40.12,2.03,0,0,1774476309815,True,True
0,40.11,0.49726,0,0,1774476314135,False,True
0,40.11,0.49726,0,0,1774476314135,False,True
0,40.13,2.4415117,0,0,1774476314915,True,True
0,40.14,0.5584883,0,0,1774476314915,True,True
0,40.1,0.32897,0,0,1774476315969,False,True
0,40.1,0.2,0,0,1774476318649,False,True
0,40.11,3.40152315,0,0,1774476417851,True,True
0,40.14,16.88974825,0,0,1774476418281,True,True
0,40.14,7.50216175,0,0,1774476418281,True,True
0,40.14,72.73078932,0,0,1774476420192,True,True
0,40.14,61.6895421,0,0,1774476420192,True,True
0,40.14,37.37169113,0,0,1774476420192,True,True
0,40.14,99.1325898,0,0,1774476420192,True,True
0,40.15,124.53324789,0,0,1774476420195,True,True
0,40.15,55.70173855,0,0,1774476420195,True,True
0,40.16,37.37607861,0,0,1774476420195,True,True
0,40.17,124.52643818,0,0,1774476420195,True,True
0,40.17,20.0517373,0,0,1774476420196,True,True
0,40.18,0.8,0,0,1774476433076,True,True
0,40.09,2.4415117,0,0,1774476477967,False,True
0,40.09,0.8021288,0,0,1774476477967,False,True
0,40.08,34.7420795,0,0,1774476477967,False,True
0,40.08,3.79308,0,0,1774476493499,True,True
0,40.09,2.46969,0,0,1774476512036,True,True
0,40.09,0.62045,0,0,1774476519483,False,True
0,40.08,128.12667,0,0,1774476625217,True,True
0,40.08,1.38878,0,0,1774476626788,True,True
0,40.11,0.05739,0,0,1774476775096,True,True
0,40.11,2.32673169,0,0,1774476779570,True,True
0,40.11,11.81326831,0,0,1774476779570,True,True
0,40.12,0.05739,0,0,1774476851344,False,True
0,40.15,2.26935318,0,0,1774476876027,False,True
0,40.15,7.24139682,0,0,1774476876027,False,True
0,40.15,3.67e-06,0,0,1774476876097,False,True
0,40.13,0.16122,0,0,1774476879075,True,True
0,40.08,1.0,0,0,1774476919973,True,True
0,40.07,0.55727,0,0,1774476920099,False,True
0,40.08,2.3841332,0,0,1774476940508,True,True
0,40.08,61.6895421,0,0,1774476940508,True,True
0,40.08,37.4251497,0,0,1774476940508,True,True
0,40.09,12.536035,0,0,1774476940508,True,True
0,40.08,29.05214571,0,0,1774477006188,True,True
0,40.08,61.6895421,0,0,1774477013995,True,True
0,40.08,90.2379373,0,0,1774477013995,True,True
0,40.1,2.4415117,0,0,1774477036309,False,True
0,40.1,0.5584883,0,0,1774477036309,False,True
0,40.07,0.16273,0,0,1774477114947,False,True
0,40.06,2.4415117,0,0,1774477270842,True,True
0,40.07,37.43448964,0,0,1774477270842,True,True
0,40.08,8.96478866,0,0,1774477270842,True,True
0,40.09,0.5,0,0,1774477277205,True,True
0,40.17,15.38007,0,0,1774477402713,True,True
0,40.19,0.03353,0,0,1774477418405,True,True
0,40.17,4.7858559,0,0,1774477444476,False,True
0,40.14,0.48729,0,0,1774477472346,True,True
0,40.2,2.44151,0,0,1774477606029,False,True
0,40.2,1.7e-06,0,0,1774477606033,False,True
0,40.2,0.06674,0,0,1774477774657,True,True
0,40.2,0.30279,0,0,1774477786805,True,True
0,40.2,0.04924,0,0,1774477847042,True,True
0,40.21,1.70245169,0,0,1774477874864,True,True
0,40.31,0.36953,0,0,1774477901080,True,True
0,40.38,1.42978,0,0,1774477902436,True,True
0,40.33,0.24870732,0,0,1774478103702,False,True
0,40.32,0.2487073,0,0,1774478210665,True,True
0,40.34,22.3159,0,0,1774478233908,True,True
0,40.35,33.41516863,0,0,1774478234873,True,True
0,40.35,4.26072353,0,0,1774478235572,True,True
0,40.37,0.21,0,0,1774478271332,True,True
0,40.31,2.1319,0,0,1774478354345,True,True
0,40.31,37.21161002,0,0,1774478373499,True,True
0,40.31,2.4415117,0,0,1774478402816,False,True
0,40.31,0.0346439,0,0,1774478402816,False,True
0,40.3,0.37850495,0,0,1774478404427,False,True
0,40.31,2.4415117,0,0,1774478417531,True,True
0,40.37,11.65146,0,0,1774478457978,True,True
0,40.35,37.17688543,0,0,1774478509043,True,True
0,40.36,37.16802317,0,0,1774478509198,True,True
0,40.44,0.49726924,0,0,1774478520524,False,True
0,40.43,2.4415117,0,0,1774478529496,False,True
0,40.3,3.35673078,0,0,1774478566262,False,True
0,40.3,0.29181986,0,0,1774478566262,False,True
0,40.3,0.48056,0,0,1774478700844,True,True
0,40.28,1.48039169,0,0,1774478777951,True,True
0,40.28,37.23932472,0,0,1774478777951,True,True
0,40.29,37.2457255,0,0,1774478777951,True,True
0,40.29,61.6895421,0,0,1774478777951,True,True
0,40.29,71.80972599,0,0,1774478777951,True,True
0,40.23,0.28195893,0,0,1774478834897,True,True
0,40.23,0.19860107,0,0,1774478834898,True,True
0,40.25,4.9677,0,0,1774478867891,False,True
0,40.25,0.90310476,0,0,1774478867891,False,True
0,40.23,0.02499,0,0,1774478912126,False,True
0,40.23,8.6784032,0,0,1774479046696,False,True
0,40.26,0.02405,0,0,1774479051300,True,True
0,40.23,1.45237316,0,0,1774479088174,False,True
0,40.23,0.93915856,0,0,1774479088174,False,True
0,40.23,0.5132146,0,0,1774479088174,False,True
0,40.25,0.24353,0,0,1774479153036,True,True
0,40.24,1.92946179,0,0,1774479213701,True,True
0,40.24,0.07053821,0,0,1774479213701,True,True
0,40.25,0.24353,0,0,1774479307417,True,True
0,40.26,37.26652475,0,0,1774479307417,True,True
0,40.26,16.99001525,0,0,1774479307417,True,True
0,40.24,0.06129,0,0,1774479383705,True,True
0,40.25,2.22059,0,0,1774479450827,False,True
0,40.23,0.30279,0,0,1774479508135,False,True
0,40.27,0.38887509,0,0,1774479571204,True,True
0,40.24,0.2,0,0,1774479643243,True,True
0,40.21,1.82059,0,0,1774479691673,True,True
0,40.25,0.2,0,0,1774479727207,True,True
0,40.26,37.25782414,0,0,1774479727207,True,True
0,40.26,162.54217586,0,0,1774479727207,True,True
0,40.25,0.3363681,0,0,1774479798356,False,True
0,40.26,18.74678758,0,0,1774479895774,True,True
0,40.26,63.22042548,0,0,1774479895774,True,True
0,40.3,0.25656859,0,0,1774480204501,False,True
0,40.32,0.81014,0,0,1774480238633,True,True
0,40.32,4.9609,0,0,1774480337774,True,True
0,40.29,0.23737,0,0,1774480623124,True,True
0,40.28,79.37246059,0,0,1774480650756,False,True
0,40.26,0.2565686,0,0,1774480663248,True,True
0,40.29,18.60404216,0,0,1774480663248,True,True
0,40.29,37.23329518,0,0,1774480663248,True,True
0,40.29,8.66015638,0,0,1774480663248,True,True
0,40.29,35.24593768,0,0,1774480663248,True,True
0,40.32,1.83218,0,0,1774480781327,True,True
0,40.33,17.0161416,0,0,1774480880032,False,True
0,40.42,8.71677,0,0,1774480956960,True,True
0,40.47,37.07171264,0,0,1774480968400,True,True
0,40.48,37.05641904,0,0,1774480968400,True,True
0,40.49,125.87186832,0,0,1774480968400,True,True
0,40.45,12.75132958,0,0,1774480973363,True,True
0,40.46,2.1788,0,0,1774481062115,True,True
0,40.46,2.3497402,0,0,1774481134908,True,True
0,40.46,0.40695,0,0,1774481170083,True,True
0,40.45,0.307217,0,0,1774481343151,True,True
0,40.42,0.15099,0,0,1774481439194,False,True
0,40.39,98.92584788,0,0,1774481460450,False,True
0,40.38,16.29326326,0,0,1774481460457,False,True
0,40.39,0.11255,0,0,1774481477148,False,True
0,40.41,22.67754837,0,0,1774481505475,True,True
0,40.43,1.23670541,0,0,1774481591243,False,True
0,40.45,1.20505359,0,0,1774481617063,False,True
0,40.45,2.85057738,0,0,1774481617063,False,True
0,40.39,19.69433289,0,0,1774481790914,False,True
0,40.31,3.0,0,0,1774481841670,True,True
0,40.31,2.4,0,0,1774481841679,True,True
0,40.31,6.0,0,0,1774481841711,True,True
0,40.31,3.5639,0,0,1774481841722,True,True
0,40.26,6.2328596,0,0,1774481931728,False,True
0,40.27,4.7735322,0,0,1774482003041,False,True
0,40.25,1.0008,0,0,1774482031373,False,True
0,40.26,5.0,0,0,1774482043399,False,True
0,40.27,5.84062972,0,0,1774482072792,False,True
0,40.29,2.441759,0,0,1774482506977,True,True
0,40.29,37.23824155,0,0,1774482506977,True,True
0,40.29,42.2261797,0,0,1774482506977,True,True
0,40.29,0.23764267,0,0,1774482528286,True,True
0,40.27,2.42859,0,0,1774482626794,True,True
0,40.27,4.36332818,0,0,1774482739767,False,True
0,40.27,2.44150182,0,0,1774482739767,False,True
0,40.27,9.88e-06,0,0,1774482739770,False,True
0,40.26,4.71982116,0,0,1774482749791,True,True
0,40.25,1.86335404,0,0,1774482793474,True,True
0,40.29,0.3747,0,0,1774483004012,False,True
0,40.32,0.24562,0,0,1774483187999,True,True
0,40.31,0.5595,0,0,1774483195412,False,True
