0,86.54,0.33635032,0,0,1776124800057,True,True
0,86.54,0.39054968,0,0,1776124800057,True,True
0,86.54,0.33553673,0,0,1776124801787,True,True
0,86.56,2.55317238,0,0,1776124801787,True,True
0,86.54,5.43383797,0,0,1776124801893,False,True
0,86.54,6.00947648,0,0,1776124801941,False,True
0,86.54,3.42101005,0,0,1776124802013,False,True
0,86.54,4.28521899,0,0,1776124802020,False,True
0,86.54,12.27007974,0,0,1776124802044,False,True
0,86.55,5.19930675,0,0,1776124802622,False,True
0,86.55,34.66204506,0,0,1776124802729,False,True
0,86.55,4.8192952,0,0,1776124802739,False,True
0,86.55,6.00808781,0,0,1776124802889,False,True
0,86.54,5.77767507,0,0,1776124803006,False,True
0,86.54,0.18592137,0,0,1776124803006,False,True
0,86.54,4.04390525,0,0,1776124803438,False,True
0,86.54,3.0040439,0,0,1776124803468,False,True
0,86.57,15.02021952,0,0,1776124803960,False,True
0,86.65,0.33437164,0,0,1776124805546,True,True
0,86.66,0.33163942,0,0,1776124805804,True,True
0,86.66,0.28602,0,0,1776124805863,True,True
0,86.68,0.0436122,0,0,1776124806300,True,True
0,86.63,0.32298996,0,0,1776124812015,True,True
0,86.63,5.77233895,0,0,1776124812740,False,True
0,86.66,0.57657241,0,0,1776124814820,True,True
0,86.65,3.00057703,0,0,1776124814930,False,True
0,86.65,11.5406809,0,0,1776124814952,False,True
0,86.65,5.77034045,0,0,1776124815036,False,True
0,86.65,8.07847663,0,0,1776124815280,False,True
0,86.65,6.00115406,0,0,1776124815508,False,True
0,86.65,3.00023078,0,0,1776124815544,False,True
0,86.65,3.00023078,0,0,1776124815725,False,True
0,86.65,3.90156935,0,0,1776124815835,False,True
0,86.65,5.9892684,0,0,1776124816015,False,True
0,86.65,2.20193861,0,0,1776124816089,False,True
0,86.65,5.76967459,0,0,1776124816157,False,True
0,86.65,4.61573967,0,0,1776124816280,False,True
0,86.65,3.00023078,0,0,1776124816365,False,True
0,86.65,2.54869605,0,0,1776124816436,False,True
0,86.65,2.22767135,0,0,1776124816609,False,True
0,86.65,1.54554432,0,0,1776124816701,False,True
0,86.65,3.21757644,0,0,1776124816701,False,True
0,86.65,5.27738235,0,0,1776124816701,False,True
0,86.65,13.09785368,0,0,1776124816837,False,True
0,86.65,3.00023078,0,0,1776124817159,False,True
0,86.65,1.15393491,0,0,1776124822658,False,True
0,86.65,10.84606509,0,0,1776124823914,False,True
0,86.63,0.11539349,0,0,1776124824530,True,True
0,86.62,1.15446779,0,0,1776124825564,False,True
0,86.65,0.69679,0,0,1776124827325,True,True
0,86.65,0.11257673,0,0,1776124829075,True,True
0,86.64,3.05684816,0,0,1776124830583,False,True
0,86.64,1.18538847,0,0,1776124830583,False,True
0,86.63,0.01132,0,0,1776124836036,True,True
0,86.63,0.02,0,0,1776124837176,True,True
0,86.63,0.18491882,0,0,1776124837216,True,True
0,86.63,0.18878118,0,0,1776124837216,True,True
0,86.62,0.0559,0,0,1776124841263,False,True
0,86.63,1.66503683,0,0,1776124844453,True,True
0,86.64,0.33159308,0,0,1776124844453,True,True
0,86.65,2.28610704,0,0,1776124844453,True,True
0,86.65,7.7625,0,0,1776124844453,True,True
0,86.65,80.81079962,0,0,1776124844453,True,True
0,86.65,17.84375118,0,0,1776124844453,True,True
0,86.63,2.0,0,0,1776124845857,False,True
0,86.62,10.14419302,0,0,1776124848652,False,True
0,86.65,0.17201607,0,0,1776124857538,True,True
0,86.64,0.03990263,0,0,1776124860418,False,True
0,86.62,1.85580698,0,0,1776124869774,False,True
0,86.62,1.58857094,0,0,1776124869774,False,True
0,86.61,108.25443602,0,0,1776124869774,False,True
0,86.62,0.85824,0,0,1776124870039,True,True
0,86.66,0.32865516,0,0,1776124880611,True,True
0,86.66,0.16289638,0,0,1776124880611,True,True
0,86.67,15.64775627,0,0,1776124880611,True,True
0,86.67,7.7625,0,0,1776124880611,True,True
0,86.67,24.25247021,0,0,1776124880611,True,True
0,86.68,7.7625,0,0,1776124880611,True,True
0,86.68,15.0,0,0,1776124880611,True,True
0,86.68,18.49597198,0,0,1776124880611,True,True
0,86.68,10.94184,0,0,1776124880725,True,True
0,86.65,21.4805,0,0,1776124884291,False,True
0,86.64,0.05547426,0,0,1776124889435,True,True
0,86.63,1.86728673,0,0,1776124919672,False,True
0,86.64,3.111531,0,0,1776124921279,True,True
0,86.64,0.28070038,0,0,1776124921279,True,True
0,86.64,7.7625,0,0,1776124921279,True,True
0,86.64,2.8674921,0,0,1776124921279,True,True
0,86.65,80.81079962,0,0,1776124921279,True,True
0,86.65,7.7625,0,0,1776124921279,True,True
0,86.65,3.02659462,0,0,1776124921279,True,True
0,86.65,115.413305,0,0,1776124921279,True,True
0,86.65,101.79502355,0,0,1776124921279,True,True
0,86.66,15.64775627,0,0,1776124921279,True,True
0,86.66,7.7625,0,0,1776124921279,True,True
0,86.66,24.25247021,0,0,1776124921279,True,True
0,86.66,59.263,0,0,1776124921279,True,True
0,86.67,15.0,0,0,1776124921279,True,True
0,86.67,7.7625,0,0,1776124921279,True,True
0,86.67,24.25247021,0,0,1776124921279,True,True
0,86.67,10.202838,0,0,1776124921279,True,True
0,86.67,101.79502355,0,0,1776124921279,True,True
0,86.68,3.32326968,0,0,1776124921279,True,True
0,86.68,16.67673032,0,0,1776124921279,True,True
0,86.68,7.7625,0,0,1776124921279,True,True
0,86.68,24.25247021,0,0,1776124921279,True,True
0,86.68,12.35182412,0,0,1776124921279,True,True
0,86.62,0.22200416,0,0,1776124927241,True,True
0,86.61,1.0396,0,0,1776124929615,False,True
0,86.61,1.86691699,0,0,1776124933105,False,True
0,86.62,0.11329825,0,0,1776124934654,True,True
0,86.62,0.032612,0,0,1776124934654,True,True
0,86.62,0.17734073,0,0,1776124934654,True,True
0,86.62,1.15159,0,0,1776124935485,True,True
0,86.62,2.22564351,0,0,1776124935625,True,True
0,86.63,2.08819116,0,0,1776124944462,True,True
0,86.63,0.16092451,0,0,1776124949414,True,True
0,86.62,1.86654735,0,0,1776124954388,False,True
0,86.63,0.16247641,0,0,1776124956597,True,True
0,86.64,0.37264359,0,0,1776124956597,True,True
0,86.62,0.32292619,0,0,1776124960410,True,True
0,86.62,0.68707381,0,0,1776124960410,True,True
0,86.62,0.11406141,0,0,1776124963270,True,True
0,86.63,0.20742841,0,0,1776124965741,True,True
0,86.64,0.01456113,0,0,1776124965741,True,True
0,86.63,0.32050898,0,0,1776124976642,True,True
0,86.64,0.80468,0,0,1776124977193,True,True
0,86.64,17.0,0,0,1776124978941,True,True
0,86.64,0.28855032,0,0,1776124980123,True,True
0,86.64,0.17313019,0,0,1776124981159,True,True
0,86.63,0.17313019,0,0,1776124983279,False,True
0,86.6,0.04301,0,0,1776124991352,False,True
0,86.57,0.17363153,0,0,1776125001282,True,True
0,86.59,0.3131238,0,0,1776125001282,True,True
0,86.59,1.84897467,0,0,1776125001282,True,True
0,86.53,0.83333333,0,0,1776125015782,True,True
0,86.52,0.18526121,0,0,1776125017547,True,True
0,86.5,0.04972,0,0,1776125018433,False,True
0,86.5,0.14028,0,0,1776125019096,False,True
0,86.5,0.17340705,0,0,1776125019096,False,True
0,86.49,25.50533534,0,0,1776125019096,False,True
0,86.49,9.78317761,0,0,1776125019096,False,True
0,86.49,0.049544,0,0,1776125021761,True,True
0,86.49,0.1905,0,0,1776125023837,False,True
0,86.5,0.1258161,0,0,1776125024539,True,True
0,86.51,7.7625,0,0,1776125024539,True,True
0,86.51,3.17165601,0,0,1776125024539,True,True
0,86.51,10.58257323,0,0,1776125024539,True,True
0,86.51,13.66989698,0,0,1776125024539,True,True
0,86.51,12.94099032,0,0,1776125024539,True,True
0,86.52,7.7625,0,0,1776125024539,True,True
0,86.52,27.69000664,0,0,1776125024539,True,True
0,86.52,16.29406072,0,0,1776125024539,True,True
0,86.51,7.7625,0,0,1776125026035,False,True
0,86.51,11.07403436,0,0,1776125026035,False,True
0,86.52,3.0,0,0,1776125031179,False,True
0,86.53,0.03391,0,0,1776125039078,True,True
0,86.53,0.27683295,0,0,1776125050091,True,True
0,86.54,0.04675424,0,0,1776125050091,True,True
0,86.53,0.30998202,0,0,1776125050161,True,True
0,86.53,0.3017932,0,0,1776125050161,True,True
0,86.53,0.21267,0,0,1776125051243,True,True
0,86.52,0.03259361,0,0,1776125054117,True,True
0,86.51,0.17340706,0,0,1776125061073,True,True
0,86.52,3.06960513,0,0,1776125061073,True,True
0,86.52,0.06313092,0,0,1776125061073,True,True
0,86.53,1.53148545,0,0,1776125061073,True,True
0,86.52,0.02239,0,0,1776125061966,True,True
0,86.52,0.19794,0,0,1776125062641,True,True
0,86.53,0.11111522,0,0,1776125073023,True,True
0,86.53,0.10488,0,0,1776125074237,True,True
0,86.52,12.0,0,0,1776125078424,False,True
0,86.52,3.26913107,0,0,1776125078424,False,True
0,86.52,7.42256893,0,0,1776125078424,False,True
0,86.51,0.01234588,0,0,1776125087672,False,True
0,86.53,0.22386,0,0,1776125088911,True,True
0,86.5,0.25,0,0,1776125094732,False,True
0,86.5,0.02267,0,0,1776125097033,True,True
0,86.5,0.01634997,0,0,1776125108680,True,True
0,86.48,0.06706753,0,0,1776125119496,False,True
0,86.44,0.28393909,0,0,1776125122029,True,True
0,86.45,7.7625,0,0,1776125122029,True,True
0,86.46,3.31193091,0,0,1776125122029,True,True
0,86.44,0.18252216,0,0,1776125128460,False,True
0,86.41,0.11304745,0,0,1776125134989,False,True
0,86.4,1.75079525,0,0,1776125138468,False,True
0,86.4,7.7625,0,0,1776125138468,False,True
0,86.39,7.7625,0,0,1776125138468,False,True
0,86.39,12.0,0,0,1776125138468,False,True
0,86.39,99.915,0,0,1776125138468,False,True
0,86.39,20.80920475,0,0,1776125138468,False,True
0,86.39,50.0,0,0,1776125138468,False,True
0,86.39,31.26316651,0,0,1776125138468,False,True
0,86.39,3.11996629,0,0,1776125138468,False,True
0,86.39,15.6168672,0,0,1776125138468,False,True
0,86.39,50.0,0,0,1776125138468,False,True
0,86.39,15.19393242,0,0,1776125138468,False,True
0,86.39,34.80606758,0,0,1776125138468,False,True
0,86.39,50.0,0,0,1776125138468,False,True
0,86.42,0.2186995,0,0,1776125146194,False,True
0,86.43,0.83552245,0,0,1776125166023,True,True
0,86.43,0.3239241,0,0,1776125170487,True,True
0,86.43,0.86244364,0,0,1776125179580,True,True
0,86.43,0.04587,0,0,1776125195421,True,True
0,86.42,0.019,0,0,1776125198126,False,True
0,86.42,2.24623755,0,0,1776125201695,False,True
0,86.42,0.0342,0,0,1776125210046,True,True
0,86.42,0.23060098,0,0,1776125213144,False,True
0,86.41,0.11318,0,0,1776125215392,True,True
0,86.42,23.36843,0,0,1776125233123,False,True
0,86.44,2.43211073,0,0,1776125237679,True,True
0,86.44,1.46430863,0,0,1776125237679,True,True
0,86.44,0.46018711,0,0,1776125237679,True,True
0,86.44,0.27755383,0,0,1776125237679,True,True
0,86.44,7.7625,0,0,1776125237679,True,True
0,86.44,3.34952195,0,0,1776125237679,True,True
0,86.45,2.50394775,0,0,1776125237679,True,True
0,86.43,1.6978007,0,0,1776125250290,False,True
0,86.43,107.559,0,0,1776125250290,False,True
0,86.43,102.28946085,0,0,1776125250290,False,True
0,86.43,2.42930005,0,0,1776125250290,False,True
0,86.43,115.69322674,0,0,1776125250290,False,True
0,86.43,81.01224335,0,0,1776125250290,False,True
0,86.42,7.7625,0,0,1776125250290,False,True
0,86.42,79.142732,0,0,1776125250290,False,True
0,86.42,16.84232438,0,0,1776125250290,False,True
0,86.42,173.555,0,0,1776125250290,False,True
0,86.42,173.37,0,0,1776125250290,False,True
0,86.42,8.5,0,0,1776125250290,False,True
0,86.41,0.06712186,0,0,1776125250290,False,True
0,86.41,7.7625,0,0,1776125250290,False,True
0,86.41,26.602958,0,0,1776125250290,False,True
0,86.41,24.25247021,0,0,1776125250290,False,True
0,86.41,25.50533534,0,0,1776125250290,False,True
0,86.41,0.17358767,0,0,1776125250290,False,True
0,86.4,7.7625,0,0,1776125250290,False,True
0,86.4,24.25247021,0,0,1776125250290,False,True
0,86.4,55.53910184,0,0,1776125250290,False,True
0,86.4,12.0,0,0,1776125250290,False,True
0,86.4,77.667852,0,0,1776125250290,False,True
0,86.4,24.98208961,0,0,1776125250290,False,True
0,86.43,1.61864355,0,0,1776125252969,False,True
0,86.43,10.83875645,0,0,1776125252969,False,True
0,86.44,0.83333333,0,0,1776125256073,True,True
0,86.44,1.40692098,0,0,1776125261392,True,True
0,86.44,0.32138749,0,0,1776125261392,True,True
0,86.45,12.08584591,0,0,1776125261392,True,True
0,86.45,2.98530509,0,0,1776125261392,True,True
0,86.45,6.07980961,0,0,1776125261393,True,True
0,86.45,6.04292296,0,0,1776125261393,True,True
0,86.45,12.0858459,0,0,1776125261394,True,True
0,86.45,12.0858459,0,0,1776125261394,True,True
0,86.45,2.40413313,0,0,1776125261394,True,True
0,86.45,6.04292295,0,0,1776125261395,True,True
0,86.45,6.04292295,0,0,1776125261395,True,True
0,86.45,31.64049785,0,0,1776125261399,True,True
0,86.45,16.15120215,0,0,1776125261399,True,True
0,86.45,1.15247887,0,0,1776125261404,True,True
0,86.46,15.0,0,0,1776125261406,True,True
0,86.48,0.3203,0,0,1776125261426,True,True
0,86.48,5.182e-05,0,0,1776125261435,True,True
0,86.49,6.0,0,0,1776125261458,True,True
0,86.5,5.78034682,0,0,1776125261475,True,True
0,86.5,130.45156964,0,0,1776125261475,True,True
0,86.57,0.1,0,0,1776125264637,False,True
0,86.55,1.58287103,0,0,1776125264966,False,True
0,86.55,0.40888897,0,0,1776125264966,False,True
0,86.57,0.3182101,0,0,1776125265174,True,True
0,86.57,0.0179299,0,0,1776125265174,True,True
0,86.56,0.31967415,0,0,1776125277856,True,True
0,86.56,0.00376353,0,0,1776125277856,True,True
0,86.55,1.25642,0,0,1776125280904,False,True
0,86.57,0.06260829,0,0,1776125286270,False,True
0,86.57,5.47411,0,0,1776125287867,False,True
0,86.47,0.31837705,0,0,1776125313297,True,True
0,86.47,0.17359769,0,0,1776125313297,True,True
0,86.48,2.84433288,0,0,1776125313297,True,True
0,86.48,5.64744496,0,0,1776125313297,True,True
0,86.47,0.31744339,0,0,1776125316051,True,True
0,86.47,2.18813524,0,0,1776125316051,True,True
0,86.47,0.31644591,0,0,1776125319119,True,True
0,86.47,50.63729525,0,0,1776125319119,True,True
0,86.46,0.06708304,0,0,1776125334519,False,True
0,86.46,1.60926417,0,0,1776125345346,False,True
0,86.46,10.09759324,0,0,1776125345346,False,True
0,86.47,0.27408349,0,0,1776125345347,True,True
0,86.39,0.04200467,0,0,1776125363179,True,True
0,86.39,0.06303533,0,0,1776125363179,True,True
0,86.39,0.11129884,0,0,1776125365169,True,True
0,86.38,0.02954,0,0,1776125365625,False,True
0,86.38,0.32411158,0,0,1776125394840,True,True
0,86.37,1.81252298,0,0,1776125406635,True,True
0,86.35,0.15,0,0,1776125407712,False,True
0,86.37,0.31561485,0,0,1776125412973,True,True
0,86.38,0.29815515,0,0,1776125412973,True,True
0,86.38,1.84107569,0,0,1776125421200,True,True
0,86.38,0.47817431,0,0,1776125421200,True,True
0,86.38,0.15899,0,0,1776125426715,True,True
0,86.38,0.36671,0,0,1776125443943,True,True
0,86.38,2.03424392,0,0,1776125453911,True,True
0,86.38,0.66243608,0,0,1776125453911,True,True
0,86.37,0.03149606,0,0,1776125472786,True,True
0,86.38,11.91204049,0,0,1776125487416,True,True
0,86.38,0.28367182,0,0,1776125487416,True,True
0,86.38,2.26538769,0,0,1776125487416,True,True
0,86.37,0.83333333,0,0,1776125496358,True,True
0,86.36,0.06716072,0,0,1776125498169,False,True
0,86.36,0.43204029,0,0,1776125498169,False,True
0,86.35,0.23161551,0,0,1776125503041,False,True
0,86.33,1.61297614,0,0,1776125503041,False,True
0,86.32,5.9172778,0,0,1776125503041,False,True
0,86.33,0.88353213,0,0,1776125505332,False,True
0,86.33,0.87993516,0,0,1776125507668,True,True
0,86.32,0.31994563,0,0,1776125508967,True,True
0,86.32,0.004241,0,0,1776125508967,True,True
0,86.32,0.62423886,0,0,1776125533588,False,True
0,86.31,4.49365217,0,0,1776125533588,False,True
0,86.32,1.49136875,0,0,1776125534339,False,True
0,86.31,3.26884783,0,0,1776125534339,False,True
0,86.31,1.22113342,0,0,1776125534339,False,True
0,86.31,13.79547773,0,0,1776125541659,False,True
0,86.33,0.32721,0,0,1776125550222,True,True
0,86.31,2.367496,0,0,1776125556104,False,True
0,86.31,1.63748997,0,0,1776125558252,False,True
0,86.32,0.68999864,0,0,1776125565516,True,True
0,86.35,0.231723,0,0,1776125567856,True,True
0,86.35,0.11466,0,0,1776125572228,True,True
0,86.35,0.27073,0,0,1776125575459,True,True
0,86.34,4.30328,0,0,1776125575931,False,True
0,86.34,0.03528,0,0,1776125580305,False,True
0,86.34,4.42956401,0,0,1776125580522,False,True
0,86.35,1.382887,0,0,1776125581453,True,True
0,86.38,0.385,0,0,1776125591511,False,True
0,86.38,7.47495056,0,0,1776125595590,False,True
0,86.37,0.13854,0,0,1776125603184,True,True
0,86.37,0.01463007,0,0,1776125604105,True,True
0,86.4,5.7899,0,0,1776125610789,True,True
0,86.4,0.32407407,0,0,1776125619927,True,True
0,86.4,3.88602593,0,0,1776125620466,True,True
0,86.4,1.63748997,0,0,1776125620466,True,True
0,86.5,0.17563911,0,0,1776125630027,True,True
0,86.51,0.04669499,0,0,1776125630027,True,True
0,86.47,0.2785561,0,0,1776125653647,True,True
0,86.48,0.04816783,0,0,1776125654872,True,True
0,86.49,0.11984217,0,0,1776125654872,True,True
0,86.53,0.21306359,0,0,1776125663472,True,True
0,86.53,5.39066,0,0,1776125665110,True,True
0,86.5,0.05780347,0,0,1776125668008,True,True
0,86.49,0.03883244,0,0,1776125680083,False,True
0,86.5,0.13970627,0,0,1776125681302,True,True
0,86.52,1.02484373,0,0,1776125681302,True,True
0,86.52,1.00082596,0,0,1776125692209,False,True
0,86.52,1.02401492,0,0,1776125693667,False,True
0,86.58,0.32657411,0,0,1776125696660,True,True
0,86.58,6.0768,0,0,1776125697295,False,True
0,86.58,0.26644,0,0,1776125702522,True,True
0,86.58,0.781,0,0,1776125711414,True,True
0,86.56,0.02863559,0,0,1776125716517,False,True
0,86.59,4.6203,0,0,1776125725874,True,True
0,86.59,2.68961627,0,0,1776125725874,True,True
0,86.62,4.61078,0,0,1776125725959,False,True
0,86.65,14.91107033,0,0,1776125730232,True,True
0,86.69,0.32340032,0,0,1776125734072,True,True
0,86.69,1.02203253,0,0,1776125734650,True,True
0,86.69,0.83333333,0,0,1776125736632,True,True
0,86.67,0.37446605,0,0,1776125736843,False,True
0,86.69,1.50509281,0,0,1776125743962,False,True
0,86.7,4.0,0,0,1776125747139,True,True
0,86.73,0.05520398,0,0,1776125747139,True,True
0,86.73,3.32076315,0,0,1776125747139,True,True
0,86.74,7.7625,0,0,1776125747139,True,True
0,86.74,31.89683391,0,0,1776125747139,True,True
0,86.71,0.10648,0,0,1776125749147,True,True
0,86.7,7.03551148,0,0,1776125756100,False,True
0,86.69,0.01171732,0,0,1776125761579,False,True
0,86.73,3.16862346,0,0,1776125771972,False,True
0,86.73,2.64696654,0,0,1776125771972,False,True
0,86.74,15.64775627,0,0,1776125772205,True,True
0,86.69,0.10725,0,0,1776125782594,False,True
0,86.69,5.97139164,0,0,1776125785234,False,True
0,86.67,3.59249643,0,0,1776125788120,False,True
0,86.69,0.21524179,0,0,1776125790755,True,True
0,86.69,9.78475821,0,0,1776125790755,True,True
0,86.67,6.06342002,0,0,1776125791085,False,True
0,86.7,0.32062303,0,0,1776125801418,True,True
0,86.7,3.40045743,0,0,1776125801418,True,True
0,86.71,6.27891954,0,0,1776125801418,True,True
0,86.67,0.31963584,0,0,1776125809848,True,True
0,86.67,7.7625,0,0,1776125809848,True,True
0,86.67,3.01210171,0,0,1776125809848,True,True
0,86.68,6.21207222,0,0,1776125809848,True,True
0,86.68,10.0,0,0,1776125812902,True,True
0,86.68,1.07229,0,0,1776125817492,True,True
0,86.73,0.3176277,0,0,1776125824508,True,True
0,86.74,7.7625,0,0,1776125824508,True,True
0,86.75,0.03391465,0,0,1776125824508,True,True
0,86.75,2.82307765,0,0,1776125824508,True,True
0,86.74,0.03979,0,0,1776125843971,True,True
0,86.71,0.32276657,0,0,1776125848044,True,True
0,86.7,0.01172188,0,0,1776125849733,False,True
0,86.73,0.55529711,0,0,1776125870762,True,True
0,86.65,0.17311021,0,0,1776125894201,False,True
0,86.64,0.03171293,0,0,1776125894532,False,True
0,86.61,0.17319015,0,0,1776125895609,False,True
0,86.6,69.81730985,0,0,1776125895609,False,True
0,86.66,0.02077664,0,0,1776125915046,False,True
0,86.62,0.03171293,0,0,1776125922939,False,True
0,86.62,0.049544,0,0,1776125926531,False,True
0,86.5,0.04955465,0,0,1776125950840,False,True
0,86.51,0.16095,0,0,1776125952697,True,True
0,86.5,0.37414,0,0,1776125958805,True,True
0,86.5,0.31530526,0,0,1776125960820,True,True
0,86.5,0.00839416,0,0,1776125960820,True,True
0,86.5,0.05908,0,0,1776125965254,False,True
0,86.51,0.31452516,0,0,1776125965533,True,True
0,86.5,0.70074236,0,0,1776125967100,False,True
0,86.51,0.31273261,0,0,1776125975540,True,True
0,86.52,0.14775739,0,0,1776125975540,True,True
0,86.51,0.31178122,0,0,1776125976934,True,True
0,86.52,0.52155211,0,0,1776125976934,True,True
0,86.53,0.21274,0,0,1776125985972,True,True
0,86.51,0.09774798,0,0,1776125991344,True,True
0,86.51,0.01703643,0,0,1776125991344,True,True
0,86.51,0.87174606,0,0,1776125992799,True,True
0,86.5,0.33200028,0,0,1776126023738,True,True
0,86.5,0.84760537,0,0,1776126024020,False,True
0,86.49,1.27913463,0,0,1776126024020,False,True
0,86.51,0.06937203,0,0,1776126032238,False,True
0,86.52,0.04668786,0,0,1776126034892,True,True
0,86.46,0.03469412,0,0,1776126067066,True,True
0,86.46,0.02248,0,0,1776126070539,False,True
0,86.47,0.03157894,0,0,1776126072616,True,True
0,86.46,16.58271912,0,0,1776126073685,False,True
0,86.47,0.61097,0,0,1776126075651,True,True
0,86.46,0.28048899,0,0,1776126083766,True,True
0,86.47,0.04332273,0,0,1776126083766,True,True
0,86.46,0.34591169,0,0,1776126086434,True,True
0,86.46,0.0584,0,0,1776126088586,False,True
0,86.46,5.97793363,0,0,1776126089858,False,True
0,86.34,0.019,0,0,1776126107678,False,True
0,86.34,1.61668,0,0,1776126109066,True,True
0,86.34,7.7625,0,0,1776126121983,False,True
0,86.34,1.63705386,0,0,1776126121983,False,True
0,86.34,115.82117211,0,0,1776126121983,False,True
0,86.33,7.7625,0,0,1776126121983,False,True
0,86.33,4.36787189,0,0,1776126121983,False,True
0,86.32,7.7625,0,0,1776126121983,False,True
0,86.32,22.699395,0,0,1776126121983,False,True
0,86.32,81.081808,0,0,1776126121983,False,True
0,86.32,25.50533534,0,0,1776126121983,False,True
0,86.32,98.405,0,0,1776126121983,False,True
0,86.32,78.38204764,0,0,1776126121983,False,True
0,86.34,0.035,0,0,1776126132937,False,True
0,86.35,0.42902,0,0,1776126141476,True,True
0,86.35,0.11466,0,0,1776126152736,True,True
0,86.33,0.34459016,0,0,1776126167376,True,True
0,86.33,1.93685309,0,0,1776126167376,True,True
0,86.32,1.64958596,0,0,1776126173155,False,True
0,86.32,6.3226784,0,0,1776126173155,False,True
0,86.33,0.10761,0,0,1776126174758,True,True
0,86.31,0.06719962,0,0,1776126189470,False,True
0,86.28,0.06619,0,0,1776126190143,False,True
0,86.29,0.10616,0,0,1776126196300,True,True
0,86.28,0.614654,0,0,1776126200329,False,True
0,86.28,0.309403,0,0,1776126200669,False,True
0,86.28,0.212867,0,0,1776126202445,False,True
0,86.3,0.32448719,0,0,1776126206524,True,True
0,86.3,9.67551281,0,0,1776126212234,True,True
0,86.32,0.83333333,0,0,1776126217224,True,True
0,86.31,0.064941,0,0,1776126223020,False,True
0,86.32,0.05070498,0,0,1776126254849,True,True
0,86.32,0.23745164,0,0,1776126263960,True,True
0,86.32,0.27679,0,0,1776126264286,True,True
0,86.32,0.03773149,0,0,1776126266855,True,True
0,86.32,0.03518851,0,0,1776126266855,True,True
0,86.32,14.96481149,0,0,1776126273675,True,True
0,86.34,0.13429025,0,0,1776126273676,True,True
0,86.35,2.02591406,0,0,1776126273676,True,True
0,86.35,0.34616,0,0,1776126273676,True,True
0,86.35,7.7625,0,0,1776126273676,True,True
0,86.36,7.7625,0,0,1776126273676,True,True
0,86.34,0.21377,0,0,1776126273678,True,True
0,86.36,2.92576633,0,0,1776126273682,True,True
0,86.37,15.0,0,0,1776126275847,False,True
0,86.38,0.22979856,0,0,1776126276742,True,True
0,86.36,4.1133,0,0,1776126278167,False,True
0,86.37,0.11509391,0,0,1776126283932,True,True
0,86.38,0.10915609,0,0,1776126283932,True,True
0,86.34,0.02374,0,0,1776126289757,False,True
0,86.31,0.05780347,0,0,1776126311960,False,True
0,86.32,0.34342919,0,0,1776126314135,True,True
0,86.33,0.19366081,0,0,1776126314135,True,True
0,86.31,0.01634784,0,0,1776126317228,False,True
0,86.31,0.06814216,0,0,1776126317228,False,True
0,86.33,1.81878715,0,0,1776126317703,True,True
0,86.35,7.1608,0,0,1776126317819,False,True
0,86.36,0.32433684,0,0,1776126319615,True,True
0,86.36,0.01710239,0,0,1776126325361,True,True
0,86.36,0.24542761,0,0,1776126325361,True,True
0,86.36,0.32433684,0,0,1776126328052,True,True
0,86.37,0.22774424,0,0,1776126328052,True,True
0,86.36,0.05,0,0,1776126345352,False,True
0,86.37,0.34028363,0,0,1776126354655,True,True
0,86.37,0.04545637,0,0,1776126354655,True,True
0,86.36,0.06716072,0,0,1776126356873,False,True
0,86.35,115.80446389,0,0,1776126356873,False,True
0,86.34,7.7625,0,0,1776126356873,False,True
0,86.34,4.91587539,0,0,1776126356873,False,True
0,86.37,2.95759024,0,0,1776126358898,True,True
0,86.35,0.049488,0,0,1776126367607,True,True
0,86.34,24.305349,0,0,1776126376008,False,True
0,86.34,1.55567473,0,0,1776126376008,False,True
0,86.3,0.03741784,0,0,1776126390992,True,True
0,86.28,4.22997,0,0,1776126407913,False,True
0,86.27,0.29565774,0,0,1776126412962,True,True
0,86.28,1.07742,0,0,1776126415007,True,True
0,86.27,0.89908539,0,0,1776126417459,True,True
0,86.26,0.735609,0,0,1776126431684,False,True
0,86.26,0.06723858,0,0,1776126434084,False,True
0,86.26,1.17912642,0,0,1776126434084,False,True
0,86.24,0.062635,0,0,1776126435105,False,True
0,86.24,0.03391465,0,0,1776126435307,False,True
0,86.24,0.02852135,0,0,1776126435307,False,True
0,86.24,0.32456242,0,0,1776126440828,True,True
0,86.24,0.34677031,0,0,1776126449990,True,True
0,86.24,0.22053547,0,0,1776126449990,True,True
0,86.23,0.28945842,0,0,1776126451089,False,True
0,86.23,0.03391628,0,0,1776126451089,False,True
0,86.23,4.3685253,0,0,1776126451089,False,True
0,86.23,1.1935,0,0,1776126451731,False,True
0,86.24,0.34556733,0,0,1776126455045,True,True
0,86.24,0.38666267,0,0,1776126455045,True,True
0,86.25,0.83333333,0,0,1776126457513,True,True
0,86.25,0.28702,0,0,1776126459798,True,True
0,86.26,0.185238,0,0,1776126467772,False,True
0,86.26,0.089728,0,0,1776126467843,False,True
0,86.27,0.34439904,0,0,1776126479720,True,True
0,86.27,0.23703096,0,0,1776126479720,True,True
0,86.22,0.03391789,0,0,1776126497769,False,True
0,86.22,0.23196474,0,0,1776126497769,False,True
0,86.22,22.48181737,0,0,1776126497769,False,True
0,86.22,9.063e-05,0,0,1776126497775,False,True
0,86.21,0.28952557,0,0,1776126497775,False,True
0,86.21,0.0339195,0,0,1776126497775,False,True
0,86.2,0.03392111,0,0,1776126497877,False,True
0,86.19,0.28959276,0,0,1776126497877,False,True
0,86.19,0.05981915,0,0,1776126497877,False,True
0,86.19,0.03392273,0,0,1776126497877,False,True
0,86.19,0.23554014,0,0,1776126497877,False,True
0,86.19,12.0,0,0,1776126497877,False,True
0,86.19,1.28371377,0,0,1776126499484,True,True
0,86.18,0.03392434,0,0,1776126500055,False,True
0,86.17,0.07876686,0,0,1776126500055,False,True
0,86.18,0.37539,0,0,1776126500647,True,True
0,86.17,0.21100916,0,0,1776126522884,False,True
0,86.17,0.00205443,0,0,1776126522884,False,True
0,86.18,0.11488,0,0,1776126525042,True,True
0,86.18,0.09874234,0,0,1776126525729,True,True
0,86.18,0.12661413,0,0,1776126536304,True,True
0,86.18,0.19502587,0,0,1776126536304,True,True
0,86.19,0.1160362,0,0,1776126542752,True,True
0,86.21,0.03156551,0,0,1776126548362,True,True
0,86.19,0.2234866,0,0,1776126550910,True,True
0,86.19,0.1013017,0,0,1776126550910,True,True
0,86.18,0.02317,0,0,1776126553841,False,True
0,86.19,1.453068,0,0,1776126556595,True,True
0,86.18,0.2,0,0,1776126571826,False,True
0,86.19,0.3372448,0,0,1776126584986,True,True
0,86.19,0.1941552,0,0,1776126584986,True,True
0,86.19,0.33616023,0,0,1776126588734,True,True
0,86.2,0.20173977,0,0,1776126588734,True,True
0,86.22,7.90671065,0,0,1776126601717,False,True
0,86.21,0.05742,0,0,1776126616035,True,True
0,86.21,0.76614,0,0,1776126617985,False,True
0,86.23,2.14675399,0,0,1776126618469,True,True
0,86.23,0.14014371,0,0,1776126618469,True,True
0,86.23,17.7131023,0,0,1776126618469,True,True
0,86.23,5.67488,0,0,1776126622782,True,True
0,86.2,0.09819,0,0,1776126625992,False,True
0,86.21,0.11983,0,0,1776126634614,False,True
0,86.22,0.014,0,0,1776126638256,False,True
0,86.22,0.014,0,0,1776126640822,False,True
0,86.23,2.23454462,0,0,1776126643652,True,True
0,86.21,0.32471297,0,0,1776126666936,True,True
0,86.2,0.014,0,0,1776126667717,False,True
0,86.21,0.01459,0,0,1776126670050,True,True
0,86.2,16.54363203,0,0,1776126694274,False,True
0,86.18,0.83333333,0,0,1776126697801,True,True
0,86.18,0.035715,0,0,1776126700944,True,True
0,86.17,0.01198,0,0,1776126705255,False,True
0,86.17,0.01989152,0,0,1776126709861,False,True
0,86.16,0.03392758,0,0,1776126709861,False,True
0,86.15,0.28995937,0,0,1776126712416,False,True
0,86.15,0.03392919,0,0,1776126712416,False,True
0,86.14,0.0339308,0,0,1776126712727,False,True
0,86.13,0.2900267,0,0,1776126712727,False,True
0,86.13,0.03393243,0,0,1776126712727,False,True
0,86.13,0.21061007,0,0,1776126712727,False,True
0,86.13,0.01217,0,0,1776126714673,False,True
0,86.13,0.022,0,0,1776126714673,False,True
0,86.13,2.97619047,0,0,1776126714673,False,True
0,86.13,8.3893859,0,0,1776126714673,False,True
0,86.12,0.03393404,0,0,1776126714673,False,True
0,86.12,0.04381577,0,0,1776126714673,False,True
0,86.12,0.17412875,0,0,1776126714673,False,True
0,86.11,0.29009406,0,0,1776126714673,False,True
0,86.11,0.03393567,0,0,1776126714673,False,True
0,86.1,0.2,0,0,1776126714673,False,True
0,86.1,0.03393728,0,0,1776126714673,False,True
0,86.09,0.2900453,0,0,1776126714673,False,True
0,86.09,0.03393891,0,0,1776126714673,False,True
0,86.09,7.7625,0,0,1776126714673,False,True
0,86.09,1.80315709,0,0,1776126714673,False,True
0,86.09,0.50958086,0,0,1776126714673,False,True
0,86.09,96.72167009,0,0,1776126714673,False,True
0,86.09,19.43034362,0,0,1776126714673,False,True
0,86.09,60.098,0,0,1776126714673,False,True
0,86.08,0.03394052,0,0,1776126714673,False,True
0,86.08,7.7625,0,0,1776126714673,False,True
0,86.08,0.17420967,0,0,1776126714673,False,True
0,86.08,12.0,0,0,1776126714673,False,True
0,86.08,85.71240947,0,0,1776126714673,False,True
0,86.08,88.41659053,0,0,1776126714673,False,True
0,86.08,43.69990785,0,0,1776126714673,False,True
0,86.08,82.8908368,0,0,1776126714673,False,True
0,86.07,0.29022888,0,0,1776126714673,False,True
0,86.07,0.03394215,0,0,1776126714673,False,True
0,86.07,7.7625,0,0,1776126714673,False,True
0,86.07,32.03803493,0,0,1776126714673,False,True
0,86.07,167.41539274,0,0,1776126714673,False,True
0,86.07,6.46760726,0,0,1776126714673,False,True
0,86.07,25.50533534,0,0,1776126714673,False,True
0,86.07,0.25,0,0,1776126714673,False,True
0,86.07,98.11980229,0,0,1776126714673,False,True
0,86.07,28.21738211,0,0,1776126714673,False,True
0,86.07,114.35055165,0,0,1776126714673,False,True
0,86.07,116.13573285,0,0,1776126714673,False,True
0,86.06,0.03394376,0,0,1776126714673,False,True
0,86.06,7.7625,0,0,1776126714673,False,True
0,86.06,24.52608063,0,0,1776126714673,False,True
0,86.05,0.34538059,0,0,1776126714673,False,True
0,86.05,0.29018012,0,0,1776126714673,False,True
0,86.05,0.03394539,0,0,1776126714673,False,True
0,86.05,7.7625,0,0,1776126714673,False,True
0,86.05,290.31727068,0,0,1776126714673,False,True
0,86.04,0.033947,0,0,1776126714673,False,True
0,86.04,7.7625,0,0,1776126714673,False,True
0,86.04,126.59074465,0,0,1776126714673,False,True
0,86.04,188.5599533,0,0,1776126714673,False,True
0,86.03,0.03394863,0,0,1776126714673,False,True
0,86.03,0.34546088,0,0,1776126714673,False,True
0,86.03,0.29024758,0,0,1776126714673,False,True
0,86.03,7.7625,0,0,1776126714673,False,True
0,86.03,24.52608063,0,0,1776126714673,False,True
0,86.03,7.38256273,0,0,1776126714673,False,True
0,86.03,189.50452058,0,0,1776126714673,False,True
0,86.09,0.7,0,0,1776126714868,False,True
0,86.09,0.93520253,0,0,1776126719801,False,True
0,86.09,16.4884239,0,0,1776126719801,False,True
0,86.1,149.30397991,0,0,1776126720658,True,True
0,86.1,37.41084269,0,0,1776126720693,True,True
0,86.1,115.48930289,0,0,1776126720693,True,True
0,86.13,87.483,0,0,1776126722107,False,True
0,86.13,25.50533534,0,0,1776126722107,False,True
0,86.13,4.78000804,0,0,1776126722107,False,True
0,86.13,7.7625,0,0,1776126722107,False,True
0,86.13,116.10356437,0,0,1776126722107,False,True
0,86.12,1.59145957,0,0,1776126722107,False,True
0,86.12,25.50533534,0,0,1776126722107,False,True
0,86.12,7.7625,0,0,1776126722107,False,True
0,86.12,126.59074465,0,0,1776126722107,False,True
0,86.12,20.0,0,0,1776126722107,False,True
0,86.12,12.0,0,0,1776126722107,False,True
0,86.11,7.7625,0,0,1776126722107,False,True
0,86.11,20.0,0,0,1776126722107,False,True
0,86.11,24.52608063,0,0,1776126722107,False,True
0,86.1,7.7625,0,0,1776126722107,False,True
0,86.1,174.176,0,0,1776126722107,False,True
0,86.1,20.0,0,0,1776126722107,False,True
0,86.1,45.85440584,0,0,1776126722107,False,True
0,86.1,173.908,0,0,1776126722107,False,True
0,86.1,10.202838,0,0,1776126722107,False,True
0,86.1,0.05800921,0,0,1776126722107,False,True
0,86.09,24.52608063,0,0,1776126722107,False,True
0,86.09,22.59578392,0,0,1776126722107,False,True
0,86.09,9.6,0,0,1776126722107,False,True
0,86.09,7.7625,0,0,1776126722107,False,True
0,86.09,158.22297037,0,0,1776126722107,False,True
0,86.09,290.13391823,0,0,1776126722107,False,True
0,86.08,7.7625,0,0,1776126722107,False,True
0,86.08,126.59074465,0,0,1776126722107,False,True
0,86.07,7.7625,0,0,1776126722107,False,True
0,86.07,0.25,0,0,1776126722107,False,True
0,86.06,3.54945284,0,0,1776126722107,False,True
0,86.13,1.13867,0,0,1776126724145,True,True
0,86.12,0.11610356,0,0,1776126730601,True,True
0,86.13,0.21851414,0,0,1776126731533,True,True
0,86.15,0.01681586,0,0,1776126731533,True,True
0,86.11,1.23666191,0,0,1776126733068,False,True
0,86.09,70.0,0,0,1776126744414,True,True
0,86.12,70.0,0,0,1776126749819,False,True
0,86.13,0.27226285,0,0,1776126751980,True,True
0,86.12,1.56815516,0,0,1776126753290,False,True
0,86.12,7.7625,0,0,1776126753290,False,True
0,86.12,116.11413009,0,0,1776126753290,False,True
0,86.12,12.92161536,0,0,1776126753290,False,True
0,86.12,126.86828234,0,0,1776126753290,False,True
0,86.11,7.7625,0,0,1776126753290,False,True
0,86.11,12.0,0,0,1776126753290,False,True
0,86.11,24.43613508,0,0,1776126753290,False,True
0,86.1,7.7625,0,0,1776126753290,False,True
0,86.1,15.64775627,0,0,1776126753290,False,True
0,86.1,174.211,0,0,1776126753290,False,True
0,86.1,25.50533534,0,0,1776126753290,False,True
0,86.1,104.502,0,0,1776126753290,False,True
0,86.09,7.7625,0,0,1776126753290,False,True
0,86.09,45.85440584,0,0,1776126753290,False,True
0,86.09,32.03100003,0,0,1776126753290,False,True
0,86.09,24.52608063,0,0,1776126753290,False,True
0,86.09,29.00667611,0,0,1776126753290,False,True
0,86.09,10.6,0,0,1776126753290,False,True
0,86.09,0.03868517,0,0,1776126753290,False,True
0,86.08,7.7625,0,0,1776126753290,False,True
0,86.08,173.918,0,0,1776126753290,False,True
0,86.08,0.25,0,0,1776126753290,False,True
0,86.08,10.202838,0,0,1776126753290,False,True
0,86.08,126.86828234,0,0,1776126753290,False,True
0,86.07,7.7625,0,0,1776126753290,False,True
0,86.07,24.52608063,0,0,1776126753290,False,True
0,86.07,16.05215725,0,0,1776126753290,False,True
0,86.07,290.1816433,0,0,1776126753290,False,True
0,86.06,4.21304716,0,0,1776126753290,False,True
0,86.06,477.39507503,0,0,1776126753290,False,True
0,86.14,2.70451,0,0,1776126761914,True,True
0,86.14,0.11244,0,0,1776126776090,True,True
0,86.14,0.32505224,0,0,1776126778871,True,True
0,86.13,0.1125,0,0,1776126782107,True,True
0,86.08,0.019,0,0,1776126796012,False,True
0,86.08,10.81504869,0,0,1776126801688,False,True
0,86.09,0.37605,0,0,1776126805029,True,True
0,86.08,1.16595131,0,0,1776126807465,False,True
0,86.08,7.7625,0,0,1776126807465,False,True
0,86.08,49.07154869,0,0,1776126807465,False,True
0,86.09,0.07875,0,0,1776126813786,True,True
0,86.09,58.0,0,0,1776126819953,False,True
0,86.09,0.01249,0,0,1776126821276,False,True
0,86.1,0.40782938,0,0,1776126822126,True,True
0,86.1,0.43126417,0,0,1776126822126,True,True
0,86.09,58.0,0,0,1776126829961,False,True
0,86.11,0.32524102,0,0,1776126842225,True,True
0,86.09,7.7625,0,0,1776126842963,False,True
0,86.09,50.2375,0,0,1776126842963,False,True
0,86.09,0.126844,0,0,1776126857289,True,True
0,86.08,0.02322,0,0,1776126858229,False,True
0,86.09,0.27902221,0,0,1776126860558,True,True
0,86.09,0.25951779,0,0,1776126860558,True,True
0,86.08,0.21531,0,0,1776126877975,False,True
0,86.08,0.019,0,0,1776126885733,False,True
0,86.08,0.87819946,0,0,1776126886622,False,True
0,86.08,0.28351058,0,0,1776126886622,False,True
0,86.09,0.32524102,0,0,1776126896773,True,True
0,86.09,1.87805241,0,0,1776126897508,True,True
0,86.1,0.40483548,0,0,1776126897508,True,True
0,86.11,49.70011211,0,0,1776126897508,True,True
0,86.1,0.30044,0,0,1776126902724,True,True
0,86.08,3.45406,0,0,1776126905091,False,True
0,86.09,1.53745649,0,0,1776126926259,False,True
0,86.09,4.79263458,0,0,1776126926259,False,True
0,86.09,0.33175,0,0,1776126926759,False,True
0,86.09,0.05806526,0,0,1776126932717,False,True
0,86.1,0.03657,0,0,1776126932840,True,True
0,86.1,0.32520325,0,0,1776126933352,True,True
0,86.1,0.0117,0,0,1776126933734,True,True
0,86.09,0.019,0,0,1776126936866,False,True
0,86.1,0.83333333,0,0,1776126938087,True,True
0,86.1,0.89069242,0,0,1776126938344,True,True
0,86.12,4.53785758,0,0,1776126938344,True,True
0,86.13,1.53082293,0,0,1776126946788,False,True
0,86.13,11.08087707,0,0,1776126946788,False,True
0,86.13,6.7883,0,0,1776126946973,False,True
0,86.14,145.18665173,0,0,1776126949685,True,True
0,86.14,31.73739403,0,0,1776126949685,True,True
0,86.14,6.26260597,0,0,1776126949685,True,True
0,86.15,1.46567269,0,0,1776126960066,False,True
0,86.15,7.7625,0,0,1776126960066,False,True
0,86.15,1.64202404,0,0,1776126960066,False,True
0,86.16,0.5314,0,0,1776126960810,True,True
0,86.2,0.22656,0,0,1776126980038,False,True
0,86.19,2.51541367,0,0,1776126992446,True,True
0,86.23,9.16814917,0,0,1776127010414,True,True
0,86.26,0.34542073,0,0,1776127010751,True,True
0,86.32,26.13083468,0,0,1776127011953,False,True
0,86.33,0.56007728,0,0,1776127013380,False,True
0,86.35,0.32429928,0,0,1776127014800,True,True
0,86.37,0.035715,0,0,1776127020611,False,True
0,86.38,0.23024,0,0,1776127028666,True,True
0,86.36,0.02711,0,0,1776127031295,False,True
0,86.37,0.11551346,0,0,1776127032459,True,True
0,86.36,18.52709587,0,0,1776127035919,False,True
0,86.33,12.0,0,0,1776127035922,False,True
0,86.33,1.41002936,0,0,1776127035922,False,True
0,86.33,39.05582823,0,0,1776127035922,False,True
0,86.29,17.84333551,0,0,1776127037681,False,True
0,86.31,3.85818561,0,0,1776127038686,True,True
0,86.29,36.3898,0,0,1776127042943,False,True
0,86.3,1.49953692,0,0,1776127054716,True,True
0,86.3,0.30713561,0,0,1776127057299,False,True
0,86.33,0.53723,0,0,1776127063063,True,True
0,86.29,16.340248,0,0,1776127069399,True,True
0,86.3,0.11334,0,0,1776127075780,True,True
0,86.3,0.64584,0,0,1776127088932,True,True
0,86.32,1.6342,0,0,1776127089837,True,True
0,86.36,0.5663,0,0,1776127096600,True,True
0,86.35,1.37836993,0,0,1776127122228,False,True
0,86.35,0.02531426,0,0,1776127122228,False,True
0,86.38,0.19784402,0,0,1776127132736,True,True
0,86.38,0.12638015,0,0,1776127132736,True,True
0,86.38,115.76753878,0,0,1776127137916,False,True
0,86.37,1.33412543,0,0,1776127137916,False,True
0,86.37,102.16809673,0,0,1776127137916,False,True
0,86.37,7.7625,0,0,1776127137916,False,True
0,86.36,15.64775627,0,0,1776127137916,False,True
0,86.36,7.31998279,0,0,1776127137916,False,True
0,86.39,17.75136011,0,0,1776127147776,True,True
0,86.32,0.83333333,0,0,1776127178352,True,True
0,86.32,0.086903,0,0,1776127179827,True,True
0,86.32,6.84226367,0,0,1776127182284,True,True
0,86.32,4.74119515,0,0,1776127182284,True,True
0,86.29,0.02317765,0,0,1776127194452,False,True
0,86.26,0.05545101,0,0,1776127201243,True,True
0,86.26,2.5922063,0,0,1776127205850,True,True
0,86.25,11.88443021,0,0,1776127207015,False,True
0,86.26,14.0,0,0,1776127211440,True,True
0,86.26,0.57060051,0,0,1776127218352,True,True
0,86.26,0.17002,0,0,1776127222401,True,True
0,86.25,10.58233995,0,0,1776127229898,False,True
0,86.24,2.05930553,0,0,1776127234523,False,True
0,86.24,0.012,0,0,1776127239211,False,True
0,86.24,0.32463768,0,0,1776127248440,True,True
0,86.24,0.66099,0,0,1776127253678,True,True
0,86.26,1.85413601,0,0,1776127261561,True,True
0,86.26,7.91415757,0,0,1776127261561,True,True
0,86.26,7.31780941,0,0,1776127261564,True,True
0,86.26,8.78136596,0,0,1776127261564,True,True
0,86.28,0.35966272,0,0,1776127264477,False,True
0,86.29,0.049488,0,0,1776127271250,False,True
0,86.29,37.90604,0,0,1776127279538,False,True
0,86.28,1.28728462,0,0,1776127292606,False,True
0,86.28,3.80353538,0,0,1776127292606,False,True
0,86.3,98.05434431,0,0,1776127307756,True,True
0,86.3,42.15423048,0,0,1776127307756,True,True
0,86.29,0.01197,0,0,1776127323478,False,True
0,86.3,0.01772885,0,0,1776127324507,True,True
0,86.29,6.46028794,0,0,1776127330928,True,True
0,86.28,0.24235048,0,0,1776127332516,False,True
0,86.26,0.22448,0,0,1776127342467,True,True
0,86.27,0.32460004,0,0,1776127357438,True,True
0,86.26,1.90008,0,0,1776127361873,False,True
0,86.26,0.37898,0,0,1776127372825,True,True
0,86.26,0.37898,0,0,1776127372825,True,True
0,86.25,0.51130067,0,0,1776127384281,False,True
0,86.22,10.26498933,0,0,1776127384281,False,True
0,86.26,0.01179,0,0,1776127384281,True,True
0,86.23,1.07788,0,0,1776127386105,True,True
0,86.21,0.05545101,0,0,1776127389308,False,True
0,86.21,0.6,0,0,1776127389343,False,True
0,86.21,0.527,0,0,1776127390036,True,True
0,86.21,0.11234,0,0,1776127395282,True,True
0,86.18,0.58018102,0,0,1776127409448,False,True
0,86.2,0.83333333,0,0,1776127418601,True,True
0,86.2,0.05744,0,0,1776127425032,True,True
0,86.19,58.0,0,0,1776127427463,False,True
0,86.21,0.5798446,0,0,1776127466461,True,True
0,86.21,1.65943626,0,0,1776127469221,True,True
0,86.21,0.32482598,0,0,1776127472879,True,True
0,86.21,0.55747606,0,0,1776127478652,True,True
0,86.21,0.0149284,0,0,1776127492090,True,True
0,86.21,5.1308816,0,0,1776127492090,True,True
0,86.2,0.29050912,0,0,1776127508451,True,True
0,86.2,0.49896208,0,0,1776127513510,True,True
0,86.2,0.07830012,0,0,1776127513510,True,True
0,86.19,0.08386843,0,0,1776127516247,False,True
0,86.17,0.50562034,0,0,1776127535046,True,True
0,86.17,0.06887966,0,0,1776127535046,True,True
0,86.13,11.36022,0,0,1776127553823,True,True
0,86.12,0.17666443,0,0,1776127560593,False,True
0,86.11,0.46917557,0,0,1776127560593,False,True
0,86.11,0.014,0,0,1776127560594,False,True
0,86.11,0.028,0,0,1776127562254,False,True
0,86.1,0.48993607,0,0,1776127572262,True,True
0,86.1,10.57537393,0,0,1776127572262,True,True
0,86.1,5.76274,0,0,1776127574238,True,True
0,86.1,0.527,0,0,1776127577169,False,True
0,86.11,0.48779576,0,0,1776127577506,True,True
0,86.11,0.37605424,0,0,1776127577506,True,True
0,86.03,0.32516548,0,0,1776127591053,True,True
0,86.03,0.04547,0,0,1776127597914,True,True
0,86.03,0.11352825,0,0,1776127603043,True,True
0,86.03,0.05908175,0,0,1776127603043,True,True
0,86.02,0.03395024,0,0,1776127612847,False,True
0,86.02,0.98487416,0,0,1776127612847,False,True
0,86.03,0.26805,0,0,1776127615614,True,True
0,86.01,0.03395187,0,0,1776127618979,False,True
0,86.01,0.08608813,0,0,1776127618979,False,True
0,86.01,0.20434321,0,0,1776127618980,False,True
0,86.0,0.03395348,0,0,1776127618980,False,True
0,86.0,0.05070498,0,0,1776127618980,False,True
0,86.0,0.467,0,0,1776127618980,False,True
0,86.0,0.34209833,0,0,1776127618980,False,True
0,86.0,9.85796,0,0,1776127619018,False,True
0,86.01,0.02,0,0,1776127621627,True,True
0,86.0,187.38738353,0,0,1776127622485,False,True
0,85.99,0.03395511,0,0,1776127622574,False,True
0,85.99,0.2903826,0,0,1776127622574,False,True
0,85.98,0.03395674,0,0,1776127622574,False,True
0,85.98,6.52350753,0,0,1776127622574,False,True
0,85.98,0.3440901,0,0,1776127622578,False,True
0,85.98,5.13240237,0,0,1776127622588,False,True
0,85.97,0.03395835,0,0,1776127623406,False,True
0,85.97,0.29045015,0,0,1776127623406,False,True
0,85.97,0.06521534,0,0,1776127623406,False,True
0,85.97,25.32413783,0,0,1776127623406,False,True
0,85.96,0.03395998,0,0,1776127623406,False,True
0,85.95,0.03396161,0,0,1776127623406,False,True
0,85.95,0.29051774,0,0,1776127623406,False,True
0,85.94,0.03396323,0,0,1776127623406,False,True
0,85.94,12.0,0,0,1776127623406,False,True
0,85.94,0.02608888,0,0,1776127623406,False,True
0,85.94,23.44670059,0,0,1776127623406,False,True
0,85.94,0.5816659,0,0,1776127623407,False,True
0,85.96,0.3596691,0,0,1776127627651,False,True
0,85.94,0.48081316,0,0,1776127658863,True,True
0,85.94,0.35252017,0,0,1776127658863,True,True
0,85.94,0.28027399,0,0,1776127659889,True,True
0,85.94,1.29963773,0,0,1776127660504,True,True
0,85.94,4.30797311,0,0,1776127660504,True,True
0,85.93,0.03396486,0,0,1776127670963,False,True
0,85.93,0.29058536,0,0,1776127670963,False,True
0,85.93,0.05127152,0,0,1776127670963,False,True
0,85.93,2.2061183,0,0,1776127670963,False,True
0,85.93,27.41805996,0,0,1776127670963,False,True
0,85.92,0.03396649,0,0,1776127683472,False,True
0,85.92,7.7625,0,0,1776127683472,False,True
0,85.92,12.0,0,0,1776127683472,False,True
0,85.92,11.20353351,0,0,1776127683472,False,True
0,85.92,0.21677606,0,0,1776127683472,False,True
0,85.92,30.17231535,0,0,1776127689947,False,True
0,85.93,0.045183,0,0,1776127690507,True,True
0,85.92,10.71941659,0,0,1776127694640,False,True
0,85.92,64.06614094,0,0,1776127695956,False,True
0,85.92,127.42101298,0,0,1776127695956,False,True
0,85.92,81.47903835,0,0,1776127695956,False,True
0,85.92,1.38561466,0,0,1776127695956,False,True
0,85.91,0.0339681,0,0,1776127695956,False,True
0,85.91,0.290653,0,0,1776127695956,False,True
0,85.91,7.7625,0,0,1776127695956,False,True
0,85.91,12.0,0,0,1776127695956,False,True
0,85.9,0.03396973,0,0,1776127695956,False,True
0,85.9,7.7625,0,0,1776127695956,False,True
0,85.9,11.65339775,0,0,1776127695956,False,True
0,85.9,10.57164788,0,0,1776127695956,False,True
0,85.9,77.541148,0,0,1776127695956,False,True
0,85.9,0.25,0,0,1776127695956,False,True
0,85.9,305.05950456,0,0,1776127695961,True,True
0,85.95,0.32584661,0,0,1776127700856,True,True
0,85.95,0.15564042,0,0,1776127700928,True,True
0,85.95,0.36855958,0,0,1776127700928,True,True
0,85.95,116.3467132,0,0,1776127705139,False,True
0,85.93,9.06543477,0,0,1776127710928,True,True
0,85.93,23.20409969,0,0,1776127710928,True,True
0,85.93,21.31220767,0,0,1776127710928,True,True
0,85.93,12.11591875,0,0,1776127710928,True,True
0,85.93,0.35642743,0,0,1776127716794,False,True
0,85.93,0.28817753,0,0,1776127725209,False,True
0,85.92,1.35198528,0,0,1776127726355,False,True
0,85.91,3.64801472,0,0,1776127726355,False,True
0,85.9,1.77662,0,0,1776127727283,False,True
0,85.93,0.019,0,0,1776127750263,False,True
0,85.94,3.36967735,0,0,1776127751777,True,True
0,85.94,2.24879878,0,0,1776127751777,True,True
0,85.94,0.73801192,0,0,1776127751777,True,True
0,85.94,9.64136484,0,0,1776127751777,True,True
0,85.94,0.4860674,0,0,1776127751777,True,True
0,85.94,7.7625,0,0,1776127751777,True,True
0,85.94,24.52334865,0,0,1776127751777,True,True
0,85.95,3.61686627,0,0,1776127751777,True,True
0,85.94,0.48305717,0,0,1776127766899,True,True
0,85.94,1.48739283,0,0,1776127766899,True,True
0,85.94,0.1056,0,0,1776127769879,True,True
0,85.93,1.18644,0,0,1776127772315,False,True
0,85.94,0.37443549,0,0,1776127772676,True,True
0,85.95,2.62556451,0,0,1776127772676,True,True
0,85.94,2.41078989,0,0,1776127776662,False,True
0,85.95,0.47683382,0,0,1776127777945,True,True
0,85.95,0.45557618,0,0,1776127777945,True,True
0,85.94,0.13139632,0,0,1776127798659,True,True
0,85.91,0.39363306,0,0,1776127809268,False,True
0,85.91,6.00598858,0,0,1776127813068,False,True
0,85.92,1.35336,0,0,1776127814531,True,True
0,85.92,0.32588454,0,0,1776127814655,True,True
0,85.92,0.08359696,0,0,1776127818265,True,True
0,85.96,0.03494,0,0,1776127819802,True,True
0,85.95,0.5242,0,0,1776127826271,False,True
0,85.96,1.06006,0,0,1776127834339,True,True
0,85.96,144.94789443,0,0,1776127834339,True,True
0,85.96,170.94270699,0,0,1776127834353,True,True
0,85.96,17.92373195,0,0,1776127837327,True,True
0,85.97,19.93809676,0,0,1776127837508,True,True
0,85.99,0.40903,0,0,1776127851888,True,True
0,85.98,12.0,0,0,1776127852540,False,True
0,85.97,1.39251678,0,0,1776127852562,False,True
0,85.96,7.02195556,0,0,1776127852562,False,True
0,85.96,18.48337978,0,0,1776127852570,False,True
0,85.95,10.202838,0,0,1776127852580,False,True
0,85.94,0.25,0,0,1776127852778,False,True
0,85.93,64.46373177,0,0,1776127852778,False,True
0,85.94,1.35571872,0,0,1776127852812,False,True
0,85.93,17.66783,0,0,1776127852916,False,True
0,85.93,2.3e-07,0,0,1776127852918,False,True
0,85.91,2.10846721,0,0,1776127852918,False,True
0,85.91,14.64182879,0,0,1776127852918,False,True
0,85.91,0.0202,0,0,1776127852918,False,True
0,85.9,7.7625,0,0,1776127852991,False,True
0,85.9,39.16336338,0,0,1776127852991,False,True
0,85.9,42.11652462,0,0,1776127853039,False,True
0,85.9,14.67085723,0,0,1776127853039,False,True
0,85.9,29.2865585,0,0,1776127853040,False,True
0,85.9,5.8573117,0,0,1776127853040,False,True
0,85.9,2.92865585,0,0,1776127853053,False,True
0,85.9,143.23869635,0,0,1776127853094,False,True
0,85.9,2.49753279,0,0,1776127853095,False,True
0,85.9,4.39120588,0,0,1776127853102,False,True
0,85.9,23.2523,0,0,1776127853110,False,True
0,85.9,14.63735295,0,0,1776127853110,False,True
0,85.9,46.0,0,0,1776127853137,False,True
0,85.9,31.277,0,0,1776127853138,False,True
0,85.9,3.8559927,0,0,1776127853237,False,True
0,85.9,23.94915648,0,0,1776127853263,False,True
0,85.9,18.45004003,0,0,1776127853319,False,True
0,85.9,9.49412916,0,0,1776127853354,False,True
0,85.9,46.0,0,0,1776127853358,False,True
0,85.9,46.0,0,0,1776127853358,False,True
0,85.9,9.31315482,0,0,1776127853447,False,True
0,85.9,93.20583766,0,0,1776127853461,False,True
0,85.9,53.79416234,0,0,1776127853461,False,True
0,85.9,186.53161457,0,0,1776127853475,False,True
0,85.9,29.99233957,0,0,1776127853475,False,True
0,85.9,161.37610142,0,0,1776127853479,False,True
0,85.89,0.03397136,0,0,1776127853497,False,True
0,85.89,0.29072068,0,0,1776127853497,False,True
0,85.89,0.87276579,0,0,1776127853497,False,True
0,85.88,0.03397299,0,0,1776127853598,False,True
0,85.87,0.03397462,0,0,1776127853598,False,True
0,85.87,0.2907884,0,0,1776127853598,False,True
0,85.87,0.02,0,0,1776127853598,False,True
0,85.9,2.25264,0,0,1776127855416,True,True
0,85.89,0.07405,0,0,1776127856848,False,True
0,85.87,0.29113777,0,0,1776127866892,True,True
0,85.87,0.10518713,0,0,1776127870383,True,True
0,85.87,15.80059287,0,0,1776127870383,True,True
0,85.88,0.50551,0,0,1776127882650,True,True
0,85.89,0.22815,0,0,1776127887732,True,True
0,85.9,2.24428278,0,0,1776127890768,True,True
0,85.89,0.01094885,0,0,1776127897154,True,True
0,85.89,0.04472235,0,0,1776127897154,True,True
0,85.89,0.28990569,0,0,1776127898650,True,True
0,85.89,0.83333333,0,0,1776127899317,True,True
0,85.88,0.12944827,0,0,1776127901180,False,True
0,85.89,0.50551,0,0,1776127904607,True,True
0,85.89,1.37076,0,0,1776127904607,True,True
0,85.88,0.07356685,0,0,1776127920104,False,True
0,85.89,0.51442103,0,0,1776127924918,True,True
0,85.89,1.35680961,0,0,1776127924918,True,True
0,85.89,0.32599837,0,0,1776127927829,True,True
0,85.89,11.3866,0,0,1776127932571,True,True
0,85.89,6.09631,0,0,1776127939370,True,True
0,85.88,0.31748488,0,0,1776127940332,False,True
0,85.87,1.19352765,0,0,1776127940332,False,True
0,85.87,116.44888785,0,0,1776127940332,False,True
0,85.86,0.03397623,0,0,1776127940332,False,True
0,85.86,7.7625,0,0,1776127940332,False,True
0,85.85,0.03397786,0,0,1776127940332,False,True
0,85.85,0.29085614,0,0,1776127940332,False,True
0,85.85,7.7625,0,0,1776127940332,False,True
0,85.85,10.84249722,0,0,1776127940332,False,True
0,85.85,127.52931037,0,0,1776127940332,False,True
0,85.85,9.55019464,0,0,1776127940332,False,True
0,85.85,11.00979476,0,0,1776127940332,False,True
0,85.84,0.0339795,0,0,1776127940332,False,True
0,85.84,0.51,0,0,1776127940332,False,True
0,85.84,0.51,0,0,1776127940332,False,True
0,85.84,7.7625,0,0,1776127940332,False,True
0,85.84,81.52922026,0,0,1776127940332,False,True
0,85.83,0.03398113,0,0,1776127940332,False,True
0,85.83,0.29104042,0,0,1776127940332,False,True
0,85.83,0.93370616,0,0,1776127940332,False,True
0,85.83,7.7625,0,0,1776127940332,False,True
0,85.83,11.91796132,0,0,1776127940332,False,True
0,85.83,12.0,0,0,1776127940332,False,True
0,85.82,0.03398276,0,0,1776127940332,False,True
0,85.82,7.7625,0,0,1776127940332,False,True
0,85.82,22.16401693,0,0,1776127940332,False,True
0,85.82,32.12968583,0,0,1776127940332,False,True
0,85.82,0.25,0,0,1776127940332,False,True
0,85.82,58.039,0,0,1776127940332,False,True
0,85.81,0.03398439,0,0,1776127940332,False,True
0,85.81,0.25136931,0,0,1776127940332,False,True
0,85.81,0.91248107,0,0,1776127940332,False,True
0,85.81,0.29110826,0,0,1776127940332,False,True
0,85.81,7.7625,0,0,1776127940332,False,True
0,85.81,78.011159,0,0,1776127940332,False,True
0,85.81,25.50533534,0,0,1776127940332,False,True
0,85.81,279.49704995,0,0,1776127940332,False,True
0,85.86,0.6,0,0,1776127949925,False,True
0,85.87,0.01692,0,0,1776127954879,True,True
0,85.87,0.87,0,0,1776127956095,True,True
0,85.87,148.08545698,0,0,1776127959695,True,True
0,85.87,0.53566419,0,0,1776127959695,True,True
0,85.89,13.79229061,0,0,1776127959695,True,True
0,85.89,1.20770939,0,0,1776127959696,True,True
0,85.89,2.50856852,0,0,1776127959696,True,True
0,85.89,5.2425547,0,0,1776127959696,True,True
0,85.89,47.28702146,0,0,1776127959696,True,True
0,85.89,14.09149305,0,0,1776127959697,True,True
0,85.89,7.7625,0,0,1776127959697,True,True
0,85.89,81.52922026,0,0,1776127959697,True,True
0,85.9,116.41670526,0,0,1776127959697,True,True
0,85.91,6.0,0,0,1776127959699,True,True
0,85.91,0.25,0,0,1776127959699,True,True
0,85.92,14.1811489,0,0,1776127959704,True,True
0,85.92,36.4632,0,0,1776127959706,True,True
0,85.92,9.45409927,0,0,1776127959707,True,True
0,85.92,18.90819854,0,0,1776127959709,True,True
0,85.92,46.0,0,0,1776127959710,True,True
0,85.92,46.0,0,0,1776127959714,True,True
0,85.91,10.868,0,0,1776127959715,True,True
0,85.91,21.22782566,0,0,1776127959715,True,True
0,85.92,15.70817589,0,0,1776127959715,True,True
0,85.93,36.4632707,0,0,1776127959717,True,True
0,85.94,9.5367293,0,0,1776127959717,True,True
0,85.94,15.7838,0,0,1776127959722,True,True
0,85.94,6.822,0,0,1776127959729,True,True
0,85.94,46.0,0,0,1776127959730,True,True
0,85.9,15.0,0,0,1776127959735,True,True
0,85.94,6.3692407,0,0,1776127959735,True,True
0,85.94,0.25,0,0,1776127959735,True,True
0,85.95,8.79840211,0,0,1776127959735,True,True
0,85.96,4.71435719,0,0,1776127959735,True,True
0,85.96,122.84433993,0,0,1776127959739,True,True
0,85.97,89.033492,0,0,1776127959739,True,True
0,85.92,20.928184,0,0,1776127959767,True,True
0,86.0,130.00098493,0,0,1776127959787,True,True
0,86.0,88.879088,0,0,1776127959787,True,True
0,86.0,9.58110977,0,0,1776127959787,True,True
0,85.98,6.0,0,0,1776127959803,True,True
0,85.99,6.0,0,0,1776127959843,True,True
0,85.97,0.25,0,0,1776127959880,True,True
0,86.0,18.45004003,0,0,1776127959918,True,True
0,85.96,24.523214,0,0,1776127959933,True,True
0,85.99,24.544323,0,0,1776127959952,True,True
0,86.0,12.07640997,0,0,1776127959952,True,True
0,86.0,7.7625,0,0,1776127959952,True,True
0,86.01,10.3716082,0,0,1776127959995,True,True
0,86.02,30.52645,0,0,1776127959995,True,True
0,86.0,1.33293718,0,0,1776127960102,False,True
0,86.0,21.94382586,0,0,1776127960102,False,True
0,86.02,0.81081078,0,0,1776127966207,True,True
0,86.02,0.0524,0,0,1776127976221,True,True
0,86.0,0.02,0,0,1776127977406,False,True
0,86.0,4.59985,0,0,1776127977901,False,True
0,86.0,0.84041,0,0,1776127978666,False,True
0,85.99,0.40116279,0,0,1776127986015,False,True
0,86.0,0.03782649,0,0,1776127988935,True,True
0,85.95,0.12405,0,0,1776128007700,True,True
0,85.95,0.41602,0,0,1776128014922,False,True
0,85.94,0.76779897,0,0,1776128016280,True,True
0,85.93,0.019,0,0,1776128020438,False,True
0,85.93,116.37379262,0,0,1776128031507,False,True
0,85.93,127.37347926,0,0,1776128031507,False,True
0,85.93,0.90869636,0,0,1776128031507,False,True
0,85.93,0.3258087,0,0,1776128039870,True,True
0,85.92,1.05331,0,0,1776128054937,True,True
0,85.91,0.37963303,0,0,1776128058822,True,True
0,85.91,0.33858777,0,0,1776128067285,True,True
0,85.92,5.08343223,0,0,1776128067285,True,True
0,85.92,0.17084728,0,0,1776128077260,True,True
0,85.91,12.0,0,0,1776128087121,False,True
0,85.91,116.40088464,0,0,1776128087121,False,True
0,85.9,0.58207217,0,0,1776128087121,False,True
0,85.9,7.8,0,0,1776128087121,False,True
0,85.9,7.7625,0,0,1776128087121,False,True
0,85.9,12.56380736,0,0,1776128087121,False,True
0,85.9,31.29162047,0,0,1776128087121,False,True
0,85.9,50.18463945,0,0,1776128087126,False,True
0,85.89,32.10335423,0,0,1776128087126,False,True
0,85.89,7.7625,0,0,1776128087126,False,True
0,85.89,12.54420233,0,0,1776128087126,False,True
0,85.89,28.3637045,0,0,1776128087126,False,True
0,85.89,126.3371844,0,0,1776128087126,False,True
0,85.89,1.3090842,0,0,1776128087126,False,True
0,85.88,118.73348041,0,0,1776128087126,False,True
0,85.88,7.7625,0,0,1776128087126,False,True
0,85.88,25.50533534,0,0,1776128087126,False,True
0,85.88,104.504,0,0,1776128087126,False,True
0,85.87,7.7625,0,0,1776128087126,False,True
0,85.87,85.373246,0,0,1776128087126,False,True
0,85.87,0.0202,0,0,1776128087126,False,True
0,85.87,34.918,0,0,1776128087126,False,True
0,85.87,10.202838,0,0,1776128087126,False,True
0,85.87,0.25,0,0,1776128087126,False,True
0,85.86,7.7625,0,0,1776128087126,False,True
0,85.86,34.888,0,0,1776128087126,False,True
0,85.86,150.38822549,0,0,1776128087126,False,True
0,85.85,7.7625,0,0,1776128087126,False,True
0,85.85,24.52334865,0,0,1776128087126,False,True
0,85.85,290.9441879,0,0,1776128087126,False,True
0,85.85,11.92644723,0,0,1776128087126,False,True
0,85.85,188.5599533,0,0,1776128087126,False,True
0,85.84,7.7625,0,0,1776128087126,False,True
0,85.84,76.77194857,0,0,1776128087126,False,True
0,85.84,5.61784243,0,0,1776128087133,False,True
0,85.84,6.96333607,0,0,1776128087133,False,True
0,85.83,7.7625,0,0,1776128087133,False,True
0,85.83,14.51147964,0,0,1776128087133,False,True
0,85.83,101.88052036,0,0,1776128087135,False,True
0,85.82,7.7625,0,0,1776128087135,False,True
0,85.81,7.7625,0,0,1776128087135,False,True
0,85.81,92.117431,0,0,1776128087135,False,True
0,85.81,29.08,0,0,1776128087135,False,True
0,85.81,11.65365342,0,0,1776128087135,False,True
0,85.81,11.65365342,0,0,1776128087135,False,True
0,85.8,0.03398602,0,0,1776128087135,False,True
0,85.8,0.09322339,0,0,1776128087135,False,True
0,85.8,0.10422315,0,0,1776128087135,False,True
0,85.8,0.20663891,0,0,1776128087135,False,True
0,85.8,0.07881688,0,0,1776128087135,False,True
0,85.8,0.10029468,0,0,1776128087135,False,True
0,85.8,0.14557635,0,0,1776128087135,False,True
0,85.8,58.24,0,0,1776128087135,False,True
0,85.8,7.7625,0,0,1776128087135,False,True
0,85.8,30.99180733,0,0,1776128087135,False,True
0,85.8,129.57069614,0,0,1776128087135,False,True
0,85.79,0.03398765,0,0,1776128087138,False,True
0,85.79,0.29117612,0,0,1776128087138,False,True
0,85.79,34.52999437,0,0,1776128087138,False,True
0,85.79,0.12156973,0,0,1776128087138,False,True
0,85.79,0.12252376,0,0,1776128087138,False,True
0,85.79,0.12252522,0,0,1776128087138,False,True
0,85.79,0.12311168,0,0,1776128087138,False,True
0,85.79,0.12286955,0,0,1776128087138,False,True
0,85.79,0.12290825,0,0,1776128087138,False,True
0,85.79,0.12276014,0,0,1776128087139,False,True
0,85.79,0.12267256,0,0,1776128087139,False,True
0,85.79,23.37267733,0,0,1776128087139,False,True
0,85.79,83.48552,0,0,1776128087146,False,True
0,85.79,440.42817652,0,0,1776128087147,False,True
0,85.79,546.65780786,0,0,1776128087147,False,True
0,85.79,12.35830254,0,0,1776128087153,False,True
0,85.79,23.0,0,0,1776128087158,False,True
0,85.79,0.7910301,0,0,1776128087158,False,True
0,85.78,0.30021483,0,0,1776128087158,False,True
0,85.78,0.03398927,0,0,1776128087158,False,True
0,85.78,22.23925176,0,0,1776128087158,False,True
0,85.78,23.0,0,0,1776128087160,False,True
0,85.78,17.23202247,0,0,1776128087164,False,True
0,85.77,0.0339909,0,0,1776128087164,False,True
0,85.77,0.71120439,0,0,1776128087164,False,True
0,85.77,0.92756703,0,0,1776128087164,False,True
0,85.77,0.29124402,0,0,1776128087164,False,True
0,85.77,3.80397119,0,0,1776128087164,False,True
0,85.77,8.0,0,0,1776128087165,False,True
0,85.77,23.0,0,0,1776128087165,False,True
0,85.77,23.0,0,0,1776128087168,False,True
0,85.77,6.0,0,0,1776128087171,False,True
0,85.8,58.25,0,0,1776128087177,False,True
0,85.77,214.03404516,0,0,1776128087177,False,True
0,85.77,194.56936286,0,0,1776128087177,False,True
0,85.82,1.16522955,0,0,1776128087221,False,True
0,85.78,8.50422266,0,0,1776128087221,False,True
0,85.78,16.4223922,0,0,1776128087222,False,True
0,85.78,14.28753514,0,0,1776128087227,False,True
0,85.78,1.1657729,0,0,1776128087227,False,True
0,85.78,1.0370039,0,0,1776128087227,False,True
0,85.84,23.0,0,0,1776128087261,False,True
0,85.84,0.777189,0,0,1776128087270,False,True
0,85.8,30.222811,0,0,1776128087270,False,True
0,85.85,3.34680205,0,0,1776128087274,True,True
0,85.83,7.64697343,0,0,1776128087279,False,True
0,85.83,0.63573055,0,0,1776128087282,True,True
0,85.84,3.11835278,0,0,1776128087282,True,True
0,85.8,24.49836931,0,0,1776128087367,False,True
0,85.8,0.50163069,0,0,1776128087371,False,True
0,85.8,23.99673862,0,0,1776128087371,False,True
0,85.82,24.49836931,0,0,1776128087577,False,True
0,85.83,0.98706745,0,0,1776128093981,True,True
0,85.82,0.014,0,0,1776128108259,False,True
0,85.81,6.0,0,0,1776128120924,False,True
0,85.81,116.52544719,0,0,1776128120924,False,True
0,85.81,0.7081696,0,0,1776128120924,False,True
0,85.81,106.352,0,0,1776128120924,False,True
0,85.81,11.28427,0,0,1776128123773,True,True
0,85.81,0.83333333,0,0,1776128139579,True,True
0,85.81,0.11538,0,0,1776128143038,True,True
0,85.81,423.76990724,0,0,1776128147843,True,True
0,85.81,84.62125532,0,0,1776128147848,True,True
0,85.83,0.32622626,0,0,1776128154698,True,True
0,85.83,1.8317783,0,0,1776128155286,True,True
0,85.85,0.0856817,0,0,1776128155286,True,True
0,85.85,0.6103415,0,0,1776128156130,True,True
0,85.86,1.63524841,0,0,1776128156130,True,True
0,85.84,18.15360759,0,0,1776128157798,False,True
0,85.84,31.84639241,0,0,1776128157798,False,True
0,85.84,59.78780212,0,0,1776128157798,False,True
0,85.84,0.03611289,0,0,1776128157798,False,True
0,85.84,1.34617201,0,0,1776128157798,False,True
0,85.84,1.28222883,0,0,1776128157798,False,True
0,85.84,4.0434903,0,0,1776128157798,False,True
0,85.84,107.597,0,0,1776128157798,False,True
0,85.83,12.54386129,0,0,1776128157798,False,True
0,85.83,13.36333256,0,0,1776128157798,False,True
0,85.85,0.11479,0,0,1776128159175,True,True
0,85.84,0.014,0,0,1776128160859,False,True
0,85.85,0.04953,0,0,1776128179218,False,True
0,85.83,0.02479965,0,0,1776128192527,True,True
0,85.83,12.21381745,0,0,1776128200116,True,True
0,85.83,0.47570059,0,0,1776128200116,True,True
0,85.83,121.9336792,0,0,1776128200116,True,True
0,85.83,2.98010223,0,0,1776128200116,True,True
0,85.84,26.45073807,0,0,1776128201457,False,True
0,85.86,1.91363828,0,0,1776128221546,True,True
0,85.86,2.08234172,0,0,1776128221546,True,True
0,85.9,0.39995339,0,0,1776128234198,True,True
0,85.9,13.02755096,0,0,1776128234198,True,True
0,85.9,81.58310548,0,0,1776128234198,True,True
0,85.9,0.58101059,0,0,1776128234198,True,True
0,85.91,7.7625,0,0,1776128234198,True,True
0,85.91,25.50533534,0,0,1776128234198,True,True
0,85.91,7.53724477,0,0,1776128234198,True,True
0,85.91,7.46275523,0,0,1776128234198,True,True
0,85.91,56.14054424,0,0,1776128234198,True,True
0,85.85,0.33174,0,0,1776128235804,False,True
0,85.84,0.55827737,0,0,1776128253724,True,True
0,85.84,0.58031334,0,0,1776128257237,True,True
0,85.84,5.72587321,0,0,1776128257237,True,True
0,85.84,3.47412679,0,0,1776128257237,True,True
0,85.84,0.91655495,0,0,1776128257237,True,True
0,85.84,13.1720298,0,0,1776128257237,True,True
0,85.84,0.91141525,0,0,1776128257239,True,True
0,85.87,0.5206,0,0,1776128259055,False,True
0,85.87,0.32603632,0,0,1776128270688,True,True
0,85.85,0.10753,0,0,1776128273763,True,True
0,85.86,0.14284962,0,0,1776128280049,True,True
0,85.86,1.25986882,0,0,1776128280049,True,True
0,85.87,0.38921,0,0,1776128283401,False,True
0,85.87,0.57488012,0,0,1776128286643,True,True
0,85.87,7.7625,0,0,1776128286643,True,True
0,85.88,15.0,0,0,1776128286643,True,True
0,85.88,32.94496239,0,0,1776128286643,True,True
0,85.88,18.71765749,0,0,1776128286643,True,True
0,85.9,0.34019946,0,0,1776128289386,True,True
0,85.9,0.16719054,0,0,1776128289386,True,True
0,85.89,6.26909,0,0,1776128291025,False,True
0,85.9,0.40155184,0,0,1776128294449,True,True
0,85.9,5.02298816,0,0,1776128294449,True,True
0,85.9,1.10260301,0,0,1776128294615,True,True
0,85.89,3.38681948,0,0,1776128298503,False,True
0,85.9,15.0,0,0,1776128301750,True,True
0,85.93,0.15,0,0,1776128311017,False,True
0,85.94,0.02726,0,0,1776128316052,False,True
0,85.94,0.014,0,0,1776128316052,False,True
0,85.94,0.15480183,0,0,1776128316052,False,True
0,85.94,12.32696651,0,0,1776128316052,False,True
0,85.94,17.21409548,0,0,1776128316052,False,True
0,85.94,0.19156,0,0,1776128320508,True,True
0,85.94,0.73648,0,0,1776128341601,False,True
0,85.95,0.019,0,0,1776128355807,False,True
0,86.0,4.0,0,0,1776128368044,True,True
0,86.0,0.39728224,0,0,1776128368044,True,True
0,86.0,1.47376776,0,0,1776128368044,True,True
0,85.94,127.32572751,0,0,1776128391995,False,True
0,85.94,116.36025133,0,0,1776128391995,False,True
0,85.93,0.74591457,0,0,1776128391996,False,True
0,85.92,8.5,0,0,1776128391996,False,True
0,85.92,81.45960775,0,0,1776128391996,False,True
0,85.92,127.32572751,0,0,1776128391996,False,True
0,85.91,12.0,0,0,1776128391996,False,True
0,85.91,10.44266703,0,0,1776128391996,False,True
0,85.91,25.50533534,0,0,1776128391996,False,True
0,85.9,24.27505184,0,0,1776128391996,False,True
0,85.9,0.08780915,0,0,1776128391996,False,True
0,85.9,10.202838,0,0,1776128391996,False,True
0,85.9,45.85440584,0,0,1776128391996,False,True
0,85.89,91.845022,0,0,1776128391997,False,True
0,85.89,24.27505184,0,0,1776128391997,False,True
0,85.89,0.25,0,0,1776128391997,False,True
0,85.88,173.336237,0,0,1776128391997,False,True
0,85.88,581.67380172,0,0,1776128391997,False,True
0,85.88,0.25,0,0,1776128392015,False,True
0,85.88,41.64217857,0,0,1776128392015,False,True
0,85.88,46.0,0,0,1776128392030,False,True
0,85.88,76.32347151,0,0,1776128392036,False,True
0,85.88,0.25,0,0,1776128392037,False,True
0,85.88,2.92950724,0,0,1776128392039,False,True
0,85.88,5.8590145,0,0,1776128392043,False,True
0,85.88,2.92950724,0,0,1776128392043,False,True
0,85.88,5.8590145,0,0,1776128392043,False,True
0,85.88,5.85901449,0,0,1776128392044,False,True
0,85.88,8.78852174,0,0,1776128392044,False,True
0,85.88,5.85901449,0,0,1776128392049,False,True
0,85.88,92.0,0,0,1776128392053,False,True
0,85.88,46.0,0,0,1776128392055,False,True
0,85.88,2.92950724,0,0,1776128392055,False,True
0,85.88,46.0,0,0,1776128392058,False,True
0,85.88,0.73504505,0,0,1776128392065,False,True
0,85.88,3.24085811,0,0,1776128392068,True,True
0,85.89,7.7625,0,0,1776128392068,True,True
0,85.89,25.0,0,0,1776128392068,True,True
0,85.89,24.27505184,0,0,1776128392068,True,True
0,85.89,12.56772942,0,0,1776128392068,True,True
0,85.89,13.01286163,0,0,1776128392068,True,True
0,85.87,3.755,0,0,1776128392083,False,True
0,85.88,3.31520196,0,0,1776128392084,True,True
0,85.89,12.49247371,0,0,1776128392084,True,True
0,85.89,32.1033098,0,0,1776128392084,True,True
0,85.87,13.55358214,0,0,1776128392094,False,True
0,85.87,0.58010301,0,0,1776128392094,False,True
0,85.87,22.79351485,0,0,1776128392094,False,True
0,85.85,0.60427231,0,0,1776128394958,True,True
0,85.87,15.0,0,0,1776128394958,True,True
0,85.87,32.11076022,0,0,1776128394958,True,True
0,85.87,0.17359004,0,0,1776128394958,True,True
0,85.87,12.56772942,0,0,1776128394958,True,True
0,85.87,32.30909242,0,0,1776128394958,True,True
0,85.87,19.02185624,0,0,1776128394958,True,True
0,85.87,8.77931826,0,0,1776128394958,True,True
0,85.87,5.85288285,0,0,1776128394958,True,True
0,85.87,1.46321971,0,0,1776128394958,True,True
0,85.88,2.27139971,0,0,1776128394962,True,True
0,85.88,2.92609867,0,0,1776128394963,True,True
0,85.88,2.27139971,0,0,1776128394966,True,True
0,85.88,2.27139971,0,0,1776128394966,True,True
0,85.93,0.32558139,0,0,1776128396415,True,True
0,85.93,0.02095914,0,0,1776128397719,True,True
0,85.92,0.58384235,0,0,1776128406892,True,True
0,85.92,0.60108831,0,0,1776128407916,True,True
0,85.92,0.3646504,0,0,1776128407916,True,True
0,85.92,0.4,0,0,1776128414329,True,True
0,85.89,0.59655672,0,0,1776128416450,True,True
0,85.91,58.14219131,0,0,1776128416450,True,True
0,85.88,0.1315,0,0,1776128419517,False,True
0,85.91,0.59313355,0,0,1776128423139,True,True
0,85.93,0.83196888,0,0,1776128423139,True,True
0,85.91,0.5802584,0,0,1776128433348,False,True
0,85.91,68.65028538,0,0,1776128433348,False,True
0,85.93,0.11522,0,0,1776128442921,True,True
0,85.93,1.43434636,0,0,1776128444965,True,True
0,85.93,0.59036159,0,0,1776128444965,True,True
0,85.94,0.30971205,0,0,1776128444965,True,True
0,85.95,0.30735225,0,0,1776128449018,True,True
0,85.94,0.17302123,0,0,1776128460352,False,True
0,85.94,12.0,0,0,1776128464464,False,True
0,85.83,0.23547621,0,0,1776128478898,True,True
0,85.86,5.66325343,0,0,1776128482562,False,True
0,85.86,0.019,0,0,1776128482942,False,True
0,85.86,0.06282,0,0,1776128503250,True,True
0,85.85,0.32611227,0,0,1776128506089,True,True
0,85.85,0.35261293,0,0,1776128506415,True,True
0,85.86,6.10989939,0,0,1776128506415,True,True
0,85.86,1.46339013,0,0,1776128506416,True,True
0,85.86,3.72671048,0,0,1776128506416,True,True
0,85.89,0.5168,0,0,1776128506883,True,True
0,85.88,0.5882914,0,0,1776128516225,True,True
0,85.88,1.6391986,0,0,1776128516225,True,True
0,85.86,0.60776181,0,0,1776128521438,False,True
0,85.85,12.0,0,0,1776128524920,False,True
0,85.84,37.30565,0,0,1776128524923,False,True
0,85.83,2.38782076,0,0,1776128524965,False,True
0,85.83,2.92848536,0,0,1776128524966,False,True
0,85.81,24.46355282,0,0,1776128525075,False,True
0,85.81,0.2901292,0,0,1776128542804,True,True
0,85.85,0.5822434,0,0,1776128543716,True,True
0,85.87,4.8461566,0,0,1776128543716,True,True
0,85.86,0.019,0,0,1776128544780,False,True
0,85.89,27.72915,0,0,1776128560937,False,True
0,85.89,3.67444398,0,0,1776128560937,False,True
0,85.89,37.75580369,0,0,1776128560937,False,True
0,85.9,0.58213994,0,0,1776128591050,True,True
0,85.89,0.045183,0,0,1776128596870,False,True
0,85.87,12.13286454,0,0,1776128606606,False,True
0,85.82,1.63132137,0,0,1776128616587,False,True
0,85.82,70.51249426,0,0,1776128616675,False,True
0,85.83,0.22845,0,0,1776128618031,True,True
0,85.82,3.16180548,0,0,1776128627755,False,True
0,85.82,7.81917496,0,0,1776128627755,False,True
0,85.82,19.90997504,0,0,1776128627755,False,True
0,85.82,56.13462783,0,0,1776128627755,False,True
0,85.82,2.92746664,0,0,1776128627755,False,True
0,85.82,3.46285762,0,0,1776128627755,False,True
0,85.82,53.99800293,0,0,1776128627756,False,True
0,85.81,27.72915,0,0,1776128627756,False,True
0,85.81,0.85938788,0,0,1776128627756,False,True
0,85.81,81.55761476,0,0,1776128627756,False,True
0,85.81,16.42725733,0,0,1776128627756,False,True
0,85.8,0.16576834,0,0,1776128627757,False,True
0,85.8,2.33100233,0,0,1776128627757,False,True
0,85.8,10.0,0,0,1776128627757,False,True
0,85.8,12.0,0,0,1776128627757,False,True
0,85.78,0.30021483,0,0,1776128627762,False,True
0,85.78,21.66033198,0,0,1776128627762,False,True
0,85.78,0.11657729,0,0,1776128627762,False,True
0,85.77,8.42512545,0,0,1776128627771,False,True
0,85.77,5.85833229,0,0,1776128627772,False,True
0,85.77,70.89123526,0,0,1776128627772,False,True
0,85.77,0.84473211,0,0,1776128627801,False,True
0,85.77,0.2516,0,0,1776128627833,False,True
0,85.77,1.12836,0,0,1776128627859,True,True
0,85.76,0.13992537,0,0,1776128627879,False,True
0,85.76,0.03399253,0,0,1776128627879,False,True
0,85.75,0.2,0,0,1776128628036,False,True
0,85.75,0.03399416,0,0,1776128628036,False,True
0,85.75,0.29131195,0,0,1776128628036,False,True
0,85.75,22.79830903,0,0,1776128628036,False,True
0,85.75,2.33236151,0,0,1776128628037,False,True
0,85.75,9.32944605,0,0,1776128628073,False,True
0,85.75,145.3577277,0,0,1776128628075,False,True
0,85.75,159.45151714,0,0,1776128628075,False,True
0,85.75,193.71679895,0,0,1776128628105,False,True
0,85.75,76.97179975,0,0,1776128628110,False,True
0,85.75,132.00289258,0,0,1776128628115,False,True
0,85.75,258.03914729,0,0,1776128628142,False,True
0,85.74,0.03399579,0,0,1776128628361,False,True
0,85.74,0.05245698,0,0,1776128628361,False,True
0,85.73,0.03399743,0,0,1776128628361,False,True
0,85.73,0.29126326,0,0,1776128628361,False,True
0,85.74,0.32622626,0,0,1776128629135,True,True
0,85.72,0.03399906,0,0,1776128630031,False,True
0,85.72,0.03642681,0,0,1776128630031,False,True
0,85.72,32.92957413,0,0,1776128630031,False,True
0,85.72,0.15,0,0,1776128630662,False,True
0,85.73,0.05775,0,0,1776128631051,True,True
0,85.78,4.65874679,0,0,1776128654945,False,True
0,85.84,0.04660643,0,0,1776128657095,True,True
0,85.83,0.01805,0,0,1776128657787,False,True
0,85.86,0.3074401,0,0,1776128669653,True,True
0,85.87,1.9497499,0,0,1776128669653,True,True
0,85.9,0.108,0,0,1776128705256,True,True
0,85.9,0.0776,0,0,1776128707714,True,True
0,85.9,14.98581087,0,0,1776128708539,True,True
0,85.9,2.29903406,0,0,1776128708539,True,True
0,85.9,0.23547621,0,0,1776128713448,False,True
0,85.9,0.41945036,0,0,1776128714281,False,True
0,85.91,0.02316,0,0,1776128721032,True,True
0,85.91,0.04253055,0,0,1776128734274,True,True
0,85.91,0.32592247,0,0,1776128740930,True,True
0,85.91,23.34777476,0,0,1776128747888,True,True
0,85.95,0.22712955,0,0,1776128751016,True,True
0,85.94,0.02328,0,0,1776128756979,False,True
0,85.94,0.18923784,0,0,1776128768239,True,True
0,85.96,174.549,0,0,1776128778778,False,True
0,85.96,75.451,0,0,1776128778778,False,True
0,85.96,0.0254,0,0,1776128805353,False,True
0,85.96,174.5226,0,0,1776128806572,False,True
0,85.95,0.05959,0,0,1776128807192,True,True
0,85.96,0.15670077,0,0,1776128812114,True,True
0,85.97,1.63777753,0,0,1776128812114,True,True
0,85.97,2.86426849,0,0,1776128812114,True,True
0,85.96,0.0628,0,0,1776128822047,True,True
0,85.97,0.21614,0,0,1776128833404,True,True
0,85.97,0.50389671,0,0,1776128849718,True,True
0,85.97,0.22532,0,0,1776128861238,True,True
0,85.97,0.325695,0,0,1776128863217,True,True
0,85.92,0.23478526,0,0,1776128878539,True,True
0,85.91,0.84006198,0,0,1776128920056,False,True
0,85.91,0.35013802,0,0,1776128920056,False,True
0,85.92,0.11657729,0,0,1776128929632,True,True
0,85.93,0.53896199,0,0,1776128929632,True,True
0,85.94,2.83374072,0,0,1776128929632,True,True
0,85.94,0.02079608,0,0,1776128933166,True,True
0,85.93,0.5168,0,0,1776128940181,False,True
0,85.95,1.8435,0,0,1776128943674,True,True
0,85.95,0.32577079,0,0,1776128973585,True,True
0,85.96,2.85396,0,0,1776128982108,False,True
0,86.0,0.38372093,0,0,1776128992947,True,True
0,85.99,0.019,0,0,1776128993638,False,True
0,85.99,6.0,0,0,1776128997551,False,True
0,86.0,0.27151952,0,0,1776128998991,True,True
0,86.01,0.32583048,0,0,1776128998991,True,True
0,86.0,2.50583981,0,0,1776129003866,True,True
0,86.02,3.70238019,0,0,1776129003866,True,True
0,86.01,0.22524,0,0,1776129009701,True,True
0,85.94,0.37172037,0,0,1776129035984,True,True
0,85.95,0.19986963,0,0,1776129035984,True,True
0,85.93,0.28027399,0,0,1776129042304,True,True
0,85.93,3.29354229,0,0,1776129045870,False,True
0,85.96,4.0268,0,0,1776129053092,False,True
0,85.97,0.31343455,0,0,1776129064958,True,True
0,85.97,0.19906545,0,0,1776129064958,True,True
0,85.94,0.019,0,0,1776129071693,False,True
0,85.95,0.32577079,0,0,1776129087797,True,True
0,85.95,0.29019611,0,0,1776129093884,True,True
0,85.96,5.93725503,0,0,1776129093884,True,True
0,85.95,0.57719604,0,0,1776129109156,True,True
0,85.97,0.03398194,0,0,1776129111090,True,True
0,85.99,0.55998806,0,0,1776129111090,True,True
0,85.97,7.75115046,0,0,1776129120534,True,True
0,85.97,0.01134954,0,0,1776129120534,True,True
0,85.97,0.61095974,0,0,1776129120534,True,True
0,85.98,7.7625,0,0,1776129120534,True,True
0,85.98,15.41095864,0,0,1776129120534,True,True
0,85.98,18.78533898,0,0,1776129120534,True,True
0,85.96,0.02655,0,0,1776129129621,False,True
0,86.0,4.60813027,0,0,1776129146167,True,True
0,86.0,0.61522898,0,0,1776129146167,True,True
0,86.01,0.25,0,0,1776129146167,True,True
0,86.01,4.97947875,0,0,1776129146167,True,True
0,85.99,0.0581463,0,0,1776129167602,True,True
0,85.99,0.53898,0,0,1776129171751,True,True
0,85.95,5.8163,0,0,1776129185605,False,True
0,85.94,0.26827,0,0,1776129187251,True,True
0,85.92,0.5125,0,0,1776129190296,False,True
0,85.92,1.10339231,0,0,1776129191620,False,True
0,85.93,0.3290601,0,0,1776129192283,True,True
0,85.94,0.2537999,0,0,1776129192283,True,True
0,85.92,4.99999999,0,0,1776129192904,False,True
0,85.93,0.23044,0,0,1776129202758,True,True
0,85.92,35.21112407,0,0,1776129204409,False,True
0,85.93,0.32584661,0,0,1776129205724,True,True
0,85.92,0.019,0,0,1776129215261,False,True
0,85.98,0.03214611,0,0,1776129228941,True,True
0,85.99,0.56193389,0,0,1776129228941,True,True
0,86.0,0.05552,0,0,1776129243513,True,True
0,86.0,0.02868,0,0,1776129243744,True,True
0,86.0,0.11439,0,0,1776129245591,True,True
0,86.0,0.92996,0,0,1776129258014,True,True
0,85.99,0.23478526,0,0,1776129264944,False,True
0,86.0,0.14559733,0,0,1776129268042,True,True
0,86.01,0.26672267,0,0,1776129268042,True,True
0,86.01,0.019,0,0,1776129288645,False,True
0,86.02,120.24455736,0,0,1776129289212,True,True
0,86.04,0.36179,0,0,1776129302704,True,True
0,85.95,0.94306,0,0,1776129306813,False,True
0,85.94,0.31644451,0,0,1776129313907,True,True
0,85.95,0.84705945,0,0,1776129313907,True,True
0,85.95,0.5081,0,0,1776129314273,True,True
0,85.94,0.32577079,0,0,1776129324920,True,True
0,85.96,0.70485617,0,0,1776129343245,True,True
0,85.96,0.28924,0,0,1776129347115,True,True
0,85.96,0.31165,0,0,1776129361393,True,True
0,85.95,0.019,0,0,1776129374209,False,True
0,85.95,0.019,0,0,1776129385058,False,True
0,85.96,0.44487009,0,0,1776129397084,True,True
0,86.01,0.12732,0,0,1776129399517,True,True
0,86.02,1.78910783,0,0,1776129420083,False,True
0,86.02,0.01251,0,0,1776129421201,False,True
0,86.03,69.23054378,0,0,1776129431427,True,True
0,86.03,0.32546786,0,0,1776129438883,True,True
0,86.02,0.5081,0,0,1776129440402,False,True
0,86.03,3.36336594,0,0,1776129450891,True,True
0,86.02,0.13512605,0,0,1776129452209,True,True
0,86.02,0.42527324,0,0,1776129452209,True,True
0,86.01,0.05554526,0,0,1776129457324,True,True
0,86.02,0.32254624,0,0,1776129467322,False,True
0,86.04,0.53911235,0,0,1776129495603,True,True
0,86.04,0.62313773,0,0,1776129495603,True,True
0,86.05,100.24455736,0,0,1776129514693,True,True
0,86.07,3.17154506,0,0,1776129515910,False,True
0,86.07,37.1088749,0,0,1776129515910,False,True
0,86.07,79.07562608,0,0,1776129515911,False,True
0,86.07,5.61228034,0,0,1776129515913,False,True
0,86.06,7.7625,0,0,1776129515913,False,True
0,86.05,7.7625,0,0,1776129515913,False,True
0,86.05,81.37564056,0,0,1776129515913,False,True
0,86.05,12.0,0,0,1776129515913,False,True
0,86.05,25.50533534,0,0,1776129515913,False,True
0,86.05,1.00188398,0,0,1776129515918,False,True
0,86.04,23.895828,0,0,1776129515918,False,True
0,86.03,7.6,0,0,1776129515918,False,True
0,86.03,59.50228802,0,0,1776129515918,False,True
0,86.03,26.77965698,0,0,1776129515919,False,True
0,86.02,0.11625203,0,0,1776129515925,False,True
0,86.01,0.11626555,0,0,1776129515925,False,True
0,86.04,4.1956,0,0,1776129515931,False,True
0,86.04,27.85408007,0,0,1776129515932,False,True
0,86.0,88.2493,0,0,1776129515932,False,True
0,86.0,0.916637,0,0,1776129515932,False,True
0,86.0,11.35445461,0,0,1776129515932,False,True
0,86.0,0.25,0,0,1776129515932,False,True
0,86.0,6.93982616,0,0,1776129515932,False,True
0,85.99,26.53908223,0,0,1776129515932,False,True
0,85.99,4.82,0,0,1776129515941,False,True
0,85.99,19.46096859,0,0,1776129515942,False,True
0,85.97,79.056783,0,0,1776129515949,False,True
0,85.96,270.356657,0,0,1776129515949,False,True
0,85.93,23.23997834,0,0,1776129516073,True,True
0,85.92,0.37,0,0,1776129516099,False,True
0,85.92,21.87,0,0,1776129516111,False,True
0,85.91,1.57,0,0,1776129516123,False,True
0,85.91,1.87,0,0,1776129516127,False,True
0,85.92,20.0,0,0,1776129516239,False,True
0,85.91,1.11104487,0,0,1776129516268,False,True
0,85.9,0.87971379,0,0,1776129516286,False,True
0,85.89,3.17154506,0,0,1776129516286,False,True
0,85.89,29.34491618,0,0,1776129516286,False,True
0,85.92,0.019,0,0,1776129516861,False,True
0,85.91,19.16918,0,0,1776129519951,False,True
0,85.91,0.05554526,0,0,1776129521401,False,True
0,85.92,0.23251758,0,0,1776129523204,True,True
0,85.93,57.24996242,0,0,1776129523204,True,True
0,85.95,0.30666198,0,0,1776129530176,True,True
0,85.94,4.83762856,0,0,1776129540094,False,True
0,85.89,0.32577079,0,0,1776129553678,True,True
0,85.9,1.63697,0,0,1776129562798,True,True
0,85.9,0.29917205,0,0,1776129567236,True,True
0,85.91,7.7625,0,0,1776129567236,True,True
0,85.92,7.7625,0,0,1776129567237,True,True
0,85.92,60.09423102,0,0,1776129567237,True,True
0,85.92,114.40276898,0,0,1776129567237,True,True
0,85.92,81.44977301,0,0,1776129567237,True,True
0,85.93,7.7625,0,0,1776129567238,True,True
0,85.93,15.0,0,0,1776129567238,True,True
0,85.93,29.10232143,0,0,1776129567238,True,True
0,85.93,116.37846391,0,0,1776129567238,True,True
0,85.94,7.7625,0,0,1776129567238,True,True
0,85.94,11.37382466,0,0,1776129567238,True,True
0,85.94,4.64889978,0,0,1776129567239,True,True
0,85.94,0.25,0,0,1776129567239,True,True
0,85.95,7.7625,0,0,1776129567239,True,True
0,85.95,7.8,0,0,1776129567239,True,True
0,85.95,83.269898,0,0,1776129567239,True,True
0,85.96,7.7625,0,0,1776129567239,True,True
0,85.96,11.63331782,0,0,1776129567239,True,True
0,85.96,11.63331782,0,0,1776129567239,True,True
0,85.97,7.7625,0,0,1776129567239,True,True
0,85.97,581.725,0,0,1776129567239,True,True
0,85.97,90.44019636,0,0,1776129567239,True,True
0,85.96,50.82005082,0,0,1776129567246,True,True
0,85.97,6.60271433,0,0,1776129567251,True,True
0,85.97,5.70488412,0,0,1776129567261,True,True
0,85.97,5.92708051,0,0,1776129567262,True,True
0,85.97,25.0,0,0,1776129567262,True,True
0,85.98,4.80434659,0,0,1776129567267,True,True
0,85.98,4.80434659,0,0,1776129567272,True,True
0,85.98,4.80434659,0,0,1776129567273,True,True
0,85.98,65.01497323,0,0,1776129567283,True,True
0,86.01,4.80602233,0,0,1776129567372,True,True
0,86.01,3.19397767,0,0,1776129567399,True,True
0,86.01,93.615437,0,0,1776129567399,True,True
0,86.05,3.27977011,0,0,1776129571658,True,True
0,86.05,0.59090476,0,0,1776129571658,True,True
0,86.06,0.60049303,0,0,1776129571658,True,True
0,86.05,0.02267518,0,0,1776129579053,True,True
0,86.04,0.95953867,0,0,1776129580137,False,True
0,86.04,7.7625,0,0,1776129580137,False,True
0,86.04,35.40405133,0,0,1776129580137,False,True
0,86.04,0.71463,0,0,1776129583844,False,True
0,86.05,0.034876,0,0,1776129583864,True,True
0,86.04,0.2729771,0,0,1776129587456,False,True
0,86.04,3.33117252,0,0,1776129593636,False,True
0,86.04,2.48007806,0,0,1776129593636,False,True
0,86.05,0.52765706,0,0,1776129594343,True,True
0,86.06,2.40413133,0,0,1776129594438,True,True
0,86.06,2.22214171,0,0,1776129594487,True,True
0,86.06,3.606197,0,0,1776129594488,True,True
0,86.06,2.40413133,0,0,1776129594537,True,True
0,86.06,3.606197,0,0,1776129594554,True,True
0,86.05,0.019,0,0,1776129602787,False,True
0,86.06,0.046737,0,0,1776129602910,True,True
0,86.06,10.06359999,0,0,1776129603808,True,True
0,86.03,0.03535,0,0,1776129613618,True,True
0,86.03,0.58233184,0,0,1776129618858,True,True
0,86.04,0.07507816,0,0,1776129618858,True,True
0,86.0,0.57906977,0,0,1776129638291,True,True
0,86.0,0.05352,0,0,1776129645975,True,True
0,86.0,1.66709,0,0,1776129650879,True,True
0,85.99,1.63697,0,0,1776129666229,False,True
0,86.0,0.32558139,0,0,1776129670708,True,True
0,86.0,0.01518056,0,0,1776129675251,True,True
0,86.03,0.019,0,0,1776129676732,False,True
0,86.05,20.90655,0,0,1776129679696,True,True
0,86.04,6.46028794,0,0,1776129683179,False,True
0,86.04,0.10301447,0,0,1776129683548,False,True
0,86.05,0.32213,0,0,1776129719859,True,True
0,86.05,55.23861872,0,0,1776129732074,True,True
0,86.06,51.85776105,0,0,1776129732074,True,True
0,86.06,103.09025052,0,0,1776129732074,True,True
0,86.08,75.0,0,0,1776129739964,True,True
0,86.09,10.40645531,0,0,1776129749107,False,True
0,86.06,0.019,0,0,1776129770676,False,True
0,86.07,0.55077789,0,0,1776129773365,True,True
0,86.07,7.7625,0,0,1776129773365,True,True
0,86.07,2.83060045,0,0,1776129773365,True,True
0,86.07,0.11147166,0,0,1776129773365,True,True
0,86.07,0.53898,0,0,1776129779564,True,True
0,86.05,0.05163316,0,0,1776129790897,True,True
0,86.05,0.27368344,0,0,1776129790897,True,True
0,86.04,1.78182,0,0,1776129809894,False,True
0,86.03,0.5960279,0,0,1776129849057,True,True
0,86.03,7.7625,0,0,1776129849057,True,True
0,86.03,1.6822721,0,0,1776129849057,True,True
0,86.03,0.1055,0,0,1776129853442,True,True
0,86.01,0.59310181,0,0,1776129857487,True,True
0,86.01,7.16939819,0,0,1776129857487,True,True
0,86.01,0.59310181,0,0,1776129857498,True,True
0,86.02,1.28524154,0,0,1776129857498,True,True
0,86.02,6.47725846,0,0,1776129857501,True,True
0,86.03,7.657,0,0,1776129857501,True,True
0,86.03,16.39827925,0,0,1776129857501,True,True
0,86.03,7.21154377,0,0,1776129857502,True,True
0,86.03,9.0228472,0,0,1776129857507,True,True
0,86.01,0.019,0,0,1776129868269,False,True
0,85.99,0.5042,0,0,1776129872732,True,True
0,86.0,0.02429,0,0,1776129884290,False,True
0,85.99,12.0,0,0,1776129893854,False,True
0,85.99,18.53253771,0,0,1776129893854,False,True
0,85.99,64.86888152,0,0,1776129893858,False,True
0,85.99,3.60703527,0,0,1776129893858,False,True
0,85.99,12.02345644,0,0,1776129893859,False,True
0,85.99,17.26068122,0,0,1776129893861,False,True
0,85.95,0.034876,0,0,1776129900560,False,True
0,85.95,1.11939734,0,0,1776129908406,False,True
0,85.95,3.68997929,0,0,1776129908406,False,True
0,85.95,13.49067053,0,0,1776129908414,False,True
0,85.95,2.39948765,0,0,1776129908416,False,True
0,85.95,5.12456712,0,0,1776129908421,False,True
0,85.92,0.08607877,0,0,1776129909514,True,True
0,85.94,0.23965412,0,0,1776129909514,True,True
0,85.92,0.02277,0,0,1776129911342,True,True
0,85.91,0.13551224,0,0,1776129912560,False,True
0,85.93,0.56895373,0,0,1776129913584,True,True
0,85.94,6.84326053,0,0,1776129913584,True,True
0,85.91,1.16682188,0,0,1776129927829,False,True
0,85.92,0.81875,0,0,1776129950606,True,True
0,85.92,0.02270833,0,0,1776129953160,True,True
0,85.92,0.27198652,0,0,1776129957580,True,True
0,85.91,0.02333,0,0,1776129974778,False,True
0,85.91,0.02329,0,0,1776129975014,False,True
0,85.89,4.52458243,0,0,1776129977879,False,True
0,85.9,0.76598356,0,0,1776129994596,False,True
0,85.9,0.019,0,0,1776129998124,False,True
0,85.88,0.5963648,0,0,1776130010640,True,True
0,85.88,3.16035707,0,0,1776130010640,True,True
0,85.89,7.7625,0,0,1776130010640,True,True
0,85.89,10.72297284,0,0,1776130010640,True,True
0,85.89,107.75879022,0,0,1776130010640,True,True
0,85.88,0.05898,0,0,1776130020983,False,True
0,85.88,3.37827,0,0,1776130023885,False,True
0,85.92,0.32599837,0,0,1776130031130,True,True
0,85.91,0.56368,0,0,1776130036562,True,True
0,85.91,0.15537,0,0,1776130053259,False,True
0,85.91,0.5042,0,0,1776130060435,False,True
0,85.92,0.34990088,0,0,1776130061013,True,True
0,85.95,0.00075017,0,0,1776130061013,True,True
0,85.94,3.27515911,0,0,1776130071024,True,True
0,85.94,0.01776366,0,0,1776130071024,True,True
0,85.94,54.88720293,0,0,1776130071024,True,True
0,85.94,0.56368,0,0,1776130075194,True,True
0,85.94,0.07912726,0,0,1776130075194,True,True
0,85.94,0.019,0,0,1776130092774,False,True
0,85.95,0.02281,0,0,1776130103034,True,True
0,85.95,0.02281,0,0,1776130103034,True,True
0,85.95,0.22,0,0,1776130109957,True,True
0,85.95,0.05846,0,0,1776130125300,False,True
0,85.95,0.33212794,0,0,1776130143570,True,True
0,85.95,2.20678206,0,0,1776130143570,True,True
0,85.93,0.20187,0,0,1776130147924,False,True
0,85.94,0.32577079,0,0,1776130148595,True,True
0,85.94,0.22256973,0,0,1776130150451,True,True
0,85.94,0.32836495,0,0,1776130150451,True,True
0,85.93,0.15981,0,0,1776130164504,True,True
0,85.91,0.20079153,0,0,1776130204364,True,True
0,85.9,2.5,0,0,1776130205726,False,True
0,85.9,0.35278279,0,0,1776130216521,False,True
0,85.9,0.18619759,0,0,1776130226790,False,True
0,85.9,0.49213952,0,0,1776130226790,False,True
0,85.9,0.08026057,0,0,1776130226790,False,True
0,85.9,0.02566326,0,0,1776130226790,False,True
0,85.9,1.23239728,0,0,1776130226790,False,True
0,85.9,0.48283203,0,0,1776130226790,False,True
0,85.9,0.02247661,0,0,1776130226790,False,True
0,85.9,1.2530293,0,0,1776130226790,False,True
0,85.91,0.01691,0,0,1776130231205,True,True
0,85.91,0.13654,0,0,1776130233454,True,True
0,85.9,0.01669136,0,0,1776130233799,False,True
0,85.88,0.03338272,0,0,1776130233799,False,True
0,85.88,0.10592592,0,0,1776130233799,False,True
0,85.89,0.03338272,0,0,1776130236089,True,True
0,85.89,0.22809652,0,0,1776130236089,True,True
0,85.89,1.90715076,0,0,1776130236089,True,True
0,85.89,0.32599837,0,0,1776130264003,True,True
0,85.9,0.01688,0,0,1776130269664,True,True
0,85.9,0.1925128,0,0,1776130308121,True,True
0,85.9,0.3081872,0,0,1776130308121,True,True
0,85.86,0.01692,0,0,1776130343343,False,True
0,85.87,0.32607429,0,0,1776130377967,True,True
0,85.87,0.22636791,0,0,1776130396874,True,True
0,85.87,1.30157268,0,0,1776130396970,True,True
0,85.86,0.56308,0,0,1776130397467,False,True
0,85.86,2.43692,0,0,1776130397467,False,True
0,85.86,0.67889391,0,0,1776130406464,False,True
0,85.86,12.0,0,0,1776130406464,False,True
0,85.86,8.86266445,0,0,1776130406464,False,True
0,85.86,0.35065105,0,0,1776130428942,False,True
0,85.86,101.7632,0,0,1776130441279,False,True
0,85.86,14.70546992,0,0,1776130441280,False,True
0,85.86,1.29058956,0,0,1776130441280,False,True
0,85.86,3.07530141,0,0,1776130441280,False,True
0,85.86,31.81023911,0,0,1776130441280,False,True
0,85.86,25.4408,0,0,1776130441282,False,True
0,85.86,0.53601502,0,0,1776130444172,True,True
0,85.86,7.7625,0,0,1776130444172,True,True
0,85.87,0.00332139,0,0,1776130444172,True,True
0,85.87,7.7625,0,0,1776130444172,True,True
0,85.87,3.18315776,0,0,1776130444172,True,True
0,85.87,11.64551065,0,0,1776130444172,True,True
0,85.87,38.10699518,0,0,1776130444172,True,True
0,85.84,0.03066286,0,0,1776130460686,True,True
0,85.87,1.09337,0,0,1776130467585,True,True
0,85.86,0.53370238,0,0,1776130469336,True,True
0,85.87,0.04864096,0,0,1776130469336,True,True
0,85.88,0.53107637,0,0,1776130477202,True,True
0,85.89,2.72485363,0,0,1776130477202,True,True
0,85.88,0.01893688,0,0,1776130484221,True,True
0,85.88,0.50923017,0,0,1776130485259,True,True
0,85.88,1.08333467,0,0,1776130485259,True,True
0,85.87,7.7625,0,0,1776130491250,True,True
0,85.87,0.52562155,0,0,1776130491250,True,True
0,85.87,3.19943208,0,0,1776130491250,True,True
0,85.88,7.7625,0,0,1776130491250,True,True
0,85.88,11.64415463,0,0,1776130491250,True,True
0,85.88,11.64415463,0,0,1776130491250,True,True
0,85.88,86.02163711,0,0,1776130491250,True,True
0,85.86,12.7204,0,0,1776130491290,False,True
0,85.87,0.32603632,0,0,1776130496277,True,True
0,85.85,0.21043349,0,0,1776130502808,False,True
0,85.86,1.7380391,0,0,1776130516547,True,True
0,85.86,39.71277861,0,0,1776130516547,True,True
0,85.86,4.80882386,0,0,1776130524080,True,True
0,85.86,4.80882082,0,0,1776130524126,True,True
0,85.86,3.60661562,0,0,1776130524126,True,True
0,85.86,3.60661493,0,0,1776130524126,True,True
0,85.86,18.45634616,0,0,1776130524127,True,True
0,85.9,0.19446933,0,0,1776130524503,True,True
0,85.91,7.7625,0,0,1776130524503,True,True
0,85.91,32.09787719,0,0,1776130524503,True,True
0,85.91,28.94515348,0,0,1776130524503,True,True
0,85.9,6.3602,0,0,1776130524509,False,True
0,85.9,3.1801,0,0,1776130524510,False,True
0,85.9,0.046737,0,0,1776130531126,False,True
0,85.9,0.049104,0,0,1776130534930,True,True
0,85.9,0.06866,0,0,1776130536951,True,True
0,85.91,1.13839,0,0,1776130554586,True,True
0,85.91,0.22553,0,0,1776130559377,True,True
0,85.91,0.26161799,0,0,1776130564167,True,True
0,85.91,0.3489229,0,0,1776130566700,True,True
0,85.91,7.21975752,0,0,1776130571207,True,True
0,85.91,17.41957271,0,0,1776130571208,True,True
0,85.91,40.559474,0,0,1776130571213,True,True
0,85.91,7.82673488,0,0,1776130571214,True,True
0,85.92,0.39750507,0,0,1776130571289,True,True
0,85.93,1.5901,0,0,1776130572404,False,True
0,85.93,0.795,0,0,1776130572405,False,True
0,85.93,0.3975,0,0,1776130572406,False,True
0,85.93,0.1988,0,0,1776130572408,False,True
0,85.93,0.0994,0,0,1776130572409,False,True
0,85.93,0.0497,0,0,1776130572419,False,True
0,85.93,0.0248,0,0,1776130572422,False,True
0,85.94,2.0,0,0,1776130577504,True,True
0,85.95,0.46522199,0,0,1776130577674,True,True
0,85.95,0.41863874,0,0,1776130577674,True,True
0,85.97,0.21263231,0,0,1776130592467,True,True
0,85.95,0.06,0,0,1776130594693,False,True
0,85.96,0.29673057,0,0,1776130602428,True,True
0,85.96,7.7625,0,0,1776130602428,True,True
0,85.97,7.7625,0,0,1776130602428,True,True
0,85.97,2.21127788,0,0,1776130602428,True,True
0,85.98,7.7625,0,0,1776130602428,True,True
0,85.98,3.42182601,0,0,1776130602428,True,True
0,85.98,21.79238145,0,0,1776130602428,True,True
0,85.98,17.99028409,0,0,1776130602428,True,True
0,85.95,0.11267,0,0,1776130609935,True,True
0,85.95,0.32573289,0,0,1776130610774,True,True
0,85.95,0.39558478,0,0,1776130614282,True,True
0,85.96,0.60441522,0,0,1776130614282,True,True
0,85.94,3.49613,0,0,1776130627507,True,True
0,85.92,0.5144538,0,0,1776130651922,True,True
0,85.93,0.649344,0,0,1776130651922,True,True
0,85.91,1.66889,0,0,1776130667923,True,True
0,85.92,0.50603853,0,0,1776130680507,True,True
0,85.92,3.20559534,0,0,1776130680507,True,True
0,85.92,65.28836613,0,0,1776130680507,True,True
0,85.92,0.50359328,0,0,1776130683291,True,True
0,85.94,5.49640672,0,0,1776130683291,True,True
0,85.95,0.12053519,0,0,1776130683959,True,True
0,85.98,0.37790839,0,0,1776130718229,True,True
0,85.98,2.86554786,0,0,1776130718229,True,True
0,85.98,5.66820062,0,0,1776130718229,True,True
0,85.95,0.32577079,0,0,1776130725983,True,True
0,85.97,0.5007,0,0,1776130743706,False,True
0,85.97,3.33333333,0,0,1776130758089,False,True
0,85.96,0.34278699,0,0,1776130758089,False,True
0,85.97,69.0,0,0,1776130759915,True,True
0,85.98,0.98848703,0,0,1776130761203,True,True
0,85.95,0.02247191,0,0,1776130778526,False,True
0,85.97,0.3489229,0,0,1776130797414,False,True
0,85.97,10.14704346,0,0,1776130807125,False,True
0,85.98,0.02095719,0,0,1776130814983,True,True
0,85.98,1.96073737,0,0,1776130816904,True,True
0,86.0,1.93739302,0,0,1776130816904,True,True
0,85.99,3.30547722,0,0,1776130834229,False,True
0,85.99,10.62274846,0,0,1776130834229,False,True
0,85.99,0.17791786,0,0,1776130834626,False,True
0,86.0,0.39676063,0,0,1776130838057,True,True
0,86.0,7.7625,0,0,1776130838057,True,True
0,86.01,7.7625,0,0,1776130838057,True,True
0,86.01,24.7438186,0,0,1776130838057,True,True
0,86.02,7.7625,0,0,1776130838057,True,True
0,86.02,3.06391209,0,0,1776130838057,True,True
0,86.02,17.50800868,0,0,1776130838057,True,True
0,85.98,0.65369,0,0,1776130859954,False,True
0,85.98,0.90969,0,0,1776130860606,False,True
0,85.99,0.42567852,0,0,1776130867724,True,True
0,85.99,2.73215356,0,0,1776130868698,True,True
0,86.04,0.52404,0,0,1776130882892,False,True
0,86.04,0.11637,0,0,1776130901290,True,True
0,86.03,3.23410995,0,0,1776130917981,True,True
0,86.03,7.7625,0,0,1776130917981,True,True
0,86.03,3.24928657,0,0,1776130917981,True,True
0,86.03,0.26747207,0,0,1776130917981,True,True
0,86.04,7.7625,0,0,1776130917981,True,True
0,86.04,46.72413141,0,0,1776130917981,True,True
0,86.01,0.09579546,0,0,1776130926338,False,True
0,86.01,0.12088,0,0,1776130931321,False,True
0,86.04,0.32546786,0,0,1776130958817,True,True
0,86.04,0.04959989,0,0,1776130960153,True,True
0,86.04,1.23924011,0,0,1776130960153,True,True
0,86.04,0.17092,0,0,1776130969525,True,True
0,86.05,2.14473944,0,0,1776130985543,True,True
0,86.05,2.25415925,0,0,1776130996004,True,True
0,86.05,3.41598462,0,0,1776130996005,True,True
0,86.05,17.4008065,0,0,1776131000108,True,True
0,86.09,8.85827447,0,0,1776131000108,True,True
0,86.09,7.7625,0,0,1776131000108,True,True
0,86.09,0.20368757,0,0,1776131000108,True,True
0,86.1,0.2,0,0,1776131000108,True,True
0,86.1,7.7625,0,0,1776131000108,True,True
0,86.1,15.0,0,0,1776131000108,True,True
0,86.1,11.81223146,0,0,1776131000108,True,True
0,86.08,35.37407,0,0,1776131003798,False,True
0,86.1,0.37387572,0,0,1776131011981,True,True
0,86.1,1.81241428,0,0,1776131011981,True,True
0,86.1,0.37250204,0,0,1776131018197,True,True
0,86.1,2.87277796,0,0,1776131018197,True,True
0,86.09,0.37109932,0,0,1776131022229,True,True
0,86.09,1.2799007,0,0,1776131022229,True,True
0,86.13,0.14030642,0,0,1776131032689,True,True
0,86.13,0.25509272,0,0,1776131032689,True,True
0,86.1,1.75106165,0,0,1776131043471,False,True
0,86.09,12.0,0,0,1776131043471,False,True
0,86.09,18.24893835,0,0,1776131043471,False,True
0,86.1,0.37637469,0,0,1776131045865,True,True
0,86.1,6.32803879,0,0,1776131045865,True,True
0,86.11,0.4961,0,0,1776131053967,True,True
0,86.09,3.22479603,0,0,1776131057420,False,True
0,86.09,46.77520397,0,0,1776131057420,False,True
0,86.11,0.05721,0,0,1776131062037,True,True
0,86.07,0.23159983,0,0,1776131067150,True,True
0,86.05,50.0,0,0,1776131076361,False,True
0,86.06,0.14170044,0,0,1776131078321,True,True
0,86.06,0.18361616,0,0,1776131078321,True,True
0,86.06,7.57888384,0,0,1776131080078,True,True
0,86.06,0.37277833,0,0,1776131080078,True,True
0,86.07,7.7625,0,0,1776131080078,True,True
0,86.07,3.07677827,0,0,1776131080078,True,True
0,86.07,50.20905956,0,0,1776131080078,True,True
0,86.06,0.173,0,0,1776131087991,True,True
0,86.06,0.19846663,0,0,1776131088532,True,True
0,86.06,3.56779337,0,0,1776131088532,True,True
0,86.07,0.544,0,0,1776131092400,True,True
0,86.06,40.0,0,0,1776131095239,False,True
0,86.05,0.173,0,0,1776131105080,False,True
0,86.06,0.13796,0,0,1776131106073,True,True
0,86.05,0.26793,0,0,1776131117832,True,True
0,86.05,0.02701,0,0,1776131118839,True,True
0,86.06,0.02991,0,0,1776131136987,False,True
0,86.07,0.68217,0,0,1776131152178,True,True
0,86.07,1.25081646,0,0,1776131157878,True,True
0,86.07,0.36735917,0,0,1776131157878,True,True
0,86.07,7.7625,0,0,1776131157878,True,True
0,86.07,3.50390172,0,0,1776131157878,True,True
0,86.08,7.7625,0,0,1776131157878,True,True
0,86.08,0.47362965,0,0,1776131157878,True,True
0,86.08,47.879293,0,0,1776131157878,True,True
0,86.06,1.0,0,0,1776131161000,False,True
0,86.08,0.05330485,0,0,1776131165300,True,True
0,86.07,0.22993,0,0,1776131165501,False,True
0,86.08,0.31585851,0,0,1776131165507,True,True
0,86.08,7.7625,0,0,1776131165507,True,True
0,86.09,1.60444149,0,0,1776131165507,True,True
0,86.08,0.11269,0,0,1776131168631,False,True
0,86.06,0.01596258,0,0,1776131182404,True,True
0,86.05,0.14811947,0,0,1776131182727,False,True
0,86.04,0.05330485,0,0,1776131190668,False,True
0,86.05,0.32539221,0,0,1776131196911,True,True
0,86.05,0.00672263,0,0,1776131200376,True,True
0,86.05,0.58398048,0,0,1776131200376,True,True
0,86.04,1.05214,0,0,1776131211098,False,True
0,86.03,0.01716,0,0,1776131216507,False,True
0,86.04,22.85054472,0,0,1776131225803,True,True
0,86.02,0.25724,0,0,1776131243408,True,True
0,86.02,2.9,0,0,1776131257262,False,True
0,86.03,1.7349,0,0,1776131274788,True,True
0,86.03,0.03348755,0,0,1776131282751,True,True
0,86.03,0.22755134,0,0,1776131282751,True,True
0,86.03,0.22516,0,0,1776131283586,True,True
0,86.02,0.23159983,0,0,1776131293179,False,True
0,86.03,0.62059785,0,0,1776131297989,True,True
0,86.06,2.00595215,0,0,1776131297989,True,True
0,86.06,3.68178,0,0,1776131304549,True,True
0,86.06,0.14042055,0,0,1776131318008,True,True
0,86.06,0.18493385,0,0,1776131318008,True,True
0,86.07,0.04534394,0,0,1776131322616,True,True
0,86.07,1.05216685,0,0,1776131359674,True,True
0,86.07,0.56264,0,0,1776131360296,True,True
0,86.07,13.38519315,0,0,1776131361813,True,True
0,86.14,0.21192403,0,0,1776131362838,False,True
0,86.14,0.82911392,0,0,1776131362838,False,True
0,86.14,1.33304075,0,0,1776131362838,False,True
0,86.14,0.77603513,0,0,1776131362838,False,True
0,86.09,0.06090978,0,0,1776131381476,True,True
0,86.09,0.22856022,0,0,1776131381476,True,True
0,86.08,0.22736,0,0,1776131416438,True,True
0,86.07,0.02237,0,0,1776131418941,False,True
0,86.08,0.049104,0,0,1776131436267,False,True
0,86.09,0.53861,0,0,1776131437743,True,True
0,86.09,0.32527881,0,0,1776131442169,True,True
0,86.09,0.059231,0,0,1776131449654,True,True
0,86.09,0.68201,0,0,1776131463042,True,True
0,86.09,0.15962,0,0,1776131466211,True,True
0,86.09,0.06818121,0,0,1776131474325,True,True
0,86.11,0.08778899,0,0,1776131474325,True,True
0,86.11,1.0216998,0,0,1776131474325,True,True
0,86.06,0.47321552,0,0,1776131531321,False,True
0,86.06,0.41497589,0,0,1776131544233,False,True
0,86.07,0.30835906,0,0,1776131546449,True,True
0,86.07,1.91395094,0,0,1776131546449,True,True
0,86.08,0.27981815,0,0,1776131550867,True,True
0,86.08,0.3253166,0,0,1776131551177,True,True
0,86.08,0.1742565,0,0,1776131560527,True,True
0,86.07,7.7625,0,0,1776131578238,True,True
0,86.07,0.1317433,0,0,1776131578238,True,True
0,86.07,3.22328091,0,0,1776131578238,True,True
0,86.07,21.72178579,0,0,1776131578238,True,True
0,86.08,0.03966,0,0,1776131583585,True,True
0,86.11,0.3464995,0,0,1776131594229,True,True
0,86.11,0.30468514,0,0,1776131619979,True,True
0,86.11,2.92118874,0,0,1776131619979,True,True
0,86.11,0.28397,0,0,1776131634254,True,True
0,86.11,0.43022,0,0,1776131637341,True,True
0,86.12,0.32516548,0,0,1776131668508,True,True
0,86.1,0.564383,0,0,1776131677463,True,True
0,86.1,0.11359,0,0,1776131677720,True,True
0,86.08,0.31247556,0,0,1776131690022,True,True
0,86.08,2.87055804,0,0,1776131690022,True,True
0,86.08,7.32509828,0,0,1776131690022,True,True
0,86.06,0.22781,0,0,1776131703108,True,True
0,86.06,0.08301932,0,0,1776131705868,True,True
0,86.06,0.07654068,0,0,1776131705868,True,True
0,86.07,1.0907,0,0,1776131707840,True,True
0,86.05,100.0,0,0,1776131712522,False,True
0,86.04,0.28733439,0,0,1776131718983,False,True
0,86.05,0.68770657,0,0,1776131739913,True,True
0,86.05,0.30997008,0,0,1776131739913,True,True
0,86.07,0.43760335,0,0,1776131739913,True,True
0,86.06,3.0,0,0,1776131744325,True,True
0,86.07,0.63246662,0,0,1776131760966,False,True
0,86.04,0.30794255,0,0,1776131784646,True,True
0,86.05,0.03831533,0,0,1776131784646,True,True
0,86.04,0.30736543,0,0,1776131787652,True,True
0,86.04,0.01791338,0,0,1776131787652,True,True
0,86.04,0.4961,0,0,1776131794958,False,True
0,86.05,0.17433751,0,0,1776131796073,True,True
0,86.05,0.02027964,0,0,1776131799171,True,True
0,86.05,0.1132,0,0,1776131812786,True,True
0,86.03,0.40299393,0,0,1776131822994,False,True
0,86.02,3.88170607,0,0,1776131822994,False,True
0,86.03,0.30511959,0,0,1776131826840,True,True
0,86.03,0.07115041,0,0,1776131826840,True,True
0,86.02,0.12385,0,0,1776131836451,True,True
0,86.02,0.17975467,0,0,1776131838324,True,True
0,86.03,0.18072184,0,0,1776131838324,True,True
0,86.02,0.30165919,0,0,1776131850764,True,True
0,86.04,7.7625,0,0,1776131850764,True,True
0,86.04,1.17742655,0,0,1776131850764,True,True
0,86.02,0.05727,0,0,1776131857043,True,True
0,86.02,0.24270406,0,0,1776131857089,True,True
0,86.02,0.84862594,0,0,1776131857089,True,True
0,86.03,0.29864982,0,0,1776131864697,True,True
0,86.03,3.13776803,0,0,1776131864697,True,True
0,86.03,0.58356215,0,0,1776131864697,True,True
0,86.01,0.29730746,0,0,1776131884012,True,True
0,86.01,0.24164254,0,0,1776131884012,True,True
0,86.01,0.13805,0,0,1776131892278,True,True
0,86.0,3.26659691,0,0,1776131899653,False,True
0,86.0,56.74017309,0,0,1776131899653,False,True
0,86.01,0.15773455,0,0,1776131908404,True,True
0,86.01,0.16780899,0,0,1776131908404,True,True
0,86.0,0.25,0,0,1776131916197,False,True
0,85.98,0.76502371,0,0,1776131916197,False,True
0,86.0,0.05196,0,0,1776131922355,True,True
0,86.0,0.58940363,0,0,1776131938337,False,True
0,85.99,0.69275738,0,0,1776131940613,False,True
0,85.99,0.03018,0,0,1776131975171,True,True
0,85.99,2.0,0,0,1776131989354,True,True
0,85.99,0.0171,0,0,1776132000060,True,True
0,85.98,0.03308,0,0,1776132001406,False,True
0,85.99,0.21072934,0,0,1776132011654,True,True
0,85.99,0.48012066,0,0,1776132011654,True,True
0,85.99,0.0581463,0,0,1776132014042,True,True
0,85.98,1.8601343,0,0,1776132015726,False,True
0,85.98,0.15352407,0,0,1776132015726,False,True
0,85.95,6.33303908,0,0,1776132015726,False,True
0,85.95,0.13367119,0,0,1776132015726,False,True
0,85.95,0.29204783,0,0,1776132019377,True,True
0,85.95,0.03357142,0,0,1776132019377,True,True
0,85.95,0.29107733,0,0,1776132024458,True,True
0,85.96,0.97872115,0,0,1776132024458,True,True
0,85.95,0.29009685,0,0,1776132033965,True,True
0,85.95,0.43569789,0,0,1776132033965,True,True
0,85.94,1.15683,0,0,1776132038445,False,True
0,85.94,0.28796901,0,0,1776132048565,True,True
0,85.94,0.75101099,0,0,1776132048565,True,True
0,85.93,0.1154436,0,0,1776132060424,False,True
0,85.94,0.28672698,0,0,1776132087354,True,True
0,85.94,0.89050867,0,0,1776132087354,True,True
0,85.94,0.23055935,0,0,1776132089062,True,True
0,85.93,0.0546048,0,0,1776132095367,True,True
0,85.94,0.1182052,0,0,1776132095367,True,True
0,85.92,72.62706717,0,0,1776132098127,False,True
0,85.92,0.2,0,0,1776132099232,True,True
0,85.95,0.62372654,0,0,1776132102957,True,True
0,85.95,0.08470161,0,0,1776132102957,True,True
0,85.95,3.4719951,0,0,1776132102957,True,True
0,85.95,7.7625,0,0,1776132102957,True,True
0,85.96,0.18646579,0,0,1776132104176,True,True
0,85.96,0.4923,0,0,1776132105839,True,True
0,85.94,7.7625,0,0,1776132107464,True,True
0,85.94,0.28443726,0,0,1776132107464,True,True
0,85.95,7.7625,0,0,1776132107464,True,True
0,85.95,22.29058031,0,0,1776132107464,True,True
0,85.93,0.0395,0,0,1776132108424,True,True
0,85.92,0.24477578,0,0,1776132110481,True,True
0,85.93,0.83712422,0,0,1776132110481,True,True
0,85.91,0.28187461,0,0,1776132129347,True,True
0,85.91,0.91403539,0,0,1776132129347,True,True
0,85.91,1.12737,0,0,1776132134131,True,True
0,85.9,0.0763,0,0,1776132136249,True,True
0,85.89,0.2041991,0,0,1776132136788,True,True
0,85.9,0.12172337,0,0,1776132136788,True,True
0,85.88,0.02322,0,0,1776132141251,False,True
0,85.9,6.04363,0,0,1776132159128,False,True
0,85.91,0.27952765,0,0,1776132163052,True,True
0,85.92,0.09741235,0,0,1776132163052,True,True
0,85.91,0.27850321,0,0,1776132166470,True,True
0,85.91,0.19818,0,0,1776132173411,False,True
0,85.92,1.44416,0,0,1776132174131,True,True
0,85.96,0.94673603,0,0,1776132177581,False,True
0,85.98,0.17458101,0,0,1776132188676,True,True
0,85.98,0.10263347,0,0,1776132191962,True,True
0,85.99,0.21302257,0,0,1776132191962,True,True
0,85.94,0.1569,0,0,1776132202114,True,True
0,85.94,0.05592833,0,0,1776132203516,True,True
0,85.91,1.42242,0,0,1776132217111,False,True
0,85.92,0.06337287,0,0,1776132218452,True,True
0,85.93,0.29802096,0,0,1776132218452,True,True
0,85.92,0.02994,0,0,1776132220383,True,True
0,85.91,0.24595801,0,0,1776132231500,True,True
0,85.92,0.03588199,0,0,1776132231500,True,True
0,85.9,0.1406821,0,0,1776132247206,True,True
0,85.9,0.18520244,0,0,1776132247206,True,True
0,85.9,0.03726071,0,0,1776132256452,False,True
0,85.93,0.08909768,0,0,1776132263244,True,True
0,85.94,0.34208232,0,0,1776132263244,True,True
0,85.95,0.17363,0,0,1776132278843,True,True
0,85.92,0.4583,0,0,1776132288781,False,True
0,85.92,0.09877432,0,0,1776132300415,True,True
0,85.92,0.46169016,0,0,1776132300415,True,True
0,85.93,1.67343121,0,0,1776132313397,True,True
0,85.96,0.6,0,0,1776132315936,False,True
0,85.94,0.27201774,0,0,1776132327302,True,True
0,85.95,0.32801396,0,0,1776132327302,True,True
0,85.95,0.27008788,0,0,1776132334201,True,True
0,85.96,15.0,0,0,1776132334201,True,True
0,85.96,7.7625,0,0,1776132334201,True,True
0,85.97,7.7625,0,0,1776132334201,True,True
0,85.97,17.38555033,0,0,1776132334202,True,True
0,85.97,24.03851197,0,0,1776132334202,True,True
0,85.98,7.7625,0,0,1776132334203,True,True
0,85.98,24.7133485,0,0,1776132334203,True,True
0,85.98,20.40645282,0,0,1776132334203,True,True
0,85.98,116.31686807,0,0,1776132334203,True,True
0,85.99,7.7625,0,0,1776132334203,True,True
0,85.99,6.0,0,0,1776132334203,True,True
0,85.99,174.55,0,0,1776132334203,True,True
0,85.99,10.202838,0,0,1776132334203,True,True
0,86.0,7.7625,0,0,1776132334207,True,True
0,86.0,0.25,0,0,1776132334207,True,True
0,86.0,174.492,0,0,1776132334207,True,True
0,86.0,32.06519547,0,0,1776132334207,True,True
0,86.0,0.25,0,0,1776132334225,True,True
0,86.01,9.15284007,0,0,1776132334240,True,True
0,86.02,87.099867,0,0,1776132334240,True,True
0,86.0,1.41465471,0,0,1776132334249,True,True
0,86.0,4.58534529,0,0,1776132334250,True,True
0,86.0,17.240266,0,0,1776132334250,True,True
0,86.02,0.25,0,0,1776132334283,True,True
0,86.05,0.2522959,0,0,1776132337135,True,True
0,86.05,3.29288605,0,0,1776132337135,True,True
0,86.05,2.63989805,0,0,1776132337135,True,True
0,86.05,0.25154607,0,0,1776132338467,True,True
0,86.05,0.90593903,0,0,1776132338467,True,True
0,86.01,0.048019,0,0,1776132341180,True,True
0,86.01,0.02451,0,0,1776132343700,True,True
0,86.0,0.059231,0,0,1776132352706,False,True
0,86.01,0.059135,0,0,1776132357154,True,True
0,86.02,0.11760458,0,0,1776132365383,True,True
0,86.03,0.20793896,0,0,1776132365383,True,True
0,86.1,0.28473,0,0,1776132388844,True,True
0,86.07,0.0372,0,0,1776132395894,True,True
0,86.07,0.21134993,0,0,1776132398822,True,True
0,86.07,0.78865007,0,0,1776132398822,True,True
0,86.05,0.24301,0,0,1776132401856,False,True
0,86.06,0.02701,0,0,1776132414289,True,True
0,86.06,0.29261,0,0,1776132416512,True,True
0,86.05,0.0483,0,0,1776132424746,False,True
0,86.04,0.44782825,0,0,1776132436005,True,True
0,86.02,0.22107873,0,0,1776132440043,True,True
0,86.02,0.81661127,0,0,1776132440043,True,True
0,86.01,0.23055935,0,0,1776132441701,False,True
0,86.01,0.12385,0,0,1776132451333,True,True
0,85.98,0.02991,0,0,1776132453920,False,True
0,85.99,0.11457,0,0,1776132458262,True,True
0,85.99,0.13169454,0,0,1776132458310,True,True
0,86.01,0.96801546,0,0,1776132458310,True,True
0,86.0,0.05315882,0,0,1776132461104,True,True
0,86.0,0.24583239,0,0,1776132468244,True,True
0,86.0,1.45997761,0,0,1776132468244,True,True
0,86.0,0.24514641,0,0,1776132468747,True,True
0,86.01,15.0,0,0,1776132468747,True,True
0,86.01,0.12499616,0,0,1776132468747,True,True
0,86.01,2.40413109,0,0,1776132468747,True,True
0,86.01,18.29642478,0,0,1776132468747,True,True
0,86.01,3.39592886,0,0,1776132468747,True,True
0,86.01,9.61651981,0,0,1776132468748,True,True
0,86.05,0.04208007,0,0,1776132470961,True,True
0,86.07,0.24326489,0,0,1776132470961,True,True
0,86.08,0.25902504,0,0,1776132470961,True,True
0,86.08,0.31356,0,0,1776132471084,True,True
0,86.08,0.32527881,0,0,1776132477782,True,True
0,86.08,0.11419609,0,0,1776132496709,True,True
0,86.08,0.37785739,0,0,1776132497819,False,True
0,86.12,0.15812,0,0,1776132501058,False,True
0,86.13,0.37981,0,0,1776132506887,True,True
0,86.13,0.11431629,0,0,1776132506965,True,True
0,86.13,1.12449,0,0,1776132511352,True,True
0,86.11,0.05315882,0,0,1776132518873,False,True
0,86.1,1.19699878,0,0,1776132526601,False,True
0,86.12,0.12726375,0,0,1776132535777,True,True
0,86.13,0.08641625,0,0,1776132535777,True,True
0,86.14,0.08729974,0,0,1776132540651,True,True
0,86.09,0.15023782,0,0,1776132566009,True,True
0,86.1,1.84976218,0,0,1776132566009,True,True
0,86.1,3.90690355,0,0,1776132575975,False,True
0,86.1,12.95081645,0,0,1776132575975,False,True
0,86.09,0.23705882,0,0,1776132582362,True,True
0,86.09,4.99002916,0,0,1776132582362,True,True
0,86.06,0.2359939,0,0,1776132592930,True,True
0,86.06,0.08924712,0,0,1776132592930,True,True
0,86.07,0.02093528,0,0,1776132602603,True,True
0,86.07,0.15958,0,0,1776132610584,True,True
0,86.04,0.2138,0,0,1776132618602,True,True
0,86.04,0.23369086,0,0,1776132629218,True,True
0,86.04,1.44573098,0,0,1776132629218,True,True
0,86.0,0.2329209,0,0,1776132642955,True,True
0,86.0,0.8347791,0,0,1776132642955,True,True
0,85.99,0.23217685,0,0,1776132648632,True,True
0,86.0,20.26134361,0,0,1776132648632,True,True
0,86.01,7.7625,0,0,1776132648634,True,True
0,86.01,15.0,0,0,1776132648634,True,True
0,86.02,7.7625,0,0,1776132648634,True,True
0,86.02,31.9255,0,0,1776132648634,True,True
0,86.03,6.41260824,0,0,1776132648641,True,True
0,86.03,7.76249176,0,0,1776132648641,True,True
0,86.03,24.290094,0,0,1776132648641,True,True
0,86.04,1.83984941,0,0,1776132648641,True,True
0,86.04,6.29765985,0,0,1776132648641,True,True
0,86.04,19.3823,0,0,1776132648645,True,True
0,86.04,37.87935,0,0,1776132648648,True,True
0,86.04,15.93631715,0,0,1776132648655,True,True
0,86.07,5.7301,0,0,1776132648655,True,True
0,86.07,19.3796,0,0,1776132648656,True,True
0,86.07,55.837677,0,0,1776132648665,True,True
0,86.09,5.81496263,0,0,1776132648665,True,True
0,86.1,7.10986037,0,0,1776132648665,True,True
0,86.1,46.0,0,0,1776132648671,True,True
0,86.1,11.6144,0,0,1776132648688,True,True
0,86.1,16.57415763,0,0,1776132648700,True,True
0,86.13,19.0,0,0,1776132648703,True,True
0,86.14,11.60900859,0,0,1776132648703,True,True
0,86.14,0.22901548,0,0,1776132648768,True,True
0,86.15,72.986309,0,0,1776132648781,True,True
0,86.16,3.25776905,0,0,1776132648800,False,True
0,86.15,7.7625,0,0,1776132648800,False,True
0,86.14,7.7625,0,0,1776132648800,False,True
0,86.14,4.46685402,0,0,1776132648800,False,True
0,86.16,5.12850913,0,0,1776132648847,False,True
0,86.17,1.15322542,0,0,1776132648856,True,True
0,86.21,144.057,0,0,1776132649988,False,True
0,86.21,53.37237186,0,0,1776132649988,False,True
0,86.19,0.048019,0,0,1776132660631,False,True
0,86.2,0.08607,0,0,1776132667587,True,True
0,86.2,0.14258764,0,0,1776132669902,True,True
0,86.2,2.07659236,0,0,1776132669902,True,True
0,86.22,3.25776905,0,0,1776132670682,False,True
0,86.22,2.55782095,0,0,1776132670682,False,True
0,86.23,0.03399906,0,0,1776132671914,True,True
0,86.23,0.03346355,0,0,1776132672897,False,True
0,86.24,0.03399743,0,0,1776132673206,True,True
0,86.25,0.03399579,0,0,1776132675863,True,True
0,86.25,0.02844942,0,0,1776132675863,True,True
0,86.25,0.21390106,0,0,1776132681135,True,True
0,86.25,1.0660895,0,0,1776132681135,True,True
0,86.25,12.23243,0,0,1776132681916,False,True
0,86.23,7.7625,0,0,1776132700176,True,True
0,86.23,0.23169338,0,0,1776132700176,True,True
0,86.24,8.45318288,0,0,1776132700176,True,True
0,86.23,0.23128023,0,0,1776132709094,True,True
0,86.23,0.09339509,0,0,1776132709094,True,True
0,86.23,1.07801,0,0,1776132719607,True,True
0,86.26,0.03399416,0,0,1776132738471,True,True
0,86.27,0.03254503,0,0,1776132738471,True,True
0,86.27,0.0014475,0,0,1776132744974,True,True
0,86.27,0.22967867,0,0,1776132744974,True,True
0,86.27,0.74256103,0,0,1776132744974,True,True
0,86.26,0.34774545,0,0,1776132759870,True,True
0,86.23,0.10704,0,0,1776132765737,True,True
0,86.23,0.22722822,0,0,1776132775178,True,True
0,86.23,0.31069178,0,0,1776132775178,True,True
0,86.22,4.63929482,0,0,1776132775358,False,True
0,86.19,0.21353,0,0,1776132784588,True,True
0,86.2,0.4923,0,0,1776132790383,False,True
0,86.22,0.01194794,0,0,1776132792931,True,True
0,86.23,0.13651206,0,0,1776132792931,True,True
0,86.21,1.00530078,0,0,1776132797334,True,True
0,86.2,5.83896,0,0,1776132800533,False,True
0,86.21,0.22544815,0,0,1776132815267,True,True
0,86.21,0.89800185,0,0,1776132815267,True,True
0,86.2,0.04437,0,0,1776132815514,False,True
0,86.21,0.3247883,0,0,1776132824768,True,True
0,86.21,0.22448899,0,0,1776132848425,True,True
0,86.21,1.32789101,0,0,1776132848425,True,True
0,86.2,0.28929995,0,0,1776132855555,False,True
0,86.19,1.00156449,0,0,1776132871486,False,True
0,86.2,0.70865471,0,0,1776132871868,True,True
0,86.2,0.22595992,0,0,1776132871868,True,True
0,86.21,1.30089537,0,0,1776132871868,True,True
0,86.19,0.01961,0,0,1776132873290,False,True
0,86.2,0.14318,0,0,1776132873826,True,True
0,86.21,0.09327489,0,0,1776132902472,True,True
0,86.21,0.01906511,0,0,1776132902472,True,True
0,86.21,0.15099,0,0,1776132914207,True,True
0,86.19,12.0,0,0,1776132924809,False,True
0,86.19,2.42813407,0,0,1776132924809,False,True
0,86.19,3.60704089,0,0,1776132924813,False,True
0,86.19,36.07034633,0,0,1776132924819,False,True
0,86.19,2.40469544,0,0,1776132924829,False,True
0,86.19,71.50153368,0,0,1776132924830,False,True
0,86.19,0.24531199,0,0,1776132924830,False,True
0,86.19,33.06980539,0,0,1776132924830,False,True
0,86.17,25.50533534,0,0,1776132924845,False,True
0,86.14,0.24044362,0,0,1776132925792,True,True
0,86.15,0.8659105,0,0,1776132925792,True,True
0,86.13,0.03448,0,0,1776132943043,True,True
0,86.13,0.3250145,0,0,1776132944866,True,True
0,86.13,1.15186346,0,0,1776132953208,True,True
0,86.13,0.15196718,0,0,1776132960848,True,True
0,86.13,0.20526048,0,0,1776132960848,True,True
0,86.15,15.0,0,0,1776132960943,True,True
0,86.18,0.23940492,0,0,1776132968768,True,True
0,86.2,7.7625,0,0,1776132968768,True,True
0,86.2,31.98669912,0,0,1776132968768,True,True
0,86.2,15.0,0,0,1776132968768,True,True
0,86.2,24.67508464,0,0,1776132968768,True,True
0,86.2,36.9268,0,0,1776132968768,True,True
0,86.21,7.7625,0,0,1776132968768,True,True
0,86.21,25.50533534,0,0,1776132968768,True,True
0,86.21,45.85440584,0,0,1776132968768,True,True
0,86.21,174.118,0,0,1776132968768,True,True
0,86.21,116.00633197,0,0,1776132968768,True,True
0,86.21,3.10586577,0,0,1776132968768,True,True
0,86.21,54.599,0,0,1776132968768,True,True
0,86.22,7.7625,0,0,1776132968768,True,True
0,86.22,10.202838,0,0,1776132968768,True,True
0,86.22,0.25,0,0,1776132968768,True,True
0,86.22,18.49108069,0,0,1776132968768,True,True
0,86.2,0.034,0,0,1776132989464,False,True
0,86.2,0.05629,0,0,1776133000198,False,True
0,86.2,3.50497527,0,0,1776133008273,False,True
0,86.21,0.99795466,0,0,1776133026295,True,True
0,86.27,0.31075,0,0,1776133026714,True,True
0,86.2,0.02957898,0,0,1776133031591,True,True
0,86.19,0.1076,0,0,1776133032910,True,True
0,86.26,2.4041315,0,0,1776133046777,True,True
0,86.26,12.5958685,0,0,1776133046778,True,True
0,86.26,0.12691413,0,0,1776133046778,True,True
0,86.28,0.0339909,0,0,1776133062777,True,True
0,86.28,0.2328172,0,0,1776133062777,True,True
0,86.28,0.05779194,0,0,1776133062777,True,True
0,86.27,1.29242548,0,0,1776133065414,False,True
0,86.25,0.13478,0,0,1776133078751,True,True
0,86.25,0.09620711,0,0,1776133105094,True,True
0,86.25,0.57312626,0,0,1776133105094,True,True
0,86.24,0.02322,0,0,1776133111596,False,True
0,86.24,0.034,0,0,1776133136756,False,True
0,86.25,0.23077065,0,0,1776133138962,True,True
0,86.25,5.35409515,0,0,1776133138962,True,True
0,86.2,0.20813,0,0,1776133158396,False,True
0,86.22,0.03221,0,0,1776133173721,True,True
0,86.21,0.14017622,0,0,1776133177126,False,True
0,86.22,0.32475063,0,0,1776133183726,True,True
0,86.22,0.01685755,0,0,1776133193321,True,True
0,86.23,0.22657996,0,0,1776133193321,True,True
0,86.24,0.88816249,0,0,1776133193321,True,True
0,86.23,0.03333,0,0,1776133198147,False,True
0,86.22,0.22910364,0,0,1776133211676,True,True
0,86.22,0.22019636,0,0,1776133211676,True,True
0,86.22,0.021706,0,0,1776133213862,True,True
0,86.22,2.0,0,0,1776133214821,True,True
0,86.2,0.22829791,0,0,1776133220080,True,True
0,86.22,9.78256808,0,0,1776133222963,False,True
0,86.23,0.22800183,0,0,1776133225335,True,True
0,86.23,0.64775817,0,0,1776133225335,True,True
0,86.23,0.01206,0,0,1776133244378,False,True
0,86.24,0.05890538,0,0,1776133250054,True,True
0,86.24,1.57006045,0,0,1776133253645,True,True
0,86.26,0.1,0,0,1776133256534,False,True
0,86.27,0.22689217,0,0,1776133264018,True,True
0,86.27,0.00804783,0,0,1776133264018,True,True
0,86.27,0.22529729,0,0,1776133275220,True,True
0,86.28,0.91672271,0,0,1776133275220,True,True
0,86.26,0.21331,0,0,1776133279988,True,True
0,86.29,0.03398927,0,0,1776133297315,True,True
0,86.3,0.10001534,0,0,1776133297315,True,True
0,86.3,0.03398765,0,0,1776133297315,True,True
0,86.3,0.15660778,0,0,1776133297315,True,True
0,86.29,3.03340086,0,0,1776133300951,False,True
0,86.29,2.86241914,0,0,1776133300951,False,True
0,86.31,0.03398602,0,0,1776133305742,True,True
0,86.31,0.06604205,0,0,1776133305742,True,True
0,86.32,0.02497193,0,0,1776133305742,True,True
0,86.31,0.15660778,0,0,1776133305766,True,True
0,86.32,0.00901246,0,0,1776133305766,True,True
0,86.32,0.12410046,0,0,1776133305766,True,True
0,86.31,0.17380221,0,0,1776133309582,True,True
0,86.3,0.16167,0,0,1776133309702,False,True
0,86.3,39.3387584,0,0,1776133310862,False,True
0,86.3,6.01172438,0,0,1776133311019,False,True
0,86.3,21.92659927,0,0,1776133311043,False,True
0,86.3,14.15256398,0,0,1776133311043,False,True
0,86.3,0.11833,0,0,1776133311043,False,True
0,86.3,0.15149343,0,0,1776133311043,False,True
0,86.3,0.35054,0,0,1776133311043,False,True
0,86.3,0.93383676,0,0,1776133311043,False,True
0,86.3,3.60703462,0,0,1776133311051,False,True
0,86.3,2.40468461,0,0,1776133311062,False,True
0,86.3,2.94302171,0,0,1776133311063,False,True
0,86.3,30.59276655,0,0,1776133311063,False,True
0,86.3,19.28459947,0,0,1776133311063,False,True
0,86.28,0.22451,0,0,1776133321376,False,True
0,86.29,0.04584447,0,0,1776133325023,True,True
0,86.3,0.05932553,0,0,1776133325023,True,True
0,86.28,0.34314,0,0,1776133326224,False,True
0,86.3,0.71777,0,0,1776133336248,False,True
0,86.31,0.21948166,0,0,1776133338822,True,True
0,86.31,1.49767834,0,0,1776133338822,True,True
0,86.31,0.1268,0,0,1776133352759,True,True
0,86.3,0.09173049,0,0,1776133362727,True,True
0,86.3,0.26114951,0,0,1776133362727,True,True
0,86.28,0.15957287,0,0,1776133363842,False,True
0,86.27,0.2182251,0,0,1776133381552,True,True
0,86.28,0.02512143,0,0,1776133381552,True,True
0,86.26,0.21783816,0,0,1776133395828,True,True
0,86.26,5.59341242,0,0,1776133395828,True,True
0,86.26,0.01592742,0,0,1776133405389,True,True
0,86.26,0.20123718,0,0,1776133412429,True,True
0,86.26,0.12336286,0,0,1776133412429,True,True
0,86.25,0.71777,0,0,1776133417307,False,True
0,86.28,5.8965,0,0,1776133445681,False,True
0,86.24,3.51453564,0,0,1776133449680,False,True
0,86.22,0.21564552,0,0,1776133465821,True,True
0,86.23,0.36422405,0,0,1776133465821,True,True
0,86.23,0.21496198,0,0,1776133481737,True,True
0,86.23,0.05246802,0,0,1776133481737,True,True
0,86.23,6.00465,0,0,1776133484206,True,True
0,86.22,0.1,0,0,1776133484317,False,True
0,86.21,0.21328624,0,0,1776133520960,True,True
0,86.21,0.69574522,0,0,1776133520960,True,True
0,86.21,1.09096854,0,0,1776133520960,True,True
0,86.2,5.90197,0,0,1776133523051,False,True
0,86.2,0.34213433,0,0,1776133531539,True,True
0,86.2,0.3247883,0,0,1776133532217,True,True
0,86.2,0.2125206,0,0,1776133532964,True,True
0,86.2,1.7874794,0,0,1776133532964,True,True
0,86.2,0.02150348,0,0,1776133534169,True,True
0,86.19,0.22956,0,0,1776133535880,False,True
0,86.18,0.16411,0,0,1776133553583,True,True
0,86.18,0.04801511,0,0,1776133553849,True,True
0,86.19,2.24420489,0,0,1776133553849,True,True
0,86.18,0.21196217,0,0,1776133570307,True,True
0,86.18,0.21762783,0,0,1776133570307,True,True
0,86.17,0.03172,0,0,1776133572162,False,True
0,86.17,0.059135,0,0,1776133573259,False,True
0,86.18,0.048657,0,0,1776133576631,True,True
0,86.18,0.17581116,0,0,1776133621198,True,True
0,86.19,0.04894884,0,0,1776133621198,True,True
0,86.23,0.32486367,0,0,1776133648112,True,True
0,86.23,0.16083134,0,0,1776133657185,True,True
0,86.23,4.13948614,0,0,1776133657185,True,True
0,86.23,41.09762,0,0,1776133657185,True,True
0,86.23,7.7625,0,0,1776133657185,True,True
0,86.24,36.9719,0,0,1776133657185,True,True
0,86.24,81.22716132,0,0,1776133657185,True,True
0,86.24,23.07748275,0,0,1776133657185,True,True
0,86.24,7.7625,0,0,1776133657185,True,True
0,86.24,115.95655864,0,0,1776133657185,True,True
0,86.25,15.0,0,0,1776133657185,True,True
0,86.25,7.7625,0,0,1776133657185,True,True
0,86.25,24.54203954,0,0,1776133657185,True,True
0,86.25,54.549,0,0,1776133657185,True,True
0,86.26,7.7625,0,0,1776133657185,True,True
0,86.26,109.64191786,0,0,1776133657185,True,True
0,86.27,7.7625,0,0,1776133657185,True,True
0,86.27,10.83559521,0,0,1776133657185,True,True
0,86.27,173.946,0,0,1776133657185,True,True
0,86.28,7.7625,0,0,1776133657185,True,True
0,86.28,6.0,0,0,1776133657185,True,True
0,86.28,25.50533534,0,0,1776133657185,True,True
0,86.28,45.85440584,0,0,1776133657185,True,True
0,86.28,0.25,0,0,1776133657185,True,True
0,86.28,109.64191786,0,0,1776133657185,True,True
0,86.29,7.7625,0,0,1776133657185,True,True
0,86.29,174.011,0,0,1776133657185,True,True
0,86.29,80.901293,0,0,1776133657185,True,True
0,86.29,11.58882836,0,0,1776133657185,True,True
0,86.29,11.58882836,0,0,1776133657185,True,True
0,86.3,7.7625,0,0,1776133657185,True,True
0,86.3,9.5,0,0,1776133657185,True,True
0,86.3,100.89520564,0,0,1776133657185,True,True
0,86.31,7.7625,0,0,1776133657185,True,True
0,86.31,289.91802085,0,0,1776133657185,True,True
0,86.31,129.57069614,0,0,1776133657185,True,True
0,86.31,4.24298047,0,0,1776133657185,True,True
0,86.32,91.020754,0,0,1776133657185,True,True
0,86.32,7.7625,0,0,1776133657185,True,True
0,86.32,579.83824172,0,0,1776133657185,True,True
0,86.33,0.05070498,0,0,1776133657185,True,True
0,86.33,0.03398276,0,0,1776133657185,True,True
0,86.33,7.7625,0,0,1776133657185,True,True
0,86.33,580.036,0,0,1776133657185,True,True
0,86.34,0.03398113,0,0,1776133657185,True,True
0,86.34,7.7625,0,0,1776133657185,True,True
0,86.34,535.25470648,0,0,1776133657185,True,True
0,86.35,0.0339795,0,0,1776133657185,True,True
0,86.35,0.99795466,0,0,1776133657185,True,True
0,86.35,579.09017576,0,0,1776133657185,True,True
0,86.35,83.860025,0,0,1776133657185,True,True
0,86.35,7.7625,0,0,1776133657185,True,True
0,86.35,175.86755435,0,0,1776133657185,True,True
0,86.36,0.03397786,0,0,1776133657185,True,True
0,86.36,133.81367662,0,0,1776133657185,True,True
0,86.36,62.60878712,0,0,1776133657185,True,True
0,86.37,0.03397623,0,0,1776133657185,True,True
0,86.37,225.7416627,0,0,1776133657185,True,True
0,86.37,57.96,0,0,1776133657185,True,True
0,86.37,9.59832562,0,0,1776133657185,True,True
0,86.37,1.16157306,0,0,1776133657185,True,True
0,86.37,359.11793866,0,0,1776133657185,True,True
0,86.38,0.03397462,0,0,1776133657185,True,True
0,86.38,578.8915776,0,0,1776133657185,True,True
0,86.38,0.28464593,0,0,1776133657185,True,True
0,86.38,661.3674492,0,0,1776133657185,True,True
0,86.38,1100.0,0,0,1776133657185,True,True
0,86.39,0.03397299,0,0,1776133657185,True,True
0,86.39,57.94,0,0,1776133657185,True,True
0,86.39,10.0,0,0,1776133657185,True,True
0,86.4,0.03397136,0,0,1776133657185,True,True
0,86.4,29.0,0,0,1776133657185,True,True
0,86.4,578.75784147,0,0,1776133657185,True,True
0,86.41,0.03396973,0,0,1776133657185,True,True
0,86.41,0.58,0,0,1776133657185,True,True
0,86.41,12.27759494,0,0,1776133657185,True,True
0,86.41,69.525688,0,0,1776133657185,True,True
0,86.41,289.91912087,0,0,1776133657185,True,True
0,86.41,695.85,0,0,1776133657185,True,True
0,86.42,0.0339681,0,0,1776133657185,True,True
0,86.42,578.62510445,0,0,1776133657185,True,True
0,86.42,2.0,0,0,1776133657185,True,True
0,86.43,0.03396649,0,0,1776133657185,True,True
0,86.43,234.49007246,0,0,1776133657185,True,True
0,86.44,0.03396486,0,0,1776133657185,True,True
0,86.44,31.90097253,0,0,1776133657185,True,True
0,86.44,1.13653552,0,0,1776133657185,True,True
0,86.45,0.2,0,0,1776133657185,True,True
0,86.45,0.03396323,0,0,1776133657185,True,True
0,86.45,578.38910563,0,0,1776133657185,True,True
0,86.45,309.2842191,0,0,1776133657185,True,True
0,86.45,308.403984,0,0,1776133657185,True,True
0,86.46,0.03396161,0,0,1776133657185,True,True
0,86.46,6.0,0,0,1776133657185,True,True
0,86.47,0.03395998,0,0,1776133657185,True,True
0,86.48,0.43204029,0,0,1776133657185,True,True
0,86.48,0.03395835,0,0,1776133657185,True,True
0,86.48,32.79777651,0,0,1776133657185,True,True
0,86.49,0.03395674,0,0,1776133657185,True,True
0,86.49,455.9798624,0,0,1776133657185,True,True
0,86.49,567.438155,0,0,1776133657185,True,True
0,86.5,35.6309242,0,0,1776133657185,True,True
0,86.27,0.20883365,0,0,1776133659267,True,True
0,86.29,0.040175,0,0,1776133661056,True,True
0,86.29,14.959825,0,0,1776133662495,True,True
0,86.29,0.20812392,0,0,1776133662495,True,True
0,86.3,39.31476,0,0,1776133662495,True,True
0,86.3,3.2569919,0,0,1776133662495,True,True
0,86.3,4.329416,0,0,1776133662495,True,True
0,86.3,54.545,0,0,1776133662495,True,True
0,86.3,31.72282735,0,0,1776133666836,True,True
0,86.29,3.05119,0,0,1776133669074,False,True
0,86.3,0.0277,0,0,1776133674262,True,True
0,86.3,1.50806371,0,0,1776133679017,True,True
0,86.29,2.14432998,0,0,1776133687326,False,True
0,86.29,0.19887411,0,0,1776133687326,False,True
0,86.3,0.23713,0,0,1776133689255,True,True
0,86.29,190.68687419,0,0,1776133690685,False,True
0,86.29,14.83945484,0,0,1776133690685,False,True
0,86.29,106.97018196,0,0,1776133690690,False,True
0,86.24,1.15582608,0,0,1776133699267,True,True
0,86.24,0.2674,0,0,1776133704073,True,True
0,86.24,0.34156876,0,0,1776133707354,True,True
0,86.24,0.05797774,0,0,1776133716137,True,True
0,86.24,0.11537,0,0,1776133749042,True,True
0,86.23,6.71882134,0,0,1776133754765,False,True
0,86.24,0.05797774,0,0,1776133757608,True,True
0,86.22,29.64799,0,0,1776133765759,False,True
0,86.23,0.32471297,0,0,1776133769383,True,True
0,86.21,0.22969,0,0,1776133792033,True,True
0,86.21,2.8635162,0,0,1776133806976,True,True
0,86.21,3.45238316,0,0,1776133806976,True,True
0,86.2,0.23926355,0,0,1776133809653,False,True
0,86.2,21.26115892,0,0,1776133809764,False,True
0,86.2,7.0955278,0,0,1776133809765,False,True
0,86.2,0.06204,0,0,1776133810034,True,True
0,86.19,0.89808009,0,0,1776133810057,False,True
0,86.19,12.1123,0,0,1776133812674,False,True
0,86.16,0.315,0,0,1776133833741,False,True
0,86.16,127.1279547,0,0,1776133833741,False,True
0,86.15,0.01149,0,0,1776133844034,True,True
0,86.14,0.3151,0,0,1776133844469,False,True
0,86.14,0.42421688,0,0,1776133844469,False,True
0,86.14,0.17437681,0,0,1776133868187,True,True
0,86.12,0.3152,0,0,1776133872327,False,True
0,86.12,0.22487,0,0,1776133882296,True,True
0,86.12,0.32508998,0,0,1776133882623,True,True
0,86.11,0.3152,0,0,1776133886152,False,True
0,86.11,5.59294,0,0,1776133886152,False,True
0,86.11,0.06021557,0,0,1776133888750,False,True
0,86.11,1.0,0,0,1776133892457,False,True
0,86.12,0.01349512,0,0,1776133903120,True,True
0,86.11,1.0,0,0,1776133906468,False,True
0,86.12,1.03264,0,0,1776133908977,True,True
0,86.12,5.43488,0,0,1776133924516,True,True
0,86.12,7.9690249,0,0,1776133924961,True,True
0,86.12,0.18946229,0,0,1776133924961,True,True
0,86.12,1.4457764,0,0,1776133924961,True,True
0,86.12,40.39573641,0,0,1776133924961,True,True
0,86.12,0.95593,0,0,1776133936435,True,True
0,86.12,0.1991315,0,0,1776133950022,True,True
0,86.14,0.18865568,0,0,1776133950022,True,True
0,86.13,5.90677,0,0,1776133968022,False,True
0,86.12,0.68370309,0,0,1776133980543,False,True
0,86.13,0.15607221,0,0,1776133980555,True,True
0,86.12,0.040175,0,0,1776133980562,False,True
0,86.12,2.39227,0,0,1776133982818,False,True
0,86.13,0.70573,0,0,1776133983033,True,True
0,86.12,15.12314373,0,0,1776133983053,False,True
0,86.11,0.77403878,0,0,1776133991374,False,True
0,86.11,0.73727214,0,0,1776133995279,False,True
0,86.12,0.09337,0,0,1776133995998,True,True
0,86.12,0.32512772,0,0,1776133999534,True,True
0,86.12,1.50773843,0,0,1776134003717,True,True
0,86.12,3.16727771,0,0,1776134003717,True,True
0,86.12,0.41122386,0,0,1776134003717,True,True
0,86.11,4.70742866,0,0,1776134005414,False,True
0,86.11,1.94512582,0,0,1776134005415,False,True
0,86.11,16.8361346,0,0,1776134007327,False,True
0,86.1,0.3152,0,0,1776134007344,False,True
0,86.1,0.2,0,0,1776134007344,False,True
0,86.09,0.63795834,0,0,1776134010098,False,True
0,86.06,0.19824245,0,0,1776134025073,True,True
0,86.07,0.07437755,0,0,1776134025073,True,True
0,86.05,0.3024,0,0,1776134031552,False,True
0,86.03,0.10731,0,0,1776134034662,True,True
0,86.03,0.08989942,0,0,1776134037424,True,True
0,86.04,0.49760058,0,0,1776134037424,True,True
0,86.02,0.2894,0,0,1776134044269,False,True
0,86.02,3.42241833,0,0,1776134044269,False,True
0,86.02,2.20250167,0,0,1776134044269,False,True
0,86.03,0.19664711,0,0,1776134044603,True,True
0,86.04,2.13665289,0,0,1776134044603,True,True
0,86.04,0.09265,0,0,1776134052193,True,True
0,86.03,0.29056253,0,0,1776134067697,False,True
0,86.04,0.11395,0,0,1776134072270,True,True
0,86.04,0.07975966,0,0,1776134086398,True,True
0,86.04,1.14780893,0,0,1776134086398,True,True
0,86.04,0.19286298,0,0,1776134108848,True,True
0,86.04,0.67108702,0,0,1776134108848,True,True
0,86.04,0.60307194,0,0,1776134116432,True,True
0,86.04,0.14045319,0,0,1776134116432,True,True
0,86.04,0.37597167,0,0,1776134116432,True,True
0,86.04,0.32543003,0,0,1776134118445,True,True
0,86.03,5.91363,0,0,1776134119452,False,True
0,86.04,0.21388,0,0,1776134148841,True,True
0,86.03,0.01603,0,0,1776134156607,False,True
0,86.03,0.05956,0,0,1776134169852,False,True
0,86.03,1.1512,0,0,1776134198670,False,True
0,86.04,0.01688,0,0,1776134199683,True,True
0,86.04,0.02668,0,0,1776134200365,True,True
0,86.04,0.08077638,0,0,1776134217290,True,True
0,86.04,0.1168,0,0,1776134223198,True,True
0,86.03,1.84360313,0,0,1776134224789,False,True
0,86.04,5.84358192,0,0,1776134226822,True,True
0,86.08,0.3253544,0,0,1776134234398,True,True
0,86.09,7.7625,0,0,1776134242964,False,True
0,86.09,11.8634144,0,0,1776134242964,False,True
0,86.09,12.6359736,0,0,1776134242964,False,True
0,86.1,0.03119498,0,0,1776134244592,True,True
0,86.12,0.19381502,0,0,1776134244592,True,True
0,86.1,0.3253544,0,0,1776134252066,True,True
0,86.12,11.77961,0,0,1776134252066,True,True
0,86.12,15.0,0,0,1776134252066,True,True
0,86.12,7.6,0,0,1776134252066,True,True
0,86.12,15.4818256,0,0,1776134252066,True,True
0,86.12,0.10691869,0,0,1776134254826,True,True
0,86.11,0.02957,0,0,1776134271249,False,True
0,86.19,0.24803778,0,0,1776134286037,True,True
0,86.21,0.10351143,0,0,1776134286037,True,True
0,86.14,0.6,0,0,1776134314817,False,True
0,86.19,0.22730718,0,0,1776134336228,True,True
0,86.21,0.13262941,0,0,1776134353113,True,True
0,86.22,0.19223426,0,0,1776134353113,True,True
0,86.24,0.36000652,0,0,1776134359854,True,True
0,86.24,0.36000652,0,0,1776134359854,True,True
0,86.25,0.04202348,0,0,1776134359854,True,True
0,86.25,1.11843914,0,0,1776134361683,True,True
0,86.25,0.22127353,0,0,1776134363411,True,True
0,86.25,0.025,0,0,1776134390644,False,True
0,86.23,0.22456,0,0,1776134403431,True,True
0,86.22,11.38568476,0,0,1776134408479,False,True
0,86.24,0.02369,0,0,1776134413163,True,True
0,86.23,2.5,0,0,1776134416680,False,True
0,86.25,1.71677021,0,0,1776134426805,True,True
0,86.3,5.89513,0,0,1776134427742,False,True
0,86.29,9.86842519,0,0,1776134433989,False,True
0,86.3,0.31733737,0,0,1776134445686,True,True
0,86.3,0.79216437,0,0,1776134445686,True,True
0,86.3,2.72451,0,0,1776134455066,True,True
0,86.29,0.33957185,0,0,1776134459299,True,True
0,86.29,0.32444959,0,0,1776134461097,True,True
0,86.28,1.67783254,0,0,1776134464106,False,True
0,86.24,0.048657,0,0,1776134479445,False,True
0,86.24,0.024,0,0,1776134488929,False,True
0,86.24,0.69609,0,0,1776134490662,False,True
0,86.24,0.02275,0,0,1776134506518,True,True
0,86.23,0.46796136,0,0,1776134509224,False,True
0,86.24,0.31495918,0,0,1776134513637,True,True
0,86.24,24.39746644,0,0,1776134513637,True,True
0,86.24,115.95547309,0,0,1776134513637,True,True
0,86.24,2.42462235,0,0,1776134513637,True,True
0,86.24,26.0635749,0,0,1776134513637,True,True
0,86.24,4.77711364,0,0,1776134513637,True,True
0,86.2,1.93597,0,0,1776134545922,False,True
0,86.21,0.3247883,0,0,1776134574228,True,True
0,86.21,0.85090605,0,0,1776134579631,True,True
0,86.21,1.39520395,0,0,1776134579631,True,True
0,86.2,7.0,0,0,1776134598364,False,True
0,86.21,2.28563,0,0,1776134605124,True,True
0,86.2,0.02696,0,0,1776134608704,True,True
0,86.19,3.28188,0,0,1776134611539,False,True
0,86.19,3.05781374,0,0,1776134614419,False,True
0,86.2,0.33346058,0,0,1776134631200,True,True
0,86.21,2.36853942,0,0,1776134631200,True,True
0,86.19,0.02985,0,0,1776134634391,False,True
0,86.19,1.2,0,0,1776134641275,False,True
0,86.22,0.047606,0,0,1776134651311,True,True
0,86.22,0.28443565,0,0,1776134652135,True,True
0,86.24,6.1438628,0,0,1776134652135,True,True
0,86.24,0.33075111,0,0,1776134683280,True,True
0,86.24,0.09881889,0,0,1776134683280,True,True
0,86.23,0.56687903,0,0,1776134687259,False,True
0,86.24,0.32467532,0,0,1776134692142,True,True
0,86.24,0.14653,0,0,1776134700042,True,True
0,86.23,5.0,0,0,1776134701347,False,True
0,86.24,0.18153201,0,0,1776134728832,True,True
0,86.24,0.16637475,0,0,1776134728832,True,True
0,86.21,10.0,0,0,1776134754839,False,True
0,86.21,0.1,0,0,1776134755208,False,True
0,86.22,0.02244374,0,0,1776134759445,True,True
0,86.21,0.17225,0,0,1776134767037,True,True
0,86.2,0.01416,0,0,1776134784023,True,True
0,86.19,10.0,0,0,1776134795104,False,True
0,86.2,0.32482598,0,0,1776134802887,True,True
0,86.2,1.07926,0,0,1776134822716,True,True
0,86.2,0.02263457,0,0,1776134837171,True,True
0,86.2,0.30315071,0,0,1776134837514,True,True
0,86.2,0.18514929,0,0,1776134837514,True,True
0,86.2,0.10528,0,0,1776134845862,True,True
0,86.2,0.53817,0,0,1776134857960,True,True
0,86.2,0.43395845,0,0,1776134858805,True,True
0,86.2,0.3246901,0,0,1776134858805,True,True
0,86.21,20.62124051,0,0,1776134858805,True,True
0,86.21,12.02065809,0,0,1776134858805,True,True
0,86.21,9.61652464,0,0,1776134858806,True,True
0,86.21,5.24246676,0,0,1776134858806,True,True
0,86.22,1.79185993,0,0,1776134858806,True,True
0,86.22,8.32254981,0,0,1776134858806,True,True
0,86.22,6.79281613,0,0,1776134858806,True,True
0,86.22,14.42311005,0,0,1776134858806,True,True
0,86.22,12.01926391,0,0,1776134858806,True,True
0,86.22,76.52865212,0,0,1776134858807,True,True
0,86.22,2.31597676,0,0,1776134858807,True,True
0,86.22,54.10480907,0,0,1776134858807,True,True
0,86.22,12.97080599,0,0,1776134858808,True,True
0,86.22,8.05555314,0,0,1776134858808,True,True
0,86.23,3.14030029,0,0,1776134858808,True,True
0,86.24,247.56219995,0,0,1776134858839,True,True
0,86.25,3.07222303,0,0,1776134858857,True,True
0,86.25,6.0,0,0,1776134858857,True,True
0,86.25,0.32289129,0,0,1776134858857,True,True
0,86.26,50.93388568,0,0,1776134858857,True,True
0,86.29,1.29074344,0,0,1776134890105,False,True
0,86.31,25.0,0,0,1776134910166,False,True
0,86.32,0.31956409,0,0,1776134913549,True,True
0,86.32,0.0048855,0,0,1776134913549,True,True
0,86.35,0.02271,0,0,1776134934035,True,True
0,86.35,0.97524466,0,0,1776134934561,True,True
0,86.35,0.31854909,0,0,1776134934561,True,True
0,86.35,0.60543216,0,0,1776134934561,True,True
0,86.35,0.31759587,0,0,1776134939763,True,True
0,86.35,11.07432666,0,0,1776134939763,True,True
0,86.34,0.4145,0,0,1776134944275,False,True
0,86.31,73.58013063,0,0,1776134959712,False,True
0,86.29,12.0,0,0,1776134959828,False,True
0,86.29,6.0,0,0,1776134959828,False,True
0,86.29,2.31843,0,0,1776134982712,False,True
0,86.3,0.31653459,0,0,1776134983395,True,True
0,86.3,0.4883,0,0,1776134983395,True,True
0,86.31,1.00696541,0,0,1776134983395,True,True
0,86.35,16.55432515,0,0,1776134993367,True,True
0,86.35,9.24273036,0,0,1776134993367,True,True
0,86.35,4.72980361,0,0,1776134993368,True,True
0,86.35,14.18941083,0,0,1776134993368,True,True
0,86.35,4.24298047,0,0,1776134993368,True,True
0,86.35,21.09135636,0,0,1776134993368,True,True
0,86.35,37.83841578,0,0,1776134993369,True,True
0,86.35,11.82449734,0,0,1776134993369,True,True
0,86.35,244.20949882,0,0,1776134993371,True,True
0,86.35,2.36492659,0,0,1776134993377,True,True
0,86.35,269.57199326,0,0,1776134993378,True,True
0,86.35,178.46109903,0,0,1776134993378,True,True
0,86.35,185.6789624,0,0,1776134993379,True,True
0,86.34,2.08371995,0,0,1776135012463,False,True
0,86.33,61.96629458,0,0,1776135020933,False,True
0,86.34,0.32429928,0,0,1776135022773,True,True
0,86.31,0.31671536,0,0,1776135038624,True,True
0,86.31,0.25103464,0,0,1776135038624,True,True
0,86.31,0.04456146,0,0,1776135051298,True,True
0,86.32,0.31726977,0,0,1776135059211,True,True
0,86.33,0.82399023,0,0,1776135059211,True,True
0,86.34,1.56277405,0,0,1776135063445,True,True
0,86.34,7.21860524,0,0,1776135063445,True,True
0,86.34,73.89849481,0,0,1776135063446,True,True
0,86.34,0.3159621,0,0,1776135063446,True,True
0,86.35,8.6,0,0,1776135063447,True,True
0,86.37,0.25,0,0,1776135063456,True,True
0,86.38,6.0,0,0,1776135063463,True,True
0,86.38,1.44709423,0,0,1776135063463,True,True
0,86.37,18.148923,0,0,1776135063536,True,True
0,86.37,0.52748,0,0,1776135088986,True,True
0,86.37,0.31447597,0,0,1776135105969,True,True
0,86.37,0.24339288,0,0,1776135105969,True,True
0,86.36,0.41456692,0,0,1776135106873,False,True
0,86.33,0.2897207,0,0,1776135123529,True,True
0,86.37,0.13991655,0,0,1776135133039,True,True
0,86.37,0.20177345,0,0,1776135133039,True,True
0,86.37,0.01995,0,0,1776135133621,True,True
0,86.38,0.09286191,0,0,1776135139049,True,True
0,86.39,0.50133809,0,0,1776135139049,True,True
0,86.38,0.31384282,0,0,1776135144451,True,True
0,86.38,0.01034381,0,0,1776135144451,True,True
0,86.37,0.02475,0,0,1776135151669,False,True
0,86.31,0.04716,0,0,1776135247468,False,True
0,86.32,0.2244,0,0,1776135253642,True,True
0,86.32,0.08815724,0,0,1776135255067,True,True
0,86.32,0.23621718,0,0,1776135255067,True,True
0,86.32,2.69457,0,0,1776135255920,True,True
0,86.31,0.2828,0,0,1776135260078,False,True
0,86.31,4e-05,0,0,1776135260269,False,True
0,86.28,28.17343475,0,0,1776135260269,False,True
0,86.28,6.28236585,0,0,1776135260269,False,True
0,86.28,0.04279,0,0,1776135275654,True,True
0,86.27,0.2696,0,0,1776135310290,False,True
0,86.27,2.89787,0,0,1776135310290,False,True
0,86.27,8.75e-06,0,0,1776135310290,False,True
0,86.24,0.3117357,0,0,1776135315445,True,True
0,86.24,2.9819243,0,0,1776135315445,True,True
0,86.23,1.44605722,0,0,1776135320862,False,True
0,86.28,1.25668272,0,0,1776135340270,True,True
0,86.28,0.31257846,0,0,1776135340270,True,True
0,86.28,6.37882086,0,0,1776135340270,True,True
0,86.27,0.11364,0,0,1776135347030,True,True
0,86.28,0.32456242,0,0,1776135366637,True,True
0,86.28,0.21341,0,0,1776135369650,True,True
0,86.28,0.4356425,0,0,1776135393738,True,True
0,86.29,0.27872038,0,0,1776135393738,True,True
0,86.29,0.13584654,0,0,1776135401666,True,True
0,86.29,0.21767346,0,0,1776135401666,True,True
0,86.29,1.14176,0,0,1776135418971,True,True
0,86.29,0.11362,0,0,1776135420772,True,True
0,86.29,5.94232,0,0,1776135434639,True,True
0,86.28,58.14629608,0,0,1776135476658,False,True
0,86.28,57.85028346,0,0,1776135476658,False,True
0,86.28,57.9240037,0,0,1776135476658,False,True
0,86.28,0.32448719,0,0,1776135478329,True,True
0,86.26,0.68868,0,0,1776135499837,True,True
0,86.26,2.97117884,0,0,1776135519338,True,True
0,86.25,0.09210891,0,0,1776135532066,True,True
0,86.26,1.90789109,0,0,1776135532066,True,True
0,86.24,0.047606,0,0,1776135553917,False,True
0,86.24,26.86144,0,0,1776135562414,False,True
0,86.25,0.30993578,0,0,1776135562892,True,True
0,86.26,0.27590005,0,0,1776135562892,True,True
0,86.27,0.09362,0,0,1776135594849,True,True
0,86.27,0.21479557,0,0,1776135595486,True,True
0,86.27,0.10980447,0,0,1776135595486,True,True
0,86.24,0.11424,0,0,1776135600161,True,True
0,86.24,0.02856,0,0,1776135600251,True,True
0,86.23,0.0905,0,0,1776135618752,True,True
0,86.22,0.2698,0,0,1776135623936,False,True
0,86.21,0.2698,0,0,1776135623936,False,True
0,86.2,0.2699,0,0,1776135623936,False,True
0,86.2,80.31788,0,0,1776135623936,False,True
0,86.2,0.03105,0,0,1776135640033,True,True
0,86.2,4.52454555,0,0,1776135645556,True,True
0,86.2,0.5743,0,0,1776135653325,True,True
0,86.19,0.14607263,0,0,1776135660298,False,True
0,86.19,0.12626865,0,0,1776135660298,False,True
0,86.2,0.76534207,0,0,1776135691912,True,True
0,86.21,0.04305029,0,0,1776135691912,True,True
0,86.22,0.44160764,0,0,1776135691912,True,True
0,86.21,0.30756906,0,0,1776135706961,True,True
0,86.22,0.17813094,0,0,1776135706961,True,True
0,86.2,4.32970499,0,0,1776135707502,False,True
0,86.21,0.30659144,0,0,1776135712168,True,True
0,86.21,0.01815919,0,0,1776135712168,True,True
0,86.19,0.01205,0,0,1776135737283,True,True
0,86.22,0.65417395,0,0,1776135745771,True,True
0,86.22,0.29479918,0,0,1776135745771,True,True
0,86.22,0.21085015,0,0,1776135745771,True,True
0,86.22,0.98065,0,0,1776135753404,False,True
0,86.23,0.30533888,0,0,1776135764757,True,True
0,86.23,0.31867112,0,0,1776135764757,True,True
0,86.22,0.30433534,0,0,1776135770858,True,True
0,86.23,0.14566466,0,0,1776135770858,True,True
0,86.21,31.25655468,0,0,1776135772486,False,True
0,86.22,31.73324055,0,0,1776135775457,True,True
0,86.22,0.30334817,0,0,1776135779163,True,True
0,86.23,1.06751183,0,0,1776135779163,True,True
0,86.23,0.3024141,0,0,1776135787042,True,True
0,86.23,5.8780759,0,0,1776135787042,True,True
0,86.23,0.30144215,0,0,1776135802852,True,True
0,86.23,0.84100785,0,0,1776135802852,True,True
0,86.22,3.0991589,0,0,1776135805078,False,True
0,86.22,115.98237067,0,0,1776135805078,False,True
0,86.22,224.75,0,0,1776135805078,False,True
0,86.22,2.49214254,0,0,1776135805078,False,True
0,86.21,3.67632789,0,0,1776135805078,False,True
0,86.23,0.28424,0,0,1776135805410,True,True
0,86.21,11.48399123,0,0,1776135823644,False,True
0,86.22,0.30865479,0,0,1776135823713,True,True
0,86.23,0.01605818,0,0,1776135823713,True,True
0,86.19,0.94697958,0,0,1776135872243,False,True
0,86.2,0.01833,0,0,1776135884517,False,True
0,86.2,0.09269,0,0,1776135891278,False,True
0,86.2,1.31276966,0,0,1776135920014,True,True
0,86.21,0.29566355,0,0,1776135920014,True,True
0,86.22,0.30114332,0,0,1776135920014,True,True
0,86.23,1.33348347,0,0,1776135920014,True,True
0,86.22,0.05798446,0,0,1776135923277,True,True
0,86.22,0.2,0,0,1776135938418,False,True
0,86.23,0.32471297,0,0,1776135944573,True,True
0,86.23,0.27696565,0,0,1776135950484,True,True
0,86.22,0.70507,0,0,1776135968156,False,True
0,86.27,0.2420307,0,0,1776136004445,True,True
0,86.27,1.7977293,0,0,1776136004445,True,True
0,86.27,0.55851552,0,0,1776136005761,True,True
0,86.27,0.4857,0,0,1776136017107,False,True
0,86.29,0.22453692,0,0,1776136021198,True,True
0,86.3,0.3213,0,0,1776136027274,True,True
0,86.3,0.14298,0,0,1776136032073,True,True
0,86.24,1.14215,0,0,1776136053583,True,True
0,86.23,0.29910557,0,0,1776136063445,True,True
0,86.24,0.02556975,0,0,1776136063445,True,True
0,86.23,0.11368,0,0,1776136071460,True,True
0,86.23,0.1843607,0,0,1776136089904,True,True
0,86.24,1.22289634,0,0,1776136089904,True,True
0,86.23,0.3000281,0,0,1776136091462,True,True
0,86.24,9.6999719,0,0,1776136091462,True,True
0,86.22,0.01425,0,0,1776136099652,False,True
0,86.22,0.29907105,0,0,1776136125884,True,True
0,86.22,3.07161376,0,0,1776136125884,True,True
0,86.23,0.47536519,0,0,1776136125884,True,True
0,86.22,0.29856725,0,0,1776136127226,True,True
0,86.23,1.86201275,0,0,1776136127226,True,True
0,86.26,0.27699777,0,0,1776136148569,False,True
0,86.27,0.08078822,0,0,1776136154215,True,True
0,86.27,0.05929051,0,0,1776136156732,True,True
0,86.28,0.22760949,0,0,1776136156732,True,True
0,86.28,0.06908337,0,0,1776136161486,True,True
0,86.28,0.95108663,0,0,1776136161486,True,True
0,86.28,0.97658,0,0,1776136162491,True,True
0,86.27,0.22430344,0,0,1776136166772,True,True
0,86.28,0.79658,0,0,1776136172647,True,True
0,86.28,0.32456242,0,0,1776136175142,True,True
0,86.28,0.05795086,0,0,1776136198064,True,True
0,86.23,0.01253605,0,0,1776136202471,True,True
0,86.24,0.46936395,0,0,1776136202471,True,True
0,86.24,3.0,0,0,1776136212974,True,True
0,86.23,0.0467,0,0,1776136245648,True,True
0,86.23,0.24723485,0,0,1776136253476,True,True
0,86.23,0.40851515,0,0,1776136253476,True,True
0,86.23,0.22697,0,0,1776136256053,True,True
0,86.22,0.29190577,0,0,1776136277542,True,True
0,86.22,3.10798559,0,0,1776136277542,True,True
0,86.22,41.09762,0,0,1776136277542,True,True
0,86.23,36.68589308,0,0,1776136277542,True,True
0,86.22,0.01534,0,0,1776136279705,True,True
0,86.21,0.01727,0,0,1776136280825,False,True
0,86.21,0.27560346,0,0,1776136293056,True,True
0,86.23,0.04914717,0,0,1776136293056,True,True
0,86.22,8.98138,0,0,1776136301606,False,True
0,86.23,0.84907128,0,0,1776136305293,True,True
0,86.23,3.48074886,0,0,1776136320307,False,True
0,86.24,0.10523,0,0,1776136336704,True,True
0,86.24,0.13477,0,0,1776136343063,True,True
0,86.24,0.02646799,0,0,1776136368621,True,True
0,86.24,1.14895687,0,0,1776136401083,True,True
0,86.25,0.29005829,0,0,1776136401083,True,True
0,86.26,9.55165484,0,0,1776136401083,True,True
0,86.24,0.06436487,0,0,1776136411759,True,True
0,86.24,0.28908768,0,0,1776136412751,True,True
0,86.25,0.03551236,0,0,1776136412751,True,True
0,86.24,0.11367,0,0,1776136415545,True,True
0,86.23,1.90974,0,0,1776136417633,False,True
0,86.2,0.17435605,0,0,1776136478432,True,True
0,86.21,1.60020395,0,0,1776136478432,True,True
0,86.2,0.26765,0,0,1776136479513,True,True
0,86.2,3.84608,0,0,1776136483095,True,True
0,86.19,1.18741,0,0,1776136489530,True,True
0,86.19,0.67047409,0,0,1776136494438,True,True
0,86.19,0.04728,0,0,1776136511469,True,True
0,86.19,0.17403411,0,0,1776136517890,True,True
0,86.19,0.23598,0,0,1776136531726,True,True
0,86.19,0.22431207,0,0,1776136531786,True,True
0,86.19,0.32486367,0,0,1776136535840,True,True
0,86.19,3.13713964,0,0,1776136541786,True,True
0,86.19,1.17407164,0,0,1776136541786,True,True
0,86.2,0.0209,0,0,1776136548104,True,True
0,86.2,0.17403411,0,0,1776136550420,True,True
0,86.2,0.25501,0,0,1776136559693,True,True
0,86.2,0.67415,0,0,1776136564411,True,True
0,86.19,0.0238,0,0,1776136569200,False,True
0,86.18,0.2699,0,0,1776136582932,False,True
0,86.18,5.54641,0,0,1776136582932,False,True
0,86.19,0.06455023,0,0,1776136614863,True,True
0,86.2,2.85514977,0,0,1776136614863,True,True
0,86.17,0.174054,0,0,1776136623265,False,True
0,86.17,0.090346,0,0,1776136636265,False,True
0,86.16,42.84979456,0,0,1776136636265,False,True
0,86.16,0.21358,0,0,1776136647377,True,True
0,86.16,0.07424531,0,0,1776136648580,True,True
0,86.17,0.25065605,0,0,1776136648580,True,True
0,86.16,0.15563393,0,0,1776136650012,True,True
0,86.16,0.01149,0,0,1776136654035,True,True
0,86.16,0.11995237,0,0,1776136671971,True,True
0,86.16,12.32454825,0,0,1776136671971,True,True
0,86.16,19.37583364,0,0,1776136671971,True,True
0,86.16,1.07913,0,0,1776136697746,True,True
0,86.16,0.05579503,0,0,1776136698228,True,True
0,86.15,0.2701,0,0,1776136718534,False,True
0,86.15,12.71123491,0,0,1776136721552,True,True
0,86.15,2.19834,0,0,1776136729273,True,True
0,86.14,0.2701,0,0,1776136733403,False,True
0,86.12,1.0,0,0,1776136733403,False,True
0,86.11,0.2702,0,0,1776136738605,False,True
0,86.11,2.88724,0,0,1776136746482,True,True
0,86.11,0.28595953,0,0,1776136754106,True,True
0,86.13,0.27352875,0,0,1776136754106,True,True
0,86.12,3.35714,0,0,1776136754186,True,True
0,86.13,0.28637186,0,0,1776136771625,True,True
0,86.15,0.03875586,0,0,1776136771625,True,True
0,86.15,0.67315243,0,0,1776136796173,False,True
0,86.15,3.5,0,0,1776136797767,False,True
0,86.16,0.22485,0,0,1776136799614,True,True
0,86.16,0.11491,0,0,1776136802035,True,True
0,86.16,3.48189415,0,0,1776136814652,True,True
0,86.16,6.11035,0,0,1776136815965,True,True
0,86.16,11.24604,0,0,1776136827737,True,True
0,86.15,0.32557121,0,0,1776136836352,False,True
0,86.14,0.28556374,0,0,1776136841219,True,True
0,86.14,0.82547626,0,0,1776136841219,True,True
0,86.13,0.028,0,0,1776136845094,False,True
0,86.13,17.45889142,0,0,1776136850077,False,True
0,86.13,2.54110858,0,0,1776136850077,False,True
0,86.15,0.28541401,0,0,1776136861424,True,True
0,86.16,0.35,0,0,1776136865179,True,True
0,86.16,1.13509,0,0,1776136875633,True,True
0,86.16,0.55922858,0,0,1776136885736,True,True
0,86.16,0.32497678,0,0,1776136887230,True,True
0,86.16,0.10539,0,0,1776136905929,True,True
0,86.16,16.0,0,0,1776136909672,True,True
0,86.16,40.36523303,0,0,1776136913834,True,True
0,86.16,23.89671097,0,0,1776136913834,True,True
0,86.16,1.28691553,0,0,1776136913834,True,True
0,86.16,49.0379282,0,0,1776136913834,True,True
0,86.16,6.74718376,0,0,1776136913834,True,True
0,86.17,0.04363467,0,0,1776136916623,True,True
0,86.17,1.07913,0,0,1776136923097,True,True
0,86.17,0.81909,0,0,1776136928139,True,True
0,86.17,0.03035,0,0,1776136933824,True,True
0,86.17,0.03119995,0,0,1776136941220,True,True
0,86.17,0.24833,0,0,1776136952533,True,True
0,86.16,0.03325,0,0,1776136976927,False,True
0,86.17,0.06966538,0,0,1776136984265,True,True
0,86.17,0.28402042,0,0,1776136984265,True,True
0,86.17,2.9448642,0,0,1776136984265,True,True
0,86.16,0.64628,0,0,1776136991108,True,True
0,86.16,0.52913,0,0,1776136991932,True,True
0,86.15,0.342,0,0,1776136998827,False,True
0,86.16,0.48398,0,0,1776137001259,True,True
0,86.16,0.32497678,0,0,1776137002640,True,True
0,86.15,0.15563393,0,0,1776137008780,False,True
0,86.16,0.78296476,0,0,1776137010777,True,True
0,86.15,0.06018,0,0,1776137017118,False,True
0,86.16,0.030789,0,0,1776137020978,True,True
0,86.15,0.15677206,0,0,1776137030007,False,True
0,86.14,149.84322794,0,0,1776137030007,False,True
0,86.14,0.014,0,0,1776137033996,False,True
0,86.14,0.48847,0,0,1776137035957,False,True
0,86.14,0.34495694,0,0,1776137037799,False,True
0,86.15,0.2834864,0,0,1776137038352,True,True
0,86.16,3.19986536,0,0,1776137038352,True,True
0,86.16,0.36582824,0,0,1776137038352,True,True
0,86.15,0.01149,0,0,1776137046036,True,True
0,86.15,0.27169329,0,0,1776137046875,True,True
0,86.16,0.26644671,0,0,1776137046875,True,True
0,86.15,0.1740947,0,0,1776137063895,True,True
0,86.12,3.39529459,0,0,1776137080703,False,True
0,86.12,2.5797664,0,0,1776137080703,False,True
0,86.12,14.02493901,0,0,1776137080703,False,True
0,86.12,5.0,0,0,1776137080703,False,True
0,86.13,0.28727341,0,0,1776137080957,True,True
0,86.14,0.72511659,0,0,1776137080957,True,True
0,86.12,0.03002,0,0,1776137104709,True,True
0,86.11,2.0,0,0,1776137111106,True,True
0,86.11,0.26831477,0,0,1776137116623,True,True
0,86.12,0.05681295,0,0,1776137116623,True,True
0,86.1,0.1740947,0,0,1776137118694,False,True
0,86.11,0.22768,0,0,1776137123118,True,True
0,86.11,0.06878587,0,0,1776137125662,True,True
0,86.12,3.45511864,0,0,1776137125662,True,True
0,86.12,2.91834737,0,0,1776137125662,True,True
0,86.11,0.29587776,0,0,1776137129834,True,True
0,86.12,2.10599224,0,0,1776137129834,True,True
0,86.11,0.29468092,0,0,1776137144295,True,True
0,86.11,3.1166376,0,0,1776137144295,True,True
0,86.11,3.27197437,0,0,1776137144295,True,True
0,86.11,25.06691046,0,0,1776137144295,True,True
0,86.1,0.03292,0,0,1776137156780,False,True
0,86.11,0.21579,0,0,1776137164087,True,True
0,86.11,0.07692165,0,0,1776137167379,True,True
0,86.11,0.13677835,0,0,1776137167379,True,True
0,86.11,2.5723969,0,0,1776137181671,True,True
0,86.11,0.04577,0,0,1776137191035,True,True
0,86.11,0.02078068,0,0,1776137200305,True,True
0,86.1,0.0631853,0,0,1776137209894,False,True
0,86.09,0.2298,0,0,1776137209894,False,True
0,86.06,7.7625,0,0,1776137209894,False,True
0,86.06,0.2704,0,0,1776137209894,False,True
0,86.06,3.2741147,0,0,1776137209894,False,True
0,86.07,0.29235804,0,0,1776137215361,True,True
0,86.09,3.19533196,0,0,1776137215361,True,True
0,86.06,0.29089712,0,0,1776137228318,True,True
0,86.08,0.0343439,0,0,1776137228318,True,True
0,86.05,0.3,0,0,1776137235601,False,True
0,86.06,0.29090791,0,0,1776137246687,True,True
0,86.06,0.17228442,0,0,1776137246687,True,True
0,86.06,0.01661,0,0,1776137259851,True,True
0,86.06,0.01136,0,0,1776137261591,True,True
0,86.05,1.18757,0,0,1776137268616,False,True
0,86.06,0.98901461,0,0,1776137284551,True,True
0,86.08,0.24008136,0,0,1776137284551,True,True
0,86.08,0.04981434,0,0,1776137285472,True,True
0,86.09,0.81393566,0,0,1776137285472,True,True
0,86.08,1.16171004,0,0,1776137297860,False,True
0,86.08,2.27203,0,0,1776137302059,True,True
0,86.07,0.03219,0,0,1776137307558,False,True
0,86.08,0.2914048,0,0,1776137309854,True,True
0,86.09,0.2780652,0,0,1776137309854,True,True
0,86.05,1.26262748,0,0,1776137328029,False,True
0,86.06,0.05724,0,0,1776137328049,True,True
0,86.05,0.28998253,0,0,1776137338307,True,True
0,86.06,0.03537187,0,0,1776137338307,True,True
0,86.04,0.030789,0,0,1776137340472,False,True
0,86.05,0.28846972,0,0,1776137350018,True,True
0,86.06,3.12621061,0,0,1776137350018,True,True
0,86.05,0.28748981,0,0,1776137364645,True,True
0,86.06,0.13658019,0,0,1776137364645,True,True
0,86.05,0.28671513,0,0,1776137371800,True,True
0,86.06,0.82326487,0,0,1776137371800,True,True
0,86.05,0.28577631,0,0,1776137371917,True,True
0,86.05,0.62326369,0,0,1776137371917,True,True
0,86.04,0.28480573,0,0,1776137378259,True,True
0,86.05,0.25395427,0,0,1776137378259,True,True
0,86.04,0.28341141,0,0,1776137383576,True,True
0,86.04,2.94379077,0,0,1776137383576,True,True
0,86.05,40.22040204,0,0,1776137383576,True,True
0,86.05,81.34844005,0,0,1776137383576,True,True
0,86.05,116.21150493,0,0,1776137383576,True,True
0,86.05,3.03810354,0,0,1776137383576,True,True
0,86.05,122.39833755,0,0,1776137383576,True,True
0,86.07,45.85440584,0,0,1776137383576,True,True
0,86.07,60.922,0,0,1776137383576,True,True
0,86.08,25.50533534,0,0,1776137383576,True,True
0,86.08,15.56313899,0,0,1776137383576,True,True
0,86.08,174.201,0,0,1776137383576,True,True
0,86.08,174.344,0,0,1776137383576,True,True
0,86.08,50.78803684,0,0,1776137383576,True,True
0,86.03,0.2824,0,0,1776137396543,True,True
0,86.03,4.996e-05,0,0,1776137396568,True,True
0,86.05,0.04728,0,0,1776137416805,False,True
0,86.05,6.0,0,0,1776137418592,False,True
0,86.06,0.047501,0,0,1776137420104,True,True
0,86.05,8.51499176,0,0,1776137421774,False,True
0,86.06,0.23404222,0,0,1776137450731,True,True
0,86.07,0.09131218,0,0,1776137450731,True,True
0,86.07,0.70127,0,0,1776137452546,True,True
0,86.1,0.17427675,0,0,1776137475294,True,True
0,86.14,0.75713,0,0,1776137524734,False,True
0,86.14,1.17781,0,0,1776137529978,False,True
0,86.14,1.5365,0,0,1776137538930,False,True
0,86.15,0.05579454,0,0,1776137549107,True,True
0,86.15,7.52652351,0,0,1776137549390,True,True
0,86.13,0.04461303,0,0,1776137558191,True,True
0,86.13,0.53015697,0,0,1776137558191,True,True
0,86.13,0.11553,0,0,1776137559875,True,True
0,86.13,4.50765234,0,0,1776137567531,False,True
0,86.13,11.05830825,0,0,1776137567531,False,True
0,86.14,0.27451574,0,0,1776137574755,True,True
0,86.15,0.05057424,0,0,1776137574755,True,True
0,86.15,0.89526004,0,0,1776137579870,True,True
0,86.15,0.27188508,0,0,1776137580107,True,True
0,86.14,4.20046246,0,0,1776137598174,False,True
0,86.14,5.79953754,0,0,1776137598174,False,True
0,86.15,0.15942,0,0,1776137603233,True,True
0,86.15,0.05058957,0,0,1776137607837,True,True
0,86.15,5.57227107,0,0,1776137616217,True,True
0,86.17,0.14024129,0,0,1776137646073,True,True
0,86.18,0.27335249,0,0,1776137646073,True,True
0,86.19,0.69477622,0,0,1776137646073,True,True
0,86.19,0.02101,0,0,1776137655655,True,True
0,86.18,0.03299791,0,0,1776137656549,False,True
0,86.19,12.48899,0,0,1776137658667,True,True
0,86.16,0.27275584,0,0,1776137669962,True,True
0,86.16,41.09762,0,0,1776137669962,True,True
0,86.16,40.93800395,0,0,1776137669962,True,True
0,86.13,0.15088208,0,0,1776137673582,False,True
0,86.13,0.02391,0,0,1776137675054,False,True
0,86.12,0.27190892,0,0,1776137676727,True,True
0,86.12,0.07947108,0,0,1776137676727,True,True
0,86.13,0.2709671,0,0,1776137683911,True,True
0,86.13,0.1051729,0,0,1776137683911,True,True
0,86.12,0.05058957,0,0,1776137685156,False,True
0,86.12,0.05806,0,0,1776137688345,False,True
0,86.13,0.32508998,0,0,1776137693420,True,True
0,86.12,0.02230463,0,0,1776137699364,False,True
0,86.09,1.1316,0,0,1776137710849,False,True
0,86.1,0.23226106,0,0,1776137712120,True,True
0,86.09,1.1343,0,0,1776137723616,False,True
0,86.1,0.03687828,0,0,1776137729840,True,True
0,86.11,1.09742172,0,0,1776137729840,True,True
0,86.1,0.02351,0,0,1776137733000,True,True
0,86.09,0.01861,0,0,1776137749209,False,True
0,86.09,0.02641,0,0,1776137755831,False,True
0,86.1,0.24547748,0,0,1776137760725,True,True
0,86.1,0.19322252,0,0,1776137760725,True,True
0,86.1,2.26669426,0,0,1776137767862,True,True
0,86.1,0.26802319,0,0,1776137767862,True,True
0,86.11,0.76645255,0,0,1776137767862,True,True
0,86.1,0.26713142,0,0,1776137769514,True,True
0,86.1,6.58192858,0,0,1776137769514,True,True
0,86.07,0.26614652,0,0,1776137800182,True,True
0,86.07,1.85740445,0,0,1776137800182,True,True
0,86.07,0.01414081,0,0,1776137801854,True,True
0,86.07,0.3253166,0,0,1776137808260,True,True
0,86.07,0.26517196,0,0,1776137812987,True,True
0,86.07,0.30009558,0,0,1776137817022,False,True
0,86.08,0.10225264,0,0,1776137828950,True,True
0,86.11,0.15884702,0,0,1776137858884,True,True
0,86.12,1.02335903,0,0,1776137858884,True,True
0,86.12,0.26057976,0,0,1776137870100,True,True
0,86.12,2.95446355,0,0,1776137870100,True,True
0,86.12,1.00608669,0,0,1776137870100,True,True
0,86.1,3.0,0,0,1776137877357,False,True
0,86.1,113.14365326,0,0,1776137879743,False,True
0,86.1,60.05634674,0,0,1776137879743,False,True
0,86.13,0.05677,0,0,1776137900916,True,True
0,86.13,11.35228,0,0,1776137920224,True,True
0,86.13,0.20100318,0,0,1776137925709,True,True
0,86.13,0.1240868,0,0,1776137925709,True,True
0,86.13,0.01621962,0,0,1776137933157,True,True
0,86.13,0.25711663,0,0,1776137933157,True,True
0,86.13,0.28604026,0,0,1776137933157,True,True
0,86.12,2.31389,0,0,1776137950885,False,True
0,86.13,0.05622,0,0,1776137961796,True,True
0,86.13,0.10588,0,0,1776137963107,True,True
0,86.13,1.02377,0,0,1776137993079,False,True
0,86.13,0.02698,0,0,1776137996273,True,True
0,86.13,0.0653828,0,0,1776138003048,True,True
0,86.14,0.1483772,0,0,1776138003048,True,True
0,86.12,0.2834417,0,0,1776138009884,False,True
0,86.12,13.33799739,0,0,1776138009884,False,True
0,86.13,0.25426798,0,0,1776138029305,True,True
0,86.14,1.24342184,0,0,1776138029305,True,True
0,86.15,0.54069018,0,0,1776138029305,True,True
0,86.14,3.18754071,0,0,1776138033731,False,True
0,86.14,7.24037563,0,0,1776138033731,False,True
0,86.14,0.02988,0,0,1776138038680,False,True
0,86.15,0.25348181,0,0,1776138046391,True,True
0,86.16,0.07153269,0,0,1776138046391,True,True
0,86.14,3.5,0,0,1776138061333,False,True
0,86.15,0.25262699,0,0,1776138065214,True,True
0,86.16,1.41178301,0,0,1776138065214,True,True
0,86.15,0.03447,0,0,1776138075042,True,True
0,86.16,0.21727335,0,0,1776138083604,True,True
0,86.17,5.63561143,0,0,1776138083604,True,True
0,86.17,2.92610281,0,0,1776138083629,True,True
0,86.17,2.64908639,0,0,1776138083632,True,True
0,86.17,6.71098642,0,0,1776138083641,True,True
0,86.17,5.85288477,0,0,1776138083643,True,True
0,86.17,1.73066352,0,0,1776138083652,True,True
0,86.18,1.43400749,0,0,1776138083657,True,True
0,86.18,202.4479628,0,0,1776138083674,True,True
0,86.18,372.26802971,0,0,1776138083692,True,True
0,86.19,4.23604121,0,0,1776138093720,False,True
0,86.18,2.09486,0,0,1776138102695,False,True
0,86.19,0.24991436,0,0,1776138105476,True,True
0,86.2,0.19954564,0,0,1776138105476,True,True
0,86.19,0.24910104,0,0,1776138109153,True,True
0,86.2,1.03014806,0,0,1776138109153,True,True
0,86.19,0.24828004,0,0,1776138117092,True,True
0,86.19,1.11470996,0,0,1776138117092,True,True
0,86.19,0.37485905,0,0,1776138119259,True,True
0,86.18,1.09684898,0,0,1776138120311,False,True
0,86.16,1.19766,0,0,1776138132414,False,True
0,86.16,0.24420576,0,0,1776138154729,True,True
0,86.16,1.15387113,0,0,1776138154729,True,True
0,86.16,0.03294,0,0,1776138155769,True,True
0,86.15,0.09055,0,0,1776138159951,False,True
0,86.16,0.21113634,0,0,1776138165502,True,True
0,86.16,0.11384044,0,0,1776138165502,True,True
0,86.18,0.24253,0,0,1776138177372,True,True
0,86.19,9.13294,0,0,1776138177372,True,True
0,86.16,0.03583,0,0,1776138188014,False,True
0,86.16,5.96417,0,0,1776138193692,False,True
0,86.15,4.53420511,0,0,1776138193692,False,True
0,86.18,1.71,0,0,1776138243414,False,True
0,86.18,0.24216499,0,0,1776138251525,True,True
0,86.19,0.88183501,0,0,1776138251525,True,True
0,86.16,0.24015661,0,0,1776138281020,True,True
0,86.17,0.08470706,0,0,1776138281020,True,True
0,86.2,0.23938855,0,0,1776138289183,True,True
0,86.2,0.13638145,0,0,1776138289183,True,True
0,86.17,0.226758,0,0,1776138297262,True,True
0,86.14,8.1984,0,0,1776138318108,False,True
0,86.12,0.04644681,0,0,1776138325170,False,True
0,86.11,0.00105419,0,0,1776138325170,False,True
0,86.09,2.02917,0,0,1776138334147,False,True
0,86.1,2.02917,0,0,1776138346081,False,True
0,86.12,0.07849,0,0,1776138362135,False,True
0,86.13,1.25666941,0,0,1776138362409,True,True
0,86.13,0.01857774,0,0,1776138362409,True,True
0,86.14,2.72475285,0,0,1776138362409,True,True
0,86.12,0.11554,0,0,1776138373723,True,True
0,86.12,0.047345,0,0,1776138376388,True,True
0,86.1,0.03037,0,0,1776138387013,True,True
0,86.09,2.02917,0,0,1776138387352,False,True
0,86.1,0.03048,0,0,1776138388569,True,True
0,86.1,0.01698164,0,0,1776138392178,True,True
0,86.11,0.30814608,0,0,1776138392178,True,True
0,86.1,0.223735,0,0,1776138393358,True,True
0,86.11,0.35691766,0,0,1776138393358,True,True
0,86.1,0.11331242,0,0,1776138400269,True,True
0,86.09,1.0,0,0,1776138402091,False,True
0,86.1,0.12681776,0,0,1776138404267,True,True
0,86.12,0.88607224,0,0,1776138404267,True,True
0,86.1,0.03398908,0,0,1776138425570,True,True
0,86.09,5.0,0,0,1776138426617,False,True
0,86.09,0.8,0,0,1776138428181,False,True
0,86.09,0.03338,0,0,1776138443561,False,True
0,86.09,0.03327,0,0,1776138444116,False,True
0,86.12,0.80126022,0,0,1776138476675,False,True
0,86.12,0.22917,0,0,1776138478383,False,True
0,86.13,9.57854406,0,0,1776138489020,True,True
0,86.13,0.32508998,0,0,1776138506626,True,True
0,86.13,20.47811955,0,0,1776138508806,True,True
0,86.11,0.25,0,0,1776138525106,False,True
0,86.1,0.87281435,0,0,1776138539748,False,True
0,86.1,0.2057244,0,0,1776138544013,True,True
0,86.11,0.0620756,0,0,1776138544013,True,True
0,86.08,0.21385,0,0,1776138564625,True,True
0,86.08,0.02511026,0,0,1776138567521,True,True
0,86.09,9.97488974,0,0,1776138567521,True,True
0,86.08,0.02318,0,0,1776138579189,True,True
0,86.08,0.21569884,0,0,1776138584900,True,True
0,86.09,0.21464116,0,0,1776138584900,True,True
0,86.08,0.02608,0,0,1776138606703,False,True
0,86.09,58.38337,0,0,1776138613347,False,True
0,86.11,0.23507308,0,0,1776138623170,True,True
0,86.12,0.09013017,0,0,1776138623170,True,True
0,86.12,6.15505372,0,0,1776138627810,True,True
0,86.12,1.00788,0,0,1776138666126,True,True
0,86.13,0.09313,0,0,1776138695199,True,True
0,86.08,1.2212,0,0,1776138727701,False,True
0,86.08,0.32524102,0,0,1776138742259,True,True
0,86.07,0.43473246,0,0,1776138744556,False,True
0,86.09,0.1409028,0,0,1776138765332,True,True
0,86.1,2.0236972,0,0,1776138765332,True,True
0,86.09,0.23357199,0,0,1776138765549,True,True
0,86.1,1.07102951,0,0,1776138765549,True,True
0,86.1,15.0,0,0,1776138765549,True,True
0,86.1,6.95059408,0,0,1776138765549,True,True
0,86.09,0.2325056,0,0,1776138795964,True,True
0,86.09,0.7674944,0,0,1776138795964,True,True
0,86.09,0.11558,0,0,1776138850037,True,True
0,86.09,0.12097686,0,0,1776138854342,True,True
0,86.1,0.20426416,0,0,1776138854342,True,True
0,86.1,0.23349435,0,0,1776138898822,True,True
0,86.1,0.0462588,0,0,1776138898822,True,True
0,86.1,0.09409651,0,0,1776138906085,True,True
0,86.1,2.27418763,0,0,1776138906085,True,True
0,86.11,7.7625,0,0,1776138907637,False,True
0,86.11,2.59801258,0,0,1776138907637,False,True
0,86.11,10.202838,0,0,1776138907637,False,True
0,86.11,9.36699886,0,0,1776138907637,False,True
0,86.12,23.22340919,0,0,1776138908484,True,True
0,86.17,0.53879,0,0,1776138910152,True,True
0,86.14,0.02688,0,0,1776138915349,True,True
0,86.13,1.12488,0,0,1776138922361,True,True
0,86.13,0.2158691,0,0,1776138932197,True,True
0,86.14,0.68954249,0,0,1776138932197,True,True
0,86.09,0.43012,0,0,1776138944580,True,True
0,86.08,0.58085501,0,0,1776138946091,False,True
0,86.08,2.59889204,0,0,1776138946091,False,True
0,86.08,8.30436295,0,0,1776138946091,False,True
0,86.08,0.02978,0,0,1776138963088,False,True
0,86.09,0.02689,0,0,1776138964321,True,True
0,86.09,0.32524102,0,0,1776138966425,True,True
0,86.09,1.12567,0,0,1776138971179,True,True
0,86.06,1.16198001,0,0,1776139007169,False,True
0,86.05,1.74263252,0,0,1776139007169,False,True
0,86.04,0.027,0,0,1776139012788,True,True
0,86.03,7.11391,0,0,1776139013563,False,True
0,86.03,0.19097964,0,0,1776139018035,True,True
0,86.04,0.04034036,0,0,1776139018035,True,True
0,86.04,0.02979,0,0,1776139035817,False,True
0,86.04,0.0299,0,0,1776139037864,False,True
0,86.04,1.27951263,0,0,1776139048686,False,True
0,86.05,0.0493901,0,0,1776139059004,True,True
0,86.05,0.05472,0,0,1776139075240,True,True
0,86.05,0.32539221,0,0,1776139080440,True,True
0,86.05,0.6869,0,0,1776139089933,True,True
0,86.04,0.4819,0,0,1776139092853,False,True
0,86.05,1.72591,0,0,1776139099030,True,True
0,86.04,9.69552357,0,0,1776139100208,False,True
0,86.05,0.83977596,0,0,1776139101484,True,True
0,86.05,0.53879,0,0,1776139125557,True,True
0,86.05,1.0,0,0,1776139132215,True,True
0,86.04,0.019,0,0,1776139133879,False,True
0,86.05,0.01137,0,0,1776139157629,True,True
0,86.05,0.03725508,0,0,1776139187300,True,True
0,86.04,0.6905537,0,0,1776139191934,False,True
0,86.04,12.0,0,0,1776139191934,False,True
0,86.04,116.22501162,0,0,1776139191934,False,True
0,86.04,2.60010026,0,0,1776139191934,False,True
0,86.04,3.08406537,0,0,1776139191934,False,True
0,86.04,19.44479562,0,0,1776139191934,False,True
0,86.05,0.32539221,0,0,1776139198983,True,True
0,86.05,0.05725,0,0,1776139200080,True,True
0,86.05,0.03469,0,0,1776139200095,True,True
0,86.05,0.02301,0,0,1776139200242,True,True
0,86.05,0.232423,0,0,1776139200788,True,True
0,86.05,0.11393,0,0,1776139213429,True,True
0,86.05,0.478,0,0,1776139216533,True,True
0,86.05,0.11506,0,0,1776139219143,True,True
0,86.03,0.21385,0,0,1776139221379,True,True
0,86.02,0.2705,0,0,1776139222165,False,True
0,86.02,2.50321,0,0,1776139222165,False,True
0,86.03,0.84124,0,0,1776139224222,True,True
0,86.02,5.0,0,0,1776139239355,False,True
0,86.03,0.25270369,0,0,1776139252668,True,True
0,86.03,0.63295631,0,0,1776139252668,True,True
0,86.03,0.11509,0,0,1776139253759,True,True
0,86.02,0.21135182,0,0,1776139260272,False,True
0,86.04,0.66939,0,0,1776139268318,True,True
0,86.03,0.024,0,0,1776139269163,False,True
0,86.04,0.26156742,0,0,1776139282129,True,True
0,86.05,1.80453258,0,0,1776139282129,True,True
0,86.05,0.81348053,0,0,1776139283271,True,True
0,86.04,0.047345,0,0,1776139283835,False,True
0,86.04,1.10013107,0,0,1776139283842,False,True
0,86.01,0.05944,0,0,1776139291372,False,True
0,86.0,0.05070498,0,0,1776139297155,False,True
0,85.98,0.03395674,0,0,1776139297155,False,True
0,85.97,0.03395835,0,0,1776139297155,False,True
0,85.97,16.68786767,0,0,1776139297155,False,True
0,85.97,34.95818922,0,0,1776139297155,False,True
0,85.97,0.18235,0,0,1776139308631,True,True
0,85.98,0.32554354,0,0,1776139313145,True,True
0,85.96,0.03395998,0,0,1776139334333,False,True
0,85.95,0.03396161,0,0,1776139334333,False,True
0,85.94,0.3158,0,0,1776139334333,False,True
0,85.94,0.03396323,0,0,1776139334333,False,True
0,85.94,4.58231518,0,0,1776139334333,False,True
0,85.96,0.1,0,0,1776139349730,True,True
0,85.96,0.05319,0,0,1776139368405,True,True
0,85.96,47.25065,0,0,1776139386802,False,True
0,85.97,0.11631965,0,0,1776139390414,True,True
0,85.96,2.41907,0,0,1776139391209,False,True
0,85.96,9.1533443,0,0,1776139391806,False,True
0,85.95,0.65392,0,0,1776139415984,False,True
0,85.97,0.44674391,0,0,1776139422386,True,True
0,85.99,0.01765825,0,0,1776139422386,True,True
0,85.99,0.32561925,0,0,1776139426885,True,True
0,85.99,0.05197211,0,0,1776139453002,True,True
0,86.0,0.37884789,0,0,1776139453002,True,True
0,86.01,0.13030205,0,0,1776139483139,True,True
0,86.02,0.00709277,0,0,1776139483139,True,True
0,85.99,21.0,0,0,1776139490136,True,True
0,85.97,0.03959338,0,0,1776139493747,False,True
0,85.97,6.58604585,0,0,1776139493747,False,True
0,85.97,0.52614694,0,0,1776139507285,True,True
0,85.97,0.36885,0,0,1776139515722,True,True
0,85.96,0.05948,0,0,1776139516601,False,True
0,85.96,1.66924245,0,0,1776139522224,False,True
0,85.97,1.16244269,0,0,1776139535831,True,True
0,85.97,5.59705731,0,0,1776139535831,True,True
0,85.98,0.28290274,0,0,1776139547729,True,True
0,85.98,0.04279226,0,0,1776139547729,True,True
0,85.97,0.1353596,0,0,1776139551129,False,True
0,85.96,0.2,0,0,1776139574238,False,True
0,85.97,0.28143263,0,0,1776139575223,True,True
0,85.97,0.36630737,0,0,1776139575223,True,True
0,86.0,1.6679,0,0,1776139579950,True,True
0,85.99,1.06864,0,0,1776139586042,False,True
0,85.99,2.73215356,0,0,1776139588213,False,True
0,86.01,0.22047436,0,0,1776139609171,True,True
0,86.0,0.12385,0,0,1776139620144,True,True
0,85.99,0.05972033,0,0,1776139624232,True,True
0,86.0,0.05540967,0,0,1776139624232,True,True
0,85.96,0.46440216,0,0,1776139633466,False,True
0,85.98,0.28423598,0,0,1776139653290,True,True
0,85.98,0.11880402,0,0,1776139653290,True,True
0,85.98,0.28046223,0,0,1776139658698,True,True
0,85.98,0.04519489,0,0,1776139658698,True,True
0,85.98,0.02366,0,0,1776139660849,True,True
0,85.97,0.04193,0,0,1776139668538,False,True
0,85.98,0.27759917,0,0,1776139670216,True,True
0,85.98,0.66104083,0,0,1776139670216,True,True
0,85.98,0.27678471,0,0,1776139679432,True,True
0,85.99,15.0,0,0,1776139679432,True,True
0,85.99,6.41719529,0,0,1776139679432,True,True
0,86.01,10.0,0,0,1776139682707,False,True
0,86.02,0.06378,0,0,1776139685261,True,True
0,86.01,0.02656,0,0,1776139686593,False,True
0,86.02,0.21146825,0,0,1776139688831,True,True
0,86.03,2.49650175,0,0,1776139688831,True,True
0,86.04,0.15547,0,0,1776139690643,True,True
0,86.0,0.26799,0,0,1776139708390,True,True
0,86.0,0.11667,0,0,1776139710166,True,True
0,86.0,0.225357,0,0,1776139711046,True,True
0,85.99,0.3412,0,0,1776139723023,True,True
0,85.99,1.39561808,0,0,1776139725392,True,True
0,85.99,0.02072,0,0,1776139726256,True,True
0,85.96,0.60043,0,0,1776139745083,False,True
0,85.96,0.27301816,0,0,1776139757329,True,True
0,85.96,0.29585184,0,0,1776139757329,True,True
0,85.95,0.02362,0,0,1776139758878,False,True
0,85.97,0.27188463,0,0,1776139777679,True,True
0,85.97,0.05384826,0,0,1776139777679,True,True
0,85.95,0.01058384,0,0,1776139785259,False,True
0,85.97,0.111242,0,0,1776139816175,True,True
0,85.94,2.60292448,0,0,1776139839321,False,True
0,85.94,17.39707552,0,0,1776139839321,False,True
0,85.96,0.46469579,0,0,1776139859201,True,True
0,85.96,5.37504,0,0,1776139874148,False,True
0,85.95,1.1375567,0,0,1776139891554,True,True
0,85.96,0.29137623,0,0,1776139891554,True,True
0,85.97,2.69409707,0,0,1776139891554,True,True
0,85.96,0.325695,0,0,1776139902593,True,True
0,85.97,1.66809,0,0,1776139909472,True,True
0,85.96,6.19166,0,0,1776139910550,False,True
0,85.96,0.1048742,0,0,1776139911198,False,True
0,85.96,0.2999,0,0,1776139933104,False,True
0,85.94,0.00214029,0,0,1776139943129,False,True
0,85.94,0.20193474,0,0,1776139953451,False,True
0,85.94,0.06982739,0,0,1776139958366,False,True
0,85.94,0.22537,0,0,1776139967154,True,True
0,85.93,0.03396486,0,0,1776139978489,False,True
0,85.93,12.2379216,0,0,1776139978489,False,True
0,85.94,0.05980682,0,0,1776140009198,True,True
0,85.95,0.26600188,0,0,1776140009198,True,True
0,85.95,0.56052967,0,0,1776140009483,True,True
0,85.94,5.71218,0,0,1776140010173,False,True
0,85.93,0.78133,0,0,1776140013867,False,True
0,85.93,0.478,0,0,1776140018496,False,True
0,85.97,0.58101722,0,0,1776140042959,True,True
0,85.96,0.46469579,0,0,1776140063769,False,True
0,85.97,0.07885,0,0,1776140085510,True,True
0,85.96,0.019,0,0,1776140092333,False,True
0,85.96,0.057563,0,0,1776140106764,True,True
0,85.97,0.32573289,0,0,1776140123874,True,True
0,85.97,5.57424,0,0,1776140130055,True,True
0,85.97,0.02062,0,0,1776140135590,True,True
0,85.96,1.78573,0,0,1776140141214,False,True
0,85.97,0.4739,0,0,1776140142232,True,True
0,85.97,2.71405,0,0,1776140142765,True,True
0,85.97,0.17275,0,0,1776140179149,True,True
0,85.96,0.02352,0,0,1776140182152,False,True
0,85.96,0.35607,0,0,1776140200468,False,True
0,85.96,0.03201679,0,0,1776140212290,False,True
0,85.97,0.53156256,0,0,1776140213378,True,True
0,85.97,2.12920628,0,0,1776140213378,True,True
0,85.97,0.23330189,0,0,1776140213378,True,True
0,85.98,6.70365919,0,0,1776140213378,True,True
0,85.98,0.05786,0,0,1776140231182,True,True
0,85.98,0.23081107,0,0,1776140237966,True,True
0,85.98,0.70126355,0,0,1776140237966,True,True
0,85.98,0.17104,0,0,1776140241036,True,True
0,85.98,0.32565712,0,0,1776140244575,True,True
0,85.98,2.45328298,0,0,1776140256232,False,True
0,85.98,0.48632218,0,0,1776140256618,False,True
0,85.99,0.28709515,0,0,1776140284745,True,True
0,85.99,0.28177485,0,0,1776140284745,True,True
0,85.99,1.1927,0,0,1776140290135,True,True
0,85.99,0.57857,0,0,1776140290228,True,True
0,85.99,5.75631,0,0,1776140294750,True,True
0,85.98,0.50436,0,0,1776140299074,False,True
0,85.99,0.01126,0,0,1776140306608,True,True
0,85.97,3.46632547,0,0,1776140314993,False,True
0,85.98,0.27335507,0,0,1776140329848,True,True
0,85.98,0.19106294,0,0,1776140329848,True,True
0,85.98,0.32565712,0,0,1776140355062,True,True
0,85.98,0.86455,0,0,1776140356310,True,True
0,85.98,0.14038148,0,0,1776140357881,True,True
0,85.97,0.06492312,0,0,1776140367067,False,True
0,85.98,0.20192,0,0,1776140375090,True,True
0,85.98,0.9122,0,0,1776140391035,True,True
0,85.97,0.30151975,0,0,1776140399822,False,True
0,85.97,0.10645,0,0,1776140412127,False,True
0,85.97,0.07204,0,0,1776140415000,False,True
0,85.98,0.04962861,0,0,1776140420228,True,True
0,85.98,2.22486,0,0,1776140421834,True,True
0,85.98,0.56323,0,0,1776140423183,True,True
0,85.97,0.02927,0,0,1776140442789,False,True
0,85.98,0.30263989,0,0,1776140444048,True,True
0,85.98,0.30325123,0,0,1776140444048,True,True
0,85.98,1.25238888,0,0,1776140444048,True,True
0,85.97,1.1479,0,0,1776140454055,False,True
0,85.97,18.45004003,0,0,1776140462476,False,True
0,85.97,42.36153163,0,0,1776140462610,False,True
0,85.95,0.32565712,0,0,1776140470746,True,True
0,85.94,0.06504,0,0,1776140471786,False,True
0,85.98,2.12995388,0,0,1776140481963,True,True
0,85.95,5.52853,0,0,1776140532534,True,True
0,85.94,0.46441801,0,0,1776140535546,False,True
0,85.94,0.40935511,0,0,1776140556994,False,True
0,85.95,0.32577079,0,0,1776140580546,True,True
0,85.94,0.04993,0,0,1776140590935,False,True
0,85.94,0.53409355,0,0,1776140591995,False,True
0,85.94,2.33884105,0,0,1776140591995,False,True
0,85.92,0.03396649,0,0,1776140597954,False,True
0,85.91,0.0339681,0,0,1776140597954,False,True
0,85.9,0.03396973,0,0,1776140597954,False,True
0,85.9,0.92523568,0,0,1776140597954,False,True
0,85.9,0.11551346,0,0,1776140597955,False,True
0,85.9,0.11648224,0,0,1776140597955,False,True
0,85.9,0.11587486,0,0,1776140597955,False,True
0,85.9,0.11889193,0,0,1776140597955,False,True
0,85.9,0.18152438,0,0,1776140602462,False,True
0,85.91,0.34280383,0,0,1776140611110,True,True
0,85.91,0.01242617,0,0,1776140611110,True,True
0,85.9,9.81847562,0,0,1776140612603,False,True
0,85.89,0.03397136,0,0,1776140614832,False,True
0,85.89,0.58207218,0,0,1776140617150,True,True
0,85.88,0.03397299,0,0,1776140628336,False,True
0,85.87,0.3161,0,0,1776140635347,False,True
0,85.87,0.03397462,0,0,1776140635347,False,True
0,85.86,0.03397623,0,0,1776140635347,False,True
0,85.85,0.03397786,0,0,1776140635347,False,True
0,85.85,0.2709,0,0,1776140635347,False,True
0,85.85,0.36883129,0,0,1776140635347,False,True
0,85.86,1.13246543,0,0,1776140655154,True,True
0,85.86,0.37179,0,0,1776140658209,True,True
0,85.86,1.15329,0,0,1776140658553,True,True
0,85.86,0.14913,0,0,1776140660469,True,True
0,85.85,0.5,0,0,1776140665948,False,True
0,85.85,7.2625,0,0,1776140675306,False,True
0,85.85,50.69613181,0,0,1776140675306,False,True
0,85.86,0.1,0,0,1776140681290,True,True
0,85.86,0.07807721,0,0,1776140684922,True,True
0,85.86,0.29902279,0,0,1776140684922,True,True
0,85.86,0.32611227,0,0,1776140692829,True,True
0,85.84,0.125,0,0,1776140702772,False,True
0,85.84,0.1912,0,0,1776140703419,False,True
0,85.84,0.0339795,0,0,1776140703419,False,True
0,85.84,64.32385727,0,0,1776140703419,False,True
0,85.85,0.07184507,0,0,1776140709549,True,True
0,85.85,0.1142,0,0,1776140716822,True,True
0,85.84,0.02538,0,0,1776140724550,True,True
0,85.85,0.21777161,0,0,1776140764605,True,True
0,85.86,0.00788839,0,0,1776140764605,True,True
0,85.86,1.91743382,0,0,1776140766012,True,True
0,85.86,2.59521618,0,0,1776140766012,True,True
0,85.86,0.71571,0,0,1776140769879,True,True
0,85.87,0.33584604,0,0,1776140794234,True,True
0,85.87,2.94943701,0,0,1776140794234,True,True
0,85.87,2.23342695,0,0,1776140794234,True,True
0,85.87,0.32607429,0,0,1776140808099,True,True
0,85.86,0.1,0,0,1776140811632,False,True
0,85.87,22.56838,0,0,1776140822371,True,True
0,85.87,0.66884,0,0,1776140826912,True,True
0,85.87,0.66884,0,0,1776140826912,True,True
0,85.87,0.91393,0,0,1776140870890,False,True
0,85.85,0.00595925,0,0,1776140881933,True,True
0,85.85,20.99404075,0,0,1776140881933,True,True
0,85.85,10.0,0,0,1776140893632,False,True
0,85.87,0.32405356,0,0,1776140921564,True,True
0,85.87,0.00205871,0,0,1776140921564,True,True
0,85.86,0.2476,0,0,1776140932187,True,True
0,85.86,2.71301,0,0,1776140937175,True,True
0,85.86,0.1,0,0,1776140941922,True,True
0,85.86,0.01778,0,0,1776140942737,True,True
0,85.87,0.11418,0,0,1776140965292,True,True
0,85.87,0.28544,0,0,1776140991254,True,True
0,85.87,1.10900198,0,0,1776140995826,True,True
0,85.83,0.03398113,0,0,1776141001883,False,True
0,85.83,0.271,0,0,1776141001883,False,True
0,85.83,7.7625,0,0,1776141001883,False,True
0,85.83,1.33860593,0,0,1776141001883,False,True
0,85.84,0.4739,0,0,1776141007531,False,True
0,85.84,0.057563,0,0,1776141011197,False,True
0,85.85,0.08076645,0,0,1776141014535,True,True
0,85.86,0.14399223,0,0,1776141014535,True,True
0,85.83,0.31208309,0,0,1776141050589,True,True
0,85.83,0.01402918,0,0,1776141050589,True,True
0,85.82,0.019,0,0,1776141057015,False,True
0,85.82,0.01498276,0,0,1776141057460,False,True
0,85.82,0.271,0,0,1776141057460,False,True
0,85.81,0.3163,0,0,1776141057460,False,True
0,85.81,0.03398439,0,0,1776141057460,False,True
0,85.81,2.2052614,0,0,1776141057460,False,True
0,85.81,116.52805391,0,0,1776141057460,False,True
0,85.81,7.7625,0,0,1776141057460,False,True
0,85.81,86.22063777,0,0,1776141057460,False,True
0,85.81,0.02288,0,0,1776141057559,False,True
0,85.81,0.31707797,0,0,1776141065783,True,True
0,85.82,0.1479778,0,0,1776141065783,True,True
0,85.8,0.3164,0,0,1776141068767,False,True
0,85.8,0.03398602,0,0,1776141068767,False,True
0,85.79,0.3164,0,0,1776141068767,False,True
0,85.79,0.03398765,0,0,1776141068767,False,True
0,85.78,0.1,0,0,1776141072279,False,True
0,85.79,0.28493,0,0,1776141076541,True,True
0,85.78,0.20021483,0,0,1776141109156,False,True
0,85.78,0.3164,0,0,1776141109156,False,True
0,85.78,0.03398927,0,0,1776141109156,False,True
0,85.78,1.8546559,0,0,1776141109156,False,True
0,85.79,0.05425567,0,0,1776141123750,True,True
0,85.82,0.26112979,0,0,1776141128932,True,True
0,85.82,0.12949845,0,0,1776141128932,True,True
0,85.82,0.63998744,0,0,1776141129223,True,True
0,85.82,0.1,0,0,1776141137488,True,True
0,85.82,0.31458862,0,0,1776141140947,True,True
0,85.83,2.36574624,0,0,1776141140947,True,True
0,85.82,0.02517,0,0,1776141141457,True,True
0,85.83,0.28808245,0,0,1776141153500,True,True
0,85.84,0.03818182,0,0,1776141153500,True,True
0,85.83,0.31224568,0,0,1776141155162,True,True
0,85.84,0.27692432,0,0,1776141155162,True,True
0,85.85,0.19522422,0,0,1776141168274,True,True
0,85.81,0.02808,0,0,1776141175999,False,True
0,85.81,7.73442,0,0,1776141180137,False,True
0,85.81,1.0221249,0,0,1776141180137,False,True
0,85.8,0.0141,0,0,1776141199178,False,True
0,85.78,0.1854651,0,0,1776141208012,False,True
0,85.79,0.02328,0,0,1776141223414,False,True
0,85.8,0.11485591,0,0,1776141224593,True,True
0,85.81,1.02568409,0,0,1776141224593,True,True
0,85.79,0.22475868,0,0,1776141252179,False,True
0,85.8,0.05207478,0,0,1776141265987,True,True
0,85.8,0.01201981,0,0,1776141267036,True,True
0,85.79,0.1,0,0,1776141267781,False,True
0,85.79,0.46505577,0,0,1776141270122,False,True
0,85.79,0.30961915,0,0,1776141272688,True,True
0,85.8,0.01672117,0,0,1776141272688,True,True
0,85.79,0.30848687,0,0,1776141283981,True,True
0,85.79,0.26184313,0,0,1776141283981,True,True
0,85.78,0.30021483,0,0,1776141285987,False,True
0,85.77,0.3165,0,0,1776141285987,False,True
0,85.77,0.0339909,0,0,1776141285987,False,True
0,85.76,0.3165,0,0,1776141285987,False,True
0,85.76,0.03399253,0,0,1776141285987,False,True
0,85.76,2.48173106,0,0,1776141285987,False,True
0,85.75,0.2,0,0,1776141285987,False,True
0,85.75,6.31707068,0,0,1776141285987,False,True
0,85.76,0.05207478,0,0,1776141290187,False,True
0,85.75,0.05425567,0,0,1776141301346,False,True
0,85.76,0.31587874,0,0,1776141303000,True,True
0,85.76,1.14398253,0,0,1776141303000,True,True
0,85.76,0.4703,0,0,1776141315773,True,True
0,85.76,0.1,0,0,1776141333216,True,True
0,85.76,0.07216233,0,0,1776141338600,True,True
0,85.76,0.31462831,0,0,1776141338600,True,True
0,85.77,6.24400936,0,0,1776141338600,True,True
0,85.76,0.06994,0,0,1776141342605,False,True
0,85.76,0.31285186,0,0,1776141356714,True,True
0,85.77,0.14544814,0,0,1776141356714,True,True
0,85.75,0.019,0,0,1776141373153,False,True
0,85.76,28.00547,0,0,1776141382697,True,True
0,85.76,0.31179769,0,0,1776141382697,True,True
0,85.76,22.79786365,0,0,1776141382697,True,True
0,85.76,3.41585015,0,0,1776141382697,True,True
0,85.76,2.90964851,0,0,1776141382697,True,True
0,85.76,0.31106069,0,0,1776141384932,True,True
0,85.76,0.83683931,0,0,1776141384932,True,True
0,85.76,0.30958921,0,0,1776141390587,True,True
0,85.76,0.01690332,0,0,1776141390587,True,True
0,85.76,5.70385,0,0,1776141395983,True,True
0,85.76,1.14039,0,0,1776141397997,True,True
0,85.75,0.04589,0,0,1776141398662,False,True
0,85.76,0.02688,0,0,1776141415163,True,True
0,85.75,0.12024,0,0,1776141419625,False,True
0,85.76,0.27973976,0,0,1776141422297,True,True
0,85.77,1.72026024,0,0,1776141422297,True,True
0,85.76,0.30153,0,0,1776141436841,True,True
0,85.76,0.1,0,0,1776141464076,False,True
0,85.75,0.02979,0,0,1776141474504,False,True
0,85.76,0.3036013,0,0,1776141481285,True,True
0,85.76,0.6963987,0,0,1776141481285,True,True
0,85.75,0.4706,0,0,1776141502619,False,True
0,85.76,0.05647,0,0,1776141506067,True,True
0,85.76,0.24501246,0,0,1776141506757,True,True
0,85.77,0.08148007,0,0,1776141506757,True,True
0,85.76,0.02925,0,0,1776141519676,True,True
0,85.76,0.27141535,0,0,1776141520383,True,True
0,85.77,0.72858465,0,0,1776141520383,True,True
0,85.75,25.05406,0,0,1776141525537,False,True
0,85.75,0.03216,0,0,1776141560250,False,True
0,85.76,0.0204904,0,0,1776141572182,True,True
0,85.76,0.1,0,0,1776141595633,True,True
0,85.75,7.56717159,0,0,1776141606644,False,True
0,85.75,5.0,0,0,1776141610726,False,True
0,85.76,0.17732774,0,0,1776141619879,True,True
0,85.77,0.14916479,0,0,1776141619879,True,True
0,85.76,0.29878089,0,0,1776141624390,True,True
0,85.77,5.12178911,0,0,1776141624390,True,True
0,85.75,7.3723622,0,0,1776141625869,False,True
0,85.75,2.26549415,0,0,1776141633115,False,True
0,85.75,0.01743,0,0,1776141656335,False,True
0,85.76,0.29632556,0,0,1776141666827,True,True
0,85.76,5.22946444,0,0,1776141666827,True,True
0,85.75,0.10426497,0,0,1776141678029,False,True
0,85.76,1.01121842,0,0,1776141679302,True,True
0,85.76,5.42118,0,0,1776141683376,True,True
0,85.75,0.1,0,0,1776141729417,False,True
0,85.75,0.18,0,0,1776141736343,False,True
0,85.76,0.32649253,0,0,1776141738619,True,True
0,85.76,0.02665,0,0,1776141775719,True,True
0,85.75,12.0,0,0,1776141776613,False,True
0,85.75,18.45004003,0,0,1776141780786,False,True
0,85.75,0.019,0,0,1776141781498,False,True
0,85.75,307.24350409,0,0,1776141784468,False,True
0,85.75,70.63484251,0,0,1776141791295,False,True
0,85.75,18.45004003,0,0,1776141791298,False,True
0,85.75,101.54316309,0,0,1776141791303,False,True
0,85.75,0.3165,0,0,1776141791303,False,True
0,85.75,116.90416259,0,0,1776141791303,False,True
0,85.75,81.22703274,0,0,1776141791305,False,True
0,85.75,0.03399416,0,0,1776141791305,False,True
0,85.75,189.19581142,0,0,1776141791305,False,True
0,85.75,205.23202601,0,0,1776141791305,False,True
0,85.75,49.35193821,0,0,1776141791305,False,True
0,85.75,7.62913099,0,0,1776141791308,False,True
0,85.75,38.08806901,0,0,1776141791308,False,True
0,85.75,77.92484149,0,0,1776141791310,False,True
0,85.75,57.22005461,0,0,1776141791310,False,True
0,85.75,143.47190533,0,0,1776141791314,False,True
0,85.75,142.06563499,0,0,1776141791337,False,True
0,85.75,11.04481546,0,0,1776141791346,False,True
0,85.75,78.77577248,0,0,1776141791348,False,True
0,85.75,0.49,0,0,1776141791348,False,True
0,85.74,0.3166,0,0,1776141792023,False,True
0,85.74,0.03399579,0,0,1776141792023,False,True
0,85.74,3.4983,0,0,1776141792023,False,True
0,85.73,0.3166,0,0,1776141800953,False,True
0,85.73,0.03399743,0,0,1776141800953,False,True
0,85.72,0.01326166,0,0,1776141800953,False,True
0,85.72,0.02956,0,0,1776141803259,False,True
0,85.73,0.467,0,0,1776141810329,True,True
0,85.73,7.2955,0,0,1776141816148,True,True
0,85.73,1.4057,0,0,1776141816148,True,True
0,85.73,0.01141,0,0,1776141828925,True,True
0,85.72,0.27377834,0,0,1776141829985,False,True
0,85.72,0.01573023,0,0,1776141829985,False,True
0,85.73,0.32660678,0,0,1776141846604,True,True
0,85.72,0.01826883,0,0,1776141889868,False,True
0,85.71,0.583363,0,0,1776141903416,False,True
0,85.71,0.06541317,0,0,1776141903416,False,True
0,85.71,0.03400071,0,0,1776141903416,False,True
0,85.71,0.3167,0,0,1776141903416,False,True
0,85.7,0.03400234,0,0,1776141904073,False,True
0,85.7,0.3167,0,0,1776141904073,False,True
0,85.7,11.66861143,0,0,1776141904073,False,True
0,85.69,0.03400397,0,0,1776141905029,False,True
0,85.69,0.19045397,0,0,1776141905029,False,True
0,85.69,0.0860022,0,0,1776141905029,False,True
0,85.69,6.89575283,0,0,1776141905029,False,True
0,85.69,3.09071,0,0,1776141905029,False,True
0,85.69,0.3168,0,0,1776141905029,False,True
0,85.68,0.03400561,0,0,1776141905043,False,True
0,85.68,0.3168,0,0,1776141905043,False,True
0,85.67,0.05070498,0,0,1776141905043,False,True
0,85.67,0.03400724,0,0,1776141905043,False,True
0,85.67,0.3168,0,0,1776141905043,False,True
0,85.66,0.03400887,0,0,1776141905043,False,True
0,85.66,15.0,0,0,1776141905043,False,True
0,85.66,0.05143313,0,0,1776141905043,False,True
0,85.66,0.3169,0,0,1776141905043,False,True
0,85.65,0.0340105,0,0,1776141905043,False,True
0,85.65,0.125622,0,0,1776141905043,False,True
0,85.65,0.70309398,0,0,1776141905043,False,True
0,85.65,0.2403,0,0,1776141905043,False,True
0,85.65,7.01018217,0,0,1776141905043,False,True
0,85.65,0.75231783,0,0,1776141905044,False,True
0,85.64,0.03401214,0,0,1776141907058,False,True
0,85.64,1.13355602,0,0,1776141907058,False,True
0,85.64,0.019,0,0,1776141907552,False,True
0,85.64,0.40774,0,0,1776141909728,False,True
0,85.65,0.28596,0,0,1776141923141,True,True
0,85.65,0.32363,0,0,1776141928685,True,True
0,85.64,1.87296929,0,0,1776141932979,False,True
0,85.64,1.95002336,0,0,1776141932979,False,True
0,85.64,0.125623,0,0,1776141932979,False,True
0,85.64,0.3169,0,0,1776141932979,False,True
0,85.64,1.61183409,0,0,1776141932979,False,True
0,85.63,0.03401379,0,0,1776141935927,False,True
0,85.63,0.43298621,0,0,1776141935927,False,True
0,85.63,18.45004003,0,0,1776141937601,False,True
0,85.64,0.32695002,0,0,1776141962918,True,True
0,85.63,1.00432,0,0,1776141963190,False,True
0,85.64,1.51798225,0,0,1776141970634,True,True
0,85.64,0.29191967,0,0,1776141984044,True,True
0,85.63,175.17225271,0,0,1776142006345,False,True
0,85.64,0.00966605,0,0,1776142027385,True,True
0,85.64,1.67218255,0,0,1776142027385,True,True
0,85.64,0.00534916,0,0,1776142027385,True,True
0,85.64,8.3,0,0,1776142041809,True,True
0,85.64,25.50533534,0,0,1776142041809,True,True
0,85.64,0.28596,0,0,1776142041809,True,True
0,85.64,14.01712384,0,0,1776142041809,True,True
0,85.64,45.68379098,0,0,1776142041809,True,True
0,85.64,8.4154188,0,0,1776142041809,True,True
0,85.64,9.98988457,0,0,1776142041809,True,True
0,85.64,38.66164729,0,0,1776142041811,True,True
0,85.67,7.7625,0,0,1776142041812,True,True
0,85.67,32.18825011,0,0,1776142041812,True,True
0,85.67,6.0,0,0,1776142041812,True,True
0,85.68,7.7625,0,0,1776142041812,True,True
0,85.66,7.7625,0,0,1776142041814,True,True
0,85.67,1.45908719,0,0,1776142041823,True,True
0,85.67,1.45908719,0,0,1776142041823,True,True
0,85.67,17.04975981,0,0,1776142041824,True,True
0,85.68,11.53929312,0,0,1776142041824,True,True
0,85.68,0.25,0,0,1776142041824,True,True
0,85.69,17.16094707,0,0,1776142041824,True,True
0,85.69,35.9893,0,0,1776142041826,True,True
0,85.69,7.7625,0,0,1776142041829,True,True
0,85.69,20.65093793,0,0,1776142041830,True,True
0,85.7,7.84369131,0,0,1776142041830,True,True
0,85.7,6.26193927,0,0,1776142041830,True,True
0,85.71,57.24343149,0,0,1776142041830,True,True
0,85.7,25.32693566,0,0,1776142041836,True,True
0,85.71,21.46226434,0,0,1776142041836,True,True
0,85.71,36.4712,0,0,1776142041838,True,True
0,85.66,6.0,0,0,1776142041843,True,True
0,85.7,0.25,0,0,1776142041876,True,True
0,85.71,11.66725002,0,0,1776142041876,True,True
0,85.72,16.44,0,0,1776142041904,True,True
0,85.72,80.064366,0,0,1776142041904,True,True
0,85.77,5.0,0,0,1776142043265,False,True
0,85.77,0.95217,0,0,1776142052420,False,True
0,85.77,3.96716138,0,0,1776142052997,False,True
0,85.77,2.54142553,0,0,1776142052997,False,True
0,85.77,2.67608728,0,0,1776142052997,False,True
0,85.76,0.18654542,0,0,1776142070662,True,True
0,85.75,0.32649253,0,0,1776142079933,True,True
0,85.77,0.10347393,0,0,1776142082329,True,True
0,85.77,2.88594406,0,0,1776142082329,True,True
0,85.77,3.26058201,0,0,1776142082329,True,True
0,85.72,3.04109802,0,0,1776142103094,False,True
0,85.72,2.60964075,0,0,1776142103094,False,True
0,85.72,18.98843778,0,0,1776142103094,False,True
0,85.71,0.2926389,0,0,1776142124678,True,True
0,85.72,7.3214811,0,0,1776142124678,True,True
0,85.7,4.21499656,0,0,1776142135648,False,True
0,85.71,0.29147257,0,0,1776142136818,True,True
0,85.72,2.04170521,0,0,1776142136818,True,True
0,85.71,0.29052512,0,0,1776142158923,True,True
0,85.71,0.25046488,0,0,1776142158923,True,True
0,85.7,0.09018,0,0,1776142173872,False,True
0,85.71,0.4632,0,0,1776142182099,True,True
0,85.75,0.15556,0,0,1776142198825,True,True
0,85.75,0.137108,0,0,1776142200312,True,True
0,85.76,0.189575,0,0,1776142200312,True,True
0,85.75,0.38074,0,0,1776142208514,False,True
0,85.76,0.2309,0,0,1776142217033,True,True
0,85.76,7.8,0,0,1776142225572,False,True
0,85.69,1.88882743,0,0,1776142235924,True,True
0,85.7,0.29451605,0,0,1776142261372,True,True
0,85.71,25.50533534,0,0,1776142261372,True,True
0,85.72,7.7625,0,0,1776142261372,True,True
0,85.72,8.97564861,0,0,1776142261372,True,True
0,85.71,0.26908,0,0,1776142275744,True,True
0,85.69,0.02113,0,0,1776142283787,True,True
0,85.68,4.64371239,0,0,1776142283813,False,True
0,85.66,0.4303,0,0,1776142287643,False,True
0,85.67,0.01483,0,0,1776142297681,False,True
0,85.68,0.29507914,0,0,1776142312632,True,True
0,85.68,0.03171824,0,0,1776142312632,True,True
0,85.68,0.1527,0,0,1776142314075,True,True
0,85.69,3.06981664,0,0,1776142319545,False,True
0,85.69,82.11107336,0,0,1776142319545,False,True
0,85.69,0.019,0,0,1776142324074,False,True
0,85.69,0.02501,0,0,1776142326231,False,True
0,85.71,0.13322486,0,0,1776142340506,True,True
0,85.71,0.09997514,0,0,1776142340506,True,True
0,85.71,0.19,0,0,1776142358779,False,True
0,85.76,0.30499777,0,0,1776142383688,True,True
0,85.77,0.50752223,0,0,1776142383688,True,True
0,85.78,10.0,0,0,1776142387272,True,True
0,85.78,1.02019,0,0,1776142403103,True,True
0,85.78,25.33433683,0,0,1776142418440,True,True
0,85.78,25.33433683,0,0,1776142420941,True,True
0,85.78,18.68752623,0,0,1776142420950,True,True
0,85.8,0.05827506,0,0,1776142421528,True,True
0,85.8,0.02811,0,0,1776142422675,True,True
0,85.8,0.32641641,0,0,1776142423290,True,True
0,85.8,0.26877,0,0,1776142426406,True,True
0,85.8,0.3350634,0,0,1776142432662,True,True
0,85.79,0.03102,0,0,1776142450740,False,True
0,85.8,0.06711961,0,0,1776142484786,True,True
0,85.8,15.26875651,0,0,1776142484786,True,True
0,85.84,0.03048,0,0,1776142485873,True,True
0,85.81,0.01143,0,0,1776142498033,True,True
0,85.81,6.25,0,0,1776142498831,True,True
0,85.8,0.06017,0,0,1776142499156,False,True
0,85.8,0.02333,0,0,1776142508611,False,True
0,85.8,0.03339,0,0,1776142510292,False,True
0,85.81,0.31378461,0,0,1776142515040,True,True
0,85.81,1.41181228,0,0,1776142515586,True,True
0,85.84,2.17669308,0,0,1776142529719,False,True
0,85.85,0.2666223,0,0,1776142538211,True,True
0,85.85,5.3603777,0,0,1776142538211,True,True
0,85.85,0.29500187,0,0,1776142541462,True,True
0,85.85,0.03114839,0,0,1776142541462,True,True
0,85.86,3.17264054,0,0,1776142555314,False,True
0,85.86,3.72139946,0,0,1776142555314,False,True
0,85.86,0.22274911,0,0,1776142559983,True,True
0,85.88,0.05823772,0,0,1776142565447,True,True
0,85.88,0.112918,0,0,1776142566755,True,True
0,85.86,0.54320003,0,0,1776142582469,False,True
0,85.86,49.45679997,0,0,1776142582469,False,True
0,85.84,0.03007,0,0,1776142601458,False,True
0,85.84,0.5183,0,0,1776142606690,False,True
0,85.85,0.06169178,0,0,1776142625073,True,True
0,85.85,0.22865822,0,0,1776142625073,True,True
0,85.84,0.23601,0,0,1776142629250,True,True
0,85.82,0.97439,0,0,1776142633616,True,True
0,85.83,0.28768122,0,0,1776142661747,True,True
0,85.84,0.03858305,0,0,1776142661747,True,True
0,85.85,0.29234073,0,0,1776142669190,True,True
0,85.85,2.96393927,0,0,1776142669190,True,True
0,85.85,1.19615,0,0,1776142677928,True,True
0,85.84,0.056,0,0,1776142679725,True,True
0,85.83,0.29137062,0,0,1776142698029,True,True
0,85.83,2.51237938,0,0,1776142698029,True,True
0,85.82,0.4632,0,0,1776142737427,False,True
0,85.87,0.04892959,0,0,1776142754595,False,True
0,85.88,0.68328,0,0,1776142763957,True,True
0,85.88,0.15992,0,0,1776142765638,True,True
0,85.88,0.00905449,0,0,1776142766372,True,True
0,85.9,1.39552947,0,0,1776142766372,True,True
0,85.89,0.15373867,0,0,1776142771816,False,True
0,85.9,8.997,0,0,1776142776555,True,True
0,85.9,0.28558265,0,0,1776142783181,True,True
0,85.91,0.04037776,0,0,1776142783181,True,True
0,85.92,7.7469847,0,0,1776142792427,False,True
0,85.93,0.27997839,0,0,1776142794138,True,True
0,85.94,0.88365674,0,0,1776142794138,True,True
0,85.93,0.27774912,0,0,1776142800078,True,True
0,85.93,0.13560088,0,0,1776142800078,True,True
0,85.93,0.0172,0,0,1776142800185,True,True
0,85.93,0.11465,0,0,1776142800284,True,True
0,85.93,0.14261,0,0,1776142800307,True,True
0,85.93,0.02914,0,0,1776142800513,True,True
0,85.94,0.03054,0,0,1776142808319,True,True
0,85.94,0.02633116,0,0,1776142811096,True,True
0,85.93,0.02908,0,0,1776142815791,True,True
0,85.91,0.019,0,0,1776142819309,False,True
0,85.92,0.17281,0,0,1776142820977,True,True
0,85.93,0.02196322,0,0,1776142822186,True,True
0,85.93,0.11362,0,0,1776142823581,True,True
0,85.92,44.75998,0,0,1776142828657,True,True
0,85.92,0.10948301,0,0,1776142828657,True,True
0,85.92,7.7625,0,0,1776142828657,True,True
0,85.92,3.50197879,0,0,1776142828657,True,True
0,85.92,25.50533534,0,0,1776142828657,True,True
0,85.92,3.33333333,0,0,1776142828657,True,True
0,85.92,116.38733705,0,0,1776142828657,True,True
0,85.93,7.7625,0,0,1776142828657,True,True
0,85.93,44.75998,0,0,1776142828657,True,True
0,85.93,81.61622732,0,0,1776142828657,True,True
0,85.93,25.38383766,0,0,1776142828657,True,True
0,85.93,20.37752721,0,0,1776142828657,True,True
0,85.94,0.67130619,0,0,1776142828657,True,True
0,85.94,7.7625,0,0,1776142828657,True,True
0,85.94,4.76778244,0,0,1776142828657,True,True
0,85.91,0.11790851,0,0,1776142831214,True,True
0,85.86,0.27961955,0,0,1776142846973,True,True
0,85.87,0.98220415,0,0,1776142846973,True,True
0,85.85,0.11615763,0,0,1776142850108,False,True
0,85.87,0.03345,0,0,1776142853875,False,True
0,85.87,0.03198,0,0,1776142864231,False,True
0,85.85,3.00570197,0,0,1776142879678,False,True
0,85.86,0.33329641,0,0,1776142882455,True,True
0,85.87,0.65661081,0,0,1776142882455,True,True
0,85.87,0.32277,0,0,1776142882710,True,True
0,85.87,0.04916939,0,0,1776142883556,True,True
0,85.85,1.2567764,0,0,1776142889508,False,True
0,85.85,0.32611227,0,0,1776142895867,True,True
0,85.83,0.01193638,0,0,1776142907659,True,True
0,85.82,24.5368,0,0,1776142910143,False,True
0,85.82,85.27549,0,0,1776142910143,False,True
0,85.85,0.02076,0,0,1776142914463,True,True
0,85.86,0.02367,0,0,1776142939151,False,True
0,85.86,87.41258741,0,0,1776142942188,False,True
0,85.84,0.09669754,0,0,1776142971209,True,True
0,85.84,0.01138246,0,0,1776142971209,True,True
0,85.84,0.01912,0,0,1776142975429,True,True
0,85.83,0.24474,0,0,1776142981197,False,True
0,85.81,0.02329,0,0,1776142988019,False,True
0,85.82,0.43897046,0,0,1776142988462,True,True
0,85.89,0.11642799,0,0,1776142997484,True,True
0,85.92,0.34337965,0,0,1776143008623,True,True
0,85.93,3.58710035,0,0,1776143008623,True,True
0,85.92,0.32599837,0,0,1776143010646,True,True
0,85.92,0.06351,0,0,1776143013080,True,True
0,85.92,0.04067861,0,0,1776143046302,True,True
0,85.92,0.41922139,0,0,1776143046302,True,True
0,85.92,0.01127,0,0,1776143049864,True,True
0,85.92,0.41861881,0,0,1776143054146,True,True
0,85.94,4.58138119,0,0,1776143054146,True,True
0,85.89,0.57187559,0,0,1776143056941,True,True
0,85.9,0.01748,0,0,1776143068008,False,True
0,85.91,0.20920686,0,0,1776143068733,True,True
0,85.91,0.23664446,0,0,1776143071881,True,True
0,85.92,1.38859554,0,0,1776143071881,True,True
0,85.91,7.7625,0,0,1776143090736,True,True
0,85.91,3.10703795,0,0,1776143090736,True,True
0,85.91,44.75998,0,0,1776143090736,True,True
0,85.91,3.2935244,0,0,1776143090736,True,True
0,85.91,0.49680925,0,0,1776143090736,True,True
0,85.91,1.08215,0,0,1776143105468,True,True
0,85.9,5.82072176,0,0,1776143115821,False,True
0,85.86,0.32592247,0,0,1776143122508,True,True
0,85.87,0.12254182,0,0,1776143141600,True,True
0,85.87,0.29154476,0,0,1776143141600,True,True
0,85.86,1.16468669,0,0,1776143149495,False,True
0,85.86,0.47352936,0,0,1776143158308,True,True
0,85.87,1.69485064,0,0,1776143158308,True,True
0,85.85,0.03095,0,0,1776143160017,False,True
0,85.86,0.2222378,0,0,1776143165017,True,True
0,85.87,1.71937882,0,0,1776143169779,True,True
0,85.87,0.24473377,0,0,1776143169779,True,True
0,85.87,3.90733594,0,0,1776143169779,True,True
0,85.86,0.4599,0,0,1776143171503,False,True
0,85.86,0.03772643,0,0,1776143179935,False,True
0,85.86,0.28204,0,0,1776143200291,True,True
0,85.85,0.019,0,0,1776143204019,False,True
0,85.86,0.20333957,0,0,1776143205763,True,True
0,85.87,0.06524043,0,0,1776143205763,True,True
0,85.86,0.47319755,0,0,1776143208183,True,True
0,85.87,1.52279245,0,0,1776143208183,True,True
0,85.86,0.13646,0,0,1776143208420,True,True
0,85.86,0.22576,0,0,1776143211792,True,True
0,85.86,0.10226461,0,0,1776143227393,True,True
0,85.87,3.15866656,0,0,1776143227393,True,True
0,85.87,1.78866822,0,0,1776143227393,True,True
0,85.86,0.4303,0,0,1776143235132,True,True
0,85.86,0.03119611,0,0,1776143235261,True,True
0,85.86,0.39680389,0,0,1776143235261,True,True
0,85.84,0.32607429,0,0,1776143240263,True,True
0,85.83,0.428,0,0,1776143241494,False,True
0,85.86,0.12903806,0,0,1776143257870,True,True
0,85.87,0.67929494,0,0,1776143257870,True,True
0,85.86,0.47397212,0,0,1776143267791,True,True
0,85.87,0.10943088,0,0,1776143267791,True,True
0,85.83,0.48180639,0,0,1776143288525,True,True
0,85.84,10.99695361,0,0,1776143288525,True,True
0,85.83,0.208784,0,0,1776143311986,True,True
0,85.83,0.03057,0,0,1776143316464,True,True
0,85.82,12.0,0,0,1776143316892,False,True
0,85.81,36.01991738,0,0,1776143316892,False,True
0,85.81,0.27717995,0,0,1776143323930,True,True
0,85.81,2.43459005,0,0,1776143323930,True,True
0,85.8,1.0012822,0,0,1776143338731,False,True
0,85.8,0.51747007,0,0,1776143340276,True,True
0,85.81,0.0652126,0,0,1776143342934,False,True
0,85.81,0.9871874,0,0,1776143342934,False,True
0,85.83,0.32626427,0,0,1776143358777,True,True
0,85.81,0.09927864,0,0,1776143390823,False,True
0,85.83,0.18436283,0,0,1776143393852,True,True
0,85.84,1.44191717,0,0,1776143393852,True,True
0,85.81,0.10703,0,0,1776143399892,True,True
0,85.81,0.03348,0,0,1776143433402,False,True
0,85.82,0.01128,0,0,1776143436741,True,True
0,85.82,0.02539,0,0,1776143441112,True,True
0,85.82,0.01713,0,0,1776143442625,True,True
0,85.82,0.47905511,0,0,1776143456891,True,True
0,85.83,3.73724211,0,0,1776143456891,True,True
0,85.82,1.27380603,0,0,1776143470135,True,True
0,85.82,0.32622626,0,0,1776143476930,True,True
0,85.82,0.112957,0,0,1776143484636,True,True
0,85.82,0.03013,0,0,1776143486223,True,True
0,85.82,0.33279786,0,0,1776143508582,True,True
0,85.81,0.03304,0,0,1776143522143,False,True
0,85.82,0.11286,0,0,1776143547543,True,True
0,85.81,0.019,0,0,1776143572389,False,True
0,85.82,0.77777777,0,0,1776143575751,True,True
0,85.82,0.32626427,0,0,1776143588892,True,True
0,85.82,0.11537,0,0,1776143591896,True,True
0,85.81,0.37098,0,0,1776143605348,False,True
0,85.79,23.03742278,0,0,1776143605348,False,True
0,85.8,0.57624,0,0,1776143606447,True,True
0,85.8,0.67059,0,0,1776143606834,True,True
0,85.78,81.60000413,0,0,1776143619794,False,True
0,85.78,42.50236039,0,0,1776143619794,False,True
0,85.78,3.1733,0,0,1776143641606,False,True
0,85.83,0.10576,0,0,1776143657552,True,True
0,85.83,0.03478,0,0,1776143693042,True,True
0,85.75,0.32622626,0,0,1776143712128,True,True
0,85.76,0.03662927,0,0,1776143733727,True,True
0,85.76,0.03662927,0,0,1776143743228,True,True
0,85.76,0.09485743,0,0,1776143743228,True,True
0,85.76,0.2681903,0,0,1776143753872,True,True
0,85.75,0.09485743,0,0,1776143789184,False,True
0,85.73,0.11660448,0,0,1776143789184,False,True
0,85.72,0.58853809,0,0,1776143789184,False,True
0,85.71,0.12953694,0,0,1776143792979,False,True
0,85.73,0.02286781,0,0,1776143793805,True,True
0,85.72,0.6037283,0,0,1776143816084,True,True
0,85.72,1.1213317,0,0,1776143816084,True,True
0,85.72,0.12768,0,0,1776143818906,True,True
0,85.72,0.23487506,0,0,1776143826519,True,True
0,85.72,0.09176983,0,0,1776143826519,True,True
0,85.72,0.50843052,0,0,1776143831506,True,True
0,85.72,5.01939948,0,0,1776143831506,True,True
0,85.71,0.59754745,0,0,1776143834734,True,True
0,85.72,68.71832858,0,0,1776143844308,False,True
0,85.75,0.55623,0,0,1776143851786,False,True
0,85.76,0.02285714,0,0,1776143869870,True,True
0,85.73,0.62568067,0,0,1776143892271,True,True
0,85.74,1.79195933,0,0,1776143892271,True,True
0,85.72,0.02329,0,0,1776143893847,False,True
0,85.73,0.28813874,0,0,1776143896848,True,True
0,85.73,0.28813874,0,0,1776143896859,True,True
0,85.73,0.61347544,0,0,1776143910132,True,True
0,85.75,0.43457456,0,0,1776143910132,True,True
0,85.72,0.019,0,0,1776143928418,False,True
0,85.74,0.3150684,0,0,1776143946414,True,True
0,85.75,0.01153838,0,0,1776143946414,True,True
0,85.75,0.5699749,0,0,1776143961881,True,True
0,85.75,0.5143151,0,0,1776143961881,True,True
0,85.75,0.08981737,0,0,1776143963348,True,True
0,85.75,0.08981737,0,0,1776143963964,True,True
0,85.75,0.40329,0,0,1776143969887,True,True
0,85.76,0.09374734,0,0,1776144006829,True,True
0,85.76,4.0,0,0,1776144006829,True,True
0,85.8,0.17769694,0,0,1776144013143,True,True
0,85.81,1.6412655,0,0,1776144013143,True,True
0,85.8,0.57991389,0,0,1776144014942,True,True
0,85.8,2.81462442,0,0,1776144014942,True,True
0,85.8,2.97961328,0,0,1776144014942,True,True
0,85.8,0.36912762,0,0,1776144014942,True,True
0,85.8,0.23077,0,0,1776144024037,True,True
0,85.81,0.14731,0,0,1776144027042,True,True
0,85.8,0.4565,0,0,1776144034376,False,True
0,85.81,0.1972751,0,0,1776144043303,True,True
0,85.82,6.8058849,0,0,1776144043303,True,True
0,85.8,0.70485617,0,0,1776144053167,False,True
0,85.81,0.11653653,0,0,1776144053817,True,True
0,85.83,0.57952755,0,0,1776144053817,True,True
0,85.84,0.61454592,0,0,1776144053817,True,True
0,85.83,0.22761,0,0,1776144056406,True,True
0,85.84,0.32630229,0,0,1776144060550,True,True
0,85.84,0.02332,0,0,1776144062220,False,True
0,85.85,0.05441123,0,0,1776144068146,True,True
0,85.85,22.00878728,0,0,1776144068203,True,True
0,85.91,0.05441123,0,0,1776144071225,True,True
0,85.85,0.03291044,0,0,1776144085713,True,True
0,85.86,0.96708956,0,0,1776144085713,True,True
0,85.85,0.55391229,0,0,1776144090358,True,True
0,85.85,0.00336361,0,0,1776144090358,True,True
0,85.81,0.09278,0,0,1776144112421,False,True
0,85.82,0.61937934,0,0,1776144115673,True,True
0,85.83,0.16959066,0,0,1776144115673,True,True
0,85.82,0.5403,0,0,1776144116306,True,True
0,85.82,0.02191447,0,0,1776144137193,True,True
0,85.82,0.59388189,0,0,1776144140880,True,True
0,85.82,37.36671,0,0,1776144140880,True,True
0,85.82,1.89082811,0,0,1776144140880,True,True
0,85.78,0.61380362,0,0,1776144144714,True,True
0,85.79,11.12077638,0,0,1776144144714,True,True
0,85.78,1.1536,0,0,1776144159848,True,True
0,85.78,0.03300586,0,0,1776144170054,True,True
0,85.78,0.32641641,0,0,1776144170896,True,True
0,85.77,0.03300586,0,0,1776144173282,True,True
0,85.78,0.04571,0,0,1776144183527,True,True
0,85.78,0.03355897,0,0,1776144192986,False,True
0,85.74,0.14818701,0,0,1776144208526,True,True
0,85.72,0.52569267,0,0,1776144215480,True,True
0,85.73,0.34789733,0,0,1776144215480,True,True
0,85.72,0.59903669,0,0,1776144253694,True,True
0,85.73,2.28822331,0,0,1776144253694,True,True
0,85.74,0.4545,0,0,1776144280917,True,True
0,85.74,0.17239443,0,0,1776144292213,True,True
0,85.74,0.15417426,0,0,1776144292213,True,True
0,85.74,0.33197464,0,0,1776144303570,True,True
0,85.73,0.02101,0,0,1776144311759,True,True
0,85.7,0.02802,0,0,1776144331631,True,True
0,85.7,0.26280264,0,0,1776144339377,True,True
0,85.7,0.19567331,0,0,1776144339377,True,True
0,85.7,1.53315738,0,0,1776144342788,True,True
0,85.7,0.63832989,0,0,1776144342788,True,True
0,85.7,0.62046138,0,0,1776144342788,True,True
0,85.7,0.116686,0,0,1776144343669,True,True
0,85.7,3.00208814,0,0,1776144357143,False,True
0,85.7,1.87722035,0,0,1776144357143,False,True
0,85.7,116.67478538,0,0,1776144357143,False,True
0,85.7,7.7625,0,0,1776144357143,False,True
0,85.7,25.50533534,0,0,1776144357143,False,True
0,85.69,6.0,0,0,1776144357143,False,True
0,85.69,7.7625,0,0,1776144357143,False,True
0,85.69,31.41557079,0,0,1776144357143,False,True
0,85.7,0.17374562,0,0,1776144379953,True,True
0,85.69,0.019,0,0,1776144382779,False,True
0,85.69,0.03093,0,0,1776144387446,False,True
0,85.72,0.113128,0,0,1776144402117,True,True
0,85.72,0.32672112,0,0,1776144405526,True,True
0,85.72,0.23101,0,0,1776144414639,True,True
0,85.72,0.37475814,0,0,1776144446655,True,True
0,85.74,1.38158425,0,0,1776144446655,True,True
0,85.73,0.23671136,0,0,1776144449772,True,True
0,85.72,0.43720645,0,0,1776144476294,True,True
0,85.73,2.93555682,0,0,1776144476294,True,True
0,85.79,0.32660678,0,0,1776144518644,True,True
0,85.78,0.7122008,0,0,1776144553383,True,True
0,85.78,3.4298892,0,0,1776144553383,True,True
0,85.79,1.15173131,0,0,1776144563515,True,True
0,85.79,0.70620305,0,0,1776144563515,True,True
0,85.79,0.96607564,0,0,1776144563515,True,True
0,85.79,0.32329,0,0,1776144577773,True,True
0,85.79,0.37325305,0,0,1776144581948,True,True
0,85.79,0.22147695,0,0,1776144581948,True,True
0,85.75,0.60845976,0,0,1776144616398,False,True
0,85.77,0.71060957,0,0,1776144620463,True,True
0,85.78,3.70901043,0,0,1776144620463,True,True
0,85.78,0.33140634,0,0,1776144621526,True,True
0,85.77,0.32641641,0,0,1776144631252,True,True
0,85.76,0.31339365,0,0,1776144653216,True,True
0,85.76,0.77064635,0,0,1776144653216,True,True
0,85.76,0.10582,0,0,1776144656593,True,True
0,85.76,0.11432,0,0,1776144671328,True,True
0,85.76,0.52720046,0,0,1776144672441,True,True
0,85.77,0.03463645,0,0,1776144672441,True,True
0,85.76,0.6350071,0,0,1776144697809,True,True
0,85.76,0.4949929,0,0,1776144697809,True,True
0,85.76,0.02548,0,0,1776144697810,True,True
0,85.76,0.05022094,0,0,1776144705696,True,True
0,85.75,2.85977785,0,0,1776144715667,False,True
0,85.76,0.45623,0,0,1776144720658,True,True
0,85.75,0.019,0,0,1776144722263,False,True
0,85.75,23.32361514,0,0,1776144723988,False,True
0,85.76,0.32649253,0,0,1776144749880,True,True
0,85.75,0.03012,0,0,1776144753018,False,True
0,85.76,4.65171422,0,0,1776144761052,True,True
0,85.76,3.21986379,0,0,1776144761052,True,True
0,85.76,15.0,0,0,1776144761052,True,True
0,85.76,0.65802401,0,0,1776144761052,True,True
0,85.76,22.87085798,0,0,1776144761052,True,True
0,85.76,0.28947,0,0,1776144777023,True,True
0,85.76,1.13849,0,0,1776144784457,True,True
0,85.76,3.0,0,0,1776144806445,True,True
0,85.76,0.32649253,0,0,1776144868133,True,True
0,85.75,23.32361514,0,0,1776144871960,False,True
0,85.75,2.33236151,0,0,1776144871963,False,True
0,85.76,0.42102,0,0,1776144872480,True,True
0,85.75,111.83892473,0,0,1776144873736,False,True
0,85.75,34.91117305,0,0,1776144873737,False,True
0,85.75,55.19800768,0,0,1776144873737,False,True
0,85.75,23.32361514,0,0,1776144873744,False,True
0,85.75,23.32361514,0,0,1776144873746,False,True
0,85.75,9.32944605,0,0,1776144878830,False,True
0,85.76,0.39934,0,0,1776144884325,True,True
0,85.75,23.32361514,0,0,1776144885172,False,True
0,85.75,23.32361514,0,0,1776144885174,False,True
0,85.75,2.33236151,0,0,1776144885176,False,True
0,85.75,138.00138512,0,0,1776144885201,False,True
0,85.75,46.0,0,0,1776144885203,False,True
0,85.75,39.9415928,0,0,1776144885205,False,True
0,85.75,416.6556991,0,0,1776144885205,False,True
0,85.7,0.05022094,0,0,1776144889144,False,True
0,85.72,0.02243233,0,0,1776144898282,True,True
0,85.71,0.4545,0,0,1776144898329,False,True
0,85.71,1.77622915,0,0,1776144901971,False,True
0,85.72,0.027,0,0,1776144905867,True,True
0,85.72,0.12262,0,0,1776144937787,True,True
0,85.71,0.02991,0,0,1776144941810,False,True
0,85.71,0.01895,0,0,1776144951346,False,True
0,85.72,0.16948,0,0,1776144961952,True,True
0,85.72,0.30428578,0,0,1776144962498,True,True
0,85.72,1.37814319,0,0,1776144962498,True,True
0,85.74,6.7854,0,0,1776144963414,False,True
0,85.74,0.11295,0,0,1776144972521,False,True
0,85.75,0.63596562,0,0,1776144975427,True,True
0,85.76,7.7625,0,0,1776144975427,True,True
0,85.77,3.26695712,0,0,1776144975427,True,True
0,85.79,0.32645447,0,0,1776144980175,True,True
0,85.78,6.7854,0,0,1776144980249,False,True
0,85.78,0.21715,0,0,1776144992987,True,True
0,85.79,0.6172048,0,0,1776144997339,True,True
0,85.78,0.02333,0,0,1776145003925,False,True
0,85.78,0.02272335,0,0,1776145011503,False,True
0,85.79,61.38381788,0,0,1776145031217,True,True
0,85.79,3.39346078,0,0,1776145031218,True,True
0,85.79,0.02331,0,0,1776145039267,False,True
0,85.8,0.54047,0,0,1776145044070,True,True
0,85.78,0.40949732,0,0,1776145051762,True,True
0,85.79,0.13086268,0,0,1776145051762,True,True
0,85.78,0.11576124,0,0,1776145061802,True,True
0,85.76,0.019,0,0,1776145067948,False,True
0,85.77,1.0,0,0,1776145068384,True,True
0,85.76,0.01983,0,0,1776145081972,True,True
0,85.75,0.02332,0,0,1776145091471,False,True
0,85.76,0.32649253,0,0,1776145099236,True,True
0,85.75,0.5769,0,0,1776145104538,False,True
0,85.75,0.02587,0,0,1776145112553,False,True
0,85.76,0.16165135,0,0,1776145124197,True,True
0,85.77,0.97928865,0,0,1776145124197,True,True
0,85.83,0.62337371,0,0,1776145157743,True,True
0,85.82,0.17472336,0,0,1776145176013,True,True
0,85.82,0.38264,0,0,1776145177826,True,True
0,85.8,0.04923565,0,0,1776145206890,True,True
0,85.8,0.40146435,0,0,1776145206890,True,True
0,85.8,0.32626427,0,0,1776145206999,True,True
0,85.79,3.30001168,0,0,1776145207752,False,True
0,85.79,6.08384693,0,0,1776145207752,False,True
0,85.8,0.22576,0,0,1776145212864,True,True
0,85.76,7.86249679,0,0,1776145232696,False,True
0,85.76,0.08940036,0,0,1776145232983,False,True
0,85.74,0.21455,0,0,1776145243651,True,True
0,85.78,0.0233,0,0,1776145259826,False,True
0,85.78,0.06723,0,0,1776145276564,False,True
0,85.81,0.02698,0,0,1776145304428,True,True
0,85.81,0.10299482,0,0,1776145321075,True,True
0,85.81,0.22330747,0,0,1776145321075,True,True
0,85.79,0.02989,0,0,1776145333317,False,True
0,85.8,0.2146,0,0,1776145333538,True,True
0,85.79,1.1433,0,0,1776145358600,False,True
0,85.79,0.32637788,0,0,1776145365054,True,True
0,85.79,1.63992517,0,0,1776145365054,True,True
0,85.74,0.014,0,0,1776145384198,False,True
0,85.74,0.01805521,0,0,1776145384547,False,True
0,85.74,0.18609,0,0,1776145392880,False,True
0,85.75,0.01412,0,0,1776145417240,True,True
0,85.75,0.21472,0,0,1776145423211,True,True
0,85.73,0.019,0,0,1776145437993,False,True
0,85.74,0.30432905,0,0,1776145440509,True,True
0,85.74,0.02220156,0,0,1776145440509,True,True
0,85.74,0.54065,0,0,1776145442081,True,True
0,85.78,0.29349,0,0,1776145464059,True,True
0,85.78,0.23502847,0,0,1776145466847,True,True
0,85.78,0.58707153,0,0,1776145466847,True,True
0,85.76,0.3,0,0,1776145483640,True,True
0,85.76,0.01411,0,0,1776145484404,True,True
0,85.76,0.02281,0,0,1776145485248,True,True
0,85.75,0.57717241,0,0,1776145499449,False,True
0,85.73,0.11661807,0,0,1776145531370,True,True
0,85.72,0.06903777,0,0,1776145537024,True,True
0,85.73,0.4507,0,0,1776145537024,True,True
0,85.73,0.06058223,0,0,1776145537024,True,True
0,85.73,0.32660678,0,0,1776145555545,True,True
0,85.72,0.02331,0,0,1776145564954,False,True
0,85.72,3.23012584,0,0,1776145568093,False,True
0,85.72,0.70621416,0,0,1776145568093,False,True
0,85.73,1.02350799,0,0,1776145578724,True,True
0,85.75,0.52003095,0,0,1776145578724,True,True
0,85.76,0.19859453,0,0,1776145578724,True,True
0,85.75,0.18378,0,0,1776145587615,True,True
0,85.74,10.8437,0,0,1776145601913,False,True
0,85.75,0.33142458,0,0,1776145611630,True,True
0,85.76,2.12275733,0,0,1776145611630,True,True
0,85.75,0.0305,0,0,1776145630302,True,True
0,85.75,0.03632,0,0,1776145645100,True,True
0,85.74,0.03341,0,0,1776145656303,False,True
0,85.74,0.04508,0,0,1776145666724,False,True
0,85.74,0.019,0,0,1776145666725,False,True
0,85.73,0.02108,0,0,1776145670002,False,True
0,85.74,0.32653061,0,0,1776145672213,True,True
0,85.73,0.11891575,0,0,1776145689267,True,True
0,85.74,0.17616239,0,0,1776145689267,True,True
0,85.7,4.83784,0,0,1776145699735,False,True
0,85.72,0.13432,0,0,1776145704955,True,True
0,85.72,0.21990232,0,0,1776145706569,True,True
0,85.72,0.50890667,0,0,1776145743345,True,True
0,85.72,0.03195333,0,0,1776145743345,True,True
0,85.71,0.4483,0,0,1776145744451,False,True
0,85.7,14.00965068,0,0,1776145744451,False,True
0,85.7,0.04101,0,0,1776145747105,False,True
0,85.69,0.07787,0,0,1776145767938,True,True
0,85.69,0.07626,0,0,1776145771219,True,True
0,85.69,0.36317508,0,0,1776145774995,True,True
0,85.7,0.21237492,0,0,1776145774995,True,True
0,85.66,0.32672112,0,0,1776145795708,True,True
0,85.64,0.18363107,0,0,1776145812963,True,True
0,85.64,2.6095992,0,0,1776145812963,True,True
0,85.63,0.43891625,0,0,1776145838020,False,True
0,85.63,0.09935,0,0,1776145841985,False,True
0,85.63,0.01861,0,0,1776145868082,False,True
0,85.63,0.07417,0,0,1776145876489,False,True
0,85.63,0.1359,0,0,1776145882593,False,True
0,85.64,0.19414,0,0,1776145888176,True,True
0,85.63,1.72691,0,0,1776145899834,False,True
0,85.64,0.14671,0,0,1776145909755,True,True
0,85.64,0.1881829,0,0,1776145910866,True,True
0,85.65,0.13876712,0,0,1776145910866,True,True
0,85.65,0.1987157,0,0,1776145916910,True,True
0,85.64,0.07482,0,0,1776145918427,False,True
0,85.63,0.019,0,0,1776145931104,False,True
0,85.64,0.32506406,0,0,1776145932155,True,True
0,85.64,3.1029331,0,0,1776145932155,True,True
0,85.64,1.74556284,0,0,1776145932155,True,True
0,85.64,0.11006,0,0,1776145933898,True,True
0,85.63,78.72495438,0,0,1776145935915,False,True
0,85.63,151.69361349,0,0,1776145935923,False,True
0,85.63,8.46863408,0,0,1776145935927,False,True
0,85.63,1.88191413,0,0,1776145935929,False,True
0,85.63,1.88192588,0,0,1776145935929,False,True
0,85.63,7.58468068,0,0,1776145941366,False,True
0,85.63,0.37923403,0,0,1776145942751,False,True
0,85.63,51.81258813,0,0,1776145944813,False,True
0,85.63,0.2907,0,0,1776145944813,False,True
0,85.63,0.18685041,0,0,1776145944813,False,True
0,85.62,0.024,0,0,1776145952251,False,True
0,85.63,0.02277,0,0,1776145958549,True,True
0,85.63,1.08581,0,0,1776145959555,True,True
0,85.63,0.15861497,0,0,1776145967519,True,True
0,85.62,0.01001542,0,0,1776145968167,False,True
0,85.62,0.2907,0,0,1776145968167,False,True
0,85.62,2.87309608,0,0,1776145968167,False,True
0,85.61,2.92039016,0,0,1776145968167,False,True
0,85.61,0.03401706,0,0,1776145968167,False,True
0,85.61,0.3171,0,0,1776145968167,False,True
0,85.61,3.02566381,0,0,1776145968167,False,True
0,85.62,0.51452992,0,0,1776145976682,True,True
0,85.63,0.72949008,0,0,1776145976682,True,True
0,85.62,3.12784609,0,0,1776145984171,False,True
0,85.61,6.87010459,0,0,1776145984171,False,True
0,85.63,0.51070861,0,0,1776145988313,True,True
0,85.64,2.23460139,0,0,1776145988313,True,True
0,85.63,0.37963303,0,0,1776146010589,False,True
0,85.63,1.97651,0,0,1776146018807,False,True
0,85.63,5.40635697,0,0,1776146022399,False,True
0,85.63,4.99966575,0,0,1776146022399,False,True
0,85.64,0.16038,0,0,1776146023878,True,True
0,85.64,0.32695002,0,0,1776146023973,True,True
0,85.63,0.1538,0,0,1776146031015,False,True
0,85.64,1.0963,0,0,1776146038782,True,True
0,85.63,0.014,0,0,1776146040745,False,True
0,85.61,1.18,0,0,1776146078301,False,True
0,85.61,0.269627,0,0,1776146084650,False,True
0,85.62,0.01156,0,0,1776146097038,True,True
0,85.61,0.04725,0,0,1776146106553,False,True
0,85.62,1.26497007,0,0,1776146133291,True,True
0,85.62,0.46404496,0,0,1776146133291,True,True
0,85.62,9.77789497,0,0,1776146133291,True,True
0,85.62,0.32702639,0,0,1776146142483,True,True
0,85.61,1.3,0,0,1776146146749,False,True
0,85.6,0.02318,0,0,1776146153192,False,True
0,85.6,0.01083869,0,0,1776146179051,False,True
0,85.6,0.3171,0,0,1776146179051,False,True
0,85.6,2.59262203,0,0,1776146179051,False,True
0,85.6,41.22040267,0,0,1776146180773,False,True
0,85.6,61.87803914,0,0,1776146180777,False,True
0,85.6,4.70171686,0,0,1776146180779,False,True
0,85.6,1.00391983,0,0,1776146180779,False,True
0,85.6,1.81895886,0,0,1776146180779,False,True
0,85.6,7.91884131,0,0,1776146180779,False,True
0,85.6,1.18012,0,0,1776146180779,False,True
0,85.6,0.58486657,0,0,1776146180779,False,True
0,85.6,0.03669885,0,0,1776146180779,False,True
0,85.6,0.18174,0,0,1776146180779,False,True
0,85.6,0.0118,0,0,1776146180779,False,True
0,85.6,0.58508044,0,0,1776146180779,False,True
0,85.6,21.26125921,0,0,1776146180779,False,True
0,85.6,1.0,0,0,1776146180779,False,True
0,85.59,0.94106951,0,0,1776146180786,False,True
0,85.59,2.18215988,0,0,1776146180786,False,True
0,85.59,3.88693535,0,0,1776146180786,False,True
0,85.59,0.03402032,0,0,1776146180786,False,True
0,85.59,0.3171,0,0,1776146180786,False,True
0,85.59,1.81374258,0,0,1776146180786,False,True
0,85.59,0.53568826,0,0,1776146180786,False,True
0,85.59,1.0796941,0,0,1776146180804,False,True
0,85.58,0.03402197,0,0,1776146180812,False,True
0,85.58,0.31717803,0,0,1776146180812,False,True
0,85.58,2.197e-05,0,0,1776146182052,False,True
0,85.57,0.03402361,0,0,1776146182052,False,True
0,85.57,0.3172,0,0,1776146182052,False,True
0,85.56,0.03402524,0,0,1776146182052,False,True
0,85.56,0.3172,0,0,1776146182052,False,True
0,85.55,0.03402689,0,0,1776146182052,False,True
0,85.55,0.36645236,0,0,1776146182052,False,True
0,85.55,4.74501578,0,0,1776146182052,False,True
0,85.55,0.44149613,0,0,1776146182052,False,True
0,85.55,1.16849731,0,0,1776146188584,False,True
0,85.55,24.15627073,0,0,1776146220279,False,True
0,85.55,1.01038695,0,0,1776146220279,False,True
0,85.55,0.15629919,0,0,1776146220310,False,True
0,85.54,0.03402853,0,0,1776146220310,False,True
0,85.54,0.2781,0,0,1776146220310,False,True
0,85.54,0.03633,0,0,1776146261273,True,True
0,85.54,0.1201718,0,0,1776146262518,True,True
0,85.54,0.20708392,0,0,1776146262518,True,True
0,85.54,0.16413,0,0,1776146305114,True,True
0,85.53,0.03403016,0,0,1776146307221,False,True
0,85.53,0.10936984,0,0,1776146307221,False,True
0,85.54,0.5,0,0,1776146326293,True,True
0,85.54,0.11527,0,0,1776146330949,True,True
0,85.53,0.06464408,0,0,1776146335073,False,True
0,85.53,0.3174,0,0,1776146335073,False,True
0,85.52,0.03403181,0,0,1776146337982,False,True
0,85.52,0.3174,0,0,1776146337982,False,True
0,85.51,1.64e-06,0,0,1776146337982,False,True
0,85.51,0.03403181,0,0,1776146337983,False,True
0,85.51,0.3174,0,0,1776146337983,False,True
0,85.51,0.21151,0,0,1776146346971,True,True
0,85.5,0.03403508,0,0,1776146347674,False,True
0,85.5,0.51,0,0,1776146347674,False,True
0,85.5,0.51,0,0,1776146347674,False,True
0,85.5,0.3175,0,0,1776146347674,False,True
0,85.5,155.33861237,0,0,1776146347674,False,True
0,85.5,35.08753657,0,0,1776146347713,False,True
0,85.5,1.73249768,0,0,1776146349503,False,True
0,85.51,7.55099,0,0,1776146349527,True,True
0,85.51,10.202838,0,0,1776146349527,True,True
0,85.51,3.766392,0,0,1776146349527,True,True
0,85.51,0.02776,0,0,1776146351902,True,True
0,85.5,0.05102,0,0,1776146374901,False,True
0,85.51,0.32744708,0,0,1776146381104,True,True
0,85.5,0.08306,0,0,1776146386747,False,True
0,85.51,0.11390481,0,0,1776146393742,True,True
0,85.51,0.88649486,0,0,1776146399748,True,True
0,85.54,0.01433,0,0,1776146400050,True,True
0,85.54,0.13486668,0,0,1776146400272,True,True
0,85.54,0.08675332,0,0,1776146400272,True,True
0,85.54,15.56100295,0,0,1776146400284,True,True
0,85.54,0.19816705,0,0,1776146400284,True,True
0,85.57,0.019,0,0,1776146405364,False,True
0,85.56,0.28698055,0,0,1776146412125,True,True
0,85.57,11.00189587,0,0,1776146412125,True,True
0,85.57,13.17036061,0,0,1776146412127,True,True
0,85.56,0.19816705,0,0,1776146412128,True,True
0,85.57,1.33307886,0,0,1776146412128,True,True
0,85.58,29.117374,0,0,1776146412151,True,True
0,85.59,6.04550897,0,0,1776146423697,True,True
0,85.59,1.88169684,0,0,1776146423698,True,True
0,85.59,2.82255136,0,0,1776146423703,True,True
0,85.59,1.88169384,0,0,1776146423709,True,True
0,85.59,1.88170193,0,0,1776146423710,True,True
0,85.59,1.88169663,0,0,1776146423716,True,True
0,85.59,30.0,0,0,1776146423740,True,True
0,85.59,1.54942166,0,0,1776146424538,True,True
0,85.63,0.47984094,0,0,1776146424629,True,True
0,85.64,1.38450343,0,0,1776146424629,True,True
0,85.62,0.02312,0,0,1776146431037,True,True
0,85.61,1.86434437,0,0,1776146431860,False,True
0,85.61,0.08307,0,0,1776146440235,False,True
0,85.61,0.4483,0,0,1776146441136,False,True
0,85.63,0.12696566,0,0,1776146447089,True,True
0,85.63,0.06936,0,0,1776146450035,True,True
0,85.63,0.22892719,0,0,1776146460593,True,True
0,85.64,0.31247281,0,0,1776146460593,True,True
0,85.62,0.12508374,0,0,1776146471959,False,True
0,85.62,0.01399,0,0,1776146477495,False,True
0,85.63,0.44087269,0,0,1776146479510,True,True
0,85.63,0.64486731,0,0,1776146479510,True,True
0,85.63,1.08644,0,0,1776146480466,True,True
0,85.63,0.44414061,0,0,1776146490994,True,True
0,85.63,0.09729939,0,0,1776146490994,True,True
0,85.63,5.13855,0,0,1776146490995,True,True
0,85.63,0.3269882,0,0,1776146492047,True,True
0,85.61,0.03694,0,0,1776146499879,False,True
0,85.63,0.11346,0,0,1776146508911,True,True
0,85.62,0.02649,0,0,1776146519361,False,True
0,85.63,0.01325,0,0,1776146528024,True,True
0,85.63,0.03054,0,0,1776146533733,True,True
0,85.62,1.75233644,0,0,1776146546501,False,True
0,85.62,0.02335,0,0,1776146547355,False,True
0,85.63,0.04772,0,0,1776146553498,True,True
0,85.63,0.05253,0,0,1776146568837,False,True
0,85.63,0.05253,0,0,1776146568837,False,True
0,85.63,0.03633,0,0,1776146580621,False,True
0,85.64,0.04491008,0,0,1776146581182,True,True
0,85.64,0.02194,0,0,1776146581933,True,True
0,85.64,0.35624,0,0,1776146582429,True,True
0,85.64,3.28037442,0,0,1776146601105,True,True
0,85.68,0.21736223,0,0,1776146603432,True,True
0,85.69,0.16084777,0,0,1776146603432,True,True
0,85.68,0.42185103,0,0,1776146603998,True,True
0,85.68,0.32683553,0,0,1776146606770,True,True
0,85.67,0.41933775,0,0,1776146616856,True,True
0,85.68,0.66569225,0,0,1776146616856,True,True
0,85.67,0.41707592,0,0,1776146624161,True,True
0,85.67,0.65656408,0,0,1776146624161,True,True
0,85.67,0.02355858,0,0,1776146628492,True,True
0,85.66,0.024,0,0,1776146640486,False,True
0,85.63,0.014,0,0,1776146671287,False,True
0,85.63,0.01242,0,0,1776146671515,False,True
0,85.64,0.84365024,0,0,1776146672803,True,True
0,85.63,9.31691761,0,0,1776146700008,False,True
0,85.63,1.90880282,0,0,1776146700008,False,True
0,85.62,0.49421957,0,0,1776146700008,False,True
0,85.62,0.019,0,0,1776146711903,False,True
0,85.62,0.02334,0,0,1776146723306,False,True
0,85.64,0.3269882,0,0,1776146726429,True,True
0,85.64,0.49765,0,0,1776146765462,True,True
0,85.63,0.02335,0,0,1776146770167,False,True
0,85.63,0.03842345,0,0,1776146772928,False,True
0,85.63,0.02335,0,0,1776146803423,False,True
0,85.63,0.01237,0,0,1776146817546,False,True
0,85.63,0.21235288,0,0,1776146819230,False,True
0,85.63,2.81323712,0,0,1776146819230,False,True
0,85.64,0.37807,0,0,1776146822460,True,True
0,85.64,0.03105324,0,0,1776146825404,True,True
0,85.64,0.12892028,0,0,1776146827043,True,True
0,85.67,0.06728972,0,0,1776146827043,True,True
0,85.65,0.0372,0,0,1776146837062,True,True
0,85.65,0.03019,0,0,1776146838531,True,True
0,85.64,0.03059113,0,0,1776146841594,False,True
0,85.65,0.29267168,0,0,1776146843674,True,True
0,85.65,0.03424017,0,0,1776146843674,True,True
0,85.64,0.03309,0,0,1776146865725,False,True
0,85.64,0.04011,0,0,1776146866424,False,True
0,85.63,0.1557,0,0,1776146880620,False,True
0,85.64,0.43724421,0,0,1776146893239,True,True
0,85.65,53.70374198,0,0,1776146893239,True,True
0,85.65,7.7625,0,0,1776146893239,True,True
0,85.65,53.09535,0,0,1776146893239,True,True
0,85.65,3.25780484,0,0,1776146893239,True,True
0,85.65,116.75649435,0,0,1776146893239,True,True
0,85.65,14.95725047,0,0,1776146898959,False,True
0,85.66,0.194028,0,0,1776146908802,True,True
0,85.66,0.29273,0,0,1776146913271,True,True
0,85.65,3.0,0,0,1776146913515,False,True
0,85.66,0.31824,0,0,1776146920570,True,True
0,85.65,2.5,0,0,1776146925648,False,True
0,85.66,0.21834695,0,0,1776146931147,True,True
0,85.65,1.20986,0,0,1776146932988,False,True
0,85.66,1.84087562,0,0,1776146943894,True,True
0,85.66,1.65601146,0,0,1776146943894,True,True
0,85.66,2.25030867,0,0,1776146946478,True,True
0,85.66,21.59901521,0,0,1776146954868,True,True
0,85.66,25.83722396,0,0,1776146954868,True,True
0,85.66,0.43523627,0,0,1776146954868,True,True
0,85.66,3.02219635,0,0,1776146954868,True,True
0,85.66,10.7,0,0,1776146954868,True,True
0,85.66,15.64775627,0,0,1776146954868,True,True
0,85.66,4.16957194,0,0,1776146954868,True,True
0,85.66,0.32687368,0,0,1776146962074,True,True
0,85.66,3.29385,0,0,1776146977736,True,True
0,85.66,2.3496,0,0,1776146997003,False,True
0,85.68,0.01423,0,0,1776146997610,True,True
0,85.68,0.03063,0,0,1776146999937,True,True
0,85.69,0.03459,0,0,1776147016461,True,True
0,85.69,0.01693,0,0,1776147020783,True,True
0,85.69,0.01155,0,0,1776147032037,True,True
0,85.68,1.49953692,0,0,1776147059033,False,True
0,85.69,0.32468438,0,0,1776147063766,True,True
0,85.69,0.00243658,0,0,1776147063766,True,True
0,85.67,0.32675924,0,0,1776147077948,True,True
0,85.66,2.49657,0,0,1776147088260,False,True
0,85.66,0.024,0,0,1776147094259,False,True
0,85.67,0.01849,0,0,1776147102899,True,True
0,85.66,0.24641,0,0,1776147111849,False,True
0,85.66,0.0184058,0,0,1776147121658,False,True
0,85.67,1.62556365,0,0,1776147124378,True,True
0,85.67,0.07864693,0,0,1776147124378,True,True
0,85.68,0.84938942,0,0,1776147124378,True,True
0,85.67,0.4390703,0,0,1776147127680,True,True
0,85.68,0.1317197,0,0,1776147127680,True,True
0,85.67,0.41065095,0,0,1776147177633,True,True
0,85.67,0.47422905,0,0,1776147177633,True,True
0,85.67,0.32683553,0,0,1776147197392,True,True
0,85.65,2.6969715,0,0,1776147209867,False,True
0,85.65,0.03354,0,0,1776147210361,False,True
0,85.66,2.79181,0,0,1776147211150,True,True
0,85.65,184.7747937,0,0,1776147221316,False,True
0,85.65,0.11729,0,0,1776147223407,False,True
0,85.65,0.3392,0,0,1776147224155,False,True
0,85.66,0.03940049,0,0,1776147224573,True,True
0,85.67,3.64239951,0,0,1776147224573,True,True
0,85.68,1.20586409,0,0,1776147254231,True,True
0,85.68,0.21035591,0,0,1776147254231,True,True
0,85.69,0.01627377,0,0,1776147300181,True,True
0,85.69,0.08044,0,0,1776147312830,True,True
0,85.69,0.32675924,0,0,1776147315724,True,True
0,85.67,0.08119707,0,0,1776147344099,True,True
0,85.69,0.02655293,0,0,1776147344099,True,True
0,85.69,0.03974,0,0,1776147357322,True,True
0,85.69,0.58349865,0,0,1776147361332,True,True
0,85.68,0.76537023,0,0,1776147364584,False,True
0,85.68,0.01772,0,0,1776147365117,False,True
0,85.68,2.48610607,0,0,1776147375777,False,True
0,85.68,2.22002897,0,0,1776147375777,False,True
0,85.68,1.1230759,0,0,1776147375777,False,True
0,85.68,6.58335,0,0,1776147379972,False,True
0,85.68,0.04518,0,0,1776147381277,False,True
0,85.69,0.58349865,0,0,1776147384642,True,True
0,85.68,1.5,0,0,1776147391029,False,True
0,85.68,0.4668534,0,0,1776147395912,False,True
0,85.68,0.02466,0,0,1776147407020,False,True
0,85.69,0.21782499,0,0,1776147409200,True,True
0,85.69,0.16002501,0,0,1776147409200,True,True
0,85.69,1.334549,0,0,1776147417416,True,True
0,85.71,10.159401,0,0,1776147417416,True,True
0,85.71,0.12653953,0,0,1776147435663,True,True
0,85.71,0.10969472,0,0,1776147435663,True,True
0,85.71,0.326683,0,0,1776147435679,True,True
0,85.73,0.33754347,0,0,1776147456994,True,True
0,85.74,0.20332653,0,0,1776147456994,True,True
0,85.72,0.019,0,0,1776147457689,False,True
0,85.73,0.33563041,0,0,1776147464080,True,True
0,85.74,0.20546959,0,0,1776147464080,True,True
0,85.74,0.46652671,0,0,1776147501352,True,True
0,85.75,1.0,0,0,1776147514207,True,True
0,85.75,26.0,0,0,1776147515441,True,True
0,85.75,53.83352778,0,0,1776147520115,True,True
0,85.75,88.00859551,0,0,1776147520124,True,True
0,85.75,0.20327174,0,0,1776147520124,True,True
0,85.76,7.7625,0,0,1776147522235,False,True
0,85.76,28.69654088,0,0,1776147522235,False,True
0,85.76,1.14150274,0,0,1776147540621,False,True
0,85.79,0.32645447,0,0,1776147547485,True,True
0,85.78,0.01009207,0,0,1776147550418,True,True
0,85.79,0.24879433,0,0,1776147550418,True,True
0,85.78,0.05187588,0,0,1776147551331,True,True
0,85.78,0.02599,0,0,1776147558750,True,True
0,85.77,0.25430514,0,0,1776147567034,True,True
0,85.78,10.74569486,0,0,1776147567034,True,True
0,85.77,0.33248163,0,0,1776147569135,True,True
0,85.78,4.45077337,0,0,1776147569135,True,True
0,85.78,0.33009478,0,0,1776147578767,True,True
0,85.78,0.75384522,0,0,1776147578767,True,True
0,85.78,1.07266,0,0,1776147585594,True,True
0,85.77,0.02885,0,0,1776147586341,False,True
0,85.77,0.24772,0,0,1776147591476,False,True
0,85.8,0.127,0,0,1776147602278,True,True
0,85.83,2.20707,0,0,1776147616998,True,True
0,85.82,0.014,0,0,1776147618600,False,True
0,85.83,0.05641,0,0,1776147631184,True,True
0,85.82,1.31277,0,0,1776147631511,False,True
0,85.83,0.15321786,0,0,1776147638809,True,True
0,85.83,0.17267923,0,0,1776147638809,True,True
0,85.83,0.0777027,0,0,1776147641206,True,True
0,85.82,0.82020833,0,0,1776147660897,False,True
0,85.83,0.32622626,0,0,1776147666732,True,True
0,85.83,0.04776681,0,0,1776147670240,True,True
0,85.83,96.36842864,0,0,1776147680153,True,True
0,85.83,71.76847941,0,0,1776147680153,True,True
0,85.83,31.23871695,0,0,1776147680153,True,True
0,85.84,0.02332,0,0,1776147694197,False,True
0,85.85,0.0174,0,0,1776147706494,True,True
0,85.85,1.44,0,0,1776147706913,True,True
0,85.85,0.15798236,0,0,1776147707569,True,True
0,85.86,0.506657,0,0,1776147707569,True,True
0,85.85,0.02305,0,0,1776147732724,False,True
0,85.84,0.18025,0,0,1776147745341,False,True
0,85.83,0.04584142,0,0,1776147768927,True,True
0,85.84,0.27970936,0,0,1776147778897,True,True
0,85.85,0.0465169,0,0,1776147778897,True,True
0,85.84,0.04569681,0,0,1776147783986,False,True
0,85.85,0.32555266,0,0,1776147785208,True,True
0,85.85,0.05160734,0,0,1776147785208,True,True
0,85.85,1.15329,0,0,1776147788033,True,True
0,85.85,0.32124929,0,0,1776147795271,True,True
0,85.85,0.30559071,0,0,1776147795271,True,True
0,85.84,0.019,0,0,1776147799355,False,True
0,85.84,0.024,0,0,1776147811725,False,True
0,85.84,0.02329,0,0,1776147815278,False,True
0,85.85,0.11283,0,0,1776147819346,True,True
0,85.84,0.05187588,0,0,1776147826065,False,True
0,85.85,21.65983,0,0,1776147832545,True,True
0,85.84,0.05823,0,0,1776147836031,False,True
0,85.85,118.86181424,0,0,1776147836112,True,True
0,85.85,136.1013517,0,0,1776147836119,True,True
0,85.85,163.26417406,0,0,1776147837064,True,True
0,85.87,40.18374644,0,0,1776147839028,False,True
0,85.87,8.46864139,0,0,1776147839028,False,True
0,85.87,21.71994071,0,0,1776147839028,False,True
0,85.87,46.48086413,0,0,1776147839029,False,True
0,85.87,5.64576092,0,0,1776147839029,False,True
0,85.87,5.25603215,0,0,1776147839029,False,True
0,85.87,1.88192031,0,0,1776147839029,False,True
0,85.86,0.3180961,0,0,1776147853698,True,True
0,85.86,0.9191939,0,0,1776147853698,True,True
0,85.86,0.31582021,0,0,1776147859138,True,True
0,85.86,0.80652644,0,0,1776147859138,True,True
0,85.85,0.02902,0,0,1776147880391,False,True
0,85.86,0.32611227,0,0,1776147890387,True,True
0,85.86,0.02256,0,0,1776147896445,True,True
0,85.86,0.35015127,0,0,1776147899558,True,True
0,85.87,1.90971682,0,0,1776147921123,False,True
0,85.87,53.99699318,0,0,1776147921123,False,True
0,85.85,0.03971,0,0,1776147933460,True,True
0,85.84,0.04776681,0,0,1776147948402,False,True
0,85.85,1.70070557,0,0,1776147971676,True,True
0,85.85,0.32365158,0,0,1776147971676,True,True
0,85.86,3.53635473,0,0,1776147971676,True,True
0,85.86,3.71154812,0,0,1776147971676,True,True
0,85.85,0.01419685,0,0,1776147972122,True,True
0,85.89,0.30589092,0,0,1776147997006,True,True
0,85.9,3.06058936,0,0,1776147997006,True,True
0,85.88,0.16604312,0,0,1776147997737,False,True
0,85.91,0.31817393,0,0,1776148002936,True,True
0,85.91,0.00782444,0,0,1776148002936,True,True
0,85.91,0.16604312,0,0,1776148004578,True,True
0,85.88,12.0,0,0,1776148043005,False,True
0,85.88,3.32721628,0,0,1776148043005,False,True
0,85.88,2.93975306,0,0,1776148043005,False,True
0,85.88,7.7625,0,0,1776148043005,False,True
0,85.88,102.87897066,0,0,1776148043005,False,True
0,85.88,0.04584142,0,0,1776148043957,False,True
0,85.9,0.31765388,0,0,1776148047393,True,True
0,85.91,7.7625,0,0,1776148047393,True,True
0,85.91,1.23684612,0,0,1776148047393,True,True
0,85.91,0.1537,0,0,1776148047757,True,True
0,85.9,21.12814263,0,0,1776148076181,False,True
0,85.98,0.32592247,0,0,1776148114259,True,True
0,85.97,0.20123,0,0,1776148118493,False,True
0,85.97,0.46146469,0,0,1776148123135,False,True
0,85.97,0.72048,0,0,1776148135385,False,True
0,85.98,0.18228541,0,0,1776148137552,True,True
0,85.99,0.01265244,0,0,1776148149779,True,True
0,85.99,0.3008607,0,0,1776148149779,True,True
0,86.0,0.53247263,0,0,1776148149779,True,True
0,86.0,7.38340126,0,0,1776148149779,True,True
0,86.0,2.44591312,0,0,1776148149779,True,True
0,86.0,2.51950256,0,0,1776148149779,True,True
0,86.0,0.03403508,0,0,1776148149779,True,True
0,86.0,8.00512786,0,0,1776148149779,True,True
0,86.0,3.03109201,0,0,1776148149779,True,True
0,86.0,81.56671417,0,0,1776148149779,True,True
0,86.0,7.7625,0,0,1776148149779,True,True
0,86.01,0.03403345,0,0,1776148149779,True,True
0,86.01,3.71864669,0,0,1776148149779,True,True
0,86.01,4.04385331,0,0,1776148149779,True,True
0,86.01,0.25,0,0,1776148149779,True,True
0,86.01,103.33803071,0,0,1776148149779,True,True
0,85.99,48.50825,0,0,1776148151930,False,True
0,86.0,0.37657,0,0,1776148154544,True,True
0,85.99,0.1795862,0,0,1776148156013,False,True
0,85.96,0.05602,0,0,1776148166338,False,True
0,85.96,1.05030852,0,0,1776148180342,False,True
0,85.95,0.29117922,0,0,1776148180342,False,True
0,85.95,52.56385778,0,0,1776148180343,False,True
0,85.95,61.79522773,0,0,1776148180343,False,True
0,85.95,1.69267341,0,0,1776148180343,False,True
0,85.95,2.55653432,0,0,1776148180343,False,True
0,85.94,7.7625,0,0,1776148180344,False,True
0,85.92,7.7625,0,0,1776148180347,False,True
0,85.92,12.0,0,0,1776148180347,False,True
0,85.91,7.7625,0,0,1776148180347,False,True
0,85.91,0.25,0,0,1776148180347,False,True
0,85.9,7.7625,0,0,1776148180347,False,True
0,85.9,8.1,0,0,1776148180347,False,True
0,85.9,84.270507,0,0,1776148180347,False,True
0,85.9,10.52968568,0,0,1776148180347,False,True
0,85.9,19.79525732,0,0,1776148180347,False,True
0,85.93,0.04585209,0,0,1776148180351,False,True
0,85.9,27.775,0,0,1776148180353,False,True
0,85.9,5.54e-06,0,0,1776148180356,False,True
0,85.89,7.7625,0,0,1776148180362,False,True
0,85.89,0.11642798,0,0,1776148180362,False,True
0,85.93,6.31237346,0,0,1776148180363,False,True
0,85.93,5.68762654,0,0,1776148180365,False,True
0,85.88,46.0,0,0,1776148180367,False,True
0,85.89,0.25,0,0,1776148180370,False,True
0,85.88,15.96644025,0,0,1776148180382,False,True
0,85.87,81.462654,0,0,1776148180395,False,True
0,85.87,7.08051435,0,0,1776148180395,False,True
0,85.85,95.05941165,0,0,1776148180395,False,True
0,85.84,86.7479,0,0,1776148180483,False,True
0,85.84,5.71120471,0,0,1776148180518,False,True
0,85.84,0.32978529,0,0,1776148180523,False,True
0,85.83,64.5916419,0,0,1776148180523,False,True
0,85.82,0.09321836,0,0,1776148180523,False,True
0,85.8,0.23210621,0,0,1776148180592,False,True
0,85.76,0.76789379,0,0,1776148180592,False,True
0,85.76,1.54,0,0,1776148180593,False,True
0,85.76,3.54,0,0,1776148180595,False,True
0,85.76,1.05999998,0,0,1776148180604,False,True
0,85.75,0.1791,0,0,1776148180680,False,True
0,85.75,0.03481,0,0,1776148180739,False,True
0,85.76,0.0886,0,0,1776148180784,False,True
0,85.76,0.23210621,0,0,1776148180804,False,True
0,85.77,0.11642798,0,0,1776148180904,True,True
0,85.77,7.7625,0,0,1776148180904,True,True
0,85.77,15.40157413,0,0,1776148180904,True,True
0,85.79,0.02804,0,0,1776148191386,True,True
0,85.79,0.48244125,0,0,1776148193123,True,True
0,85.79,0.05685875,0,0,1776148193123,True,True
0,85.76,0.014,0,0,1776148197856,False,True
0,85.71,7.7625,0,0,1776148204734,False,True
0,85.71,116.66230354,0,0,1776148204734,False,True
0,85.71,3.15668062,0,0,1776148204734,False,True
0,85.71,1.50839859,0,0,1776148204734,False,True
0,85.7,7.7625,0,0,1776148204734,False,True
0,85.7,12.0,0,0,1776148204734,False,True
0,85.7,55.69645,0,0,1776148204734,False,True
0,85.7,3.09728853,0,0,1776148204734,False,True
0,85.7,14.56838017,0,0,1776148204734,False,True
0,85.7,16.0,0,0,1776148216777,True,True
0,85.7,0.32672112,0,0,1776148237963,True,True
0,85.69,0.019,0,0,1776148283071,False,True
0,85.69,7.7435,0,0,1776148291277,False,True
0,85.69,1.24237933,0,0,1776148291277,False,True
0,85.69,0.11669973,0,0,1776148312284,False,True
0,85.7,149.11216057,0,0,1776148340561,True,True
0,85.7,139.18805616,0,0,1776148340579,True,True
0,85.7,133.94921103,0,0,1776148340581,True,True
0,85.7,136.29314463,0,0,1776148340586,True,True
0,85.7,0.51526455,0,0,1776148340586,True,True
0,85.69,0.05814,0,0,1776148345151,False,True
0,85.69,0.02,0,0,1776148354253,True,True
0,85.67,2.5,0,0,1776148358023,False,True
0,85.67,0.00172764,0,0,1776148358209,False,True
0,85.68,0.32672112,0,0,1776148360463,True,True
0,85.66,0.17359003,0,0,1776148385917,True,True
0,85.66,0.45441997,0,0,1776148385917,True,True
0,85.65,0.02332,0,0,1776148386612,False,True
0,85.64,0.49937856,0,0,1776148394337,True,True
0,85.64,0.00062144,0,0,1776148394337,True,True
0,85.64,0.49660044,0,0,1776148405377,True,True
0,85.65,4.37255956,0,0,1776148405377,True,True
0,85.65,0.48917032,0,0,1776148426056,True,True
0,85.66,0.25,0,0,1776148426056,True,True
0,85.66,1.86082968,0,0,1776148426056,True,True
0,85.65,7.7625,0,0,1776148434588,False,True
0,85.65,0.23751,0,0,1776148434588,False,True
0,85.66,0.03041,0,0,1776148437265,True,True
0,85.65,0.0428,0,0,1776148447497,False,True
0,85.65,0.32687368,0,0,1776148471794,True,True
0,85.62,3.73674106,0,0,1776148504465,False,True
0,85.62,12.0,0,0,1776148504465,False,True
0,85.62,3.47325894,0,0,1776148504465,False,True
0,85.62,0.15648774,0,0,1776148516033,True,True
0,85.64,1.3439599,0,0,1776148516033,True,True
0,85.64,0.79528236,0,0,1776148516033,True,True
0,85.62,0.03332,0,0,1776148547920,False,True
0,85.63,0.48272675,0,0,1776148553990,True,True
0,85.64,1.38897325,0,0,1776148553990,True,True
0,85.64,0.28128864,0,0,1776148559217,True,True
0,85.65,0.32695002,0,0,1776148586966,True,True
0,85.65,0.17490379,0,0,1776148599358,True,True
0,85.66,19.01098941,0,0,1776148599358,True,True
0,85.66,17.97986725,0,0,1776148599358,True,True
0,85.66,3.08963955,0,0,1776148599358,True,True
0,85.68,15.0,0,0,1776148620652,True,True
0,85.68,0.50082396,0,0,1776148620652,True,True
0,85.76,0.49686112,0,0,1776148624124,True,True
0,85.77,0.04444888,0,0,1776148624124,True,True
0,85.74,0.49445461,0,0,1776148635732,True,True
0,85.75,4.56160779,0,0,1776148635732,True,True
0,85.75,25.58983421,0,0,1776148635732,True,True
0,85.76,7.7625,0,0,1776148635732,True,True
0,85.76,61.59160339,0,0,1776148635732,True,True
0,85.75,4.19076,0,0,1776148644758,False,True
0,85.73,0.019,0,0,1776148664356,False,True
0,85.72,0.13014,0,0,1776148689592,False,True
0,85.74,0.32660678,0,0,1776148700786,True,True
0,85.74,0.16158981,0,0,1776148706680,True,True
0,85.75,10.35201819,0,0,1776148706680,True,True
0,85.74,0.02481,0,0,1776148746634,False,True
0,85.74,0.03047,0,0,1776148747216,False,True
0,85.75,0.44944705,0,0,1776148754713,True,True
0,85.74,0.024,0,0,1776148767826,False,True
0,85.76,0.03491284,0,0,1776148785771,True,True
0,85.76,0.10525716,0,0,1776148785771,True,True
0,85.71,0.21462,0,0,1776148807556,True,True
0,85.7,12.39479479,0,0,1776148809671,False,True
0,85.72,0.26590266,0,0,1776148821761,True,True
0,85.74,0.06078034,0,0,1776148821761,True,True
0,85.72,0.02327,0,0,1776148823455,False,True
0,85.73,0.47919139,0,0,1776148823931,True,True
0,85.74,0.27896861,0,0,1776148823931,True,True
0,85.72,9.46058428,0,0,1776148833484,False,True
0,85.7,29.14106315,0,0,1776148873811,False,True
0,85.71,0.01412,0,0,1776148907613,True,True
0,85.71,0.46924112,0,0,1776148939529,True,True
0,85.72,0.03075888,0,0,1776148939529,True,True
0,85.72,0.5,0,0,1776148941990,True,True
0,85.72,0.47743213,0,0,1776148942973,True,True
0,85.73,0.02256787,0,0,1776148942973,True,True
0,85.73,0.5,0,0,1776148943238,True,True
0,85.73,0.5,0,0,1776148943495,True,True
0,85.73,0.26918,0,0,1776148945371,True,True
0,85.74,0.326683,0,0,1776148946002,True,True
0,85.73,0.08974915,0,0,1776148951870,True,True
0,85.72,0.08559,0,0,1776148968107,False,True
0,85.74,14.33356805,0,0,1776148971064,True,True
0,85.74,0.47446,0,0,1776148971064,True,True
0,85.75,0.02328,0,0,1776148977556,False,True
0,85.75,0.07906,0,0,1776149000337,True,True
0,85.74,0.02332,0,0,1776149002891,False,True
0,85.75,0.38786344,0,0,1776149021071,True,True
0,85.76,3.18819186,0,0,1776149021071,True,True
0,85.76,13.0070947,0,0,1776149021071,True,True
0,85.75,0.46502881,0,0,1776149031717,True,True
0,85.75,2.45042309,0,0,1776149031717,True,True
0,85.74,0.019,0,0,1776149032846,False,True
0,85.71,0.46208726,0,0,1776149053223,True,True
0,85.72,9.24565274,0,0,1776149053223,True,True
0,85.71,0.87504375,0,0,1776149057605,False,True
0,85.72,0.32664489,0,0,1776149059779,True,True
0,85.72,0.2954118,0,0,1776149063600,True,True
0,85.72,0.45977576,0,0,1776149072843,True,True
0,85.72,7.7625,0,0,1776149072843,True,True
0,85.72,0.01704,0,0,1776149073449,False,True
0,85.72,0.04753,0,0,1776149076595,False,True
0,85.72,0.014,0,0,1776149086125,False,True
0,85.73,0.18418,0,0,1776149089191,True,True
0,85.73,0.4451,0,0,1776149092125,True,True
0,85.72,0.02334,0,0,1776149133267,False,True
0,85.72,0.02334,0,0,1776149134126,False,True
0,85.72,50.42771646,0,0,1776149148236,False,True
0,85.7,5.00874354,0,0,1776149148236,False,True
0,85.7,3.49053799,0,0,1776149154995,False,True
0,85.7,7.03682201,0,0,1776149154995,False,True
0,85.7,0.45546854,0,0,1776149162753,True,True
0,85.71,0.68475257,0,0,1776149162753,True,True
0,85.71,0.2973,0,0,1776149165432,True,True
0,85.71,0.15426893,0,0,1776149171461,True,True
0,85.72,0.17241407,0,0,1776149171461,True,True
0,85.71,1.0511,0,0,1776149182232,True,True
0,85.7,0.04036,0,0,1776149187822,False,True
0,85.72,14.82758593,0,0,1776149191764,True,True
0,85.73,0.174988,0,0,1776149191941,True,True
0,85.73,1.30576409,0,0,1776149198270,True,True
0,85.76,0.45082181,0,0,1776149198270,True,True
0,85.77,15.0,0,0,1776149198270,True,True
0,85.77,0.25,0,0,1776149198270,True,True
0,85.77,12.5779141,0,0,1776149198270,True,True
0,85.76,0.07806808,0,0,1776149201052,True,True
0,85.74,0.33193,0,0,1776149204391,False,True
0,85.79,0.32449607,0,0,1776149222626,True,True
0,85.75,0.05795918,0,0,1776149237687,True,True
0,85.75,0.06553327,0,0,1776149241604,True,True
0,85.76,0.55561673,0,0,1776149241604,True,True
0,85.75,0.44767655,0,0,1776149242064,True,True
0,85.75,7.7625,0,0,1776149242064,True,True
0,85.76,7.20688327,0,0,1776149242064,True,True
0,85.76,2.8726259,0,0,1776149242064,True,True
0,85.76,25.73192917,0,0,1776149242064,True,True
0,85.76,73.10390511,0,0,1776149242064,True,True
0,85.75,0.28076404,0,0,1776149250416,True,True
0,85.75,0.05394976,0,0,1776149256387,True,True
0,85.73,0.10662012,0,0,1776149266324,True,True
0,85.74,3.0191213,0,0,1776149266324,True,True
0,85.75,0.31128,0,0,1776149271574,True,True
0,85.76,14.2,0,0,1776149287331,False,True
0,85.77,0.12757274,0,0,1776149290929,True,True
0,85.78,0.19895787,0,0,1776149290929,True,True
0,85.77,0.02242042,0,0,1776149304136,True,True
0,85.76,1.43540111,0,0,1776149309142,False,True
0,85.75,5.06459889,0,0,1776149309142,False,True
0,85.75,0.02331,0,0,1776149312937,False,True
0,85.75,0.37298,0,0,1776149329044,True,True
0,85.75,0.03911445,0,0,1776149331328,True,True
0,85.76,1.06897736,0,0,1776149331328,True,True
0,85.76,13.7890701,0,0,1776149331328,True,True
0,85.76,8.42645325,0,0,1776149331328,True,True
0,85.76,0.21594181,0,0,1776149348803,True,True
0,85.78,0.22755478,0,0,1776149359348,True,True
0,85.79,2.11563522,0,0,1776149359348,True,True
0,85.79,0.37754,0,0,1776149361004,True,True
0,85.85,0.05176328,0,0,1776149367764,True,True
0,85.84,0.05176328,0,0,1776149380973,False,True
0,85.81,0.11875074,0,0,1776149392693,False,True
0,85.82,0.39035023,0,0,1776149397652,True,True
0,85.83,0.28019977,0,0,1776149397652,True,True
0,85.81,0.32626427,0,0,1776149404258,True,True
0,85.81,0.11171189,0,0,1776149406034,True,True
0,85.82,0.50567205,0,0,1776149406034,True,True
0,85.8,5.48862959,0,0,1776149408985,False,True
0,85.83,0.05023146,0,0,1776149413985,True,True
0,85.82,0.02534,0,0,1776149416791,False,True
0,85.84,0.08563,0,0,1776149425397,True,True
0,85.83,0.05394976,0,0,1776149430679,False,True
0,85.83,0.13901615,0,0,1776149437917,False,True
0,85.84,0.2941537,0,0,1776149447043,True,True
0,85.85,0.0362463,0,0,1776149447043,True,True
0,85.84,0.38229681,0,0,1776149450770,False,True
0,85.84,0.86633497,0,0,1776149455367,False,True
0,85.86,1.8717,0,0,1776149484795,False,True
0,85.85,0.019,0,0,1776149490889,False,True
0,85.86,0.42122908,0,0,1776149494461,True,True
0,85.86,1.10948092,0,0,1776149494461,True,True
0,85.86,0.41928738,0,0,1776149503957,True,True
0,85.86,0.25753262,0,0,1776149503957,True,True
0,85.87,0.32611227,0,0,1776149517237,True,True
0,85.86,0.4451,0,0,1776149524424,False,True
0,85.87,0.08945209,0,0,1776149534041,True,True
0,85.88,0.13266791,0,0,1776149534041,True,True
0,85.86,0.03590882,0,0,1776149538761,False,True
0,85.85,0.3340967,0,0,1776149543222,False,True
0,85.85,0.03605261,0,0,1776149549461,False,True
0,85.86,0.41426144,0,0,1776149551962,True,True
0,85.86,0.01720856,0,0,1776149551962,True,True
0,85.85,0.03517815,0,0,1776149556626,False,True
0,85.85,0.02328,0,0,1776149566068,False,True
0,85.85,0.03786936,0,0,1776149577921,False,True
0,85.85,0.03676659,0,0,1776149580562,False,True
0,85.85,0.02471198,0,0,1776149581627,False,True
0,85.85,0.02328,0,0,1776149594203,False,True
0,85.86,0.11646867,0,0,1776149595785,True,True
0,85.85,0.02534,0,0,1776149597199,False,True
0,85.89,0.01688,0,0,1776149615263,True,True
0,85.88,7.42212,0,0,1776149616142,False,True
0,85.89,0.27737024,0,0,1776149616455,True,True
0,85.91,1.93908358,0,0,1776149616455,True,True
0,85.9,0.02482,0,0,1776149617454,False,True
0,85.91,0.32592247,0,0,1776149625499,True,True
0,85.92,0.08161092,0,0,1776149638932,True,True
0,85.92,7.7625,0,0,1776149638932,True,True
0,85.93,3.79733261,0,0,1776149638932,True,True
0,85.92,0.20613426,0,0,1776149651973,False,True
0,85.93,0.18255,0,0,1776149653034,True,True
0,85.94,0.22245606,0,0,1776149686277,True,True
0,85.95,4.80954673,0,0,1776149686277,True,True
0,85.93,0.01806,0,0,1776149691344,False,True
0,85.94,0.24661,0,0,1776149703352,True,True
0,85.94,1.83638958,0,0,1776149704152,True,True
0,85.99,0.11636025,0,0,1776149709119,True,True
0,85.98,3.31886666,0,0,1776149717465,False,True
0,85.98,3.34768855,0,0,1776149717465,False,True
0,85.98,8.33344479,0,0,1776149717465,False,True
0,85.99,0.03908596,0,0,1776149740515,True,True
0,85.99,0.29881404,0,0,1776149740515,True,True
0,85.99,7.46368596,0,0,1776149740645,True,True
0,85.99,81.44274551,0,0,1776149740645,True,True
0,85.99,0.36296853,0,0,1776149740645,True,True
0,85.99,1.72e-06,0,0,1776149740645,True,True
0,86.0,7.7625,0,0,1776149740646,True,True
0,86.01,7.7625,0,0,1776149740646,True,True
0,86.01,0.25,0,0,1776149740646,True,True
0,86.01,54.44825754,0,0,1776149740646,True,True
0,86.01,40.52047882,0,0,1776149740648,True,True
0,86.01,21.30585024,0,0,1776149740648,True,True
0,86.02,0.03403181,0,0,1776149740648,True,True
0,86.03,0.03403016,0,0,1776149740648,True,True
0,86.03,7.7625,0,0,1776149740648,True,True
0,86.03,6.0,0,0,1776149740648,True,True
0,86.03,0.64733522,0,0,1776149740648,True,True
0,86.03,13.1657742,0,0,1776149740650,True,True
0,86.03,9.40412443,0,0,1776149740650,True,True
0,86.03,16.55885268,0,0,1776149740650,True,True
0,86.02,0.25,0,0,1776149740652,True,True
0,86.04,0.03402853,0,0,1776149740656,True,True
0,86.04,50.82005082,0,0,1776149740656,True,True
0,86.05,1.40766696,0,0,1776149740756,True,True
0,86.05,0.03402689,0,0,1776149740756,True,True
0,86.06,0.03402524,0,0,1776149740756,True,True
0,86.06,6.0,0,0,1776149740756,True,True
0,86.02,0.290495,0,0,1776149747286,True,True
0,86.02,0.10758751,0,0,1776149747932,True,True
0,86.02,0.26890249,0,0,1776149747932,True,True
0,86.02,0.3253166,0,0,1776149748330,True,True
0,86.02,0.39758333,0,0,1776149752424,True,True
0,86.02,7.7625,0,0,1776149752424,True,True
0,86.02,7.7625,0,0,1776149752427,True,True
0,86.06,4.90606,0,0,1776149752696,False,True
0,86.06,21.72997,0,0,1776149752713,False,True
0,86.06,1.51303,0,0,1776149752713,False,True
0,86.06,0.019,0,0,1776149775859,False,True
0,86.07,0.03402361,0,0,1776149781791,True,True
0,86.07,0.08217439,0,0,1776149781791,True,True
0,86.07,0.02242,0,0,1776149783080,True,True
0,86.08,0.03402197,0,0,1776149795371,True,True
0,86.08,0.06518806,0,0,1776149795371,True,True
0,86.07,0.019,0,0,1776149795386,False,True
0,86.07,0.2679,0,0,1776149801235,True,True
0,86.07,0.22810026,0,0,1776149805300,True,True
0,86.07,0.09394974,0,0,1776149805300,True,True
0,86.08,0.03676,0,0,1776149823036,True,True
0,86.09,0.03402032,0,0,1776149833937,True,True
0,86.09,0.17916968,0,0,1776149833937,True,True
0,86.09,0.05313,0,0,1776149838621,False,True
0,86.09,0.18415952,0,0,1776149852917,True,True
0,86.1,0.2,0,0,1776149852917,True,True
0,86.1,0.03401869,0,0,1776149852917,True,True
0,86.1,0.66183179,0,0,1776149852917,True,True
0,86.09,0.39923203,0,0,1776149853928,True,True
0,86.09,3.92781797,0,0,1776149853928,True,True
0,86.09,0.39662749,0,0,1776149861161,True,True
0,86.09,0.32355251,0,0,1776149861161,True,True
0,86.09,0.07352,0,0,1776149862040,True,True
0,86.09,0.32524102,0,0,1776149875494,True,True
0,86.09,0.01688,0,0,1776149875720,True,True
0,86.07,1.18,0,0,1776149884679,False,True
0,86.05,0.34518303,0,0,1776149887702,False,True
0,86.05,28.03499838,0,0,1776149887702,False,True
0,86.05,68.97061184,0,0,1776149887703,False,True
0,86.05,19.19650675,0,0,1776149887703,False,True
0,86.05,6.0,0,0,1776149887703,False,True
0,86.04,4.15393729,0,0,1776149887705,False,True
0,86.04,6.14606271,0,0,1776149887720,False,True
0,85.99,0.06570075,0,0,1776149897323,True,True
0,85.99,2.1731081,0,0,1776149897323,True,True
0,85.98,0.38947596,0,0,1776149907715,True,True
0,85.99,28.0642848,0,0,1776149907715,True,True
0,85.97,0.02322,0,0,1776149908312,False,True
0,85.98,0.0552454,0,0,1776149920603,True,True
0,85.96,0.014,0,0,1776149945355,False,True
0,85.96,0.01444209,0,0,1776149945744,False,True
0,85.97,0.02816,0,0,1776149951802,True,True
0,85.96,0.02801,0,0,1776149954611,False,True
0,85.96,0.01212,0,0,1776149957515,False,True
0,85.96,7.69392791,0,0,1776149965811,False,True
0,85.96,2.91647735,0,0,1776149965811,False,True
0,85.97,0.39815761,0,0,1776149975192,True,True
0,85.99,0.15040239,0,0,1776149975192,True,True
0,85.97,0.01398,0,0,1776149989027,False,True
0,85.98,0.15569828,0,0,1776149991327,True,True
0,85.98,0.16992097,0,0,1776149991327,True,True
0,85.98,0.01152,0,0,1776150000145,True,True
0,85.94,0.0172,0,0,1776150013036,True,True
0,85.94,0.11408,0,0,1776150025525,True,True
0,85.94,0.01324,0,0,1776150026389,True,True
0,85.94,0.26619602,0,0,1776150038033,True,True
0,85.95,0.31267398,0,0,1776150038033,True,True
0,85.95,0.40359355,0,0,1776150043182,True,True
0,85.97,1.00349645,0,0,1776150043182,True,True
0,85.97,1.0497,0,0,1776150046084,True,True
0,85.96,0.0463,0,0,1776150051046,True,True
0,85.94,0.02325,0,0,1776150057656,False,True
0,85.95,0.174499,0,0,1776150064014,True,True
0,85.95,0.03275,0,0,1776150069741,True,True
0,85.92,0.13692512,0,0,1776150080798,True,True
0,85.93,0.30477488,0,0,1776150080798,True,True
0,85.92,0.3340967,0,0,1776150083167,True,True
0,85.92,0.05416587,0,0,1776150085341,True,True
0,85.94,0.12039413,0,0,1776150085341,True,True
0,85.93,0.02325,0,0,1776150097803,False,True
0,85.94,0.01152,0,0,1776150105037,True,True
0,85.93,0.05568,0,0,1776150105464,False,True
0,85.94,0.21500593,0,0,1776150106682,True,True
0,85.88,8.75593851,0,0,1776150108751,False,True
0,85.88,8.17211201,0,0,1776150108751,False,True
0,85.87,0.74900167,0,0,1776150111876,False,True
0,85.88,0.1548523,0,0,1776150112389,True,True
0,85.89,0.0003932,0,0,1776150112389,True,True
0,85.88,0.22652593,0,0,1776150112401,True,True
0,85.89,0.09928277,0,0,1776150112401,True,True
0,85.89,0.01253,0,0,1776150125222,False,True
0,85.9,0.37604997,0,0,1776150131541,True,True
0,85.92,5.23351883,0,0,1776150131541,True,True
0,85.92,0.37346718,0,0,1776150135132,True,True
0,85.94,1.17842282,0,0,1776150135132,True,True
0,85.93,7.7625,0,0,1776150137350,True,True
0,85.94,6.58407718,0,0,1776150137350,True,True
0,85.94,85.65342282,0,0,1776150137350,True,True
0,85.94,0.37115599,0,0,1776150142522,True,True
0,85.94,0.00576401,0,0,1776150142522,True,True
0,85.95,1.88148149,0,0,1776150142875,True,True
0,85.95,9.26200388,0,0,1776150142876,True,True
0,85.95,1.1490314,0,0,1776150142893,True,True
0,85.96,0.34518304,0,0,1776150143039,True,True
0,85.98,0.05701,0,0,1776150143502,True,True
0,85.98,0.25,0,0,1776150153396,True,True
0,85.99,0.36892836,0,0,1776150153406,True,True
0,85.95,0.02321,0,0,1776150168394,False,True
0,85.96,0.019,0,0,1776150184096,False,True
0,85.97,0.36577222,0,0,1776150199986,True,True
0,85.99,2.20881778,0,0,1776150199986,True,True
0,85.98,0.23568,0,0,1776150204248,True,True
0,85.98,0.1277458,0,0,1776150210888,True,True
0,85.98,3.40414647,0,0,1776150210888,True,True
0,85.98,0.50986162,0,0,1776150210888,True,True
0,85.98,0.36261627,0,0,1776150218778,True,True
0,86.0,7.7625,0,0,1776150218778,True,True
0,86.0,3.74457373,0,0,1776150218778,True,True
0,85.99,0.36096516,0,0,1776150220595,True,True
0,86.01,0.28674484,0,0,1776150220595,True,True
0,85.98,0.35933276,0,0,1776150229342,True,True
0,85.98,3.4996734,0,0,1776150229342,True,True
0,85.98,3.10220715,0,0,1776150229342,True,True
0,85.98,3.03878669,0,0,1776150229342,True,True
0,85.98,0.32554354,0,0,1776150229894,True,True
0,85.97,1.20414097,0,0,1776150233176,False,True
0,85.95,44.70329,0,0,1776150233176,False,True
0,85.95,3.14522597,0,0,1776150233176,False,True
0,85.95,7.7625,0,0,1776150233176,False,True
0,85.95,1.36496873,0,0,1776150233176,False,True
0,85.98,0.21500593,0,0,1776150240198,False,True
0,85.98,0.3576088,0,0,1776150285547,True,True
0,85.99,5.3102193,0,0,1776150285547,True,True
0,85.96,0.08915,0,0,1776150290114,False,True
0,85.96,0.35608859,0,0,1776150295088,True,True
0,85.97,1.32220141,0,0,1776150295088,True,True
0,85.91,0.35418218,0,0,1776150329222,True,True
0,85.92,0.02260782,0,0,1776150329222,True,True
0,85.92,0.01916,0,0,1776150331947,True,True
0,85.92,0.01127,0,0,1776150340678,True,True
0,85.92,0.32339703,0,0,1776150344898,True,True
0,85.92,0.00248751,0,0,1776150344898,True,True
0,85.92,1.86467999,0,0,1776150357921,True,True
0,85.92,0.35205178,0,0,1776150357921,True,True
0,85.93,0.42797528,0,0,1776150360316,False,True
0,85.94,0.35058623,0,0,1776150360635,True,True
0,85.96,24.00223338,0,0,1776150360635,True,True
0,85.96,5.64718039,0,0,1776150360635,True,True
0,86.02,0.0176,0,0,1776150369117,False,True
0,86.07,0.3510319,0,0,1776150370975,True,True
0,86.05,18.81473554,0,0,1776150371276,True,True
0,86.05,5.18749784,0,0,1776150371339,True,True
0,86.05,0.35224054,0,0,1776150371339,True,True
0,86.01,0.01125,0,0,1776150372493,True,True
0,86.0,0.01678611,0,0,1776150392956,False,True
0,86.0,0.02326,0,0,1776150395894,False,True
0,86.01,0.33993552,0,0,1776150399987,True,True
0,86.01,1.82520448,0,0,1776150399987,True,True
0,85.98,0.31554876,0,0,1776150427117,False,True
0,85.98,0.23108999,0,0,1776150427161,False,True
0,85.92,0.019,0,0,1776150434665,False,True
0,85.93,0.34867578,0,0,1776150439013,True,True
0,85.95,1.50422422,0,0,1776150439013,True,True
0,85.9,0.3470434,0,0,1776150458807,True,True
0,85.89,0.34525003,0,0,1776150465843,True,True
0,85.9,70.60717797,0,0,1776150465843,True,True
0,85.9,0.32584661,0,0,1776150466718,True,True
0,85.91,1.08986,0,0,1776150470358,False,True
0,85.9,0.01609552,0,0,1776150501088,True,True
0,85.91,11.44797448,0,0,1776150501088,True,True
0,85.9,0.23823,0,0,1776150504755,True,True
0,85.9,0.1034797,0,0,1776150505587,True,True
0,85.91,0.0757103,0,0,1776150505587,True,True
0,85.9,0.11272,0,0,1776150507659,True,True
0,85.92,0.019,0,0,1776150515151,False,True
0,85.92,27.20932598,0,0,1776150519186,False,True
0,85.93,0.11413,0,0,1776150529307,True,True
0,85.92,0.11337995,0,0,1776150532796,True,True
0,85.94,81.52641667,0,0,1776150532796,True,True
0,85.95,3.1800832,0,0,1776150532796,True,True
0,85.95,116.35128886,0,0,1776150532796,True,True
0,85.96,0.25,0,0,1776150532796,True,True
0,85.96,45.85440584,0,0,1776150532796,True,True
0,85.96,102.72442548,0,0,1776150532796,True,True
0,85.95,0.33939265,0,0,1776150540281,True,True
0,85.99,0.33774723,0,0,1776150541468,True,True
0,86.0,1.02549277,0,0,1776150541468,True,True
0,86.1,3.20573162,0,0,1776150558169,False,True
0,86.1,0.45715838,0,0,1776150558169,False,True
0,86.09,0.07875,0,0,1776150560008,True,True
0,86.12,0.8072,0,0,1776150563522,True,True
0,86.12,0.03401706,0,0,1776150563522,True,True
0,86.12,0.25552817,0,0,1776150563522,True,True
0,86.13,0.8071,0,0,1776150563522,True,True
0,86.13,0.03401542,0,0,1776150563522,True,True
0,86.13,5.58806528,0,0,1776150563522,True,True
0,86.13,1.93849438,0,0,1776150563523,True,True
0,86.13,4.18121044,0,0,1776150563523,True,True
0,86.14,0.807,0,0,1776150563853,True,True
0,86.14,0.03401379,0,0,1776150563853,True,True
0,86.14,0.33303755,0,0,1776150563853,True,True
0,86.15,0.03401214,0,0,1776150563963,True,True
0,86.09,0.32187958,0,0,1776150571517,True,True
0,86.09,0.00736972,0,0,1776150572252,True,True
0,86.1,0.04651028,0,0,1776150572252,True,True
0,86.08,0.02327,0,0,1776150574625,False,True
0,86.12,0.32524102,0,0,1776150580753,True,True
0,86.15,0.3270051,0,0,1776150582846,True,True
0,86.16,0.0340105,0,0,1776150582846,True,True
0,86.16,0.7194444,0,0,1776150582846,True,True
0,86.13,0.32550551,0,0,1776150586868,True,True
0,86.16,0.75429449,0,0,1776150586868,True,True
0,86.13,0.324,0,0,1776150589385,True,True
0,86.13,2.313e-05,0,0,1776150589395,True,True
0,86.15,2.26812941,0,0,1776150589395,True,True
0,86.17,0.03400887,0,0,1776150589685,True,True
0,86.17,0.10936984,0,0,1776150589685,True,True
0,86.17,0.32248104,0,0,1776150589685,True,True
0,86.18,0.03400724,0,0,1776150595797,True,True
0,86.19,0.8065,0,0,1776150595797,True,True
0,86.19,0.03400561,0,0,1776150595797,True,True
0,86.2,0.03400397,0,0,1776150595797,True,True
0,86.21,0.8063,0,0,1776150595797,True,True
0,86.21,0.03400234,0,0,1776150595797,True,True
0,86.21,0.32101413,0,0,1776150595797,True,True
0,86.22,0.8062,0,0,1776150595797,True,True
0,86.22,0.03400071,0,0,1776150595797,True,True
0,86.22,25.50533534,0,0,1776150595797,True,True
0,86.23,0.03399906,0,0,1776150595797,True,True
0,86.23,3.32811453,0,0,1776150595797,True,True
0,86.23,76.75960431,0,0,1776150595797,True,True
0,86.18,0.53481,0,0,1776150603380,False,True
0,86.16,1.88191994,0,0,1776150605027,False,True
0,86.16,30.12153449,0,0,1776150605029,False,True
0,86.16,41.77933886,0,0,1776150605029,False,True
0,86.16,25.40591916,0,0,1776150605029,False,True
0,86.16,2.8228799,0,0,1776150605033,False,True
0,86.16,14.4590355,0,0,1776150605039,False,True
0,86.16,1.05120622,0,0,1776150605055,False,True
0,86.16,6.30723735,0,0,1776150605058,False,True
0,86.16,2.92880826,0,0,1776150605063,False,True
0,86.16,21.30057527,0,0,1776150605081,False,True
0,86.16,1.12972473,0,0,1776150605081,False,True
0,86.16,1.01504838,0,0,1776150605082,False,True
0,86.15,10.5,0,0,1776150605108,False,True
0,86.14,92.217416,0,0,1776150605160,False,True
0,86.06,0.66887,0,0,1776150618905,False,True
0,86.07,0.33952481,0,0,1776150620881,True,True
0,86.08,0.74006519,0,0,1776150620881,True,True
0,86.05,116.2019466,0,0,1776150627711,False,True
0,86.05,3.32418317,0,0,1776150627711,False,True
0,86.05,3.26697193,0,0,1776150627711,False,True
0,86.05,7.7625,0,0,1776150627711,False,True
0,86.04,7.7625,0,0,1776150627711,False,True
0,86.04,46.04608298,0,0,1776150627711,False,True
0,86.06,0.01181,0,0,1776150628771,True,True
0,86.05,0.0232,0,0,1776150630006,False,True
0,86.05,0.02689,0,0,1776150632084,False,True
0,86.05,0.4417,0,0,1776150636595,False,True
0,86.01,0.05371263,0,0,1776150640779,True,True
0,86.04,0.0232,0,0,1776150654679,False,True
0,86.03,0.23154979,0,0,1776150660519,True,True
0,86.04,0.11368,0,0,1776150661687,True,True
0,86.03,0.25886499,0,0,1776150671264,False,True
0,86.01,0.22003524,0,0,1776150671700,False,True
0,86.02,0.02417199,0,0,1776150678611,True,True
0,86.02,0.03888,0,0,1776150687170,True,True
0,86.01,0.014,0,0,1776150687549,False,True
0,86.02,0.32550569,0,0,1776150694531,True,True
0,86.01,0.6118507,0,0,1776150696147,False,True
0,86.01,0.23179093,0,0,1776150700958,False,True
0,86.01,0.09008865,0,0,1776150700958,False,True
0,86.01,0.24018689,0,0,1776150704477,False,True
0,86.0,116.27842447,0,0,1776150704477,False,True
0,86.0,7.7625,0,0,1776150704477,False,True
0,86.0,3.09487925,0,0,1776150704477,False,True
0,85.99,7.7625,0,0,1776150704477,False,True
0,85.99,46.10766,0,0,1776150704477,False,True
0,85.99,58.64571884,0,0,1776150704477,False,True
0,86.02,0.01360846,0,0,1776150730805,True,True
0,86.02,0.15752,0,0,1776150731760,True,True
0,86.01,0.02722241,0,0,1776150747507,True,True
0,86.01,0.28355173,0,0,1776150759273,True,True
0,86.02,1.03234577,0,0,1776150759273,True,True
0,86.03,4.28649795,0,0,1776150759273,True,True
0,86.03,0.4388,0,0,1776150760016,True,True
0,86.02,0.30947925,0,0,1776150795576,True,True
0,86.02,0.57506075,0,0,1776150795576,True,True
0,85.99,0.30806944,0,0,1776150813476,True,True
0,86.0,0.01743625,0,0,1776150813476,True,True
0,86.0,0.28,0,0,1776150818325,False,True
0,86.01,0.02793,0,0,1776150829026,True,True
0,86.0,0.25,0,0,1776150832274,False,True
0,86.03,0.32158315,0,0,1776150835493,True,True
0,86.01,1.94164707,0,0,1776150840089,False,True
0,86.02,0.03028,0,0,1776150840714,True,True
0,86.01,0.03438,0,0,1776150842305,False,True
0,86.02,0.06771,0,0,1776150845216,False,True
0,86.03,0.01678,0,0,1776150847414,True,True
0,86.02,0.2306316,0,0,1776150850459,True,True
0,86.03,1.16723365,0,0,1776150850459,True,True
0,86.03,5.42789275,0,0,1776150850459,True,True
0,86.02,0.03083,0,0,1776150853310,False,True
0,86.02,0.02325,0,0,1776150860833,False,True
0,86.05,0.03318,0,0,1776150867063,False,True
0,86.05,0.30286874,0,0,1776150886751,True,True
0,86.06,0.4388,0,0,1776150886751,True,True
0,86.06,0.70833126,0,0,1776150886751,True,True
0,86.04,0.30148689,0,0,1776150899084,True,True
0,86.05,5.5097637,0,0,1776150899084,True,True
0,86.04,0.02325,0,0,1776150908108,False,True
0,86.04,4.50562681,0,0,1776150908172,False,True
0,86.03,0.05371263,0,0,1776150915716,False,True
0,86.04,0.11506,0,0,1776150916475,True,True
0,86.04,0.05626,0,0,1776150918361,True,True
0,86.01,0.01998,0,0,1776150921611,True,True
0,86.0,0.10791355,0,0,1776150926852,True,True
0,86.02,0.21762999,0,0,1776150926852,True,True
0,85.99,2.39122,0,0,1776150941215,False,True
0,85.98,0.019,0,0,1776150946461,False,True
0,85.98,0.0239,0,0,1776150957806,True,True
0,85.97,0.02324,0,0,1776150965162,False,True
0,85.98,0.02996,0,0,1776150967009,True,True
0,85.98,0.50939,0,0,1776150968813,True,True
0,85.97,0.62496014,0,0,1776150969209,False,True
0,85.98,0.16905801,0,0,1776150970168,True,True
0,85.98,0.92256199,0,0,1776150970168,True,True
0,85.97,0.5952744,0,0,1776150972295,False,True
0,85.97,0.02559,0,0,1776150977716,False,True
0,85.97,4.83605141,0,0,1776150978924,False,True
0,85.93,0.03286,0,0,1776150988625,False,True
0,85.94,0.05686,0,0,1776150989416,True,True
0,85.94,0.19924331,0,0,1776150995371,True,True
0,85.94,0.5547506,0,0,1776150995371,True,True
0,85.95,1.49890609,0,0,1776150995371,True,True
0,85.94,0.31228873,0,0,1776151008860,True,True
0,85.94,0.12441127,0,0,1776151008860,True,True
0,85.93,0.11163,0,0,1776151010083,True,True
0,85.93,0.03257,0,0,1776151025082,True,True
0,85.93,0.1658258,0,0,1776151027167,True,True
0,85.93,15.64775627,0,0,1776151027167,True,True
0,85.93,7.7625,0,0,1776151027167,True,True
0,85.93,2.4783144,0,0,1776151027167,True,True
0,85.93,116.37379262,0,0,1776151027167,True,True
0,85.93,6.74073774,0,0,1776151027167,True,True
0,85.93,8.9,0,0,1776151027168,True,True
0,85.94,5.01996066,0,0,1776151027168,True,True
0,85.94,1.5764508,0,0,1776151027169,True,True
0,85.93,0.1442,0,0,1776151027170,True,True
0,85.93,7.7625,0,0,1776151027170,True,True
0,85.93,7.7625,0,0,1776151027170,True,True
0,85.93,38.09190584,0,0,1776151027170,True,True
0,85.94,1.16608854,0,0,1776151027170,True,True
0,85.95,7.7625,0,0,1776151027170,True,True
0,85.95,6.0,0,0,1776151027170,True,True
0,85.96,7.7625,0,0,1776151027171,True,True
0,85.96,0.25,0,0,1776151027171,True,True
0,85.96,64.24013487,0,0,1776151027171,True,True
0,85.96,21.52416313,0,0,1776151027172,True,True
0,85.97,7.7625,0,0,1776151027172,True,True
0,85.97,32.07278146,0,0,1776151027172,True,True
0,85.97,11.63196463,0,0,1776151027172,True,True
0,85.98,6.83993801,0,0,1776151027172,True,True
0,85.99,7.7625,0,0,1776151027172,True,True
0,85.99,86.221071,0,0,1776151027172,True,True
0,85.99,520.20118099,0,0,1776151027172,True,True
0,85.96,0.46096793,0,0,1776151027178,True,True
0,85.99,7.9067,0,0,1776151027179,True,True
0,85.99,23.045,0,0,1776151027183,True,True
0,85.96,0.25,0,0,1776151027184,True,True
0,85.99,30.36304002,0,0,1776151027184,True,True
0,85.99,2.82855998,0,0,1776151027184,True,True
0,85.99,3.51908345,0,0,1776151027185,True,True
0,85.99,1.16504333,0,0,1776151027186,True,True
0,85.99,1.98603496,0,0,1776151027186,True,True
0,85.99,9.64322425,0,0,1776151027186,True,True
0,86.0,23.12971549,0,0,1776151027186,True,True
0,86.0,13.22706026,0,0,1776151027186,True,True
0,85.99,5.26462759,0,0,1776151027192,True,True
0,85.99,6.30215659,0,0,1776151027192,True,True
0,85.99,0.06247503,0,0,1776151027192,True,True
0,86.0,22.8702,0,0,1776151027194,True,True
0,86.0,46.0,0,0,1776151027197,True,True
0,86.0,46.0,0,0,1776151027199,True,True
0,86.01,2.02407692,0,0,1776151027214,True,True
0,86.01,0.25,0,0,1776151027234,True,True
0,86.02,82.758259,0,0,1776151027239,True,True
0,86.02,15.28694891,0,0,1776151027239,True,True
0,86.07,5.29484795,0,0,1776151027318,True,True
0,86.07,111.04873379,0,0,1776151027341,True,True
0,86.1,15.008,0,0,1776151027512,True,True
0,86.08,0.03527,0,0,1776151041132,False,True
0,86.07,7.8,0,0,1776151045151,False,True
0,86.07,8.30279498,0,0,1776151045151,False,True
0,86.06,2.88591502,0,0,1776151045151,False,True
0,86.12,0.06247,0,0,1776151047153,True,True
0,86.12,0.21037874,0,0,1776151049938,True,True
0,86.13,0.11490007,0,0,1776151049938,True,True
0,86.11,3.18150771,0,0,1776151061237,True,True
0,86.11,0.27192388,0,0,1776151061237,True,True
0,86.11,3.32529474,0,0,1776151061237,True,True
0,86.11,24.43632,0,0,1776151061237,True,True
0,86.11,1.30800558,0,0,1776151061237,True,True
0,86.1,0.02324,0,0,1776151062883,False,True
0,86.1,0.03537,0,0,1776151063552,False,True
0,86.13,2.45418191,0,0,1776151067432,False,True
0,86.14,0.27058786,0,0,1776151075321,True,True
0,86.14,0.05091686,0,0,1776151075321,True,True
0,86.12,0.28480644,0,0,1776151081102,True,True
0,86.13,0.36170356,0,0,1776151081102,True,True
0,86.11,0.28301722,0,0,1776151090374,True,True
0,86.12,3.00543195,0,0,1776151090374,True,True
0,86.13,7.74180413,0,0,1776151090374,True,True
0,86.11,0.28164009,0,0,1776151094787,True,True
0,86.12,2.88533047,0,0,1776151094787,True,True
0,86.12,9.60593718,0,0,1776151094787,True,True
0,86.11,0.28129516,0,0,1776151099394,True,True
0,86.11,24.43632,0,0,1776151099394,True,True
0,86.12,9.48265386,0,0,1776151099394,True,True
0,86.13,0.26754208,0,0,1776151124969,True,True
0,86.15,6.73245792,0,0,1776151124969,True,True
0,86.12,0.01868,0,0,1776151127359,False,True
0,86.1,0.4368,0,0,1776151133961,False,True
0,86.09,0.26344427,0,0,1776151166582,True,True
0,86.1,2.34723573,0,0,1776151166582,True,True
0,86.09,22.02701,0,0,1776151168970,True,True
0,86.09,0.26324416,0,0,1776151172707,True,True
0,86.09,0.26324416,0,0,1776151172707,True,True
0,86.09,0.06192132,0,0,1776151172707,True,True
0,86.09,0.16038,0,0,1776151198221,True,True
0,86.09,0.09978438,0,0,1776151198221,True,True
0,86.09,0.22716564,0,0,1776151198221,True,True
0,86.09,1.0963,0,0,1776151198221,True,True
0,86.09,1.38450343,0,0,1776151198221,True,True
0,86.09,0.31247281,0,0,1776151198221,True,True
0,86.09,0.04491008,0,0,1776151198221,True,True
0,86.09,0.02194,0,0,1776151198221,True,True
0,86.09,0.11744897,0,0,1776151198221,True,True
0,86.09,0.23879103,0,0,1776151198221,True,True
0,86.09,3.28037442,0,0,1776151198221,True,True
0,86.09,1.89513033,0,0,1776151235944,True,True
0,86.09,0.25869028,0,0,1776151235944,True,True
0,86.11,3.31040939,0,0,1776151235944,True,True
0,86.09,1.8529,0,0,1776151243397,False,True
0,86.09,0.25939613,0,0,1776151268435,True,True
0,86.09,3.05049065,0,0,1776151268435,True,True
0,86.09,3.08905103,0,0,1776151268435,True,True
0,86.09,5.04515219,0,0,1776151268435,True,True
0,86.09,0.32524102,0,0,1776151279628,True,True
0,86.09,0.25783685,0,0,1776151301524,True,True
0,86.11,0.82217315,0,0,1776151301524,True,True
0,86.13,0.03997,0,0,1776151325954,True,True
0,86.13,0.21482316,0,0,1776151329900,True,True
0,86.13,2.983776,0,0,1776151329900,True,True
0,86.13,3.12910449,0,0,1776151329900,True,True
0,86.13,3.99309044,0,0,1776151329900,True,True
0,86.1,0.02101846,0,0,1776151334067,True,True
0,86.1,0.23289227,0,0,1776151340314,True,True
0,86.11,11.38150959,0,0,1776151340314,True,True
0,86.09,0.02325,0,0,1776151348583,False,True
0,86.1,0.24875653,0,0,1776151351269,True,True
0,86.1,3.00356533,0,0,1776151351269,True,True
0,86.1,10.27382814,0,0,1776151351269,True,True
0,86.09,0.04621338,0,0,1776151364911,False,True
0,86.09,0.05772,0,0,1776151367396,False,True
0,86.09,0.0631,0,0,1776151380451,False,True
0,86.09,45.02130879,0,0,1776151380627,False,True
0,86.09,66.6026584,0,0,1776151380627,False,True
0,86.09,11.5708,0,0,1776151381365,False,True
0,86.09,46.0,0,0,1776151381372,False,True
0,86.09,46.0,0,0,1776151381373,False,True
0,86.09,16.4529,0,0,1776151381787,False,True
0,86.09,9.659e-05,0,0,1776151382238,False,True
0,86.04,0.2476683,0,0,1776151394659,True,True
0,86.04,0.07753495,0,0,1776151394659,True,True
0,86.02,0.014,0,0,1776151401796,False,True
0,86.02,0.019,0,0,1776151407884,False,True
0,86.03,0.09300163,0,0,1776151410262,True,True
0,86.03,0.14759279,0,0,1776151423842,True,True
0,86.04,0.93307721,0,0,1776151423842,True,True
0,86.02,0.64308787,0,0,1776151427141,False,True
0,86.03,0.0227,0,0,1776151448619,True,True
0,86.03,0.05684,0,0,1776151451878,True,True
0,86.03,0.1592595,0,0,1776151454341,True,True
0,86.04,0.2865029,0,0,1776151454341,True,True
0,86.03,0.13642,0,0,1776151465274,True,True
0,86.02,0.02539,0,0,1776151472523,False,True
0,86.03,0.09948406,0,0,1776151481169,True,True
0,86.03,0.00051594,0,0,1776151481169,True,True
0,86.02,0.04436122,0,0,1776151485779,False,True
0,86.02,0.37048448,0,0,1776151485779,False,True
0,86.02,0.3951408,0,0,1776151486078,False,True
0,86.02,7.73850214,0,0,1776151490492,False,True
0,86.0,0.02322,0,0,1776151491468,False,True
0,86.0,58.13953488,0,0,1776151498211,False,True
0,86.01,0.23513769,0,0,1776151517371,True,True
0,86.01,0.09040585,0,0,1776151517371,True,True
0,86.01,0.23358038,0,0,1776151545627,True,True
0,86.01,3.06474105,0,0,1776151545627,True,True
0,86.01,33.62285,0,0,1776151545627,True,True
0,86.01,32.07379265,0,0,1776151545627,True,True
0,86.01,47.27058633,0,0,1776151545627,True,True
0,86.0,0.01896,0,0,1776151554025,False,True
0,86.01,0.16425589,0,0,1776151569838,True,True
0,86.01,0.02325,0,0,1776151612491,False,True
0,86.02,0.08168596,0,0,1776151618000,True,True
0,86.04,0.29489404,0,0,1776151618000,True,True
0,86.08,0.24550526,0,0,1776151627329,True,True
0,86.08,0.18899474,0,0,1776151627329,True,True
0,86.08,0.32543003,0,0,1776151628876,True,True
0,86.06,0.24329052,0,0,1776151653761,True,True
0,86.08,0.0767434,0,0,1776151653761,True,True
0,86.07,0.24207753,0,0,1776151668316,True,True
0,86.07,0.09316678,0,0,1776151668316,True,True
0,86.06,0.02324,0,0,1776151673572,False,True
0,86.08,0.60969115,0,0,1776151683146,True,True
0,86.08,0.2363666,0,0,1776151683146,True,True
0,86.1,0.63588,0,0,1776151707449,False,True
0,86.1,0.23730697,0,0,1776151714267,False,True
0,86.11,1.10614,0,0,1776151744413,True,True
0,86.11,0.23379456,0,0,1776151746357,True,True
0,86.11,0.09137092,0,0,1776151746357,True,True
0,86.11,0.0244,0,0,1776151751882,True,True
0,86.11,0.20854851,0,0,1776151757883,True,True
0,86.11,0.48103149,0,0,1776151757883,True,True
0,86.1,0.02306,0,0,1776151797375,False,True
0,86.11,0.03449,0,0,1776151800081,True,True
0,86.11,0.87417,0,0,1776151801382,True,True
0,86.09,0.02989,0,0,1776151837171,False,True
0,86.11,1.03102329,0,0,1776151838364,True,True
0,86.14,0.19825989,0,0,1776151838485,True,True
0,86.16,0.10543301,0,0,1776151838485,True,True
0,86.12,0.23365348,0,0,1776151855446,True,True
0,86.14,0.04590487,0,0,1776151855446,True,True
0,86.1,0.32497678,0,0,1776151858493,True,True
0,86.06,22.47825286,0,0,1776151863713,False,True
0,86.06,32.04021119,0,0,1776151863713,False,True
0,86.06,141.086,0,0,1776151863713,False,True
0,86.06,4.39553595,0,0,1776151863713,False,True
0,86.06,0.12508,0,0,1776151889406,True,True
0,86.06,0.10498583,0,0,1776151896109,True,True
0,86.06,0.17204417,0,0,1776151896109,True,True
0,86.03,0.02322,0,0,1776151901826,False,True
0,86.06,0.22977268,0,0,1776151907779,True,True
0,86.07,0.31431732,0,0,1776151907779,True,True
0,86.06,0.22882561,0,0,1776151911111,True,True
0,86.07,0.98649439,0,0,1776151911111,True,True
0,86.04,0.012,0,0,1776151912634,False,True
0,86.02,0.019,0,0,1776151926072,False,True
0,86.02,3.63527629,0,0,1776151932851,False,True
0,86.02,1.04091371,0,0,1776151932851,False,True
0,86.02,0.17302,0,0,1776151936587,True,True
0,86.0,0.70258311,0,0,1776151950376,False,True
0,86.0,27.0,0,0,1776151958076,False,True
0,86.0,0.65627948,0,0,1776151974640,False,True
0,86.0,0.32003392,0,0,1776151977969,False,True
0,86.01,0.05366045,0,0,1776151978816,True,True
0,86.01,0.27188309,0,0,1776151978816,True,True
0,86.0,0.83808677,0,0,1776151981964,False,True
0,86.0,2.06365595,0,0,1776151983596,False,True
0,86.0,61.21830328,0,0,1776151988260,False,True
0,86.0,18.45004003,0,0,1776151988262,False,True
0,86.0,130.8213956,0,0,1776151988271,False,True
0,85.97,0.02325,0,0,1776152017292,False,True
0,85.97,0.29006,0,0,1776152028978,False,True
0,85.98,15.64775627,0,0,1776152040464,True,True
0,85.98,6.40743373,0,0,1776152040464,True,True
0,85.97,0.2,0,0,1776152043687,False,True
0,85.97,2.5,0,0,1776152054027,False,True
0,85.97,0.03995,0,0,1776152082239,False,True
0,85.98,0.22844389,0,0,1776152084780,True,True
0,85.98,0.60512611,0,0,1776152084780,True,True
0,85.98,0.32565712,0,0,1776152093604,True,True
0,85.97,2.947,0,0,1776152094259,False,True
0,85.98,0.31990792,0,0,1776152113659,True,True
0,85.98,2.45633907,0,0,1776152138054,True,True
0,85.98,3.35896685,0,0,1776152138054,True,True
0,85.98,0.1479497,0,0,1776152140515,True,True
0,85.98,0.03019,0,0,1776152153258,True,True
0,85.98,0.14933705,0,0,1776152162824,True,True
0,85.97,0.37780758,0,0,1776152170313,False,True
0,85.97,0.66078318,0,0,1776152170439,False,True
0,85.92,7.7625,0,0,1776152175871,False,True
0,85.92,6.0,0,0,1776152175871,False,True
0,85.92,2.56523173,0,0,1776152175871,False,True
0,85.91,3.76427556,0,0,1776152175872,False,True
0,85.91,3.99822444,0,0,1776152175873,False,True
0,85.91,12.0,0,0,1776152175873,False,True
0,85.91,8.9,0,0,1776152175873,False,True
0,85.9,7.7625,0,0,1776152175873,False,True
0,85.87,0.03309,0,0,1776152181852,False,True
0,85.89,0.03485,0,0,1776152203599,False,True
0,85.9,0.32603632,0,0,1776152205839,True,True
0,85.9,0.01456636,0,0,1776152215307,True,True
0,85.91,0.04180364,0,0,1776152215307,True,True
0,85.9,0.83872,0,0,1776152221389,False,True
0,85.91,0.34037978,0,0,1776152226170,True,True
0,85.91,0.99447022,0,0,1776152226170,True,True
0,85.9,2.47121573,0,0,1776152229866,False,True
0,85.9,5.42878427,0,0,1776152229866,False,True
0,85.93,0.019,0,0,1776152287140,False,True
0,85.93,12.0,0,0,1776152296382,False,True
0,85.93,0.17005,0,0,1776152296382,False,True
0,85.93,0.32153879,0,0,1776152322492,True,True
0,85.93,0.00426991,0,0,1776152322492,True,True
0,85.92,0.02326,0,0,1776152322672,False,True
0,85.93,0.03562,0,0,1776152323800,True,True
0,85.93,0.72466,0,0,1776152332282,False,True
0,85.94,0.17454,0,0,1776152339286,True,True
0,85.92,0.04198953,0,0,1776152353958,False,True
0,85.92,0.03852,0,0,1776152355469,False,True
0,85.93,3.00887,0,0,1776152355933,True,True
0,85.92,0.72466,0,0,1776152357420,False,True
0,85.93,0.11460099,0,0,1776152376020,True,True
0,85.93,0.02280901,0,0,1776152376020,True,True
0,85.92,27.58575,0,0,1776152377015,True,True
0,85.91,0.55,0,0,1776152377821,False,True
0,85.94,1.16069351,0,0,1776152396314,True,True
0,85.93,3.27240938,0,0,1776152406634,False,True
0,85.93,3.32704747,0,0,1776152406634,False,True
0,85.93,4.33693111,0,0,1776152406634,False,True
0,85.94,0.15591,0,0,1776152416402,True,True
0,85.93,10.06487998,0,0,1776152432985,False,True
0,85.94,0.3258087,0,0,1776152438156,True,True
0,85.93,0.2899528,0,0,1776152467746,False,True
0,85.94,0.21283311,0,0,1776152472994,True,True
0,85.94,0.85921308,0,0,1776152481736,True,True
0,85.98,0.32279829,0,0,1776152483841,True,True
0,85.98,0.75901171,0,0,1776152483841,True,True
0,85.92,0.29024274,0,0,1776152521054,False,True
0,85.89,2.08987726,0,0,1776152521054,False,True
0,85.89,0.31942423,0,0,1776152531628,True,True
0,85.89,2.00913552,0,0,1776152531628,True,True
0,85.87,0.31715506,0,0,1776152553422,True,True
0,85.89,0.00884331,0,0,1776152553422,True,True
0,85.86,0.7557,0,0,1776152569813,False,True
0,85.87,0.31560047,0,0,1776152575405,True,True
0,85.87,0.80583197,0,0,1776152575405,True,True
0,85.87,0.31150681,0,0,1776152593858,True,True
0,85.87,3.2489325,0,0,1776152593858,True,True
0,85.87,2.07841069,0,0,1776152593858,True,True
0,85.86,0.11646867,0,0,1776152608616,True,True
0,85.87,0.19306717,0,0,1776152644801,True,True
0,85.88,11.08499283,0,0,1776152644801,True,True
0,85.85,0.01405125,0,0,1776152661164,True,True
0,85.85,0.2949003,0,0,1776152662064,True,True
0,85.86,0.03113602,0,0,1776152662064,True,True
0,85.83,3.26529665,0,0,1776152672475,True,True
0,85.83,0.30757866,0,0,1776152672475,True,True
0,85.83,0.58402537,0,0,1776152672475,True,True
0,85.83,0.74078932,0,0,1776152672475,True,True
0,85.83,0.05382225,0,0,1776152682851,True,True
0,85.84,0.23819204,0,0,1776152710428,True,True
0,85.9,0.03734,0,0,1776152735390,False,True
0,85.89,0.02329,0,0,1776152742360,False,True
0,85.89,0.02539,0,0,1776152747389,False,True
0,85.87,0.04209732,0,0,1776152764056,False,True
0,85.88,0.01280507,0,0,1776152772205,True,True
0,85.86,0.27782907,0,0,1776152775591,True,True
0,85.87,0.04820725,0,0,1776152775591,True,True
0,85.87,0.11645511,0,0,1776152793064,True,True
0,85.85,0.53274103,0,0,1776152809087,False,True
0,85.85,0.01557,0,0,1776152818888,True,True
0,85.87,0.05427,0,0,1776152825258,False,True
0,85.93,0.02329,0,0,1776152852612,False,True
0,85.92,0.03154096,0,0,1776152856422,True,True
0,85.91,0.05382225,0,0,1776152858472,False,True
0,85.89,0.01519,0,0,1776152874135,False,True
0,85.92,0.11383,0,0,1776152888075,True,True
0,85.91,0.019,0,0,1776152892071,False,True
0,85.92,0.03972657,0,0,1776152894272,True,True
0,85.93,0.28623384,0,0,1776152894272,True,True
0,85.92,0.21690077,0,0,1776152902830,False,True
0,85.92,0.28561855,0,0,1776152909282,True,True
0,85.92,0.21594145,0,0,1776152909282,True,True
0,85.92,0.22765,0,0,1776152918949,True,True
0,85.91,0.0272,0,0,1776152920711,False,True
0,85.92,5.22753271,0,0,1776152924260,True,True
0,85.92,0.28395325,0,0,1776152924260,True,True
0,85.93,0.61905404,0,0,1776152924260,True,True
0,85.91,0.37196372,0,0,1776152940966,False,True
0,85.93,0.65,0,0,1776152960761,False,True
0,85.94,0.05375644,0,0,1776152963833,True,True
0,85.95,0.03838,0,0,1776152991092,True,True
0,85.96,0.32577079,0,0,1776153006077,True,True
0,85.95,0.19239299,0,0,1776153017317,True,True
0,85.96,11.44094718,0,0,1776153017317,True,True
0,85.94,0.0612,0,0,1776153023015,False,True
0,85.95,0.05157114,0,0,1776153023667,True,True
0,85.95,0.02237463,0,0,1776153028804,True,True
0,85.91,0.05157114,0,0,1776153039479,False,True
0,85.92,0.05375644,0,0,1776153041052,False,True
0,85.93,0.20946866,0,0,1776153042839,True,True
0,85.94,1.73868506,0,0,1776153042839,True,True
0,85.93,0.28226097,0,0,1776153046899,True,True
0,85.93,4.43133903,0,0,1776153046899,True,True
0,85.93,0.06994828,0,0,1776153055492,False,True
0,85.95,0.28014359,0,0,1776153057947,True,True
0,85.95,0.27881884,0,0,1776153085311,True,True
0,85.96,0.77833318,0,0,1776153085311,True,True
0,85.95,1.8194,0,0,1776153100356,False,True
0,85.95,0.11163,0,0,1776153103222,False,True
0,85.95,0.27705473,0,0,1776153113481,True,True
0,85.95,0.14238527,0,0,1776153113481,True,True
0,85.95,0.02255,0,0,1776153115270,True,True
0,85.94,0.25636955,0,0,1776153120943,True,True
0,85.96,0.06936334,0,0,1776153120943,True,True
0,85.94,0.27794518,0,0,1776153123545,True,True
0,85.96,1.29449446,0,0,1776153123545,True,True
0,85.96,0.43655036,0,0,1776153123545,True,True
0,85.92,0.2255,0,0,1776153127912,True,True
0,85.89,0.03392,0,0,1776153139696,False,True
0,85.9,0.27613993,0,0,1776153147704,True,True
0,85.92,0.03595007,0,0,1776153147704,True,True
0,85.92,0.03573,0,0,1776153163632,False,True
0,85.93,0.01127,0,0,1776153171641,True,True
0,85.92,0.19152,0,0,1776153178799,True,True
0,85.91,1.17066,0,0,1776153192087,False,True
0,85.89,0.02784,0,0,1776153205829,True,True
0,85.89,0.01176,0,0,1776153216443,True,True
0,85.91,0.05819928,0,0,1776153230351,True,True
0,85.92,0.26779909,0,0,1776153230351,True,True
0,85.96,0.43908759,0,0,1776153245791,True,True
0,85.96,0.45069,0,0,1776153251654,True,True
0,85.96,0.70344392,0,0,1776153260514,True,True
0,85.96,11.63331782,0,0,1776153261728,True,True
0,85.95,0.4345,0,0,1776153289037,False,True
0,85.95,0.27245309,0,0,1776153301943,True,True
0,85.96,5.54423755,0,0,1776153301943,True,True
0,85.95,0.62611,0,0,1776153304326,True,True
0,85.94,0.03126,0,0,1776153316036,False,True
0,85.95,0.05575,0,0,1776153340382,False,True
0,85.95,0.05679,0,0,1776153350221,False,True
0,85.94,0.32573289,0,0,1776153351977,True,True
0,85.95,0.05879,0,0,1776153360641,False,True
0,85.94,0.02322,0,0,1776153362677,False,True
0,85.95,0.27200984,0,0,1776153365480,True,True
0,85.96,0.30811169,0,0,1776153365480,True,True
0,85.94,0.23042,0,0,1776153387252,True,True
0,85.93,0.5,0,0,1776153395951,False,True
0,85.93,37.17758345,0,0,1776153401993,False,True
0,85.93,79.19620917,0,0,1776153401993,False,True
0,85.93,7.7625,0,0,1776153401993,False,True
0,85.92,7.7625,0,0,1776153401994,False,True
0,85.92,12.0,0,0,1776153401994,False,True
0,85.92,2.6031237,0,0,1776153401994,False,True
0,85.92,81.4699802,0,0,1776153401994,False,True
0,85.91,7.7625,0,0,1776153401994,False,True
0,85.91,122.67755968,0,0,1776153401994,False,True
0,85.9,7.7625,0,0,1776153401994,False,True
0,85.9,0.25,0,0,1776153401994,False,True
0,85.9,52.363,0,0,1776153401994,False,True
0,85.9,126.1201102,0,0,1776153401994,False,True
0,85.89,7.7625,0,0,1776153401998,False,True
0,85.89,79.665607,0,0,1776153401998,False,True
0,85.89,32.1083901,0,0,1776153401998,False,True
0,85.89,50.82005082,0,0,1776153401998,False,True
0,85.88,7.7625,0,0,1776153401998,False,True
0,85.88,582.2019452,0,0,1776153401998,False,True
0,85.89,0.25,0,0,1776153402012,False,True
0,85.89,24.072159,0,0,1776153402042,False,True
0,85.88,7.52767565,0,0,1776153414325,False,True
0,85.88,0.23482435,0,0,1776153414325,False,True
0,85.88,2.60477326,0,0,1776153414325,False,True
0,85.88,0.34676059,0,0,1776153414325,False,True
0,85.88,9.40959129,0,0,1776153414326,False,True
0,85.85,0.02215,0,0,1776153425467,True,True
0,85.83,0.04634,0,0,1776153431837,False,True
0,85.83,0.03074,0,0,1776153432824,False,True
0,85.83,0.01708,0,0,1776153434507,False,True
0,85.84,0.03938461,0,0,1776153440119,True,True
0,85.85,0.15400539,0,0,1776153440119,True,True
0,85.83,0.08,0,0,1776153451171,False,True
0,85.86,0.02507,0,0,1776153454658,False,True
0,85.87,0.45116,0,0,1776153456269,True,True
0,85.86,0.64312509,0,0,1776153462283,False,True
0,85.87,0.32607429,0,0,1776153467193,True,True
0,85.87,0.02239548,0,0,1776153472857,True,True
0,85.87,19.97760452,0,0,1776153476173,True,True
0,85.88,0.41476542,0,0,1776153484945,True,True
0,85.87,7.7625,0,0,1776153490855,False,True
0,85.87,2.22464347,0,0,1776153490855,False,True
0,85.88,0.03155932,0,0,1776153492919,True,True
0,85.88,7.02839057,0,0,1776153494934,True,True
0,85.9,0.29170748,0,0,1776153535227,True,True
0,85.91,0.24157252,0,0,1776153535227,True,True
0,85.9,0.02328,0,0,1776153544450,False,True
0,85.89,0.29032717,0,0,1776153580994,True,True
0,85.89,0.0355953,0,0,1776153580994,True,True
0,85.89,4.66158323,0,0,1776153591307,True,True
0,85.89,0.22508,0,0,1776153592268,True,True
0,85.9,0.58645,0,0,1776153594494,False,True
0,85.92,0.06846,0,0,1776153600067,True,True
0,85.92,0.04111,0,0,1776153600181,True,True
0,85.92,0.1787096,0,0,1776153603161,True,True
0,85.92,0.05406507,0,0,1776153603161,True,True
0,85.92,0.1574048,0,0,1776153610422,True,True
0,85.92,0.05819367,0,0,1776153611648,True,True
0,85.92,1.22506777,0,0,1776153631835,True,True
0,85.92,0.29131624,0,0,1776153631835,True,True
0,85.92,7.7625,0,0,1776153631835,True,True
0,85.92,3.44239392,0,0,1776153631835,True,True
0,85.92,3.95027802,0,0,1776153631835,True,True
0,85.92,85.76034405,0,0,1776153631835,True,True
0,85.88,0.02327,0,0,1776153645800,False,True
0,85.88,0.4313,0,0,1776153658503,True,True
0,85.87,1.17806838,0,0,1776153663859,False,True
0,85.88,0.24088903,0,0,1776153665231,True,True
0,85.87,0.21428,0,0,1776153678740,True,True
0,85.86,0.24088903,0,0,1776153678765,False,True
0,85.86,0.24088903,0,0,1776153678865,False,True
0,85.87,0.02646791,0,0,1776153684927,True,True
0,85.87,0.04679031,0,0,1776153686537,True,True
0,85.88,1.64033675,0,0,1776153686537,True,True
0,85.87,0.28724831,0,0,1776153690783,True,True
0,85.87,0.03882598,0,0,1776153690783,True,True
0,85.8,0.48449406,0,0,1776153738111,False,True
0,85.8,0.02328,0,0,1776153747334,False,True
0,85.8,0.49222594,0,0,1776153757311,False,True
0,85.75,0.2,0,0,1776153767330,False,True
0,85.75,0.08491159,0,0,1776153767330,False,True
0,85.82,0.33783813,0,0,1776153789455,True,True
0,85.83,0.28340473,0,0,1776153789455,True,True
0,85.84,0.32618825,0,0,1776153805787,True,True
0,85.85,0.2802342,0,0,1776153824345,True,True
0,85.85,0.03793627,0,0,1776153824345,True,True
0,85.85,0.02321,0,0,1776153857485,False,True
0,85.85,0.58646,0,0,1776153858770,False,True
0,85.89,0.27829564,0,0,1776153885164,True,True
0,85.9,2.21486436,0,0,1776153885164,True,True
0,85.91,0.10908512,0,0,1776153908072,False,True
0,85.92,1.24518065,0,0,1776153921498,True,True
0,85.92,0.27392031,0,0,1776153921627,True,True
0,85.92,0.05196423,0,0,1776153921627,True,True
0,85.9,0.27503173,0,0,1776153956580,True,True
0,85.91,5.76256254,0,0,1776153956580,True,True
0,85.89,23.32361516,0,0,1776153957039,False,True
0,85.91,0.27309,0,0,1776153962034,True,True
0,85.94,0.03066,0,0,1776154018557,False,True
0,85.93,1.8194,0,0,1776154022642,True,True
0,85.93,0.24194407,0,0,1776154026411,True,True
0,85.92,0.05819366,0,0,1776154029228,False,True
0,85.91,0.37310634,0,0,1776154029228,False,True
0,85.91,0.04270177,0,0,1776154036932,True,True
0,85.92,0.28314484,0,0,1776154036932,True,True
0,85.9,0.01147,0,0,1776154045041,True,True
0,85.91,0.2135,0,0,1776154059085,True,True
0,85.9,0.64275436,0,0,1776154061179,False,True
0,85.9,0.019,0,0,1776154064622,False,True
0,85.9,0.019,0,0,1776154066224,False,True
0,85.9,60.05168976,0,0,1776154066616,False,True
0,85.86,0.02329,0,0,1776154100080,False,True
0,85.87,0.01515197,0,0,1776154101742,True,True
0,85.86,0.01205,0,0,1776154134881,False,True
0,85.88,0.32603632,0,0,1776154147752,True,True
0,85.88,0.21175478,0,0,1776154148733,True,True
0,85.87,0.28788094,0,0,1776154153469,True,True
0,85.87,23.89297872,0,0,1776154153469,True,True
0,85.87,25.81914034,0,0,1776154153469,True,True
0,85.86,0.52801,0,0,1776154197817,False,True
0,85.87,0.03051,0,0,1776154199062,True,True
0,85.84,0.30324718,0,0,1776154203080,True,True
0,85.84,3.11592973,0,0,1776154203080,True,True
0,85.84,2.40561309,0,0,1776154203080,True,True
0,85.83,0.15678783,0,0,1776154213458,True,True
0,85.82,0.01329,0,0,1776154232545,True,True
0,85.82,0.0126,0,0,1776154234578,True,True
0,85.82,0.165937,0,0,1776154246995,True,True
0,85.79,0.27043239,0,0,1776154267063,True,True
0,85.79,0.04736649,0,0,1776154267063,True,True
0,85.79,0.32626427,0,0,1776154267959,True,True
0,85.8,0.05376099,0,0,1776154275402,True,True
0,85.79,2.0,0,0,1776154286089,False,True
0,85.8,1.16583335,0,0,1776154299261,True,True
0,85.82,0.10069331,0,0,1776154299261,True,True
0,85.84,15.0,0,0,1776154310206,True,True
0,85.84,0.05157595,0,0,1776154336223,True,True
0,85.82,0.05157595,0,0,1776154351912,False,True
0,85.82,0.0233,0,0,1776154353797,False,True
0,85.81,0.0233,0,0,1776154371664,False,True
0,85.82,0.23745284,0,0,1776154387479,True,True
0,85.83,0.08881143,0,0,1776154387479,True,True
0,85.83,0.28056782,0,0,1776154393655,True,True
0,85.82,7.7625,0,0,1776154401697,False,True
0,85.82,3.25441788,0,0,1776154401697,False,True
0,85.82,63.99174212,0,0,1776154401697,False,True
0,85.83,0.01105089,0,0,1776154407697,True,True
0,85.84,0.38693911,0,0,1776154407697,True,True
0,85.81,0.21945362,0,0,1776154419241,False,True
0,85.81,0.02329,0,0,1776154463702,False,True
0,85.82,0.90625806,0,0,1776154471253,True,True
0,85.82,0.54663875,0,0,1776154471253,True,True
0,85.85,0.03023,0,0,1776154487200,True,True
0,85.85,0.26327644,0,0,1776154498920,True,True
0,85.86,0.06287382,0,0,1776154498920,True,True
0,85.84,0.02323,0,0,1776154499049,False,True
0,85.84,0.1020038,0,0,1776154545274,False,True
0,85.85,0.2922571,0,0,1776154547344,True,True
0,85.86,0.1589829,0,0,1776154547344,True,True
0,85.84,0.05376099,0,0,1776154549113,False,True
0,85.86,0.03314,0,0,1776154556314,False,True
0,85.85,0.02042,0,0,1776154568884,True,True
0,85.85,0.04581149,0,0,1776154573153,False,True
0,85.86,0.11651,0,0,1776154574431,True,True
0,85.86,0.3078774,0,0,1776154577602,True,True
0,85.85,0.30228,0,0,1776154591030,False,True
0,85.84,0.26304293,0,0,1776154610651,True,True
0,85.85,0.06306934,0,0,1776154610651,True,True
0,85.84,0.17710802,0,0,1776154611419,True,True
0,85.79,0.01565,0,0,1776154654192,False,True
0,85.79,0.41335,0,0,1776154654561,False,True
0,85.79,0.43437413,0,0,1776154654561,False,True
0,85.79,0.03888,0,0,1776154668329,False,True
0,85.83,0.04139713,0,0,1776154712397,True,True
0,85.85,0.02257,0,0,1776154718322,True,True
0,85.84,0.19523149,0,0,1776154721158,False,True
0,85.85,0.21833914,0,0,1776154726288,True,True
0,85.85,0.10781112,0,0,1776154726288,True,True
0,85.84,0.05177593,0,0,1776154727303,False,True
0,85.84,0.22081863,0,0,1776154740637,True,True
0,85.84,0.94413945,0,0,1776154740637,True,True
0,85.85,0.05824112,0,0,1776154745708,True,True
0,85.85,0.0467,0,0,1776154759809,False,True
0,85.86,1.0895644,0,0,1776154766358,True,True
0,85.84,0.01128,0,0,1776154775851,True,True
0,85.85,0.01269,0,0,1776154786330,True,True
0,85.85,0.13465395,0,0,1776154787445,True,True
0,85.85,0.07663058,0,0,1776154787445,True,True
0,85.85,0.21474337,0,0,1776154793632,True,True
0,85.86,0.10813663,0,0,1776154793632,True,True
0,85.85,0.01297,0,0,1776154795798,True,True
0,85.83,0.19116947,0,0,1776154805320,True,True
0,85.84,0.27015053,0,0,1776154805320,True,True
0,85.83,0.20326618,0,0,1776154813423,True,True
0,85.83,0.20315328,0,0,1776154813423,True,True
0,85.84,1.3898209,0,0,1776154813423,True,True
0,85.85,0.32615026,0,0,1776154840574,True,True
0,85.85,1.01941256,0,0,1776154866191,True,True
0,85.87,0.20318542,0,0,1776154866267,True,True
0,85.86,0.03238,0,0,1776154887422,False,True
0,85.86,0.19893962,0,0,1776154902220,True,True
0,85.87,0.80106038,0,0,1776154902220,True,True
0,85.83,0.20614348,0,0,1776154928251,True,True
0,85.84,5.15723101,0,0,1776154928251,True,True
0,85.83,0.20507436,0,0,1776154951657,True,True
0,85.83,0.05823,0,0,1776154953072,False,True
0,85.85,0.20421345,0,0,1776154958209,True,True
0,85.87,0.2035186,0,0,1776154959066,True,True
0,85.88,3.55943969,0,0,1776154959066,True,True
0,85.88,1.88148443,0,0,1776154959066,True,True
0,85.88,4.43049673,0,0,1776154959067,True,True
0,85.88,8.68801884,0,0,1776154959068,True,True
0,85.9,11.32125363,0,0,1776154959068,True,True
0,85.9,0.40399077,0,0,1776154959068,True,True
0,85.9,8.12635919,0,0,1776154959068,True,True
0,85.9,8.53034996,0,0,1776154959069,True,True
0,85.9,8.53034996,0,0,1776154959069,True,True
0,85.9,3.35256332,0,0,1776154959069,True,True
0,85.92,3.06018905,0,0,1776154959079,True,True
0,85.92,1.88126132,0,0,1776154959079,True,True
0,85.92,7.29730392,0,0,1776154959091,True,True
0,85.94,6.31230167,0,0,1776154959154,True,True
0,85.94,1.02149297,0,0,1776154959155,True,True
0,85.94,0.25,0,0,1776154959155,True,True
0,85.94,2.48884093,0,0,1776154959155,True,True
0,85.95,0.033724,0,0,1776154961181,True,True
0,85.96,0.32607429,0,0,1776154965591,True,True
0,85.94,0.16834644,0,0,1776154978942,True,True
0,85.95,3.29913356,0,0,1776154978942,True,True
0,85.94,0.21128453,0,0,1776154988408,False,True
0,85.95,11.46273,0,0,1776154995817,True,True
0,85.95,1.42655458,0,0,1776155017705,True,True
0,85.95,11.59132875,0,0,1776155017706,True,True
0,85.95,5.45781317,0,0,1776155017706,True,True
0,85.96,168.54992603,0,0,1776155017716,True,True
0,85.97,1.98665363,0,0,1776155024990,False,True
0,85.98,0.20270503,0,0,1776155053012,True,True
0,85.98,0.11971497,0,0,1776155053012,True,True
0,85.99,0.09789358,0,0,1776155059439,True,True
0,86.0,0.01668442,0,0,1776155059439,True,True
0,86.0,0.01962,0,0,1776155061482,True,True
0,85.99,0.429,0,0,1776155075748,False,True
0,86.01,0.22747502,0,0,1776155078175,True,True
0,86.01,0.09810637,0,0,1776155078175,True,True
0,86.01,0.01718,0,0,1776155095505,True,True
0,86.0,0.20931329,0,0,1776155099757,True,True
0,86.01,0.02239,0,0,1776155104791,False,True
0,86.02,0.01181,0,0,1776155108611,True,True
0,86.04,0.21263992,0,0,1776155131620,True,True
0,86.05,2.22305,0,0,1776155141548,True,True
0,86.02,0.02332,0,0,1776155158961,False,True
0,86.0,0.02326,0,0,1776155165161,False,True
0,86.01,0.15973,0,0,1776155167121,True,True
0,86.01,0.06067613,0,0,1776155185987,True,True
0,86.02,0.26486741,0,0,1776155185987,True,True
0,86.0,0.02325,0,0,1776155187923,False,True
0,86.04,0.11507,0,0,1776155201037,True,True
0,86.05,2.55194,0,0,1776155211289,False,True
0,86.05,0.09186,0,0,1776155211861,False,True
0,86.06,0.04447,0,0,1776155222969,True,True
0,86.02,0.05755,0,0,1776155238994,True,True
0,86.0,0.19206,0,0,1776155247155,False,True
0,86.0,0.024,0,0,1776155258755,False,True
0,86.01,0.033724,0,0,1776155280488,False,True
0,86.02,0.02623,0,0,1776155286128,True,True
0,86.07,0.19193106,0,0,1776155303057,True,True
0,86.07,0.13357463,0,0,1776155303057,True,True
0,86.07,0.03016,0,0,1776155303318,True,True
0,86.03,10.96296,0,0,1776155319147,False,True
0,86.04,0.08316,0,0,1776155325821,False,True
0,86.04,0.2688372,0,0,1776155332410,False,True
0,86.06,0.20359371,0,0,1776155353930,True,True
0,86.06,17.79640629,0,0,1776155353930,True,True
0,86.05,0.02913,0,0,1776155355187,False,True
0,86.05,0.02324,0,0,1776155361197,False,True
0,86.04,0.03306,0,0,1776155364761,False,True
0,86.05,0.20245634,0,0,1776155367302,True,True
0,86.05,4.81881036,0,0,1776155367302,True,True
0,86.05,0.34518,0,0,1776155382641,True,True
0,86.05,0.01981,0,0,1776155395109,True,True
0,86.04,0.02468,0,0,1776155395468,False,True
0,86.05,0.01416037,0,0,1776155404236,True,True
0,86.05,1.44341887,0,0,1776155407154,True,True
0,86.05,0.18814427,0,0,1776155407154,True,True
0,86.08,0.32527881,0,0,1776155420636,True,True
0,86.08,0.20077173,0,0,1776155424929,True,True
0,86.08,3.91261116,0,0,1776155424929,True,True
0,86.09,0.02324,0,0,1776155459071,False,True
0,86.09,0.03424,0,0,1776155464106,False,True
0,86.09,0.02651953,0,0,1776155481985,False,True
0,86.05,0.19675906,0,0,1776155536651,True,True
0,86.05,0.12844419,0,0,1776155536651,True,True
0,86.1,0.2,0,0,1776155569423,True,True
0,86.14,0.02468,0,0,1776155574022,True,True
0,86.13,0.09293,0,0,1776155583006,False,True
0,86.13,0.02775897,0,0,1776155601661,False,True
0,86.15,0.10536,0,0,1776155608942,True,True
0,86.15,0.02619,0,0,1776155625390,True,True
0,86.15,0.0208907,0,0,1776155625521,True,True
0,86.15,0.01729,0,0,1776155627083,True,True
0,86.15,0.10865927,0,0,1776155628077,True,True
0,86.15,6.55812345,0,0,1776155628077,True,True
0,86.15,0.1970368,0,0,1776155630300,True,True
0,86.18,6.42117036,0,0,1776155630397,True,True
0,86.16,0.19080787,0,0,1776155634044,True,True
0,86.18,2.60157532,0,0,1776155634044,True,True
0,86.18,2.79238319,0,0,1776155634055,True,True
0,86.18,4.97011681,0,0,1776155634059,True,True
0,86.19,2.79238319,0,0,1776155634059,True,True
0,86.19,3.63402673,0,0,1776155634063,True,True
0,86.19,1.33609008,0,0,1776155634071,True,True
0,86.21,7.7625,0,0,1776155634098,True,True
0,86.24,0.03399743,0,0,1776155640858,True,True
0,86.24,0.19258156,0,0,1776155640858,True,True
0,86.24,3.20814192,0,0,1776155640858,True,True
0,86.24,3.45881411,0,0,1776155640858,True,True
0,86.24,7.7625,0,0,1776155640858,True,True
0,86.25,16.0,0,0,1776155640858,True,True
0,86.25,0.03399579,0,0,1776155640858,True,True
0,86.25,7.7625,0,0,1776155640858,True,True
0,86.25,3.12129828,0,0,1776155640858,True,True
0,86.25,115.94616921,0,0,1776155640858,True,True
0,86.26,0.03399416,0,0,1776155640858,True,True
0,86.26,7.7625,0,0,1776155640858,True,True
0,86.27,0.8058,0,0,1776155640858,True,True
0,86.27,0.03399253,0,0,1776155640858,True,True
0,86.27,7.7625,0,0,1776155640858,True,True
0,86.28,0.0339909,0,0,1776155640858,True,True
0,86.28,0.02,0,0,1776155640858,True,True
0,86.28,7.7625,0,0,1776155640858,True,True
0,86.28,36.04571732,0,0,1776155640858,True,True
0,86.23,17.67656488,0,0,1776155642812,False,True
0,86.23,3.43421079,0,0,1776155642870,False,True
0,86.21,0.02909,0,0,1776155645688,False,True
0,86.27,0.19146779,0,0,1776155646726,True,True
0,86.29,0.03398927,0,0,1776155649474,True,True
0,86.29,0.19071035,0,0,1776155649474,True,True
0,86.3,0.09978757,0,0,1776155649474,True,True
0,86.28,0.17042,0,0,1776155654712,True,True
0,86.25,0.05797102,0,0,1776155661367,False,True
0,86.25,0.01291,0,0,1776155666955,True,True
0,86.19,6.0137734,0,0,1776155680314,False,True
0,86.2,0.18314042,0,0,1776155682084,True,True
0,86.2,0.22766379,0,0,1776155682084,True,True
0,86.21,5.56263514,0,0,1776155683187,False,True
0,86.25,0.18921119,0,0,1776155699164,True,True
0,86.24,0.23251245,0,0,1776155706164,False,True
0,86.25,0.18954201,0,0,1776155708017,True,True
0,86.25,3.15747835,0,0,1776155708017,True,True
0,86.25,1.31483964,0,0,1776155708017,True,True
0,86.24,0.02452,0,0,1776155710827,False,True
0,86.24,0.11231,0,0,1776155764569,True,True
0,86.23,0.07589245,0,0,1776155767080,True,True
0,86.24,0.24874523,0,0,1776155767080,True,True
0,86.29,0.01123,0,0,1776155779157,True,True
0,86.29,0.17593674,0,0,1776155781394,True,True
0,86.3,0.70571243,0,0,1776155802757,True,True
0,86.3,0.03398765,0,0,1776155802757,True,True
0,86.3,60.0,0,0,1776155802757,True,True
0,86.31,0.03398602,0,0,1776155809170,True,True
0,86.32,0.03398439,0,0,1776155809170,True,True
0,86.33,0.03398276,0,0,1776155809170,True,True
0,86.34,0.8051,0,0,1776155809170,True,True
0,86.34,0.03398113,0,0,1776155809170,True,True
0,86.35,0.0339795,0,0,1776155809170,True,True
0,86.35,0.18186745,0,0,1776155809170,True,True
0,86.36,0.05122744,0,0,1776155809170,True,True
0,86.36,0.03397786,0,0,1776155809170,True,True
0,86.36,2.95259889,0,0,1776155809170,True,True
0,86.34,0.0129,0,0,1776155813422,True,True
0,86.3,0.17213566,0,0,1776155849613,True,True
0,86.3,0.20297434,0,0,1776155849613,True,True
0,86.29,0.02451,0,0,1776155858381,False,True
0,86.37,0.03397623,0,0,1776155868745,True,True
0,86.37,0.18343734,0,0,1776155868745,True,True
0,86.38,0.03397462,0,0,1776155868745,True,True
0,86.39,0.06528239,0,0,1776155868745,True,True
0,86.39,0.03397299,0,0,1776155868745,True,True
0,86.4,0.03397136,0,0,1776155868745,True,True
0,86.4,0.02909,0,0,1776155868745,True,True
0,86.4,24.58629507,0,0,1776155868745,True,True
0,86.38,0.18254399,0,0,1776155870177,True,True
0,86.4,0.04230601,0,0,1776155870177,True,True
0,86.4,0.11491,0,0,1776155870177,True,True
0,86.4,3.48189415,0,0,1776155870177,True,True
0,86.4,6.11035,0,0,1776155870177,True,True
0,86.4,11.24604,0,0,1776155870177,True,True
0,86.4,0.35,0,0,1776155870177,True,True
0,86.4,1.13509,0,0,1776155870177,True,True
0,86.4,0.55922858,0,0,1776155870177,True,True
0,86.4,0.32497678,0,0,1776155870177,True,True
0,86.4,0.10539,0,0,1776155870177,True,True
0,86.4,16.0,0,0,1776155870177,True,True
0,86.4,40.36523303,0,0,1776155870177,True,True
0,86.4,23.89671097,0,0,1776155870177,True,True
0,86.35,0.05797,0,0,1776155877347,False,True
0,86.35,0.05797,0,0,1776155877349,False,True
0,86.36,0.02299,0,0,1776155879969,True,True
0,86.35,0.02589,0,0,1776155904559,False,True
0,86.35,0.94960766,0,0,1776155922131,False,True
0,86.35,4.69895029,0,0,1776155932087,False,True
0,86.25,0.16339387,0,0,1776155936404,True,True
0,86.26,0.40338613,0,0,1776155936404,True,True
0,86.27,0.18573174,0,0,1776155938054,True,True
0,86.28,0.29,0,0,1776155976292,False,True
0,86.26,0.4155,0,0,1776155981534,False,True
0,86.25,0.18278134,0,0,1776155989067,True,True
0,86.26,0.08605586,0,0,1776155989067,True,True
0,86.27,0.18195615,0,0,1776156000389,True,True
0,86.27,0.81804385,0,0,1776156000389,True,True
0,86.24,0.2319731,0,0,1776156001395,False,True
0,86.23,23.19378406,0,0,1776156002181,False,True
0,86.2,1.80621594,0,0,1776156002181,False,True
0,86.2,0.52393648,0,0,1776156005718,False,True
0,86.2,6.96377492,0,0,1776156005718,False,True
0,86.16,0.02616,0,0,1776156014234,True,True
0,86.13,7.7625,0,0,1776156031676,False,True
0,86.13,0.49777943,0,0,1776156031676,False,True
0,86.13,0.4561533,0,0,1776156033225,False,True
0,86.13,0.02315,0,0,1776156035067,False,True
0,86.14,0.15412413,0,0,1776156044207,True,True
0,86.15,0.72899587,0,0,1776156044207,True,True
0,86.14,0.17946676,0,0,1776156046742,True,True
0,86.15,3.44869344,0,0,1776156046742,True,True
0,86.16,0.72096229,0,0,1776156046771,True,True
0,86.18,0.05819366,0,0,1776156088536,True,True
0,86.18,0.17030403,0,0,1776156088536,True,True
0,86.2,0.04697,0,0,1776156096382,False,True
0,86.15,0.02322,0,0,1776156106902,False,True
0,86.16,0.16865354,0,0,1776156110268,True,True
0,86.17,0.1282831,0,0,1776156110268,True,True
0,86.17,1.39838848,0,0,1776156138780,False,True
0,86.18,0.10939,0,0,1776156139757,False,True
0,86.2,2.58426,0,0,1776156145948,True,True
0,86.19,0.16700083,0,0,1776156147354,True,True
0,86.19,1.33391917,0,0,1776156147354,True,True
0,86.18,0.03449,0,0,1776156155556,True,True
0,86.18,0.13128439,0,0,1776156160315,True,True
0,86.18,1.05935561,0,0,1776156160315,True,True
0,86.13,0.16496086,0,0,1776156175514,True,True
0,86.14,0.72449914,0,0,1776156175514,True,True
0,86.1,0.16361232,0,0,1776156188924,True,True
0,86.11,0.03537768,0,0,1776156188924,True,True
0,86.08,0.02318,0,0,1776156199663,True,True
0,86.08,0.0225,0,0,1776156199793,True,True
0,86.08,0.11606894,0,0,1776156202633,True,True
0,86.09,0.06328106,0,0,1776156202633,True,True
0,86.08,0.16120108,0,0,1776156205371,True,True
0,86.1,0.06381892,0,0,1776156205371,True,True
0,86.13,0.02321,0,0,1776156267207,False,True
0,86.11,0.1567,0,0,1776156278014,True,True
0,86.13,3.76253214,0,0,1776156278024,True,True
0,86.13,35.35794687,0,0,1776156278025,True,True
0,86.13,10.77181758,0,0,1776156278029,True,True
0,86.13,3.94068861,0,0,1776156278032,True,True
0,86.13,4.72882491,0,0,1776156278042,True,True
0,86.11,0.1598,0,0,1776156278058,True,True
0,86.11,9.62e-05,0,0,1776156278063,True,True
0,86.14,0.04906,0,0,1776156282673,False,True
0,86.13,0.23622,0,0,1776156288316,False,True
0,86.13,0.079,0,0,1776156298761,False,True
0,86.13,1.48337004,0,0,1776156305313,False,True
0,86.14,1.1,0,0,1776156309104,True,True
0,86.07,0.15516232,0,0,1776156366139,True,True
0,86.09,14.25385768,0,0,1776156366139,True,True
0,86.07,0.15444412,0,0,1776156382672,True,True
0,86.08,1.50751366,0,0,1776156382672,True,True
0,86.06,3.49528405,0,0,1776156390360,False,True
0,86.05,0.37861855,0,0,1776156408393,False,True
0,86.07,0.15046385,0,0,1776156425294,True,True
0,86.08,0.16398702,0,0,1776156425294,True,True
0,86.06,0.06831,0,0,1776156433969,True,True
0,86.05,0.08110516,0,0,1776156441187,True,True
0,86.05,0.04413,0,0,1776156452824,True,True
0,86.07,0.10442439,0,0,1776156457348,True,True
0,86.07,0.33760561,0,0,1776156457348,True,True
0,86.11,0.14808016,0,0,1776156476560,True,True
0,86.11,0.00819984,0,0,1776156476560,True,True
0,86.12,1.12527,0,0,1776156482184,True,True
0,86.11,7.60984844,0,0,1776156501132,False,True
0,86.09,0.1528436,0,0,1776156501475,True,True
0,86.1,0.23881919,0,0,1776156501475,True,True
0,86.11,0.51336506,0,0,1776156504045,True,True
0,86.1,0.02553,0,0,1776156504197,False,True
0,86.11,0.9767865,0,0,1776156528983,True,True
0,86.14,0.019,0,0,1776156559635,False,True
0,86.15,0.29019152,0,0,1776156559986,True,True
0,86.14,0.42412,0,0,1776156567459,False,True
0,86.15,15.02020534,0,0,1776156572739,True,True
0,86.19,0.02228,0,0,1776156582944,True,True
0,86.18,0.01124,0,0,1776156593522,True,True
0,86.15,0.113925,0,0,1776156667890,True,True
0,86.18,1.160362,0,0,1776156670457,True,True
0,86.18,0.10415979,0,0,1776156696969,True,True
0,86.18,0.20064055,0,0,1776156696969,True,True
0,86.21,0.06899895,0,0,1776156702223,True,True
0,86.24,0.07371226,0,0,1776156718233,True,True
0,86.24,0.58980271,0,0,1776156718233,True,True
0,86.2,0.14154114,0,0,1776156749860,True,True
0,86.2,0.02319,0,0,1776156765612,False,True
0,86.21,0.14405465,0,0,1776156770254,True,True
0,86.22,0.06938535,0,0,1776156770254,True,True
0,86.22,0.14657443,0,0,1776156805333,True,True
0,86.22,0.42196557,0,0,1776156805333,True,True
0,86.22,2.45302263,0,0,1776156806777,True,True
0,86.22,3.67548583,0,0,1776156806777,True,True
0,86.2,0.02055104,0,0,1776156814874,True,True
0,86.15,1.18688,0,0,1776156848675,False,True
0,86.12,0.37832975,0,0,1776156859543,False,True
0,86.08,0.63221,0,0,1776156864531,False,True
0,86.11,0.12164957,0,0,1776156884299,True,True
0,86.12,5.49022043,0,0,1776156884299,True,True
0,86.12,0.29773649,0,0,1776156902631,False,True
0,86.13,0.14409063,0,0,1776156905855,True,True
0,86.14,0.13556508,0,0,1776156905855,True,True
0,86.15,0.14159301,0,0,1776156920916,True,True
0,86.18,1.45711415,0,0,1776156920916,True,True
0,86.19,0.03892284,0,0,1776156920916,True,True
0,86.13,1.07030193,0,0,1776156923706,False,True
0,86.14,0.18441,0,0,1776156935224,False,True
0,86.15,0.02122,0,0,1776156936127,True,True
0,86.14,0.02946,0,0,1776156947252,True,True
0,86.14,0.07701862,0,0,1776156952179,True,True
0,86.14,3.18310297,0,0,1776156952179,True,True
0,86.15,54.594,0,0,1776156952179,True,True
0,86.15,81.31634232,0,0,1776156952179,True,True
0,86.15,10.82953609,0,0,1776156952179,True,True
0,86.13,0.43013,0,0,1776156964152,True,True
0,86.11,7.7625,0,0,1776156986115,False,True
0,86.11,116.13053071,0,0,1776156986115,False,True
0,86.11,3.33333333,0,0,1776156986115,False,True
0,86.11,81.31498025,0,0,1776156986115,False,True
0,86.11,2.24396107,0,0,1776156986115,False,True
0,86.1,7.7625,0,0,1776156986115,False,True
0,86.1,21.05848,0,0,1776156986115,False,True
0,86.1,93.88267777,0,0,1776156986115,False,True
0,86.09,7.7625,0,0,1776156986115,False,True
0,86.09,32.03324863,0,0,1776156986115,False,True
0,86.09,105.881,0,0,1776156986115,False,True
0,86.09,12.0,0,0,1776156986115,False,True
0,86.08,7.7625,0,0,1776156986115,False,True
0,86.08,52.247,0,0,1776156986115,False,True
0,86.08,25.50533534,0,0,1776156986115,False,True
0,86.08,11.35915024,0,0,1776156986115,False,True
0,86.08,92.178634,0,0,1776156986115,False,True
0,86.08,93.88267777,0,0,1776156986115,False,True
0,86.07,7.7625,0,0,1776156986115,False,True
0,86.07,52.232,0,0,1776156986115,False,True
0,86.07,0.25,0,0,1776156986115,False,True
0,86.07,45.85440584,0,0,1776156986115,False,True
0,86.06,7.7625,0,0,1776156986115,False,True
0,86.06,10.19590871,0,0,1776156986115,False,True
0,86.06,10.202838,0,0,1776156986115,False,True
0,86.05,7.7625,0,0,1776156986115,False,True
0,86.05,82.359274,0,0,1776156986115,False,True
0,86.05,1.51706434,0,0,1776156986115,False,True
0,86.12,12.27134975,0,0,1776157012726,False,True
0,86.12,0.13521932,0,0,1776157019085,True,True
0,86.13,0.17838813,0,0,1776157019085,True,True
0,86.12,0.13431272,0,0,1776157037325,True,True
0,86.12,0.31176728,0,0,1776157037325,True,True
0,86.12,0.13369344,0,0,1776157049961,True,True
0,86.13,0.14596227,0,0,1776157049961,True,True
0,86.11,5.55838,0,0,1776157053752,False,True
0,86.12,0.13238447,0,0,1776157070984,True,True
0,86.13,0.05804,0,0,1776157078563,False,True
0,86.14,0.02232528,0,0,1776157080213,True,True
0,86.16,0.13100514,0,0,1776157112821,True,True
0,86.16,0.78634486,0,0,1776157112821,True,True
0,86.15,0.0562,0,0,1776157114948,True,True
0,86.13,1.98467077,0,0,1776157135122,False,True
0,86.13,3.76127996,0,0,1776157135122,False,True
0,86.13,2.58799479,0,0,1776157135122,False,True
0,86.13,32.01766382,0,0,1776157135122,False,True
0,86.13,116.09423728,0,0,1776157135122,False,True
0,86.13,0.02322,0,0,1776157140912,False,True
0,86.14,0.13089211,0,0,1776157147816,True,True
0,86.14,0.99334789,0,0,1776157147816,True,True
0,86.14,0.02842,0,0,1776157155074,False,True
0,86.15,0.14219675,0,0,1776157156167,True,True
0,86.16,0.63283193,0,0,1776157156167,True,True
0,86.16,0.14129867,0,0,1776157160546,True,True
0,86.16,0.72279133,0,0,1776157160546,True,True
0,86.16,0.14072841,0,0,1776157171589,True,True
0,86.16,0.22727159,0,0,1776157171589,True,True
0,86.16,0.14037882,0,0,1776157184075,True,True
0,86.16,1.0,0,0,1776157184075,True,True
0,86.16,0.14297405,0,0,1776157200252,True,True
0,86.16,1.29953143,0,0,1776157200252,True,True
0,86.17,15.0,0,0,1776157200819,True,True
0,86.15,1.122751,0,0,1776157206565,False,True
0,86.18,0.11435,0,0,1776157226528,True,True
0,86.17,116.04966925,0,0,1776157233683,False,True
0,86.16,7.7625,0,0,1776157233683,False,True
0,86.16,19.13419,0,0,1776157233683,False,True
0,86.16,93.81434593,0,0,1776157233683,False,True
0,86.16,3.70554788,0,0,1776157233683,False,True
0,86.16,2.54055832,0,0,1776157233683,False,True
0,86.16,125.431,0,0,1776157233683,False,True
0,86.15,81.26883347,0,0,1776157233683,False,True
0,86.15,52.23,0,0,1776157233683,False,True
0,86.15,25.50533534,0,0,1776157233683,False,True
0,86.15,52.229,0,0,1776157233683,False,True
0,86.15,165.18827641,0,0,1776157235317,True,True
0,86.15,119.00125538,0,0,1776157235328,True,True
0,86.15,179.81107628,0,0,1776157235331,True,True
0,86.15,322.38316296,0,0,1776157235337,True,True
0,86.15,148.05173095,0,0,1776157235338,True,True
0,86.15,169.04983249,0,0,1776157235344,True,True
0,86.15,298.03788848,0,0,1776157235349,True,True
0,86.15,155.39010703,0,0,1776157235372,True,True
0,86.15,147.13418688,0,0,1776157235373,True,True
0,86.15,143.36484102,0,0,1776157235435,True,True
0,86.15,142.16365525,0,0,1776157235457,True,True
0,86.15,185.79099637,0,0,1776157235534,True,True
0,86.15,160.92586941,0,0,1776157235559,True,True
0,86.15,227.11029237,0,0,1776157235632,True,True
0,86.15,177.23689669,0,0,1776157235660,True,True
0,86.15,300.05877156,0,0,1776157235716,True,True
0,86.15,251.16064282,0,0,1776157235761,True,True
0,86.15,256.59542409,0,0,1776157235801,True,True
0,86.15,225.24896554,0,0,1776157235863,True,True
0,86.15,124.51480325,0,0,1776157235882,True,True
0,86.15,169.32355449,0,0,1776157235923,True,True
0,86.15,0.38611,0,0,1776157237809,True,True
0,86.15,179.23930687,0,0,1776157237856,True,True
0,86.15,307.2472147,0,0,1776157237882,True,True
0,86.15,136.00433806,0,0,1776157237889,True,True
0,86.15,1.04311543,0,0,1776157249990,True,True
0,86.14,0.12192148,0,0,1776157266191,False,True
0,86.15,8.84550204,0,0,1776157296474,True,True
0,86.15,0.02248,0,0,1776157304897,True,True
0,86.15,0.43529,0,0,1776157305736,True,True
0,86.14,0.0232,0,0,1776157311217,False,True
0,86.15,73.34050689,0,0,1776157311283,True,True
0,86.15,0.01714374,0,0,1776157311283,True,True
0,86.2,0.0281,0,0,1776157311336,True,True
0,86.19,0.02617,0,0,1776157311568,True,True
0,86.2,0.02538,0,0,1776157323885,False,True
0,86.21,0.57997912,0,0,1776157338704,True,True
0,86.21,0.02314,0,0,1776157339142,True,True
0,86.22,0.019,0,0,1776157348016,False,True
0,86.23,0.02329,0,0,1776157353777,True,True
0,86.18,0.0232,0,0,1776157367107,False,True
0,86.17,0.05341838,0,0,1776157380500,True,True
0,86.17,0.57997912,0,0,1776157415003,False,True
0,86.18,0.10500895,0,0,1776157445827,True,True
0,86.18,0.39889575,0,0,1776157445827,True,True
0,86.17,0.05802483,0,0,1776157453736,True,True
0,86.16,0.04627,0,0,1776157454431,False,True
0,86.17,7.7625,0,0,1776157455236,True,True
0,86.17,0.075335,0,0,1776157455236,True,True
0,86.17,2.162165,0,0,1776157455236,True,True
0,86.17,2.05982,0,0,1776157465306,False,True
0,86.15,5.8898433,0,0,1776157478003,True,True
0,86.14,0.05341838,0,0,1776157480108,False,True
0,86.16,0.13306211,0,0,1776157484035,True,True
0,86.16,0.075349,0,0,1776157484035,True,True
0,86.16,0.05768337,0,0,1776157495521,True,True
0,86.14,0.02218,0,0,1776157513797,True,True
0,86.11,0.02486,0,0,1776157534085,False,True
0,86.12,0.02768,0,0,1776157540908,True,True
0,86.11,0.03968378,0,0,1776157575967,True,True
0,86.12,3.70555542,0,0,1776157575967,True,True
0,86.12,19.7644917,0,0,1776157579303,False,True
0,86.16,0.01405,0,0,1776157593029,True,True
0,86.18,0.02325,0,0,1776157598878,False,True
0,86.18,0.03411,0,0,1776157616555,False,True
0,86.19,0.03034,0,0,1776157620642,True,True
0,86.2,0.31522733,0,0,1776157639061,False,True
0,86.19,0.03528,0,0,1776157652201,False,True
0,86.22,0.4257,0,0,1776157665222,False,True
0,86.22,0.09175561,0,0,1776157670946,False,True
0,86.23,1.2626,0,0,1776157671141,True,True
0,86.22,0.02325,0,0,1776157678659,False,True
0,86.23,0.152871,0,0,1776157712162,True,True
0,86.23,0.01281,0,0,1776157721644,True,True
0,86.23,0.71851,0,0,1776157753306,True,True
0,86.22,0.02319,0,0,1776157754349,False,True
0,86.23,0.829919,0,0,1776157761804,True,True
0,86.25,0.0998588,0,0,1776157761804,True,True
0,86.25,2.78572292,0,0,1776157761804,True,True
0,86.26,7.7625,0,0,1776157761804,True,True
0,86.26,54.553,0,0,1776157761804,True,True
0,86.26,115.93893038,0,0,1776157761804,True,True
0,86.27,7.7625,0,0,1776157761804,True,True
0,86.27,81.20728283,0,0,1776157761804,True,True
0,86.27,81.20728283,0,0,1776157761804,True,True
0,86.28,7.7625,0,0,1776157761804,True,True
0,86.28,107.07177589,0,0,1776157761804,True,True
0,86.29,7.7625,0,0,1776157761804,True,True
0,86.29,31.95743205,0,0,1776157761804,True,True
0,86.29,52.187,0,0,1776157761804,True,True
0,86.29,154.61318924,0,0,1776157761804,True,True
0,86.29,11.58882836,0,0,1776157761804,True,True
0,86.29,11.58882836,0,0,1776157761804,True,True
0,86.3,7.7625,0,0,1776157761804,True,True
0,86.3,48.33120989,0,0,1776157761804,True,True
0,86.3,52.182,0,0,1776157761804,True,True
0,86.3,2.0168652,0,0,1776157761804,True,True
0,86.31,79.66012,0,0,1776157761804,True,True
0,86.31,7.7625,0,0,1776157761804,True,True
0,86.31,189.7538614,0,0,1776157761804,True,True
0,86.31,0.25,0,0,1776157761804,True,True
0,86.32,7.7625,0,0,1776157761804,True,True
0,86.32,107.07177589,0,0,1776157761804,True,True
0,86.33,7.7625,0,0,1776157761804,True,True
0,86.33,175.86755435,0,0,1776157761804,True,True
0,86.33,289.76240475,0,0,1776157761804,True,True
0,86.34,5.81962584,0,0,1776157761804,True,True
0,86.34,86.210534,0,0,1776157761804,True,True
0,86.34,7.87062701,0,0,1776157761804,True,True
0,86.34,7.7625,0,0,1776157761804,True,True
0,86.34,173.958,0,0,1776157761804,True,True
0,86.34,7.31888991,0,0,1776157761804,True,True
0,86.34,5.65564506,0,0,1776157761804,True,True
0,86.24,0.14300437,0,0,1776157776470,True,True
0,86.24,21.59131294,0,0,1776157776470,True,True
0,86.24,2.9725317,0,0,1776157776470,True,True
0,86.24,21.2307653,0,0,1776157776470,True,True
0,86.25,54.546,0,0,1776157776470,True,True
0,86.25,115.9442748,0,0,1776157776470,True,True
0,86.26,52.175,0,0,1776157776470,True,True
0,86.26,107.07177589,0,0,1776157776470,True,True
0,86.27,11.59151501,0,0,1776157776470,True,True
0,86.27,11.59151501,0,0,1776157776470,True,True
0,86.28,52.185,0,0,1776157776470,True,True
0,86.28,107.07177589,0,0,1776157776470,True,True
0,86.29,25.0,0,0,1776157776470,True,True
0,86.29,94.630923,0,0,1776157776470,True,True
0,86.29,155.2838227,0,0,1776157776470,True,True
0,86.29,0.25,0,0,1776157776470,True,True
0,86.3,2.01707094,0,0,1776157776470,True,True
0,86.31,31.94992829,0,0,1776157776470,True,True
0,86.32,173.952,0,0,1776157776470,True,True
0,86.32,58.02,0,0,1776157776470,True,True
0,86.32,93.730455,0,0,1776157776470,True,True
0,86.33,58.07,0,0,1776157776470,True,True
0,86.33,30.0,0,0,1776157776470,True,True
0,86.33,9.5,0,0,1776157776470,True,True
0,86.33,2.01707094,0,0,1776157776470,True,True
0,86.33,579.82204998,0,0,1776157776470,True,True
0,86.33,53.65558937,0,0,1776157776470,True,True
0,86.23,0.02319,0,0,1776157777817,False,True
0,86.23,0.03324,0,0,1776157791782,False,True
0,86.25,0.14110291,0,0,1776157797590,True,True
0,86.26,3.33756129,0,0,1776157797590,True,True
0,86.22,0.02404,0,0,1776157815758,False,True
0,86.2,0.13755192,0,0,1776157824946,True,True
0,86.21,1.02267548,0,0,1776157824946,True,True
0,86.17,0.83646943,0,0,1776157845653,False,True
0,86.18,1.0,0,0,1776157870045,True,True
0,86.17,0.03535,0,0,1776157874905,False,True
0,86.18,0.32655014,0,0,1776157882512,True,True
0,86.18,60.33796354,0,0,1776157882512,True,True
0,86.24,0.1342395,0,0,1776157894282,True,True
0,86.24,0.9896005,0,0,1776157894282,True,True
0,86.23,0.13960858,0,0,1776157923724,True,True
0,86.24,0.22720142,0,0,1776157923724,True,True
0,86.23,0.13901018,0,0,1776157926115,True,True
0,86.24,3.15687982,0,0,1776157926115,True,True
0,86.23,0.02319,0,0,1776157929186,False,True
0,86.24,0.13843615,0,0,1776157940036,True,True
0,86.24,0.15441385,0,0,1776157940036,True,True
0,86.23,0.13812558,0,0,1776157946142,True,True
0,86.24,0.08488208,0,0,1776157946142,True,True
0,86.23,0.31150877,0,0,1776157961243,True,True
0,86.23,0.03159,0,0,1776157971633,True,True
0,86.23,0.29050912,0,0,1776157973583,True,True
0,86.22,0.3216905,0,0,1776157982113,False,True
0,86.22,0.1013095,0,0,1776157982120,False,True
0,86.21,0.17943911,0,0,1776157993223,False,True
0,86.22,0.04616263,0,0,1776158019302,False,True
0,86.22,18.04712382,0,0,1776158027867,False,True
0,86.24,0.02886,0,0,1776158027986,True,True
0,86.24,0.02548,0,0,1776158041092,True,True
0,86.21,0.0232,0,0,1776158043583,False,True
0,86.23,0.10523,0,0,1776158051811,True,True
0,86.24,0.01292,0,0,1776158054221,True,True
0,86.24,0.01292,0,0,1776158054826,True,True
0,86.24,0.29024274,0,0,1776158069146,False,True
0,86.27,0.17009,0,0,1776158072120,True,True
0,86.28,0.03703,0,0,1776158079005,True,True
0,86.27,0.02328,0,0,1776158084798,False,True
0,86.26,0.423,0,0,1776158097178,False,True
0,86.26,0.03153,0,0,1776158097581,False,True
0,86.26,10.6720693,0,0,1776158119803,True,True
0,86.27,76.74051811,0,0,1776158119803,True,True
0,86.24,0.02451,0,0,1776158122666,False,True
0,86.25,0.01639,0,0,1776158151235,True,True
0,86.25,0.77502868,0,0,1776158161589,False,True
0,86.27,0.20747053,0,0,1776158165485,True,True
0,86.27,0.02335,0,0,1776158167926,True,True
0,86.27,0.65833,0,0,1776158218818,False,True
0,86.27,0.86634735,0,0,1776158232800,False,True
0,86.27,0.02228,0,0,1776158232915,False,True
0,86.28,0.73429,0,0,1776158238025,True,True
0,86.28,0.19409,0,0,1776158240831,True,True
0,86.25,0.02318,0,0,1776158245415,False,True
0,86.25,0.02318,0,0,1776158268242,False,True
0,86.25,0.02624,0,0,1776158274980,False,True
0,86.27,3.8,0,0,1776158297750,True,True
0,86.25,0.5189793,0,0,1776158300906,False,True
0,86.26,0.02084568,0,0,1776158309935,True,True
0,86.27,0.00159432,0,0,1776158309935,True,True
0,86.25,0.02318,0,0,1776158310047,False,True
0,86.26,0.02076651,0,0,1776158321756,True,True
0,86.26,0.07465349,0,0,1776158321756,True,True
0,86.25,0.03159,0,0,1776158329708,False,True
0,86.26,1.63496,0,0,1776158337522,True,True
0,86.25,0.0454,0,0,1776158340206,False,True
0,86.26,0.02246,0,0,1776158340560,True,True
0,86.25,23.19109461,0,0,1776158351374,False,True
0,86.25,2.59867696,0,0,1776158359576,False,True
0,86.26,0.02062819,0,0,1776158366252,True,True
0,86.26,0.00969181,0,0,1776158366252,True,True
0,86.25,23.18840577,0,0,1776158371075,False,True
0,86.25,23.18840577,0,0,1776158371078,False,True
0,86.25,23.18840577,0,0,1776158371080,False,True
0,86.25,18.38228198,0,0,1776158371082,False,True
0,86.23,0.02119759,0,0,1776158378062,True,True
0,86.24,0.07880241,0,0,1776158378062,True,True
0,86.21,0.03321,0,0,1776158395305,False,True
0,86.16,0.02318,0,0,1776158443714,False,True
0,86.16,0.04674,0,0,1776158454957,False,True
0,86.14,0.02381216,0,0,1776158489170,True,True
0,86.15,0.00871759,0,0,1776158489170,True,True
0,86.11,0.34464889,0,0,1776158518344,False,True
0,86.1,0.02368199,0,0,1776158535140,True,True
0,86.1,1.39978461,0,0,1776158535140,True,True
0,86.11,9.8,0,0,1776158535140,True,True
0,86.11,21.00520659,0,0,1776158535140,True,True
0,86.11,25.91086169,0,0,1776158535140,True,True
0,86.09,12.25264258,0,0,1776158535209,False,True
0,86.09,12.0,0,0,1776158535209,False,True
0,86.09,7.36112868,0,0,1776158535209,False,True
0,86.09,21.8506343,0,0,1776158535209,False,True
0,86.09,0.02328,0,0,1776158554828,False,True
0,86.1,0.02365705,0,0,1776158556777,True,True
0,86.11,0.09190295,0,0,1776158556777,True,True
0,86.13,0.02377671,0,0,1776158567143,True,True
0,86.14,11.60900859,0,0,1776158567143,True,True
0,86.15,0.02275186,0,0,1776158567143,True,True
0,86.12,0.02373071,0,0,1776158576312,True,True
0,86.14,0.20528937,0,0,1776158576312,True,True
0,86.12,0.02377727,0,0,1776158577229,True,True
0,86.14,18.76782273,0,0,1776158577229,True,True
0,86.13,0.01774,0,0,1776158578127,True,True
0,86.1,4.0,0,0,1776158586095,False,True
0,86.11,0.00583273,0,0,1776158590886,True,True
0,86.13,0.41546727,0,0,1776158590886,True,True
0,86.11,0.03413,0,0,1776158604105,False,True
0,86.15,0.0229687,0,0,1776158653035,True,True
0,86.15,0.0908213,0,0,1776158653035,True,True
0,86.15,0.02290545,0,0,1776158659696,True,True
0,86.16,0.08995455,0,0,1776158659696,True,True
0,86.13,0.29024274,0,0,1776158675462,False,True
0,86.12,0.02324033,0,0,1776158683708,True,True
0,86.13,0.00447967,0,0,1776158683708,True,True
0,86.1,0.019,0,0,1776158686751,False,True
0,86.1,11.981,0,0,1776158695032,False,True
0,86.1,6.03767597,0,0,1776158695032,False,True
0,86.1,36.32863279,0,0,1776158695032,False,True
0,86.1,15.63048549,0,0,1776158695036,False,True
0,86.1,23.2288037,0,0,1776158695127,False,True
0,86.1,0.02313111,0,0,1776158702006,True,True
0,86.11,2.54137939,0,0,1776158702006,True,True
0,86.09,0.0583,0,0,1776158727602,False,True
0,86.1,0.02294131,0,0,1776158733156,True,True
0,86.11,0.20588869,0,0,1776158733156,True,True
0,86.07,19.70562675,0,0,1776158750372,False,True
0,86.07,22.44372936,0,0,1776158750372,False,True
0,86.07,0.08997,0,0,1776158752093,False,True
0,86.08,0.02270546,0,0,1776158754027,True,True
0,86.09,0.44057454,0,0,1776158754027,True,True
0,86.05,0.02068,0,0,1776158758455,False,True
0,86.1,0.01211,0,0,1776158777341,True,True
0,86.09,0.01051394,0,0,1776158789047,True,True
0,86.09,0.07502606,0,0,1776158789047,True,True
0,86.08,0.02255305,0,0,1776158798412,True,True
0,86.1,0.05305964,0,0,1776158798412,True,True
0,86.06,0.02260269,0,0,1776158820347,True,True
0,86.06,0.3690965,0,0,1776158820347,True,True
0,86.06,0.0225174,0,0,1776158828020,True,True
0,86.07,0.1517796,0,0,1776158828020,True,True
0,86.06,0.02243304,0,0,1776158841962,True,True
0,86.07,3.696e-05,0,0,1776158841962,True,True
0,86.06,0.02250726,0,0,1776158850436,True,True
0,86.07,0.02274,0,0,1776158852533,True,True
0,86.08,0.48625135,0,0,1776158868650,False,True
0,86.08,0.02912,0,0,1776158871319,False,True
0,86.08,0.19,0,0,1776158877048,False,True
0,86.08,0.03385,0,0,1776158880301,False,True
0,86.09,0.02318267,0,0,1776158882613,True,True
0,86.11,0.30205835,0,0,1776158882613,True,True
0,86.09,0.04573,0,0,1776158884083,False,True
0,86.11,0.05806527,0,0,1776158884708,True,True
0,86.1,0.02323,0,0,1776158886972,False,True
0,86.1,0.98987046,0,0,1776158893346,False,True
0,86.11,0.23111,0,0,1776158901153,True,True
0,86.09,0.02364596,0,0,1776158907590,True,True
0,86.1,0.59414404,0,0,1776158907590,True,True
0,86.09,0.02369841,0,0,1776158922602,True,True
0,86.11,0.00409159,0,0,1776158922602,True,True
0,86.09,0.08539,0,0,1776158937717,False,True
0,86.09,0.88686328,0,0,1776158945563,False,True
0,86.1,0.02356377,0,0,1776158947894,True,True
0,86.11,0.97643623,0,0,1776158947894,True,True
0,86.1,0.03069,0,0,1776158950767,False,True
0,86.09,0.4213,0,0,1776158961890,False,True
0,86.09,0.01831,0,0,1776158971197,False,True
0,86.08,0.04775,0,0,1776158984466,False,True
0,86.09,0.02198673,0,0,1776159002791,True,True
0,86.1,0.30325429,0,0,1776159002791,True,True
0,86.06,12.0,0,0,1776159007158,False,True
0,86.06,3.10371812,0,0,1776159007158,False,True
0,86.06,17.54617,0,0,1776159007158,False,True
0,86.05,0.68719188,0,0,1776159007158,False,True
0,86.06,0.35485,0,0,1776159007494,False,True
0,86.07,0.01688,0,0,1776159040471,True,True
0,86.06,0.02322,0,0,1776159048079,False,True
0,86.07,1.2632746,0,0,1776159059119,True,True
0,86.1,0.05817,0,0,1776159066687,False,True
0,86.11,0.02001,0,0,1776159069318,True,True
0,86.14,0.22300984,0,0,1776159090766,False,True
0,86.13,0.02579,0,0,1776159101021,False,True
0,86.13,17.54617,0,0,1776159103711,False,True
0,86.12,21.18464268,0,0,1776159103711,False,True
0,86.12,9.62267175,0,0,1776159103711,False,True
0,86.12,4.23116157,0,0,1776159103711,False,True
0,86.12,27.547114,0,0,1776159103711,False,True
0,86.14,0.02212964,0,0,1776159104298,True,True
0,86.14,0.91605036,0,0,1776159104298,True,True
0,86.14,0.02203012,0,0,1776159117253,True,True
0,86.15,0.30302212,0,0,1776159117253,True,True
0,86.13,0.66917,0,0,1776159120641,False,True
0,86.14,0.02194674,0,0,1776159121097,True,True
0,86.15,1.76842326,0,0,1776159121097,True,True
0,86.14,0.0218661,0,0,1776159123543,True,True
0,86.15,0.00971406,0,0,1776159123543,True,True
0,86.13,0.66917,0,0,1776159124801,False,True
0,86.13,0.17932128,0,0,1776159142076,False,True
0,86.16,15.0,0,0,1776159149791,True,True
0,86.16,0.02178597,0,0,1776159149791,True,True
0,86.18,4.19937951,0,0,1776159149791,True,True
0,86.18,35.99581452,0,0,1776159149791,True,True
0,86.16,7.62996,0,0,1776159154140,False,True
0,86.17,0.02169295,0,0,1776159159194,True,True
0,86.17,0.13774072,0,0,1776159159194,True,True
0,86.14,0.02321,0,0,1776159169893,False,True
0,86.15,0.02287,0,0,1776159170035,True,True
0,86.18,0.22314574,0,0,1776159180127,True,True
0,86.17,2.08373,0,0,1776159181679,False,True
0,86.18,0.0534094,0,0,1776159181927,True,True
0,86.18,0.94936086,0,0,1776159207956,True,True
0,86.17,0.02321,0,0,1776159212628,False,True
0,86.17,0.02321,0,0,1776159213367,False,True
0,86.18,0.02528,0,0,1776159223096,True,True
0,86.18,0.03834,0,0,1776159227911,True,True
0,86.18,0.05125017,0,0,1776159240798,True,True
0,86.18,0.32490136,0,0,1776159241725,True,True
0,86.18,0.03583,0,0,1776159247358,True,True
0,86.17,0.46060661,0,0,1776159249061,False,True
0,86.17,1.0,0,0,1776159249061,False,True
0,86.12,0.03209707,0,0,1776159249282,False,True
0,86.14,0.02331364,0,0,1776159252121,True,True
0,86.16,3.96593029,0,0,1776159252121,True,True
0,86.16,0.17117109,0,0,1776159252121,True,True
0,86.13,0.0534094,0,0,1776159255514,False,True
0,86.13,0.05125017,0,0,1776159257156,False,True
0,86.14,0.02320511,0,0,1776159270194,True,True
0,86.15,0.24099489,0,0,1776159270194,True,True
0,86.15,0.01456,0,0,1776159296921,False,True
0,86.16,0.03068,0,0,1776159300673,True,True
0,86.16,0.46425255,0,0,1776159321367,True,True
0,86.14,0.02343914,0,0,1776159325734,True,True
0,86.14,0.28667899,0,0,1776159325734,True,True
0,86.11,0.04181,0,0,1776159327223,False,True
0,86.12,0.02327981,0,0,1776159331553,True,True
0,86.13,0.39482019,0,0,1776159331553,True,True
0,86.12,0.02318868,0,0,1776159333615,True,True
0,86.13,0.15264123,0,0,1776159333615,True,True
0,86.13,2.02019733,0,0,1776159334551,True,True
0,86.13,0.02291933,0,0,1776159350539,True,True
0,86.14,0.30217065,0,0,1776159350539,True,True
0,86.13,0.01889,0,0,1776159356698,True,True
0,86.12,0.04908142,0,0,1776159360060,False,True
0,86.12,1.27513,0,0,1776159360852,False,True
0,86.12,1.68059263,0,0,1776159361903,False,True
0,86.12,1.63393193,0,0,1776159361903,False,True
0,86.12,0.02693,0,0,1776159367851,False,True
0,86.12,0.02272874,0,0,1776159377914,True,True
0,86.13,0.03315126,0,0,1776159377914,True,True
0,86.13,0.02305488,0,0,1776159385927,True,True
0,86.13,0.83924512,0,0,1776159385927,True,True
0,86.15,0.02286513,0,0,1776159395355,True,True
0,86.17,0.04299487,0,0,1776159395355,True,True
0,86.16,0.02263712,0,0,1776159412493,True,True
0,86.17,0.20438288,0,0,1776159412493,True,True
0,86.16,0.01698,0,0,1776159417190,True,True
0,86.16,0.02246595,0,0,1776159424291,True,True
0,86.16,2.68831063,0,0,1776159424291,True,True
0,86.17,0.04552,0,0,1776159451595,True,True
0,86.16,0.4181,0,0,1776159456709,False,True
0,86.16,9.9452971,0,0,1776159460464,False,True
0,86.17,0.32493907,0,0,1776159467239,True,True
0,86.17,1.2625,0,0,1776159471925,True,True
0,86.17,0.54108,0,0,1776159482262,True,True
0,86.16,20.77492632,0,0,1776159491407,False,True
0,86.1,0.02237759,0,0,1776159495843,True,True
0,86.11,0.66725241,0,0,1776159495843,True,True
0,86.1,0.02234934,0,0,1776159499456,True,True
0,86.11,0.30735066,0,0,1776159499456,True,True
0,86.1,0.02225773,0,0,1776159499926,True,True
0,86.1,0.52506227,0,0,1776159499926,True,True
0,86.08,0.0248,0,0,1776159509238,False,True
0,86.08,0.04720818,0,0,1776159511793,False,True
0,86.09,0.02213567,0,0,1776159525780,True,True
0,86.09,0.00879433,0,0,1776159525780,True,True
0,86.08,0.05178,0,0,1776159527163,False,True
0,86.08,0.27933876,0,0,1776159532944,False,True
0,86.09,0.20781239,0,0,1776159538130,True,True
0,86.11,0.31011813,0,0,1776159549270,False,True
0,86.11,0.02322,0,0,1776159551360,False,True
0,86.11,3.10016594,0,0,1776159556676,False,True
0,86.11,7.7625,0,0,1776159556676,False,True
0,86.11,6.13744184,0,0,1776159556676,False,True
0,86.12,0.32512772,0,0,1776159581960,True,True
0,86.11,0.02207937,0,0,1776159590087,True,True
0,86.12,3.5841238,0,0,1776159590087,True,True
0,86.12,2.40413431,0,0,1776159590087,True,True
0,86.12,8.68661417,0,0,1776159590087,True,True
0,86.12,19.75227461,0,0,1776159590087,True,True
0,86.12,6.01032754,0,0,1776159590088,True,True
0,86.12,46.88056477,0,0,1776159590088,True,True
0,86.12,16.82892329,0,0,1776159590092,True,True
0,86.12,1.0286798,0,0,1776159590096,True,True
0,86.12,3.15291275,0,0,1776159590114,True,True
0,86.12,8.54103664,0,0,1776159590120,True,True
0,86.12,8.54103664,0,0,1776159590120,True,True
0,86.12,5.38886117,0,0,1776159590121,True,True
0,86.17,8.10408291,0,0,1776159605702,False,True
0,86.17,0.6979507,0,0,1776159609408,False,True
0,86.18,1.0,0,0,1776159611806,True,True
0,86.18,1.30516224,0,0,1776159611806,True,True
0,86.2,3.93305,0,0,1776159612931,True,True
0,86.17,7.95318978,0,0,1776159632951,False,True
0,86.18,0.02189025,0,0,1776159634194,True,True
0,86.19,0.00037975,0,0,1776159634194,True,True
0,86.17,0.02180696,0,0,1776159641379,True,True
0,86.18,0.23062304,0,0,1776159641379,True,True
0,86.18,0.4154,0,0,1776159642220,True,True
0,86.15,0.02495,0,0,1776159656255,False,True
0,86.15,0.02204434,0,0,1776159659701,True,True
0,86.16,0.22090566,0,0,1776159659701,True,True
0,86.15,0.04267,0,0,1776159665590,False,True
0,86.15,0.02233071,0,0,1776159668865,True,True
0,86.16,1.16907929,0,0,1776159668865,True,True
0,86.14,0.02348,0,0,1776159669701,False,True
0,86.16,0.01977,0,0,1776159671784,True,True
0,86.16,0.02214917,0,0,1776159677270,True,True
0,86.17,0.19143083,0,0,1776159677270,True,True
0,86.13,0.02166704,0,0,1776159695512,True,True
0,86.15,0.32493907,0,0,1776159696793,True,True
0,86.15,0.02072961,0,0,1776159711737,True,True
0,86.15,0.18552528,0,0,1776159711737,True,True
0,86.14,0.07120502,0,0,1776159720192,False,True
0,86.1,0.0232,0,0,1776159722312,False,True
0,86.1,0.0204986,0,0,1776159743352,True,True
0,86.11,0.0019414,0,0,1776159743352,True,True
0,86.11,0.02044169,0,0,1776159756046,True,True
0,86.12,0.07262763,0,0,1776159756046,True,True
0,86.11,0.02083826,0,0,1776159761907,True,True
0,86.12,0.66935174,0,0,1776159761907,True,True
0,86.1,0.02212,0,0,1776159763262,False,True
0,86.1,0.03381,0,0,1776159766101,False,True
0,86.1,0.02948,0,0,1776159772401,False,True
0,86.12,0.02069229,0,0,1776159775838,True,True
0,86.14,0.14968771,0,0,1776159775838,True,True
0,86.14,0.10864,0,0,1776159777002,True,True
0,86.12,0.02032408,0,0,1776159790878,True,True
0,86.13,0.96708592,0,0,1776159790878,True,True
0,86.11,0.022,0,0,1776159791122,False,True
0,86.11,0.022,0,0,1776159792316,False,True
0,86.13,0.02219,0,0,1776159798177,True,True
0,86.11,0.17038,0,0,1776159802788,False,True
0,86.13,1.89117,0,0,1776159803749,True,True
0,86.12,3.4213042,0,0,1776159809235,True,True
0,86.12,44.17686136,0,0,1776159809235,True,True
0,86.09,0.022,0,0,1776159813887,False,True
0,86.09,0.32516548,0,0,1776159820533,True,True
0,86.1,0.84095323,0,0,1776159823631,True,True
0,86.08,0.02777,0,0,1776159825792,False,True
0,86.12,0.27965571,0,0,1776159837658,True,True
0,86.12,2.30449426,0,0,1776159854866,True,True
0,86.12,0.10077,0,0,1776159863364,False,True
0,86.1,1.63762,0,0,1776159890905,True,True
0,86.1,0.13733,0,0,1776159898857,True,True
0,86.12,0.10471937,0,0,1776159928014,False,True
0,86.11,0.32508998,0,0,1776159938551,True,True
0,86.11,0.03467,0,0,1776159945530,True,True
0,86.11,0.01426,0,0,1776159946895,True,True
0,86.08,0.02322,0,0,1776159961177,False,True
0,86.1,0.02514,0,0,1776159962432,True,True
0,86.08,0.03141926,0,0,1776159985742,False,True
0,86.08,0.01568,0,0,1776159992203,False,True
0,86.09,0.02377,0,0,1776159993942,True,True
0,86.08,0.04787,0,0,1776160005788,False,True
0,86.08,0.05414296,0,0,1776160014529,False,True
0,86.08,0.09950704,0,0,1776160014529,False,True
0,86.06,0.02934,0,0,1776160032123,False,True
0,86.07,0.78360139,0,0,1776160044718,True,True
0,86.07,0.3253166,0,0,1776160054428,True,True
0,86.07,0.01294,0,0,1776160081327,True,True
0,86.06,0.04685,0,0,1776160094145,False,True
0,86.07,2.698,0,0,1776160098041,True,True
0,86.06,0.28687066,0,0,1776160104101,False,True
0,86.05,24.29212812,0,0,1776160104101,False,True
0,86.04,0.23245002,0,0,1776160104101,False,True
0,86.04,7.7625,0,0,1776160104101,False,True
0,86.04,1.69333783,0,0,1776160104101,False,True
0,86.04,115.73271337,0,0,1776160104101,False,True
0,86.05,0.014,0,0,1776160119851,False,True
0,86.05,0.02455,0,0,1776160120945,False,True
0,86.04,0.05808,0,0,1776160134265,False,True
0,86.03,0.0316132,0,0,1776160162408,True,True
0,86.03,0.01711,0,0,1776160171647,True,True
0,86.02,0.06261226,0,0,1776160175295,False,True
0,86.03,0.01021187,0,0,1776160178866,True,True
0,86.03,0.31525599,0,0,1776160178866,True,True
0,86.02,0.02732153,0,0,1776160189641,True,True
0,86.02,0.93001847,0,0,1776160189641,True,True
0,86.02,0.22018,0,0,1776160192107,True,True
0,86.02,7.57672634,0,0,1776160192761,True,True
0,86.02,0.15311875,0,0,1776160202768,False,True
0,86.02,0.04055,0,0,1776160203680,False,True
0,86.03,0.18364328,0,0,1776160226914,True,True
0,86.02,2.30449426,0,0,1776160227408,False,True
0,86.03,5.83281935,0,0,1776160229042,True,True
0,86.03,1.22754973,0,0,1776160229042,True,True
0,86.05,5.2,0,0,1776160244553,False,True
0,86.05,0.01216,0,0,1776160253109,False,True
0,86.05,0.03485,0,0,1776160255653,False,True
0,86.06,0.4268103,0,0,1776160257767,True,True
0,86.06,0.02746938,0,0,1776160257767,True,True
0,86.07,0.18969032,0,0,1776160257767,True,True
0,86.05,0.02323,0,0,1776160293235,False,True
0,86.06,0.02730084,0,0,1776160294448,True,True
0,86.07,0.29801576,0,0,1776160294448,True,True
0,86.06,0.02688122,0,0,1776160302093,True,True
0,86.06,0.51346878,0,0,1776160302093,True,True
0,86.06,0.05805,0,0,1776160317916,False,True
0,86.06,0.02660073,0,0,1776160340381,True,True
0,86.07,0.33027554,0,0,1776160340381,True,True
0,86.07,0.02143037,0,0,1776160340381,True,True
0,86.07,0.91304336,0,0,1776160340381,True,True
0,86.06,0.02648038,0,0,1776160359048,True,True
0,86.07,0.26956962,0,0,1776160359048,True,True
0,86.01,0.014,0,0,1776160396151,False,True
0,86.02,0.02638543,0,0,1776160404975,True,True
0,86.02,0.29912026,0,0,1776160404975,True,True
0,86.05,0.22787,0,0,1776160422033,True,True
0,86.04,0.02323,0,0,1776160425625,False,True
0,86.05,0.23124,0,0,1776160445538,True,True
0,86.05,0.03434,0,0,1776160455398,True,True
0,86.07,21.46656506,0,0,1776160486953,True,True
0,86.07,0.02626202,0,0,1776160486953,True,True
0,86.08,3.29821151,0,0,1776160486953,True,True
0,86.08,33.29696015,0,0,1776160486953,True,True
0,86.06,0.022,0,0,1776160497573,False,True
0,86.05,0.02323,0,0,1776160502427,False,True
0,86.05,0.4154,0,0,1776160503780,False,True
0,86.07,0.02611839,0,0,1776160525804,True,True
0,86.08,1.09362022,0,0,1776160525804,True,True
0,86.07,0.02606025,0,0,1776160525881,True,True
0,86.08,0.29925635,0,0,1776160525881,True,True
0,86.06,0.02597052,0,0,1776160532667,True,True
0,86.07,1.61240948,0,0,1776160532667,True,True
0,86.09,5.0,0,0,1776160534776,False,True
0,86.14,5.00731,0,0,1776160554796,False,True
0,86.16,0.02087,0,0,1776160567296,False,True
0,86.16,0.0258384,0,0,1776160577857,True,True
0,86.17,3.4890252,0,0,1776160577857,True,True
0,86.17,2.48054659,0,0,1776160577857,True,True
0,86.15,0.02579147,0,0,1776160582998,True,True
0,86.16,23.18683914,0,0,1776160582998,True,True
0,86.16,0.02777,0,0,1776160598634,True,True
0,86.14,0.02368,0,0,1776160623191,True,True
0,86.15,0.01293,0,0,1776160625570,True,True
0,86.13,0.19611759,0,0,1776160628687,False,True
0,86.15,0.03067,0,0,1776160633987,False,True
0,86.16,0.02556815,0,0,1776160640481,True,True
0,86.17,0.00343185,0,0,1776160640481,True,True
0,86.16,0.02547471,0,0,1776160645551,True,True
0,86.17,0.29950207,0,0,1776160645551,True,True
0,86.18,0.02598783,0,0,1776160659585,True,True
0,86.18,0.26413635,0,0,1776160659585,True,True
0,86.16,0.0319,0,0,1776160659660,False,True
0,86.17,0.02584437,0,0,1776160670872,True,True
0,86.18,0.00438563,0,0,1776160670872,True,True
0,86.17,0.53798,0,0,1776160675533,True,True
0,86.17,0.04776638,0,0,1776160675863,True,True
0,86.16,1.16063138,0,0,1776160696176,False,True
0,86.13,0.02570025,0,0,1776160696378,True,True
0,86.14,0.00586892,0,0,1776160696378,True,True
0,86.11,0.04776638,0,0,1776160704861,False,True
0,86.13,0.02542644,0,0,1776160705034,True,True
0,86.13,0.20222356,0,0,1776160705034,True,True
0,86.12,0.03313,0,0,1776160724950,False,True
0,86.13,0.02533389,0,0,1776160744811,True,True
0,86.13,0.18148346,0,0,1776160744811,True,True
0,86.13,0.4116,0,0,1776160750412,True,True
0,86.13,0.32508998,0,0,1776160760975,True,True
0,86.11,0.03204,0,0,1776160782785,False,True
0,86.12,0.02514812,0,0,1776160800164,True,True
0,86.12,0.26935188,0,0,1776160800164,True,True
0,86.12,0.43758,0,0,1776160802085,True,True
0,86.12,0.54764,0,0,1776160810075,True,True
0,86.12,0.21758781,0,0,1776160811798,True,True
0,86.12,0.89998725,0,0,1776160811798,True,True
0,86.12,0.41267313,0,0,1776160814919,True,True
0,86.13,0.21103823,0,0,1776160814919,True,True
0,86.13,0.11494,0,0,1776160817041,True,True
0,86.13,0.11497,0,0,1776160818521,True,True
0,86.08,0.09502,0,0,1776160846426,False,True
0,86.09,0.02511526,0,0,1776160854671,True,True
0,86.09,0.89494474,0,0,1776160854671,True,True
0,86.09,0.51303316,0,0,1776160865365,True,True
0,86.09,0.02502256,0,0,1776160865365,True,True
0,86.1,2.53155289,0,0,1776160865365,True,True
0,86.07,0.02490028,0,0,1776160876507,True,True
0,86.08,1.9984501,0,0,1776160876507,True,True
0,86.05,0.02480939,0,0,1776160878401,True,True
0,86.05,0.30039386,0,0,1776160878401,True,True
0,86.03,0.0245809,0,0,1776160884575,True,True
0,86.04,1.2740791,0,0,1776160884575,True,True
0,86.03,0.02449544,0,0,1776160885350,True,True
0,86.04,0.95327959,0,0,1776160885350,True,True
0,86.07,0.04643,0,0,1776160911427,False,True
0,86.11,0.022,0,0,1776160917258,False,True
0,86.11,0.022,0,0,1776160919027,False,True
0,86.13,0.11303802,0,0,1776160930641,True,True
0,86.13,0.48030187,0,0,1776160930641,True,True
0,86.1,0.30774881,0,0,1776160959114,True,True
0,86.13,0.27166,0,0,1776160963963,True,True
0,86.13,0.04667,0,0,1776160977251,False,True
0,86.13,5.00096851,0,0,1776160979246,False,True
0,86.15,0.02244,0,0,1776160983965,True,True
0,86.14,0.32505224,0,0,1776160990281,True,True
0,86.15,1.1383261,0,0,1776161017660,True,True
0,86.17,42.8616739,0,0,1776161017660,True,True
0,86.17,0.53817,0,0,1776161021509,True,True
0,86.16,0.06085,0,0,1776161026449,False,True
0,86.17,0.02321567,0,0,1776161027103,True,True
0,86.17,0.53804,0,0,1776161044494,True,True
0,86.16,1.23273,0,0,1776161044894,False,True
0,86.16,0.02392118,0,0,1776161054283,False,True
0,86.16,0.89163,0,0,1776161071935,True,True
0,86.16,0.11160051,0,0,1776161100710,True,True
0,86.15,0.01806,0,0,1776161100946,False,True
0,86.14,1.3352681,0,0,1776161102056,False,True
0,86.15,0.32497678,0,0,1776161102904,True,True
0,86.15,0.8482,0,0,1776161104877,True,True
0,86.15,0.022,0,0,1776161109042,False,True
0,86.16,1.11401371,0,0,1776161109680,True,True
0,86.17,0.15315405,0,0,1776161112239,True,True
0,86.2,0.31976526,0,0,1776161113876,False,True
0,86.21,0.02423668,0,0,1776161119269,True,True
0,86.22,0.02918,0,0,1776161121386,True,True
0,86.22,1.55729224,0,0,1776161122694,True,True
0,86.25,0.4116,0,0,1776161130311,False,True
0,86.27,0.02413938,0,0,1776161132521,True,True
0,86.27,0.00121062,0,0,1776161132521,True,True
0,86.26,0.01177,0,0,1776161148874,True,True
0,86.25,0.3779712,0,0,1776161157384,False,True
0,86.26,0.46181,0,0,1776161166461,True,True
0,86.25,0.04696,0,0,1776161167600,False,True
0,86.25,0.02323,0,0,1776161173701,False,True
0,86.25,0.48286,0,0,1776161187839,True,True
0,86.23,3.28780766,0,0,1776161203281,False,True
0,86.21,7.7625,0,0,1776161203281,False,True
0,86.21,12.0,0,0,1776161203281,False,True
0,86.21,8.32300234,0,0,1776161203281,False,True
0,86.23,0.02833,0,0,1776161206826,True,True
0,86.23,0.70068422,0,0,1776161207479,True,True
0,86.22,3.28780766,0,0,1776161211117,False,True
0,86.22,12.39924234,0,0,1776161211117,False,True
0,86.23,0.05741,0,0,1776161214034,True,True
0,86.23,1.11285861,0,0,1776161223853,True,True
0,86.25,0.02367695,0,0,1776161225164,True,True
0,86.26,0.30103602,0,0,1776161225164,True,True
0,86.25,0.03965,0,0,1776161233012,False,True
0,86.27,0.08880279,0,0,1776161236586,False,True
0,86.27,3.17364896,0,0,1776161253401,False,True
0,86.27,19.75377,0,0,1776161253401,False,True
0,86.26,0.2529241,0,0,1776161253401,False,True
0,86.27,0.05,0,0,1776161254573,False,True
0,86.26,1.0,0,0,1776161280209,False,True
0,86.26,0.48449406,0,0,1776161280209,False,True
0,86.26,0.02328,0,0,1776161280209,False,True
0,86.26,0.49222594,0,0,1776161280209,False,True
0,86.27,0.02284,0,0,1776161287154,True,True
0,86.27,0.26143252,0,0,1776161297690,True,True
0,86.27,3.10202595,0,0,1776161297690,True,True
0,86.27,4.65719764,0,0,1776161297690,True,True
0,86.23,0.02898,0,0,1776161335021,True,True
0,86.23,0.32456242,0,0,1776161336552,True,True
0,86.23,0.75879239,0,0,1776161342411,True,True
0,86.27,0.24,0,0,1776161345911,True,True
0,86.27,3.13985247,0,0,1776161350363,True,True
0,86.27,0.55084664,0,0,1776161350363,True,True
0,86.27,0.57161,0,0,1776161351209,True,True
0,86.26,0.05192,0,0,1776161356633,False,True
0,86.27,0.00503471,0,0,1776161360033,True,True
0,86.28,0.22222529,0,0,1776161360033,True,True
0,86.24,0.01179,0,0,1776161393514,True,True
0,86.23,0.03649,0,0,1776161393739,True,True
0,86.24,1.25266612,0,0,1776161403033,True,True
0,86.26,0.75675311,0,0,1776161403033,True,True
0,86.27,0.26395077,0,0,1776161403033,True,True
0,86.26,0.15,0,0,1776161405543,True,True
0,86.28,0.17389489,0,0,1776161427296,True,True
0,86.26,1.2,0,0,1776161446634,False,True
0,86.28,0.32456242,0,0,1776161455282,True,True
0,86.27,0.14180368,0,0,1776161467554,False,True
0,86.27,0.29012418,0,0,1776161468308,False,True
0,86.28,1.11208242,0,0,1776161470896,True,True
0,86.29,0.76685437,0,0,1776161471032,False,True
0,86.3,0.08821,0,0,1776161471047,True,True
0,86.3,0.27437,0,0,1776161480325,True,True
0,86.29,0.07846,0,0,1776161491237,False,True
0,86.3,6.7363847,0,0,1776161493301,True,True
0,86.3,0.04233835,0,0,1776161512262,True,True
0,86.29,0.02439,0,0,1776161512621,False,True
0,86.29,0.01777,0,0,1776161530235,False,True
0,86.3,1.42217,0,0,1776161546627,True,True
0,86.29,5.32062131,0,0,1776161549046,False,True
0,86.28,0.29614047,0,0,1776161549117,False,True
0,86.24,3.12135,0,0,1776161556732,False,True
0,86.25,0.02323,0,0,1776161557380,True,True
0,86.25,0.32463768,0,0,1776161571365,True,True
0,86.25,0.78730132,0,0,1776161576652,True,True
0,86.3,1.94289,0,0,1776161590704,True,True
0,86.29,0.26409951,0,0,1776161596960,False,True
0,86.3,0.05852,0,0,1776161610036,True,True
0,86.3,0.03727,0,0,1776161628522,True,True
0,86.3,217.54614985,0,0,1776161650625,True,True
0,86.3,161.39124784,0,0,1776161650630,True,True
0,86.3,610.46044926,0,0,1776161650637,True,True
0,86.34,0.04456778,0,0,1776161653657,True,True
0,86.32,0.43748,0,0,1776161655858,False,True
0,86.35,4.74038124,0,0,1776161669456,True,True
0,86.35,0.25961876,0,0,1776161669456,True,True
0,86.35,14.74038124,0,0,1776161674742,True,True
0,86.35,11.25961876,0,0,1776161674742,True,True
0,86.33,0.02317,0,0,1776161677924,False,True
0,86.36,0.32429928,0,0,1776161693923,True,True
0,86.35,0.04619,0,0,1776161700221,False,True
0,86.35,0.03981,0,0,1776161711772,False,True
0,86.35,0.06146767,0,0,1776161729583,True,True
0,86.35,1.14661,0,0,1776161731292,True,True
0,86.35,0.81065,0,0,1776161734036,True,True
0,86.34,0.04164,0,0,1776161747027,False,True
0,86.35,0.85488,0,0,1776161747641,True,True
0,86.35,0.0968439,0,0,1776161759842,False,True
0,86.34,0.18395205,0,0,1776161761145,False,True
0,86.34,12.8052957,0,0,1776161764413,False,True
0,86.34,28.3125619,0,0,1776161764413,False,True
0,86.32,1.40809,0,0,1776161767046,False,True
0,86.32,1.53205,0,0,1776161791018,True,True
0,86.32,2.28817806,0,0,1776161793257,True,True
0,86.33,1.37041786,0,0,1776161793257,True,True
0,86.32,0.32433684,0,0,1776161806686,True,True
0,86.35,0.02037,0,0,1776161817033,True,True
0,86.33,0.11466,0,0,1776161819071,True,True
0,86.3,0.02316,0,0,1776161827885,False,True
0,86.3,0.14335924,0,0,1776161828734,False,True
0,86.33,0.06711,0,0,1776161855922,True,True
0,86.3,0.02318,0,0,1776161877148,False,True
0,86.31,0.0144,0,0,1776161895419,True,True
0,86.31,0.1287944,0,0,1776161902149,True,True
0,86.3,0.02323,0,0,1776161902587,False,True
0,86.3,0.4826222,0,0,1776161905466,False,True
0,86.3,1.15874855,0,0,1776161905466,False,True
0,86.29,0.70395,0,0,1776161923443,True,True
0,86.28,0.324412,0,0,1776161923724,True,True
0,86.29,0.02245,0,0,1776161930695,True,True
0,86.28,0.01451,0,0,1776161936133,True,True
0,86.27,0.02029,0,0,1776161946715,False,True
0,86.28,0.04902468,0,0,1776161958088,True,True
0,86.28,0.5140037,0,0,1776161984937,False,True
0,86.31,0.01964,0,0,1776161993253,True,True
0,86.29,0.53761,0,0,1776162012767,True,True
0,86.28,1.1285408,0,0,1776162016708,False,True
0,86.29,1.7151,0,0,1776162029997,True,True
0,86.27,0.03479,0,0,1776162030644,False,True
0,86.29,0.22448,0,0,1776162033829,True,True
0,86.29,0.32448719,0,0,1776162037161,True,True
0,86.28,0.28536,0,0,1776162041475,False,True
0,86.28,0.02852,0,0,1776162048003,False,True
0,86.29,0.02318,0,0,1776162078891,False,True
0,86.3,0.15689455,0,0,1776162079649,True,True
0,86.29,0.037146,0,0,1776162083371,True,True
0,86.31,0.20373237,0,0,1776162121863,True,True
0,86.3,0.80212,0,0,1776162136450,True,True
0,86.31,0.32444959,0,0,1776162154723,True,True
0,86.3,0.17197,0,0,1776162173750,False,True
0,86.31,0.01740122,0,0,1776162187156,True,True
0,86.3,0.84642,0,0,1776162190889,False,True
0,86.3,2.19307,0,0,1776162191153,False,True
0,86.26,1.15901715,0,0,1776162194840,False,True
0,86.28,0.9538,0,0,1776162196027,True,True
0,86.26,0.04902468,0,0,1776162232726,False,True
0,86.26,0.01467,0,0,1776162248612,True,True
0,86.26,0.31913,0,0,1776162253108,True,True
0,86.25,0.32460004,0,0,1776162264012,True,True
0,86.26,0.56146,0,0,1776162268209,True,True
0,86.26,0.18195267,0,0,1776162272539,True,True
0,86.28,1.15296733,0,0,1776162272539,True,True
0,86.26,0.01733,0,0,1776162280172,False,True
0,86.28,1.38007,0,0,1776162283132,True,True
0,86.28,0.07291834,0,0,1776162306191,True,True
0,86.28,0.11363,0,0,1776162306624,True,True
0,86.23,0.27547,0,0,1776162353749,False,True
0,86.27,0.02986,0,0,1776162373018,False,True
0,86.3,0.32448719,0,0,1776162387364,True,True
0,86.27,6.7207416,0,0,1776162390461,False,True
0,86.31,0.02525,0,0,1776162428957,True,True
0,86.3,0.06837,0,0,1776162445469,True,True
0,86.3,0.3052635,0,0,1776162469205,True,True
0,86.31,0.12682,0,0,1776162479551,True,True
0,86.29,1.25,0,0,1776162483305,False,True
0,86.28,0.2697621,0,0,1776162502853,False,True
0,86.3,0.324412,0,0,1776162505372,True,True
0,86.3,0.29965,0,0,1776162522062,True,True
0,86.31,0.02673,0,0,1776162531709,True,True
0,86.3,0.84434,0,0,1776162539996,True,True
0,86.26,0.02317,0,0,1776162564411,False,True
0,86.26,0.20873,0,0,1776162581768,False,True
0,86.26,0.05882,0,0,1776162587838,False,True
0,86.26,0.50899587,0,0,1776162587953,False,True
0,86.28,0.26718,0,0,1776162616040,True,True
0,86.27,0.30414,0,0,1776162624979,False,True
0,86.27,0.01789,0,0,1776162625448,False,True
0,86.28,0.3245248,0,0,1776162627202,True,True
0,86.28,0.11475,0,0,1776162634200,True,True
0,86.28,0.01462,0,0,1776162636040,True,True
0,86.28,0.62751412,0,0,1776162651742,True,True
0,86.28,4.72822681,0,0,1776162651742,True,True
0,86.3,39.0,0,0,1776162652036,True,True
0,86.3,149.40761925,0,0,1776162660942,True,True
0,86.32,0.01579721,0,0,1776162674165,True,True
0,86.31,7.7625,0,0,1776162696584,False,True
0,86.31,3.21864613,0,0,1776162696584,False,True
0,86.31,18.92135425,0,0,1776162696584,False,True
0,86.32,0.05509,0,0,1776162699043,True,True
0,86.32,0.02246,0,0,1776162702197,True,True
0,86.31,1.63319006,0,0,1776162725377,False,True
0,86.31,0.0561,0,0,1776162728274,False,True
0,86.32,0.33208,0,0,1776162728752,True,True
0,86.32,0.03029,0,0,1776162728991,True,True
0,86.32,0.32437442,0,0,1776162739590,True,True
0,86.31,0.02498,0,0,1776162739982,False,True
0,86.31,0.83635745,0,0,1776162746080,False,True
0,86.31,0.03318,0,0,1776162754232,False,True
0,86.32,0.0561,0,0,1776162766042,True,True
0,86.32,0.10747,0,0,1776162768748,True,True
0,86.32,0.05759,0,0,1776162771318,True,True
0,86.32,0.01658,0,0,1776162776399,True,True
0,86.24,0.71783,0,0,1776162793552,True,True
0,86.25,0.32879,0,0,1776162804446,False,True
0,86.27,0.06098,0,0,1776162809757,True,True
0,86.26,0.06335,0,0,1776162814953,False,True
0,86.26,78.04738,0,0,1776162818191,False,True
0,86.27,1.9498978,0,0,1776162827484,True,True
0,86.28,3.04680218,0,0,1776162827484,True,True
0,86.28,3.00330002,0,0,1776162827484,True,True
0,86.29,0.31689,0,0,1776162838419,False,True
0,86.32,0.32444959,0,0,1776162851710,True,True
0,86.31,0.25384185,0,0,1776162862235,False,True
0,86.32,43.35771878,0,0,1776162873740,True,True
0,86.38,0.0587793,0,0,1776162887065,False,True
0,86.39,0.02046,0,0,1776162893222,True,True
0,86.4,0.48989,0,0,1776162901885,False,True
0,86.41,0.29958,0,0,1776162911754,True,True
0,86.41,0.50492,0,0,1776162914825,True,True
0,86.41,0.03396973,0,0,1776162914825,True,True
0,86.42,0.02044,0,0,1776162926084,True,True
0,86.42,0.0135281,0,0,1776162928816,True,True
0,86.43,0.03396649,0,0,1776162928816,True,True
0,86.44,0.00506541,0,0,1776162928816,True,True
0,86.44,0.02889945,0,0,1776162940767,True,True
0,86.45,0.2,0,0,1776162940767,True,True
0,86.45,0.2475,0,0,1776162940767,True,True
0,86.45,0.03396323,0,0,1776162940767,True,True
0,86.45,0.03396161,0,0,1776162940767,True,True
0,86.46,0.2474,0,0,1776162941335,True,True
0,86.46,2.16244241,0,0,1776162941335,True,True
0,86.46,2.92039016,0,0,1776162941335,True,True
0,86.46,0.05783022,0,0,1776162941335,True,True
0,86.47,0.0112,0,0,1776162954259,True,True
0,86.46,1.7151,0,0,1776162954504,False,True
0,86.47,0.02275998,0,0,1776162959500,True,True
0,86.48,0.3142,0,0,1776162959500,True,True
0,86.48,0.03395835,0,0,1776162959500,True,True
0,86.49,0.3142,0,0,1776162959500,True,True
0,86.49,0.55654642,0,0,1776162959500,True,True
0,86.49,2.87671889,0,0,1776162959928,True,True
0,86.49,0.03395674,0,0,1776162959928,True,True
0,86.5,0.03395511,0,0,1776162959928,True,True
0,86.5,0.99795466,0,0,1776162959928,True,True
0,86.5,3.15051047,0,0,1776162959928,True,True
0,86.49,0.03543,0,0,1776162960199,False,True
0,86.5,0.32369942,0,0,1776162967946,True,True
0,86.49,0.02315,0,0,1776162968708,False,True
0,86.5,96.52579011,0,0,1776162969632,True,True
0,86.5,13.9695842,0,0,1776162969632,True,True
0,86.5,0.08417975,0,0,1776162969632,True,True
0,86.5,494.26744675,0,0,1776162969632,True,True
0,86.5,2.00763984,0,0,1776162969642,True,True
0,86.5,10.24815908,0,0,1776162969642,True,True
0,86.5,155.39010703,0,0,1776162969645,True,True
0,86.5,7.30317632,0,0,1776162969645,True,True
0,86.5,109.42078768,0,0,1776162969652,True,True
0,86.5,170.18386308,0,0,1776162969653,True,True
0,86.5,51.17882022,0,0,1776162969653,True,True
0,86.51,0.03395348,0,0,1776162969672,True,True
0,86.51,0.31435,0,0,1776162970270,False,True
0,86.52,0.03395187,0,0,1776162989272,True,True
0,86.52,0.2393,0,0,1776162989272,True,True
0,86.52,0.02,0,0,1776162989272,True,True
0,86.53,0.00316813,0,0,1776162989272,True,True
0,86.53,0.03078211,0,0,1776162989272,True,True
0,86.53,0.2223,0,0,1776162989272,True,True
0,86.54,0.03394863,0,0,1776162989272,True,True
0,86.55,0.033947,0,0,1776162989272,True,True
0,86.55,0.1876,0,0,1776162989272,True,True
0,86.56,0.03394539,0,0,1776162989272,True,True
0,86.56,0.05776341,0,0,1776162989272,True,True
0,86.56,0.73758246,0,0,1776162989272,True,True
0,86.56,0.02907409,0,0,1776162991076,True,True
0,86.56,0.89482012,0,0,1776162991076,True,True
0,86.55,0.02495,0,0,1776162996513,True,True
0,86.56,19.96472,0,0,1776163025428,False,True
0,86.56,0.53528,0,0,1776163025428,False,True
0,86.57,0.03394376,0,0,1776163025645,True,True
0,86.58,0.03394215,0,0,1776163025645,True,True
0,86.59,0.03394052,0,0,1776163025645,True,True
0,86.59,0.2769,0,0,1776163025645,True,True
0,86.59,0.87282357,0,0,1776163025645,True,True
0,86.57,0.0231,0,0,1776163027565,False,True
0,86.57,0.116686,0,0,1776163029321,False,True
0,86.57,2.51585586,0,0,1776163031267,False,True
0,86.57,69.89905949,0,0,1776163031267,False,True
0,86.57,45.61439782,0,0,1776163031268,False,True
0,86.56,6.41957445,0,0,1776163031268,False,True
0,86.56,7.7625,0,0,1776163031268,False,True
0,86.55,8.46504165,0,0,1776163031269,False,True
0,86.55,3.53495835,0,0,1776163031269,False,True
0,86.55,5.92816071,0,0,1776163031269,False,True
0,86.54,0.25,0,0,1776163031271,False,True
0,86.54,5.23372484,0,0,1776163031271,False,True
0,86.54,49.98828546,0,0,1776163031272,False,True
0,86.54,64.471959,0,0,1776163031272,False,True
0,86.52,84.11418,0,0,1776163031277,False,True
0,86.53,31.86867935,0,0,1776163031280,False,True
0,86.51,8.2,0,0,1776163031280,False,True
0,86.53,0.25,0,0,1776163031287,False,True
0,86.5,12.0394112,0,0,1776163031296,False,True
0,86.5,0.11560693,0,0,1776163031296,False,True
0,86.5,183.07107187,0,0,1776163031296,False,True
0,86.5,5.23e-06,0,0,1776163031300,False,True
0,86.49,45.99999477,0,0,1776163031300,False,True
0,86.49,12.1923,0,0,1776163031305,False,True
0,86.49,33.4666,0,0,1776163031305,False,True
0,86.51,1.15593572,0,0,1776163031309,False,True
0,86.49,2.723e-05,0,0,1776163031309,False,True
0,86.48,1.9391,0,0,1776163031323,False,True
0,86.48,31.88718399,0,0,1776163031324,False,True
0,86.47,0.61111901,0,0,1776163031335,False,True
0,86.47,1.48888099,0,0,1776163031335,False,True
0,86.47,0.21,0,0,1776163031337,False,True
0,86.47,0.87873165,0,0,1776163031340,False,True
0,86.47,0.07707797,0,0,1776163031340,False,True
0,86.47,48.88095082,0,0,1776163031340,False,True
0,86.46,2.89151053,0,0,1776163031340,False,True
0,86.46,91.625198,0,0,1776163031340,False,True
0,86.45,48.79973103,0,0,1776163031340,False,True
0,86.45,0.25,0,0,1776163031344,False,True
0,86.43,1.4,0,0,1776163031345,False,True
0,86.43,6.0,0,0,1776163031353,False,True
0,86.49,0.25,0,0,1776163031363,False,True
0,86.43,9.75,0,0,1776163031363,False,True
0,86.43,2.1,0,0,1776163031365,False,True
0,86.43,1.3,0,0,1776163031366,False,True
0,86.43,1.4,0,0,1776163031367,False,True
0,86.43,1.5,0,0,1776163031367,False,True
0,86.43,23.0,0,0,1776163031396,False,True
0,86.43,10.3165,0,0,1776163031424,False,True
0,86.43,5.0,0,0,1776163031499,False,True
0,86.43,6.0279681,0,0,1776163031502,False,True
0,86.4,1.1574074,0,0,1776163031514,False,True
0,86.39,69.26396,0,0,1776163031550,False,True
0,86.37,0.25841654,0,0,1776163031601,False,True
0,86.37,3.447,0,0,1776163031632,False,True
0,86.38,23.10851063,0,0,1776163031673,True,True
0,86.38,2.58029828,0,0,1776163031966,False,True
0,86.38,0.54544314,0,0,1776163031966,False,True
0,86.38,0.02042,0,0,1776163042127,True,True
0,86.31,0.1518449,0,0,1776163052756,True,True
0,86.31,0.07338063,0,0,1776163052756,True,True
0,86.34,15.0,0,0,1776163052758,True,True
0,86.36,0.02042,0,0,1776163067175,True,True
0,86.38,0.20381,0,0,1776163067175,True,True
0,86.4,0.20433,0,0,1776163073338,False,True
0,86.42,0.3241491,0,0,1776163075737,True,True
0,86.4,2.12235,0,0,1776163085142,True,True
0,86.41,0.41384099,0,0,1776163090248,True,True
0,86.4,0.115741,0,0,1776163092569,True,True
0,86.36,3.43706694,0,0,1776163098615,True,True
0,86.36,0.07243708,0,0,1776163098615,True,True
0,86.36,80.89876862,0,0,1776163098615,True,True
0,86.37,2.97321986,0,0,1776163098615,True,True
0,86.37,24.7740375,0,0,1776163098615,True,True
0,86.33,0.07217443,0,0,1776163107869,True,True
0,86.33,0.02889116,0,0,1776163107869,True,True
0,86.32,0.13063962,0,0,1776163111431,False,True
0,86.3,0.07192022,0,0,1776163114916,True,True
0,86.31,0.03890149,0,0,1776163114916,True,True
0,86.28,0.07213202,0,0,1776163136013,True,True
0,86.29,1.92786798,0,0,1776163136013,True,True
0,86.24,0.27692,0,0,1776163145132,True,True
0,86.23,0.18327938,0,0,1776163145132,False,True
0,86.22,0.02387,0,0,1776163157754,True,True
0,86.22,0.02325,0,0,1776163158103,True,True
0,86.22,7.71538,0,0,1776163160784,True,True
0,86.22,0.07057526,0,0,1776163160784,True,True
0,86.22,81.08635982,0,0,1776163160784,True,True
0,86.22,15.09428207,0,0,1776163160784,True,True
0,86.21,0.29537176,0,0,1776163162163,False,True
0,86.19,0.07032037,0,0,1776163185540,True,True
0,86.2,0.61874963,0,0,1776163185540,True,True
0,86.17,0.02093852,0,0,1776163186028,False,True
0,86.19,0.07003258,0,0,1776163194056,True,True
0,86.19,0.25483109,0,0,1776163194056,True,True
0,86.17,0.07291834,0,0,1776163200106,False,True
0,86.18,3.15502062,0,0,1776163205812,False,True
0,86.18,7.40611804,0,0,1776163205812,False,True
0,86.18,0.0579,0,0,1776163217268,False,True
0,86.18,10.12228018,0,0,1776163227209,False,True
0,86.19,0.03136,0,0,1776163229765,True,True
0,86.18,2.586985,0,0,1776163233321,False,True
0,86.18,0.02652261,0,0,1776163233959,False,True
0,86.18,0.04678,0,0,1776163237621,False,True
0,86.18,0.04617,0,0,1776163237952,False,True
0,86.19,0.02989,0,0,1776163239319,True,True
0,86.19,1.37362815,0,0,1776163244629,True,True
0,86.19,1.31742,0,0,1776163255314,False,True
0,86.19,0.05578,0,0,1776163258006,False,True
0,86.18,12.0,0,0,1776163259535,False,True
0,86.17,7.7625,0,0,1776163259535,False,True
0,86.17,4.51584133,0,0,1776163259535,False,True
0,86.17,1.72165867,0,0,1776163259535,False,True
0,86.15,0.04264,0,0,1776163272627,False,True
0,86.15,0.07170166,0,0,1776163310228,True,True
0,86.16,0.93762834,0,0,1776163310228,True,True
0,86.16,0.32497678,0,0,1776163316743,True,True
0,86.16,0.20906104,0,0,1776163318064,True,True
0,86.17,0.04947896,0,0,1776163318064,True,True
0,86.17,5.0,0,0,1776163326881,True,True
0,86.16,100.0,0,0,1776163347143,False,True
0,86.17,0.1135,0,0,1776163351772,True,True
0,86.2,0.68937,0,0,1776163386635,True,True
0,86.16,116.05733498,0,0,1776163399911,False,True
0,86.16,3.01821124,0,0,1776163399911,False,True
0,86.16,6.0,0,0,1776163399911,False,True
0,86.16,7.7625,0,0,1776163399911,False,True
0,86.15,7.7625,0,0,1776163399911,False,True
0,86.15,33.43356446,0,0,1776163399911,False,True
0,86.19,0.12073067,0,0,1776163412390,False,True
0,86.2,0.01719,0,0,1776163415287,True,True
0,86.18,0.73025633,0,0,1776163425075,False,True
0,86.19,0.06878867,0,0,1776163431869,True,True
0,86.19,0.25603731,0,0,1776163431869,True,True
0,86.19,0.08173,0,0,1776163436108,True,True
0,86.18,0.01464,0,0,1776163440912,True,True
0,86.13,6.26,0,0,1776163459917,False,True
0,86.13,6.26,0,0,1776163459917,False,True
0,86.15,0.4092,0,0,1776163492290,True,True
0,86.14,0.01512,0,0,1776163502771,True,True
0,86.11,0.01464,0,0,1776163518528,False,True
0,86.11,0.69252326,0,0,1776163521195,False,True
0,86.12,1.18127,0,0,1776163528705,True,True
0,86.12,0.04999386,0,0,1776163530515,True,True
0,86.13,0.98714856,0,0,1776163530515,True,True
0,86.13,2.02335038,0,0,1776163533713,False,True
0,86.11,2.58831124,0,0,1776163540410,False,True
0,86.11,3.08373747,0,0,1776163540410,False,True
0,86.11,64.42796129,0,0,1776163540410,False,True
0,86.1,0.019,0,0,1776163544635,False,True
0,86.11,0.32512772,0,0,1776163553055,True,True
0,86.13,0.01553,0,0,1776163574561,False,True
0,86.12,0.0471,0,0,1776163612546,False,True
0,86.12,3.0,0,0,1776163615431,False,True
0,86.13,0.55106,0,0,1776163618006,True,True
0,86.12,1.0,0,0,1776163621976,True,True
0,86.11,20.16359,0,0,1776163625463,False,True
0,86.11,3.35634642,0,0,1776163625463,False,True
0,86.11,4.7657759,0,0,1776163625463,False,True
0,86.13,0.46309151,0,0,1776163639139,True,True
0,86.12,0.05065,0,0,1776163650581,False,True
0,86.13,0.05862,0,0,1776163652255,False,True
0,86.13,0.29516642,0,0,1776163657595,False,True
0,86.14,1.13549,0,0,1776163657811,True,True
0,86.13,0.02053,0,0,1776163663194,True,True
0,86.13,0.02053,0,0,1776163663674,True,True
0,86.11,0.019,0,0,1776163663889,False,True
0,86.11,0.30410882,0,0,1776163673809,True,True
0,86.1,0.02322,0,0,1776163673923,False,True
0,86.12,0.32505224,0,0,1776163677371,True,True
0,86.11,0.48736,0,0,1776163682193,True,True
0,86.11,0.02054,0,0,1776163682751,True,True
0,86.11,0.05316404,0,0,1776163690921,True,True
0,86.11,0.03952,0,0,1776163694335,True,True
0,86.1,0.02719,0,0,1776163694680,False,True
0,86.12,0.58953428,0,0,1776163741663,True,True
0,86.12,0.49836572,0,0,1776163756897,True,True
0,86.13,81.30343684,0,0,1776163756897,True,True
0,86.13,7.7625,0,0,1776163756897,True,True
0,86.14,3.20678966,0,0,1776163756897,True,True
0,86.14,6.16461353,0,0,1776163756897,True,True
0,86.14,14.44189604,0,0,1776163756897,True,True
0,86.14,7.7625,0,0,1776163756897,True,True
0,86.14,116.09820908,0,0,1776163756897,True,True
0,86.14,107.43236034,0,0,1776163756897,True,True
0,86.15,7.7625,0,0,1776163756897,True,True
0,86.15,10.63206112,0,0,1776163756897,True,True
0,86.15,7.28644613,0,0,1776163756897,True,True
0,86.15,63.436,0,0,1776163756897,True,True
0,86.15,0.04014,0,0,1776163774146,False,True
0,86.15,23.2153221,0,0,1776163780087,False,True
0,86.15,184.01453607,0,0,1776163780088,False,True
0,86.15,358.94232337,0,0,1776163780089,False,True
0,86.12,0.043167,0,0,1776163781267,True,True
0,86.15,0.05100949,0,0,1776163784101,True,True
0,86.14,0.1018128,0,0,1776163789052,False,True
0,86.15,0.3250145,0,0,1776163796222,True,True
0,86.14,0.07483565,0,0,1776163808103,True,True
0,86.15,0.53849435,0,0,1776163808103,True,True
0,86.12,0.02007,0,0,1776163814895,False,True
0,86.11,0.05100949,0,0,1776163818588,False,True
0,86.12,0.07458771,0,0,1776163818856,True,True
0,86.11,0.42206419,0,0,1776163830527,True,True
0,86.11,0.04059581,0,0,1776163830527,True,True
0,86.11,0.03364155,0,0,1776163838831,True,True
0,86.11,0.28713752,0,0,1776163839134,False,True
0,86.15,0.02264886,0,0,1776163885094,True,True
0,86.15,0.15569,0,0,1776163889837,True,True
0,86.14,0.02319,0,0,1776163891213,False,True
0,86.15,0.02867,0,0,1776163907761,True,True
0,86.15,1.28978263,0,0,1776163910610,True,True
0,86.16,0.20071371,0,0,1776163910610,True,True
0,86.2,0.3250145,0,0,1776163911770,True,True
0,86.18,0.07187857,0,0,1776163919697,True,True
0,86.18,0.10566143,0,0,1776163919697,True,True
0,86.18,0.07131791,0,0,1776163928817,True,True
0,86.21,0.06995042,0,0,1776163948807,True,True
0,86.2,0.05316404,0,0,1776163967396,False,True
0,86.21,0.06969396,0,0,1776163968804,True,True
0,86.2,0.04494,0,0,1776163982062,True,True
0,86.18,0.02361046,0,0,1776163993257,True,True
0,86.18,0.0958106,0,0,1776163993257,True,True
0,86.17,0.31244762,0,0,1776163996447,False,True
0,86.14,0.12007586,0,0,1776163996861,False,True
0,86.14,1.02579,0,0,1776164015274,True,True
0,86.13,0.06838358,0,0,1776164021152,True,True
0,86.13,0.13394301,0,0,1776164021152,True,True
0,86.15,0.03563,0,0,1776164025733,True,True
0,86.15,0.03233245,0,0,1776164028083,True,True
0,86.15,0.03563,0,0,1776164028087,True,True
0,86.15,0.06628626,0,0,1776164028128,True,True
0,86.16,32.00483367,0,0,1776164028153,True,True
0,86.16,39.27522029,0,0,1776164028153,True,True
0,86.16,15.05185278,0,0,1776164028156,True,True
0,86.16,12.58559399,0,0,1776164028157,True,True
0,86.16,44.74153127,0,0,1776164028157,True,True
0,86.16,3.94114125,0,0,1776164028157,True,True
0,86.16,0.47269255,0,0,1776164028157,True,True
0,86.17,0.25,0,0,1776164028165,True,True
0,86.18,5.64965932,0,0,1776164028180,True,True
0,86.18,4.65034068,0,0,1776164028180,True,True
0,86.18,0.99931864,0,0,1776164028180,True,True
0,86.18,5.29059997,0,0,1776164028182,True,True
0,86.18,1.45045254,0,0,1776164028182,True,True
0,86.18,0.06520494,0,0,1776164028200,True,True
0,86.19,60.373,0,0,1776164028208,True,True
0,86.21,0.06634671,0,0,1776164031301,True,True
0,86.21,0.25874327,0,0,1776164031301,True,True
0,86.16,0.69824304,0,0,1776164046603,False,True
0,86.17,0.01739,0,0,1776164048616,True,True
0,86.17,3.46062,0,0,1776164051156,True,True
0,86.14,0.01698,0,0,1776164068671,True,True
0,86.13,0.04041,0,0,1776164079070,False,True
0,86.11,0.043167,0,0,1776164100546,False,True
0,86.12,0.04270312,0,0,1776164102271,True,True
0,86.11,0.02319,0,0,1776164112519,False,True
0,86.15,0.50643541,0,0,1776164139774,False,True
0,86.16,0.00653278,0,0,1776164143663,True,True
0,86.16,0.318444,0,0,1776164143663,True,True
0,86.13,0.02012,0,0,1776164181572,False,True
0,86.12,7.0,0,0,1776164194912,False,True
0,86.13,0.06277239,0,0,1776164218224,True,True
0,86.13,0.02987821,0,0,1776164218224,True,True
0,86.12,0.02319,0,0,1776164244029,False,True
0,86.12,0.05587,0,0,1776164247412,False,True
0,86.13,0.06278148,0,0,1776164256336,True,True
0,86.13,0.2623085,0,0,1776164256336,True,True
0,86.12,0.01794,0,0,1776164275486,False,True
0,86.12,0.03119,0,0,1776164280710,False,True
0,86.12,0.00892853,0,0,1776164286602,False,True
0,86.1,0.019,0,0,1776164337545,False,True
0,86.1,0.01847373,0,0,1776164344741,False,True
0,86.1,0.09311627,0,0,1776164347485,False,True
0,86.1,0.24825426,0,0,1776164347485,False,True
0,86.1,0.3413711,0,0,1776164348478,False,True
0,86.1,0.04796,0,0,1776164356454,True,True
0,86.1,0.03935589,0,0,1776164365447,False,True
0,86.1,0.119703,0,0,1776164370650,False,True
0,86.1,0.03821,0,0,1776164370650,False,True
0,86.1,2.92638848,0,0,1776164370650,False,True
0,86.1,22.65248,0,0,1776164370650,False,True
0,86.09,7.7625,0,0,1776164370650,False,True
0,86.09,16.50071852,0,0,1776164370650,False,True
0,86.1,0.03409,0,0,1776164373437,True,True
0,86.1,0.02918772,0,0,1776164379820,True,True
0,86.11,0.29601553,0,0,1776164379820,True,True
0,86.08,0.03394052,0,0,1776164387932,False,True
0,86.07,0.02272948,0,0,1776164387932,False,True
0,86.07,0.03394215,0,0,1776164400277,False,True
0,86.06,0.58,0,0,1776164400277,False,True
0,86.06,0.03394376,0,0,1776164400277,False,True
0,86.05,0.03394539,0,0,1776164400277,False,True
0,86.04,0.033947,0,0,1776164400656,False,True
0,86.03,0.03394863,0,0,1776164401325,False,True
0,86.02,0.03395024,0,0,1776164401979,False,True
0,86.01,0.58,0,0,1776164402003,False,True
0,86.01,0.03395187,0,0,1776164402003,False,True
0,86.0,1.33113996,0,0,1776164402106,False,True
0,86.0,0.2688372,0,0,1776164402106,False,True
0,86.0,1.36658823,0,0,1776164402106,False,True
0,86.0,0.46511627,0,0,1776164402106,False,True
0,86.0,0.03395348,0,0,1776164402106,False,True
0,86.0,172.39982281,0,0,1776164402106,False,True
0,86.0,65.26478148,0,0,1776164402162,False,True
0,86.0,4.70480239,0,0,1776164402162,False,True
0,86.0,2.82288143,0,0,1776164402164,False,True
0,86.0,1.88192095,0,0,1776164402164,False,True
0,86.0,115.99102327,0,0,1776164402165,False,True
0,86.0,16.55432515,0,0,1776164402165,False,True
0,86.0,9.24273036,0,0,1776164402165,False,True
0,86.0,4.72980361,0,0,1776164402165,False,True
0,86.0,14.18941083,0,0,1776164402165,False,True
0,86.0,4.24298047,0,0,1776164402165,False,True
0,86.0,21.09135636,0,0,1776164402165,False,True
0,86.0,37.83841578,0,0,1776164402165,False,True
0,86.0,11.82449734,0,0,1776164402165,False,True
0,86.0,57.28631085,0,0,1776164402165,False,True
0,86.0,186.92318797,0,0,1776164402167,False,True
0,86.0,2.36492659,0,0,1776164402167,False,True
0,86.0,167.92474155,0,0,1776164402167,False,True
0,86.0,101.64725171,0,0,1776164402170,False,True
0,86.0,1.07482829,0,0,1776164402170,False,True
0,86.0,8.1e-07,0,0,1776164402205,False,True
0,85.99,5.81462961,0,0,1776164402259,False,True
0,85.99,0.03395511,0,0,1776164402259,False,True
0,85.98,0.03395674,0,0,1776164402438,False,True
0,85.97,0.03395835,0,0,1776164409929,False,True
0,85.97,0.09304165,0,0,1776164409929,False,True
0,85.98,0.03028,0,0,1776164412399,True,True
0,85.98,8.39313854,0,0,1776164415823,True,True
0,85.96,0.02322,0,0,1776164419000,False,True
0,85.96,0.01073998,0,0,1776164419001,False,True
0,85.95,0.01248002,0,0,1776164419001,False,True
0,85.96,1.12645,0,0,1776164421789,True,True
0,85.96,0.86266,0,0,1776164422844,True,True
0,85.95,0.56751998,0,0,1776164434859,False,True
0,85.95,0.03396002,0,0,1776164434859,False,True
0,85.96,0.1117,0,0,1776164439830,True,True
0,85.95,1.59e-06,0,0,1776164442696,False,True
0,85.95,5.13484841,0,0,1776164442696,False,True
0,85.96,1.62341403,0,0,1776164445002,True,True
0,85.96,3.25639954,0,0,1776164445002,True,True
0,85.96,21.12018643,0,0,1776164445002,True,True
0,85.96,23.54331019,0,0,1776164447562,True,True
0,85.95,0.02326,0,0,1776164480360,False,True
0,85.96,0.05361834,0,0,1776164482099,True,True
0,85.97,0.06013166,0,0,1776164482099,True,True
0,85.94,0.02,0,0,1776164484814,False,True
0,85.95,0.08387878,0,0,1776164499913,True,True
0,85.95,0.24189201,0,0,1776164499913,True,True
0,85.94,0.04084,0,0,1776164501281,False,True
0,85.94,0.30331,0,0,1776164503187,False,True
0,85.94,0.08400342,0,0,1776164503916,False,True
0,85.95,0.28287,0,0,1776164504437,True,True
0,85.94,0.04900368,0,0,1776164513744,False,True
0,85.96,0.08214036,0,0,1776164530475,True,True
0,85.97,0.60925964,0,0,1776164530475,True,True
0,85.95,0.08153698,0,0,1776164550021,True,True
0,85.95,1.48814793,0,0,1776164550021,True,True
0,85.94,0.03155,0,0,1776164591637,False,True
0,85.95,0.32577079,0,0,1776164607859,True,True
0,85.95,1.44702569,0,0,1776164611955,True,True
0,85.97,5.96845,0,0,1776164621447,False,True
0,85.97,0.05045,0,0,1776164626145,True,True
0,85.94,0.0512929,0,0,1776164628842,False,True
0,85.94,0.03396323,0,0,1776164628842,False,True
0,85.94,5.22482387,0,0,1776164628842,False,True
0,85.94,1.60967489,0,0,1776164629980,False,True
0,85.95,2.1109985,0,0,1776164650464,True,True
0,85.95,0.2363015,0,0,1776164650464,True,True
0,85.98,2.5,0,0,1776164684983,False,True
0,85.96,0.03379,0,0,1776164709353,True,True
0,85.95,8.84550204,0,0,1776164723250,False,True
0,85.96,0.32573289,0,0,1776164729552,True,True
0,85.95,48.8966218,0,0,1776164729587,False,True
0,85.95,42.25787616,0,0,1776164729587,False,True
0,85.94,0.045453,0,0,1776164743428,True,True
0,85.93,0.03396486,0,0,1776164757165,False,True
0,85.92,0.25154036,0,0,1776164757165,False,True
0,85.92,0.28550522,0,0,1776164757170,False,True
0,85.92,0.04295442,0,0,1776164760867,False,True
0,85.92,0.03396649,0,0,1776164760867,False,True
0,85.91,0.58,0,0,1776164761390,False,True
0,85.91,0.0339681,0,0,1776164761390,False,True
0,85.91,0.03514,0,0,1776164762868,True,True
0,85.9,0.03396973,0,0,1776164763639,False,True
0,85.89,0.03397136,0,0,1776164763639,False,True
0,85.88,0.03397299,0,0,1776164763639,False,True
0,85.88,103.80074844,0,0,1776164763639,False,True
0,85.89,27.65072071,0,0,1776164781927,True,True
0,85.89,33.66789189,0,0,1776164781927,True,True
0,85.89,3.1832932,0,0,1776164781927,True,True
0,85.91,0.25,0,0,1776164781931,True,True
0,85.91,7.8,0,0,1776164781931,True,True
0,85.92,32.09287972,0,0,1776164781931,True,True
0,85.92,7.7625,0,0,1776164781932,True,True
0,85.93,7.7625,0,0,1776164781932,True,True
0,85.93,9.96873726,0,0,1776164781932,True,True
0,85.92,116.39040944,0,0,1776164781934,True,True
0,85.92,0.86781462,0,0,1776164781934,True,True
0,85.93,179.02536444,0,0,1776164781934,True,True
0,85.93,2.02540598,0,0,1776164781934,True,True
0,85.93,2.02542564,0,0,1776164781934,True,True
0,85.93,7.80888988,0,0,1776164781934,True,True
0,85.93,3.82848938,0,0,1776164781936,True,True
0,85.93,11.63737926,0,0,1776164781936,True,True
0,85.93,30.53413136,0,0,1776164781936,True,True
0,85.93,46.0,0,0,1776164781936,True,True
0,85.93,7.52699464,0,0,1776164781937,True,True
0,85.93,0.08770536,0,0,1776164781937,True,True
0,85.93,1.34894069,0,0,1776164781938,True,True
0,85.95,17.806,0,0,1776164781944,True,True
0,85.95,10.01447019,0,0,1776164781945,True,True
0,85.95,22.99958063,0,0,1776164781950,True,True
0,85.95,11.63467132,0,0,1776164781950,True,True
0,85.96,7.15198844,0,0,1776164781950,True,True
0,85.96,80.870043,0,0,1776164781950,True,True
0,85.94,11.63602513,0,0,1776164781958,True,True
0,85.99,77.327138,0,0,1776164781987,True,True
0,86.0,1.05574914,0,0,1776164781987,True,True
0,86.01,15.812,0,0,1776164782009,True,True
0,86.02,7.7625,0,0,1776164782009,True,True
0,86.02,1.43450603,0,0,1776164782075,True,True
0,86.02,1.21893436,0,0,1776164782081,True,True
0,86.02,4.803219,0,0,1776164782081,True,True
0,86.02,4.80377419,0,0,1776164782083,True,True
0,86.02,24.33591151,0,0,1776164782112,True,True
0,86.03,29.95358849,0,0,1776164782112,True,True
0,86.08,22.65248,0,0,1776164782287,False,True
0,86.08,0.62493323,0,0,1776164782287,False,True
0,86.06,3.39240754,0,0,1776164783509,True,True
0,86.06,6.84969972,0,0,1776164783509,True,True
0,86.05,20.48430499,0,0,1776164783574,True,True
0,86.05,27.31139703,0,0,1776164783638,True,True
0,85.99,0.0578369,0,0,1776164798556,False,True
0,85.98,0.30004,0,0,1776164808320,False,True
0,85.98,0.02325,0,0,1776164813849,False,True
0,86.0,0.02276,0,0,1776164816464,True,True
0,86.0,0.03665232,0,0,1776164817863,True,True
0,86.05,0.02899,0,0,1776164831109,True,True
0,86.04,0.03565,0,0,1776164831828,False,True
0,86.05,0.0167,0,0,1776164833056,True,True
0,86.04,1.6949,0,0,1776164840375,False,True
0,86.05,0.32539221,0,0,1776164842852,True,True
0,86.07,0.3947,0,0,1776164846626,True,True
0,86.05,22.65248,0,0,1776164862227,False,True
0,86.04,23.34752,0,0,1776164862227,False,True
0,86.04,10.78563,0,0,1776164862228,False,True
0,86.04,3.28757652,0,0,1776164862228,False,True
0,86.04,38.71639348,0,0,1776164862228,False,True
0,86.04,8.8543,0,0,1776164862229,False,True
0,86.04,46.0,0,0,1776164862231,False,True
0,86.04,7.7981,0,0,1776164862235,False,True
0,86.03,6.0,0,0,1776164862237,False,True
0,86.03,26.2534,0,0,1776164862239,False,True
0,86.02,12.0,0,0,1776164862305,False,True
0,86.0,0.25,0,0,1776164862305,False,True
0,86.0,9.57181466,0,0,1776164862305,False,True
0,85.99,4.81329584,0,0,1776164862306,False,True
0,85.99,27.25308494,0,0,1776164862307,False,True
0,85.98,11.36374347,0,0,1776164862307,False,True
0,85.98,32.77891984,0,0,1776164862307,False,True
0,85.98,6.67738751,0,0,1776164862307,False,True
0,85.98,4.68635596,0,0,1776164862307,False,True
0,85.98,3.07614404,0,0,1776164862307,False,True
0,85.99,7.89947375,0,0,1776164862310,False,True
0,85.99,1.70931629,0,0,1776164862311,False,True
0,85.99,10.24456612,0,0,1776164862313,False,True
0,85.99,0.94643646,0,0,1776164862313,False,True
0,85.99,0.94643646,0,0,1776164862313,False,True
0,85.99,10.3200255,0,0,1776164862313,False,True
0,85.97,0.94643646,0,0,1776164862314,False,True
0,85.97,16.33233109,0,0,1776164862316,False,True
0,85.97,7.7625,0,0,1776164862316,False,True
0,85.97,1.16319646,0,0,1776164862316,False,True
0,85.97,4.29068371,0,0,1776164862316,False,True
0,85.98,7.42530354,0,0,1776164862321,False,True
0,85.98,0.33719646,0,0,1776164862325,False,True
0,85.99,1.16292592,0,0,1776164862328,False,True
0,85.97,0.54639037,0,0,1776164862328,False,True
0,85.97,1.16292592,0,0,1776164862329,False,True
0,85.97,0.54639037,0,0,1776164862329,False,True
0,85.97,6.9442972,0,0,1776164862329,False,True
0,86.02,12.0,0,0,1776164862338,False,True
0,85.98,7.42530354,0,0,1776164862349,False,True
0,85.98,12.0,0,0,1776164862372,False,True
0,85.98,1.39298361,0,0,1776164862383,False,True
0,85.98,1.56576703,0,0,1776164862420,False,True
0,85.96,0.11633317,0,0,1776164862870,False,True
0,85.91,2.31664726,0,0,1776164873217,False,True
0,85.92,0.11523,0,0,1776164884398,True,True
0,85.92,0.00110317,0,0,1776164895862,True,True
0,85.93,0.02167683,0,0,1776164895862,True,True
0,85.91,0.10786501,0,0,1776164898430,True,True
0,85.9,0.05809,0,0,1776164901778,False,True
0,85.92,1.40873,0,0,1776164901902,True,True
0,85.9,0.11397043,0,0,1776164902040,False,True
0,85.92,0.10941432,0,0,1776164905508,True,True
0,85.9,1.3261542,0,0,1776164909537,False,True
0,85.89,1.65278,0,0,1776164912451,True,True
0,85.89,0.01127,0,0,1776164912569,True,True
0,85.9,0.03135,0,0,1776164917779,False,True
0,85.91,22.65248,0,0,1776164919443,False,True
0,85.9,2.33252,0,0,1776164919443,False,True
0,85.91,0.02409603,0,0,1776164925361,False,True
0,85.92,1.12876,0,0,1776164937678,True,True
0,85.9,0.32588454,0,0,1776164957786,True,True
0,85.91,0.18911377,0,0,1776164975019,False,True
0,85.92,0.02327,0,0,1776164983244,False,True
0,85.94,0.2688372,0,0,1776164987678,False,True
0,85.95,3.0,0,0,1776164988778,True,True
0,85.94,0.02327,0,0,1776164994365,False,True
0,85.96,0.37835,0,0,1776164997595,False,True
0,85.96,0.07606385,0,0,1776165006060,False,True
0,85.92,0.41603,0,0,1776165011305,True,True
0,85.92,0.5393,0,0,1776165016698,True,True
0,85.9,0.02326,0,0,1776165035474,False,True
0,85.9,1.02504368,0,0,1776165043114,False,True
0,85.9,6.73745632,0,0,1776165045978,False,True
0,85.9,52.30408545,0,0,1776165045978,False,True
0,85.9,10.07030987,0,0,1776165046398,False,True
0,85.91,0.02338,0,0,1776165050429,True,True
0,85.89,0.03585,0,0,1776165060034,True,True
0,85.88,0.045453,0,0,1776165060476,False,True
0,85.89,0.32599837,0,0,1776165064144,True,True
0,85.89,4.33972,0,0,1776165067796,True,True
0,85.89,0.04908361,0,0,1776165085466,True,True
0,85.88,69.98193083,0,0,1776165103208,False,True
0,85.87,0.03397462,0,0,1776165110711,False,True
0,85.86,0.03397623,0,0,1776165110711,False,True
0,85.86,1.61125005,0,0,1776165110711,False,True
0,85.85,0.03397786,0,0,1776165110711,False,True
0,85.85,7.7625,0,0,1776165110711,False,True
0,85.84,0.0339795,0,0,1776165110711,False,True
0,85.84,7.7625,0,0,1776165110711,False,True
0,85.84,7.72784174,0,0,1776165110711,False,True
0,85.84,100.0,0,0,1776165110711,False,True
0,85.84,0.033,0,0,1776165110713,False,True
0,85.84,3.32858412,0,0,1776165110785,False,True
0,85.84,21.67141588,0,0,1776165110785,False,True
0,85.84,0.98106412,0,0,1776165110785,False,True
0,85.83,0.03398113,0,0,1776165110785,False,True
0,85.83,3.28168002,0,0,1776165110785,False,True
0,85.83,4.41827473,0,0,1776165110785,False,True
0,85.83,0.03611,0,0,1776165117248,True,True
0,85.82,0.03398276,0,0,1776165122305,False,True
0,85.82,0.01510085,0,0,1776165122305,False,True
0,85.83,0.37939076,0,0,1776165122965,True,True
0,85.82,3.10828929,0,0,1776165129099,False,True
0,85.82,22.65248,0,0,1776165129099,False,True
0,85.82,3.06746763,0,0,1776165129099,False,True
0,85.82,7.7625,0,0,1776165129099,False,True
0,85.82,116.52295502,0,0,1776165129099,False,True
0,85.82,81.55018448,0,0,1776165129099,False,True
0,85.82,3.28168002,0,0,1776165129099,False,True
0,85.81,0.03398439,0,0,1776165129099,False,True
0,85.81,7.7625,0,0,1776165129099,False,True
0,85.81,32.8755,0,0,1776165129099,False,True
0,85.81,7.4,0,0,1776165129099,False,True
0,85.81,6.11944686,0,0,1776165129099,False,True
0,85.81,108.12636596,0,0,1776165129099,False,True
0,85.8,0.03398602,0,0,1776165129099,False,True
0,85.8,7.7625,0,0,1776165129099,False,True
0,85.79,0.06099564,0,0,1776165129099,False,True
0,85.79,0.03398765,0,0,1776165129099,False,True
0,85.79,7.7625,0,0,1776165129099,False,True
0,85.78,0.03398927,0,0,1776165129099,False,True
0,85.78,7.7625,0,0,1776165129099,False,True
0,85.78,12.0,0,0,1776165129099,False,True
0,85.78,0.25,0,0,1776165129099,False,True
0,85.77,0.0339909,0,0,1776165129099,False,True
0,85.77,7.7625,0,0,1776165129099,False,True
0,85.77,32.14894569,0,0,1776165129099,False,True
0,85.77,82.255069,0,0,1776165129099,False,True
0,85.77,121.5460467,0,0,1776165129099,False,True
0,85.77,20.58476918,0,0,1776165129099,False,True
0,85.76,0.03399253,0,0,1776165129099,False,True
0,85.76,7.7625,0,0,1776165129099,False,True
0,85.76,20.58476918,0,0,1776165129099,False,True
0,85.76,22.45241316,0,0,1776165129099,False,True
0,85.76,11.66044776,0,0,1776165129099,False,True
0,85.76,11.66044776,0,0,1776165129099,False,True
0,85.76,163.50787766,0,0,1776165129099,False,True
0,85.76,108.12636596,0,0,1776165129099,False,True
0,85.75,0.2,0,0,1776165129099,False,True
0,85.75,0.03399416,0,0,1776165129099,False,True
0,85.75,173.08232558,0,0,1776165129099,False,True
0,85.75,7.7625,0,0,1776165129099,False,True
0,85.75,20.58476918,0,0,1776165129099,False,True
0,85.75,0.11661807,0,0,1776165129099,False,True
0,85.74,0.03399579,0,0,1776165129099,False,True
0,85.74,7.7625,0,0,1776165129099,False,True
0,85.74,46.54614878,0,0,1776165129099,False,True
0,85.74,82.419349,0,0,1776165129099,False,True
0,85.74,228.8892386,0,0,1776165129099,False,True
0,85.74,312.49799426,0,0,1776165129099,False,True
0,85.74,0.94936086,0,0,1776165129101,False,True
0,85.81,7.7625,0,0,1776165138798,False,True
0,85.81,3.28168002,0,0,1776165138798,False,True
0,85.81,116.5365342,0,0,1776165138798,False,True
0,85.81,32.13338071,0,0,1776165138798,False,True
0,85.81,2.97663457,0,0,1776165138798,False,True
0,85.81,81.55018448,0,0,1776165138798,False,True
0,85.81,7.4,0,0,1776165138798,False,True
0,85.81,10.4,0,0,1776165138798,False,True
0,85.8,12.0,0,0,1776165138798,False,True
0,85.8,7.7625,0,0,1776165138798,False,True
0,85.8,32.90907,0,0,1776165138798,False,True
0,85.8,6.0,0,0,1776165138798,False,True
0,85.78,0.25,0,0,1776165138798,False,True
0,85.77,3.24429799,0,0,1776165138798,False,True
0,85.77,7.7625,0,0,1776165138798,False,True
0,85.77,80.805691,0,0,1776165138798,False,True
0,85.76,20.58476918,0,0,1776165138798,False,True
0,85.76,7.7625,0,0,1776165138798,False,True
0,85.76,11.66044776,0,0,1776165138798,False,True
0,85.76,11.66044776,0,0,1776165138798,False,True
0,85.75,7.7625,0,0,1776165138798,False,True
0,85.75,0.58838007,0,0,1776165138798,False,True
0,85.75,154.28257522,0,0,1776165138798,False,True
0,85.75,15.02495577,0,0,1776165138798,False,True
0,85.75,20.58476918,0,0,1776165138798,False,True
0,85.74,25.58179,0,0,1776165138798,False,True
0,85.74,7.7625,0,0,1776165138798,False,True
0,85.74,20.58476918,0,0,1776165138798,False,True
0,85.74,0.07772498,0,0,1776165138798,False,True
0,85.74,85.873546,0,0,1776165138798,False,True
0,85.73,0.03399743,0,0,1776165138798,False,True
0,85.73,7.7625,0,0,1776165138798,False,True
0,85.73,7.44967958,0,0,1776165138798,False,True
0,85.73,58.24,0,0,1776165138798,False,True
0,85.73,20.58476918,0,0,1776165138798,False,True
0,85.73,29.12,0,0,1776165138798,False,True
0,85.73,103.91396311,0,0,1776165138798,False,True
0,85.73,133.81367662,0,0,1776165138798,False,True
0,85.73,62.60878712,0,0,1776165138798,False,True
0,85.73,103.63041895,0,0,1776165138798,False,True
0,85.73,583.17149282,0,0,1776165138798,False,True
0,85.72,0.03399906,0,0,1776165138798,False,True
0,85.72,7.7625,0,0,1776165138798,False,True
0,85.72,5.32094919,0,0,1776165138798,False,True
0,85.81,0.63862,0,0,1776165139112,False,True
0,85.81,0.0349,0,0,1776165141056,False,True
0,85.82,0.01975,0,0,1776165145040,True,True
0,85.82,126.658551,0,0,1776165145331,True,True
0,85.82,0.19433172,0,0,1776165145331,True,True
0,85.82,0.05356605,0,0,1776165155496,False,True
0,85.83,1.7792362,0,0,1776165163554,True,True
0,85.84,0.32618825,0,0,1776165181289,True,True
0,85.84,0.26532397,0,0,1776165190630,True,True
0,85.86,0.30762603,0,0,1776165190630,True,True
0,85.87,22.39228929,0,0,1776165195009,True,True
0,85.87,32.56204219,0,0,1776165195009,True,True
0,85.93,0.10254018,0,0,1776165200604,True,True
0,85.93,0.16296247,0,0,1776165204158,False,True
0,85.94,0.12287309,0,0,1776165207762,True,True
0,85.93,0.04722,0,0,1776165211093,True,True
0,85.92,4.28061936,0,0,1776165211311,False,True
0,85.96,0.0420044,0,0,1776165222793,False,True
0,86.01,15.0,0,0,1776165234501,True,True
0,86.0,0.2847933,0,0,1776165241811,True,True
0,85.99,0.06254,0,0,1776165254283,False,True
0,85.99,0.02327,0,0,1776165272043,False,True
0,86.01,0.18741,0,0,1776165287262,True,True
0,86.01,0.02252,0,0,1776165288495,True,True
0,86.05,0.32554354,0,0,1776165302961,True,True
0,86.08,0.01733,0,0,1776165323214,True,True
0,86.08,32.22350346,0,0,1776165339688,True,True
0,86.08,43.88589323,0,0,1776165339729,True,True
0,86.08,22.95555791,0,0,1776165339729,True,True
0,86.08,0.9177154,0,0,1776165339729,True,True
0,86.1,0.2,0,0,1776165346633,True,True
0,86.1,0.09883855,0,0,1776165346633,True,True
0,86.1,0.53084427,0,0,1776165350562,True,True
0,86.11,2.67363773,0,0,1776165350562,True,True
0,86.09,0.10484827,0,0,1776165356504,False,True
0,86.08,0.02348,0,0,1776165364582,True,True
0,86.08,0.10647,0,0,1776165374052,True,True
0,86.07,116.18450098,0,0,1776165376616,False,True
0,86.06,7.7625,0,0,1776165376616,False,True
0,86.06,25.19037,0,0,1776165376625,False,True
0,86.06,25.19037,0,0,1776165376670,False,True
0,86.03,26.16410888,0,0,1776165376691,False,True
0,86.03,19.5939,0,0,1776165376696,False,True
0,86.04,3.14674504,0,0,1776165376698,False,True
0,86.04,2.40580819,0,0,1776165376699,False,True
0,86.04,2.4058082,0,0,1776165376700,False,True
0,86.04,2.40580819,0,0,1776165376701,False,True
0,86.04,1.63583038,0,0,1776165376703,False,True
0,86.03,2.132e-05,0,0,1776165376703,False,True
0,86.01,0.52569,0,0,1776165378185,False,True
0,86.01,0.02324,0,0,1776165391048,False,True
0,86.02,1.20044,0,0,1776165399322,False,True
0,86.03,0.58223,0,0,1776165412776,True,True
0,86.03,0.32546786,0,0,1776165418958,True,True
0,86.03,0.92901,0,0,1776165422656,True,True
0,86.01,0.01696,0,0,1776165428313,True,True
0,86.01,0.02062,0,0,1776165431419,True,True
0,86.01,0.02062,0,0,1776165432973,True,True
0,85.97,12.0,0,0,1776165469623,False,True
0,85.97,7.7625,0,0,1776165469623,False,True
0,85.97,2.98355994,0,0,1776165469623,False,True
0,85.97,41.81023006,0,0,1776165469623,False,True
0,85.98,0.02501,0,0,1776165476308,True,True
0,85.97,2.15311454,0,0,1776165479755,False,True
0,85.97,2.40469503,0,0,1776165479755,False,True
0,85.97,7.44219043,0,0,1776165479771,False,True
0,85.94,0.01969,0,0,1776165488045,False,True
0,85.94,0.18042848,0,0,1776165499595,False,True
0,85.96,0.14291778,0,0,1776165507265,False,True
0,85.97,0.10209772,0,0,1776165511443,True,True
0,85.96,0.325695,0,0,1776165533567,True,True
0,85.96,0.05171592,0,0,1776165536099,True,True
0,85.97,0.59250408,0,0,1776165536099,True,True
0,85.99,1.79161599,0,0,1776165548804,True,True
0,85.99,0.11404,0,0,1776165548987,True,True
0,85.98,0.1,0,0,1776165549607,False,True
0,85.98,40.941,0,0,1776165556682,True,True
0,85.98,0.02692,0,0,1776165565710,True,True
0,85.98,0.01662,0,0,1776165571040,True,True
0,85.97,2.33221,0,0,1776165575507,False,True
0,85.97,0.10545023,0,0,1776165581857,False,True
0,85.97,0.4092,0,0,1776165584698,False,True
0,85.98,0.02546,0,0,1776165588754,True,True
0,85.99,15.78090476,0,0,1776165599607,True,True
0,85.99,1.47369889,0,0,1776165604305,True,True
0,85.99,1.26172111,0,0,1776165604305,True,True
0,85.99,0.10555,0,0,1776165610794,True,True
0,85.99,0.23182436,0,0,1776165612193,True,True
0,85.99,0.53039949,0,0,1776165612193,True,True
0,85.99,0.01780904,0,0,1776165616362,True,True
0,85.98,0.02273,0,0,1776165622178,False,True
0,85.99,0.92703278,0,0,1776165622354,True,True
0,86.04,0.09378,0,0,1776165640264,True,True
0,86.04,1.3002,0,0,1776165640264,True,True
0,86.01,0.01518,0,0,1776165652150,False,True
0,86.04,0.32550569,0,0,1776165656218,True,True
0,85.97,0.01774096,0,0,1776165669855,True,True
0,85.97,1.05218169,0,0,1776165674272,True,True
0,85.96,0.26570498,0,0,1776165692260,True,True
0,85.94,0.54840586,0,0,1776165702195,True,True
0,85.95,1.14762,0,0,1776165709314,True,True
0,85.94,58.18012567,0,0,1776165723633,False,True
0,85.91,0.13561,0,0,1776165731029,True,True
0,85.91,0.02942,0,0,1776165747275,True,True
0,85.9,0.14684082,0,0,1776165772292,False,True
0,85.91,0.32592247,0,0,1776165778173,True,True
0,85.9,0.79180498,0,0,1776165780910,False,True
0,85.9,0.03567,0,0,1776165787331,False,True
0,85.91,11.46807,0,0,1776165789109,True,True
0,85.9,1.93604508,0,0,1776165795268,False,True
0,85.88,2.73281492,0,0,1776165795268,False,True
0,85.9,0.12250775,0,0,1776165809167,False,True
0,85.91,0.02385,0,0,1776165819690,True,True
0,85.91,0.4068,0,0,1776165830911,True,True
0,85.9,0.02328,0,0,1776165841122,False,True
0,85.91,1.6827921,0,0,1776165854956,True,True
0,85.91,0.02065,0,0,1776165863005,True,True
0,85.9,1.39335114,0,0,1776165872210,False,True
0,85.9,1.20234075,0,0,1776165872218,False,True
0,85.9,0.40430811,0,0,1776165872224,False,True
0,85.86,0.02328,0,0,1776165887302,False,True
0,85.88,0.32592247,0,0,1776165891330,True,True
0,85.91,2.73892,0,0,1776165904585,True,True
0,85.9,0.42035993,0,0,1776165911828,False,True
0,85.91,0.03913,0,0,1776165915184,True,True
0,85.91,0.23058,0,0,1776165915533,True,True
0,85.97,0.31250668,0,0,1776165948844,True,True
0,85.96,0.0294,0,0,1776165956657,True,True
0,85.95,0.03873,0,0,1776165959407,False,True
0,85.94,0.02336,0,0,1776165963949,True,True
0,85.96,0.07968869,0,0,1776166002098,True,True
0,85.97,0.24612001,0,0,1776166002098,True,True
0,85.96,0.04534,0,0,1776166004006,True,True
0,85.95,0.01767,0,0,1776166023477,False,True
0,85.96,0.03386706,0,0,1776166031562,True,True
0,85.96,0.35847007,0,0,1776166031562,True,True
0,85.96,1.16333178,0,0,1776166034013,True,True
0,85.96,0.06266,0,0,1776166036816,True,True
0,85.96,0.09463,0,0,1776166042374,True,True
0,85.96,0.01845,0,0,1776166048896,True,True
0,85.96,0.05284,0,0,1776166053167,True,True
0,85.95,1.98233,0,0,1776166062327,False,True
0,85.95,3.15887309,0,0,1776166062327,False,True
0,85.95,3.24558707,0,0,1776166062327,False,True
0,85.94,35.601,0,0,1776166062332,False,True
0,85.94,7.35004,0,0,1776166062332,False,True
0,85.94,2.59322382,0,0,1776166062332,False,True
0,85.94,61.82273618,0,0,1776166062332,False,True
0,85.94,46.0,0,0,1776166062335,False,True
0,85.94,3.2118,0,0,1776166062340,False,True
0,85.93,12.0,0,0,1776166062406,False,True
0,85.9,2.59422385,0,0,1776166062406,False,True
0,85.89,26.73121922,0,0,1776166062407,False,True
0,85.89,4.81274032,0,0,1776166062410,False,True
0,85.88,0.25,0,0,1776166062427,False,True
0,85.88,1.5163093,0,0,1776166062432,False,True
0,85.88,1.5163093,0,0,1776166062432,False,True
0,85.88,4.7298814,0,0,1776166062440,False,True
0,85.87,2.74076422,0,0,1776166062447,False,True
0,85.87,3.89233581,0,0,1776166062479,False,True
0,85.87,1.48679866,0,0,1776166062482,False,True
0,85.87,3.80064263,0,0,1776166062482,False,True
0,85.87,16.15824397,0,0,1776166062482,False,True
0,85.82,0.10387073,0,0,1776166064738,True,True
0,85.83,0.16439927,0,0,1776166064738,True,True
0,85.82,0.10882813,0,0,1776166067256,False,True
0,85.82,0.01537,0,0,1776166072536,False,True
0,85.82,0.05908,0,0,1776166078272,False,True
0,85.83,0.68969,0,0,1776166078540,True,True
0,85.81,1.13837,0,0,1776166085144,False,True
0,85.81,0.08537,0,0,1776166085514,False,True
0,85.8,0.05961,0,0,1776166110664,True,True
0,85.8,0.41414,0,0,1776166114427,True,True
0,85.8,0.32626427,0,0,1776166115844,True,True
0,85.75,0.2,0,0,1776166145370,False,True
0,85.74,34.91698173,0,0,1776166145370,False,True
0,85.74,9.6399289,0,0,1776166145370,False,True
0,85.74,4.26497041,0,0,1776166145370,False,True
0,85.74,4.65800047,0,0,1776166145370,False,True
0,85.74,63.15138589,0,0,1776166145370,False,True
0,85.74,10.42033443,0,0,1776166145370,False,True
0,85.74,29.56727144,0,0,1776166145370,False,True
0,85.74,2.17250413,0,0,1776166145370,False,True
0,85.73,7.7625,0,0,1776166145370,False,True
0,85.73,2.0384394,0,0,1776166145370,False,True
0,85.72,1.86418746,0,0,1776166145370,False,True
0,85.72,5.89831254,0,0,1776166145370,False,True
0,85.72,10.1966398,0,0,1776166145370,False,True
0,85.72,7.19614978,0,0,1776166145370,False,True
0,85.72,5.00421496,0,0,1776166145370,False,True
0,85.72,6.75637393,0,0,1776166145370,False,True
0,85.72,3.29661516,0,0,1776166145370,False,True
0,85.72,30.2515488,0,0,1776166145370,False,True
0,85.72,7.8959524,0,0,1776166145370,False,True
0,85.72,0.51150517,0,0,1776166145370,False,True
0,85.72,5.58958963,0,0,1776166145370,False,True
0,85.72,6.41041037,0,0,1776166145370,False,True
0,85.72,2.59967136,0,0,1776166145370,False,True
0,85.72,1.1507217,0,0,1776166145370,False,True
0,85.72,15.77796427,0,0,1776166145370,False,True
0,85.72,2.96754491,0,0,1776166145370,False,True
0,85.72,11.26232835,0,0,1776166145370,False,True
0,85.72,3.86138259,0,0,1776166145370,False,True
0,85.72,10.94796863,0,0,1776166145370,False,True
0,85.72,5.70772232,0,0,1776166145370,False,True
0,85.74,3.90461754,0,0,1776166147900,False,True
0,85.71,0.01222,0,0,1776166159251,False,True
0,85.72,0.11048172,0,0,1776166164911,True,True
0,85.72,1.05624328,0,0,1776166164911,True,True
0,85.71,0.02178071,0,0,1776166166401,False,True
0,85.71,0.583363,0,0,1776166166401,False,True
0,85.71,0.06541317,0,0,1776166166401,False,True
0,85.7,0.03400234,0,0,1776166166472,False,True
0,85.69,0.03400397,0,0,1776166166472,False,True
0,85.69,3.19485281,0,0,1776166166472,False,True
0,85.69,0.05651,0,0,1776166172906,True,True
0,85.7,1.07706,0,0,1776166180815,True,True
0,85.69,0.10858956,0,0,1776166184302,True,True
0,85.7,1.09036044,0,0,1776166184302,True,True
0,85.69,0.10819495,0,0,1776166185864,True,True
0,85.7,0.00849105,0,0,1776166185864,True,True
0,85.71,0.69394,0,0,1776166192259,True,True
0,85.69,7.7625,0,0,1776166199718,False,True
0,85.69,22.8923,0,0,1776166199718,False,True
0,85.69,92.345195,0,0,1776166199718,False,True
0,85.69,0.04487864,0,0,1776166204952,True,True
0,85.68,0.03400561,0,0,1776166206756,False,True
0,85.67,0.03400724,0,0,1776166206756,False,True
0,85.67,0.55507479,0,0,1776166206756,False,True
0,85.67,1.61577192,0,0,1776166207190,False,True
0,85.66,0.03400887,0,0,1776166210865,False,True
0,85.66,0.05143313,0,0,1776166210865,False,True
0,85.66,3.21513541,0,0,1776166210865,False,True
0,85.69,0.11619771,0,0,1776166228736,True,True
0,85.7,0.21063782,0,0,1776166228736,True,True
0,85.69,0.05818,0,0,1776166236539,False,True
0,85.7,1.57312576,0,0,1776166240961,True,True
0,85.73,0.06136953,0,0,1776166245275,True,True
0,85.75,0.05275047,0,0,1776166245275,True,True
0,85.75,0.05773,0,0,1776166246173,True,True
0,85.74,0.10500673,0,0,1776166249951,True,True
0,85.75,0.12102327,0,0,1776166249951,True,True
0,85.74,2.59909094,0,0,1776166267800,False,True
0,85.73,12.0,0,0,1776166267810,False,True
0,85.67,0.03353,0,0,1776166274281,True,True
0,85.66,4.70437,0,0,1776166278334,False,True
0,85.66,0.07752617,0,0,1776166290956,True,True
0,85.67,1.66783383,0,0,1776166290956,True,True
0,85.65,0.0340105,0,0,1776166294637,False,True
0,85.65,0.50769941,0,0,1776166294637,False,True
0,85.65,0.02332,0,0,1776166304564,False,True
0,85.7,0.02333,0,0,1776166330024,False,True
0,85.69,0.1608,0,0,1776166330866,False,True
0,85.69,5.56263514,0,0,1776166334528,True,True
0,85.69,0.10809713,0,0,1776166339091,True,True
0,85.7,0.85802287,0,0,1776166339091,True,True
0,85.71,0.10775565,0,0,1776166346666,True,True
0,85.72,0.21896547,0,0,1776166346666,True,True
0,85.69,0.06163,0,0,1776166361557,False,True
0,85.69,0.91284,0,0,1776166374421,True,True
0,85.68,0.04687,0,0,1776166379639,False,True
0,85.68,5.0,0,0,1776166380530,False,True
0,85.69,4.6601304,0,0,1776166382289,True,True
0,85.71,0.01413,0,0,1776166399737,True,True
0,85.75,1.08094,0,0,1776166432232,False,True
0,85.75,0.27381924,0,0,1776166442249,True,True
0,85.74,0.4457624,0,0,1776166445881,False,True
0,85.75,1.22493708,0,0,1776166447924,True,True
0,85.75,0.05330808,0,0,1776166450604,True,True
0,85.75,5.83090379,0,0,1776166450616,True,True
0,85.76,0.08634608,0,0,1776166459345,True,True
0,85.77,0.24018453,0,0,1776166459345,True,True
0,85.78,0.05766,0,0,1776166487034,False,True
0,85.79,0.09848623,0,0,1776166495601,True,True
0,85.8,3.80613131,0,0,1776166495601,True,True
0,85.78,0.02395,0,0,1776166495944,False,True
0,85.79,0.02348,0,0,1776166507715,True,True
0,85.81,1.31,0,0,1776166514523,False,True
0,85.82,0.0720739,0,0,1776166531326,True,True
0,85.83,0.20802281,0,0,1776166531326,True,True
0,85.83,0.62553645,0,0,1776166536621,False,True
0,85.83,0.0588,0,0,1776166540869,False,True
0,85.86,0.09468839,0,0,1776166547165,True,True
0,85.86,2.58270705,0,0,1776166547165,True,True
0,85.84,0.05330808,0,0,1776166552448,False,True
0,85.85,0.01471,0,0,1776166557750,False,True
0,85.85,0.28879388,0,0,1776166560965,False,True
0,85.9,0.03872,0,0,1776166563208,True,True
0,85.9,0.05492518,0,0,1776166564137,True,True
0,85.9,1.22016725,0,0,1776166564137,True,True
0,85.91,0.09211692,0,0,1776166571391,True,True
0,85.91,0.23384349,0,0,1776166571391,True,True
0,85.91,0.0119,0,0,1776166577899,True,True
0,85.91,0.01251,0,0,1776166579513,True,True
0,85.9,0.06662356,0,0,1776166586526,True,True
0,85.9,0.67707644,0,0,1776166586526,True,True
0,85.9,2.37682554,0,0,1776166589464,True,True
0,85.9,26.91858446,0,0,1776166589464,True,True
0,85.87,0.04766,0,0,1776166597228,False,True
0,85.88,0.038057,0,0,1776166600833,True,True
0,85.88,0.0391,0,0,1776166601266,True,True
0,85.87,0.14755137,0,0,1776166606984,False,True
0,85.87,0.04793,0,0,1776166614509,False,True
0,85.87,0.03607,0,0,1776166619491,False,True
0,85.87,0.01761,0,0,1776166624463,False,True
0,85.88,0.0099887,0,0,1776166625961,True,True
0,85.88,3.63924678,0,0,1776166625961,True,True
0,85.87,0.04182,0,0,1776166626628,False,True
0,85.89,7.7625,0,0,1776166644385,False,True
0,85.89,3.88165463,0,0,1776166644385,False,True
0,85.9,0.08646322,0,0,1776166660099,True,True
0,85.9,2.65182678,0,0,1776166660099,True,True
0,85.93,0.0856522,0,0,1776166688136,True,True
0,85.94,0.24030821,0,0,1776166688136,True,True
0,85.92,0.02582,0,0,1776166690558,True,True
0,85.9,0.04155,0,0,1776166710460,True,True
0,85.89,0.02328,0,0,1776166711978,False,True
0,85.9,0.01596835,0,0,1776166716004,True,True
0,85.91,0.01785165,0,0,1776166716004,True,True
0,85.89,0.08241378,0,0,1776166736053,True,True
0,85.89,0.68854622,0,0,1776166736053,True,True
0,85.89,5.23611884,0,0,1776166743006,True,True
0,85.88,0.01204354,0,0,1776166774229,True,True
0,85.88,10.00626726,0,0,1776166779440,True,True
0,85.88,40.02506906,0,0,1776166779504,True,True
0,85.88,20.01253453,0,0,1776166779569,True,True
0,85.88,11.56246199,0,0,1776166779633,True,True
0,85.88,0.03598468,0,0,1776166779633,True,True
0,85.88,3.05402815,0,0,1776166779633,True,True
0,85.88,7.7625,0,0,1776166779633,True,True
0,85.89,3.917969,0,0,1776166779633,True,True
0,85.88,12.63712507,0,0,1776166781658,True,True
0,85.88,7.7625,0,0,1776166781658,True,True
0,85.88,3.05402815,0,0,1776166781658,True,True
0,85.89,3.844531,0,0,1776166781658,True,True
0,85.89,56.27905895,0,0,1776166781658,True,True
0,85.87,3.20889671,0,0,1776166783611,False,True
0,85.86,7.7625,0,0,1776166783611,False,True
0,85.86,14.32792811,0,0,1776166783611,False,True
0,85.88,3.05402815,0,0,1776166784650,True,True
0,85.88,0.63185625,0,0,1776166784650,True,True
0,85.89,5.8815001,0,0,1776166784650,True,True
0,85.88,3.22411787,0,0,1776166784779,True,True
0,85.88,7.7625,0,0,1776166784779,True,True
0,85.87,2.40532134,0,0,1776166789693,True,True
0,85.87,7.7625,0,0,1776166794683,True,True
0,85.87,10.11772615,0,0,1776166794683,True,True
0,85.87,8.94011307,0,0,1776166794747,True,True
0,85.89,15.0,0,0,1776166798687,True,True
0,85.89,3.02379499,0,0,1776166798687,True,True
0,85.89,10.91590021,0,0,1776166799838,True,True
0,85.89,9.40701745,0,0,1776166799903,True,True
0,85.89,7.7625,0,0,1776166799903,True,True
0,85.89,11.93954979,0,0,1776166799903,True,True
0,85.87,108.00012894,0,0,1776166803409,True,True
0,85.87,7.7625,0,0,1776166803409,True,True
0,85.87,42.2080307,0,0,1776166803409,True,True
0,85.88,7.7625,0,0,1776166803409,True,True
0,85.88,96.99917241,0,0,1776166803409,True,True
0,85.88,0.32599837,0,0,1776166803804,True,True
0,85.86,12.64889281,0,0,1776166805012,False,True
0,85.86,2.2103821,0,0,1776166825110,True,True
0,85.86,8.40467819,0,0,1776166825110,True,True
0,85.85,0.02492,0,0,1776166831353,False,True
0,85.85,14.41808723,0,0,1776166832521,False,True
0,85.85,0.01473,0,0,1776166833645,False,True
0,85.86,4.64805706,0,0,1776166839422,True,True
0,85.86,5.28313051,0,0,1776166839422,True,True
0,85.86,2.47936949,0,0,1776166839487,True,True
0,85.86,17.38300566,0,0,1776166839487,True,True
0,85.86,43.57963745,0,0,1776166841277,True,True
0,85.86,27.77713235,0,0,1776166842552,True,True
0,85.84,0.02395,0,0,1776166842558,False,True
0,85.86,21.35679855,0,0,1776166843511,True,True
0,85.86,9.16380165,0,0,1776166844423,True,True
0,85.86,26.93988951,0,0,1776166845611,True,True
0,85.84,0.02329,0,0,1776166846558,False,True
0,85.86,21.13306563,0,0,1776166847528,True,True
0,85.84,0.02417825,0,0,1776166848893,False,True
0,85.86,7.7625,0,0,1776166850363,True,True
0,85.86,1.15480388,0,0,1776166850363,True,True
0,85.86,25.18445589,0,0,1776166851324,True,True
0,85.86,18.88567069,0,0,1776166851581,True,True
0,85.86,25.56512222,0,0,1776166854331,True,True
0,85.86,21.05426301,0,0,1776166854395,True,True
0,85.86,1.79070997,0,0,1776166854395,True,True
0,85.86,7.7625,0,0,1776166854395,True,True
0,85.86,12.47832881,0,0,1776166854395,True,True
0,85.86,8.74606993,0,0,1776166855417,True,True
0,85.86,18.91864006,0,0,1776166856437,True,True
0,85.86,7.7625,0,0,1776166857367,True,True
0,85.86,17.4308882,0,0,1776166857367,True,True
0,85.86,11.0957992,0,0,1776166860500,True,True
0,85.86,22.1915984,0,0,1776166860564,True,True
0,85.85,7.7625,0,0,1776166860628,True,True
0,85.86,21.82650141,0,0,1776166860628,True,True
0,85.84,24.88415017,0,0,1776166863633,True,True
0,85.84,40.20177608,0,0,1776166864542,True,True
0,85.84,7.7625,0,0,1776166864607,True,True
0,85.84,12.33838804,0,0,1776166864607,True,True
0,85.84,23.78715168,0,0,1776166867418,True,True
0,85.85,17.44441173,0,0,1776166871976,True,True
0,85.87,15.0,0,0,1776166872633,True,True
0,85.87,10.92353002,0,0,1776166872633,True,True
0,85.87,21.18400729,0,0,1776166875673,True,True
0,85.87,3.48300497,0,0,1776166875673,True,True
0,85.87,18.5002592,0,0,1776166875994,True,True
0,85.85,0.06211,0,0,1776166880675,False,True
0,85.85,0.03671,0,0,1776166882726,False,True
0,85.86,23.92596548,0,0,1776166884835,True,True
0,85.87,9.48110625,0,0,1776166886817,True,True
0,85.87,11.57315676,0,0,1776166886817,True,True
0,85.87,18.18046473,0,0,1776166886817,True,True
0,85.87,23.4918923,0,0,1776166887855,True,True
0,85.87,24.66527277,0,0,1776166890857,True,True
0,85.87,0.56395,0,0,1776166891817,True,True
0,85.85,29.75394314,0,0,1776166894987,True,True
0,85.84,0.038057,0,0,1776166920480,False,True
0,85.86,0.20053892,0,0,1776166923187,True,True
0,85.86,0.32615026,0,0,1776166925601,True,True
0,85.86,14.47331082,0,0,1776166926421,True,True
0,85.86,21.12160901,0,0,1776166926421,True,True
0,85.84,0.3231,0,0,1776166938492,True,True
0,85.83,0.4068,0,0,1776166939464,False,True
0,85.84,15.0,0,0,1776166939910,True,True
0,85.87,32.10758613,0,0,1776166946718,True,True
0,85.87,2.11540154,0,0,1776166946718,True,True
0,85.87,6.58456013,0,0,1776166946718,True,True
0,85.86,0.02991,0,0,1776166948534,False,True
0,85.86,0.13228,0,0,1776166951872,False,True
0,85.88,0.0394,0,0,1776166967023,True,True
0,85.89,0.02525,0,0,1776166970567,False,True
0,85.91,0.05639,0,0,1776166977565,True,True
0,85.9,0.01127,0,0,1776166997579,True,True
0,85.87,0.06405,0,0,1776167021492,False,True
0,85.88,0.10565,0,0,1776167023424,True,True
0,85.88,7.27643223,0,0,1776167032326,True,True
0,85.86,0.14058204,0,0,1776167033029,False,True
0,85.89,0.32603632,0,0,1776167039381,True,True
0,85.88,0.20053892,0,0,1776167039927,False,True
0,85.88,0.07272054,0,0,1776167058103,True,True
0,85.88,0.01844,0,0,1776167059625,True,True
0,85.86,0.50299,0,0,1776167067278,False,True
0,85.89,1.39088,0,0,1776167086370,True,True
0,85.88,0.49867,0,0,1776167102369,False,True
0,85.89,0.01222,0,0,1776167104857,True,True
0,85.89,0.07351,0,0,1776167109413,True,True
0,85.88,0.02329,0,0,1776167111167,False,True
0,85.88,0.04529,0,0,1776167111650,False,True
0,85.89,0.02453,0,0,1776167113209,False,True
0,85.86,0.11603,0,0,1776167119230,False,True
0,85.84,0.01481848,0,0,1776167132337,False,True
0,85.83,0.01419,0,0,1776167142439,False,True
0,85.84,0.32618825,0,0,1776167154020,True,True
0,85.84,0.07887058,0,0,1776167166109,False,True
0,85.85,0.03907,0,0,1776167166595,False,True
0,85.86,0.74099,0,0,1776167174215,True,True
0,85.86,0.2736133,0,0,1776167186116,True,True
0,85.86,0.1301867,0,0,1776167186116,True,True
0,85.84,2.46452059,0,0,1776167193356,False,True
0,85.83,3.12956269,0,0,1776167200471,False,True
0,85.83,26.02083642,0,0,1776167200471,False,True
0,85.81,0.02821,0,0,1776167213832,False,True
0,85.81,2.02937052,0,0,1776167216025,False,True
0,85.84,0.33145,0,0,1776167253330,True,True
0,85.86,0.0141,0,0,1776167258719,True,True
0,85.86,0.0649,0,0,1776167263765,True,True
0,85.86,0.02399,0,0,1776167272422,True,True
0,85.86,0.32611227,0,0,1776167278089,True,True
0,85.86,1.17295829,0,0,1776167287528,True,True
0,85.86,3.76000171,0,0,1776167287528,True,True
0,85.87,0.01708,0,0,1776167293830,True,True
0,85.87,0.0706,0,0,1776167313255,True,True
0,85.88,0.02224,0,0,1776167316254,True,True
0,85.87,0.38185,0,0,1776167318995,False,True
0,85.89,0.01842,0,0,1776167321409,True,True
0,85.88,0.01988,0,0,1776167323636,False,True
0,85.91,0.12,0,0,1776167350773,False,True
0,85.91,0.02,0,0,1776167357014,False,True
0,85.92,0.05824,0,0,1776167358064,False,True
0,85.95,0.02577,0,0,1776167384535,True,True
0,85.91,0.02328,0,0,1776167390747,False,True
0,85.92,0.02,0,0,1776167391963,False,True
0,85.92,7.3005866,0,0,1776167394736,True,True
0,85.93,116.37443698,0,0,1776167394736,True,True
0,85.93,7.7625,0,0,1776167394736,True,True
0,85.94,7.7625,0,0,1776167394736,True,True
0,85.94,3.95857544,0,0,1776167394736,True,True
0,85.93,0.3258087,0,0,1776167396862,True,True
0,85.92,0.04213,0,0,1776167403046,True,True
0,85.91,0.01772,0,0,1776167404936,False,True
0,85.92,0.02333,0,0,1776167410315,True,True
0,85.92,0.28002,0,0,1776167423628,False,True
0,85.92,0.54937435,0,0,1776167424951,False,True
0,85.93,0.22542,0,0,1776167439815,True,True
0,85.93,0.01481,0,0,1776167460613,True,True
0,85.93,0.01481,0,0,1776167460613,True,True
0,85.93,0.11555917,0,0,1776167461069,True,True
0,85.9,0.02185,0,0,1776167470841,False,True
0,85.92,3.87738846,0,0,1776167490777,False,True
0,85.92,0.80593801,0,0,1776167490777,False,True
0,85.93,1.48308973,0,0,1776167492939,True,True
0,85.93,7.7625,0,0,1776167492939,True,True
0,85.94,20.48380138,0,0,1776167492939,True,True
0,85.94,7.7625,0,0,1776167492939,True,True
0,85.94,3.69977808,0,0,1776167492939,True,True
0,85.94,116.36325876,0,0,1776167492939,True,True
0,85.94,2.22631187,0,0,1776167505678,False,True
0,85.94,1.57682593,0,0,1776167505927,False,True
0,85.94,2.36523137,0,0,1776167508665,False,True
0,85.94,2.36523581,0,0,1776167508686,False,True
0,85.94,17.51620881,0,0,1776167508689,False,True
0,85.94,26.04981379,0,0,1776167508689,False,True
0,85.94,26.04981379,0,0,1776167508689,False,True
0,85.94,26.04981379,0,0,1776167508689,False,True
0,85.94,26.04981379,0,0,1776167508689,False,True
0,85.94,26.04981379,0,0,1776167508689,False,True
0,85.94,7.62482927,0,0,1776167508689,False,True
0,85.94,9.3088201,0,0,1776167508718,False,True
0,85.94,9.11616442,0,0,1776167508720,False,True
0,85.94,14.15588584,0,0,1776167508720,False,True
0,85.94,11.89392795,0,0,1776167511466,False,True
0,85.94,11.89392795,0,0,1776167511466,False,True
0,85.94,11.89392795,0,0,1776167511466,False,True
0,85.94,1.00591254,0,0,1776167511466,False,True
0,85.92,0.32577079,0,0,1776167515968,True,True
0,85.9,3.31129816,0,0,1776167518572,False,True
0,85.9,7.7625,0,0,1776167518572,False,True
0,85.89,7.7625,0,0,1776167518572,False,True
0,85.89,12.0,0,0,1776167518572,False,True
0,85.89,38.81413,0,0,1776167518572,False,True
0,85.89,4.17435753,0,0,1776167518572,False,True
0,85.89,6.17521431,0,0,1776167518572,False,True
0,85.91,4.0649203,0,0,1776167522804,True,True
0,85.94,0.04435,0,0,1776167536863,True,True
0,85.92,0.57616585,0,0,1776167537783,False,True
0,85.95,0.04996,0,0,1776167600969,True,True
0,85.96,0.03567,0,0,1776167601953,True,True
0,85.97,0.4281,0,0,1776167614994,True,True
0,85.95,5.41949,0,0,1776167624106,True,True
0,85.95,0.28578195,0,0,1776167624423,True,True
0,85.91,0.32577079,0,0,1776167634140,True,True
0,85.9,0.03951164,0,0,1776167642128,False,True
0,85.91,0.66132309,0,0,1776167642227,True,True
0,85.9,0.04525642,0,0,1776167643765,False,True
0,85.92,0.54489,0,0,1776167646020,True,True
0,85.93,0.04125,0,0,1776167681307,True,True
0,85.93,0.0299,0,0,1776167683790,True,True
0,85.92,0.03388,0,0,1776167698534,False,True
0,85.89,0.15554496,0,0,1776167705499,False,True
0,85.9,1.28453775,0,0,1776167706498,True,True
0,85.91,1.02070225,0,0,1776167706498,True,True
0,85.9,0.02774,0,0,1776167715506,True,True
0,85.88,0.03065,0,0,1776167742032,False,True
0,85.88,0.10929369,0,0,1776167744319,False,True
0,85.9,0.46261,0,0,1776167748564,True,True
0,85.91,0.32599837,0,0,1776167749556,True,True
0,85.9,0.04125,0,0,1776167750678,False,True
0,85.91,0.01973,0,0,1776167752728,True,True
0,85.9,0.04037,0,0,1776167761595,False,True
0,85.91,0.02137,0,0,1776167773099,False,True
0,85.93,0.01188,0,0,1776167776475,True,True
0,85.93,0.72654,0,0,1776167783509,True,True
0,85.93,0.0169,0,0,1776167799033,True,True
0,85.96,1.61009539,0,0,1776167806084,False,True
0,85.96,0.54482,0,0,1776167807537,True,True
0,85.95,0.03104,0,0,1776167812115,False,True
0,85.95,0.11519,0,0,1776167826898,True,True
0,85.95,0.3,0,0,1776167827567,False,True
0,85.98,1.10029,0,0,1776167831236,True,True
0,85.98,3.52437,0,0,1776167831620,True,True
0,85.98,3.13784,0,0,1776167831621,True,True
0,85.99,7.18930713,0,0,1776167831621,True,True
0,85.97,5.0254445,0,0,1776167835786,False,True
0,85.96,6.54307568,0,0,1776167835789,False,True
0,85.96,12.0,0,0,1776167835789,False,True
0,85.93,2.58564375,0,0,1776167835791,False,True
0,85.92,7.7625,0,0,1776167835791,False,True
0,85.91,0.25,0,0,1776167835792,False,True
0,85.91,88.51211,0,0,1776167835792,False,True
0,85.92,18.11064375,0,0,1776167835793,False,True
0,85.92,11.82495,0,0,1776167835793,False,True
0,85.92,2.15358042,0,0,1776167835797,False,True
0,85.91,1e-06,0,0,1776167835797,False,True
0,85.9,4.06245081,0,0,1776167835797,False,True
0,85.89,20.45763465,0,0,1776167835797,False,True
0,85.89,28.82584758,0,0,1776167835797,False,True
0,85.88,46.0,0,0,1776167835803,False,True
0,85.88,33.745415,0,0,1776167835804,False,True
0,85.88,6.82229228,0,0,1776167835804,False,True
0,85.87,0.11645132,0,0,1776167835811,False,True
0,85.87,11.64551065,0,0,1776167835811,False,True
0,85.87,11.64551065,0,0,1776167835811,False,True
0,85.86,68.59252738,0,0,1776167835811,False,True
0,85.86,37.3575,0,0,1776167835813,False,True
0,85.91,27.080562,0,0,1776167835814,False,True
0,85.86,18.919438,0,0,1776167835814,False,True
0,85.86,46.0,0,0,1776167835821,False,True
0,85.91,3.1609,0,0,1776167835840,False,True
0,85.85,92.157541,0,0,1776167835855,False,True
0,85.85,0.02,0,0,1776167835855,False,True
0,85.85,0.07762969,0,0,1776167835855,False,True
0,85.87,20.5889,0,0,1776167835873,False,True
0,85.89,0.25,0,0,1776167835885,False,True
0,85.89,14.74258636,0,0,1776167835887,False,True
0,85.88,2.0,0,0,1776167835913,False,True
0,85.88,0.58541915,0,0,1776167835916,False,True
0,85.83,0.18558085,0,0,1776167835916,False,True
0,85.83,0.22,0,0,1776167835922,False,True
0,85.83,54.17009935,0,0,1776167835925,False,True
0,85.8,3.4,0,0,1776167835931,False,True
0,85.8,3.4,0,0,1776167835931,False,True
0,85.8,3.4,0,0,1776167835931,False,True
0,85.8,3.4,0,0,1776167835931,False,True
0,85.8,3.4,0,0,1776167835934,False,True
0,85.78,0.1165735,0,0,1776167835958,False,True
0,85.78,0.2634265,0,0,1776167835958,False,True
0,85.78,0.27,0,0,1776167835961,False,True
0,85.78,0.38,0,0,1776167835965,False,True
0,85.78,0.39,0,0,1776167835970,False,True
0,85.78,5.0,0,0,1776167835985,False,True
0,85.72,0.36,0,0,1776167836086,False,True
0,85.72,0.24,0,0,1776167836086,False,True
0,85.72,0.31,0,0,1776167836087,False,True
0,85.72,0.38,0,0,1776167836087,False,True
0,85.72,0.9376,0,0,1776167836087,False,True
0,85.72,2.0,0,0,1776167836087,False,True
0,85.72,2.43759998,0,0,1776167836087,False,True
0,85.72,0.73759999,0,0,1776167836088,False,True
0,85.73,0.07182129,0,0,1776167836094,True,True
0,85.73,7.7625,0,0,1776167836094,True,True
0,85.77,15.4451782,0,0,1776167836094,True,True
0,85.76,0.7190135,0,0,1776167836138,True,True
0,85.77,22.56186801,0,0,1776167836138,True,True
0,85.75,17.71424499,0,0,1776167836166,False,True
0,85.75,2.285755,0,0,1776167836187,False,True
0,85.75,0.07158965,0,0,1776167836290,True,True
0,85.75,0.38,0,0,1776167836790,False,True
0,85.75,0.44,0,0,1776167836800,False,True
0,85.75,1.56240002,0,0,1776167836801,False,True
0,85.75,0.57039167,0,0,1776167836899,False,True
0,85.74,0.72960833,0,0,1776167836899,False,True
0,85.74,1.5624,0,0,1776167836923,False,True
0,85.73,0.47425,0,0,1776167839237,False,True
0,85.74,0.31064772,0,0,1776167858575,True,True
0,85.74,0.01592097,0,0,1776167858575,True,True
0,85.71,0.05740218,0,0,1776167863777,True,True
0,85.71,3.35174807,0,0,1776167863777,True,True
0,85.71,7.7625,0,0,1776167863777,True,True
0,85.71,2.16034465,0,0,1776167863777,True,True
0,85.72,20.45763465,0,0,1776167863777,True,True
0,85.72,16.61306907,0,0,1776167863777,True,True
0,85.72,7.7625,0,0,1776167863777,True,True
0,85.72,9.4777481,0,0,1776167863777,True,True
0,85.72,38.97403299,0,0,1776167863777,True,True
0,85.7,0.07312967,0,0,1776167875735,True,True
0,85.71,15.0,0,0,1776167875757,True,True
0,85.71,0.25,0,0,1776167875757,True,True
0,85.72,1.45823611,0,0,1776167875761,True,True
0,85.78,20.93407417,0,0,1776167876208,True,True
0,85.8,0.0717,0,0,1776167876482,True,True
0,85.8,8.768e-05,0,0,1776167876496,True,True
0,85.82,7.7625,0,0,1776167876514,True,True
0,85.83,7.7625,0,0,1776167876514,True,True
0,85.83,5.74890456,0,0,1776167876514,True,True
0,85.83,7.52871979,0,0,1776167876514,True,True
0,85.84,4.81864658,0,0,1776167876514,True,True
0,85.84,2.94385342,0,0,1776167876534,True,True
0,85.84,15.0,0,0,1776167876534,True,True
0,85.85,7.7625,0,0,1776167876534,True,True
0,85.85,82.615672,0,0,1776167876534,True,True
0,85.85,10.97798193,0,0,1776167876534,True,True
0,85.85,185.79959076,0,0,1776167876625,True,True
0,85.86,18.90677,0,0,1776167877419,False,True
0,85.85,0.71996795,0,0,1776167888127,True,True
0,85.85,0.06363847,0,0,1776167888127,True,True
0,85.86,4.72356133,0,0,1776167888127,True,True
0,85.8,1.02926,0,0,1776167904753,False,True
0,85.81,0.06343333,0,0,1776167907231,True,True
0,85.81,0.29622939,0,0,1776167907231,True,True
0,85.85,0.03286,0,0,1776167919608,True,True
0,85.87,0.4038,0,0,1776167926693,False,True
0,85.87,0.02154,0,0,1776167940065,True,True
0,85.84,0.02326,0,0,1776167942485,False,True
0,85.85,0.00698887,0,0,1776167944610,True,True
0,85.86,1.6003244,0,0,1776167944610,True,True
0,85.87,1.42998673,0,0,1776167944610,True,True
0,85.83,0.01439,0,0,1776167960493,False,True
0,85.84,0.06204164,0,0,1776167972117,True,True
0,85.84,0.2437599,0,0,1776167972117,True,True
0,85.83,0.11650937,0,0,1776167974774,False,True
0,85.79,0.06210536,0,0,1776167977385,True,True
0,85.79,0.26408289,0,0,1776167977385,True,True
0,85.77,0.15690185,0,0,1776167985366,False,True
0,85.79,0.02731,0,0,1776167993973,False,True
0,85.8,0.06154981,0,0,1776168000041,True,True
0,85.81,0.10983019,0,0,1776168000041,True,True
0,85.81,2.74116,0,0,1776168000042,True,True
0,85.81,0.2331274,0,0,1776168000908,True,True
0,85.81,1.76773424,0,0,1776168003000,True,True
0,85.81,0.06092079,0,0,1776168003000,True,True
0,85.83,1.49134497,0,0,1776168003000,True,True
0,85.83,0.06072056,0,0,1776168003585,True,True
0,85.85,1.61927944,0,0,1776168003585,True,True
0,85.85,0.11538,0,0,1776168006447,True,True
0,85.85,0.060521,0,0,1776168007545,True,True
0,85.87,0.053729,0,0,1776168007545,True,True
0,85.85,0.02135568,0,0,1776168008543,False,True
0,85.85,0.00602734,0,0,1776168008571,False,True
0,85.84,0.23293,0,0,1776168012994,False,True
0,85.85,0.0602133,0,0,1776168019236,True,True
0,85.85,0.0839267,0,0,1776168019236,True,True
0,85.84,0.02272684,0,0,1776168027468,True,True
0,85.83,0.02427,0,0,1776168030446,False,True
0,85.87,0.03587776,0,0,1776168040046,True,True
0,85.87,0.02177224,0,0,1776168040046,True,True
0,85.87,0.05771893,0,0,1776168044951,True,True
0,85.87,0.08624107,0,0,1776168044951,True,True
0,85.87,0.17126,0,0,1776168045665,True,True
0,85.87,0.39726646,0,0,1776168046686,True,True
0,85.87,0.45273937,0,0,1776168046686,True,True
0,85.87,0.05679845,0,0,1776168050317,True,True
0,85.87,0.34460155,0,0,1776168050317,True,True
0,85.81,0.125488,0,0,1776168059881,False,True
0,85.82,0.05660775,0,0,1776168067757,True,True
0,85.82,1.70213875,0,0,1776168067757,True,True
0,85.86,0.03884018,0,0,1776168072984,False,True
0,85.86,0.02822,0,0,1776168091395,True,True
0,85.86,0.02606104,0,0,1776168094575,True,True
0,85.88,0.30005123,0,0,1776168094575,True,True
0,85.85,0.03379,0,0,1776168098388,False,True
0,85.81,2.33100233,0,0,1776168121030,False,True
0,85.84,0.15634,0,0,1776168132004,False,True
0,85.85,0.04147,0,0,1776168133037,True,True
0,85.83,0.06153157,0,0,1776168141281,False,True
0,85.84,0.11971,0,0,1776168145736,False,True
0,85.85,0.1156776,0,0,1776168149199,True,True
0,85.86,0.05343739,0,0,1776168149199,True,True
0,85.87,2.65096501,0,0,1776168149199,True,True
0,85.85,0.99992,0,0,1776168151743,False,True
0,85.86,0.01433,0,0,1776168165219,False,True
0,85.87,0.48617479,0,0,1776168168709,False,True
0,85.88,0.03778,0,0,1776168169336,True,True
0,85.88,0.04478458,0,0,1776168178136,True,True
0,85.9,2.3282887,0,0,1776168197491,False,True
0,85.9,0.00630869,0,0,1776168212629,True,True
0,85.91,0.31961378,0,0,1776168212629,True,True
0,85.9,0.01838,0,0,1776168220082,True,True
0,85.88,0.02,0,0,1776168224431,False,True
0,85.88,0.031271,0,0,1776168231492,True,True
0,85.89,0.731379,0,0,1776168231492,True,True
0,85.88,0.04954808,0,0,1776168232608,True,True
0,85.89,0.14001192,0,0,1776168232608,True,True
0,85.87,0.4014,0,0,1776168237244,False,True
0,85.88,0.04938496,0,0,1776168242272,True,True
0,85.9,3.30705009,0,0,1776168242272,True,True
0,85.88,0.04921854,0,0,1776168244780,True,True
0,85.9,0.07611146,0,0,1776168244780,True,True
0,85.9,0.04903929,0,0,1776168245481,True,True
0,85.91,0.15008886,0,0,1776168245481,True,True
0,85.89,0.02438,0,0,1776168247332,False,True
0,85.91,0.01438,0,0,1776168255766,True,True
0,85.89,3.28466913,0,0,1776168257251,False,True
0,85.89,2.58511813,0,0,1776168257251,False,True
0,85.89,7.7625,0,0,1776168257251,False,True
0,85.89,34.71331,0,0,1776168257251,False,True
0,85.89,3.43478337,0,0,1776168257251,False,True
0,85.89,26.97023389,0,0,1776168257251,False,True
0,85.91,0.05737845,0,0,1776168264040,True,True
0,85.92,0.40833351,0,0,1776168264040,True,True
0,85.91,0.01973,0,0,1776168283230,True,True
0,85.91,0.03744163,0,0,1776168287936,True,True
0,85.92,0.00936837,0,0,1776168287936,True,True
0,85.9,0.10951166,0,0,1776168293825,False,True
0,85.9,0.05681044,0,0,1776168306822,True,True
0,85.91,1.28908751,0,0,1776168306822,True,True
0,85.9,0.05662064,0,0,1776168307298,True,True
0,85.91,0.12288936,0,0,1776168307298,True,True
0,85.9,0.01127,0,0,1776168322392,True,True
0,85.9,0.04441852,0,0,1776168326382,True,True
0,85.9,0.28154189,0,0,1776168326382,True,True
0,85.89,1.86213119,0,0,1776168335350,False,True
0,85.9,0.02327,0,0,1776168352535,False,True
0,85.9,0.06729,0,0,1776168362492,False,True
0,85.89,0.19912815,0,0,1776168366232,False,True
0,85.9,0.05547759,0,0,1776168370300,True,True
0,85.9,0.21555241,0,0,1776168370300,True,True
0,85.9,0.01452,0,0,1776168376682,True,True
0,85.89,13.0,0,0,1776168379281,False,True
0,85.9,0.05919,0,0,1776168389650,True,True
0,85.9,1.31,0,0,1776168393179,True,True
0,85.9,0.17088706,0,0,1776168394318,True,True
0,85.9,0.01691,0,0,1776168398620,True,True
0,85.91,0.03039,0,0,1776168412344,True,True
0,85.9,0.02320605,0,0,1776168414331,True,True
0,85.9,0.06544,0,0,1776168415290,False,True
0,85.92,0.05273471,0,0,1776168424609,True,True
0,85.93,0.43197337,0,0,1776168424609,True,True
0,85.93,0.05250462,0,0,1776168432293,True,True
0,85.94,0.25049538,0,0,1776168432293,True,True
0,85.94,0.43534,0,0,1776168436060,True,True
0,85.92,0.0169,0,0,1776168437986,True,True
0,85.92,0.03468112,0,0,1776168438349,True,True
0,85.93,7.7625,0,0,1776168438349,True,True
0,85.93,2.11417283,0,0,1776168438349,True,True
0,85.92,0.05146977,0,0,1776168440082,True,True
0,85.93,0.22917276,0,0,1776168440082,True,True
0,85.92,0.05130466,0,0,1776168443997,True,True
0,85.93,0.27450404,0,0,1776168443997,True,True
0,85.92,0.05113995,0,0,1776168449442,True,True
0,85.92,0.72967001,0,0,1776168449442,True,True
0,85.95,0.04953507,0,0,1776168518956,True,True
0,85.95,0.03126493,0,0,1776168518956,True,True
0,85.97,0.04889084,0,0,1776168528446,True,True
0,85.97,2.49748916,0,0,1776168528446,True,True
0,85.96,0.03873,0,0,1776168542886,False,True
0,85.97,0.7529472,0,0,1776168543697,True,True
0,85.97,0.04868129,0,0,1776168543697,True,True
0,85.99,6.38715999,0,0,1776168543697,True,True
0,85.98,0.21472784,0,0,1776168549491,True,True
0,85.96,0.02,0,0,1776168557965,False,True
0,85.97,0.048431,0,0,1776168563746,True,True
0,85.97,0.27722612,0,0,1776168563746,True,True
0,85.97,0.05962,0,0,1776168578663,False,True
0,85.97,0.71135279,0,0,1776168580258,False,True
0,86.0,1.19836457,0,0,1776168603782,True,True
0,86.0,1.55824263,0,0,1776168603782,True,True
0,86.0,0.06083275,0,0,1776168612536,True,True
0,86.01,0.04836584,0,0,1776168612536,True,True
0,86.01,0.44176228,0,0,1776168612536,True,True
0,86.01,0.34136,0,0,1776168619905,True,True
0,85.99,0.2,0,0,1776168639282,False,True
0,86.0,0.04655933,0,0,1776168646898,True,True
0,86.0,0.15544067,0,0,1776168646898,True,True
0,85.99,0.18330038,0,0,1776168648536,False,True
0,85.98,0.05310009,0,0,1776168648594,True,True
0,85.97,5.4305403,0,0,1776168648684,False,True
0,85.97,2.63213459,0,0,1776168648826,False,True
0,85.97,2.40469347,0,0,1776168648826,False,True
0,85.97,0.00139981,0,0,1776168648826,False,True
0,85.93,0.05310009,0,0,1776168655590,False,True
0,85.93,1.39918355,0,0,1776168664520,True,True
0,85.92,0.09887,0,0,1776168670917,False,True
0,85.92,2.59747543,0,0,1776168674214,False,True
0,85.9,0.04567597,0,0,1776168678911,True,True
0,85.9,1.12420027,0,0,1776168678911,True,True
0,85.9,2.24651376,0,0,1776168678911,True,True
0,85.9,0.32584661,0,0,1776168680940,True,True
0,85.9,0.23052,0,0,1776168682033,True,True
0,85.9,4.95961963,0,0,1776168686255,True,True
0,85.9,3.43051072,0,0,1776168686255,True,True
0,85.9,1.12816,0,0,1776168698567,True,True
0,85.9,0.01973,0,0,1776168708595,True,True
0,85.9,1.1275,0,0,1776168709290,True,True
0,85.9,0.101,0,0,1776168710173,True,True
0,85.89,5.89577873,0,0,1776168731661,False,True
0,85.87,3.33333333,0,0,1776168731661,False,True
0,85.87,15.50921183,0,0,1776168731661,False,True
0,85.87,0.02074,0,0,1776168733669,True,True
0,85.86,0.23993969,0,0,1776168735410,False,True
0,85.87,0.02884822,0,0,1776168736616,True,True
0,85.88,7.7625,0,0,1776168736616,True,True
0,85.88,116.44404277,0,0,1776168736616,True,True
0,85.89,13.2960409,0,0,1776168736616,True,True
0,85.87,0.049496,0,0,1776168738021,True,True
0,85.88,7.7625,0,0,1776168738021,True,True
0,85.88,42.188004,0,0,1776168738021,True,True
0,85.88,0.03136,0,0,1776168738113,True,True
0,85.85,0.04934192,0,0,1776168742488,True,True
0,85.86,0.38935808,0,0,1776168742488,True,True
0,85.84,0.87284,0,0,1776168742848,False,True
0,85.81,0.04046,0,0,1776168762899,False,True
0,85.83,3.04678296,0,0,1776168782388,False,True
0,85.83,5.19354235,0,0,1776168782388,False,True
0,85.84,0.04677923,0,0,1776168786339,True,True
0,85.84,0.8549278,0,0,1776168786339,True,True
0,85.85,0.22645297,0,0,1776168786339,True,True
0,85.84,0.01494,0,0,1776168789993,False,True
0,85.82,0.04607002,0,0,1776168796432,True,True
0,85.83,0.25209023,0,0,1776168796432,True,True
0,85.8,1.62848855,0,0,1776168800565,False,True
0,85.82,0.04592324,0,0,1776168801407,True,True
0,85.82,0.28030302,0,0,1776168801407,True,True
0,85.8,0.01425,0,0,1776168804736,False,True
0,85.8,0.02328,0,0,1776168808492,False,True
0,85.8,2.44393455,0,0,1776168808855,False,True
0,85.8,0.70617249,0,0,1776168808855,False,True
0,85.8,0.04517662,0,0,1776168816485,True,True
0,85.81,0.29694338,0,0,1776168816485,True,True
0,85.81,3.25815,0,0,1776168826665,True,True
0,85.81,1.68193,0,0,1776168827120,True,True
0,85.8,3.15010704,0,0,1776168828803,False,True
0,85.8,17.36963,0,0,1776168828803,False,True
0,85.79,7.7625,0,0,1776168828803,False,True
0,85.79,35.76261141,0,0,1776168828803,False,True
0,85.79,0.02973207,0,0,1776168830220,False,True
0,85.8,0.04457235,0,0,1776168842830,True,True
0,85.81,0.21321765,0,0,1776168842830,True,True
0,85.83,0.44337973,0,0,1776168861837,False,True
0,85.84,0.04394506,0,0,1776168870757,True,True
0,85.84,0.52013494,0,0,1776168870757,True,True
0,85.84,0.29255681,0,0,1776168878069,True,True
0,85.84,0.04326637,0,0,1776168878069,True,True
0,85.86,0.58668682,0,0,1776168878069,True,True
0,85.84,0.04513789,0,0,1776168878359,True,True
0,85.86,0.12873211,0,0,1776168878359,True,True
0,85.83,0.05824,0,0,1776168884417,False,True
0,85.85,0.01692,0,0,1776168887041,True,True
0,85.83,0.05825468,0,0,1776168895229,False,True
0,85.83,0.64518924,0,0,1776168895229,False,True
0,85.84,0.02709496,0,0,1776168900040,True,True
0,85.84,0.08824504,0,0,1776168900040,True,True
0,85.84,0.04406511,0,0,1776168901915,True,True
0,85.86,0.02894,0,0,1776168907540,True,True
0,85.85,0.03596,0,0,1776168908899,False,True
0,85.85,0.32611227,0,0,1776168913106,True,True
0,85.81,0.04244293,0,0,1776168921918,True,True
0,85.87,0.01406872,0,0,1776168929659,True,True
0,85.87,0.02764792,0,0,1776168938595,True,True
0,85.87,0.54181208,0,0,1776168938595,True,True
0,85.88,0.03261,0,0,1776168942229,False,True
0,85.89,0.04107599,0,0,1776168961895,True,True
0,85.9,1.99121222,0,0,1776168962159,True,True
0,85.89,0.174621,0,0,1776168973707,True,True
0,85.87,0.02328,0,0,1776168980865,False,True
0,85.88,0.04088773,0,0,1776168988736,True,True
0,85.89,0.13375327,0,0,1776168988736,True,True
0,85.89,0.04071425,0,0,1776168991890,True,True
0,85.91,0.19339,0,0,1776169005881,True,True
0,85.91,0.0267,0,0,1776169008717,True,True
0,85.9,0.02328,0,0,1776169010123,False,True
0,85.91,0.01335967,0,0,1776169011880,True,True
0,85.92,0.03950381,0,0,1776169023716,True,True
0,85.92,0.19816619,0,0,1776169023716,True,True
0,85.91,0.07188,0,0,1776169025476,False,True
0,85.93,0.32588454,0,0,1776169036215,True,True
0,85.92,0.56416666,0,0,1776169036710,False,True
0,85.92,0.53884193,0,0,1776169039196,False,True
0,85.91,1.0926,0,0,1776169041912,True,True
0,85.89,0.04973,0,0,1776169046220,False,True
0,85.91,1.01020559,0,0,1776169073186,False,True
0,85.92,6.56148642,0,0,1776169082249,True,True
0,85.93,0.372439,0,0,1776169084460,True,True
0,85.92,1.07705,0,0,1776169088997,False,True
0,85.92,0.372439,0,0,1776169092405,False,True
0,85.91,0.02319,0,0,1776169099706,False,True
0,85.92,0.301569,0,0,1776169109772,True,True
0,85.91,0.05822,0,0,1776169112903,False,True
0,85.91,0.301569,0,0,1776169120430,False,True
0,85.92,0.2971156,0,0,1776169132385,True,True
0,85.93,0.0338927,0,0,1776169136470,True,True
0,85.93,0.45557,0,0,1776169141424,True,True
0,85.89,0.05735,0,0,1776169156417,False,True
0,85.9,0.32584661,0,0,1776169158394,True,True
0,85.9,0.10934,0,0,1776169177945,True,True
0,85.89,0.57702,0,0,1776169180171,False,True
0,85.9,0.908032,0,0,1776169185625,True,True
0,85.87,0.908244,0,0,1776169192250,False,True
0,85.87,0.641377,0,0,1776169208448,True,True
0,85.86,0.641377,0,0,1776169214773,False,True
0,85.87,0.02854,0,0,1776169221037,True,True
0,85.86,0.5195827,0,0,1776169222138,False,True
0,85.82,0.21423,0,0,1776169234364,True,True
0,85.78,7.7625,0,0,1776169244493,False,True
0,85.78,3.13282681,0,0,1776169244493,False,True
0,85.78,0.69686879,0,0,1776169244493,False,True
0,85.78,0.59527585,0,0,1776169246127,False,True
0,85.79,0.19338,0,0,1776169246511,True,True
0,85.78,0.93114809,0,0,1776169263702,True,True
0,85.78,0.08038,0,0,1776169264122,True,True
0,85.75,0.0254,0,0,1776169266928,False,True
0,85.76,0.32641641,0,0,1776169268503,True,True
0,85.75,0.23205,0,0,1776169285040,True,True
0,85.76,0.22193,0,0,1776169287036,True,True
0,85.76,0.3983,0,0,1776169289724,True,True
0,85.75,10.15568513,0,0,1776169358995,False,True
0,85.75,7.7625,0,0,1776169358995,False,True
0,85.75,16.40681337,0,0,1776169358995,False,True
0,85.75,34.3249985,0,0,1776169360229,False,True
0,85.75,0.03658,0,0,1776169361070,False,True
0,85.75,34.3249985,0,0,1776169361464,False,True
0,85.76,0.01129,0,0,1776169362715,True,True
0,85.75,3.39545321,0,0,1776169362722,False,True
0,85.75,1.58885958,0,0,1776169362722,False,True
0,85.75,15.93065925,0,0,1776169362722,False,True
0,85.75,13.41002646,0,0,1776169362722,False,True
0,85.75,34.3249985,0,0,1776169363951,False,True
0,85.76,1.54947143,0,0,1776169364934,True,True
0,85.77,1.23405665,0,0,1776169364934,True,True
0,85.77,19.68647156,0,0,1776169364934,True,True
0,85.76,17.36963,0,0,1776169365182,False,True
0,85.76,16.9553685,0,0,1776169365182,False,True
0,85.75,0.11661807,0,0,1776169366412,False,True
0,85.73,7.7625,0,0,1776169366412,False,True
0,85.73,26.44588043,0,0,1776169366412,False,True
0,85.74,17.36963,0,0,1776169367671,False,True
0,85.74,3.2744306,0,0,1776169367671,False,True
0,85.73,7.7625,0,0,1776169367671,False,True
0,85.73,5.9184379,0,0,1776169367671,False,True
0,85.73,34.3249985,0,0,1776169368897,False,True
0,85.74,17.36963,0,0,1776169370128,False,True
0,85.73,7.7625,0,0,1776169370128,False,True
0,85.73,9.1928685,0,0,1776169370128,False,True
0,85.74,17.36963,0,0,1776169371359,False,True
0,85.73,16.9553685,0,0,1776169371359,False,True
0,85.73,17.36963,0,0,1776169372591,False,True
0,85.73,16.9553685,0,0,1776169372591,False,True
0,85.74,14.05747,0,0,1776169373825,False,True
0,85.74,7.7625,0,0,1776169373825,False,True
0,85.74,3.28030995,0,0,1776169373825,False,True
0,85.73,9.22471855,0,0,1776169373825,False,True
0,85.75,1.04671803,0,0,1776169375057,False,True
0,85.75,7.7625,0,0,1776169375057,False,True
0,85.75,3.21509661,0,0,1776169375057,False,True
0,85.74,7.7625,0,0,1776169375057,False,True
0,85.74,3.4381074,0,0,1776169375057,False,True
0,85.74,11.10007646,0,0,1776169375057,False,True
0,85.74,0.05574,0,0,1776169375630,False,True
0,85.74,0.07016278,0,0,1776169375872,False,True
0,85.74,34.3249985,0,0,1776169376287,False,True
0,85.75,0.35807069,0,0,1776169377517,False,True
0,85.75,3.45200682,0,0,1776169377517,False,True
0,85.75,7.7625,0,0,1776169377517,False,True
0,85.75,22.75242099,0,0,1776169377517,False,True
0,85.75,0.02331,0,0,1776169378622,False,True
0,85.75,0.3530391,0,0,1776169378759,False,True
0,85.75,3.38324382,0,0,1776169378759,False,True
0,85.75,3.38276486,0,0,1776169378759,False,True
0,85.75,27.20595072,0,0,1776169378759,False,True
0,85.75,34.3249985,0,0,1776169379989,False,True
0,85.75,0.02329,0,0,1776169380577,False,True
0,85.75,34.3249985,0,0,1776169381222,False,True
0,85.75,0.37458967,0,0,1776169382454,False,True
0,85.75,33.95040883,0,0,1776169382454,False,True
0,85.77,0.04517,0,0,1776169382840,True,True
0,85.76,34.3249985,0,0,1776169383688,False,True
0,85.76,34.3249985,0,0,1776169384943,False,True
0,85.76,34.3249985,0,0,1776169386172,False,True
0,85.76,0.72412044,0,0,1776169387404,False,True
0,85.76,2.96622368,0,0,1776169387404,False,True
0,85.76,3.46898701,0,0,1776169387404,False,True
0,85.76,27.16566737,0,0,1776169387404,False,True
0,85.76,34.3249985,0,0,1776169388639,False,True
0,85.77,0.32645447,0,0,1776169388861,True,True
0,85.76,0.64421754,0,0,1776169389580,False,True
0,85.76,34.3249985,0,0,1776169389870,False,True
0,85.76,1.45573294,0,0,1776169391101,False,True
0,85.76,2.90540074,0,0,1776169391101,False,True
0,85.76,29.96386482,0,0,1776169391101,False,True
0,85.77,1.44805852,0,0,1776169392334,False,True
0,85.77,32.87693998,0,0,1776169392334,False,True
0,85.78,0.04412,0,0,1776169393250,True,True
0,85.77,34.3249985,0,0,1776169393567,False,True
0,85.78,1.09143808,0,0,1776169394799,False,True
0,85.77,3.26381443,0,0,1776169394799,False,True
0,85.77,7.7625,0,0,1776169394799,False,True
0,85.77,22.20724596,0,0,1776169394799,False,True
0,85.79,0.02053,0,0,1776169395788,True,True
0,85.79,2.71618,0,0,1776169396699,True,True
0,85.79,0.03311,0,0,1776169402963,True,True
0,85.78,0.23079,0,0,1776169415446,True,True
0,85.77,0.02046,0,0,1776169416353,False,True
0,85.8,0.040947,0,0,1776169420943,True,True
0,85.8,0.022949,0,0,1776169421210,True,True
0,85.8,0.32626,0,0,1776169424924,True,True
0,85.8,20.67665987,0,0,1776169430950,True,True
0,85.8,27.60337044,0,0,1776169431837,True,True
0,85.79,0.03873,0,0,1776169444986,False,True
0,85.79,0.10077,0,0,1776169445113,False,True
0,85.8,0.56993,0,0,1776169451186,True,True
0,85.75,3.43837991,0,0,1776169464615,True,True
0,85.75,2.83596009,0,0,1776169464615,True,True
0,85.75,0.02241781,0,0,1776169467411,True,True
0,85.78,0.05861,0,0,1776169472015,True,True
0,85.75,0.11466995,0,0,1776169477013,False,True
0,85.73,0.01738,0,0,1776169486514,False,True
0,85.77,0.32653061,0,0,1776169506129,True,True
0,85.76,0.0233209,0,0,1776169512258,False,True
0,85.73,0.25633941,0,0,1776169512258,False,True
0,85.75,0.54452,0,0,1776169526991,True,True
0,85.74,0.07978461,0,0,1776169527468,False,True
0,85.74,0.14819,0,0,1776169529176,True,True
0,85.74,4.62858,0,0,1776169530087,False,True
0,85.74,3.2188535,0,0,1776169530953,True,True
0,85.75,0.4696465,0,0,1776169530953,True,True
0,85.72,0.77263215,0,0,1776169539750,True,True
0,85.73,6.81162467,0,0,1776169539750,True,True
0,85.73,1.43613488,0,0,1776169545935,True,True
0,85.73,0.0605389,0,0,1776169552340,True,True
0,85.76,3.29015697,0,0,1776169564833,True,True
0,85.74,0.21005604,0,0,1776169565026,False,True
0,85.77,15.0,0,0,1776169588447,True,True
0,85.78,0.02837,0,0,1776169590439,True,True
0,85.76,23.12588769,0,0,1776169591288,False,True
0,85.76,9.0232867,0,0,1776169591288,False,True
0,85.76,12.0,0,0,1776169591288,False,True
0,85.76,24.18986925,0,0,1776169591288,False,True
0,85.79,0.01435,0,0,1776169613783,True,True
0,85.78,0.03106,0,0,1776169618272,False,True
0,85.8,0.32637836,0,0,1776169621944,True,True
0,85.8,0.03773,0,0,1776169633257,True,True
0,85.8,12.02985012,0,0,1776169641176,True,True
0,85.8,0.04482,0,0,1776169645398,True,True
0,85.79,1.3,0,0,1776169647783,False,True
0,85.8,0.02063,0,0,1776169658940,True,True
0,85.79,14.6622747,0,0,1776169668798,False,True
0,85.8,20.0,0,0,1776169676311,True,True
0,85.78,0.29937048,0,0,1776169703805,True,True
0,85.77,0.02,0,0,1776169707276,False,True
0,85.77,0.04045,0,0,1776169710497,False,True
0,85.71,7.7625,0,0,1776169721433,False,True
0,85.71,19.85683271,0,0,1776169721433,False,True
0,85.7,7.90140023,0,0,1776169731518,False,True
0,85.68,0.32660678,0,0,1776169733709,True,True
0,85.7,0.02258,0,0,1776169740041,True,True
0,85.69,0.040947,0,0,1776169740492,False,True
0,85.69,3.17034692,0,0,1776169748108,False,True
0,85.68,90.08935308,0,0,1776169748108,False,True
0,85.71,0.11661,0,0,1776169758117,False,True
0,85.71,0.02332,0,0,1776169774614,False,True
0,85.73,0.02259,0,0,1776169775823,True,True
0,85.7,7.7625,0,0,1776169780646,False,True
0,85.69,11.46548311,0,0,1776169780646,False,True
0,85.69,16.83774589,0,0,1776169780650,False,True
0,85.69,0.02332,0,0,1776169782172,True,True
0,85.69,0.0113,0,0,1776169782684,True,True
0,85.69,0.99969999,0,0,1776169791374,False,True
0,85.69,0.02008,0,0,1776169796047,True,True
0,85.71,1.47784301,0,0,1776169801536,True,True
0,85.79,15.0,0,0,1776169803150,True,True
0,85.8,51.70937602,0,0,1776169803298,True,True
0,85.8,0.57688611,0,0,1776169803298,True,True
0,85.8,2.63014168,0,0,1776169803298,True,True
0,85.8,0.15062832,0,0,1776169803300,True,True
0,85.75,0.0282,0,0,1776169817433,False,True
0,85.85,0.03744356,0,0,1776169830307,False,True
0,85.83,12.0,0,0,1776169837558,False,True
0,85.8,11.22132154,0,0,1776169837558,False,True
0,85.8,12.02976861,0,0,1776169837558,False,True
0,85.8,8.88337068,0,0,1776169837558,False,True
0,85.83,4.79766912,0,0,1776169837570,False,True
0,85.83,7.20233088,0,0,1776169837573,False,True
0,85.79,2.43740501,0,0,1776169837584,False,True
0,85.79,2.40623417,0,0,1776169837584,False,True
0,85.79,2.40623417,0,0,1776169837585,False,True
0,85.79,12.36251658,0,0,1776169837587,False,True
0,85.79,1.1657729,0,0,1776169837589,False,True
0,85.79,3.14841263,0,0,1776169837606,False,True
0,85.78,1.1657729,0,0,1776169837606,False,True
0,85.77,1.39104656,0,0,1776169837606,False,True
0,85.77,4.81359051,0,0,1776169837608,False,True
0,85.77,4.81359052,0,0,1776169837608,False,True
0,85.72,0.29443299,0,0,1776169837819,False,True
0,85.71,0.12556701,0,0,1776169837819,False,True
0,85.72,32.1876435,0,0,1776169839352,True,True
0,85.73,8.37732252,0,0,1776169839371,True,True
0,85.73,6.62267748,0,0,1776169839375,True,True
0,85.73,0.04323,0,0,1776169843832,False,True
0,85.75,0.32653061,0,0,1776169851215,True,True
0,85.73,0.21414765,0,0,1776169856320,False,True
0,85.74,3.19331105,0,0,1776169857505,True,True
0,85.74,1.69583895,0,0,1776169857505,True,True
0,85.64,0.03401214,0,0,1776169900025,False,True
0,85.64,0.48590786,0,0,1776169900025,False,True
0,85.65,2.95710454,0,0,1776169910695,False,True
0,85.65,116.75423234,0,0,1776169910695,False,True
0,85.64,2.94735745,0,0,1776169910695,False,True
0,85.64,7.7625,0,0,1776169910695,False,True
0,85.63,0.03401379,0,0,1776169910695,False,True
0,85.63,81.700692,0,0,1776169910695,False,True
0,85.62,0.03401542,0,0,1776169910695,False,True
0,85.62,12.0,0,0,1776169910695,False,True
0,85.62,7.7625,0,0,1776169910695,False,True
0,85.61,0.03401706,0,0,1776169910695,False,True
0,85.61,7.7625,0,0,1776169910695,False,True
0,85.6,0.03401869,0,0,1776169910695,False,True
0,85.6,7.7625,0,0,1776169910695,False,True
0,85.6,11.93163799,0,0,1776169910695,False,True
0,85.6,37.03110678,0,0,1776169910695,False,True
0,85.66,62.66021115,0,0,1776169910876,True,True
0,85.67,9.77796263,0,0,1776169910876,True,True
0,85.67,15.11747836,0,0,1776169910876,True,True
0,85.67,2.32576821,0,0,1776169910876,True,True
0,85.67,9.30305611,0,0,1776169910876,True,True
0,85.67,4.6515331,0,0,1776169910876,True,True
0,85.67,11.35920159,0,0,1776169910876,True,True
0,85.67,7.7625,0,0,1776169910876,True,True
0,85.68,7.7625,0,0,1776169910876,True,True
0,85.68,32.17927414,0,0,1776169910876,True,True
0,85.68,6.99469639,0,0,1776169910876,True,True
0,85.68,28.01722788,0,0,1776169910876,True,True
0,85.68,18.0914,0,0,1776169910876,True,True
0,85.68,0.4178252,0,0,1776169910876,True,True
0,85.68,5.95354692,0,0,1776169910876,True,True
0,85.68,116.72453283,0,0,1776169910876,True,True
0,85.68,15.0,0,0,1776169910876,True,True
0,85.69,7.7625,0,0,1776169910876,True,True
0,85.69,0.25,0,0,1776169910876,True,True
0,85.69,104.30942025,0,0,1776169910876,True,True
0,85.69,0.54232751,0,0,1776169910876,True,True
0,85.69,0.02191026,0,0,1776169910876,True,True
0,85.69,52.06456712,0,0,1776169910876,True,True
0,85.69,0.67029893,0,0,1776169910876,True,True
0,85.69,5.21809107,0,0,1776169910876,True,True
0,85.69,0.22777237,0,0,1776169910876,True,True
0,85.69,2.34398573,0,0,1776169910876,True,True
0,85.69,0.1572,0,0,1776169910876,True,True
0,85.69,0.08511673,0,0,1776169910876,True,True
0,85.69,0.54735866,0,0,1776169910876,True,True
0,85.69,1.0,0,0,1776169910876,True,True
0,85.69,0.8471,0,0,1776169910876,True,True
0,85.69,0.78065,0,0,1776169910876,True,True
0,85.69,9.97201569,0,0,1776169910876,True,True
0,85.69,0.63182,0,0,1776169910876,True,True
0,85.69,0.26086463,0,0,1776169910876,True,True
0,85.69,0.08520998,0,0,1776169910876,True,True
0,85.69,1.43015,0,0,1776169910876,True,True
0,85.69,0.02926719,0,0,1776169910876,True,True
0,85.69,0.01205,0,0,1776169910876,True,True
0,85.69,0.05036518,0,0,1776169910876,True,True
0,85.69,0.06804626,0,0,1776169910876,True,True
0,85.69,54.76474451,0,0,1776169910876,True,True
0,85.7,7.7625,0,0,1776169910876,True,True
0,85.71,7.7625,0,0,1776169910876,True,True
0,85.71,24.29871686,0,0,1776169910876,True,True
0,85.71,26.52133396,0,0,1776169910876,True,True
0,85.71,11.66725002,0,0,1776169910876,True,True
0,85.72,7.7625,0,0,1776169910876,True,True
0,85.72,7.25527711,0,0,1776169910876,True,True
0,85.72,84.69975,0,0,1776169910876,True,True
0,85.72,0.45926023,0,0,1776169910876,True,True
0,85.72,3.998,0,0,1776169910876,True,True
0,85.72,3.49834995,0,0,1776169910876,True,True
0,85.72,3.500099,0,0,1776169910876,True,True
0,85.72,0.21017976,0,0,1776169910876,True,True
0,85.73,0.39351187,0,0,1776169910876,True,True
0,85.73,7.36898813,0,0,1776169910876,True,True
0,85.73,15.680641,0,0,1776169910876,True,True
0,85.73,15.544,0,0,1776169910876,True,True
0,85.73,17.28474206,0,0,1776169910876,True,True
0,85.73,72.02393036,0,0,1776169910876,True,True
0,85.73,31.60648859,0,0,1776169910876,True,True
0,85.73,28.89106928,0,0,1776169910876,True,True
0,85.73,0.02399,0,0,1776169910876,True,True
0,85.73,0.14429367,0,0,1776169910876,True,True
0,85.73,1.96584334,0,0,1776169910876,True,True
0,85.73,1.83822666,0,0,1776169910876,True,True
0,85.73,0.025,0,0,1776169910876,True,True
0,85.73,56.51677334,0,0,1776169910876,True,True
0,85.74,7.7625,0,0,1776169910876,True,True
0,85.74,65.87975448,0,0,1776169910876,True,True
0,85.74,65.84361851,0,0,1776169910876,True,True
0,85.74,0.03597,0,0,1776169910876,True,True
0,85.74,43.30365701,0,0,1776169910876,True,True
0,85.74,87.87152955,0,0,1776169910876,True,True
0,85.74,34.48001,0,0,1776169910876,True,True
0,85.74,34.30883344,0,0,1776169910876,True,True
0,85.74,4.47832169,0,0,1776169910876,True,True
0,85.74,1.71160579,0,0,1776169910876,True,True
0,85.74,2.23916085,0,0,1776169910876,True,True
0,85.74,36.94309,0,0,1776169910876,True,True
0,85.74,35.0,0,0,1776169910876,True,True
0,85.74,2.23916085,0,0,1776169910876,True,True
0,85.74,2.07465418,0,0,1776169910876,True,True
0,85.74,4.4783217,0,0,1776169910876,True,True
0,85.74,4.47832169,0,0,1776169910876,True,True
0,85.74,6.35736325,0,0,1776169910876,True,True
0,85.74,120.24455736,0,0,1776169910876,True,True
0,85.74,100.24455736,0,0,1776169910876,True,True
0,85.74,103.09025052,0,0,1776169910876,True,True
0,85.67,0.3268,0,0,1776169911691,True,True
0,85.66,0.62981496,0,0,1776169917292,True,True
0,85.65,0.01757,0,0,1776169928483,False,True
0,85.71,1.62951,0,0,1776169938066,True,True
0,85.7,0.02091,0,0,1776169947240,True,True
0,85.7,0.02588,0,0,1776169949360,True,True
0,85.67,0.09600339,0,0,1776169966867,False,True
0,85.65,0.0239,0,0,1776169971081,False,True
0,85.66,0.32679738,0,0,1776169971185,True,True
0,85.67,0.03223,0,0,1776169973056,False,True
0,85.66,12.0,0,0,1776169986028,False,True
0,85.65,12.0,0,0,1776169986078,False,True
0,85.63,0.39626,0,0,1776169987628,False,True
0,85.63,49.60690715,0,0,1776169989139,False,True
0,85.63,0.48791,0,0,1776169989461,False,True
0,85.64,1.48075173,0,0,1776170006719,True,True
0,85.66,15.0,0,0,1776170006719,True,True
0,85.66,10.24521031,0,0,1776170006719,True,True
0,85.67,7.7625,0,0,1776170006719,True,True
0,85.67,7.8,0,0,1776170006719,True,True
0,85.67,32.18241801,0,0,1776170006719,True,True
0,85.67,56.177,0,0,1776170006719,True,True
0,85.67,116.72932024,0,0,1776170006719,True,True
0,85.68,7.7625,0,0,1776170006719,True,True
0,85.68,52.525,0,0,1776170006719,True,True
0,85.68,157.44543839,0,0,1776170006719,True,True
0,85.69,7.7625,0,0,1776170006719,True,True
0,85.69,52.493,0,0,1776170006719,True,True
0,85.69,0.25,0,0,1776170006719,True,True
0,85.7,7.7625,0,0,1776170006719,True,True
0,85.7,92.677074,0,0,1776170006719,True,True
0,85.7,157.44543839,0,0,1776170006719,True,True
0,85.71,7.7625,0,0,1776170006719,True,True
0,85.71,7.8,0,0,1776170006719,True,True
0,85.71,11.66725002,0,0,1776170006719,True,True
0,85.71,11.66725002,0,0,1776170006719,True,True
0,85.72,7.39687196,0,0,1776170006719,True,True
0,85.72,7.7625,0,0,1776170006719,True,True
0,85.73,7.7625,0,0,1776170006719,True,True
0,85.73,583.26369679,0,0,1776170006719,True,True
0,85.73,71.41678014,0,0,1776170006719,True,True
0,85.69,0.061,0,0,1776170027245,False,True
0,85.73,0.07041379,0,0,1776170047526,False,True
0,85.74,15.0,0,0,1776170048905,True,True
0,85.75,3.16972627,0,0,1776170048905,True,True
0,85.75,7.7625,0,0,1776170048905,True,True
0,85.75,56.246,0,0,1776170048905,True,True
0,85.76,7.7625,0,0,1776170048905,True,True
0,85.76,7.51054715,0,0,1776170048905,True,True
0,85.76,6.4320373,0,0,1776170048905,True,True
0,85.76,116.61418076,0,0,1776170048905,True,True
0,85.77,7.7625,0,0,1776170048905,True,True
0,85.77,0.25,0,0,1776170048905,True,True
0,85.77,52.511,0,0,1776170048905,True,True
0,85.77,52.486,0,0,1776170048905,True,True
0,85.78,7.7625,0,0,1776170048905,True,True
0,85.78,157.3477458,0,0,1776170048905,True,True
0,85.79,7.7625,0,0,1776170048905,True,True
0,85.79,78.00462,0,0,1776170048905,True,True
0,85.79,32.1370163,0,0,1776170048905,True,True
0,85.79,152.30624357,0,0,1776170048905,True,True
0,85.8,157.3477458,0,0,1776170048905,True,True
0,85.8,7.7625,0,0,1776170048905,True,True
0,85.8,11.65501165,0,0,1776170048905,True,True
0,85.81,54.4071254,0,0,1776170048905,True,True
0,85.74,3.09457588,0,0,1776170064707,True,True
0,85.75,36.33614815,0,0,1776170064707,True,True
0,85.75,56.266,0,0,1776170064707,True,True
0,85.77,44.30327597,0,0,1776170064707,True,True
0,85.77,0.04766,0,0,1776170068500,True,True
0,85.76,0.042113,0,0,1776170081311,True,True
0,85.76,0.32649253,0,0,1776170083332,True,True
0,85.76,0.19753074,0,0,1776170088964,True,True
0,85.76,0.02275186,0,0,1776170089893,True,True
0,85.77,0.03568,0,0,1776170094371,True,True
0,85.77,0.01694,0,0,1776170095572,True,True
0,85.78,3.31206881,0,0,1776170104417,True,True
0,85.79,66.62653852,0,0,1776170104417,True,True
0,85.76,0.17210237,0,0,1776170110545,True,True
0,85.75,0.01283,0,0,1776170114422,False,True
0,85.75,0.05702466,0,0,1776170115231,False,True
0,85.74,3.41188524,0,0,1776170121620,False,True
0,85.74,3.7103064,0,0,1776170121620,False,True
0,85.74,0.03121,0,0,1776170121888,False,True
0,85.74,0.05081,0,0,1776170122156,False,True
0,85.8,22.47785961,0,0,1776170138942,True,True
0,85.77,0.0583,0,0,1776170146912,False,True
0,85.78,0.03979101,0,0,1776170161375,True,True
0,85.78,0.01725,0,0,1776170178740,True,True
0,85.77,1.3247998,0,0,1776170194804,False,True
0,85.82,0.32641641,0,0,1776170205364,True,True
0,85.87,0.16269,0,0,1776170221930,True,True
0,85.85,1.39839,0,0,1776170225322,True,True
0,85.85,0.04991,0,0,1776170225812,True,True
0,85.81,2.0931507,0,0,1776170282991,False,True
0,85.82,0.174784,0,0,1776170286281,True,True
0,85.82,0.05117563,0,0,1776170287860,True,True
0,85.82,0.19753074,0,0,1776170309899,False,True
0,85.87,0.2806332,0,0,1776170315626,True,True
0,85.86,1.09375,0,0,1776170316084,True,True
0,85.85,0.82813,0,0,1776170316200,True,True
0,85.85,0.32618825,0,0,1776170318856,True,True
0,85.88,0.03599301,0,0,1776170323123,True,True
0,85.86,0.03103773,0,0,1776170331138,True,True
0,85.87,0.34187,0,0,1776170333986,True,True
0,85.9,0.02329,0,0,1776170356619,False,True
0,85.91,0.02329,0,0,1776170367976,False,True
0,85.92,0.05105024,0,0,1776170369070,True,True
0,85.91,0.05117563,0,0,1776170398619,False,True
0,85.91,0.042113,0,0,1776170400491,False,True
0,85.91,10.7769211,0,0,1776170408933,False,True
0,85.91,0.05566,0,0,1776170410981,False,True
0,85.91,0.3983,0,0,1776170414106,False,True
0,85.91,0.01344724,0,0,1776170414917,False,True
0,85.92,0.2168,0,0,1776170415122,True,True
0,85.92,1.25914335,0,0,1776170430226,True,True
0,85.94,8.75233783,0,0,1776170430226,True,True
0,85.94,35.06163882,0,0,1776170430226,True,True
0,85.92,7.7625,0,0,1776170433036,False,True
0,85.92,0.64740204,0,0,1776170433036,False,True
0,85.94,0.3258087,0,0,1776170438529,True,True
0,85.93,0.04461,0,0,1776170440284,False,True
0,85.94,0.06866,0,0,1776170440859,True,True
0,85.93,0.02328,0,0,1776170449337,False,True
0,85.94,3.02813989,0,0,1776170455353,True,True
0,85.94,1.61466011,0,0,1776170455353,True,True
0,85.93,4.93913622,0,0,1776170455489,False,True
0,85.93,0.01531,0,0,1776170455996,False,True
0,85.94,0.03667,0,0,1776170458977,True,True
0,85.94,0.22816,0,0,1776170462974,True,True
0,85.94,0.22095415,0,0,1776170464912,True,True
0,85.93,0.0738,0,0,1776170476375,False,True
0,85.93,4.73047024,0,0,1776170483060,False,True
0,85.93,2.36523411,0,0,1776170483061,False,True
0,85.93,3.15364549,0,0,1776170483062,False,True
0,85.93,7.62064916,0,0,1776170483072,False,True
0,85.89,0.05105024,0,0,1776170490237,False,True
0,85.9,1.14158,0,0,1776170505169,True,True
0,85.87,0.02872915,0,0,1776170517353,False,True
0,85.89,0.21547,0,0,1776170517597,True,True
0,85.88,2.16762,0,0,1776170522005,True,True
0,85.88,0.32603632,0,0,1776170552635,True,True
0,85.88,0.03556,0,0,1776170564367,True,True
0,85.85,0.04103,0,0,1776170598107,False,True
0,85.85,0.0141,0,0,1776170607557,True,True
0,85.77,0.02329,0,0,1776170629723,False,True
0,85.73,2.64557,0,0,1776170633887,False,True
0,85.76,1.30005,0,0,1776170635843,True,True
0,85.74,2.79752,0,0,1776170638997,False,True
0,85.81,0.01128,0,0,1776170654549,True,True
0,85.8,1.63871441,0,0,1776170655469,False,True
0,85.83,0.32630229,0,0,1776170669717,True,True
0,85.83,0.29288,0,0,1776170682713,True,True
0,85.82,4.49772085,0,0,1776170693733,True,True
0,85.82,13.84625495,0,0,1776170693733,True,True
0,85.82,0.02045,0,0,1776170693871,True,True
0,85.8,0.02255,0,0,1776170695311,False,True
0,85.78,0.019,0,0,1776170717013,False,True
0,85.79,0.05818547,0,0,1776170727543,False,True
0,85.8,1.69689988,0,0,1776170734807,True,True
0,85.8,13.10042012,0,0,1776170734807,True,True
0,85.8,0.01411,0,0,1776170734961,True,True
0,85.8,0.06029,0,0,1776170741779,False,True
0,85.81,0.0254,0,0,1776170742257,True,True
0,85.79,0.174845,0,0,1776170757381,True,True
0,85.79,0.26199271,0,0,1776170767252,True,True
0,85.76,0.174906,0,0,1776170778069,True,True
0,85.76,0.32649253,0,0,1776170785886,True,True
0,85.76,2.15391791,0,0,1776170788828,True,True
0,85.78,0.174845,0,0,1776170795375,True,True
0,85.77,0.71562924,0,0,1776170810343,False,True
0,85.78,0.46523952,0,0,1776170810443,True,True
0,85.78,16.49720744,0,0,1776170824336,True,True
0,85.78,0.03791792,0,0,1776170824722,True,True
0,85.77,0.06006,0,0,1776170826254,False,True
0,85.78,3.5067405,0,0,1776170829259,False,True
0,85.78,6.92458,0,0,1776170835316,True,True
0,85.77,0.04831,0,0,1776170854346,False,True
0,85.79,0.02653,0,0,1776170878483,True,True
0,85.78,0.06086,0,0,1776170883724,False,True
0,85.79,0.14941388,0,0,1776170893861,True,True
0,85.79,0.3231,0,0,1776170895163,True,True
0,85.79,0.32637836,0,0,1776170896794,True,True
0,85.79,0.25023,0,0,1776170907022,False,True
0,85.79,0.39630311,0,0,1776170907730,False,True
0,85.79,0.05829,0,0,1776170912612,False,True
0,85.77,0.06293,0,0,1776170918810,False,True
0,85.83,0.24229011,0,0,1776170937244,False,True
0,85.82,1.10754,0,0,1776170945391,True,True
0,85.85,0.15912,0,0,1776170954161,True,True
0,85.88,0.03104,0,0,1776170970885,True,True
0,85.89,0.97072576,0,0,1776170973671,True,True
0,85.89,0.09152424,0,0,1776170973671,True,True
0,85.87,0.04584,0,0,1776170982882,False,True
0,85.87,0.01128,0,0,1776170989100,True,True
0,85.87,3.53832886,0,0,1776170991156,True,True
0,85.86,0.92262575,0,0,1776170993969,True,True
0,85.86,33.93113425,0,0,1776170993969,True,True
0,85.86,0.13612,0,0,1776170996406,True,True
0,85.85,0.2284,0,0,1776171004032,True,True
0,85.84,0.0171,0,0,1776171011748,False,True
0,85.84,0.03699,0,0,1776171012218,False,True
0,85.85,0.32615026,0,0,1776171015562,True,True
0,85.85,1.08714415,0,0,1776171071288,True,True
0,85.91,1.86592246,0,0,1776171076437,True,True
0,85.91,6.59353754,0,0,1776171076437,True,True
0,85.89,0.02454,0,0,1776171076578,False,True
0,85.9,3.63962,0,0,1776171098026,True,True
0,85.9,0.03945915,0,0,1776171099996,True,True
0,85.91,0.06630085,0,0,1776171099996,True,True
0,85.9,0.03932508,0,0,1776171101678,True,True
0,85.91,0.30239492,0,0,1776171101678,True,True
0,85.89,0.0386959,0,0,1776171120906,True,True
0,85.89,0.29777276,0,0,1776171120906,True,True
0,85.87,0.02897,0,0,1776171124035,True,True
0,85.86,0.23210621,0,0,1776171125649,False,True
0,85.87,0.0096248,0,0,1776171126218,True,True
0,85.87,0.2159252,0,0,1776171126218,True,True
0,85.87,0.27227204,0,0,1776171127262,True,True
0,85.87,0.32607429,0,0,1776171127545,True,True
0,85.87,0.03836644,0,0,1776171151794,True,True
0,85.87,0.31716356,0,0,1776171151794,True,True
0,85.87,0.03821872,0,0,1776171157910,True,True
0,85.88,0.00335128,0,0,1776171157910,True,True
0,85.87,0.02845,0,0,1776171159782,True,True
0,85.87,0.00963804,0,0,1776171159783,True,True
0,85.87,0.00963804,0,0,1776171159783,True,True
0,85.88,3.99625196,0,0,1776171159783,True,True
0,85.86,0.28671,0,0,1776171183077,False,True
0,85.86,0.02,0,0,1776171189765,False,True
0,85.87,0.03795733,0,0,1776171196016,True,True
0,85.87,1.0785672,0,0,1776171196016,True,True
0,85.87,3.41285512,0,0,1776171216475,True,True
0,85.86,3.69329,0,0,1776171216919,False,True
0,85.85,3.33333333,0,0,1776171216919,False,True
0,85.85,55.67,0,0,1776171216919,False,True
0,85.84,32.93985094,0,0,1776171216919,False,True
0,85.84,0.014,0,0,1776171216919,False,True
0,85.85,0.36809815,0,0,1776171225342,False,True
0,85.87,0.03049,0,0,1776171227363,True,True
0,85.85,0.04993,0,0,1776171228038,False,True
0,85.87,0.03654,0,0,1776171228979,True,True
0,85.82,0.01253,0,0,1776171245348,False,True
0,85.83,0.18660639,0,0,1776171248742,False,True
0,85.84,0.64877,0,0,1776171251681,True,True
0,85.83,0.34985299,0,0,1776171255388,False,True
0,85.83,0.02329,0,0,1776171257413,False,True
0,85.9,2.45286,0,0,1776171269822,True,True
0,85.89,0.05597322,0,0,1776171274631,True,True
0,85.9,0.0216671,0,0,1776171281028,False,True
0,85.92,0.11638734,0,0,1776171281409,True,True
0,85.92,0.04261,0,0,1776171288160,False,True
0,85.92,0.71529,0,0,1776171303083,False,True
0,85.94,0.10664,0,0,1776171305540,True,True
0,85.94,0.52362113,0,0,1776171307385,True,True
0,85.94,3.2257,0,0,1776171310140,True,True
0,85.94,0.2254,0,0,1776171315408,True,True
0,85.94,0.03444,0,0,1776171317749,True,True
0,85.93,0.01478,0,0,1776171329111,False,True
0,85.95,15.710652,0,0,1776171336045,True,True
0,85.95,184.289348,0,0,1776171336045,True,True
0,85.95,0.22771,0,0,1776171336679,True,True
0,85.95,0.048085,0,0,1776171341205,True,True
0,85.93,10.46019633,0,0,1776171348805,False,True
0,85.93,0.02329,0,0,1776171367816,False,True
0,85.94,0.03719,0,0,1776171368035,True,True
0,85.94,0.05704,0,0,1776171377032,True,True
0,85.94,3.40445711,0,0,1776171381369,True,True
0,85.94,103.64323947,0,0,1776171389456,True,True
0,85.94,0.02254,0,0,1776171402607,True,True
0,85.94,3.27263206,0,0,1776171413998,True,True
0,85.93,1.15391791,0,0,1776171424711,False,True
0,85.93,6.00431,0,0,1776171425163,False,True
0,85.96,95.1329563,0,0,1776171435473,True,True
0,85.96,9.61652338,0,0,1776171435474,True,True
0,85.94,0.1127,0,0,1776171463087,True,True
0,85.93,132.5444107,0,0,1776171464969,False,True
0,85.93,110.27407139,0,0,1776171464975,False,True
0,85.93,0.42383335,0,0,1776171464975,False,True
0,85.92,5.47027,0,0,1776171474729,False,True
0,85.94,0.29350978,0,0,1776171481640,True,True
0,85.94,0.09275,0,0,1776171486340,True,True
0,86.0,1.15701,0,0,1776171527036,True,True
0,86.01,0.01126,0,0,1776171540865,True,True
0,85.98,0.01126,0,0,1776171563888,True,True
0,85.96,0.02326,0,0,1776171572141,False,True
0,85.99,10.55279796,0,0,1776171575700,True,True
0,85.99,7.7625,0,0,1776171575700,True,True
0,85.99,2.89814843,0,0,1776171575700,True,True
0,85.99,53.78655361,0,0,1776171575700,True,True
0,86.0,0.02302,0,0,1776171577033,True,True
0,85.97,0.01441,0,0,1776171588782,False,True
0,85.99,0.025,0,0,1776171600053,True,True
0,85.99,0.11401,0,0,1776171605040,True,True
0,85.97,0.12,0,0,1776171606146,True,True
0,85.95,0.12,0,0,1776171606368,False,True
0,85.96,0.22915,0,0,1776171609429,True,True
0,85.96,0.20308,0,0,1776171613985,True,True
0,85.96,0.02328,0,0,1776171628635,False,True
0,85.99,0.05257036,0,0,1776171631750,True,True
0,85.99,0.21405,0,0,1776171631783,True,True
0,85.99,0.11514,0,0,1776171642142,True,True
0,85.99,1.09340327,0,0,1776171642412,True,True
0,86.0,0.90659673,0,0,1776171642412,True,True
0,86.02,0.05673915,0,0,1776171644557,True,True
0,86.02,0.02548,0,0,1776171652930,True,True
0,86.02,0.048085,0,0,1776171660551,False,True
0,86.04,3.14383746,0,0,1776171663762,True,True
0,86.05,14.75004535,0,0,1776171663762,True,True
0,86.05,2.34955826,0,0,1776171663762,True,True
0,86.05,2.28048893,0,0,1776171663762,True,True
0,86.05,0.05426,0,0,1776171668238,True,True
0,86.09,7.65923841,0,0,1776171675034,True,True
0,86.09,17.34076159,0,0,1776171675034,True,True
0,86.08,3.03483829,0,0,1776171675763,True,True
0,86.08,2.36771836,0,0,1776171675763,True,True
0,86.07,0.01796,0,0,1776171681918,False,True
0,86.07,0.1342283,0,0,1776171683601,False,True
0,86.09,0.0345,0,0,1776171686035,True,True
0,86.06,0.22721,0,0,1776171695670,True,True
0,86.06,0.01125,0,0,1776171696629,True,True
0,86.05,2.99936,0,0,1776171697233,False,True
0,86.04,0.0233209,0,0,1776171709150,False,True
0,86.06,0.0552454,0,0,1776171728678,False,True
0,86.1,0.2,0,0,1776171741645,True,True
0,86.1,0.01584,0,0,1776171741645,True,True
0,86.1,0.01817869,0,0,1776171741795,True,True
0,86.11,0.28522141,0,0,1776171741795,True,True
0,86.12,0.1146585,0,0,1776171741795,True,True
0,86.12,0.33584319,0,0,1776171745943,True,True
0,86.12,1.16074836,0,0,1776171753150,True,True
0,86.12,0.03401706,0,0,1776171753150,True,True
0,86.13,1.16038065,0,0,1776171754339,True,True
0,86.13,0.03401542,0,0,1776171754339,True,True
0,86.14,0.03401379,0,0,1776171762424,True,True
0,86.15,0.03401214,0,0,1776171762424,True,True
0,86.16,0.0340105,0,0,1776171762424,True,True
0,86.17,0.00334357,0,0,1776171762424,True,True
0,86.17,0.0306653,0,0,1776171762424,True,True
0,86.18,0.0005447,0,0,1776171762424,True,True
0,86.18,0.03346254,0,0,1776171762641,True,True
0,86.18,0.46653746,0,0,1776171762641,True,True
0,86.14,0.01978,0,0,1776171775344,True,True
0,86.13,0.05290369,0,0,1776171785780,True,True
0,86.12,3.80406065,0,0,1776171787360,False,True
0,86.12,0.22779935,0,0,1776171787360,False,True
0,86.14,0.21555464,0,0,1776171791146,False,True
0,86.18,3.19724167,0,0,1776171798331,True,True
0,86.18,1.44324556,0,0,1776171798331,True,True
0,86.15,0.29350978,0,0,1776171804702,False,True
0,86.17,0.02322,0,0,1776171826631,False,True
0,86.17,1.38177389,0,0,1776171829335,False,True
0,86.18,2.24794,0,0,1776171833716,True,True
0,86.14,0.54560705,0,0,1776171851969,False,True
0,86.17,0.10532,0,0,1776171863116,True,True
0,86.16,0.05818013,0,0,1776171868187,False,True
0,86.17,0.46425255,0,0,1776171870148,True,True
0,86.17,0.59092414,0,0,1776171883008,True,True
0,86.17,3.23161081,0,0,1776171883008,True,True
0,86.18,2.08415294,0,0,1776171883008,True,True
0,86.19,0.03400561,0,0,1776171887164,True,True
0,86.19,0.02217439,0,0,1776171887164,True,True
0,86.17,0.125,0,0,1776171904332,True,True
0,86.15,0.103,0,0,1776171905545,False,True
0,86.16,0.05076067,0,0,1776171924198,True,True
0,86.16,7.0332,0,0,1776171925409,True,True
0,86.15,0.02329,0,0,1776171931222,False,True
0,86.18,0.03116,0,0,1776171947741,True,True
0,86.18,0.04874,0,0,1776171949633,True,True
0,86.17,1.23259509,0,0,1776171951856,False,True
0,86.18,2.74243543,0,0,1776171953884,True,True
0,86.19,17.894224,0,0,1776171994960,True,True
0,86.19,32.105776,0,0,1776171994960,True,True
0,86.19,1.42513,0,0,1776172000920,True,True
0,86.17,0.25530928,0,0,1776172006724,False,True
0,86.17,0.74469072,0,0,1776172012101,False,True
0,86.16,1.45439983,0,0,1776172012101,False,True
0,86.18,0.22477,0,0,1776172014703,True,True
0,86.18,0.08151,0,0,1776172028171,True,True
0,86.16,0.01779,0,0,1776172046845,True,True
0,86.15,7.31282781,0,0,1776172059624,False,True
0,86.1,0.05290369,0,0,1776172059759,False,True
0,86.14,21.177895,0,0,1776172061838,True,True
0,86.14,58.61,0,0,1776172061838,True,True
0,86.14,32.00821237,0,0,1776172061838,True,True
0,86.14,3.1334398,0,0,1776172061838,True,True
0,86.14,85.07045283,0,0,1776172061838,True,True
0,86.11,0.05076067,0,0,1776172066993,False,True
0,86.08,0.01370625,0,0,1776172085541,False,True
0,86.09,0.22776,0,0,1776172101679,True,True
0,86.13,1.67868868,0,0,1776172133214,True,True
0,86.12,0.5225267,0,0,1776172139818,False,True
0,86.14,0.3951,0,0,1776172150320,True,True
0,86.14,35.09007544,0,0,1776172155798,True,True
0,86.13,35.47097,0,0,1776172165918,False,True
0,86.12,0.09275,0,0,1776172169131,False,True
0,86.15,0.02412,0,0,1776172187410,False,True
0,86.16,0.06945717,0,0,1776172189897,False,True
0,86.16,0.02322,0,0,1776172193137,False,True
0,86.17,0.03948,0,0,1776172194781,True,True
0,86.16,1.176,0,0,1776172202756,True,True
0,86.16,0.04934,0,0,1776172202856,True,True
0,86.13,0.02323,0,0,1776172207434,False,True
0,86.15,0.36391435,0,0,1776172208164,True,True
0,86.16,0.03487,0,0,1776172213053,True,True
0,86.15,0.04636267,0,0,1776172225519,True,True
0,86.14,0.53823,0,0,1776172229171,True,True
0,86.15,0.36865,0,0,1776172233071,True,True
0,86.13,0.29213951,0,0,1776172245517,True,True
0,86.11,5.6781,0,0,1776172250172,False,True
0,86.12,0.32837306,0,0,1776172259016,True,True
0,86.11,0.0237,0,0,1776172261240,False,True
0,86.12,0.81074178,0,0,1776172267506,True,True
0,86.11,0.3951,0,0,1776172275941,False,True
0,86.12,0.05586782,0,0,1776172286666,True,True
0,86.12,0.84081848,0,0,1776172292685,True,True
0,86.13,0.31450152,0,0,1776172292685,True,True
0,86.13,0.01406,0,0,1776172295788,True,True
0,86.1,0.02328,0,0,1776172310612,False,True
0,86.1,0.20595945,0,0,1776172326385,False,True
0,86.11,0.61427,0,0,1776172327473,True,True
0,86.1,0.77076055,0,0,1776172338042,False,True
0,86.1,0.8704858,0,0,1776172338042,False,True
0,86.08,0.01988,0,0,1776172342006,False,True
0,86.1,0.03036,0,0,1776172345208,True,True
0,86.1,0.16500441,0,0,1776172354077,False,True
0,86.12,0.0206,0,0,1776172354229,True,True
0,86.12,0.0206,0,0,1776172355812,True,True
0,86.1,0.02397,0,0,1776172368622,False,True
0,86.12,0.2839,0,0,1776172370712,True,True
0,86.1,0.29213951,0,0,1776172370869,False,True
0,86.12,0.0145,0,0,1776172378871,False,True
0,86.13,0.53836,0,0,1776172381048,True,True
0,86.12,0.02058,0,0,1776172396063,True,True
0,86.12,0.62703205,0,0,1776172418389,True,True
0,86.12,2.47938183,0,0,1776172420303,True,True
0,86.12,1.23252817,0,0,1776172420303,True,True
0,86.12,3.42670971,0,0,1776172452783,True,True
0,86.12,1.33807029,0,0,1776172452783,True,True
0,86.1,0.01408,0,0,1776172456251,False,True
0,86.12,0.63864375,0,0,1776172483221,True,True
0,86.12,0.01135,0,0,1776172483236,True,True
0,86.11,0.0218,0,0,1776172496377,False,True
0,86.11,8.95477221,0,0,1776172503070,True,True
0,86.11,3.43607014,0,0,1776172510999,True,True
0,86.11,22.94578953,0,0,1776172522079,True,True
0,86.12,2.94135233,0,0,1776172534223,False,True
0,86.12,7.7625,0,0,1776172534223,False,True
0,86.12,1.39919767,0,0,1776172534223,False,True
0,86.12,0.05378,0,0,1776172534467,False,True
0,86.12,0.05078,0,0,1776172534844,False,True
0,86.11,1.3497,0,0,1776172546401,True,True
0,86.11,0.04638966,0,0,1776172546783,True,True
0,86.11,0.42707,0,0,1776172548615,True,True
0,86.1,0.3922,0,0,1776172562163,False,True
0,86.09,0.46463003,0,0,1776172562163,False,True
0,86.08,7.7625,0,0,1776172562163,False,True
0,86.08,0.38066997,0,0,1776172562163,False,True
0,86.07,0.01219,0,0,1776172583449,False,True
0,86.04,0.02301,0,0,1776172588220,True,True
0,86.04,7.7625,0,0,1776172595720,False,True
0,86.04,2.2375,0,0,1776172595720,False,True
0,86.06,0.03767258,0,0,1776172602899,True,True
0,86.07,7.7625,0,0,1776172602899,True,True
0,86.07,0.40520742,0,0,1776172602899,True,True
0,86.06,0.03753059,0,0,1776172605153,True,True
0,86.06,11.32928941,0,0,1776172605153,True,True
0,86.06,0.03740605,0,0,1776172607611,True,True
0,86.07,0.02115789,0,0,1776172607611,True,True
0,86.06,0.02015,0,0,1776172624070,True,True
0,86.06,0.116198,0,0,1776172627472,True,True
0,86.04,0.01226,0,0,1776172634479,False,True
0,86.05,0.03714035,0,0,1776172635604,True,True
0,86.06,0.37022965,0,0,1776172635604,True,True
0,86.06,1.00711514,0,0,1776172647754,True,True
0,86.08,0.03692254,0,0,1776172647754,True,True
0,86.09,0.08137232,0,0,1776172647754,True,True
0,86.08,0.0362534,0,0,1776172652410,True,True
0,86.09,5.19022743,0,0,1776172652410,True,True
0,86.09,0.03613424,0,0,1776172660912,True,True
0,86.09,0.02200576,0,0,1776172660912,True,True
0,86.08,0.0163,0,0,1776172667181,False,True
0,86.1,0.02531,0,0,1776172674157,True,True
0,86.12,0.01187,0,0,1776172681005,False,True
0,86.1,0.01715,0,0,1776172688335,False,True
0,86.13,0.0086409,0,0,1776172693760,True,True
0,86.13,0.0084591,0,0,1776172693760,True,True
0,86.12,3.18313518,0,0,1776172703489,False,True
0,86.12,2.92723534,0,0,1776172703489,False,True
0,86.11,2.05260422,0,0,1776172703489,False,True
0,86.15,0.03392368,0,0,1776172708499,True,True
0,86.15,7.7625,0,0,1776172708499,True,True
0,86.16,7.7625,0,0,1776172708500,True,True
0,86.16,23.05280407,0,0,1776172708500,True,True
0,86.16,46.26287317,0,0,1776172708500,True,True
0,86.16,14.65920311,0,0,1776172708500,True,True
0,86.16,32.09631573,0,0,1776172708500,True,True
0,86.17,7.7625,0,0,1776172708500,True,True
0,86.17,12.37904555,0,0,1776172708500,True,True
0,86.17,8.9957528,0,0,1776172708501,True,True
0,86.17,10.62344194,0,0,1776172708502,True,True
0,86.18,7.7625,0,0,1776172708502,True,True
0,86.18,84.94599,0,0,1776172708502,True,True
0,86.18,8e-06,0,0,1776172708505,True,True
0,86.19,7.7625,0,0,1776172708507,True,True
0,86.19,6.0,0,0,1776172708507,True,True
0,86.2,0.03400397,0,0,1776172708511,True,True
0,86.21,0.03400234,0,0,1776172708530,True,True
0,86.21,6.26779914,0,0,1776172708530,True,True
0,86.21,81.55854286,0,0,1776172708535,True,True
0,86.21,0.25,0,0,1776172708535,True,True
0,86.22,0.03400071,0,0,1776172708535,True,True
0,86.22,19.15,0,0,1776172708535,True,True
0,86.23,0.03399906,0,0,1776172708535,True,True
0,86.23,17.32907481,0,0,1776172708535,True,True
0,86.23,0.03317822,0,0,1776172708571,True,True
0,86.24,0.03399743,0,0,1776172708571,True,True
0,86.24,93.032148,0,0,1776172708571,True,True
0,86.25,0.03399579,0,0,1776172708571,True,True
0,86.25,7.30047541,0,0,1776172708571,True,True
0,86.26,0.03399416,0,0,1776172708824,True,True
0,86.27,0.00842399,0,0,1776172708824,True,True
0,86.26,0.02323,0,0,1776172716749,False,True
0,86.26,0.02256,0,0,1776172718131,False,True
0,86.27,0.02556854,0,0,1776172731278,True,True
0,86.27,0.01740352,0,0,1776172731278,True,True
0,86.27,0.01641172,0,0,1776172734452,True,True
0,86.28,0.01620828,0,0,1776172734452,True,True
0,86.27,0.83928838,0,0,1776172740278,True,True
0,86.25,0.03309928,0,0,1776172743999,True,True
0,86.26,0.27108068,0,0,1776172743999,True,True
0,86.25,0.03268638,0,0,1776172749546,True,True
0,86.26,12.05134747,0,0,1776172749546,True,True
0,86.26,24.18888056,0,0,1776172749546,True,True
0,86.26,17.34102499,0,0,1776172749547,True,True
0,86.26,5.53268415,0,0,1776172749547,True,True
0,86.28,0.01778262,0,0,1776172749548,True,True
0,86.29,0.03398927,0,0,1776172749548,True,True
0,86.3,0.03398765,0,0,1776172749549,True,True
0,86.3,23.17228235,0,0,1776172749549,True,True
0,86.3,67.58345465,0,0,1776172749550,True,True
0,86.3,0.25,0,0,1776172749550,True,True
0,86.31,0.03398602,0,0,1776172749550,True,True
0,86.31,11.58614297,0,0,1776172749550,True,True
0,86.31,11.58614297,0,0,1776172749550,True,True
0,86.32,0.03398439,0,0,1776172749550,True,True
0,86.32,1.44810009,0,0,1776172749550,True,True
0,86.29,1.44860354,0,0,1776172749561,True,True
0,86.32,11.58480074,0,0,1776172749566,True,True
0,86.32,11.58480074,0,0,1776172749566,True,True
0,86.33,0.03398276,0,0,1776172749566,True,True
0,86.33,72.71513576,0,0,1776172749566,True,True
0,86.33,16.99495124,0,0,1776172749578,True,True
0,86.31,0.25,0,0,1776172749598,True,True
0,86.33,23.576575,0,0,1776172749614,True,True
0,86.34,0.03398113,0,0,1776172749614,True,True
0,86.34,2.01655531,0,0,1776172749614,True,True
0,86.34,2.01653767,0,0,1776172749614,True,True
0,86.32,46.31750001,0,0,1776172749623,True,True
0,86.35,0.0339795,0,0,1776172749626,True,True
0,86.36,0.01192,0,0,1776172753756,True,True
0,86.35,0.11466,0,0,1776172756798,True,True
0,86.34,17.73608,0,0,1776172763647,True,True
0,86.34,5.26392,0,0,1776172763647,True,True
0,86.32,1.71957065,0,0,1776172768621,True,True
0,86.35,7.38499806,0,0,1776172768647,True,True
0,86.35,21.400036,0,0,1776172768647,True,True
0,86.35,0.3922,0,0,1776172770924,False,True
0,86.36,0.02205786,0,0,1776172771462,True,True
0,86.36,0.05122743,0,0,1776172771462,True,True
0,86.37,0.03397623,0,0,1776172771462,True,True
0,86.38,0.03397462,0,0,1776172771462,True,True
0,86.38,0.02,0,0,1776172771462,True,True
0,86.38,0.39458463,0,0,1776172771462,True,True
0,86.36,4.96087494,0,0,1776172780460,False,True
0,86.35,12.0,0,0,1776172780460,False,True
0,86.35,59.05967112,0,0,1776172780460,False,True
0,86.35,52.45910733,0,0,1776172780460,False,True
0,86.35,3.94251224,0,0,1776172780460,False,True
0,86.34,0.046912,0,0,1776172780836,True,True
0,86.33,0.17803917,0,0,1776172800232,False,True
0,86.33,4.9178749,0,0,1776172806592,False,True
0,86.33,6.0,0,0,1776172806592,False,True
0,86.33,115.8345882,0,0,1776172806592,False,True
0,86.32,3.41628214,0,0,1776172806592,False,True
0,86.32,69.384,0,0,1776172806592,False,True
0,86.32,7.7625,0,0,1776172806592,False,True
0,86.32,2.57244622,0,0,1776172806592,False,True
0,86.31,31.94628438,0,0,1776172806592,False,True
0,86.31,7.7625,0,0,1776172806592,False,True
0,86.31,81.11008682,0,0,1776172806592,False,True
0,86.3,7.7625,0,0,1776172806592,False,True
0,86.3,52.108,0,0,1776172806592,False,True
0,86.3,12.0,0,0,1776172806592,False,True
0,86.3,8.2,0,0,1776172806592,False,True
0,86.3,0.25,0,0,1776172806592,False,True
0,86.3,28.96123018,0,0,1776172806592,False,True
0,86.29,7.7625,0,0,1776172806592,False,True
0,86.29,52.118,0,0,1776172806592,False,True
0,86.29,28.96123018,0,0,1776172806592,False,True
0,86.28,7.7625,0,0,1776172806592,False,True
0,86.28,82.387708,0,0,1776172806592,False,True
0,86.28,50.82005082,0,0,1776172806592,False,True
0,86.27,7.7625,0,0,1776172806592,False,True
0,86.27,173.71,0,0,1776172806592,False,True
0,86.27,148.72721816,0,0,1776172806592,False,True
0,86.33,3.83808,0,0,1776172816657,False,True
0,86.28,0.0212,0,0,1776172865434,False,True
0,86.29,1.67635739,0,0,1776172865495,True,True
0,86.29,4.15526343,0,0,1776172865495,True,True
0,86.27,0.10532,0,0,1776172880476,False,True
0,86.29,1.15325,0,0,1776172888746,True,True
0,86.25,0.1180698,0,0,1776172897304,True,True
0,86.25,2.13977,0,0,1776172898355,True,True
0,86.29,5.5848658,0,0,1776172932648,True,True
0,86.29,0.06430061,0,0,1776172957350,True,True
0,86.28,0.28685,0,0,1776172963323,True,True
0,86.26,0.28012,0,0,1776172976095,False,True
0,86.29,3.73647212,0,0,1776172983520,True,True
0,86.29,0.02147,0,0,1776172990889,True,True
0,86.29,1.1224,0,0,1776173008565,True,True
0,86.3,0.01986,0,0,1776173043065,True,True
0,86.29,1.38032,0,0,1776173044196,True,True
0,86.27,0.03832,0,0,1776173061116,True,True
0,86.28,0.02303,0,0,1776173067976,False,True
0,86.29,1.15876696,0,0,1776173068834,True,True
0,86.31,0.04084,0,0,1776173086710,False,True
0,86.32,0.21527,0,0,1776173090099,True,True
0,86.31,0.02318,0,0,1776173095215,False,True
0,86.31,0.02318,0,0,1776173096251,False,True
0,86.31,0.046912,0,0,1776173100490,False,True
0,86.32,0.1147,0,0,1776173110033,True,True
0,86.32,5.02003,0,0,1776173144339,True,True
0,86.34,0.04251,0,0,1776173158665,False,True
0,86.35,0.02115,0,0,1776173160720,True,True
0,86.35,1.71156797,0,0,1776173164835,True,True
0,86.34,0.09372,0,0,1776173176187,False,True
0,86.31,0.29796976,0,0,1776173193351,False,True
0,86.3,0.11223,0,0,1776173212795,True,True
0,86.29,0.54608,0,0,1776173214466,False,True
0,86.29,0.68264121,0,0,1776173219286,False,True
0,86.32,1.23584905,0,0,1776173223084,True,True
0,86.33,2.1095185,0,0,1776173224102,True,True
0,86.3,0.233202,0,0,1776173232035,True,True
0,86.32,9.15512048,0,0,1776173252936,True,True
0,86.32,0.11,0,0,1776173270201,True,True
0,86.31,0.5,0,0,1776173275148,False,True
0,86.32,0.04486,0,0,1776173279941,True,True
0,86.31,83.10743826,0,0,1776173282685,False,True
0,86.31,12.23246846,0,0,1776173282692,False,True
0,86.31,679.83046751,0,0,1776173282771,False,True
0,86.29,0.16762,0,0,1776173289980,False,True
0,86.29,0.05022,0,0,1776173304914,False,True
0,86.3,0.32119,0,0,1776173305481,True,True
0,86.29,0.02318,0,0,1776173324162,False,True
0,86.29,0.02322,0,0,1776173324502,False,True
0,86.29,1.87989733,0,0,1776173324575,False,True
0,86.29,8.24424183,0,0,1776173324576,False,True
0,86.29,23.0,0,0,1776173324576,False,True
0,86.28,0.28810848,0,0,1776173324875,False,True
0,86.24,0.02948,0,0,1776173327321,False,True
0,86.26,0.02317,0,0,1776173337260,False,True
0,86.25,0.02317,0,0,1776173353999,False,True
0,86.26,1.03438,0,0,1776173371929,True,True
0,86.26,0.5739,0,0,1776173372950,True,True
0,86.25,0.09277203,0,0,1776173388857,False,True
0,86.24,0.25876211,0,0,1776173388857,False,True
0,86.23,6.0,0,0,1776173388857,False,True
0,86.23,2.17663586,0,0,1776173388857,False,True
0,86.23,5.79844602,0,0,1776173390536,True,True
0,86.2,0.02375,0,0,1776173392035,True,True
0,86.14,0.02,0,0,1776173399281,False,True
0,86.14,5.89,0,0,1776173399281,False,True
0,86.15,1.8798,0,0,1776173400367,True,True
0,86.15,3.39e-06,0,0,1776173400474,True,True
0,86.18,7.8,0,0,1776173400500,True,True
0,86.19,15.0,0,0,1776173400526,True,True
0,86.31,0.19698,0,0,1776173401661,False,True
0,86.33,5.05148758,0,0,1776173401836,True,True
0,86.34,0.28951939,0,0,1776173402765,False,True
0,86.28,5.0,0,0,1776173402901,False,True
0,86.28,1.8,0,0,1776173403298,False,True
0,86.28,5.9625,0,0,1776173403298,False,True
0,86.28,0.0375,0,0,1776173403298,False,True
0,86.3,12.0,0,0,1776173407931,False,True
0,86.28,1.21256384,0,0,1776173408485,True,True
0,86.27,0.02222,0,0,1776173408697,True,True
0,86.24,0.02338,0,0,1776173411476,False,True
0,86.26,0.04669,0,0,1776173413869,False,True
0,86.28,28.51356743,0,0,1776173415561,True,True
0,86.25,0.02318,0,0,1776173433073,False,True
0,86.28,6.04886,0,0,1776173438681,False,True
0,86.31,1.2523,0,0,1776173445582,True,True
0,86.28,0.01533,0,0,1776173451876,False,True
0,86.28,81.16269409,0,0,1776173454125,False,True
0,86.28,70.722,0,0,1776173454125,False,True
0,86.28,2.87326269,0,0,1776173454125,False,True
0,86.28,62.67458693,0,0,1776173454125,False,True
0,86.28,0.36500005,0,0,1776173459070,False,True
0,86.31,0.46846,0,0,1776173470744,False,True
0,86.32,1.45994207,0,0,1776173472363,True,True
0,86.34,3.26768009,0,0,1776173474319,True,True
0,86.34,7.7625,0,0,1776173474319,True,True
0,86.34,7.94526326,0,0,1776173474319,True,True
0,86.3,1.566,0,0,1776173475687,False,True
0,86.32,0.01153,0,0,1776173477041,True,True
0,86.34,5.69319,0,0,1776173489656,True,True
0,86.33,0.14445393,0,0,1776173493670,False,True
0,86.33,1.01054095,0,0,1776173496650,True,True
0,86.34,15.0,0,0,1776173499984,True,True
0,86.34,85.0,0,0,1776173499984,True,True
0,86.34,1.70037471,0,0,1776173510072,False,True
0,86.39,0.03397299,0,0,1776173523297,True,True
0,86.39,0.06528238,0,0,1776173523297,True,True
0,86.38,1.24094,0,0,1776173527741,True,True
0,86.4,0.03397136,0,0,1776173534233,True,True
0,86.4,1.11156164,0,0,1776173534233,True,True
0,86.41,0.03396973,0,0,1776173540095,True,True
0,86.42,0.0339681,0,0,1776173540095,True,True
0,86.43,0.03396649,0,0,1776173540095,True,True
0,86.43,0.22196568,0,0,1776173540095,True,True
0,86.42,6.06152,0,0,1776173541643,False,True
0,86.43,3.0738825,0,0,1776173547833,False,True
0,86.43,15.31020543,0,0,1776173547833,False,True
0,86.4,5.69319,0,0,1776173555130,False,True
0,86.41,10.0,0,0,1776173555383,True,True
0,86.4,1.0173,0,0,1776173588783,True,True
0,86.4,6.715e-05,0,0,1776173588783,True,True
0,86.44,0.03396486,0,0,1776173588983,True,True
0,86.45,0.2,0,0,1776173589057,True,True
0,86.45,0.03396323,0,0,1776173589057,True,True
0,86.46,0.03396161,0,0,1776173589900,True,True
0,86.47,0.03395998,0,0,1776173589900,True,True
0,86.47,5.35,0,0,1776173589900,True,True
0,86.48,0.03395835,0,0,1776173589940,True,True
0,86.49,3.43326531,0,0,1776173589940,True,True
0,86.49,0.03395674,0,0,1776173589940,True,True
0,86.49,1.83948463,0,0,1776173589940,True,True
0,86.49,24.8153781,0,0,1776173589940,True,True
0,86.49,1.8810477,0,0,1776173589940,True,True
0,86.5,0.7153,0,0,1776173591215,True,True
0,86.5,0.03395511,0,0,1776173591215,True,True
0,86.5,461.67849055,0,0,1776173591215,True,True
0,86.5,2.39711093,0,0,1776173591228,True,True
0,86.5,1.88169967,0,0,1776173591229,True,True
0,86.5,1.88170013,0,0,1776173591240,True,True
0,86.5,191.5058615,0,0,1776173591242,True,True
0,86.5,308.37239484,0,0,1776173591269,True,True
0,86.5,32.28274238,0,0,1776173591289,True,True
0,86.51,0.11619771,0,0,1776173592732,True,True
0,86.51,0.59900229,0,0,1776173597343,True,True
0,86.51,0.03395348,0,0,1776173597343,True,True
0,86.52,0.03395187,0,0,1776173606129,True,True
0,86.52,1.11091815,0,0,1776173606129,True,True
0,86.53,0.7151,0,0,1776173606760,True,True
0,86.53,0.03395024,0,0,1776173606760,True,True
0,86.53,0.03384976,0,0,1776173606760,True,True
0,86.53,9.887e-05,0,0,1776173606762,True,True
0,86.55,37.2578,0,0,1776173607872,True,True
0,86.55,10.79602028,0,0,1776173607873,True,True
0,86.55,0.033947,0,0,1776173607873,True,True
0,86.55,0.03394539,0,0,1776173607873,True,True
0,86.55,20.11368733,0,0,1776173607873,True,True
0,86.55,4.739e-05,0,0,1776173608274,True,True
0,86.56,0.2895,0,0,1776173609057,True,True
0,86.56,1.939e-05,0,0,1776173609087,True,True
0,86.57,0.7147,0,0,1776173609361,True,True
0,86.57,0.03394376,0,0,1776173609361,True,True
0,86.57,0.03394215,0,0,1776173609361,True,True
0,86.58,0.7147,0,0,1776173609734,True,True
0,86.58,0.51,0,0,1776173609734,True,True
0,86.59,0.03394052,0,0,1776173609734,True,True
0,86.6,0.03393891,0,0,1776173609734,True,True
0,86.6,0.7145,0,0,1776173609734,True,True
0,86.61,0.03393728,0,0,1776173609734,True,True
0,86.61,4.95898329,0,0,1776173609734,True,True
0,86.6,2.23129343,0,0,1776173617683,True,True
0,86.6,0.57158,0,0,1776173617852,True,True
0,86.6,0.02891,0,0,1776173618841,False,True
0,86.61,46.0,0,0,1776173621658,True,True
0,86.61,14.7329,0,0,1776173621658,True,True
0,86.61,16.6213,0,0,1776173621658,True,True
0,86.61,9.444e-05,0,0,1776173621659,True,True
0,86.62,0.03393567,0,0,1776173621683,True,True
0,86.62,0.02,0,0,1776173621683,True,True
0,86.63,0.03393404,0,0,1776173621683,True,True
0,86.63,0.03393243,0,0,1776173621683,True,True
0,86.63,0.05106647,0,0,1776173621683,True,True
0,86.63,0.7142,0,0,1776173621683,True,True
0,86.64,0.7142,0,0,1776173622236,True,True
0,86.65,0.0339308,0,0,1776173622236,True,True
0,86.65,16.0,0,0,1776173622236,True,True
0,86.65,0.7141,0,0,1776173622236,True,True
0,86.65,0.12694749,0,0,1776173622236,True,True
0,86.66,0.03392758,0,0,1776173622236,True,True
0,86.66,0.03392919,0,0,1776173622236,True,True
0,86.66,0.06508494,0,0,1776173622236,True,True
0,86.66,0.714,0,0,1776173622236,True,True
0,86.66,39.53102,0,0,1776173622236,True,True
0,86.67,7.7625,0,0,1776173622236,True,True
0,86.67,34.27036,0,0,1776173622236,True,True
0,86.57,0.116686,0,0,1776173634820,False,True
0,86.62,0.46312112,0,0,1776173643574,True,True
0,86.52,0.0231,0,0,1776173657879,False,True
0,86.5,0.04626371,0,0,1776173665785,True,True
0,86.46,0.042162,0,0,1776173680858,True,True
0,86.46,4.7796032,0,0,1776173681508,True,True
0,86.5,0.44320394,0,0,1776173706692,True,True
0,86.59,19.73749,0,0,1776173734252,True,True
0,86.59,3.11103958,0,0,1776173734252,True,True
0,86.59,17.15147042,0,0,1776173734252,True,True
0,86.55,0.01181,0,0,1776173738516,False,True
0,86.53,0.03116,0,0,1776173740493,False,True
0,86.52,0.08822,0,0,1776173751123,True,True
0,86.57,3.88836242,0,0,1776173756148,True,True
0,86.57,0.31568935,0,0,1776173756961,True,True
0,86.56,3.27263206,0,0,1776173757680,False,True
0,86.55,0.02433,0,0,1776173775119,True,True
0,86.55,0.1226861,0,0,1776173782123,True,True
0,86.57,2.22838988,0,0,1776173792295,True,True
0,86.6,1.33579359,0,0,1776173797959,True,True
0,86.6,0.01689722,0,0,1776173799169,True,True
0,86.6,2.71552,0,0,1776173800365,True,True
0,86.64,7.52506485,0,0,1776173806275,True,True
0,86.64,0.23743515,0,0,1776173806279,True,True
0,86.64,4.85317679,0,0,1776173806279,True,True
0,86.64,13.1688635,0,0,1776173806279,True,True
0,86.65,6.08788599,0,0,1776173806370,True,True
0,86.67,1.34206,0,0,1776173806712,False,True
0,86.67,7.70598193,0,0,1776173813051,False,True
0,86.68,0.03392595,0,0,1776173817709,True,True
0,86.68,0.17666443,0,0,1776173817709,True,True
0,86.68,0.78940962,0,0,1776173817709,True,True
0,86.68,0.14429654,0,0,1776173823756,True,True
0,86.69,0.03392434,0,0,1776173823756,True,True
0,86.7,0.03392273,0,0,1776173823756,True,True
0,86.7,0.61692601,0,0,1776173823756,True,True
0,86.7,0.38102865,0,0,1776173823768,True,True
0,86.71,0.00897135,0,0,1776173823768,True,True
0,86.7,2.29667,0,0,1776173824378,False,True
0,86.67,1.00008,0,0,1776173830175,False,True
0,86.7,3.76340138,0,0,1776173832140,True,True
0,86.7,3.99909862,0,0,1776173832141,True,True
0,86.7,13.85467511,0,0,1776173832141,True,True
0,86.7,75.3787,0,0,1776173832145,True,True
0,86.71,0.02494976,0,0,1776173837711,True,True
0,86.71,0.03061,0,0,1776173838416,False,True
0,86.72,0.0339195,0,0,1776173841986,True,True
0,86.73,0.03391789,0,0,1776173841986,True,True
0,86.73,1.01183904,0,0,1776173841986,True,True
0,86.73,0.39202121,0,0,1776173847955,False,True
0,86.71,0.77470379,0,0,1776173847955,False,True
0,86.73,0.23763,0,0,1776173850682,False,True
0,86.7,0.02024,0,0,1776173853047,True,True
0,86.7,8.31895757,0,0,1776173853420,True,True
0,86.72,6.0,0,0,1776173855806,True,True
0,86.68,12.0,0,0,1776173857909,False,True
0,86.68,51.886,0,0,1776173857909,False,True
0,86.68,36.114,0,0,1776173857909,False,True
0,86.68,1.42095,0,0,1776173859509,False,True
0,86.66,0.1023,0,0,1776173863086,False,True
0,86.65,68.91092087,0,0,1776173865544,False,True
0,86.65,57.7034045,0,0,1776173865544,False,True
0,86.64,0.05771006,0,0,1776173866360,True,True
0,86.59,51.09161169,0,0,1776173871511,True,True
0,86.59,64.39516507,0,0,1776173871511,True,True
0,86.6,15.0,0,0,1776173871565,True,True
0,86.64,0.05255394,0,0,1776173877544,True,True
0,86.68,6.0,0,0,1776173889517,True,True
0,86.68,0.05309894,0,0,1776173889695,True,True
0,86.71,0.01179,0,0,1776173919787,False,True
0,86.69,0.1180698,0,0,1776173931457,False,True
0,86.7,0.04126035,0,0,1776173941048,True,True
0,86.69,1.63781126,0,0,1776173941085,False,True
0,86.69,0.01179,0,0,1776173942892,False,True
0,86.72,0.54139195,0,0,1776173945351,True,True
0,86.72,0.09148,0,0,1776173946395,True,True
0,86.7,0.04606007,0,0,1776173950918,True,True
0,86.7,0.040947,0,0,1776173953488,True,True
0,86.7,0.022949,0,0,1776173953488,True,True
0,86.7,0.32626,0,0,1776173953488,True,True
0,86.7,19.30127393,0,0,1776173953488,True,True
0,86.7,1.37538594,0,0,1776173953488,True,True
0,86.7,27.60337044,0,0,1776173953488,True,True
0,86.7,0.56993,0,0,1776173953488,True,True
0,86.7,0.32637836,0,0,1776173953488,True,True
0,86.7,0.03773,0,0,1776173953488,True,True
0,86.7,12.02985012,0,0,1776173953488,True,True
0,86.7,0.04482,0,0,1776173953488,True,True
0,86.7,0.02063,0,0,1776173953488,True,True
0,86.7,20.0,0,0,1776173953488,True,True
0,86.7,51.70937602,0,0,1776173953488,True,True
0,86.69,19.23232894,0,0,1776173953593,False,True
0,86.66,0.05038841,0,0,1776173956086,True,True
0,86.62,1.0,0,0,1776173964407,True,True
0,86.62,3.89151151,0,0,1776173967168,True,True
0,86.63,0.05038841,0,0,1776173969419,False,True
0,86.63,0.05255394,0,0,1776173971263,False,True
0,86.62,230.89355806,0,0,1776173991280,False,True
0,86.61,5.77300542,0,0,1776173992257,False,True
0,86.58,0.01181,0,0,1776173994565,False,True
0,86.54,0.042162,0,0,1776174000490,False,True
0,86.57,2.16952096,0,0,1776174003729,True,True
0,86.55,7.7625,0,0,1776174005756,False,True
0,86.54,3.64498695,0,0,1776174005756,False,True
0,86.57,0.1675,0,0,1776174015391,True,True
0,86.57,9.949e-05,0,0,1776174015424,True,True
0,86.63,1.61256,0,0,1776174017323,True,True
0,86.63,0.9408503,0,0,1776174020656,True,True
0,86.63,40.36658198,0,0,1776174020676,True,True
0,86.63,57.08000772,0,0,1776174020677,True,True
0,86.67,0.15742165,0,0,1776174021471,False,True
0,86.68,0.32321366,0,0,1776174021663,True,True
0,86.7,0.01247,0,0,1776174023422,True,True
0,86.7,0.37753,0,0,1776174028543,True,True
0,86.7,0.64581,0,0,1776174028543,True,True
0,86.69,10.77292134,0,0,1776174030085,False,True
0,86.67,0.1191,0,0,1776174032799,False,True
0,86.66,1.35729599,0,0,1776174033253,False,True
0,86.65,19.73749,0,0,1776174050140,True,True
0,86.65,14.86857759,0,0,1776174050140,True,True
0,86.68,0.98149,0,0,1776174059690,True,True
0,86.7,1.12942669,0,0,1776174063201,True,True
0,86.61,0.22575,0,0,1776174066829,True,True
0,86.63,0.98165,0,0,1776174077708,False,True
0,86.65,0.04583,0,0,1776174082593,True,True
0,86.62,0.57691863,0,0,1776174089522,False,True
0,86.61,0.0118,0,0,1776174105110,False,True
0,86.65,9.45700672,0,0,1776174118676,True,True
0,86.65,1.4651044,0,0,1776174118676,True,True
0,86.67,19.47154806,0,0,1776174118676,True,True
0,86.72,0.01512,0,0,1776174122926,True,True
0,86.72,0.03172,0,0,1776174125882,True,True
0,86.72,1.12867,0,0,1776174127706,True,True
0,86.74,0.03391628,0,0,1776174130362,True,True
0,86.75,0.99795466,0,0,1776174130362,True,True
0,86.75,100.0,0,0,1776174130362,True,True
0,86.75,0.03391465,0,0,1776174130362,True,True
0,86.75,23.61857206,0,0,1776174130362,True,True
0,86.75,383.91821625,0,0,1776174130367,True,True
0,86.75,152.75889473,0,0,1776174130377,True,True
0,86.75,154.84558672,0,0,1776174130381,True,True
0,86.75,239.75821991,0,0,1776174130388,True,True
0,86.75,45.10051033,0,0,1776174130396,True,True
0,86.75,197.97269038,0,0,1776174130396,True,True
0,86.76,0.03391304,0,0,1776174130434,True,True
0,86.76,0.05229964,0,0,1776174130434,True,True
0,86.76,6.97,0,0,1776174130434,True,True
0,86.77,0.03391143,0,0,1776174130654,True,True
0,86.77,0.25499354,0,0,1776174130654,True,True
0,86.78,0.03390821,0,0,1776174130705,True,True
0,86.78,0.03390982,0,0,1776174130705,True,True
0,86.78,0.70309398,0,0,1776174130705,True,True
0,86.79,0.25,0,0,1776174130749,True,True
0,86.79,0.58456,0,0,1776174130857,False,True
0,86.8,0.2,0,0,1776174130906,True,True
0,86.8,0.03390659,0,0,1776174130906,True,True
0,86.8,21.83746918,0,0,1776174130906,True,True
0,86.8,53.79815561,0,0,1776174130907,True,True
0,86.8,8.41870521,0,0,1776174130907,True,True
0,86.8,0.03635389,0,0,1776174130907,True,True
0,86.81,0.03390498,0,0,1776174130923,True,True
0,86.84,0.05981915,0,0,1776174130946,True,True
0,86.85,1.0,0,0,1776174130946,True,True
0,86.85,2.2061183,0,0,1776174130946,True,True
0,86.86,56.71206255,0,0,1776174130946,True,True
0,86.86,17.55603269,0,0,1776174131014,True,True
0,86.86,0.583363,0,0,1776174131014,True,True
0,86.86,0.467,0,0,1776174131014,True,True
0,86.86,0.01990431,0,0,1776174131014,True,True
0,86.86,9.569e-05,0,0,1776174131030,True,True
0,86.87,3.76026275,0,0,1776174131030,True,True
0,86.87,0.29799307,0,0,1776174131031,True,True
0,86.87,1.50743987,0,0,1776174131031,True,True
0,86.87,0.6763,0,0,1776174131033,True,True
0,86.87,1.513e-05,0,0,1776174131035,True,True
0,86.88,7.7625,0,0,1776174131057,True,True
0,86.9,108.71156319,0,0,1776174131057,True,True
0,86.9,1.488418,0,0,1776174131057,True,True
0,86.9,0.29136811,0,0,1776174131057,True,True
0,86.9,0.09541226,0,0,1776174131057,True,True
0,86.9,7.60858909,0,0,1776174131057,True,True
0,86.87,0.02,0,0,1776174131057,False,True
0,86.91,0.11745,0,0,1776174132080,False,True
0,86.92,0.06488869,0,0,1776174133298,True,True
0,86.92,0.05163348,0,0,1776174133298,True,True
0,86.94,0.29115586,0,0,1776174133298,True,True
0,86.95,1.16990335,0,0,1776174133298,True,True
0,86.95,0.53300229,0,0,1776174133298,True,True
0,86.95,16.27350426,0,0,1776174133298,True,True
0,86.95,0.90969,0,0,1776174133715,True,True
0,86.95,7.56680574,0,0,1776174134402,True,True
0,86.97,2.89898093,0,0,1776174135298,True,True
0,86.97,3.09081503,0,0,1776174135298,True,True
0,86.98,0.0589437,0,0,1776174135298,True,True
0,86.98,0.03387764,0,0,1776174135298,True,True
0,86.99,1.32288401,0,0,1776174135298,True,True
0,86.99,0.02701,0,0,1776174135298,True,True
0,86.99,0.11782624,0,0,1776174135298,True,True
0,86.99,0.27580859,0,0,1776174135298,True,True
0,86.99,1.15973319,0,0,1776174135298,True,True
0,86.96,0.028,0,0,1776174135298,False,True
0,86.95,0.3223207,0,0,1776174135947,True,True
0,86.95,2.57176872,0,0,1776174136296,True,True
0,86.95,19.73749,0,0,1776174136296,True,True
0,86.96,19.73749,0,0,1776174136296,True,True
0,86.96,16.38073208,0,0,1776174136296,True,True
0,86.96,98.61909656,0,0,1776174136296,True,True
0,86.98,20.7912025,0,0,1776174136296,True,True
0,86.98,25.48264397,0,0,1776174136296,True,True
0,86.98,33.12735603,0,0,1776174136296,True,True
0,86.98,12.18748558,0,0,1776174136296,True,True
0,86.99,51.36473456,0,0,1776174136296,True,True
0,86.94,0.20758676,0,0,1776174136297,False,True
0,86.94,51.64741324,0,0,1776174136297,False,True
0,86.94,72.411,0,0,1776174136297,False,True
0,86.93,7.7625,0,0,1776174136297,False,True
0,86.93,5.71051865,0,0,1776174136297,False,True
0,86.87,0.30666198,0,0,1776174142282,False,True
0,86.93,0.28758771,0,0,1776174145255,True,True
0,86.96,0.02335,0,0,1776174149336,False,True
0,86.98,0.33044,0,0,1776174150096,False,True
0,86.99,64.10714643,0,0,1776174152478,True,True
0,86.99,82.94774099,0,0,1776174152478,True,True
0,86.99,0.03387603,0,0,1776174152478,True,True
0,86.99,3.0197705,0,0,1776174152478,True,True
0,86.99,114.95574203,0,0,1776174152478,True,True
0,87.0,34.8256425,0,0,1776174152478,True,True
0,87.0,0.62443579,0,0,1776174152478,True,True
0,87.0,1.10822312,0,0,1776174152478,True,True
0,87.0,0.02,0,0,1776174152478,True,True
0,87.0,2.98889801,0,0,1776174152478,True,True
0,87.0,1.1772,0,0,1776174152478,True,True
0,87.0,100.0,0,0,1776174152478,True,True
0,87.0,17.49972026,0,0,1776174152478,True,True
0,87.0,8.92218055,0,0,1776174152478,True,True
0,87.0,48.94506172,0,0,1776174152478,True,True
0,87.0,23.27954455,0,0,1776174152478,True,True
0,87.0,8.1389328,0,0,1776174152478,True,True
0,87.0,0.57471264,0,0,1776174152478,True,True
0,87.0,23.55768789,0,0,1776174152478,True,True
0,87.0,2.39083602,0,0,1776174152478,True,True
0,87.0,1.63748997,0,0,1776174152478,True,True
0,87.0,141.38023744,0,0,1776174152478,True,True
0,87.0,5.84427174,0,0,1776174152478,True,True
0,87.0,0.99795466,0,0,1776174152478,True,True
0,87.0,100.0,0,0,1776174152478,True,True
0,87.0,0.194028,0,0,1776174152478,True,True
0,87.0,0.19,0,0,1776174152478,True,True
0,87.0,3.0,0,0,1776174152478,True,True
0,87.0,20.0,0,0,1776174152478,True,True
0,87.0,0.03387445,0,0,1776174152478,True,True
0,87.0,0.03,0,0,1776174152478,True,True
0,87.0,42.3532,0,0,1776174152478,True,True
0,87.01,5.0,0,0,1776174152478,True,True
0,87.01,0.48397252,0,0,1776174152478,True,True
0,87.01,0.46365534,0,0,1776174152478,True,True
0,87.01,0.99985571,0,0,1776174152478,True,True
0,87.01,0.51,0,0,1776174152478,True,True
0,87.01,0.03387284,0,0,1776174152478,True,True
0,87.01,7.7625,0,0,1776174152478,True,True
0,87.02,0.03387123,0,0,1776174152478,True,True
0,87.02,7.7625,0,0,1776174152478,True,True
0,87.03,0.04110876,0,0,1776174152478,True,True
0,87.03,0.03386962,0,0,1776174152478,True,True
0,87.03,7.7625,0,0,1776174152478,True,True
0,87.03,11.20340972,0,0,1776174152478,True,True
0,87.04,0.83,0,0,1776174152478,True,True
0,87.04,0.02230574,0,0,1776174152478,True,True
0,87.04,0.03386802,0,0,1776174152478,True,True
0,87.04,28.8836871,0,0,1776174152478,True,True
0,87.04,7.7625,0,0,1776174152478,True,True
0,87.04,60.165,0,0,1776174152478,True,True
0,87.04,51.784,0,0,1776174152478,True,True
0,87.05,0.02230548,0,0,1776174152478,True,True
0,87.05,0.03386643,0,0,1776174152478,True,True
0,87.05,20.7912025,0,0,1776174152478,True,True
0,87.05,7.7625,0,0,1776174152478,True,True
0,87.05,0.25,0,0,1776174152478,True,True
0,87.05,11.48765077,0,0,1776174152478,True,True
0,87.06,1.0,0,0,1776174152478,True,True
0,87.06,0.02230521,0,0,1776174152478,True,True
0,87.06,0.03386482,0,0,1776174152478,True,True
0,87.06,7.7625,0,0,1776174152478,True,True
0,87.06,51.789,0,0,1776174152478,True,True
0,87.06,11.48633126,0,0,1776174152478,True,True
0,87.06,574.36834704,0,0,1776174152478,True,True
0,87.07,0.03386322,0,0,1776174152478,True,True
0,87.07,0.02230494,0,0,1776174152478,True,True
0,87.07,192.79645477,0,0,1776174152478,True,True
0,86.99,0.56464821,0,0,1776174154085,True,True
0,87.0,0.09051,0,0,1776174155173,True,True
0,86.99,1.82779629,0,0,1776174155517,False,True
0,86.93,7.7625,0,0,1776174158253,False,True
0,86.92,7.7625,0,0,1776174158253,False,True
0,86.92,26.031944,0,0,1776174158253,False,True
0,86.93,0.52316825,0,0,1776174162497,True,True
0,86.92,115.0581193,0,0,1776174165378,True,True
0,86.93,80.35115563,0,0,1776174165378,True,True
0,86.93,102.34038024,0,0,1776174165378,True,True
0,86.91,34.51846738,0,0,1776174169518,True,True
0,86.92,29.15039911,0,0,1776174171946,True,True
0,86.98,0.26244396,0,0,1776174180556,True,True
0,86.96,0.05876,0,0,1776174181896,False,True
0,86.92,3.26591361,0,0,1776174183630,True,True
0,86.92,115.04832029,0,0,1776174183630,True,True
0,86.92,3.3430361,0,0,1776174183630,True,True
0,86.93,19.73749,0,0,1776174183630,True,True
0,86.94,3.41050526,0,0,1776174183630,True,True
0,86.94,62.233,0,0,1776174183630,True,True
0,86.95,3.31004429,0,0,1776174183630,True,True
0,86.96,3.26293811,0,0,1776174183630,True,True
0,86.97,10.3,0,0,1776174183630,True,True
0,86.97,51.759,0,0,1776174183630,True,True
0,86.97,24.12362502,0,0,1776174183630,True,True
0,86.97,51.758,0,0,1776174183630,True,True
0,86.98,574.89610001,0,0,1776174183630,True,True
0,86.99,574.83272265,0,0,1776174183630,True,True
0,86.99,51.80278172,0,0,1776174183630,True,True
0,86.93,2.33134991,0,0,1776174183837,True,True
0,86.99,18.0,0,0,1776174197298,True,True
0,86.99,0.03052876,0,0,1776174199068,False,True
0,87.03,0.03052503,0,0,1776174200142,False,True
0,87.02,1.50822349,0,0,1776174200303,False,True
0,87.03,19.73749,0,0,1776174200303,True,True
0,87.03,3.99081696,0,0,1776174200303,True,True
0,87.02,1.08193519,0,0,1776174201799,True,True
0,87.01,0.28730678,0,0,1776174202011,False,True
0,87.0,34.75118372,0,0,1776174202011,False,True
0,87.0,7.52853925,0,0,1776174202011,False,True
0,87.0,1.88213507,0,0,1776174202012,False,True
0,87.0,7.58114196,0,0,1776174202012,False,True
0,87.0,66.28966279,0,0,1776174202012,False,True
0,87.0,3.20833721,0,0,1776174202012,False,True
0,86.99,1.14805682,0,0,1776174202031,True,True
0,86.89,0.11466,0,0,1776174210735,False,True
0,86.88,2.85689079,0,0,1776174213308,False,True
0,86.88,2.37232287,0,0,1776174213996,False,True
0,86.87,0.3,0,0,1776174219046,False,True
0,86.88,0.31538373,0,0,1776174220714,True,True
0,86.9,1.72612198,0,0,1776174221538,True,True
0,86.92,0.06412,0,0,1776174226410,True,True
0,86.91,0.0168,0,0,1776174227882,True,True
0,86.93,0.88353213,0,0,1776174231469,True,True
0,86.93,0.57882358,0,0,1776174233761,True,True
0,86.93,26.01774784,0,0,1776174233761,True,True
0,86.94,164.5299,0,0,1776174239469,True,True
0,86.94,92.0,0,0,1776174239471,True,True
0,86.94,46.0,0,0,1776174239472,True,True
0,86.94,40.76354858,0,0,1776174239477,True,True
0,86.94,17.1344,0,0,1776174239736,True,True
0,86.94,46.0,0,0,1776174239738,True,True
0,86.94,46.0,0,0,1776174239738,True,True
0,86.94,121.46158041,0,0,1776174239740,True,True
0,86.94,6.58595227,0,0,1776174239742,True,True
0,86.94,2.82254913,0,0,1776174239743,True,True
0,86.94,1.88170803,0,0,1776174239745,True,True
0,86.94,1.88169512,0,0,1776174239745,True,True
0,86.94,1.88170699,0,0,1776174239746,True,True
0,86.94,126.75293889,0,0,1776174239746,True,True
0,86.94,2.82255016,0,0,1776174239746,True,True
0,86.94,26.93337816,0,0,1776174239747,True,True
0,86.94,52.52066646,0,0,1776174239747,True,True
0,86.94,3.94159468,0,0,1776174239748,True,True
0,86.94,198.08583112,0,0,1776174239749,True,True
0,86.97,58.16516031,0,0,1776174241779,False,True
0,86.97,3.76383181,0,0,1776174241779,False,True
0,86.97,8.81300788,0,0,1776174241780,False,True
0,86.96,51.768,0,0,1776174241782,False,True
0,86.96,23.113422,0,0,1776174241785,False,True
0,86.92,3.97036,0,0,1776174241957,False,True
0,86.94,0.71509087,0,0,1776174243649,True,True
0,86.91,0.32206119,0,0,1776174247319,True,True
0,86.95,5.57395,0,0,1776174258547,True,True
0,86.94,0.11502185,0,0,1776174259205,False,True
0,86.94,0.06501,0,0,1776174265039,False,True
0,86.94,0.03434493,0,0,1776174273538,False,True
0,86.95,44.0538296,0,0,1776174275414,True,True
0,86.95,4.70424819,0,0,1776174275414,True,True
0,86.95,3.33099916,0,0,1776174275414,True,True
0,86.95,0.78774758,0,0,1776174275414,True,True
0,86.99,7.03824335,0,0,1776174275418,True,True
0,87.0,0.23113371,0,0,1776174275418,True,True
0,87.0,2.31217161,0,0,1776174275418,True,True
0,87.01,9.40201711,0,0,1776174275419,True,True
0,87.02,0.25,0,0,1776174275423,True,True
0,87.02,26.70911321,0,0,1776174275423,True,True
0,87.02,6.91021,0,0,1776174275423,True,True
0,87.02,9.40201712,0,0,1776174275425,True,True
0,87.01,16.518979,0,0,1776174275429,True,True
0,87.04,164.23715,0,0,1776174275459,True,True
0,87.04,410.26268992,0,0,1776174275465,True,True
0,87.05,20.15,0,0,1776174275465,True,True
0,87.05,85.822174,0,0,1776174275465,True,True
0,87.06,75.21219608,0,0,1776174275465,True,True
0,87.06,17.12945005,0,0,1776174275493,True,True
0,87.06,0.25,0,0,1776174275493,True,True
0,87.08,0.47099729,0,0,1776174275528,True,True
0,87.08,0.09301933,0,0,1776174275528,True,True
0,87.08,0.03386161,0,0,1776174275528,True,True
0,87.08,0.02230468,0,0,1776174275528,True,True
0,87.09,0.83252191,0,0,1776174275528,True,True
0,87.09,0.45249063,0,0,1776174275528,True,True
0,87.09,1.13988837,0,0,1776174275529,True,True
0,87.09,0.03386002,0,0,1776174275529,True,True
0,87.09,0.02230441,0,0,1776174275529,True,True
0,87.09,0.70914265,0,0,1776174275529,True,True
0,87.09,1.90519545,0,0,1776174275529,True,True
0,87.09,1.99135802,0,0,1776174275531,True,True
0,87.09,2.60795371,0,0,1776174275563,True,True
0,87.1,0.03,0,0,1776174275574,True,True
0,87.1,0.02230415,0,0,1776174275574,True,True
0,87.1,0.03385842,0,0,1776174275574,True,True
0,87.11,0.03385681,0,0,1776174275574,True,True
0,87.11,0.02230388,0,0,1776174275574,True,True
0,87.11,53.0839001,0,0,1776174275574,True,True
0,87.12,0.05203475,0,0,1776174275574,True,True
0,87.12,0.03385522,0,0,1776174275574,True,True
0,87.12,0.02230362,0,0,1776174275574,True,True
0,87.1,0.26,0,0,1776174275618,False,True
0,87.13,0.25904681,0,0,1776174275643,True,True
0,87.13,0.17728014,0,0,1776174275643,True,True
0,87.13,0.02230335,0,0,1776174275643,True,True
0,87.13,0.0337697,0,0,1776174275643,True,True
0,87.1,0.02,0,0,1776174275643,False,True
0,87.13,8.392e-05,0,0,1776174275670,True,True
0,87.13,8.392e-05,0,0,1776174275670,True,True
0,87.13,22.98805656,0,0,1776174275765,False,True
0,87.13,1.16194,0,0,1776174276069,False,True
0,87.14,0.11818925,0,0,1776174276811,True,True
0,87.14,0.165937,0,0,1776174276811,True,True
0,87.14,0.03385201,0,0,1776174276811,True,True
0,87.14,0.02230309,0,0,1776174276811,True,True
0,87.14,3.33436561,0,0,1776174276811,True,True
0,87.14,2.96123027,0,0,1776174276811,True,True
0,87.14,35.0,0,0,1776174276811,True,True
0,87.15,0.2,0,0,1776174276811,True,True
0,87.15,0.03385042,0,0,1776174276811,True,True
0,87.15,0.02230282,0,0,1776174276811,True,True
0,87.16,0.59744294,0,0,1776174276811,True,True
0,87.16,0.02230256,0,0,1776174276811,True,True
0,87.16,0.03384882,0,0,1776174276811,True,True
0,87.16,20.68399085,0,0,1776174276811,True,True
0,87.16,0.81815666,0,0,1776174276811,True,True
0,87.16,35.9522277,0,0,1776174276811,True,True
0,87.16,0.09747,0,0,1776174276811,True,True
0,87.16,0.01496,0,0,1776174276811,True,True
0,87.16,0.15862,0,0,1776174276811,True,True
0,87.16,5.35082564,0,0,1776174276811,True,True
0,87.17,0.02944084,0,0,1776174276811,True,True
0,87.17,0.02230229,0,0,1776174276811,True,True
0,87.17,0.03384721,0,0,1776174276811,True,True
0,87.17,1.93178797,0,0,1776174276811,True,True
0,87.17,0.28244,0,0,1776174276811,True,True
0,87.17,0.02369,0,0,1776174276811,True,True
0,87.17,0.05461605,0,0,1776174276811,True,True
0,87.17,0.03779667,0,0,1776174276811,True,True
0,87.17,0.0258,0,0,1776174276811,True,True
0,87.17,7.93640333,0,0,1776174276811,True,True
0,87.17,32.09972598,0,0,1776174276812,True,True
0,87.17,7.72569108,0,0,1776174276812,True,True
0,87.13,0.025,0,0,1776174276813,False,True
0,87.11,15.89019646,0,0,1776174277824,False,True
0,87.11,56.06780354,0,0,1776174277888,False,True
0,87.11,31.78041964,0,0,1776174277953,False,True
0,87.11,40.29858036,0,0,1776174278018,False,True
0,87.1,2.07531249,0,0,1776174278018,False,True
0,87.1,0.031035,0,0,1776174281348,True,True
0,87.1,0.11479738,0,0,1776174283237,True,True
0,87.06,114.86331265,0,0,1776174289881,True,True
0,87.06,2.89806735,0,0,1776174289881,True,True
0,87.1,10.9,0,0,1776174289917,True,True
0,87.08,10.0,0,0,1776174291307,True,True
0,87.06,8.28255539,0,0,1776174291325,False,True
0,87.07,0.89989279,0,0,1776174294686,False,True
0,87.06,0.21123,0,0,1776174297585,True,True
0,87.05,126.89463986,0,0,1776174298150,False,True
0,87.15,0.02335,0,0,1776174301645,False,True
0,87.16,0.02555,0,0,1776174304450,False,True
0,87.18,0.06473248,0,0,1776174304694,True,True
0,87.18,0.02230203,0,0,1776174304694,True,True
0,87.18,0.03384562,0,0,1776174304694,True,True
0,87.18,2.92803118,0,0,1776174304694,True,True
0,87.18,3.13407979,0,0,1776174304694,True,True
0,87.19,1.13861498,0,0,1776174304694,True,True
0,87.11,0.6325,0,0,1776174310833,False,True
0,87.04,126.43834071,0,0,1776174320506,False,True
0,87.04,71.59514362,0,0,1776174321638,False,True
0,87.04,1.96651567,0,0,1776174321639,False,True
0,87.06,11.48897058,0,0,1776174326631,True,True
0,87.05,0.0587,0,0,1776174328138,False,True
0,87.06,16.92080927,0,0,1776174328707,True,True
0,87.06,4.70425284,0,0,1776174328715,True,True
0,87.06,57.85486148,0,0,1776174328746,True,True
0,87.1,0.16576834,0,0,1776174328872,False,True
0,87.05,0.18809025,0,0,1776174342571,False,True
0,87.06,1.2565,0,0,1776174342637,True,True
0,87.06,1.54e-05,0,0,1776174342673,True,True
0,87.1,0.01654,0,0,1776174343406,True,True
0,87.1,0.70460884,0,0,1776174354168,True,True
0,87.18,3.69632589,0,0,1776174355267,True,True
0,87.19,0.11283268,0,0,1776174355768,True,True
0,87.17,0.37101187,0,0,1776174356890,False,True
0,87.17,1.05013821,0,0,1776174360155,False,True
0,87.13,8.1203175,0,0,1776174362332,True,True
0,87.14,0.32135888,0,0,1776174371690,True,True
0,87.1,0.0573921,0,0,1776174381117,False,True
0,87.11,0.26515151,0,0,1776174382886,True,True
0,87.09,0.3847,0,0,1776174384469,True,True
0,87.09,0.03334,0,0,1776174384586,True,True
0,87.09,1.13687,0,0,1776174388036,True,True
0,87.08,40.0748679,0,0,1776174390764,False,True
0,87.08,11.29149781,0,0,1776174390764,False,True
0,87.08,6.05210007,0,0,1776174390765,False,True
0,87.05,35.57027959,0,0,1776174390766,False,True
0,87.05,16.09172041,0,0,1776174390766,False,True
0,87.02,0.28169,0,0,1776174402496,True,True
0,87.0,0.19491,0,0,1776174404481,True,True
0,86.98,0.014,0,0,1776174411176,False,True
0,87.03,0.02523,0,0,1776174415065,True,True
0,86.94,17.63218347,0,0,1776174424961,True,True
0,86.97,0.32478,0,0,1776174429243,True,True
0,86.97,0.05692,0,0,1776174430039,True,True
0,86.99,0.01114,0,0,1776174433833,True,True
0,86.99,19.72635,0,0,1776174434860,True,True
0,86.99,114.95574203,0,0,1776174434860,True,True
0,87.0,12.55513283,0,0,1776174434860,True,True
0,87.0,44.16566,0,0,1776174434860,True,True
0,87.0,80.47172451,0,0,1776174434860,True,True
0,87.0,107.45860902,0,0,1776174434860,True,True
0,87.0,16.0,0,0,1776174441046,True,True
0,87.01,0.22506666,0,0,1776174441240,True,True
0,87.04,0.05728,0,0,1776174455815,True,True
0,87.04,54.83016404,0,0,1776174461328,True,True
0,87.04,25.58428047,0,0,1776174461328,True,True
0,87.04,16.81419692,0,0,1776174461328,True,True
0,87.04,4.7042588,0,0,1776174461328,True,True
0,87.04,39.32238634,0,0,1776174461328,True,True
0,87.14,2.29779665,0,0,1776174469080,True,True
0,87.14,3.90516327,0,0,1776174469080,True,True
0,87.08,0.01499,0,0,1776174478619,True,True
0,87.06,0.32132201,0,0,1776174481617,True,True
0,86.99,1.67453618,0,0,1776174487043,True,True
0,87.01,0.56351,0,0,1776174490117,True,True
0,87.0,25.0,0,0,1776174491814,False,True
0,87.0,1.35690183,0,0,1776174508097,False,True
0,87.0,0.02,0,0,1776174510010,False,True
0,87.0,50.0,0,0,1776174515147,True,True
0,86.99,0.02059,0,0,1776174515147,False,True
0,86.98,0.01191,0,0,1776174527291,False,True
0,86.98,5.52373075,0,0,1776174544368,True,True
0,86.94,0.17,0,0,1776174545777,False,True
0,86.89,0.96927,0,0,1776174555065,True,True
0,86.9,7.7625,0,0,1776174556519,False,True
0,86.9,7.21358096,0,0,1776174556519,False,True
0,86.91,7.7625,0,0,1776174556602,False,True
0,86.91,70.456,0,0,1776174556602,False,True
0,86.9,7.7625,0,0,1776174556602,False,True
0,86.9,2.55543013,0,0,1776174556602,False,True
0,86.89,7.7625,0,0,1776174556602,False,True
0,86.89,82.810359,0,0,1776174556602,False,True
0,86.89,118.32771125,0,0,1776174557285,True,True
0,86.93,0.02027794,0,0,1776174564982,True,True
0,86.94,0.09477038,0,0,1776174564982,True,True
0,86.96,0.3847,0,0,1776174571919,False,True
0,86.97,7.08483768,0,0,1776174583992,False,True
0,86.97,7.7625,0,0,1776174583992,False,True
0,86.96,7.7625,0,0,1776174584012,False,True
0,86.95,7.7625,0,0,1776174584012,False,True
0,86.95,41.33085388,0,0,1776174584012,False,True
0,86.95,46.40205112,0,0,1776174584014,False,True
0,86.94,7.7625,0,0,1776174584014,False,True
0,86.94,2.55425441,0,0,1776174584014,False,True
0,86.94,12.78007321,0,0,1776174584014,False,True
0,86.93,7.7625,0,0,1776174584014,False,True
0,86.93,32.36698542,0,0,1776174584014,False,True
0,86.89,0.03096,0,0,1776174591951,False,True
0,86.91,0.031035,0,0,1776174600600,False,True
0,86.91,0.23589,0,0,1776174601746,False,True
0,86.92,0.32220943,0,0,1776174603082,True,True
0,86.91,0.02897393,0,0,1776174604316,True,True
0,86.91,0.28971607,0,0,1776174604316,True,True
0,86.9,0.02885917,0,0,1776174606240,True,True
0,86.9,1.07308098,0,0,1776174606240,True,True
0,86.92,0.11672565,0,0,1776174612151,True,True
0,86.92,0.88163397,0,0,1776174632672,True,True
0,86.92,0.02766891,0,0,1776174632672,True,True
0,86.92,0.30388112,0,0,1776174632672,True,True
0,86.92,0.02756311,0,0,1776174634201,True,True
0,86.93,5.92345689,0,0,1776174634201,True,True
0,87.02,0.04678,0,0,1776174647879,False,True
0,87.01,0.026,0,0,1776174660213,True,True
0,87.01,2.928e-05,0,0,1776174660227,True,True
0,87.03,0.05724137,0,0,1776174660689,False,True
0,87.03,4.0,0,0,1776174664182,False,True
0,87.03,1.0,0,0,1776174664182,False,True
0,87.04,1.45811495,0,0,1776174664409,True,True
0,87.04,0.02590025,0,0,1776174664409,True,True
0,87.04,0.22677907,0,0,1776174664409,True,True
0,87.02,0.03076,0,0,1776174666583,True,True
0,87.05,0.0255634,0,0,1776174672570,True,True
0,87.06,0.0117566,0,0,1776174672570,True,True
0,87.06,0.02546668,0,0,1776174672989,True,True
0,87.08,0.35350103,0,0,1776174672989,True,True
0,87.13,0.04259,0,0,1776174683973,False,True
0,87.14,63.03,0,0,1776174685814,True,True
0,87.16,0.02021,0,0,1776174686645,True,True
0,87.14,0.02514414,0,0,1776174688163,True,True
0,87.16,0.05670275,0,0,1776174688163,True,True
0,87.19,10.46776013,0,0,1776174691649,True,True
0,87.19,0.03384402,0,0,1776174691649,True,True
0,87.19,0.02230176,0,0,1776174691649,True,True
0,87.19,0.02504845,0,0,1776174691649,True,True
0,87.19,0.01478,0,0,1776174691702,False,True
0,87.19,7.74772,0,0,1776174691859,False,True
0,87.19,3.09123253,0,0,1776174691859,False,True
0,87.19,89.16104747,0,0,1776174691859,False,True
0,87.2,0.91418424,0,0,1776174697138,True,True
0,87.2,1.0,0,0,1776174697138,True,True
0,87.2,0.05373751,0,0,1776174697138,True,True
0,87.2,10.0,0,0,1776174697138,True,True
0,87.2,0.05146629,0,0,1776174697138,True,True
0,87.2,0.0221558,0,0,1776174697138,True,True
0,87.2,0.10061536,0,0,1776174697138,True,True
0,87.2,0.0223015,0,0,1776174697138,True,True
0,87.2,0.03384243,0,0,1776174697138,True,True
0,87.2,0.0246366,0,0,1776174697138,True,True
0,87.2,0.0586374,0,0,1776174697138,False,True
0,87.21,0.32436685,0,0,1776174697486,True,True
0,87.21,0.2875,0,0,1776174697486,True,True
0,87.21,0.03384083,0,0,1776174697486,True,True
0,87.21,0.02230123,0,0,1776174697486,True,True
0,87.21,0.02454753,0,0,1776174697486,True,True
0,87.22,2.30805356,0,0,1776174697486,True,True
0,87.21,1.105,0,0,1776174697943,False,True
0,87.2,26.63087955,0,0,1776174701198,False,True
0,87.2,1.08754332,0,0,1776174701214,False,True
0,87.18,19.73749,0,0,1776174702801,True,True
0,87.18,0.02439853,0,0,1776174702801,True,True
0,87.18,3.13086663,0,0,1776174702801,True,True
0,87.18,7.7625,0,0,1776174702801,True,True
0,87.18,85.07014063,0,0,1776174702801,True,True
0,87.17,0.03997,0,0,1776174703043,False,True
0,87.2,16.91659446,0,0,1776174708423,False,True
0,87.2,0.84582972,0,0,1776174708424,False,True
0,87.17,0.02384207,0,0,1776174710435,True,True
0,87.17,0.29722202,0,0,1776174710435,True,True
0,87.16,0.47429688,0,0,1776174710778,False,True
0,87.15,0.02375666,0,0,1776174714083,True,True
0,87.17,24.3076647,0,0,1776174714083,True,True
0,87.17,0.02367154,0,0,1776174714234,True,True
0,87.18,0.27058996,0,0,1776174714234,True,True
0,87.16,0.02888703,0,0,1776174720113,False,True
0,87.16,0.16870037,0,0,1776174721027,True,True
0,87.16,1.83129963,0,0,1776174721027,True,True
0,87.16,0.02324473,0,0,1776174723983,True,True
0,87.16,0.26077527,0,0,1776174723983,True,True
0,87.13,3.1199,0,0,1776174728395,False,True
0,87.14,0.02306021,0,0,1776174729315,True,True
0,87.14,3.89016044,0,0,1776174729315,True,True
0,87.14,0.02296081,0,0,1776174731582,True,True
0,87.14,2.64626919,0,0,1776174731582,True,True
0,87.14,0.0228241,0,0,1776174740390,True,True
0,87.14,3.41991175,0,0,1776174740390,True,True
0,87.13,0.91127889,0,0,1776174743730,False,True
0,87.13,0.86799379,0,0,1776174744545,False,True
0,87.13,3.13502908,0,0,1776174750034,False,True
0,87.11,19.73749,0,0,1776174751300,True,True
0,87.11,0.02304876,0,0,1776174751300,True,True
0,87.11,0.23946124,0,0,1776174751300,True,True
0,87.1,5.1,0,0,1776174756492,False,True
0,87.13,0.02331058,0,0,1776174758355,True,True
0,87.14,0.35748942,0,0,1776174758355,True,True
0,87.14,0.0118,0,0,1776174759315,True,True
0,87.17,0.01108877,0,0,1776174763451,True,True
0,87.19,0.01669123,0,0,1776174763451,True,True
0,87.19,0.02284848,0,0,1776174764702,True,True
0,87.2,30.0,0,0,1776174764702,True,True
0,87.21,114.67332742,0,0,1776174764702,True,True
0,87.21,51.44814,0,0,1776174764702,True,True
0,87.22,0.20347752,0,0,1776174764702,True,True
0,87.22,0.03383924,0,0,1776174764702,True,True
0,87.22,0.02230097,0,0,1776174764702,True,True
0,87.22,7.7625,0,0,1776174764702,True,True
0,87.23,0.18585026,0,0,1776174764702,True,True
0,87.23,0.38981393,0,0,1776174764702,True,True
0,87.23,0.0223007,0,0,1776174764702,True,True
0,87.23,0.03383763,0,0,1776174764702,True,True
0,87.23,7.7625,0,0,1776174764702,True,True
0,87.24,3.66407498,0,0,1776174764702,True,True
0,87.24,0.55243228,0,0,1776174764702,True,True
0,87.24,0.02230044,0,0,1776174764702,True,True
0,87.24,0.03383605,0,0,1776174764702,True,True
0,87.24,0.28730678,0,0,1776174764702,True,True
0,87.24,7.7625,0,0,1776174764702,True,True
0,87.24,2.72579059,0,0,1776174764702,True,True
0,87.17,0.05735,0,0,1776174764951,False,True
0,87.17,12.0,0,0,1776174765423,False,True
0,87.17,6.49464182,0,0,1776174765423,False,True
0,87.17,0.02276422,0,0,1776174767597,True,True
0,87.2,15.0,0,0,1776174769563,True,True
0,87.23,0.02239387,0,0,1776174769619,True,True
0,87.25,0.04616151,0,0,1776174769619,True,True
0,87.25,27.27892264,0,0,1776174769619,True,True
0,87.25,0.02230017,0,0,1776174769619,True,True
0,87.26,25.32413783,0,0,1776174769620,True,True
0,87.26,0.17919,0,0,1776174769620,True,True
0,87.26,0.02229991,0,0,1776174769620,True,True
0,87.27,0.208784,0,0,1776174769620,True,True
0,87.27,0.02229964,0,0,1776174769620,True,True
0,87.27,7.26935424,0,0,1776174769620,True,True
0,87.27,7.7625,0,0,1776174769620,True,True
0,87.22,0.058597,0,0,1776174769620,False,True
0,87.25,0.02231127,0,0,1776174769658,True,True
0,87.28,0.02229938,0,0,1776174769773,True,True
0,87.28,0.022229,0,0,1776174769773,True,True
0,87.28,0.02214702,0,0,1776174769795,True,True
0,87.28,0.02206535,0,0,1776174769819,True,True
0,87.29,0.15733969,0,0,1776174769883,True,True
0,87.29,0.02229911,0,0,1776174769883,True,True
0,87.29,0.02198398,0,0,1776174769883,True,True
0,87.29,0.02190291,0,0,1776174769977,True,True
0,87.29,2.0,0,0,1776174769986,False,True
0,87.29,5.74301,0,0,1776174769988,False,True
0,87.29,0.01949,0,0,1776174769990,False,True
0,87.28,4.98051,0,0,1776174769990,False,True
0,87.29,1.57581,0,0,1776174769990,False,True
0,87.29,1.25813,0,0,1776174769991,False,True
0,87.29,0.992,0,0,1776174769992,False,True
0,87.29,7.00866,0,0,1776174769993,False,True
0,87.29,3.45306,0,0,1776174769994,False,True
0,87.29,0.51687,0,0,1776174769995,False,True
0,87.28,0.36558258,0,0,1776174770615,False,True
0,87.29,0.02182216,0,0,1776174770868,True,True
0,87.29,7.7625,0,0,1776174770868,True,True
0,87.29,3.48859496,0,0,1776174770868,True,True
0,87.29,19.73749,0,0,1776174770868,True,True
0,87.3,0.08489685,0,0,1776174770868,True,True
0,87.3,0.02229885,0,0,1776174770868,True,True
0,87.3,4.17651482,0,0,1776174770868,True,True
0,87.28,0.54227773,0,0,1776174771059,True,True
0,87.28,0.02174168,0,0,1776174771721,True,True
0,87.28,7.7625,0,0,1776174771721,True,True
0,87.28,7.43505259,0,0,1776174771721,True,True
0,87.27,0.02166216,0,0,1776174774774,True,True
0,87.29,1.04533784,0,0,1776174774774,True,True
0,87.29,0.11063676,0,0,1776174781390,True,True
0,87.31,2.2024222,0,0,1776174785133,True,True
0,87.28,0.09234,0,0,1776174786691,False,True
0,87.29,0.02217131,0,0,1776174787482,True,True
0,87.3,7.7625,0,0,1776174787484,True,True
0,87.31,0.11534348,0,0,1776174787484,True,True
0,87.31,0.51205503,0,0,1776174787484,True,True
0,87.31,0.02229859,0,0,1776174787484,True,True
0,87.31,7.7625,0,0,1776174787484,True,True
0,87.31,3.15643568,0,0,1776174787484,True,True
0,87.32,0.97419428,0,0,1776174787487,True,True
0,87.32,1.15970917,0,0,1776174787487,True,True
0,87.32,1.15970917,0,0,1776174787487,True,True
0,87.32,1.15912795,0,0,1776174787487,True,True
0,87.32,1.15912795,0,0,1776174787487,True,True
0,87.32,1.5900447,0,0,1776174787487,True,True
0,87.32,5.52347762,0,0,1776174787502,True,True
0,87.3,0.02208664,0,0,1776174787505,True,True
0,87.32,6.28230939,0,0,1776174787505,True,True
0,87.32,5.52347762,0,0,1776174787506,True,True
0,87.32,1.57609901,0,0,1776174787506,True,True
0,87.32,17.47977714,0,0,1776174787506,True,True
0,87.32,7.52421974,0,0,1776174787509,True,True
0,87.32,1.59818565,0,0,1776174787510,True,True
0,87.32,1.59818565,0,0,1776174787510,True,True
0,87.32,13.03261854,0,0,1776174787511,True,True
0,87.32,2.89151053,0,0,1776174787511,True,True
0,87.32,0.02229832,0,0,1776174787511,True,True
0,87.33,1.1702911,0,0,1776174787512,True,True
0,87.33,0.03192275,0,0,1776174787512,True,True
0,87.33,3.43326531,0,0,1776174787512,True,True
0,87.33,0.02229806,0,0,1776174787512,True,True
0,87.34,0.02229779,0,0,1776174787525,True,True
0,87.34,0.52779732,0,0,1776174787525,True,True
0,87.35,0.12518143,0,0,1776174787525,True,True
0,87.35,0.02229753,0,0,1776174787525,True,True
0,87.32,0.028,0,0,1776174787525,False,True
0,87.33,2.33992533,0,0,1776174795282,False,True
0,87.33,0.0174,0,0,1776174795613,False,True
0,87.33,49.19367467,0,0,1776174795614,False,True
0,87.33,71.659,0,0,1776174795614,False,True
0,87.33,51.552,0,0,1776174795614,False,True
0,87.33,12.0,0,0,1776174795614,False,True
0,87.32,7.7625,0,0,1776174795614,False,True
0,87.32,114.51747511,0,0,1776174795614,False,True
0,87.31,7.7625,0,0,1776174795614,False,True
0,87.31,22.473816,0,0,1776174795614,False,True
0,87.31,63.07903422,0,0,1776174795614,False,True
0,87.32,3.75752,0,0,1776174795622,False,True
0,87.3,0.05858231,0,0,1776174800056,False,True
0,87.31,0.02134434,0,0,1776174800407,True,True
0,87.31,2.84201615,0,0,1776174800407,True,True
0,87.34,3.18607108,0,0,1776174803723,False,True
0,87.34,51.536,0,0,1776174803723,False,True
0,87.34,72.974,0,0,1776174803723,False,True
0,87.34,7.7625,0,0,1776174803723,False,True
0,87.34,114.49507671,0,0,1776174803723,False,True
0,87.34,12.0,0,0,1776174803723,False,True
0,87.34,2.54255643,0,0,1776174803723,False,True
0,87.33,7.7625,0,0,1776174803723,False,True
0,87.32,51.535,0,0,1776174803723,False,True
0,87.32,7.7625,0,0,1776174803723,False,True
0,87.32,171.787,0,0,1776174803723,False,True
0,87.31,7.7625,0,0,1776174803723,False,True
0,87.31,32.22535173,0,0,1776174803723,False,True
0,87.31,456.66894405,0,0,1776174803723,False,True
0,87.35,0.23423,0,0,1776174805173,True,True
0,87.35,18.91411946,0,0,1776174806125,True,True
0,87.35,20.94345041,0,0,1776174806125,True,True
0,87.35,9.90820013,0,0,1776174806125,True,True
0,87.35,0.31146491,0,0,1776174807635,False,True
0,87.33,1.44963641,0,0,1776174810048,False,True
0,87.33,0.0301245,0,0,1776174814181,True,True
0,87.33,1.8292555,0,0,1776174814181,True,True
0,87.31,0.02974035,0,0,1776174822222,True,True
0,87.34,0.29088257,0,0,1776174822222,True,True
0,87.31,2.68607554,0,0,1776174825314,False,True
0,87.3,15.0,0,0,1776174836013,False,True
0,87.3,2.86368843,0,0,1776174836013,False,True
0,87.29,0.0292421,0,0,1776174836348,True,True
0,87.29,0.00966844,0,0,1776174836348,True,True
0,87.29,3.08606955,0,0,1776174836559,True,True
0,87.29,2.98724001,0,0,1776174836559,True,True
0,87.29,0.02913605,0,0,1776174836559,True,True
0,87.29,15.23468439,0,0,1776174836559,True,True
0,87.3,0.02874037,0,0,1776174844831,True,True
0,87.33,0.14310061,0,0,1776174844831,True,True
0,87.33,0.02863587,0,0,1776174855514,True,True
0,87.33,2.96618724,0,0,1776174855514,True,True
0,87.33,0.55493072,0,0,1776174855514,True,True
0,87.32,0.01539,0,0,1776174857085,False,True
0,87.34,0.02818915,0,0,1776174859005,True,True
0,87.34,0.19360085,0,0,1776174859005,True,True
0,87.33,0.35690183,0,0,1776174863577,False,True
0,87.35,3.04082594,0,0,1776174876016,False,True
0,87.35,8.80050028,0,0,1776174876016,False,True
0,87.35,3.19949972,0,0,1776174876016,False,True
0,87.35,6.24612648,0,0,1776174876016,False,True
0,87.36,38.70921229,0,0,1776174881516,True,True
0,87.36,0.12518143,0,0,1776174881516,True,True
0,87.36,0.02229727,0,0,1776174881516,True,True
0,87.36,0.0277421,0,0,1776174881526,True,True
0,87.37,0.022297,0,0,1776174885501,True,True
0,87.38,0.02229674,0,0,1776174885501,True,True
0,87.39,0.03,0,0,1776174885501,True,True
0,87.39,0.02229647,0,0,1776174885501,True,True
0,87.39,0.02763749,0,0,1776174885501,True,True
0,87.4,0.02229621,0,0,1776174885501,True,True
0,87.4,2.51805609,0,0,1776174885501,True,True
0,87.36,0.02,0,0,1776174885502,False,True
0,87.39,0.02753627,0,0,1776174886187,True,True
0,87.4,0.25965499,0,0,1776174886187,True,True
0,87.36,2.3616,0,0,1776174892240,False,True
0,87.36,9.6384,0,0,1776174893907,False,True
0,87.35,16.82905942,0,0,1776174893907,False,True
0,87.35,0.28183858,0,0,1776174893910,False,True
0,87.35,40.06868918,0,0,1776174893910,False,True
0,87.35,7.56355547,0,0,1776174893910,False,True
0,87.31,0.02695315,0,0,1776174894117,True,True
0,87.35,0.02685664,0,0,1776174894315,True,True
0,87.34,0.02676048,0,0,1776174900197,True,True
0,87.34,0.04526264,0,0,1776174900197,True,True
0,87.34,1.19557457,0,0,1776174901329,True,True
0,87.34,0.02666767,0,0,1776174907389,True,True
0,87.35,5.35434139,0,0,1776174907389,True,True
0,87.35,0.02657143,0,0,1776174909751,True,True
0,87.36,0.53330857,0,0,1776174909751,True,True
0,87.35,21.93217,0,0,1776174909966,True,True
0,87.35,0.02646883,0,0,1776174909966,True,True
0,87.35,0.02299,0,0,1776174910099,False,True
0,87.35,36.0909133,0,0,1776174912318,False,True
0,87.31,0.02637409,0,0,1776174917652,True,True
0,87.33,3.90574587,0,0,1776174917652,True,True
0,87.3,0.02627647,0,0,1776174923907,True,True
0,87.3,22.97372353,0,0,1776174923907,True,True
0,87.29,0.01183,0,0,1776174938943,False,True
0,87.34,0.02616651,0,0,1776174942928,True,True
0,87.34,1.03875349,0,0,1776174942928,True,True
0,87.34,10.27736464,0,0,1776174943119,True,True
0,87.34,1.1088,0,0,1776174943875,True,True
0,87.31,1.0,0,0,1776174948522,False,True
0,87.31,0.5,0,0,1776174950793,False,True
0,87.31,1.04141,0,0,1776174953852,False,True
0,87.29,0.28514148,0,0,1776174973837,False,True
0,87.28,0.53149852,0,0,1776174973837,False,True
0,87.28,0.04137048,0,0,1776174978020,False,True
0,87.28,1.58827936,0,0,1776174978020,False,True
0,87.27,0.399,0,0,1776174997483,False,True
0,87.27,11.601,0,0,1776175000025,False,True
0,87.27,4.26935102,0,0,1776175000025,False,True
0,87.28,0.0111,0,0,1776175000836,True,True
0,87.27,1.57197905,0,0,1776175015732,True,True
0,87.27,0.01293191,0,0,1776175015732,True,True
0,87.28,7.7625,0,0,1776175015734,True,True
0,87.28,3.13621857,0,0,1776175015734,True,True
0,87.29,1.88127026,0,0,1776175015762,True,True
0,87.29,6.5844459,0,0,1776175015770,True,True
0,87.29,12.22825667,0,0,1776175015777,True,True
0,87.29,8.12524011,0,0,1776175015784,True,True
0,87.32,0.3808,0,0,1776175017932,True,True
0,87.32,11.6192,0,0,1776175017932,True,True
0,87.29,0.233202,0,0,1776175034586,False,True
0,87.3,1.14560659,0,0,1776175038825,False,True
0,87.32,0.1718213,0,0,1776175061445,True,True
0,87.32,3.54847,0,0,1776175082451,True,True
0,87.32,3.47721883,0,0,1776175083780,True,True
0,87.32,61.52959189,0,0,1776175083781,True,True
0,87.32,9.65369798,0,0,1776175083781,True,True
0,87.32,0.02294596,0,0,1776175083781,True,True
0,87.33,8.4082126,0,0,1776175083782,True,True
0,87.33,7.0940708,0,0,1776175083782,True,True
0,87.33,1.57646017,0,0,1776175083782,True,True
0,87.33,11.91431824,0,0,1776175083783,True,True
0,87.33,2.36469027,0,0,1776175083783,True,True
0,87.33,14.67101301,0,0,1776175083786,True,True
0,87.33,14.25541916,0,0,1776175083789,True,True
0,87.33,33.68420155,0,0,1776175083789,True,True
0,87.33,6.0316142,0,0,1776175083793,True,True
0,87.35,0.1145213,0,0,1776175085411,True,True
0,87.35,3.3654787,0,0,1776175085813,True,True
0,87.35,0.02260092,0,0,1776175085813,True,True
0,87.35,1.34298729,0,0,1776175085813,True,True
0,87.35,0.02252051,0,0,1776175087183,True,True
0,87.35,0.55835215,0,0,1776175087183,True,True
0,87.35,16.0225,0,0,1776175090946,False,True
0,87.35,0.12030799,0,0,1776175095034,False,True
0,87.36,48.32657,0,0,1776175095127,True,True
0,87.36,0.56017091,0,0,1776175095958,True,True
0,87.36,1.54988,0,0,1776175098603,True,True
0,87.36,24.66337909,0,0,1776175099868,True,True
0,87.38,5.25615,0,0,1776175101569,False,True
0,87.39,0.02438702,0,0,1776175107129,True,True
0,87.4,4.0,0,0,1776175107129,True,True
0,87.41,0.11351469,0,0,1776175107129,True,True
0,87.41,0.23970681,0,0,1776175107129,True,True
0,87.41,0.02229595,0,0,1776175107129,True,True
0,87.41,43.50348553,0,0,1776175107129,True,True
0,87.41,0.23406086,0,0,1776175109744,True,True
0,87.4,50.0,0,0,1776175109945,False,True
0,87.41,0.02430114,0,0,1776175111407,True,True
0,87.42,0.03075602,0,0,1776175111407,True,True
0,87.42,0.02229568,0,0,1776175111407,True,True
0,87.42,46.01974,0,0,1776175111407,True,True
0,87.42,33.16274307,0,0,1776175111407,True,True
0,87.42,20.74016409,0,0,1776175111407,True,True
0,87.38,0.019,0,0,1776175117439,False,True
0,87.39,0.02528604,0,0,1776175118622,True,True
0,87.39,0.02765849,0,0,1776175118622,True,True
0,87.38,0.02519776,0,0,1776175122341,True,True
0,87.38,21.93217,0,0,1776175122341,True,True
0,87.39,16.48196224,0,0,1776175122341,True,True
0,87.38,21.93217,0,0,1776175122827,True,True
0,87.38,7.7625,0,0,1776175122827,True,True
0,87.38,0.02516391,0,0,1776175122827,True,True
0,87.38,3.08761527,0,0,1776175122827,True,True
0,87.38,0.02507512,0,0,1776175123285,True,True
0,87.38,6.13585488,0,0,1776175123285,True,True
0,87.37,7.7625,0,0,1776175124559,False,True
0,87.37,3.07609288,0,0,1776175124559,False,True
0,87.37,51.49,0,0,1776175124559,False,True
0,87.37,85.225,0,0,1776175124559,False,True
0,87.37,181.58559245,0,0,1776175124559,False,True
0,87.36,23.339426,0,0,1776175124559,False,True
0,87.36,86.494285,0,0,1776175124559,False,True
0,87.36,51.489,0,0,1776175124559,False,True
0,87.36,7.7625,0,0,1776175124559,False,True
0,87.35,7.7625,0,0,1776175124559,False,True
0,87.35,10.1,0,0,1776175124559,False,True
0,87.35,80.12203297,0,0,1776175124559,False,True
0,87.35,0.25,0,0,1776175124559,False,True
0,87.35,2.5439919,0,0,1776175124559,False,True
0,87.34,7.7625,0,0,1776175124559,False,True
0,87.34,16.31105659,0,0,1776175124559,False,True
0,87.34,12.0,0,0,1776175124559,False,True
0,87.34,285.97089356,0,0,1776175124559,False,True
0,87.33,7.7625,0,0,1776175124559,False,True
0,87.33,94.020393,0,0,1776175124559,False,True
0,87.33,11.94526563,0,0,1776175124559,False,True
0,87.33,50.82005082,0,0,1776175124559,False,True
0,87.33,124.8331703,0,0,1776175124559,False,True
0,87.32,7.7625,0,0,1776175124559,False,True
0,87.32,31.8087489,0,0,1776175124559,False,True
0,87.37,0.48612437,0,0,1776175125714,False,True
0,87.37,0.02289,0,0,1776175130294,False,True
0,87.42,0.0351282,0,0,1776175131802,True,True
0,87.43,0.33069159,0,0,1776175131802,True,True
0,87.43,0.68498442,0,0,1776175132762,True,True
0,87.43,0.11438024,0,0,1776175132762,True,True
0,87.43,0.225357,0,0,1776175132762,True,True
0,87.43,0.02229542,0,0,1776175132762,True,True
0,87.43,0.03500343,0,0,1776175132762,True,True
0,87.44,0.06453848,0,0,1776175132762,True,True
0,87.44,1.531306,0,0,1776175132762,True,True
0,87.44,0.113071,0,0,1776175132762,True,True
0,87.44,0.51,0,0,1776175132762,True,True
0,87.44,0.02229516,0,0,1776175132762,True,True
0,87.45,0.02,0,0,1776175132762,True,True
0,87.45,0.02,0,0,1776175132762,True,True
0,87.45,3.57721695,0,0,1776175132762,True,True
0,87.45,0.02229489,0,0,1776175132762,True,True
0,87.45,3.22432172,0,0,1776175132762,True,True
0,87.46,0.05183005,0,0,1776175132762,True,True
0,87.46,0.372825,0,0,1776175132762,True,True
0,87.46,0.03636184,0,0,1776175132762,True,True
0,87.46,0.02229463,0,0,1776175132762,True,True
0,87.46,7.7625,0,0,1776175132762,True,True
0,87.46,15.0,0,0,1776175132762,True,True
0,87.46,12.64002374,0,0,1776175132762,True,True
0,87.41,0.0348807,0,0,1776175137528,True,True
0,87.43,3.22432172,0,0,1776175137528,True,True
0,87.43,28.14432758,0,0,1776175137528,True,True
0,87.41,0.03475949,0,0,1776175140866,True,True
0,87.42,80.13315233,0,0,1776175140866,True,True
0,87.42,7.7625,0,0,1776175140866,True,True
0,87.43,7.7625,0,0,1776175140866,True,True
0,87.43,114.37774116,0,0,1776175140866,True,True
0,87.43,3.22432172,0,0,1776175140866,True,True
0,87.44,7.7625,0,0,1776175140866,True,True
0,87.44,7.9425253,0,0,1776175140866,True,True
0,87.4,12.0,0,0,1776175143144,False,True
0,87.4,114.41647597,0,0,1776175143144,False,True
0,87.4,7.7625,0,0,1776175143144,False,True
0,87.4,85.227,0,0,1776175143144,False,True
0,87.4,1.59641527,0,0,1776175147709,True,True
0,87.4,81.73703306,0,0,1776175150411,True,True
0,87.43,0.03420271,0,0,1776175154928,True,True
0,87.43,0.01147779,0,0,1776175154928,True,True
0,87.42,3.12912946,0,0,1776175157413,False,True
0,87.42,3.51431954,0,0,1776175157413,False,True
0,87.42,0.03517233,0,0,1776175157612,False,True
0,87.43,2.38971841,0,0,1776175171217,False,True
0,87.43,3.61028159,0,0,1776175171373,False,True
0,87.42,12.0,0,0,1776175171373,False,True
0,87.42,5.63050999,0,0,1776175171373,False,True
0,87.42,3.6102814,0,0,1776175171374,False,True
0,87.4,12.0,0,0,1776175171523,False,True
0,87.39,0.88911774,0,0,1776175171814,False,True
0,87.39,0.02,0,0,1776175171814,False,True
0,87.34,0.0229,0,0,1776175174523,False,True
0,87.35,0.03447866,0,0,1776175174616,True,True
0,87.37,15.0,0,0,1776175174667,True,True
0,87.29,6.0,0,0,1776175187109,False,True
0,87.28,4.0222,0,0,1776175187109,False,True
0,87.29,0.0231,0,0,1776175187996,True,True
0,87.28,0.01115351,0,0,1776175190359,True,True
0,87.29,0.0409407,0,0,1776175190359,True,True
0,87.32,0.03416961,0,0,1776175197833,True,True
0,87.32,0.24139092,0,0,1776175197833,True,True
0,87.35,0.11337,0,0,1776175206180,True,True
0,87.34,1.0,0,0,1776175208448,True,True
0,87.35,0.01788,0,0,1776175210305,True,True
0,87.35,1.41441888,0,0,1776175210398,True,True
0,87.35,0.03406876,0,0,1776175210398,True,True
0,87.36,1.71415647,0,0,1776175210398,True,True
0,87.35,0.03405311,0,0,1776175212507,True,True
0,87.36,0.01297689,0,0,1776175212507,True,True
0,87.4,0.05720824,0,0,1776175215725,True,True
0,87.39,6.69324908,0,0,1776175218261,False,True
0,87.36,0.03305511,0,0,1776175219157,True,True
0,87.37,0.00322489,0,0,1776175219157,True,True
0,87.36,3.53546911,0,0,1776175219240,True,True
0,87.37,1.0,0,0,1776175223083,True,True
0,87.37,0.03209506,0,0,1776175225050,True,True
0,87.37,0.19343494,0,0,1776175225050,True,True
0,87.37,0.57227881,0,0,1776175226542,True,True
0,87.4,0.0315272,0,0,1776175227931,True,True
0,87.4,11.7929828,0,0,1776175227931,True,True
0,87.41,0.01785,0,0,1776175231453,False,True
0,87.39,7.7625,0,0,1776175233249,False,True
0,87.39,2.2375,0,0,1776175233249,False,True
0,87.39,10.0,0,0,1776175233249,False,True
0,87.43,0.01796,0,0,1776175235027,True,True
0,87.41,0.05209421,0,0,1776175235446,False,True
0,87.41,0.01318848,0,0,1776175236549,True,True
0,87.43,0.54738152,0,0,1776175236549,True,True
0,87.39,0.03110215,0,0,1776175240564,True,True
0,87.39,0.2205565,0,0,1776175240564,True,True
0,87.36,8.32374719,0,0,1776175242054,True,True
0,87.33,1.37306,0,0,1776175242687,True,True
0,87.32,1.69317,0,0,1776175243483,False,True
0,87.32,0.04218,0,0,1776175244966,False,True
0,87.33,0.03099443,0,0,1776175245518,True,True
0,87.33,3.05496022,0,0,1776175245518,True,True
0,87.31,12.0,0,0,1776175248619,False,True
0,87.3,5.30630977,0,0,1776175248619,False,True
0,87.31,14.92424752,0,0,1776175248751,True,True
0,87.26,0.0243,0,0,1776175254734,True,True
0,87.27,7.7625,0,0,1776175259577,False,True
0,87.27,2.39318513,0,0,1776175259577,False,True
0,87.27,1.12942669,0,0,1776175259577,False,True
0,87.27,0.31538373,0,0,1776175259577,False,True
0,87.27,0.26515151,0,0,1776175259577,False,True
0,87.28,0.00656053,0,0,1776175259759,True,True
0,87.28,0.15602748,0,0,1776175259759,True,True
0,87.27,0.03084838,0,0,1776175262051,True,True
0,87.27,0.30098162,0,0,1776175262051,True,True
0,87.34,0.03073572,0,0,1776175263755,True,True
0,87.36,0.00255428,0,0,1776175263755,True,True
0,87.37,0.03062648,0,0,1776175265763,True,True
0,87.38,0.08172352,0,0,1776175265763,True,True
0,87.38,0.03051885,0,0,1776175267032,True,True
0,87.38,21.93217,0,0,1776175267032,True,True
0,87.38,3.23947627,0,0,1776175267032,True,True
0,87.39,20.36138648,0,0,1776175267032,True,True
0,87.39,7.7625,0,0,1776175267032,True,True
0,87.4,7.7625,0,0,1776175267032,True,True
0,87.4,15.0,0,0,1776175267032,True,True
0,87.4,45.44985,0,0,1776175267032,True,True
0,87.41,7.7625,0,0,1776175267032,True,True
0,87.42,7.7625,0,0,1776175267032,True,True
0,87.42,51.551,0,0,1776175267032,True,True
0,87.42,54.487,0,0,1776175267032,True,True
0,87.43,7.7625,0,0,1776175267032,True,True
0,87.43,13.9926584,0,0,1776175267032,True,True
0,87.38,0.03040932,0,0,1776175267160,True,True
0,87.4,0.62717034,0,0,1776175267160,True,True
0,87.3,0.06481153,0,0,1776175271710,False,True
0,87.3,0.04972996,0,0,1776175271780,False,True
0,87.23,0.03030232,0,0,1776175276872,True,True
0,87.23,7.7625,0,0,1776175276872,True,True
0,87.23,21.93217,0,0,1776175276872,True,True
0,87.23,3.47724129,0,0,1776175276872,True,True
0,87.24,7.7625,0,0,1776175276872,True,True
0,87.24,114.63171584,0,0,1776175276872,True,True
0,87.25,7.7625,0,0,1776175276872,True,True
0,87.25,36.64107055,0,0,1776175276872,True,True
0,87.23,0.03031542,0,0,1776175296249,True,True
0,87.23,0.23390458,0,0,1776175296249,True,True
0,87.22,0.20017496,0,0,1776175296978,False,True
0,87.2,0.58464504,0,0,1776175296978,False,True
0,87.16,0.02343,0,0,1776175304997,False,True
0,87.17,0.03013677,0,0,1776175307791,True,True
0,87.17,0.24496323,0,0,1776175307791,True,True
0,87.18,7.7625,0,0,1776175308973,False,True
0,87.18,2.91157132,0,0,1776175308973,False,True
0,87.18,114.70520761,0,0,1776175308973,False,True
0,87.17,3.18072107,0,0,1776175308973,False,True
0,87.22,0.03276533,0,0,1776175310077,True,True
0,87.22,9.45398469,0,0,1776175310077,True,True
0,87.25,0.1145596,0,0,1776175318697,True,True
0,87.25,0.03264964,0,0,1776175318697,True,True
0,87.25,0.76938104,0,0,1776175318697,True,True
0,87.22,0.03253202,0,0,1776175320743,True,True
0,87.22,0.08154798,0,0,1776175320743,True,True
0,87.22,4.45906986,0,0,1776175323196,True,True
0,87.21,0.3795,0,0,1776175323466,False,True
0,87.17,0.17845665,0,0,1776175334327,True,True
0,87.16,0.01033779,0,0,1776175338679,False,True
0,87.16,0.02638034,0,0,1776175338679,False,True
0,87.16,0.69257893,0,0,1776175344903,True,True
0,87.16,0.55249547,0,0,1776175344944,True,True
0,87.16,11.47315282,0,0,1776175345892,True,True
0,87.15,0.03376935,0,0,1776175355347,False,True
0,87.15,7.14597177,0,0,1776175364001,True,True
0,87.15,4.32849753,0,0,1776175364001,True,True
0,87.14,0.03377094,0,0,1776175373830,False,True
0,87.13,0.01879942,0,0,1776175373830,False,True
0,87.13,0.0149731,0,0,1776175378619,False,True
0,87.13,7.7625,0,0,1776175378619,False,True
0,87.13,2.99281911,0,0,1776175378619,False,True
0,87.13,44.43061683,0,0,1776175378619,False,True
0,87.13,7.7625,0,0,1776175379320,False,True
0,87.13,0.54762746,0,0,1776175379320,False,True
0,87.12,0.0337741,0,0,1776175379320,False,True
0,87.12,7.7625,0,0,1776175379320,False,True
0,87.12,22.03072362,0,0,1776175379320,False,True
0,87.12,114.77392757,0,0,1776175379320,False,True
0,87.12,24.715967,0,0,1776175379320,False,True
0,87.11,0.03377569,0,0,1776175379320,False,True
0,87.11,7.7625,0,0,1776175379320,False,True
0,87.11,51.647,0,0,1776175379320,False,True
0,87.11,12.0,0,0,1776175379320,False,True
0,87.11,63.323,0,0,1776175379320,False,True
0,87.11,9.48464526,0,0,1776175379320,False,True
0,87.1,0.03377727,0,0,1776175379320,False,True
0,87.1,7.7625,0,0,1776175379320,False,True
0,87.09,7.7625,0,0,1776175379320,False,True
0,87.09,0.03377885,0,0,1776175379320,False,True
0,87.09,19.0825726,0,0,1776175379320,False,True
0,87.09,0.25,0,0,1776175379320,False,True
0,87.09,51.575,0,0,1776175379320,False,True
0,87.08,7.7625,0,0,1776175379320,False,True
0,87.08,0.03378044,0,0,1776175379320,False,True
0,87.08,93.562509,0,0,1776175379320,False,True
0,87.08,13.80236622,0,0,1776175379320,False,True
0,87.08,80.38123757,0,0,1776175379320,False,True
0,87.07,7.7625,0,0,1776175379320,False,True
0,87.07,0.03378202,0,0,1776175379320,False,True
0,87.07,45.26430596,0,0,1776175379320,False,True
0,87.07,0.36172367,0,0,1776175379322,False,True
0,87.07,3.51219826,0,0,1776175379322,False,True
0,87.15,1.148501,0,0,1776175384523,True,True
0,87.13,0.05434698,0,0,1776175387409,False,True
0,87.14,0.03041144,0,0,1776175388593,True,True
0,87.15,1.31800951,0,0,1776175388593,True,True
0,87.14,0.03029546,0,0,1776175389702,True,True
0,87.14,0.80961732,0,0,1776175389702,True,True
0,87.14,15.0,0,0,1776175393596,True,True
0,87.14,0.03018874,0,0,1776175393596,True,True
0,87.15,250.27835126,0,0,1776175393596,True,True
0,87.09,0.02751447,0,0,1776175401282,True,True
0,87.11,0.19750553,0,0,1776175401282,True,True
0,87.06,0.03378361,0,0,1776175409445,False,True
0,87.05,0.03378519,0,0,1776175409445,False,True
0,87.05,35.55337946,0,0,1776175409445,False,True
0,87.06,0.0267103,0,0,1776175410782,True,True
0,87.07,0.29487003,0,0,1776175410782,True,True
0,87.07,7.7625,0,0,1776175412113,False,True
0,87.07,12.0,0,0,1776175412113,False,True
0,87.06,6.98443896,0,0,1776175412113,False,True
0,87.06,15.50583715,0,0,1776175422706,True,True
0,87.06,2.82255171,0,0,1776175422707,True,True
0,87.06,9.4085036,0,0,1776175422708,True,True
0,87.06,19.33978912,0,0,1776175422709,True,True
0,87.06,0.02867867,0,0,1776175422709,True,True
0,87.12,0.0282108,0,0,1776175425739,True,True
0,87.13,0.1386592,0,0,1776175425739,True,True
0,87.08,0.0281158,0,0,1776175430433,True,True
0,87.08,0.07882149,0,0,1776175430433,True,True
0,87.08,0.02274,0,0,1776175433037,True,True
0,87.09,0.02651761,0,0,1776175452055,True,True
0,87.09,0.11380539,0,0,1776175452055,True,True
0,87.09,7.7625,0,0,1776175454243,False,True
0,87.09,152.21496465,0,0,1776175454243,False,True
0,87.09,75.44522842,0,0,1776175454243,False,True
0,87.13,0.0264278,0,0,1776175465036,True,True
0,87.14,0.0871922,0,0,1776175465036,True,True
0,87.14,0.34724,0,0,1776175465882,False,True
0,87.14,89.04276,0,0,1776175467155,False,True
0,87.14,110.95724,0,0,1776175467155,False,True
0,87.14,0.02463392,0,0,1776175468242,True,True
0,87.12,0.02626701,0,0,1776175471966,True,True
0,87.15,2.45626003,0,0,1776175473502,True,True
0,87.12,0.77578887,0,0,1776175479215,False,True
0,87.12,1.55376,0,0,1776175481147,False,True
0,87.08,0.05713,0,0,1776175489057,True,True
0,87.08,0.02649977,0,0,1776175490571,True,True
0,87.09,3.14414725,0,0,1776175490571,True,True
0,87.11,0.10877402,0,0,1776175508109,False,True
0,87.11,0.0472,0,0,1776175508275,False,True
0,87.12,1.62899365,0,0,1776175508865,True,True
0,87.12,0.02604918,0,0,1776175508865,True,True
0,87.12,0.36780675,0,0,1776175508865,True,True
0,87.12,0.02596444,0,0,1776175509137,True,True
0,87.14,0.62566432,0,0,1776175509137,True,True
0,87.12,0.05729,0,0,1776175513787,False,True
0,87.12,0.02585808,0,0,1776175517673,True,True
0,87.12,1.10168256,0,0,1776175517673,True,True
0,87.11,0.02295,0,0,1776175517991,False,True
0,87.1,0.02577802,0,0,1776175519115,True,True
0,87.1,9.57632617,0,0,1776175519115,True,True
0,87.07,40.71620663,0,0,1776175525206,False,True
0,87.05,0.25,0,0,1776175525206,False,True
0,87.05,12.0,0,0,1776175525206,False,True
0,87.04,0.03378677,0,0,1776175530457,False,True
0,87.03,0.03378836,0,0,1776175530457,False,True
0,87.02,0.03378994,0,0,1776175530457,False,True
0,87.01,0.03379153,0,0,1776175530457,False,True
0,87.01,15.05674286,0,0,1776175530457,False,True
0,87.02,0.02354,0,0,1776175531540,True,True
0,87.03,0.01534,0,0,1776175537266,False,True
0,87.03,9.26093252,0,0,1776175537798,False,True
0,87.02,0.02532168,0,0,1776175543402,True,True
0,87.02,3.21820832,0,0,1776175543402,True,True
0,87.02,0.02524348,0,0,1776175544756,True,True
0,87.03,0.41044719,0,0,1776175544756,True,True
0,87.03,2.87257268,0,0,1776175545147,True,True
0,87.02,0.63795834,0,0,1776175547650,False,True
0,87.02,2.65823801,0,0,1776175548736,False,True
0,87.03,0.02516571,0,0,1776175550171,True,True
0,87.03,0.3795,0,0,1776175565463,False,True
0,87.03,22.57591569,0,0,1776175567034,False,True
0,87.01,14.94325714,0,0,1776175568303,False,True
0,87.01,0.19094948,0,0,1776175570215,True,True
0,87.0,0.03379311,0,0,1776175571929,False,True
0,87.0,25.48306022,0,0,1776175571929,False,True
0,87.0,7.39210825,0,0,1776175571930,False,True
0,87.0,0.0328,0,0,1776175571930,False,True
0,87.0,1.78055,0,0,1776175571930,False,True
0,87.0,0.02386,0,0,1776175571930,False,True
0,87.0,0.02363,0,0,1776175571930,False,True
0,87.0,0.58252427,0,0,1776175571930,False,True
0,87.0,4.226658,0,0,1776175571930,False,True
0,87.0,0.17382733,0,0,1776175571930,False,True
0,86.99,0.03379469,0,0,1776175580462,False,True
0,86.98,0.03379628,0,0,1776175580462,False,True
0,86.97,0.03379786,0,0,1776175580462,False,True
0,86.97,0.51741979,0,0,1776175580462,False,True
0,86.96,0.03379945,0,0,1776175580462,False,True
0,86.96,0.2816,0,0,1776175580462,False,True
0,86.95,0.03380103,0,0,1776175580462,False,True
0,86.94,0.03380262,0,0,1776175580462,False,True
0,86.94,7.7625,0,0,1776175580462,False,True
0,86.94,6.0,0,0,1776175580462,False,True
0,86.94,5.23568828,0,0,1776175580462,False,True
0,86.96,0.02379722,0,0,1776175582706,True,True
0,86.96,0.20100278,0,0,1776175582706,True,True
0,86.96,0.02372406,0,0,1776175583540,True,True
0,86.97,0.27450277,0,0,1776175583540,True,True
0,86.97,0.02024,0,0,1776175584883,True,True
0,86.96,0.0380183,0,0,1776175587043,False,True
0,86.96,1.72612198,0,0,1776175587284,False,True
0,86.96,0.078174,0,0,1776175589691,False,True
0,86.96,0.065219,0,0,1776175589786,False,True
0,86.96,0.065253,0,0,1776175589890,False,True
0,86.96,0.060851,0,0,1776175590713,False,True
0,86.94,0.061444,0,0,1776175591637,False,True
0,86.98,0.02348411,0,0,1776175591888,True,True
0,86.99,0.00798589,0,0,1776175591888,True,True
0,87.0,9.69315165,0,0,1776175601221,True,True
0,87.02,2.1550108,0,0,1776175603809,False,True
0,87.03,0.0154,0,0,1776175605060,False,True
0,87.09,0.03041,0,0,1776175628955,False,True
0,87.08,0.3771,0,0,1776175639369,False,True
0,87.08,9.38382226,0,0,1776175639369,False,True
0,87.08,32.53476351,0,0,1776175639369,False,True
0,87.08,32.53476351,0,0,1776175639369,False,True
0,87.08,4.70479409,0,0,1776175639370,False,True
0,87.08,28.41787867,0,0,1776175639377,False,True
0,87.06,3.14154686,0,0,1776175644737,False,True
0,87.06,12.26526919,0,0,1776175644737,False,True
0,87.06,1.92026118,0,0,1776175644737,False,True
0,87.09,0.05869,0,0,1776175648199,False,True
0,87.08,0.11866,0,0,1776175648350,False,True
0,87.06,14.87525087,0,0,1776175650421,False,True
0,87.02,0.08096,0,0,1776175684102,False,True
0,87.02,0.54620346,0,0,1776175684260,False,True
0,87.03,0.02289004,0,0,1776175686407,True,True
0,87.03,0.09350661,0,0,1776175687658,False,True
0,86.97,2.90649339,0,0,1776175687658,False,True
0,86.95,0.23203768,0,0,1776175693380,False,True
0,86.95,0.04436232,0,0,1776175697944,False,True
0,86.95,3.28348539,0,0,1776175697944,False,True
0,86.95,7.7625,0,0,1776175697944,False,True
0,86.95,115.00862564,0,0,1776175697944,False,True
0,86.94,7.7625,0,0,1776175697944,False,True
0,86.94,152.36804603,0,0,1776175697944,False,True
0,86.94,20.20399375,0,0,1776175697944,False,True
0,86.94,12.16439584,0,0,1776175697944,False,True
0,86.94,80.832,0,0,1776175697944,False,True
0,86.93,0.0338042,0,0,1776175697944,False,True
0,86.93,0.2817,0,0,1776175697944,False,True
0,86.93,7.7625,0,0,1776175697944,False,True
0,86.93,80.41226994,0,0,1776175697944,False,True
0,86.93,81.730905,0,0,1776175697944,False,True
0,86.92,0.03380581,0,0,1776175697944,False,True
0,86.92,7.7625,0,0,1776175697944,False,True
0,86.92,12.0,0,0,1776175697944,False,True
0,86.92,51.662,0,0,1776175697944,False,True
0,86.92,32.37568658,0,0,1776175697944,False,True
0,86.91,0.03380739,0,0,1776175697944,False,True
0,86.91,7.7625,0,0,1776175697944,False,True
0,86.91,22.14055246,0,0,1776175697944,False,True
0,86.91,2.56497316,0,0,1776175697944,False,True
0,86.9,0.03380898,0,0,1776175697944,False,True
0,86.9,7.7625,0,0,1776175697944,False,True
0,86.9,79.471341,0,0,1776175697944,False,True
0,86.9,51.712,0,0,1776175697944,False,True
0,86.9,152.36804603,0,0,1776175697944,False,True
0,86.89,0.03381056,0,0,1776175697944,False,True
0,86.89,7.7625,0,0,1776175697944,False,True
0,86.89,14.58820324,0,0,1776175697944,False,True
0,86.89,0.25,0,0,1776175697944,False,True
0,86.88,0.03381215,0,0,1776175697944,False,True
0,86.88,7.7625,0,0,1776175697944,False,True
0,86.88,22.14055246,0,0,1776175697944,False,True
0,86.88,3.45303867,0,0,1776175697944,False,True
0,86.88,172.351,0,0,1776175697944,False,True
0,86.88,287.50554363,0,0,1776175697944,False,True
0,86.88,39.86790683,0,0,1776175697944,False,True
0,86.92,0.312156,0,0,1776175706313,False,True
0,86.94,0.1339,0,0,1776175707137,False,True
0,86.92,0.258696,0,0,1776175708455,False,True
0,86.92,0.20920686,0,0,1776175708483,False,True
0,86.9,0.54608,0,0,1776175709977,False,True
0,86.9,0.68264121,0,0,1776175709977,False,True
0,86.9,0.16762,0,0,1776175709977,False,True
0,86.9,0.05022,0,0,1776175709977,False,True
0,86.9,0.02318,0,0,1776175709977,False,True
0,86.9,0.02322,0,0,1776175709977,False,True
0,86.9,1.87989733,0,0,1776175709977,False,True
0,86.9,8.24424183,0,0,1776175709977,False,True
0,86.91,0.03141217,0,0,1776175710404,True,True
0,86.94,0.18639083,0,0,1776175710404,True,True
0,86.92,0.02838,0,0,1776175712089,False,True
0,86.91,0.03130737,0,0,1776175713511,True,True
0,86.93,0.13786263,0,0,1776175713511,True,True
0,86.92,0.0311978,0,0,1776175714839,True,True
0,86.93,2.2687102,0,0,1776175714839,True,True
0,86.92,0.031092,0,0,1776175715044,True,True
0,86.92,0.039688,0,0,1776175715044,True,True
0,86.87,0.03381375,0,0,1776175716920,False,True
0,86.87,7.7625,0,0,1776175716920,False,True
0,86.87,0.3227,0,0,1776175716920,False,True
0,86.87,7.28557843,0,0,1776175716920,False,True
0,86.87,17.516928,0,0,1776175716920,False,True
0,86.87,115.11453896,0,0,1776175716920,False,True
0,86.87,3.0884216,0,0,1776175716920,False,True
0,86.86,0.03381534,0,0,1776175716920,False,True
0,86.86,7.7625,0,0,1776175716920,False,True
0,86.86,22.14055246,0,0,1776175716920,False,True
0,86.86,51.757,0,0,1776175716920,False,True
0,86.86,12.0,0,0,1776175716920,False,True
0,86.86,7.6,0,0,1776175716920,False,True
0,86.86,26.58779717,0,0,1776175716920,False,True
0,86.85,124.29900409,0,0,1776175716920,False,True
0,86.85,33.09628306,0,0,1776175716920,False,True
0,86.85,158.23428809,0,0,1776175716920,False,True
0,86.85,0.30713086,0,0,1776175716920,False,True
0,86.85,158.54141895,0,0,1776175716920,False,True
0,86.85,32.48202134,0,0,1776175716920,False,True
0,86.85,126.05939761,0,0,1776175716920,False,True
0,86.85,32.48202134,0,0,1776175716920,False,True
0,86.85,126.05939761,0,0,1776175716920,False,True
0,86.85,65.27117354,0,0,1776175716920,False,True
0,86.85,93.27024541,0,0,1776175716920,False,True
0,86.85,18.92042042,0,0,1776175716920,False,True
0,86.85,81.81231406,0,0,1776175716920,False,True
0,86.85,15.75386541,0,0,1776175716920,False,True
0,86.85,31.93157726,0,0,1776175716920,False,True
0,86.85,31.93157726,0,0,1776175716920,False,True
0,86.85,10.1232418,0,0,1776175716920,False,True
0,86.85,21.62754186,0,0,1776175716920,False,True
0,86.85,38.47240914,0,0,1776175716920,False,True
0,86.85,98.44146795,0,0,1776175716920,False,True
0,86.85,101.95837928,0,0,1776175716920,False,True
0,86.85,0.454538,0,0,1776175721075,False,True
0,86.85,6.6676967,0,0,1776175721534,False,True
0,86.85,1.8819173,0,0,1776175721534,False,True
0,86.85,1.8819173,0,0,1776175721535,False,True
0,86.85,4.70479071,0,0,1776175721537,False,True
0,86.85,3.7638346,0,0,1776175721541,False,True
0,86.85,3.7638346,0,0,1776175721543,False,True
0,86.85,33.46451046,0,0,1776175721554,False,True
0,86.85,158.54141895,0,0,1776175721554,False,True
0,86.85,158.54141895,0,0,1776175721554,False,True
0,86.85,86.60994142,0,0,1776175721554,False,True
0,86.85,71.93147753,0,0,1776175721554,False,True
0,86.85,11.88663247,0,0,1776175721554,False,True
0,86.85,83.81811,0,0,1776175721554,False,True
0,86.85,62.83667648,0,0,1776175721554,False,True
0,86.85,24.9534523,0,0,1776175721554,False,True
0,86.85,51.16112189,0,0,1776175721554,False,True
0,86.85,15.01570557,0,0,1776175721554,False,True
0,86.85,67.41113919,0,0,1776175721560,False,True
0,86.85,49.74682598,0,0,1776175721560,False,True
0,86.85,3.24152669,0,0,1776175721560,False,True
0,86.85,20.71181545,0,0,1776175721565,False,True
0,86.85,83.81811,0,0,1776175721565,False,True
0,86.85,1.02314076,0,0,1776175721565,False,True
0,86.85,158.44721728,0,0,1776175721565,False,True
0,86.85,1.91328837,0,0,1776175721565,False,True
0,86.85,125.95816159,0,0,1776175721565,False,True
0,86.85,0.38145148,0,0,1776175721576,False,True
0,86.85,0.04169,0,0,1776175721576,False,True
0,86.85,30.15262584,0,0,1776175721576,False,True
0,86.85,158.44721728,0,0,1776175721576,False,True
0,86.85,0.39870214,0,0,1776175721576,False,True
0,86.85,25.49972049,0,0,1776175721576,False,True
0,86.85,132.54879465,0,0,1776175721595,False,True
0,86.85,0.87720153,0,0,1776175721595,False,True
0,86.85,157.57001575,0,0,1776175721608,False,True
0,86.85,18.17546417,0,0,1776175721608,False,True
0,86.85,100.90127333,0,0,1776175721610,False,True
0,86.85,3.76977693,0,0,1776175721610,False,True
0,86.85,11.33555575,0,0,1776175721610,False,True
0,86.85,24.2651471,0,0,1776175721610,False,True
0,86.85,60.2263366,0,0,1776175721610,False,True
0,86.85,3.7638346,0,0,1776175721621,False,True
0,86.85,0.94095339,0,0,1776175721627,False,True
0,86.85,88.46671782,0,0,1776175721628,False,True
0,86.85,5.04937487,0,0,1776175721628,False,True
0,86.85,6.28618088,0,0,1776175721628,False,True
0,86.85,152.1610364,0,0,1776175721628,False,True
0,86.85,22.30503154,0,0,1776175721628,False,True
0,86.85,129.85600486,0,0,1776175721629,False,True
0,86.85,6.28618088,0,0,1776175721629,False,True
0,86.85,28.85781426,0,0,1776175721629,False,True
0,86.85,4.70479851,0,0,1776175721658,False,True
0,86.85,2.51364445,0,0,1776175721665,False,True
0,86.85,116.08477918,0,0,1776175721666,False,True
0,86.85,6.28618088,0,0,1776175721666,False,True
0,86.85,5.04937487,0,0,1776175721666,False,True
0,86.85,153.39784241,0,0,1776175721666,False,True
0,86.85,17.53082816,0,0,1776175721666,False,True
0,86.85,140.91638912,0,0,1776175721668,False,True
0,86.85,49.81877045,0,0,1776175721668,False,True
0,86.85,1.57682178,0,0,1776175721683,False,True
0,86.85,107.05162505,0,0,1776175721689,False,True
0,86.85,30.28417179,0,0,1776175721689,False,True
0,86.85,3.37928114,0,0,1776175721689,False,True
0,86.85,4.72980422,0,0,1776175721689,False,True
0,86.85,107.97285478,0,0,1776175721689,False,True
0,86.85,12.08110535,0,0,1776175721700,False,True
0,86.85,8.10908536,0,0,1776175721700,False,True
0,86.85,124.78376435,0,0,1776175721700,False,True
0,86.85,4.72980422,0,0,1776175721700,False,True
0,86.85,20.82456321,0,0,1776175721700,False,True
0,86.85,0.39986918,0,0,1776175721700,False,True
0,86.85,1.88147396,0,0,1776175721700,False,True
0,86.85,3.76294873,0,0,1776175721700,False,True
0,86.85,1.88147437,0,0,1776175721700,False,True
0,86.85,1.88147478,0,0,1776175721700,False,True
0,86.85,1.88147437,0,0,1776175721700,False,True
0,86.85,3.76294873,0,0,1776175721700,False,True
0,86.85,0.94073719,0,0,1776175721700,False,True
0,86.85,9.98813471,0,0,1776175721700,False,True
0,86.85,10.9211349,0,0,1776175721706,False,True
0,86.85,29.57343249,0,0,1776175721706,False,True
0,86.85,5.50543261,0,0,1776175721706,False,True
0,86.85,0.1389905,0,0,1776175721706,False,True
0,86.85,6.56311484,0,0,1776175721706,False,True
0,86.85,18.78292093,0,0,1776175721706,False,True
0,86.85,1.88147437,0,0,1776175721706,False,True
0,86.85,18.63349936,0,0,1776175721706,False,True
0,86.85,0.94096465,0,0,1776175721718,False,True
0,86.85,38.84378205,0,0,1776175721723,False,True
0,86.85,79.08264136,0,0,1776175721723,False,True
0,86.85,48.41146364,0,0,1776175721723,False,True
0,86.85,30.67117772,0,0,1776175721723,False,True
0,86.85,6.31257976,0,0,1776175721723,False,True
0,86.85,12.20753795,0,0,1776175721723,False,True
0,86.85,6.56311484,0,0,1776175721723,False,True
0,86.85,8.23509532,0,0,1776175721723,False,True
0,86.85,14.77980145,0,0,1776175721723,False,True
0,86.85,0.94095265,0,0,1776175721733,False,True
0,86.85,3.7638346,0,0,1776175721733,False,True
0,86.85,2.36523735,0,0,1776175721733,False,True
0,86.85,2.82288241,0,0,1776175721737,False,True
0,86.85,0.30592364,0,0,1776175721740,False,True
0,86.85,1.57599366,0,0,1776175721740,False,True
0,86.85,2.82287759,0,0,1776175721741,False,True
0,86.85,1.8819092,0,0,1776175721743,False,True
0,86.85,1.88192589,0,0,1776175721743,False,True
0,86.85,1.57682156,0,0,1776175721743,False,True
0,86.85,5.60021837,0,0,1776175721749,False,True
0,86.85,5.44593512,0,0,1776175721749,False,True
0,86.85,11.10782273,0,0,1776175721749,False,True
0,86.85,31.10880199,0,0,1776175721749,False,True
0,86.85,3.75544538,0,0,1776175721749,False,True
0,86.85,9.45958825,0,0,1776175721749,False,True
0,86.85,2.36490495,0,0,1776175721749,False,True
0,86.85,21.28607806,0,0,1776175721749,False,True
0,86.85,79.08264136,0,0,1776175721749,False,True
0,86.85,18.45004003,0,0,1776175721749,False,True
0,86.85,7.09469543,0,0,1776175721749,False,True
0,86.85,7.09469542,0,0,1776175721749,False,True
0,86.85,4.72979447,0,0,1776175721749,False,True
0,86.85,4.72979412,0,0,1776175721749,False,True
0,86.85,36.98362189,0,0,1776175721749,False,True
0,86.85,9.45958859,0,0,1776175721749,False,True
0,86.85,4.72979412,0,0,1776175721749,False,True
0,86.85,7.09470357,0,0,1776175721749,False,True
0,86.85,7.09469542,0,0,1776175721749,False,True
0,86.85,1.1,0,0,1776175721749,False,True
0,86.85,1.1,0,0,1776175721749,False,True
0,86.85,4.72979695,0,0,1776175721749,False,True
0,86.85,7.09468846,0,0,1776175721749,False,True
0,86.85,4.72980391,0,0,1776175721749,False,True
0,86.85,31.94957034,0,0,1776175721749,False,True
0,86.85,79.08264136,0,0,1776175721749,False,True
0,86.85,20.96806362,0,0,1776175721749,False,True
0,86.85,29.64294487,0,0,1776175721749,False,True
0,86.85,28.47163287,0,0,1776175721749,False,True
0,86.85,79.08264136,0,0,1776175721749,False,True
0,86.85,79.08264136,0,0,1776175721749,False,True
0,86.85,19.17144045,0,0,1776175721749,False,True
0,86.85,59.91120091,0,0,1776175721749,False,True
0,86.85,19.17144045,0,0,1776175721749,False,True
0,86.85,59.91120091,0,0,1776175721749,False,True
0,86.85,77.82988291,0,0,1776175721749,False,True
0,86.85,1.15905864,0,0,1776175721751,False,True
0,86.85,1.20617526,0,0,1776175721751,False,True
0,86.85,46.0,0,0,1776175721752,False,True
0,86.85,28.78095268,0,0,1776175721752,False,True
0,86.85,1.57682178,0,0,1776175721760,False,True
0,86.85,1.42499183,0,0,1776175721786,False,True
0,86.85,0.45692547,0,0,1776175721786,False,True
0,86.85,1.8819173,0,0,1776175721798,False,True
0,86.85,20.0,0,0,1776175721803,False,True
0,86.85,20.0,0,0,1776175721809,False,True
0,86.85,1.57682177,0,0,1776175721811,False,True
0,86.85,1.88190871,0,0,1776175721813,False,True
0,86.85,1.2565,0,0,1776175721851,False,True
0,86.85,31.9348683,0,0,1776175721859,False,True
0,86.85,14.0651317,0,0,1776175721859,False,True
0,86.85,46.0,0,0,1776175721860,False,True
0,86.85,18.92380985,0,0,1776175721872,False,True
0,86.85,41.07619015,0,0,1776175721872,False,True
0,86.85,37.9127514,0,0,1776175721888,False,True
0,86.85,78.98894155,0,0,1776175721888,False,True
0,86.85,78.98894155,0,0,1776175721888,False,True
0,86.85,78.98894155,0,0,1776175721888,False,True
0,86.85,35.26606141,0,0,1776175721888,False,True
0,86.85,1.57682157,0,0,1776175721894,False,True
0,86.85,42.14605857,0,0,1776175721908,False,True
0,86.85,3.85394143,0,0,1776175721908,False,True
0,86.85,75.13500012,0,0,1776175721910,False,True
0,86.85,78.98894155,0,0,1776175721910,False,True
0,86.85,78.98894155,0,0,1776175721910,False,True
0,86.85,71.6545991,0,0,1776175721910,False,True
0,86.85,7.33434245,0,0,1776175721910,False,True
0,86.85,20.70200374,0,0,1776175721910,False,True
0,86.85,6.79130105,0,0,1776175721910,False,True
0,86.85,51.49563676,0,0,1776175721910,False,True
0,86.85,78.98894152,0,0,1776175721910,False,True
0,86.85,157.79092703,0,0,1776175721910,False,True
0,86.85,3.69580872,0,0,1776175721910,False,True
0,86.85,28.82138017,0,0,1776175721910,False,True
0,86.85,1.57682177,0,0,1776175721934,False,True
0,86.85,2.82288246,0,0,1776175721935,False,True
0,86.85,2.36522955,0,0,1776175721935,False,True
0,86.85,1.8819202,0,0,1776175721936,False,True
0,86.85,1.8819144,0,0,1776175721936,False,True
0,86.85,114.74496976,0,0,1776175721938,False,True
0,86.85,7.62627924,0,0,1776175721938,False,True
0,86.85,6.17852746,0,0,1776175721938,False,True
0,86.85,46.0,0,0,1776175721938,False,True
0,86.85,1.8819207,0,0,1776175721939,False,True
0,86.85,3.15364313,0,0,1776175721939,False,True
0,86.85,1.5768253,0,0,1776175721939,False,True
0,86.85,91.3737312,0,0,1776175721965,False,True
0,86.85,157.79092703,0,0,1776175721965,False,True
0,86.85,6.79798139,0,0,1776175721965,False,True
0,86.85,103.01436038,0,0,1776175721965,False,True
0,86.85,47.97858526,0,0,1776175721965,False,True
0,86.85,13.59596278,0,0,1776175721965,False,True
0,86.85,144.19496425,0,0,1776175721965,False,True
0,86.85,17.5264333,0,0,1776175721965,False,True
0,86.85,140.26449373,0,0,1776175721965,False,True
0,86.85,12.76766493,0,0,1776175721965,False,True
0,86.85,145.0232621,0,0,1776175721965,False,True
0,86.85,5.14138569,0,0,1776175721965,False,True
0,86.85,152.64954134,0,0,1776175721965,False,True
0,86.85,11.93936708,0,0,1776175721965,False,True
0,86.85,145.85155995,0,0,1776175721965,False,True
0,86.85,15.58667293,0,0,1776175721965,False,True
0,86.85,142.2042541,0,0,1776175721965,False,True
0,86.85,7.96039369,0,0,1776175721965,False,True
0,86.85,149.83053334,0,0,1776175721965,False,True
0,86.85,3.20162532,0,0,1776175721965,False,True
0,86.85,154.58930171,0,0,1776175721965,False,True
0,86.85,90.72842616,0,0,1776175721965,False,True
0,86.85,67.06250087,0,0,1776175721965,False,True
0,86.85,94.35927436,0,0,1776175721965,False,True
0,86.85,63.43165254,0,0,1776175721965,False,True
0,86.85,0.33956993,0,0,1776175721965,False,True
0,86.85,0.11724,0,0,1776175721965,False,True
0,86.85,4.73653049,0,0,1776175721965,False,True
0,86.85,20.12280415,0,0,1776175721965,False,True
0,86.85,46.0,0,0,1776175721972,False,True
0,86.85,7.62603029,0,0,1776175721972,False,True
0,86.85,38.37396971,0,0,1776175721972,False,True
0,86.85,10.0,0,0,1776175721974,False,True
0,86.85,10.0,0,0,1776175721976,False,True
0,86.85,20.56820515,0,0,1776175721977,False,True
0,86.85,15.12088133,0,0,1776175721977,False,True
0,86.85,7.86648924,0,0,1776175721977,False,True
0,86.85,2.44442428,0,0,1776175721977,False,True
0,86.85,4.6502852,0,0,1776175721978,False,True
0,86.85,4.72978406,0,0,1776175721978,False,True
0,86.85,4.72982789,0,0,1776175721978,False,True
0,86.85,14.16702901,0,0,1776175721978,False,True
0,86.85,11.9189,0,0,1776175721978,False,True
0,86.85,5.80417384,0,0,1776175721978,False,True
0,86.85,7.51038001,0,0,1776175721984,False,True
0,86.85,78.94217486,0,0,1776175721984,False,True
0,86.85,78.94217486,0,0,1776175721984,False,True
0,86.85,9.64882612,0,0,1776175721984,False,True
0,86.85,46.0,0,0,1776175721984,False,True
0,86.85,11.33555575,0,0,1776175721984,False,True
0,86.85,11.95779299,0,0,1776175721984,False,True
0,86.85,3.48578246,0,0,1776175721984,False,True
0,86.85,15.27871479,0,0,1776175721984,False,True
0,86.85,27.19761479,0,0,1776175721984,False,True
0,86.85,21.00447313,0,0,1776175721984,False,True
0,86.85,9.45959106,0,0,1776175721984,False,True
0,86.85,2.51599863,0,0,1776175721984,False,True
0,86.85,27.15738566,0,0,1776175721984,False,True
0,86.85,8.5679,0,0,1776175721984,False,True
0,86.85,41.4268538,0,0,1776175721984,False,True
0,86.85,1.7900354,0,0,1776175721987,False,True
0,86.85,10.7977108,0,0,1776175721987,False,True
0,86.85,4.72978406,0,0,1776175721987,False,True
0,86.85,4.72978406,0,0,1776175721987,False,True
0,86.85,23.95268568,0,0,1776175721987,False,True
0,86.85,8.18031432,0,0,1776175721993,False,True
0,86.85,4.72982823,0,0,1776175721993,False,True
0,86.85,21.82206771,0,0,1776175721993,False,True
0,86.85,4.24443229,0,0,1776175721993,False,True
0,86.85,1.1,0,0,1776175721993,False,True
0,86.85,1.2236,0,0,1776175721993,False,True
0,86.85,37.4321,0,0,1776175721993,False,True
0,86.85,4.72979344,0,0,1776175721993,False,True
0,86.85,8.5679,0,0,1776175721993,False,True
0,86.85,9.45962551,0,0,1776175721993,False,True
0,86.85,9.45956812,0,0,1776175721993,False,True
0,86.85,1.7661,0,0,1776175721993,False,True
0,86.85,0.9590555,0,0,1776175721993,False,True
0,86.85,0.1409445,0,0,1776175721993,False,True
0,86.85,0.9748,0,0,1776175721993,False,True
0,86.85,0.9590555,0,0,1776175721993,False,True
0,86.85,62.43059192,0,0,1776175721993,False,True
0,86.85,14.43678294,0,0,1776175722016,False,True
0,86.85,78.94217486,0,0,1776175722016,False,True
0,86.85,69.44143755,0,0,1776175722016,False,True
0,86.85,2.12870719,0,0,1776175722017,False,True
0,86.85,2.12870719,0,0,1776175722018,False,True
0,86.85,5.24332293,0,0,1776175722046,False,True
0,86.85,4.75667707,0,0,1776175722046,False,True
0,86.85,74.18549779,0,0,1776175722100,False,True
0,86.85,78.94217481,0,0,1776175722100,False,True
0,86.85,0.03381692,0,0,1776175722100,False,True
0,86.85,0.02,0,0,1776175722100,False,True
0,86.84,0.03381853,0,0,1776175722103,False,True
0,86.83,0.03382011,0,0,1776175722103,False,True
0,86.82,0.0338217,0,0,1776175722328,False,True
0,86.81,0.0338233,0,0,1776175722328,False,True
0,86.8,0.2,0,0,1776175722328,False,True
0,86.8,0.03382489,0,0,1776175722328,False,True
0,86.8,4.12750622,0,0,1776175722328,False,True
0,86.8,15.88816198,0,0,1776175722702,False,True
0,86.79,0.02,0,0,1776175723526,False,True
0,86.79,0.01382647,0,0,1776175723532,False,True
0,86.78,0.03382808,0,0,1776175723969,False,True
0,86.77,0.02,0,0,1776175724619,False,True
0,86.77,0.01382966,0,0,1776175725643,False,True
0,86.76,0.03383125,0,0,1776175726173,False,True
0,86.75,0.03383286,0,0,1776175729910,False,True
0,86.75,0.06462897,0,0,1776175729910,False,True
0,86.74,0.03383444,0,0,1776175731090,False,True
0,86.74,0.01473,0,0,1776175732936,True,True
0,86.74,0.0318675,0,0,1776175739075,True,True
0,86.74,0.32527571,0,0,1776175739075,True,True
0,86.77,0.03176251,0,0,1776175745353,True,True
0,86.78,15.0,0,0,1776175745353,True,True
0,86.79,12.78347528,0,0,1776175745353,True,True
0,86.79,7.7625,0,0,1776175745353,True,True
0,86.8,7.7625,0,0,1776175745353,True,True
0,86.8,80.75689877,0,0,1776175745353,True,True
0,86.81,7.7625,0,0,1776175745354,True,True
0,86.81,54.454,0,0,1776175745354,True,True
0,86.82,7.7625,0,0,1776175745357,True,True
0,86.82,32.41402213,0,0,1776175745357,True,True
0,86.83,7.7625,0,0,1776175745357,True,True
0,86.83,50.82005082,0,0,1776175745357,True,True
0,86.84,7.7625,0,0,1776175745357,True,True
0,86.84,575.78997399,0,0,1776175745357,True,True
0,86.84,159.9358076,0,0,1776175745357,True,True
0,86.84,15.93174675,0,0,1776175745357,True,True
0,86.84,51.69,0,0,1776175745357,True,True
0,86.84,51.873,0,0,1776175745357,True,True
0,86.85,7.7625,0,0,1776175745357,True,True
0,86.85,0.25,0,0,1776175745357,True,True
0,86.85,57.42,0,0,1776175745357,True,True
0,86.86,7.7625,0,0,1776175745357,True,True
0,86.86,2.00427484,0,0,1776175745357,True,True
0,86.86,270.2836781,0,0,1776175745357,True,True
0,86.86,17.76164039,0,0,1776175745359,True,True
0,86.87,7.7625,0,0,1776175745359,True,True
0,86.87,575.63852821,0,0,1776175745359,True,True
0,86.88,7.7625,0,0,1776175745359,True,True
0,86.88,12.0,0,0,1776175745359,True,True
0,86.88,100.47679609,0,0,1776175745359,True,True
0,86.88,84.88906541,0,0,1776175745359,True,True
0,86.88,172.912,0,0,1776175745359,True,True
0,86.89,7.7625,0,0,1776175745359,True,True
0,86.89,7.22226212,0,0,1776175745359,True,True
0,86.89,115.34835654,0,0,1776175745359,True,True
0,86.89,460.15761243,0,0,1776175745360,True,True
0,86.89,430.78077498,0,0,1776175745360,True,True
0,86.89,144.72519399,0,0,1776175745362,True,True
0,86.9,7.7625,0,0,1776175745362,True,True
0,86.9,6.06382764,0,0,1776175745362,True,True
0,86.91,7.7625,0,0,1776175745368,True,True
0,86.92,72.071329,0,0,1776175745368,True,True
0,86.92,7.7625,0,0,1776175745368,True,True
0,86.92,202.93471261,0,0,1776175745368,True,True
0,86.88,28.66,0,0,1776175745376,False,True
0,86.87,9.3834,0,0,1776175745386,True,True
0,86.87,3.7145896,0,0,1776175745389,True,True
0,86.87,16.17526284,0,0,1776175745405,True,True
0,86.86,3.7145896,0,0,1776175745421,False,True
0,86.86,3.7145896,0,0,1776175745421,False,True
0,86.86,7.7625,0,0,1776175745560,False,True
0,86.86,3.37310397,0,0,1776175745560,False,True
0,86.85,51.872,0,0,1776175745560,False,True
0,86.85,1.15141047,0,0,1776175745560,False,True
0,86.85,7.7625,0,0,1776175745560,False,True
0,86.85,18.668395,0,0,1776175745560,False,True
0,86.89,0.08519,0,0,1776175745651,True,True
0,86.86,84.975,0,0,1776175745826,False,True
0,86.86,7.7625,0,0,1776175745826,False,True
0,86.85,7.7625,0,0,1776175745826,False,True
0,86.85,51.872,0,0,1776175745826,False,True
0,86.87,84.162,0,0,1776175746062,False,True
0,86.89,0.17278518,0,0,1776175746285,True,True
0,86.84,12.0,0,0,1776175746316,False,True
0,86.85,7.7625,0,0,1776175746569,False,True
0,86.84,83.495,0,0,1776175746569,False,True
0,86.84,7.7625,0,0,1776175746569,False,True
0,86.84,0.6375,0,0,1776175746569,False,True
0,86.84,7.7625,0,0,1776175746812,False,True
0,86.84,9.9,0,0,1776175747097,False,True
0,86.85,1.11335851,0,0,1776175747356,True,True
0,86.83,7.7625,0,0,1776175747499,False,True
0,86.83,3.3661342,0,0,1776175747583,False,True
0,86.83,7.7625,0,0,1776175747583,False,True
0,86.83,3.4617681,0,0,1776175747838,False,True
0,86.83,7.7625,0,0,1776175747838,False,True
0,86.83,24.38187,0,0,1776175748290,False,True
0,86.84,84.429,0,0,1776175748312,False,True
0,86.84,7.7625,0,0,1776175748312,False,True
0,86.83,7.7625,0,0,1776175748312,False,True
0,86.83,35.0,0,0,1776175748312,False,True
0,86.83,2.85053014,0,0,1776175748312,False,True
0,86.85,85.115,0,0,1776175749319,False,True
0,86.85,85.115,0,0,1776175749322,False,True
0,86.84,0.01784,0,0,1776175750713,False,True
0,86.85,0.21442,0,0,1776175750941,True,True
0,86.84,0.01816,0,0,1776175751174,False,True
0,86.85,7.7625,0,0,1776175752204,False,True
0,86.85,7.7625,0,0,1776175752210,False,True
0,86.86,91.609,0,0,1776175752593,False,True
0,86.87,24.38187,0,0,1776175752697,False,True
0,86.87,7.793008,0,0,1776175758411,False,True
0,86.86,7.7625,0,0,1776175758411,False,True
0,86.85,7.7625,0,0,1776175758412,False,True
0,86.85,7.793008,0,0,1776175758412,False,True
0,86.86,95.392,0,0,1776175758420,False,True
0,86.85,43.865992,0,0,1776175758420,False,True
0,86.85,12.0,0,0,1776175758420,False,True
0,86.85,39.526008,0,0,1776175758420,False,True
0,86.85,25.298815,0,0,1776175758459,False,True
0,86.85,12.0,0,0,1776175758459,False,True
0,86.85,7.7625,0,0,1776175758459,False,True
0,86.86,95.809,0,0,1776175758792,False,True
0,86.85,7.7625,0,0,1776175758792,False,True
0,86.85,115.13897535,0,0,1776175758792,False,True
0,86.85,0.61111901,0,0,1776175758921,False,True
0,86.87,0.061586,0,0,1776175760691,False,True
0,86.87,42.0,0,0,1776175761956,False,True
0,86.87,18.0,0,0,1776175761956,False,True
0,86.87,9.0,0,0,1776175761956,False,True
0,86.87,9.0,0,0,1776175761956,False,True
0,86.87,9.0,0,0,1776175761956,False,True
0,86.87,9.0,0,0,1776175761956,False,True
0,86.89,0.02296,0,0,1776175764600,False,True
0,86.92,0.1,0,0,1776175765549,False,True
0,86.92,0.217353,0,0,1776175765806,False,True
0,86.91,0.118154,0,0,1776175767620,False,True
0,86.93,0.23007017,0,0,1776175767681,True,True
0,86.91,0.164981,0,0,1776175769465,False,True
0,86.91,102.041019,0,0,1776175769972,False,True
0,86.91,0.47520423,0,0,1776175769972,False,True
0,86.91,152.91188168,0,0,1776175769972,False,True
0,86.91,103.975,0,0,1776175769975,False,True
0,86.9,115.06408484,0,0,1776175769975,False,True
0,86.91,103.975,0,0,1776175770007,False,True
0,86.91,24.38187,0,0,1776175770067,False,True
0,86.91,0.299864,0,0,1776175770486,False,True
0,86.89,12.0,0,0,1776175774120,False,True
0,86.89,152.91188168,0,0,1776175774120,False,True
0,86.9,0.023,0,0,1776175782630,False,True
0,86.91,64.9271524,0,0,1776175783063,True,True
0,86.91,3.26105074,0,0,1776175783063,True,True
0,86.91,12.52575023,0,0,1776175783063,True,True
0,86.93,2.82453962,0,0,1776175783831,True,True
0,86.93,21.27156452,0,0,1776175785430,True,True
0,86.93,0.0783,0,0,1776175785430,True,True
0,86.93,0.02277,0,0,1776175785430,True,True
0,86.93,22.42830668,0,0,1776175785430,True,True
0,86.95,1.2,0,0,1776175787455,False,True
0,86.96,0.02288,0,0,1776175797672,False,True
0,86.96,1.58727302,0,0,1776175805691,True,True
0,86.92,0.15735,0,0,1776175819823,False,True
0,86.93,80.71395337,0,0,1776175820493,True,True
0,86.93,7.7625,0,0,1776175820493,True,True
0,86.93,3.11609107,0,0,1776175820493,True,True
0,86.93,3.30308099,0,0,1776175820493,True,True
0,86.94,7.7625,0,0,1776175820493,True,True
0,86.95,7.34187457,0,0,1776175820493,True,True
0,86.95,0.42062543,0,0,1776175820493,True,True
0,86.95,15.0,0,0,1776175820493,True,True
0,86.96,0.25557091,0,0,1776175820493,True,True
0,86.96,7.7625,0,0,1776175820493,True,True
0,86.96,17.24210625,0,0,1776175820493,True,True
0,86.96,4.31919741,0,0,1776175820493,True,True
0,86.96,1.86178735,0,0,1776175820493,True,True
0,86.97,50.0,0,0,1776175820493,True,True
0,86.97,7.7625,0,0,1776175820493,True,True
0,86.97,1.17117907,0,0,1776175820493,True,True
0,86.97,54.675,0,0,1776175820493,True,True
0,86.98,7.7625,0,0,1776175820493,True,True
0,86.98,18.1137797,0,0,1776175820493,True,True
0,86.99,7.7625,0,0,1776175820493,True,True
0,86.99,0.89075388,0,0,1776175820493,True,True
0,86.9,15.0,0,0,1776175820843,False,True
0,86.9,0.28765389,0,0,1776175822217,False,True
0,86.89,0.10384302,0,0,1776175822664,False,True
0,86.88,107.348,0,0,1776175836375,False,True
0,86.88,107.348,0,0,1776175836384,False,True
0,86.88,7.7625,0,0,1776175836473,True,True
0,86.88,0.0005,0,0,1776175836473,True,True
0,86.88,24.38187,0,0,1776175838512,False,True
0,86.88,1.15101289,0,0,1776175841649,True,True
0,86.9,0.22291,0,0,1776175853373,True,True
0,86.9,0.03141903,0,0,1776175856559,True,True
0,86.9,0.74362563,0,0,1776175858304,True,True
0,86.94,2.1866728,0,0,1776175859147,False,True
0,86.89,12.0,0,0,1776175861946,False,True
0,86.89,24.38187,0,0,1776175862354,False,True
0,86.85,0.292704,0,0,1776175864238,False,True
0,86.86,1.92932798,0,0,1776175864635,True,True
0,86.86,0.10735482,0,0,1776175870737,False,True
0,86.86,0.33103,0,0,1776175871680,False,True
0,86.87,0.10447,0,0,1776175872777,True,True
0,86.87,0.03353,0,0,1776175874422,True,True
0,86.9,0.99795466,0,0,1776175877248,True,True
0,86.9,7.7625,0,0,1776175886423,False,True
0,86.9,106.446,0,0,1776175886423,False,True
0,86.92,106.189,0,0,1776175892948,False,True
0,86.92,12.0,0,0,1776175900351,False,True
0,86.92,47.0847,0,0,1776175900351,False,True
0,86.91,0.02400184,0,0,1776175920157,True,True
0,86.88,1.17812,0,0,1776175932875,True,True
0,86.9,1.50244,0,0,1776175942200,True,True
0,86.9,0.11392,0,0,1776175943346,True,True
0,86.88,12.0,0,0,1776175952638,False,True
0,86.87,0.16410728,0,0,1776175952720,False,True
0,86.87,165.32865201,0,0,1776175952720,False,True
0,86.86,0.0576,0,0,1776175965774,True,True
0,86.86,3.3222797,0,0,1776175974407,True,True
0,86.86,1.07044,0,0,1776175977668,True,True
0,86.86,3.63704827,0,0,1776175984573,True,True
0,86.86,9.94704121,0,0,1776175991200,True,True
0,86.86,10.0,0,0,1776175994435,True,True
0,86.93,0.292051,0,0,1776176004192,True,True
0,86.92,0.49168882,0,0,1776176006397,False,True
0,86.94,0.02851,0,0,1776176010463,True,True
0,86.93,0.02042,0,0,1776176016836,True,True
0,86.93,0.02042,0,0,1776176017242,True,True
0,86.93,0.02042,0,0,1776176017947,True,True
0,86.93,0.02042,0,0,1776176018427,True,True
0,86.95,0.02042,0,0,1776176018800,True,True
0,86.94,0.078598,0,0,1776176021034,False,True
0,86.94,0.24989937,0,0,1776176021192,False,True
0,86.98,0.53875,0,0,1776176033216,True,True
0,86.98,0.2874224,0,0,1776176036355,True,True
0,86.99,1.14955742,0,0,1776176037211,True,True
0,86.99,0.38504502,0,0,1776176039882,False,True
0,87.0,80.0,0,0,1776176042199,True,True
0,87.0,0.99795466,0,0,1776176042199,True,True
0,87.0,0.44136289,0,0,1776176053157,False,True
0,87.01,0.07522,0,0,1776176054415,True,True
0,86.97,1.76234,0,0,1776176063232,False,True
0,86.97,0.21363,0,0,1776176069397,True,True
0,86.95,0.46129959,0,0,1776176073739,True,True
0,86.94,12.0,0,0,1776176087363,False,True
0,86.93,7.9,0,0,1776176087363,False,True
0,86.91,0.02277546,0,0,1776176089340,False,True
0,86.93,24.38187,0,0,1776176090032,False,True
0,86.93,24.38187,0,0,1776176090052,False,True
0,86.97,1.237,0,0,1776176092090,True,True
0,86.95,35.98131953,0,0,1776176103480,True,True
0,86.96,0.64046527,0,0,1776176107666,True,True
0,86.94,0.257159,0,0,1776176117997,False,True
0,86.94,33.63018162,0,0,1776176120068,False,True
0,86.94,24.93569766,0,0,1776176120068,False,True
0,86.94,6.58670417,0,0,1776176120069,False,True
0,86.94,8.46863438,0,0,1776176120069,False,True
0,86.94,61.59040572,0,0,1776176120069,False,True
0,86.94,7.88410791,0,0,1776176120069,False,True
0,86.94,3.15364316,0,0,1776176120069,False,True
0,86.94,5.51888,0,0,1776176120072,False,True
0,86.94,144.99160961,0,0,1776176120075,False,True
0,86.88,2.59139749,0,0,1776176120776,False,True
0,86.9,0.638361,0,0,1776176122025,True,True
0,86.88,0.2,0,0,1776176126193,False,True
0,86.88,7.64334215,0,0,1776176143493,True,True
0,86.88,0.32224651,0,0,1776176144544,True,True
0,86.86,0.09521,0,0,1776176147564,False,True
0,86.86,0.54766359,0,0,1776176149144,False,True
0,86.91,1.80746083,0,0,1776176166922,True,True
0,86.93,0.3772,0,0,1776176168567,True,True
0,86.96,0.33527892,0,0,1776176168567,True,True
0,86.96,1.58182108,0,0,1776176168567,True,True
0,86.97,0.55726,0,0,1776176168871,True,True
0,86.97,1.10281072,0,0,1776176168898,True,True
0,86.93,7.629578,0,0,1776176179803,False,True
0,86.93,1.13896,0,0,1776176181036,True,True
0,86.92,0.22291,0,0,1776176182798,True,True
0,86.91,1.45529,0,0,1776176189278,True,True
0,86.9,0.023,0,0,1776176195276,False,True
0,86.91,0.06768,0,0,1776176202038,True,True
0,86.94,0.57635059,0,0,1776176213082,True,True
0,86.95,0.35543341,0,0,1776176213082,True,True
0,86.94,0.06511,0,0,1776176213615,True,True
0,86.96,0.19094948,0,0,1776176221577,False,True
0,86.96,0.931462,0,0,1776176223408,False,True
0,87.0,0.2988878,0,0,1776176227516,True,True
0,86.99,0.42811,0,0,1776176236558,True,True
0,86.99,0.55669,0,0,1776176236675,True,True
0,86.99,0.590203,0,0,1776176244008,True,True
0,86.97,1.62269369,0,0,1776176246739,False,True
0,86.97,0.3792032,0,0,1776176248499,False,True
0,86.97,1.03529547,0,0,1776176250678,True,True
0,86.96,0.64652,0,0,1776176252593,True,True
0,86.96,30.0,0,0,1776176253061,True,True
0,86.95,0.590203,0,0,1776176253435,False,True
0,86.97,0.01562377,0,0,1776176261187,True,True
0,86.92,3.11924,0,0,1776176270711,True,True
0,86.9,0.12594624,0,0,1776176272274,False,True
0,86.87,12.0,0,0,1776176272274,False,True
0,86.87,15.0,0,0,1776176276762,True,True
0,86.87,24.48666397,0,0,1776176276762,True,True
0,86.87,54.07875893,0,0,1776176276762,True,True
0,86.87,1.9974806,0,0,1776176276762,True,True
0,86.87,3.24222902,0,0,1776176276762,True,True
0,86.87,7.7625,0,0,1776176276762,True,True
0,86.89,0.17857806,0,0,1776176280138,False,True
0,86.91,0.816843,0,0,1776176280860,True,True
0,86.87,7.7625,0,0,1776176288913,True,True
0,86.87,16.75470957,0,0,1776176288913,True,True
0,86.85,0.019,0,0,1776176291061,False,True
0,86.85,177.36726993,0,0,1776176291657,False,True
0,86.85,72.94915506,0,0,1776176291657,False,True
0,86.85,112.72980734,0,0,1776176291667,False,True
0,86.85,0.17267923,0,0,1776176291667,False,True
0,86.85,0.0777027,0,0,1776176291667,False,True
0,86.85,0.32622626,0,0,1776176291667,False,True
0,86.85,0.04776681,0,0,1776176291667,False,True
0,86.85,19.7861433,0,0,1776176291667,False,True
0,86.85,76.58228534,0,0,1776176291680,False,True
0,86.85,71.76847941,0,0,1776176291680,False,True
0,86.85,25.04443576,0,0,1776176291680,False,True
0,86.85,0.817501,0,0,1776176291702,False,True
0,86.85,5.37678019,0,0,1776176291874,False,True
0,86.85,0.11283,0,0,1776176291874,False,True
0,86.85,16.70007866,0,0,1776176291874,False,True
0,86.85,4.70479439,0,0,1776176291877,False,True
0,86.85,0.25495695,0,0,1776176291883,False,True
0,86.85,118.86181424,0,0,1776176291883,False,True
0,86.85,64.529616,0,0,1776176291883,False,True
0,86.85,71.5717357,0,0,1776176291893,False,True
0,86.85,53.70202783,0,0,1776176291893,False,True
0,86.85,106.4969139,0,0,1776176291905,False,True
0,86.81,7.52368001,0,0,1776176297632,False,True
0,86.81,2.47631999,0,0,1776176297632,False,True
0,86.81,7.7625,0,0,1776176297802,True,True
0,86.81,1.41215196,0,0,1776176297802,True,True
0,86.81,1.97958804,0,0,1776176297802,True,True
0,86.8,0.2666,0,0,1776176298815,False,True
0,86.77,0.023,0,0,1776176301165,False,True
0,86.85,0.01394,0,0,1776176308153,True,True
0,86.83,0.21563586,0,0,1776176309403,True,True
0,86.81,12.0,0,0,1776176309594,False,True
0,86.79,0.768477,0,0,1776176311786,True,True
0,86.76,0.768477,0,0,1776176322414,False,True
0,86.77,1.0,0,0,1776176322645,True,True
0,86.75,1.67507,0,0,1776176327386,True,True
0,86.75,7.7625,0,0,1776176327451,False,True
0,86.74,7.7625,0,0,1776176327451,False,True
0,86.74,2.91471338,0,0,1776176327451,False,True
0,86.74,35.0,0,0,1776176327451,False,True
0,86.74,243.3990996,0,0,1776176330887,True,True
0,86.78,1.92924,0,0,1776176331604,True,True
0,86.76,2.5,0,0,1776176333930,False,True
0,86.76,0.01692,0,0,1776176336511,False,True
0,86.77,0.37336,0,0,1776176348051,True,True
0,86.78,0.02302,0,0,1776176362022,False,True
0,86.8,0.03147699,0,0,1776176363248,True,True
0,86.78,11.94795,0,0,1776176365656,False,True
0,86.75,7.7625,0,0,1776176366006,False,True
0,86.75,1.72425002,0,0,1776176366006,False,True
0,86.79,0.98036,0,0,1776176371952,True,True
0,86.78,0.02279856,0,0,1776176373378,False,True
0,86.79,0.05761696,0,0,1776176379979,True,True
0,86.79,6.76033,0,0,1776176392285,True,True
0,86.78,0.79285,0,0,1776176394128,True,True
0,86.77,1.15708195,0,0,1776176397327,False,True
0,86.77,7.7625,0,0,1776176397327,False,True
0,86.77,0.02299484,0,0,1776176397327,False,True
0,86.79,0.9375,0,0,1776176399062,True,True
0,86.76,0.125,0,0,1776176405988,False,True
0,86.79,0.01395,0,0,1776176407698,True,True
0,86.79,1.8737948,0,0,1776176419734,True,True
0,86.83,7.7625,0,0,1776176420172,True,True
0,86.83,22.25692432,0,0,1776176420172,True,True
0,86.84,7.7625,0,0,1776176420172,True,True
0,86.84,15.0,0,0,1776176420172,True,True
0,86.84,54.663,0,0,1776176420172,True,True
0,86.84,21.12507568,0,0,1776176420172,True,True
0,86.83,11.54349345,0,0,1776176422617,True,True
0,86.84,2.78541655,0,0,1776176422617,True,True
0,86.84,5.6367,0,0,1776176423498,True,True
0,86.84,7.7625,0,0,1776176424171,False,True
0,86.84,15.0,0,0,1776176448567,True,True
0,86.84,18.217,0,0,1776176448567,True,True
0,86.83,0.74894,0,0,1776176454342,True,True
0,86.86,10.13274234,0,0,1776176464525,True,True
0,86.82,7.7625,0,0,1776176477614,False,True
0,86.82,3.89319897,0,0,1776176477614,False,True
0,86.85,1.4238342,0,0,1776176487410,True,True
0,86.86,3.21913,0,0,1776176491864,True,True
0,86.87,0.03147,0,0,1776176498312,False,True
0,86.89,4.12084706,0,0,1776176506331,True,True
0,86.89,32.48750859,0,0,1776176506331,True,True
0,86.85,5.64509797,0,0,1776176511487,True,True
0,86.85,42.01136387,0,0,1776176511488,True,True
0,86.85,24.49782007,0,0,1776176511488,True,True
0,86.85,3.76340266,0,0,1776176511488,True,True
0,86.85,4.70425612,0,0,1776176511488,True,True
0,86.86,0.13798,0,0,1776176522274,True,True
0,86.86,0.07471,0,0,1776176526697,True,True
0,86.86,0.014,0,0,1776176530015,False,True
0,86.86,115.12779184,0,0,1776176530288,False,True
0,86.84,9.17157675,0,0,1776176532746,True,True
0,86.9,0.59822,0,0,1776176541040,True,True
0,86.89,0.11882,0,0,1776176548560,False,True
0,86.9,3.24913,0,0,1776176548791,True,True
0,86.86,0.21183,0,0,1776176553775,True,True
0,86.85,0.02303,0,0,1776176554487,False,True
0,86.87,0.19692209,0,0,1776176569228,True,True
0,86.88,0.69668,0,0,1776176574873,True,True
0,86.87,0.22298,0,0,1776176575011,True,True
0,86.87,0.01431,0,0,1776176576399,False,True
0,86.86,0.05305491,0,0,1776176580150,False,True
0,86.86,3.39707324,0,0,1776176584673,True,True
0,86.86,4.75645071,0,0,1776176584673,True,True
0,86.87,0.54670402,0,0,1776176598442,False,True
0,86.89,41.84037288,0,0,1776176599859,True,True
0,86.88,0.02452,0,0,1776176605008,False,True
0,86.9,15.0,0,0,1776176615270,True,True
0,86.91,2.42362643,0,0,1776176615270,True,True
0,86.92,0.01114,0,0,1776176622549,True,True
0,86.89,0.022949,0,0,1776176631478,False,True
0,86.9,0.05231911,0,0,1776176643112,True,True
0,86.88,0.26335175,0,0,1776176644233,True,True
0,86.89,22.67562,0,0,1776176645328,True,True
0,86.88,0.5445172,0,0,1776176645618,False,True
0,86.89,12.5,0,0,1776176650642,True,True
0,86.89,0.02356,0,0,1776176658213,True,True
0,86.85,0.019,0,0,1776176663074,False,True
0,86.85,0.24582261,0,0,1776176665022,False,True
0,86.85,21.69027058,0,0,1776176665022,False,True
0,86.81,0.05231911,0,0,1776176666938,False,True
0,86.81,0.27142239,0,0,1776176676863,False,True
0,86.79,0.3763,0,0,1776176676863,False,True
0,86.78,29.35227761,0,0,1776176676863,False,True
0,86.78,15.0,0,0,1776176682360,True,True
0,86.79,0.01743,0,0,1776176687832,True,True
0,86.8,0.74893,0,0,1776176689933,True,True
0,86.79,0.01158,0,0,1776176696678,False,True
0,86.79,0.1263,0,0,1776176697398,False,True
0,86.8,0.05948,0,0,1776176704651,False,True
0,86.8,0.02301,0,0,1776176705845,False,True
0,86.8,0.02301,0,0,1776176706349,False,True
0,86.81,1.85397256,0,0,1776176707802,True,True
0,86.81,0.40978655,0,0,1776176707802,True,True
0,86.81,0.14790922,0,0,1776176710864,True,True
0,86.81,4.89590489,0,0,1776176712333,True,True
0,86.81,5.61769253,0,0,1776176712335,True,True
0,86.81,1.02238139,0,0,1776176712365,True,True
0,86.86,0.19746617,0,0,1776176720202,False,True
0,86.86,0.20147363,0,0,1776176731419,False,True
0,86.86,0.34944751,0,0,1776176731419,False,True
0,86.85,1.11491,0,0,1776176734353,True,True
0,86.87,0.3763,0,0,1776176742008,False,True
0,86.9,5.53042131,0,0,1776176762613,True,True
0,86.9,0.01222,0,0,1776176768602,False,True
0,86.91,4.27406927,0,0,1776176770195,True,True
0,86.91,6.00788695,0,0,1776176772793,True,True
0,86.91,1.88159268,0,0,1776176772800,True,True
0,86.91,2.82238903,0,0,1776176772803,True,True
0,86.91,13.17114881,0,0,1776176772804,True,True
0,86.91,7.52637075,0,0,1776176772805,True,True
0,86.93,1.42,0,0,1776176776906,True,True
0,86.93,1.42,0,0,1776176777032,True,True
0,86.93,1.42,0,0,1776176777032,True,True
0,86.93,1.42,0,0,1776176777032,True,True
0,86.93,1.42,0,0,1776176777032,True,True
0,86.93,1.42,0,0,1776176777032,True,True
0,86.93,1.42,0,0,1776176777032,True,True
0,86.93,1.42,0,0,1776176777032,True,True
0,86.93,1.42,0,0,1776176777032,True,True
0,86.93,1.42,0,0,1776176777032,True,True
0,86.93,1.42,0,0,1776176777032,True,True
0,86.93,1.42,0,0,1776176777032,True,True
0,86.93,1.42,0,0,1776176777032,True,True
0,86.93,1.42,0,0,1776176777032,True,True
0,86.93,0.12,0,0,1776176777032,True,True
0,86.96,1.14982178,0,0,1776176788741,False,True
0,86.97,0.3237415,0,0,1776176789766,False,True
0,86.98,17.48890534,0,0,1776176791930,True,True
0,86.98,1.14740178,0,0,1776176791930,True,True
0,86.98,9.47405167,0,0,1776176791930,True,True
0,86.98,5.64510289,0,0,1776176791932,True,True
0,86.98,6.24453832,0,0,1776176791933,True,True
0,87.05,0.03139013,0,0,1776176796154,True,True
0,87.05,0.058,0,0,1776176796154,True,True
0,87.04,0.02808,0,0,1776176802512,True,True
0,87.08,0.28722426,0,0,1776176807462,True,True
0,87.08,14.7127,0,0,1776176807795,True,True
0,87.1,11.21372,0,0,1776176808061,True,True
0,87.1,25.58628,0,0,1776176808116,True,True
0,87.13,0.01113,0,0,1776176809613,True,True
0,87.13,0.27652389,0,0,1776176810728,True,True
0,87.15,2.70118,0,0,1776176812431,True,True
0,87.12,0.04956518,0,0,1776176820126,False,True
0,87.15,0.11305,0,0,1776176821036,True,True
0,87.15,6.56950997,0,0,1776176825486,True,True
0,87.15,0.20049994,0,0,1776176825486,True,True
0,87.15,0.2,0,0,1776176825486,True,True
0,87.16,7.7625,0,0,1776176825486,True,True
0,87.16,55.294,0,0,1776176825486,True,True
0,87.17,15.0,0,0,1776176825486,True,True
0,87.17,7.7625,0,0,1776176825486,True,True
0,87.18,7.7625,0,0,1776176825486,True,True
0,87.18,8.8829688,0,0,1776176825486,True,True
0,87.14,9.3591921,0,0,1776176834630,False,True
0,87.13,1.0,0,0,1776176835048,True,True
0,87.1,11.85147,0,0,1776176836314,False,True
0,87.12,1.14772727,0,0,1776176837498,True,True
0,87.15,1.85979766,0,0,1776176849468,False,True
0,87.15,1.13714,0,0,1776176849818,False,True
0,87.16,56.502,0,0,1776176851015,True,True
0,87.17,51.637,0,0,1776176851015,True,True
0,87.18,0.059822,0,0,1776176851817,True,True
0,87.21,0.73570745,0,0,1776176853711,False,True
0,87.2,7.7625,0,0,1776176854326,False,True
0,87.2,22.16405,0,0,1776176854326,False,True
0,87.19,7.7625,0,0,1776176854326,False,True
0,87.19,13.33333333,0,0,1776176854326,False,True
0,87.19,87.16764167,0,0,1776176854326,False,True
0,87.2,7.374375,0,0,1776176854471,False,True
0,87.21,0.28555,0,0,1776176858176,True,True
0,87.19,0.55870992,0,0,1776176870192,True,True
0,87.18,50.82005082,0,0,1776176872192,False,True
0,87.17,247.64518464,0,0,1776176872468,False,True
0,87.17,285.32275896,0,0,1776176872507,False,True
0,87.17,137.5174539,0,0,1776176872510,False,True
0,87.17,131.27314913,0,0,1776176872511,False,True
0,87.17,219.96073349,0,0,1776176872530,False,True
0,87.17,150.0488373,0,0,1776176872541,False,True
0,87.17,115.34751806,0,0,1776176872548,False,True
0,87.17,128.80670814,0,0,1776176872566,False,True
0,87.18,1.81538,0,0,1776176873565,True,True
0,87.17,272.6202236,0,0,1776176874105,False,True
0,87.17,151.11363273,0,0,1776176874115,False,True
0,87.17,154.14558241,0,0,1776176874154,False,True
0,87.17,214.06652619,0,0,1776176874155,False,True
0,87.17,340.33203125,0,0,1776176874155,False,True
0,87.17,118.46131927,0,0,1776176874158,False,True
0,87.17,199.45756103,0,0,1776176874469,False,True
0,87.17,174.52053917,0,0,1776176874486,False,True
0,87.17,128.07461744,0,0,1776176874489,False,True
0,87.17,268.9182203,0,0,1776176874540,False,True
0,87.18,1.02074679,0,0,1776176874595,True,True
0,87.18,51.614,0,0,1776176874595,True,True
0,87.18,7.7625,0,0,1776176874595,True,True
0,87.18,15.0,0,0,1776176874595,True,True
0,87.18,10.87397418,0,0,1776176874595,True,True
0,87.18,114.70520761,0,0,1776176874595,True,True
0,87.18,51.609,0,0,1776176874595,True,True
0,87.18,30.64336142,0,0,1776176874595,True,True
0,87.17,143.22143379,0,0,1776176875054,False,True
0,87.17,78.83957519,0,0,1776176875434,False,True
0,87.17,78.83957519,0,0,1776176875747,False,True
0,87.17,78.83957519,0,0,1776176875919,False,True
0,87.17,78.83957519,0,0,1776176875919,False,True
0,87.17,78.83957519,0,0,1776176875920,False,True
0,87.17,78.83957519,0,0,1776176875921,False,True
0,87.17,78.83957519,0,0,1776176875922,False,True
0,87.17,78.83957519,0,0,1776176875923,False,True
0,87.17,78.83957519,0,0,1776176875925,False,True
0,87.17,78.83957519,0,0,1776176875926,False,True
0,87.17,78.83957519,0,0,1776176875975,False,True
0,87.17,78.83957519,0,0,1776176875976,False,True
0,87.17,1.77589,0,0,1776176878736,False,True
0,87.2,0.22219,0,0,1776176891163,True,True
0,87.19,0.1537,0,0,1776176891681,False,True
0,87.19,5.0,0,0,1776176898471,True,True
0,87.2,22.16405,0,0,1776176901616,False,True
0,87.19,7.7625,0,0,1776176901616,False,True
0,87.19,22.16405,0,0,1776176901616,False,True
0,87.19,77.9094,0,0,1776176901616,False,True
0,87.19,0.17106731,0,0,1776176903395,False,True
0,87.17,19.09625244,0,0,1776176905254,False,True
0,87.17,19.09625244,0,0,1776176906171,False,True
0,87.17,19.09625244,0,0,1776176906172,False,True
0,87.17,19.09625244,0,0,1776176906174,False,True
0,87.17,19.09625244,0,0,1776176906175,False,True
0,87.17,19.09625244,0,0,1776176906177,False,True
0,87.17,19.09625244,0,0,1776176906178,False,True
0,87.17,19.09625244,0,0,1776176906180,False,True
0,87.17,19.09625244,0,0,1776176906181,False,True
0,87.17,19.09625244,0,0,1776176906182,False,True
0,87.17,19.09625244,0,0,1776176906184,False,True
0,87.17,19.09625244,0,0,1776176906185,False,True
0,87.17,19.09625244,0,0,1776176906187,False,True
0,87.17,19.09625244,0,0,1776176906188,False,True
0,87.17,19.09625244,0,0,1776176906192,False,True
0,87.17,3.72210884,0,0,1776176906322,False,True
0,87.17,3.72210884,0,0,1776176906323,False,True
0,87.17,3.72210884,0,0,1776176906325,False,True
0,87.17,3.72210884,0,0,1776176906326,False,True
0,87.18,0.17032,0,0,1776176906631,True,True
0,87.17,3.72210884,0,0,1776176906777,False,True
0,87.17,3.72210884,0,0,1776176906777,False,True
0,87.17,3.72210884,0,0,1776176906778,False,True
0,87.17,3.72210884,0,0,1776176906780,False,True
0,87.17,3.72210884,0,0,1776176906781,False,True
0,87.17,3.72210884,0,0,1776176906783,False,True
0,87.17,3.72210884,0,0,1776176906784,False,True
0,87.17,3.72210884,0,0,1776176906785,False,True
0,87.17,3.72210884,0,0,1776176906788,False,True
0,87.17,3.72210884,0,0,1776176906792,False,True
0,87.17,3.72210884,0,0,1776176906794,False,True
0,87.17,3.72210884,0,0,1776176906795,False,True
0,87.17,3.72210884,0,0,1776176906797,False,True
0,87.17,3.72210884,0,0,1776176906798,False,True
0,87.17,3.72210884,0,0,1776176906800,False,True
0,87.17,3.72210884,0,0,1776176906801,False,True
0,87.17,3.72210884,0,0,1776176906803,False,True
0,87.17,3.72210884,0,0,1776176906804,False,True
0,87.17,3.72210884,0,0,1776176906806,False,True
0,87.17,3.72210884,0,0,1776176906807,False,True
0,87.17,3.72210884,0,0,1776176906808,False,True
0,87.17,3.72210884,0,0,1776176906810,False,True
0,87.17,3.72210884,0,0,1776176906811,False,True
0,87.17,3.72210884,0,0,1776176906813,False,True
0,87.17,3.72210884,0,0,1776176906814,False,True
0,87.17,3.72210884,0,0,1776176906815,False,True
0,87.17,3.72210884,0,0,1776176906817,False,True
0,87.17,3.72210884,0,0,1776176906818,False,True
0,87.17,3.72210884,0,0,1776176906821,False,True
0,87.17,3.72210884,0,0,1776176906822,False,True
0,87.17,3.72210884,0,0,1776176906823,False,True
0,87.17,0.85504388,0,0,1776176908034,False,True
0,87.17,0.85504388,0,0,1776176908035,False,True
0,87.17,0.85504388,0,0,1776176908037,False,True
0,87.17,0.85504388,0,0,1776176908038,False,True
0,87.17,0.85504388,0,0,1776176908042,False,True
0,87.17,0.85504388,0,0,1776176908043,False,True
0,87.17,0.85504388,0,0,1776176908045,False,True
0,87.17,0.85504388,0,0,1776176908046,False,True
0,87.17,0.85504388,0,0,1776176908048,False,True
0,87.17,0.85504388,0,0,1776176908049,False,True
0,87.17,0.85504388,0,0,1776176908051,False,True
0,87.17,0.85504388,0,0,1776176908052,False,True
0,87.17,0.85504388,0,0,1776176908054,False,True
0,87.17,0.85504388,0,0,1776176908055,False,True
0,87.17,0.85504388,0,0,1776176908056,False,True
0,87.17,0.85504388,0,0,1776176908057,False,True
0,87.17,0.85504388,0,0,1776176908059,False,True
0,87.17,0.85504388,0,0,1776176908060,False,True
0,87.17,0.85504388,0,0,1776176908062,False,True
0,87.17,0.85504388,0,0,1776176908064,False,True
0,87.17,0.85504388,0,0,1776176908065,False,True
0,87.17,0.85504388,0,0,1776176908067,False,True
0,87.17,0.85504388,0,0,1776176908068,False,True
0,87.17,0.85504388,0,0,1776176908072,False,True
0,87.17,0.85504388,0,0,1776176908073,False,True
0,87.17,0.85504388,0,0,1776176908075,False,True
0,87.17,0.85504388,0,0,1776176908076,False,True
0,87.17,0.85504388,0,0,1776176908078,False,True
0,87.17,0.85504388,0,0,1776176908079,False,True
0,87.17,0.85504388,0,0,1776176908081,False,True
0,87.17,0.85504388,0,0,1776176908082,False,True
0,87.17,0.85504388,0,0,1776176908084,False,True
0,87.17,0.85504388,0,0,1776176908086,False,True
0,87.17,0.85504388,0,0,1776176908088,False,True
0,87.17,0.85504388,0,0,1776176908090,False,True
0,87.17,0.85504388,0,0,1776176908092,False,True
0,87.17,0.85504388,0,0,1776176908096,False,True
0,87.17,0.85504388,0,0,1776176908097,False,True
0,87.17,0.85504388,0,0,1776176908099,False,True
0,87.17,0.85504388,0,0,1776176908099,False,True
0,87.17,0.85504388,0,0,1776176908100,False,True
0,87.17,0.85504388,0,0,1776176908101,False,True
0,87.17,0.85504388,0,0,1776176908106,False,True
0,87.17,0.85504388,0,0,1776176908108,False,True
0,87.17,0.85504388,0,0,1776176908109,False,True
0,87.17,0.85504388,0,0,1776176908111,False,True
0,87.17,0.85504388,0,0,1776176908112,False,True
0,87.17,0.85504388,0,0,1776176908114,False,True
0,87.17,0.85504388,0,0,1776176908116,False,True
0,87.17,0.85504388,0,0,1776176908117,False,True
0,87.17,0.85504388,0,0,1776176908119,False,True
0,87.17,0.85504388,0,0,1776176908121,False,True
0,87.17,0.85504388,0,0,1776176908123,False,True
0,87.17,0.85504388,0,0,1776176908125,False,True
0,87.17,0.85504388,0,0,1776176908127,False,True
0,87.17,0.85504388,0,0,1776176908128,False,True
0,87.17,0.85504388,0,0,1776176908133,False,True
0,87.17,0.85504388,0,0,1776176908134,False,True
0,87.17,0.85504388,0,0,1776176908135,False,True
0,87.17,0.85504388,0,0,1776176908137,False,True
0,87.17,0.85504388,0,0,1776176908138,False,True
0,87.17,0.85504388,0,0,1776176908142,False,True
0,87.17,0.85504388,0,0,1776176908144,False,True
0,87.17,0.85504388,0,0,1776176908146,False,True
0,87.17,0.85504388,0,0,1776176908148,False,True
0,87.17,0.85504388,0,0,1776176908150,False,True
0,87.17,0.85504388,0,0,1776176908152,False,True
0,87.17,0.85504388,0,0,1776176908154,False,True
0,87.17,0.85504388,0,0,1776176908156,False,True
0,87.17,0.85504388,0,0,1776176908157,False,True
0,87.17,0.85504388,0,0,1776176908158,False,True
0,87.17,0.85504388,0,0,1776176908162,False,True
0,87.17,0.85504388,0,0,1776176908163,False,True
0,87.17,0.85504388,0,0,1776176908165,False,True
0,87.17,0.85504388,0,0,1776176908167,False,True
0,87.17,0.85504388,0,0,1776176908169,False,True
0,87.17,0.85504388,0,0,1776176908170,False,True
0,87.17,0.85504388,0,0,1776176908172,False,True
0,87.17,0.85504388,0,0,1776176908173,False,True
0,87.17,0.85504388,0,0,1776176908175,False,True
0,87.17,0.85504388,0,0,1776176908176,False,True
0,87.17,0.85504388,0,0,1776176908176,False,True
0,87.17,0.85504388,0,0,1776176908178,False,True
0,87.17,0.85504388,0,0,1776176908179,False,True
0,87.17,0.85504388,0,0,1776176908180,False,True
0,87.17,0.85504388,0,0,1776176908182,False,True
0,87.17,0.85504388,0,0,1776176908184,False,True
0,87.17,0.85504388,0,0,1776176908185,False,True
0,87.17,0.85504388,0,0,1776176908187,False,True
0,87.17,0.85504388,0,0,1776176908192,False,True
0,87.17,0.85504388,0,0,1776176908193,False,True
0,87.17,0.85504388,0,0,1776176908194,False,True
0,87.17,0.85504388,0,0,1776176908196,False,True
0,87.17,0.85504388,0,0,1776176908197,False,True
0,87.17,0.85504388,0,0,1776176908200,False,True
0,87.17,0.85504388,0,0,1776176908202,False,True
0,87.17,0.85504388,0,0,1776176908203,False,True
0,87.17,0.85504388,0,0,1776176908205,False,True
0,87.17,0.85504388,0,0,1776176908207,False,True
0,87.17,0.85504388,0,0,1776176908208,False,True
0,87.17,0.85504388,0,0,1776176908210,False,True
0,87.17,0.85504388,0,0,1776176908211,False,True
0,87.17,0.85504388,0,0,1776176908213,False,True
0,87.17,0.85504388,0,0,1776176908214,False,True
0,87.17,0.85504388,0,0,1776176908216,False,True
0,87.17,0.85504388,0,0,1776176908218,False,True
0,87.17,0.85504388,0,0,1776176908222,False,True
0,87.17,0.85504388,0,0,1776176908224,False,True
0,87.17,0.85504388,0,0,1776176908225,False,True
0,87.17,0.85504388,0,0,1776176908227,False,True
0,87.17,0.85504388,0,0,1776176908228,False,True
0,87.17,0.85504388,0,0,1776176908230,False,True
0,87.17,0.85504388,0,0,1776176908231,False,True
0,87.17,0.85504388,0,0,1776176908233,False,True
0,87.17,0.85504388,0,0,1776176908234,False,True
0,87.17,0.85504388,0,0,1776176908236,False,True
0,87.17,0.85504388,0,0,1776176908237,False,True
0,87.17,0.85504388,0,0,1776176908239,False,True
0,87.17,0.85504388,0,0,1776176908240,False,True
0,87.17,0.85504388,0,0,1776176908242,False,True
0,87.17,0.85504388,0,0,1776176908243,False,True
0,87.17,0.85504388,0,0,1776176908245,False,True
0,87.17,0.85504388,0,0,1776176908246,False,True
0,87.17,0.85504388,0,0,1776176908248,False,True
0,87.17,0.85504388,0,0,1776176908253,False,True
0,87.17,0.85504388,0,0,1776176908254,False,True
0,87.17,0.85504388,0,0,1776176908256,False,True
0,87.17,0.85504388,0,0,1776176908258,False,True
0,87.17,0.85504388,0,0,1776176908259,False,True
0,87.17,0.85504388,0,0,1776176908261,False,True
0,87.17,0.85504388,0,0,1776176908262,False,True
0,87.17,0.85504388,0,0,1776176908264,False,True
0,87.17,0.85504388,0,0,1776176908265,False,True
0,87.17,0.85504388,0,0,1776176908267,False,True
0,87.17,0.85504388,0,0,1776176908268,False,True
0,87.17,0.85504388,0,0,1776176908269,False,True
0,87.17,0.85504388,0,0,1776176908271,False,True
0,87.17,0.85504388,0,0,1776176908273,False,True
0,87.17,0.85504388,0,0,1776176908274,False,True
0,87.17,0.85504388,0,0,1776176908276,False,True
0,87.17,0.85504388,0,0,1776176908277,False,True
0,87.17,0.85504388,0,0,1776176908281,False,True
0,87.17,0.85504388,0,0,1776176908283,False,True
0,87.17,0.85504388,0,0,1776176908284,False,True
0,87.17,0.85504388,0,0,1776176908286,False,True
0,87.17,0.85504388,0,0,1776176908287,False,True
0,87.17,0.85504388,0,0,1776176908289,False,True
0,87.17,0.85504388,0,0,1776176908290,False,True
0,87.17,0.85504388,0,0,1776176908292,False,True
0,87.17,0.85504388,0,0,1776176908293,False,True
0,87.17,0.85504388,0,0,1776176908294,False,True
0,87.17,0.85504388,0,0,1776176908296,False,True
0,87.17,0.85504388,0,0,1776176908297,False,True
0,87.17,0.85504388,0,0,1776176908299,False,True
0,87.17,0.85504388,0,0,1776176908300,False,True
0,87.17,0.85504388,0,0,1776176908301,False,True
0,87.17,0.85504388,0,0,1776176908303,False,True
0,87.17,0.85504388,0,0,1776176908304,False,True
0,87.17,0.85504388,0,0,1776176908306,False,True
0,87.17,0.85504388,0,0,1776176908307,False,True
0,87.17,0.85504388,0,0,1776176908312,False,True
0,87.17,0.85504388,0,0,1776176908313,False,True
0,87.17,0.85504388,0,0,1776176908315,False,True
0,87.17,0.85504388,0,0,1776176908316,False,True
0,87.17,0.85504388,0,0,1776176908317,False,True
0,87.17,0.85504388,0,0,1776176908319,False,True
0,87.17,0.85504388,0,0,1776176908320,False,True
0,87.17,0.85504388,0,0,1776176908322,False,True
0,87.17,0.85504388,0,0,1776176908323,False,True
0,87.17,0.85504388,0,0,1776176908325,False,True
0,87.17,0.85504388,0,0,1776176908326,False,True
0,87.17,0.85504388,0,0,1776176908328,False,True
0,87.17,0.85504388,0,0,1776176908329,False,True
0,87.17,0.85504388,0,0,1776176908331,False,True
0,87.17,0.85504388,0,0,1776176908332,False,True
0,87.17,0.85504388,0,0,1776176908333,False,True
0,87.17,838.64658203,0,0,1776176908335,False,True
0,87.17,4.11439933,0,0,1776176909354,False,True
0,87.17,4.11439933,0,0,1776176909473,False,True
0,87.17,4.11439933,0,0,1776176909473,False,True
0,87.17,4.11439933,0,0,1776176909474,False,True
0,87.17,4.11439933,0,0,1776176909475,False,True
0,87.17,4.11439933,0,0,1776176909478,False,True
0,87.17,4.11439933,0,0,1776176909480,False,True
0,87.17,4.11439933,0,0,1776176909482,False,True
0,87.17,4.11439933,0,0,1776176909483,False,True
0,87.17,4.11439933,0,0,1776176909486,False,True
0,87.17,4.11439933,0,0,1776176909493,False,True
0,87.17,4.11439933,0,0,1776176909493,False,True
0,87.17,4.11439933,0,0,1776176909494,False,True
0,87.17,4.11439933,0,0,1776176909497,False,True
0,87.17,4.11439933,0,0,1776176909497,False,True
0,87.17,4.11439933,0,0,1776176909498,False,True
0,87.17,4.11439933,0,0,1776176909500,False,True
0,87.17,4.11439933,0,0,1776176909502,False,True
0,87.17,4.11439933,0,0,1776176909503,False,True
0,87.17,4.11439933,0,0,1776176909505,False,True
0,87.17,4.11439933,0,0,1776176909507,False,True
0,87.17,4.11439933,0,0,1776176909508,False,True
0,87.17,4.11439933,0,0,1776176909510,False,True
0,87.17,4.11439933,0,0,1776176909512,False,True
0,87.17,4.11439933,0,0,1776176909513,False,True
0,87.17,4.11439933,0,0,1776176909515,False,True
0,87.17,4.11439933,0,0,1776176909516,False,True
0,87.17,4.11439933,0,0,1776176909517,False,True
0,87.17,4.11439933,0,0,1776176909522,False,True
0,87.17,4.11439933,0,0,1776176909524,False,True
0,87.17,4.11439933,0,0,1776176909525,False,True
0,87.17,4.11439933,0,0,1776176909527,False,True
0,87.17,4.11439933,0,0,1776176909528,False,True
0,87.17,4.11439933,0,0,1776176909530,False,True
0,87.17,4.11439933,0,0,1776176909532,False,True
0,87.17,4.11439933,0,0,1776176909534,False,True
0,87.17,4.11439933,0,0,1776176909535,False,True
0,87.17,4.11439933,0,0,1776176909537,False,True
0,87.17,4.11439933,0,0,1776176909538,False,True
0,87.17,4.11439933,0,0,1776176909540,False,True
0,87.17,4.11439933,0,0,1776176909541,False,True
0,87.17,4.11439933,0,0,1776176909542,False,True
0,87.17,4.11439933,0,0,1776176909544,False,True
0,87.17,4.11439933,0,0,1776176909545,False,True
0,87.17,1.09793357,0,0,1776176911650,False,True
0,87.17,1.09793357,0,0,1776176912347,False,True
0,87.17,1.09793357,0,0,1776176912348,False,True
0,87.17,1.09793357,0,0,1776176912350,False,True
0,87.17,1.09793357,0,0,1776176912351,False,True
0,87.17,1.09793357,0,0,1776176912353,False,True
0,87.17,1.09793357,0,0,1776176912357,False,True
0,87.17,1.09793357,0,0,1776176912358,False,True
0,87.17,1.09793357,0,0,1776176912359,False,True
0,87.17,1.09793357,0,0,1776176912361,False,True
0,87.17,1.09793357,0,0,1776176912363,False,True
0,87.17,1.09793357,0,0,1776176912364,False,True
0,87.17,1.09793357,0,0,1776176912366,False,True
0,87.17,1.09793357,0,0,1776176912367,False,True
0,87.17,1.09793357,0,0,1776176912372,False,True
0,87.17,1.09793357,0,0,1776176912373,False,True
0,87.17,1.09793357,0,0,1776176912375,False,True
0,87.17,1.09793357,0,0,1776176912377,False,True
0,87.17,1.09793357,0,0,1776176912378,False,True
0,87.17,1.09793357,0,0,1776176912380,False,True
0,87.17,1.09793357,0,0,1776176912381,False,True
0,87.17,1.09793357,0,0,1776176912383,False,True
0,87.17,1.09793357,0,0,1776176912384,False,True
0,87.17,1.09793357,0,0,1776176912386,False,True
0,87.17,1.09793357,0,0,1776176912387,False,True
0,87.17,1.09793357,0,0,1776176912389,False,True
0,87.17,1.09793357,0,0,1776176912390,False,True
0,87.17,1.09793357,0,0,1776176912391,False,True
0,87.17,1.09793357,0,0,1776176912393,False,True
0,87.17,1.09793357,0,0,1776176912394,False,True
0,87.17,1.09793357,0,0,1776176912396,False,True
0,87.17,1.09793357,0,0,1776176912397,False,True
0,87.17,1.09793357,0,0,1776176912401,False,True
0,87.17,1.09793357,0,0,1776176912403,False,True
0,87.17,1.09793357,0,0,1776176912404,False,True
0,87.17,1.09793357,0,0,1776176912406,False,True
0,87.17,1.09793357,0,0,1776176912407,False,True
0,87.17,1.09793357,0,0,1776176912409,False,True
0,87.17,1.09793357,0,0,1776176912410,False,True
0,87.17,1.09793357,0,0,1776176912411,False,True
0,87.17,1.09793357,0,0,1776176912413,False,True
0,87.17,1.09793357,0,0,1776176912414,False,True
0,87.17,1.09793357,0,0,1776176912415,False,True
0,87.17,1.09793357,0,0,1776176912417,False,True
0,87.17,1.09793357,0,0,1776176912418,False,True
0,87.17,1.09793357,0,0,1776176912420,False,True
0,87.17,1.09793357,0,0,1776176912421,False,True
0,87.17,1.09793357,0,0,1776176912423,False,True
0,87.17,1.09793357,0,0,1776176912424,False,True
0,87.17,1.09793357,0,0,1776176912426,False,True
0,87.17,1.09793357,0,0,1776176912427,False,True
0,87.17,1.09793357,0,0,1776176912431,False,True
0,87.17,1.09793357,0,0,1776176912433,False,True
0,87.17,1.09793357,0,0,1776176912434,False,True
0,87.17,1.09793357,0,0,1776176912436,False,True
0,87.17,1.09793357,0,0,1776176912437,False,True
0,87.17,1.09793357,0,0,1776176912438,False,True
0,87.17,1.09793357,0,0,1776176912440,False,True
0,87.17,1.09793357,0,0,1776176912442,False,True
0,87.17,1.09793357,0,0,1776176912443,False,True
0,87.17,1.09793357,0,0,1776176912445,False,True
0,87.17,1.09793357,0,0,1776176912446,False,True
0,87.17,1.09793357,0,0,1776176912448,False,True
0,87.17,1.09793357,0,0,1776176912450,False,True
0,87.17,1.09793357,0,0,1776176912451,False,True
0,87.17,1.09793357,0,0,1776176912453,False,True
0,87.17,1.09793357,0,0,1776176912454,False,True
0,87.17,1.09793357,0,0,1776176912456,False,True
0,87.17,1.09793357,0,0,1776176912457,False,True
0,87.17,1.09793357,0,0,1776176912462,False,True
0,87.17,1.09793357,0,0,1776176912463,False,True
0,87.17,1.09793357,0,0,1776176912465,False,True
0,87.17,1.09793357,0,0,1776176912466,False,True
0,87.17,1.09793357,0,0,1776176912468,False,True
0,87.17,51.31115112,0,0,1776176912555,False,True
0,87.17,51.31115112,0,0,1776176912557,False,True
0,87.17,51.31115112,0,0,1776176912558,False,True
0,87.17,51.31115112,0,0,1776176912560,False,True
0,87.17,51.31115112,0,0,1776176912562,False,True
0,87.17,51.31115112,0,0,1776176912563,False,True
0,87.17,51.31115112,0,0,1776176912565,False,True
0,87.17,51.31115112,0,0,1776176912566,False,True
0,87.17,51.31115112,0,0,1776176912568,False,True
0,87.17,51.31115112,0,0,1776176912570,False,True
0,87.17,51.31115112,0,0,1776176912571,False,True
0,87.17,51.31115112,0,0,1776176912572,False,True
0,87.17,51.31115112,0,0,1776176912574,False,True
0,87.17,51.31115112,0,0,1776176912575,False,True
0,87.17,51.31115112,0,0,1776176912577,False,True
0,87.17,51.31115112,0,0,1776176912578,False,True
0,87.17,51.31115112,0,0,1776176912582,False,True
0,87.17,51.31115112,0,0,1776176912582,False,True
0,87.17,51.31115112,0,0,1776176912583,False,True
0,87.17,51.31115112,0,0,1776176912585,False,True
0,87.17,51.31115112,0,0,1776176912586,False,True
0,87.17,51.31115112,0,0,1776176912588,False,True
0,87.17,51.31115112,0,0,1776176912590,False,True
0,87.17,51.31115112,0,0,1776176912591,False,True
0,87.17,51.31115112,0,0,1776176912593,False,True
0,87.17,51.31115112,0,0,1776176912594,False,True
0,87.17,51.31115112,0,0,1776176912595,False,True
0,87.17,51.31115112,0,0,1776176912597,False,True
0,87.17,51.31115112,0,0,1776176912599,False,True
0,87.17,51.31115112,0,0,1776176912600,False,True
0,87.17,51.31115112,0,0,1776176912601,False,True
0,87.17,51.31115112,0,0,1776176912603,False,True
0,87.17,51.31115112,0,0,1776176912604,False,True
0,87.17,51.31115112,0,0,1776176912606,False,True
0,87.17,51.31115112,0,0,1776176912608,False,True
0,87.17,51.31115112,0,0,1776176912612,False,True
0,87.17,51.31115112,0,0,1776176912613,False,True
0,87.17,51.31115112,0,0,1776176912615,False,True
0,87.17,51.31115112,0,0,1776176912616,False,True
0,87.17,51.31115112,0,0,1776176912618,False,True
0,87.17,51.31115112,0,0,1776176912619,False,True
0,87.17,51.31115112,0,0,1776176912621,False,True
0,87.17,51.31115112,0,0,1776176912622,False,True
0,87.17,51.31115112,0,0,1776176912624,False,True
0,87.17,51.31115112,0,0,1776176912626,False,True
0,87.17,51.31115112,0,0,1776176912627,False,True
0,87.17,51.31115112,0,0,1776176912629,False,True
0,87.17,51.31115112,0,0,1776176912630,False,True
0,87.17,51.31115112,0,0,1776176912632,False,True
0,87.17,51.31115112,0,0,1776176912633,False,True
0,87.17,65.78503026,0,0,1776176912667,False,True
0,87.17,0.94085064,0,0,1776176924680,True,True
0,87.17,5.64510381,0,0,1776176924681,True,True
0,87.17,3.79585806,0,0,1776176924687,True,True
0,87.17,104.34077631,0,0,1776176924705,True,True
0,87.18,15.0,0,0,1776176924820,True,True
0,87.22,0.15752,0,0,1776176925379,False,True
0,87.18,2.82742266,0,0,1776176941737,True,True
0,87.18,7.7625,0,0,1776176941737,True,True
0,87.18,2.92661807,0,0,1776176941737,True,True
0,87.18,114.70520761,0,0,1776176941737,True,True
0,87.18,2.45935915,0,0,1776176941737,True,True
0,87.19,80.31354973,0,0,1776176941737,True,True
0,87.19,57.507,0,0,1776176941737,True,True
0,87.19,7.7625,0,0,1776176941737,True,True
0,87.2,7.7625,0,0,1776176941737,True,True
0,87.2,151.8648584,0,0,1776176941737,True,True
0,87.21,7.7625,0,0,1776176941737,True,True
0,87.21,51.622,0,0,1776176941737,True,True
0,87.21,51.617,0,0,1776176941737,True,True
0,87.21,7.6,0,0,1776176941737,True,True
0,87.21,8.22737873,0,0,1776176941737,True,True
0,87.18,0.76485103,0,0,1776176945439,True,True
0,87.17,34.3,0,0,1776176949960,True,True
0,87.23,0.03402,0,0,1776176962805,False,True
0,87.22,1.21412031,0,0,1776176963500,False,True
0,87.21,57.735,0,0,1776176967125,True,True
0,87.21,7.7625,0,0,1776176967125,True,True
0,87.21,3.11740555,0,0,1776176967125,True,True
0,87.22,7.7625,0,0,1776176967125,True,True
0,87.22,3.03555911,0,0,1776176967125,True,True
0,87.23,2.85968463,0,0,1776176967125,True,True
0,87.23,7.7625,0,0,1776176967125,True,True
0,87.23,51.6,0,0,1776176967125,True,True
0,87.24,15.0,0,0,1776176967125,True,True
0,87.24,65.57935216,0,0,1776176967125,True,True
0,87.24,14.73419757,0,0,1776176967125,True,True
0,87.24,1.26580243,0,0,1776176967125,True,True
0,87.24,0.32672112,0,0,1776176967125,True,True
0,87.24,6.16997645,0,0,1776176967125,True,True
0,87.24,51.605,0,0,1776176967125,True,True
0,87.25,0.03383444,0,0,1776176967125,True,True
0,87.25,7.7625,0,0,1776176967125,True,True
0,87.26,0.03383286,0,0,1776176967125,True,True
0,87.26,7.7625,0,0,1776176967125,True,True
0,87.27,0.03383125,0,0,1776176967125,True,True
0,87.27,7.7625,0,0,1776176967125,True,True
0,87.27,32.24535035,0,0,1776176967125,True,True
0,87.28,0.03382966,0,0,1776176967125,True,True
0,87.28,7.7625,0,0,1776176967125,True,True
0,87.28,0.25,0,0,1776176967125,True,True
0,87.28,27.65650556,0,0,1776176967125,True,True
0,87.28,23.16354526,0,0,1776176967125,True,True
0,87.29,0.03382808,0,0,1776176967125,True,True
0,87.29,7.7625,0,0,1776176967125,True,True
0,87.29,79.351946,0,0,1776176967125,True,True
0,87.29,28.87623682,0,0,1776176967125,True,True
0,87.29,133.94921103,0,0,1776176967125,True,True
0,87.29,2.91335616,0,0,1776176967125,True,True
0,87.29,57.65,0,0,1776176967125,True,True
0,87.3,0.03382647,0,0,1776176967125,True,True
0,87.3,7.7625,0,0,1776176967125,True,True
0,87.3,67.933462,0,0,1776176967125,True,True
0,87.3,84.00519591,0,0,1776176967125,True,True
0,87.3,212.50300015,0,0,1776176967125,True,True
0,87.3,74.14583815,0,0,1776176967125,True,True
0,87.31,0.03382489,0,0,1776176967125,True,True
0,87.31,7.7625,0,0,1776176967125,True,True
0,87.31,206.18403651,0,0,1776176967125,True,True
0,87.31,57.62,0,0,1776176967125,True,True
0,87.31,236.9519946,0,0,1776176967125,True,True
0,87.32,0.0338233,0,0,1776176967125,True,True
0,87.32,7.7625,0,0,1776176967125,True,True
0,87.32,28.74,0,0,1776176967125,True,True
0,87.32,37.74653318,0,0,1776176967125,True,True
0,87.24,11.63300859,0,0,1776176972197,True,True
0,87.24,3.008051,0,0,1776176976584,True,True
0,87.24,0.429998,0,0,1776176977081,True,True
0,87.28,0.046065,0,0,1776176981293,True,True
0,87.27,0.64287359,0,0,1776176982171,False,True
0,87.31,10.0,0,0,1776176990035,True,True
0,87.32,0.13220985,0,0,1776176992511,False,True
0,87.3,0.0288,0,0,1776177002626,False,True
0,87.3,6.84405224,0,0,1776177008366,False,True
0,87.27,0.26668,0,0,1776177008507,True,True
0,87.25,7.7625,0,0,1776177009054,True,True
0,87.25,14.43902865,0,0,1776177009054,True,True
0,87.25,16.68573422,0,0,1776177009055,True,True
0,87.25,83.48841764,0,0,1776177009055,True,True
0,87.26,7.7625,0,0,1776177009056,True,True
0,87.28,7.65956481,0,0,1776177009057,True,True
0,87.3,4.14206674,0,0,1776177009067,True,True
0,87.3,3.65793326,0,0,1776177009070,True,True
0,87.3,30.72062178,0,0,1776177009070,True,True
0,87.3,22.439525,0,0,1776177009104,True,True
0,87.32,1.59058958,0,0,1776177009135,True,True
0,87.33,0.0338217,0,0,1776177011062,True,True
0,87.34,0.03382011,0,0,1776177011412,True,True
0,87.34,7.7625,0,0,1776177012556,False,True
0,87.34,20.13676,0,0,1776177012556,False,True
0,87.34,13.28926338,0,0,1776177012556,False,True
0,87.34,0.4458101,0,0,1776177012556,False,True
0,87.34,0.03376838,0,0,1776177012958,False,True
0,87.35,0.02065,0,0,1776177013073,True,True
0,87.35,0.01316853,0,0,1776177019660,True,True
0,87.36,0.03381692,0,0,1776177019702,True,True
0,87.37,0.03381534,0,0,1776177024369,True,True
0,87.38,0.03381375,0,0,1776177024369,True,True
0,87.39,0.02083648,0,0,1776177024369,True,True
0,87.38,0.57964,0,0,1776177025363,False,True
0,87.39,0.01297567,0,0,1776177028021,True,True
0,87.4,0.03381056,0,0,1776177028048,True,True
0,87.4,58.99964042,0,0,1776177028048,True,True
0,87.4,8.36545652,0,0,1776177028049,True,True
0,87.4,32.63490306,0,0,1776177028054,True,True
0,87.41,0.03380898,0,0,1776177028086,True,True
0,87.42,0.03380739,0,0,1776177028086,True,True
0,87.4,20.13676,0,0,1776177029035,False,True
0,87.39,7.7625,0,0,1776177029035,False,True
0,87.39,12.0,0,0,1776177029035,False,True
0,87.39,67.73254692,0,0,1776177029035,False,True
0,87.4,0.6886167,0,0,1776177030149,False,True
0,87.42,0.01121,0,0,1776177031038,True,True
0,87.38,0.02301,0,0,1776177034302,False,True
0,87.43,0.03380581,0,0,1776177040798,True,True
0,87.43,0.07948419,0,0,1776177040798,True,True
0,87.42,0.27965,0,0,1776177045187,True,True
0,87.44,1.45232556,0,0,1776177052380,True,True
0,87.44,0.06449974,0,0,1776177052380,True,True
0,87.44,0.0337947,0,0,1776177052380,True,True
0,87.44,9.5e-06,0,0,1776177052391,True,True
0,87.45,0.03380262,0,0,1776177052391,True,True
0,87.46,0.03380103,0,0,1776177052482,True,True
0,87.47,0.29191967,0,0,1776177052482,True,True
0,87.47,0.02229437,0,0,1776177052482,True,True
0,87.47,0.03379945,0,0,1776177052482,True,True
0,87.47,0.14894624,0,0,1776177052482,True,True
0,87.48,0.12174212,0,0,1776177052490,True,True
0,87.48,0.05130018,0,0,1776177052490,True,True
0,87.48,0.957932,0,0,1776177052490,True,True
0,87.48,0.0222941,0,0,1776177052490,True,True
0,87.48,0.17382733,0,0,1776177052490,True,True
0,87.48,0.03379786,0,0,1776177052490,True,True
0,87.49,0.17144816,0,0,1776177052490,True,True
0,87.49,1.0,0,0,1776177052490,True,True
0,87.49,0.02229384,0,0,1776177052490,True,True
0,87.49,0.1872,0,0,1776177052490,True,True
0,87.49,0.03379628,0,0,1776177052490,True,True
0,87.5,0.31396428,0,0,1776177052490,True,True
0,87.5,0.02,0,0,1776177052490,True,True
0,87.5,10.0,0,0,1776177052490,True,True
0,87.5,8.0,0,0,1776177052490,True,True
0,87.5,50.0,0,0,1776177052490,True,True
0,87.5,1.95920122,0,0,1776177052490,True,True
0,87.5,0.13248542,0,0,1776177052490,True,True
0,87.5,0.03,0,0,1776177052490,True,True
0,87.5,0.02229358,0,0,1776177052490,True,True
0,87.5,0.03379469,0,0,1776177052490,True,True
0,87.5,240.58552187,0,0,1776177052490,True,True
0,87.45,0.025,0,0,1776177052491,False,True
0,87.5,227.61101595,0,0,1776177052583,True,True
0,87.5,369.79368693,0,0,1776177052585,True,True
0,87.5,162.00977525,0,0,1776177052589,True,True
0,87.51,0.55950141,0,0,1776177052663,True,True
0,87.51,0.152871,0,0,1776177052663,True,True
0,87.51,0.02229331,0,0,1776177052663,True,True
0,87.51,0.03379311,0,0,1776177052663,True,True
0,87.52,0.02932204,0,0,1776177052669,True,True
0,87.52,159.7392374,0,0,1776177052669,True,True
0,87.52,4.80660827,0,0,1776177052675,True,True
0,87.52,2.40330414,0,0,1776177052681,True,True
0,87.52,2.40330413,0,0,1776177052681,True,True
0,87.52,2.40394702,0,0,1776177052682,True,True
0,87.52,118.1447428,0,0,1776177052691,True,True
0,87.52,9.94394985,0,0,1776177052699,True,True
0,87.52,427.15490639,0,0,1776177052740,True,True
0,87.52,0.0298,0,0,1776177052740,True,True
0,87.52,0.02229305,0,0,1776177052740,True,True
0,87.52,0.03379153,0,0,1776177052740,True,True
0,87.52,7.7625,0,0,1776177052740,True,True
0,87.52,16.95383204,0,0,1776177052740,True,True
0,87.53,0.373238,0,0,1776177052786,True,True
0,87.53,0.02229279,0,0,1776177052786,True,True
0,87.53,0.03378994,0,0,1776177052786,True,True
0,87.53,7.7625,0,0,1776177052786,True,True
0,87.54,0.02229253,0,0,1776177052904,True,True
0,87.54,0.03378836,0,0,1776177052904,True,True
0,87.54,15.0,0,0,1776177052904,True,True
0,87.55,0.92455006,0,0,1776177052904,True,True
0,87.55,0.41645842,0,0,1776177052904,True,True
0,87.55,0.02229226,0,0,1776177052904,True,True
0,87.55,0.03378677,0,0,1776177052904,True,True
0,87.56,0.43594145,0,0,1776177053020,True,True
0,87.56,0.17728014,0,0,1776177053020,True,True
0,87.56,0.05710371,0,0,1776177053020,True,True
0,87.56,0.022292,0,0,1776177053020,True,True
0,87.56,0.03378519,0,0,1776177053020,True,True
0,87.57,0.06630777,0,0,1776177053035,True,True
0,87.57,0.02,0,0,1776177053035,True,True
0,87.57,0.02229174,0,0,1776177053035,True,True
0,87.57,0.03378361,0,0,1776177053035,True,True
0,87.56,10.5,0,0,1776177053054,True,True
0,87.57,1.7172,0,0,1776177053460,False,True
0,87.57,11.24178926,0,0,1776177053644,False,True
0,87.57,7.13380795,0,0,1776177053644,False,True
0,87.57,13.00295205,0,0,1776177053645,False,True
0,87.57,3.03946848,0,0,1776177053645,False,True
0,87.57,0.20176538,0,0,1776177053645,False,True
0,87.57,1.0,0,0,1776177053645,False,True
0,87.58,1.00199996,0,0,1776177053645,True,True
0,87.58,0.02229148,0,0,1776177053645,True,True
0,87.58,0.03378202,0,0,1776177053645,True,True
0,87.58,7.7625,0,0,1776177053645,True,True
0,87.59,0.02229121,0,0,1776177053645,True,True
0,87.59,0.1806,0,0,1776177053645,True,True
0,87.59,0.03378044,0,0,1776177053645,True,True
0,87.6,0.2283105,0,0,1776177053645,True,True
0,87.6,0.02229095,0,0,1776177053645,True,True
0,87.6,20.0,0,0,1776177053645,True,True
0,87.6,0.03377885,0,0,1776177053645,True,True
0,87.61,0.52316825,0,0,1776177053645,True,True
0,87.61,0.02229069,0,0,1776177053645,True,True
0,87.61,0.03377727,0,0,1776177053645,True,True
0,87.61,7.7625,0,0,1776177053645,True,True
0,87.62,0.95967906,0,0,1776177053645,True,True
0,87.62,0.02229043,0,0,1776177053645,True,True
0,87.62,0.03377569,0,0,1776177053645,True,True
0,87.62,1.3008932,0,0,1776177053645,True,True
0,87.62,0.65180627,0,0,1776177053645,True,True
0,87.62,1.85195452,0,0,1776177053645,True,True
0,87.62,7.7625,0,0,1776177053645,True,True
0,87.63,1.15551089,0,0,1776177053645,True,True
0,87.63,0.0337741,0,0,1776177053645,True,True
0,87.63,7.7625,0,0,1776177053645,True,True
0,87.63,10.78195422,0,0,1776177053645,True,True
0,87.57,0.12275967,0,0,1776177053646,False,True
0,87.57,0.1318394,0,0,1776177053673,False,True
0,87.55,0.80594179,0,0,1776177054055,False,True
0,87.54,15.0,0,0,1776177055131,True,True
0,87.59,2.16085341,0,0,1776177056286,False,True
0,87.59,0.79936051,0,0,1776177056446,True,True
0,87.62,0.22155,0,0,1776177056908,True,True
0,87.59,0.14273838,0,0,1776177062129,True,True
0,87.58,14.9462206,0,0,1776177062369,False,True
0,87.52,22.141956,0,0,1776177065380,False,True
0,87.52,7.7625,0,0,1776177065381,False,True
0,87.54,0.02902,0,0,1776177065995,True,True
0,87.5,0.5748178,0,0,1776177067219,True,True
0,87.49,0.87417331,0,0,1776177068764,True,True
0,87.47,0.38870469,0,0,1776177070553,False,True
0,87.46,0.36269419,0,0,1776177070553,False,True
0,87.47,11.43249113,0,0,1776177071682,True,True
0,87.47,7.43111924,0,0,1776177071682,True,True
0,87.45,0.55,0,0,1776177073118,True,True
0,87.44,6.0,0,0,1776177075889,False,True
0,87.49,1.91712,0,0,1776177080770,True,True
0,87.48,0.17974683,0,0,1776177081682,True,True
0,87.43,20.13676,0,0,1776177090350,False,True
0,87.43,7.7625,0,0,1776177090353,False,True
0,87.43,20.13676,0,0,1776177090364,False,True
0,87.43,2.7386832,0,0,1776177090364,False,True
0,87.47,20.13676,0,0,1776177102639,False,True
0,87.47,7.7625,0,0,1776177102639,False,True
0,87.47,32.10074,0,0,1776177102639,False,True
0,87.48,1.46779231,0,0,1776177103783,True,True
0,87.54,0.13630325,0,0,1776177106818,True,True
0,87.49,0.115741,0,0,1776177107999,False,True
0,87.53,3.21130914,0,0,1776177113592,True,True
0,87.54,12.15488744,0,0,1776177113592,True,True
0,87.54,51.437,0,0,1776177113592,True,True
0,87.54,114.2390587,0,0,1776177113592,True,True
0,87.54,18.95774472,0,0,1776177113592,True,True
0,87.51,0.53289089,0,0,1776177115594,True,True
0,87.51,0.36607687,0,0,1776177115595,True,True
0,87.51,1.40410469,0,0,1776177115595,True,True
0,87.51,0.81639716,0,0,1776177115596,True,True
0,87.51,1.77998434,0,0,1776177115596,True,True
0,87.51,0.1725,0,0,1776177115596,True,True
0,87.51,0.122424,0,0,1776177115596,True,True
0,87.51,0.166689,0,0,1776177115596,True,True
0,87.51,0.083213,0,0,1776177115596,True,True
0,87.51,0.06254,0,0,1776177115596,True,True
0,87.51,0.37485942,0,0,1776177115597,True,True
0,87.51,0.06878375,0,0,1776177115597,True,True
0,87.51,0.60547353,0,0,1776177115597,True,True
0,87.51,0.94682908,0,0,1776177115597,True,True
0,87.52,0.01185,0,0,1776177117444,True,True
0,87.52,0.88551458,0,0,1776177123379,False,True
0,87.57,12.31015188,0,0,1776177127025,True,True
0,87.59,3.07817326,0,0,1776177137085,True,True
0,87.6,15.0,0,0,1776177137085,True,True
0,87.61,12.70929536,0,0,1776177137085,True,True
0,87.61,56.579,0,0,1776177137085,True,True
0,87.62,5.19986527,0,0,1776177137085,True,True
0,87.62,51.401,0,0,1776177137085,True,True
0,87.62,11.41291942,0,0,1776177137085,True,True
0,87.62,11.41291942,0,0,1776177137085,True,True
0,87.63,51.405,0,0,1776177137085,True,True
0,87.64,0.29164237,0,0,1776177137085,True,True
0,87.64,0.56464821,0,0,1776177137085,True,True
0,87.64,0.03377252,0,0,1776177137085,True,True
0,87.65,0.07358526,0,0,1776177137085,True,True
0,87.65,0.64344361,0,0,1776177137085,True,True
0,87.65,0.59683126,0,0,1776177137085,True,True
0,87.65,0.62474182,0,0,1776177137085,True,True
0,87.65,0.12549915,0,0,1776177137085,True,True
0,87.65,0.02228964,0,0,1776177137085,True,True
0,87.65,0.03377094,0,0,1776177137085,True,True
0,87.65,7.05316577,0,0,1776177137085,True,True
0,87.62,0.28529042,0,0,1776177141306,False,True
0,87.6,1.54777217,0,0,1776177141306,False,True
0,87.63,0.019,0,0,1776177148011,False,True
0,87.62,4.64536808,0,0,1776177149282,False,True
0,87.63,23.68225898,0,0,1776177150928,True,True
0,87.62,0.55243,0,0,1776177152816,True,True
0,87.6,0.19402,0,0,1776177153076,True,True
0,87.61,2.63662433,0,0,1776177153820,True,True
0,87.61,61.60687893,0,0,1776177153829,True,True
0,87.61,37.05168515,0,0,1776177153836,True,True
0,87.62,10.4,0,0,1776177153904,True,True
0,87.66,0.02832405,0,0,1776177155168,True,True
0,87.66,1.04724226,0,0,1776177155168,True,True
0,87.66,0.02228938,0,0,1776177155168,True,True
0,87.66,0.03376935,0,0,1776177155168,True,True
0,87.66,0.03376496,0,0,1776177155168,True,True
0,87.65,0.02,0,0,1776177155168,False,True
0,87.66,2.83e-06,0,0,1776177155223,True,True
0,87.67,2.635335,0,0,1776177156351,True,True
0,87.67,0.03,0,0,1776177156351,True,True
0,87.67,0.02228912,0,0,1776177156351,True,True
0,87.68,0.1252281,0,0,1776177156351,True,True
0,87.68,0.02228885,0,0,1776177156351,True,True
0,87.69,0.43590962,0,0,1776177156351,True,True
0,87.69,0.114566,0,0,1776177156351,True,True
0,87.69,0.02228859,0,0,1776177156351,True,True
0,87.69,0.1668,0,0,1776177156351,True,True
0,87.7,0.06434563,0,0,1776177156351,True,True
0,87.7,3.0,0,0,1776177156351,True,True
0,87.7,0.02228833,0,0,1776177156351,True,True
0,87.7,0.1667,0,0,1776177156351,True,True
0,87.7,0.28785261,0,0,1776177156351,True,True
0,87.7,7.83384635,0,0,1776177156351,True,True
0,87.7,48.15715365,0,0,1776177156351,True,True
0,87.71,0.02228807,0,0,1776177156351,True,True
0,87.71,181.1389894,0,0,1776177156351,True,True
0,87.72,0.36105236,0,0,1776177156351,True,True
0,87.72,0.02228781,0,0,1776177156351,True,True
0,87.72,51.364,0,0,1776177156351,True,True
0,87.73,0.02228754,0,0,1776177156351,True,True
0,87.73,51.366,0,0,1776177156351,True,True
0,87.74,0.64599954,0,0,1776177156351,True,True
0,87.74,0.02228728,0,0,1776177156351,True,True
0,87.74,222.63902218,0,0,1776177156351,True,True
0,87.66,0.028,0,0,1776177156352,False,True
0,87.67,0.12189499,0,0,1776177168746,True,True
0,87.61,114.1422212,0,0,1776177176224,True,True
0,87.61,2.89758576,0,0,1776177176224,True,True
0,87.62,21.10164908,0,0,1776177176224,True,True
0,87.62,180.49256132,0,0,1776177176224,True,True
0,87.63,17.18806702,0,0,1776177176224,True,True
0,87.63,39.92993298,0,0,1776177176224,True,True
0,87.64,3.45735496,0,0,1776177176224,True,True
0,87.65,10.41087719,0,0,1776177176224,True,True
0,87.65,51.342,0,0,1776177176224,True,True
0,87.66,51.337,0,0,1776177176224,True,True
0,87.66,6.7982994,0,0,1776177176224,True,True
0,87.66,71.28803174,0,0,1776177176224,True,True
0,87.6,3.42465753,0,0,1776177177004,False,True
0,87.56,0.04,0,0,1776177178001,False,True
0,87.54,0.02066473,0,0,1776177178169,False,True
0,87.53,0.13187059,0,0,1776177179805,False,True
0,87.51,120.98749863,0,0,1776177181779,False,True
0,87.51,9.14181236,0,0,1776177183118,False,True
0,87.51,9.14181236,0,0,1776177183119,False,True
0,87.56,2.0,0,0,1776177186535,False,True
0,87.51,9.57540847,0,0,1776177191001,False,True
0,87.52,0.02677,0,0,1776177191284,True,True
0,87.48,78.87896,0,0,1776177193133,True,True
0,87.46,1.76970272,0,0,1776177194505,False,True
0,87.46,3.54772217,0,0,1776177194523,False,True
0,87.45,3.23406816,0,0,1776177197617,True,True
0,87.46,7.7625,0,0,1776177197617,True,True
0,87.46,3.47005618,0,0,1776177197617,True,True
0,87.46,21.10164908,0,0,1776177197617,True,True
0,87.46,56.752,0,0,1776177197617,True,True
0,87.46,9.2,0,0,1776177197617,True,True
0,87.47,3.18311887,0,0,1776177197617,True,True
0,87.47,7.7625,0,0,1776177197617,True,True
0,87.47,51.415,0,0,1776177197617,True,True
0,87.47,2.20489639,0,0,1776177197617,True,True
0,87.47,16.66692405,0,0,1776177197617,True,True
0,87.46,3.91322065,0,0,1776177206746,False,True
0,87.46,2.0,0,0,1776177207915,True,True
0,87.5,7.7625,0,0,1776177212776,False,True
0,87.5,13.33333333,0,0,1776177212776,False,True
0,87.49,7.7625,0,0,1776177212776,False,True
0,87.49,64.742,0,0,1776177212776,False,True
0,87.49,7.60185142,0,0,1776177212776,False,True
0,87.48,7.7625,0,0,1776177212776,False,True
0,87.48,51.45,0,0,1776177212776,False,True
0,87.48,43.48631,0,0,1776177212776,False,True
0,87.47,7.7625,0,0,1776177212776,False,True
0,87.47,12.0,0,0,1776177212776,False,True
0,87.47,17.67463275,0,0,1776177212776,False,True
0,87.47,2.54079517,0,0,1776177212776,False,True
0,87.46,7.7625,0,0,1776177212776,False,True
0,87.46,51.449,0,0,1776177212776,False,True
0,87.46,93.380233,0,0,1776177212776,False,True
0,87.45,7.7625,0,0,1776177212776,False,True
0,87.45,21.10164908,0,0,1776177212776,False,True
0,87.45,50.82005082,0,0,1776177212776,False,True
0,87.45,63.27450322,0,0,1776177212776,False,True
0,87.45,0.25,0,0,1776177212776,False,True
0,87.44,0.0337237,0,0,1776177212776,False,True
0,87.44,7.7625,0,0,1776177212776,False,True
0,87.44,293.83589892,0,0,1776177212776,False,True
0,87.48,0.11428571,0,0,1776177220298,True,True
0,87.43,0.03372526,0,0,1776177224483,False,True
0,87.42,0.03372683,0,0,1776177224490,False,True
0,87.42,7.18198765,0,0,1776177224490,False,True
0,87.42,0.58051235,0,0,1776177224493,False,True
0,87.42,83.19729584,0,0,1776177224493,False,True
0,87.42,2.64406359,0,0,1776177224494,False,True
0,87.42,2.40496014,0,0,1776177224494,False,True
0,87.42,17.99851279,0,0,1776177224494,False,True
0,87.42,8.14372228,0,0,1776177224494,False,True
0,87.41,0.03372841,0,0,1776177224500,False,True
0,87.41,7.7625,0,0,1776177224500,False,True
0,87.41,6.0,0,0,1776177224500,False,True
0,87.4,0.29147716,0,0,1776177224500,False,True
0,87.4,0.03372997,0,0,1776177224588,False,True
0,87.4,2.57685266,0,0,1776177224588,False,True
0,87.4,19.79623311,0,0,1776177224596,False,True
0,87.4,2.54283013,0,0,1776177224612,False,True
0,87.39,0.03373155,0,0,1776177224612,False,True
0,87.4,7.79623311,0,0,1776177224632,False,True
0,87.4,4.20376689,0,0,1776177224636,False,True
0,87.38,0.03373311,0,0,1776177224907,False,True
0,87.38,2.54341215,0,0,1776177224907,False,True
0,87.37,0.0337347,0,0,1776177224907,False,True
0,87.36,0.03373626,0,0,1776177225464,False,True
0,87.35,0.03373784,0,0,1776177225937,False,True
0,87.32,0.03374257,0,0,1776177227579,False,True
0,87.31,0.03374413,0,0,1776177227592,False,True
0,87.3,0.03374571,0,0,1776177227592,False,True
0,87.29,0.03374727,0,0,1776177227592,False,True
0,87.28,0.03374886,0,0,1776177227592,False,True
0,87.28,0.15030445,0,0,1776177227592,False,True
0,87.28,0.42256455,0,0,1776177227689,False,True
0,87.28,0.03486112,0,0,1776177228161,True,True
0,87.27,0.03375044,0,0,1776177232411,False,True
0,87.26,0.033752,0,0,1776177234002,False,True
0,87.25,0.03375358,0,0,1776177234002,False,True
0,87.24,0.03375517,0,0,1776177234002,False,True
0,87.24,0.02821769,0,0,1776177234433,True,True
0,87.24,0.08636931,0,0,1776177234433,True,True
0,87.23,0.03375673,0,0,1776177235151,False,True
0,87.22,0.03375831,0,0,1776177235151,False,True
0,87.21,0.03375989,0,0,1776177235151,False,True
0,87.2,0.03376146,0,0,1776177235151,False,True
0,87.2,0.07150552,0,0,1776177235151,False,True
0,87.2,0.0281304,0,0,1776177235728,True,True
0,87.2,0.02671008,0,0,1776177235728,True,True
0,87.21,0.11918,0,0,1776177236599,True,True
0,87.21,2.02911509,0,0,1776177237706,True,True
0,87.2,0.02763145,0,0,1776177246090,True,True
0,87.2,3.53864855,0,0,1776177246090,True,True
0,87.19,0.03376304,0,0,1776177247003,False,True
0,87.18,0.03376462,0,0,1776177247003,False,True
0,87.17,0.03376621,0,0,1776177247003,False,True
0,87.17,12.0,0,0,1776177247003,False,True
0,87.16,0.03376779,0,0,1776177249211,False,True
0,87.15,1.75192197,0,0,1776177249211,False,True
0,87.15,0.03376935,0,0,1776177249211,False,True
0,87.15,0.02701069,0,0,1776177251515,True,True
0,87.15,0.52833931,0,0,1776177251515,True,True
0,87.15,0.93016573,0,0,1776177252428,True,True
0,87.15,0.79060976,0,0,1776177252428,True,True
0,87.14,0.03377094,0,0,1776177252880,False,True
0,87.13,0.03377252,0,0,1776177252883,False,True
0,87.12,0.0337741,0,0,1776177252927,False,True
0,87.12,1.11107,0,0,1776177253475,True,True
0,87.12,0.02695628,0,0,1776177256069,True,True
0,87.12,5.71225402,0,0,1776177256069,True,True
0,87.11,0.03377569,0,0,1776177259839,False,True
0,87.11,0.25344857,0,0,1776177259839,False,True
0,87.13,2.29594765,0,0,1776177262151,False,True
0,87.17,0.02686803,0,0,1776177265970,True,True
0,87.17,1.63993197,0,0,1776177265970,True,True
0,87.13,0.061533,0,0,1776177267060,False,True
0,87.11,0.14170997,0,0,1776177268822,False,True
0,87.11,0.02678703,0,0,1776177269474,True,True
0,87.13,0.2212109,0,0,1776177269474,True,True
0,87.1,0.03377727,0,0,1776177272562,False,True
0,87.1,0.01096404,0,0,1776177272562,False,True
0,87.09,0.03377885,0,0,1776177274423,False,True
0,87.09,0.96622115,0,0,1776177274423,False,True
0,87.11,1.14797383,0,0,1776177277162,True,True
0,87.08,0.03378044,0,0,1776177287412,False,True
0,87.07,0.03378202,0,0,1776177289001,False,True
0,87.06,0.03378361,0,0,1776177289001,False,True
0,87.05,0.02306,0,0,1776177289046,False,True
0,87.05,0.01072519,0,0,1776177290467,False,True
0,87.04,0.03378677,0,0,1776177290557,False,True
0,87.03,0.03378836,0,0,1776177291220,False,True
0,87.02,0.03378994,0,0,1776177300495,False,True
0,87.02,0.01227506,0,0,1776177300495,False,True
0,87.03,18.3644838,0,0,1776177300809,True,True
0,87.04,0.44395468,0,0,1776177300837,False,True
0,87.05,9.7,0,0,1776177301406,True,True
0,87.08,0.02657147,0,0,1776177301741,True,True
0,87.09,0.16957853,0,0,1776177301741,True,True
0,87.09,7.7625,0,0,1776177304254,False,True
0,87.09,15.51900382,0,0,1776177304254,False,True
0,87.08,0.0288,0,0,1776177309252,False,True
0,87.09,0.02632145,0,0,1776177312200,True,True
0,87.1,0.00069855,0,0,1776177312200,True,True
0,87.08,0.02623649,0,0,1776177315438,True,True
0,87.09,0.10007234,0,0,1776177315438,True,True
0,87.1,16.01026012,0,0,1776177317996,True,True
0,87.1,1.98731363,0,0,1776177317996,True,True
0,87.07,0.13813169,0,0,1776177322528,False,True
0,87.07,0.104867,0,0,1776177322732,False,True
0,87.08,0.02535072,0,0,1776177325177,True,True
0,87.08,2.27138792,0,0,1776177325177,True,True
0,87.06,7.7625,0,0,1776177326913,False,True
0,87.06,4.4918027,0,0,1776177326913,False,True
0,87.1,1.01785168,0,0,1776177333044,True,True
0,87.09,7.7625,0,0,1776177334151,False,True
0,87.09,3.2725004,0,0,1776177334151,False,True
0,87.09,12.0,0,0,1776177334151,False,True
0,87.09,114.82374555,0,0,1776177334151,False,True
0,87.09,12.3514963,0,0,1776177334151,False,True
0,87.09,2.55188143,0,0,1776177334151,False,True
0,87.09,75.4994396,0,0,1776177334151,False,True
0,87.1,10.9821,0,0,1776177334465,True,True
0,87.1,4.832e-05,0,0,1776177334659,True,True
0,87.13,1.1185524,0,0,1776177334659,True,True
0,87.13,0.86218777,0,0,1776177336331,True,True
0,87.14,0.0327567,0,0,1776177342356,True,True
0,87.15,0.0808733,0,0,1776177342356,True,True
0,87.17,0.02961,0,0,1776177348128,False,True
0,87.16,1.13311163,0,0,1776177348493,False,True
0,87.18,0.03217175,0,0,1776177355479,True,True
0,87.2,0.00420825,0,0,1776177355479,True,True
0,87.18,0.50320554,0,0,1776177360943,False,True
0,87.23,0.0338969,0,0,1776177364677,True,True
0,87.23,0.55929943,0,0,1776177364677,True,True
0,87.23,0.03378565,0,0,1776177368256,True,True
0,87.23,0.14384435,0,0,1776177368256,True,True
0,87.21,0.24799793,0,0,1776177376703,False,True
0,87.23,1.30612022,0,0,1776177378097,True,True
0,87.23,6.69387978,0,0,1776177378097,True,True
0,87.21,0.03359237,0,0,1776177383467,True,True
0,87.21,0.25059093,0,0,1776177383467,True,True
0,87.21,0.44412,0,0,1776177383851,True,True
0,87.18,0.02295,0,0,1776177393343,False,True
0,87.18,0.03330372,0,0,1776177397525,True,True
0,87.2,7.7625,0,0,1776177397525,True,True
0,87.2,15.0,0,0,1776177397525,True,True
0,87.2,7.8,0,0,1776177397525,True,True
0,87.2,11.55486487,0,0,1776177397525,True,True
0,87.2,55.485,0,0,1776177397525,True,True
0,87.2,152.05973661,0,0,1776177397525,True,True
0,87.21,7.7625,0,0,1776177397525,True,True
0,87.22,7.7625,0,0,1776177397525,True,True
0,87.22,51.611,0,0,1776177397525,True,True
0,87.22,51.595,0,0,1776177397525,True,True
0,87.23,7.7625,0,0,1776177397525,True,True
0,87.24,7.7625,0,0,1776177397525,True,True
0,87.24,50.82005082,0,0,1776177397525,True,True
0,87.24,92.3567529,0,0,1776177397525,True,True
0,87.24,19.22761071,0,0,1776177397525,True,True
0,87.24,11.46263182,0,0,1776177397525,True,True
0,87.24,11.46263182,0,0,1776177397525,True,True
0,87.24,4.31074878,0,0,1776177397525,True,True
0,87.17,0.28677946,0,0,1776177398259,False,True
0,87.16,43.51145019,0,0,1776177398297,False,True
0,87.16,24.2674,0,0,1776177398371,False,True
0,87.15,12.0,0,0,1776177398560,False,True
0,87.16,0.03316417,0,0,1776177401886,True,True
0,87.17,84.45611593,0,0,1776177401886,True,True
0,87.17,30.26552218,0,0,1776177401886,True,True
0,87.18,7.7625,0,0,1776177401886,True,True
0,87.18,15.0,0,0,1776177401886,True,True
0,87.18,0.11554865,0,0,1776177401886,True,True
0,87.19,7.7625,0,0,1776177401886,True,True
0,87.19,55.596,0,0,1776177401886,True,True
0,87.19,152.12808334,0,0,1776177401886,True,True
0,87.2,7.7625,0,0,1776177401886,True,True
0,87.2,51.603,0,0,1776177401886,True,True
0,87.2,51.624,0,0,1776177401886,True,True
0,87.21,7.7625,0,0,1776177401886,True,True
0,87.22,7.7625,0,0,1776177401886,True,True
0,87.22,11.94467492,0,0,1776177401886,True,True
0,87.23,7.7625,0,0,1776177401886,True,True
0,87.23,11.1,0,0,1776177401886,True,True
0,87.23,16.91181071,0,0,1776177401886,True,True
0,87.23,11.46394589,0,0,1776177401886,True,True
0,87.23,11.46394589,0,0,1776177401886,True,True
0,87.23,0.25,0,0,1776177401886,True,True
0,87.24,23.12682943,0,0,1776177401886,True,True
0,87.16,0.0327,0,0,1776177402684,True,True
0,87.16,0.03254864,0,0,1776177403454,True,True
0,87.17,0.13773,0,0,1776177403454,True,True
0,87.16,0.03242854,0,0,1776177405074,True,True
0,87.18,0.17872146,0,0,1776177405074,True,True
0,87.11,0.02224,0,0,1776177413712,True,True
0,87.1,7.7625,0,0,1776177415764,False,True
0,87.1,18.30594,0,0,1776177415764,False,True
0,87.09,4.76542,0,0,1776177415764,False,True
0,87.1,0.02224,0,0,1776177419071,True,True
0,87.11,0.0098257,0,0,1776177419786,True,True
0,87.12,0.1661343,0,0,1776177419786,True,True
0,87.11,0.02224,0,0,1776177419795,True,True
0,87.12,1.21791,0,0,1776177419795,True,True
0,87.03,7.7625,0,0,1776177428108,False,True
0,87.03,0.3736,0,0,1776177428108,False,True
0,87.03,3.50474698,0,0,1776177428108,False,True
0,87.03,8.33455438,0,0,1776177428108,False,True
0,87.03,0.03115021,0,0,1776177436953,True,True
0,87.03,0.96884979,0,0,1776177436953,True,True
0,87.02,0.03671305,0,0,1776177439471,False,True
0,87.02,2.94329859,0,0,1776177439471,False,True
0,87.02,7.7625,0,0,1776177439471,False,True
0,87.02,2.95787417,0,0,1776177439471,False,True
0,87.02,18.30594,0,0,1776177439471,False,True
0,87.02,13.1294357,0,0,1776177439471,False,True
0,87.02,94.86423849,0,0,1776177439471,False,True
0,87.03,0.03074722,0,0,1776177443230,True,True
0,87.04,8.91182957,0,0,1776177443230,True,True
0,87.03,7.7625,0,0,1776177443352,False,True
0,87.02,3.4998,0,0,1776177443398,False,True
0,87.01,0.03379153,0,0,1776177445976,False,True
0,87.01,179.43178944,0,0,1776177445976,False,True
0,87.0,0.68965517,0,0,1776177445976,False,True
0,87.0,2.79693758,0,0,1776177445976,False,True
0,87.0,0.014,0,0,1776177447618,False,True
0,87.0,3.46862,0,0,1776177448060,False,True
0,87.0,0.04396632,0,0,1776177450406,False,True
0,87.0,51.14774046,0,0,1776177457107,False,True
0,87.0,0.03379311,0,0,1776177457107,False,True
0,87.0,0.14942528,0,0,1776177457107,False,True
0,87.0,3.06523233,0,0,1776177457107,False,True
0,87.0,0.08821,0,0,1776177457107,False,True
0,87.0,0.27437,0,0,1776177457107,False,True
0,87.0,6.7363847,0,0,1776177457107,False,True
0,87.0,0.04233835,0,0,1776177457107,False,True
0,87.0,1.42217,0,0,1776177457107,False,True
0,87.0,1.94289,0,0,1776177457107,False,True
0,87.0,0.05852,0,0,1776177457107,False,True
0,87.0,0.03727,0,0,1776177457107,False,True
0,87.0,60.40788975,0,0,1776177457107,False,True
0,87.0,157.1382601,0,0,1776177457110,False,True
0,87.0,11.2931956,0,0,1776177457110,False,True
0,87.0,131.51487638,0,0,1776177457116,False,True
0,87.0,18.58317586,0,0,1776177457120,False,True
0,87.0,268.97335461,0,0,1776177457120,False,True
0,87.0,174.9634832,0,0,1776177457126,False,True
0,87.0,163.45837912,0,0,1776177457202,False,True
0,86.99,2.87405875,0,0,1776177457216,False,True
0,86.99,0.03379469,0,0,1776177457216,False,True
0,87.0,0.11132,0,0,1776177462189,True,True
0,86.98,0.03379628,0,0,1776177467707,False,True
0,86.97,0.03379786,0,0,1776177467707,False,True
0,86.96,0.03379945,0,0,1776177467707,False,True
0,86.95,0.03380103,0,0,1776177467707,False,True
0,86.95,0.03018976,0,0,1776177467707,False,True
0,86.95,0.02362088,0,0,1776177467707,False,True
0,86.95,0.03064745,0,0,1776177470780,True,True
0,86.96,0.52661255,0,0,1776177470780,True,True
0,86.94,0.28677946,0,0,1776177470787,False,True
0,86.96,6.0,0,0,1776177492946,False,True
0,86.94,0.03380262,0,0,1776177495605,False,True
0,86.94,41.91097308,0,0,1776177495605,False,True
0,86.94,0.06247,0,0,1776177500972,True,True
0,86.93,0.0338042,0,0,1776177501642,False,True
0,86.92,0.03380581,0,0,1776177501694,False,True
0,86.91,0.83199419,0,0,1776177501694,False,True
0,86.91,5.81e-06,0,0,1776177505559,False,True
0,86.91,0.03380739,0,0,1776177505559,False,True
0,86.9,0.03380898,0,0,1776177506196,False,True
0,86.89,0.03381056,0,0,1776177506196,False,True
0,86.88,0.03381215,0,0,1776177506196,False,True
0,86.87,0.03381375,0,0,1776177506196,False,True
0,86.86,0.03381534,0,0,1776177506196,False,True
0,86.86,0.83093922,0,0,1776177506196,False,True
0,86.86,18.28351515,0,0,1776177506196,False,True
0,86.85,0.03381692,0,0,1776177507144,False,True
0,86.85,0.28735632,0,0,1776177507144,False,True
0,86.85,3.23457549,0,0,1776177507144,False,True
0,86.85,0.00617733,0,0,1776177507144,False,True
0,86.84,0.03381853,0,0,1776177509296,False,True
0,86.84,0.0676264,0,0,1776177509296,False,True
0,86.84,0.02900647,0,0,1776177509886,True,True
0,86.84,0.13559353,0,0,1776177509886,True,True
0,86.84,0.28453274,0,0,1776177513326,True,True
0,86.83,0.17144816,0,0,1776177515306,False,True
0,86.83,0.03382011,0,0,1776177515306,False,True
0,86.82,1.35913384,0,0,1776177515306,False,True
0,86.82,0.0338217,0,0,1776177515306,False,True
0,86.81,0.2614,0,0,1776177515306,False,True
0,86.81,0.0338233,0,0,1776177515306,False,True
0,86.8,0.2,0,0,1776177515306,False,True
0,86.8,0.2615,0,0,1776177515306,False,True
0,86.8,0.03382489,0,0,1776177515306,False,True
0,86.79,0.03382647,0,0,1776177515306,False,True
0,86.79,7.7625,0,0,1776177515306,False,True
0,86.79,1.83649343,0,0,1776177515306,False,True
0,86.8,0.01952,0,0,1776177515475,True,True
0,86.78,0.03382808,0,0,1776177516698,False,True
0,86.77,0.2617,0,0,1776177516698,False,True
0,86.77,0.05077517,0,0,1776177516698,False,True
0,86.77,0.03382966,0,0,1776177516698,False,True
0,86.76,0.2618,0,0,1776177516698,False,True
0,86.76,0.03383125,0,0,1776177516698,False,True
0,86.76,6.75442667,0,0,1776177516698,False,True
0,86.75,0.03383286,0,0,1776177520691,False,True
0,86.74,0.03383444,0,0,1776177520691,False,True
0,86.74,0.22283054,0,0,1776177520691,False,True
0,86.73,0.03383605,0,0,1776177525766,False,True
0,86.72,0.03383763,0,0,1776177526375,False,True
0,86.71,0.03383924,0,0,1776177526375,False,True
0,86.71,0.24106396,0,0,1776177526375,False,True
0,86.71,0.03373604,0,0,1776177526699,False,True
0,86.7,0.03384083,0,0,1776177526699,False,True
0,86.7,0.2749,0,0,1776177526699,False,True
0,86.69,0.03384243,0,0,1776177526699,False,True
0,86.68,0.03384402,0,0,1776177526699,False,True
0,86.67,0.03384562,0,0,1776177526699,False,True
0,86.66,0.03384721,0,0,1776177526699,False,True
0,86.66,1.33859161,0,0,1776177526699,False,True
0,86.66,7.7625,0,0,1776177526699,False,True
0,86.66,5.36727284,0,0,1776177526699,False,True
0,86.66,1.12772727,0,0,1776177526700,False,True
0,86.67,0.0086064,0,0,1776177526755,True,True
0,86.67,0.0086064,0,0,1776177526755,True,True
0,86.68,0.0305136,0,0,1776177526755,True,True
0,86.66,0.02810417,0,0,1776177527852,True,True
0,86.66,0.82649583,0,0,1776177527852,True,True
0,86.65,0.03384882,0,0,1776177527860,False,True
0,86.65,0.464,0,0,1776177527860,False,True
0,86.64,0.03385042,0,0,1776177527860,False,True
0,86.63,0.03385201,0,0,1776177527860,False,True
0,86.63,0.2826,0,0,1776177527860,False,True
0,86.62,0.03385362,0,0,1776177527860,False,True
0,86.62,0.2827,0,0,1776177527860,False,True
0,86.62,7.7625,0,0,1776177527860,False,True
0,86.62,16.96141343,0,0,1776177527860,False,True
0,86.62,34.62662612,0,0,1776177527860,False,True
0,86.62,7.7625,0,0,1776177527862,False,True
0,86.62,2.82895816,0,0,1776177527863,False,True
0,86.62,2.82895816,0,0,1776177527863,False,True
0,86.62,10.68370483,0,0,1776177527863,False,True
0,86.62,5.09152409,0,0,1776177527863,False,True
0,86.62,3.39535039,0,0,1776177527864,False,True
0,86.62,2.82895816,0,0,1776177527864,False,True
0,86.62,3.39535039,0,0,1776177527864,False,True
0,86.62,3.39535039,0,0,1776177527865,False,True
0,86.62,0.55184543,0,0,1776177527865,False,True
0,86.61,0.03385522,0,0,1776177527865,False,True
0,86.61,0.2827,0,0,1776177527865,False,True
0,86.61,2.73988239,0,0,1776177527865,False,True
0,86.61,3.60828304,0,0,1776177527865,False,True
0,86.61,6.0,0,0,1776177527866,False,True
0,86.6,0.03385681,0,0,1776177527866,False,True
0,86.6,0.2827,0,0,1776177527866,False,True
0,86.6,0.02,0,0,1776177527866,False,True
0,86.6,0.02,0,0,1776177527866,False,True
0,86.59,0.03385842,0,0,1776177527866,False,True
0,86.59,7.7625,0,0,1776177527866,False,True
0,86.59,2.56669383,0,0,1776177527866,False,True
0,86.59,4.60710918,0,0,1776177527866,False,True
0,86.59,21.32671824,0,0,1776177527866,False,True
0,86.59,6.56713509,0,0,1776177527867,False,True
0,86.58,0.03386002,0,0,1776177527867,False,True
0,86.58,0.2828,0,0,1776177527867,False,True
0,86.57,0.03386161,0,0,1776177527901,False,True
0,86.57,0.0676721,0,0,1776177527901,False,True
0,86.57,7.7625,0,0,1776177527901,False,True
0,86.56,0.03386322,0,0,1776177528168,False,True
0,86.56,4.96613678,0,0,1776177528168,False,True
0,86.58,0.03833003,0,0,1776177529583,True,True
0,86.6,7.7625,0,0,1776177529583,True,True
0,86.61,7.7625,0,0,1776177529583,True,True
0,86.61,31.03078701,0,0,1776177529583,True,True
0,86.65,20.03393137,0,0,1776177531433,True,True
0,86.67,7.7625,0,0,1776177534773,False,True
0,86.67,3.22605234,0,0,1776177534773,False,True
0,86.67,9.87910565,0,0,1776177534773,False,True
0,86.67,0.03680349,0,0,1776177535794,True,True
0,86.67,1.22712651,0,0,1776177535794,True,True
0,86.65,7.7625,0,0,1776177536195,False,True
0,86.65,115.40372704,0,0,1776177536195,False,True
0,86.65,76.645,0,0,1776177536195,False,True
0,86.65,35.0,0,0,1776177536195,False,True
0,86.65,3.37026937,0,0,1776177536195,False,True
0,86.65,8.3,0,0,1776177536195,False,True
0,86.64,7.7625,0,0,1776177536195,False,True
0,86.64,13.10911831,0,0,1776177536195,False,True
0,86.64,16.96316596,0,0,1776177536195,False,True
0,86.63,7.7625,0,0,1776177536195,False,True
0,86.63,18.99123776,0,0,1776177536195,False,True
0,86.71,0.22420721,0,0,1776177540103,False,True
0,86.65,6.3941,0,0,1776177544943,False,True
0,86.66,0.03622312,0,0,1776177545067,True,True
0,86.68,0.02832607,0,0,1776177545067,True,True
0,86.68,0.02295,0,0,1776177552472,False,True
0,86.68,0.04167549,0,0,1776177553322,False,True
0,86.69,0.03555974,0,0,1776177555757,True,True
0,86.69,2.67224974,0,0,1776177555757,True,True
0,86.67,0.03544786,0,0,1776177558707,True,True
0,86.68,0.10320957,0,0,1776177558707,True,True
0,86.7,0.03497487,0,0,1776177564632,True,True
0,86.72,0.18840513,0,0,1776177564632,True,True
0,86.7,115.34025374,0,0,1776177567066,False,True
0,86.7,2.99406909,0,0,1776177567066,False,True
0,86.69,31.66567717,0,0,1776177567066,False,True
0,86.69,7.7625,0,0,1776177571455,False,True
0,86.69,3.12501294,0,0,1776177571455,False,True
0,86.69,2.56401496,0,0,1776177571455,False,True
0,86.68,12.0,0,0,1776177571455,False,True
0,86.68,7.7625,0,0,1776177571455,False,True
0,86.67,7.7625,0,0,1776177571455,False,True
0,86.67,19.01300053,0,0,1776177571455,False,True
0,86.67,6.0,0,0,1776177571455,False,True
0,86.67,34.01047157,0,0,1776177571455,False,True
0,86.67,46.51251218,0,0,1776177571455,False,True
0,86.67,108.234,0,0,1776177571455,False,True
0,86.67,11.5,0,0,1776177571455,False,True
0,86.66,0.16450496,0,0,1776177571455,False,True
0,86.66,7.7625,0,0,1776177571455,False,True
0,86.66,19.22761071,0,0,1776177571455,False,True
0,86.66,6.59887215,0,0,1776177571455,False,True
0,86.67,0.04272515,0,0,1776177573282,True,True
0,86.68,2.03490037,0,0,1776177573282,True,True
0,86.67,0.04258383,0,0,1776177574167,True,True
0,86.67,0.43122789,0,0,1776177574167,True,True
0,86.67,0.02023,0,0,1776177577257,True,True
0,86.7,0.04191088,0,0,1776177585059,True,True
0,86.71,1.80353317,0,0,1776177585059,True,True
0,86.69,0.0417025,0,0,1776177595061,True,True
0,86.7,1.45698265,0,0,1776177595061,True,True
0,86.7,1.56654718,0,0,1776177595061,True,True
0,86.7,6.19595282,0,0,1776177595061,True,True
0,86.7,115.34355135,0,0,1776177595061,True,True
0,86.71,12.46996011,0,0,1776177595061,True,True
0,86.71,41.83401,0,0,1776177595061,True,True
0,86.72,11.0,0,0,1776177595061,True,True
0,86.72,7.7625,0,0,1776177595061,True,True
0,86.72,41.83401,0,0,1776177595061,True,True
0,86.72,56.21,0,0,1776177595061,True,True
0,86.72,153.76125258,0,0,1776177595061,True,True
0,86.73,7.7625,0,0,1776177595061,True,True
0,86.74,7.7625,0,0,1776177595061,True,True
0,86.74,15.0,0,0,1776177595061,True,True
0,86.74,6.98497692,0,0,1776177595061,True,True
0,86.74,0.13529851,0,0,1776177595061,True,True
0,86.75,1.45698505,0,0,1776177595061,True,True
0,86.75,7.7625,0,0,1776177595061,True,True
0,86.75,0.99144941,0,0,1776177595061,True,True
0,86.75,2.00763984,0,0,1776177595061,True,True
0,86.75,10.24815908,0,0,1776177595061,True,True
0,86.75,38.66775167,0,0,1776177595061,True,True
0,86.75,51.687,0,0,1776177595061,True,True
0,86.75,65.03535536,0,0,1776177595061,True,True
0,86.75,7.30317632,0,0,1776177595061,True,True
0,86.75,81.4227209,0,0,1776177595061,True,True
0,86.75,27.99806678,0,0,1776177595064,False,True
0,86.75,170.18386308,0,0,1776177595064,False,True
0,86.75,48.11358789,0,0,1776177595064,False,True
0,86.67,0.04156488,0,0,1776177602225,True,True
0,86.67,0.07364249,0,0,1776177602225,True,True
0,86.66,0.1898223,0,0,1776177602910,False,True
0,86.61,0.04182428,0,0,1776177604190,True,True
0,86.61,12.46996011,0,0,1776177604190,True,True
0,86.62,0.02921561,0,0,1776177604190,True,True
0,86.6,18.30594,0,0,1776177604434,False,True
0,86.6,7.7625,0,0,1776177604434,False,True
0,86.59,7.7625,0,0,1776177604434,False,True
0,86.59,0.28870027,0,0,1776177604434,False,True
0,86.58,7.7625,0,0,1776177604434,False,True
0,86.58,8.11785973,0,0,1776177604434,False,True
0,86.6,13.42217603,0,0,1776177607394,False,True
0,86.6,0.0408734,0,0,1776177609627,True,True
0,86.61,93.76469075,0,0,1776177609627,True,True
0,86.61,8.41446898,0,0,1776177609627,True,True
0,86.61,7.7625,0,0,1776177609627,True,True
0,86.62,0.019,0,0,1776177609682,False,True
0,86.63,0.04052544,0,0,1776177615208,True,True
0,86.65,0.0850996,0,0,1776177615208,True,True
0,86.62,0.019,0,0,1776177618351,False,True
0,86.64,0.03988257,0,0,1776177620932,True,True
0,86.65,0.48964743,0,0,1776177620932,True,True
0,86.63,0.11952,0,0,1776177621689,False,True
0,86.62,6.87773,0,0,1776177624297,False,True
0,86.55,0.03386482,0,0,1776177628147,False,True
0,86.55,0.11554015,0,0,1776177628147,False,True
0,86.54,0.03386643,0,0,1776177628147,False,True
0,86.54,0.02832405,0,0,1776177628147,False,True
0,86.53,24.21889832,0,0,1776177628147,False,True
0,86.53,0.283,0,0,1776177628147,False,True
0,86.53,0.03386802,0,0,1776177628147,False,True
0,86.52,0.283,0,0,1776177628147,False,True
0,86.52,0.03386962,0,0,1776177628147,False,True
0,86.52,7.7625,0,0,1776177628147,False,True
0,86.52,12.0,0,0,1776177628147,False,True
0,86.52,1.05466761,0,0,1776177628147,False,True
0,86.52,1.51441097,0,0,1776177628152,False,True
0,86.51,0.283,0,0,1776177628152,False,True
0,86.51,0.03387123,0,0,1776177628152,False,True
0,86.51,2.98030744,0,0,1776177628152,False,True
0,86.51,9.62321241,0,0,1776177628158,False,True
0,86.51,4.23684618,0,0,1776177628161,False,True
0,86.51,9.62318856,0,0,1776177628171,False,True
0,86.51,7.21741759,0,0,1776177628185,False,True
0,86.51,14.43480204,0,0,1776177628191,False,True
0,86.51,65.63944,0,0,1776177628194,False,True
0,86.51,14.43482017,0,0,1776177628200,False,True
0,86.51,4.81160243,0,0,1776177628220,False,True
0,86.51,3.00371141,0,0,1776177628224,False,True
0,86.51,363.99465177,0,0,1776177628242,False,True
0,86.51,12.0,0,0,1776177628242,False,True
0,86.51,2.56947827,0,0,1776177628242,False,True
0,86.5,0.2831,0,0,1776177628304,False,True
0,86.5,0.03387284,0,0,1776177628304,False,True
0,86.5,0.57803468,0,0,1776177628304,False,True
0,86.5,1.14914397,0,0,1776177628304,False,True
0,86.5,43.95584851,0,0,1776177628304,False,True
0,86.5,188.76319919,0,0,1776177628308,False,True
0,86.49,0.05093955,0,0,1776177628344,False,True
0,86.49,0.06482325,0,0,1776177628344,False,True
0,86.49,1.46169952,0,0,1776177628344,False,True
0,86.49,1.97156579,0,0,1776177628344,False,True
0,86.49,0.03387445,0,0,1776177628344,False,True
0,86.49,2.57007244,0,0,1776177628344,False,True
0,86.48,0.2831,0,0,1776177628344,False,True
0,86.48,0.03387603,0,0,1776177628344,False,True
0,86.48,0.125257,0,0,1776177628344,False,True
0,86.48,0.11563367,0,0,1776177628344,False,True
0,86.47,0.03387764,0,0,1776177628344,False,True
0,86.47,0.125257,0,0,1776177628344,False,True
0,86.46,0.03018737,0,0,1776177628344,False,True
0,86.45,0.2,0,0,1776177628344,False,True
0,86.45,0.03075602,0,0,1776177628344,False,True
0,86.45,2.77028978,0,0,1776177628344,False,True
0,86.47,2.89248,0,0,1776177629715,False,True
0,86.44,0.2833,0,0,1776177635271,False,True
0,86.44,12.52671139,0,0,1776177635271,False,True
0,86.5,220.52528915,0,0,1776177645243,True,True
0,86.5,43.75871345,0,0,1776177645315,True,True
0,86.5,35.78793937,0,0,1776177645316,True,True
0,86.52,0.11199371,0,0,1776177664814,False,True
0,86.53,1.62625325,0,0,1776177665218,True,True
0,86.52,7.7625,0,0,1776177665782,False,True
0,86.52,18.30594,0,0,1776177665782,False,True
0,86.52,3.35579718,0,0,1776177665782,False,True
0,86.52,115.58021266,0,0,1776177665782,False,True
0,86.51,4.99555016,0,0,1776177665782,False,True
0,86.53,0.26155439,0,0,1776177666214,True,True
0,86.53,0.00054561,0,0,1776177666214,True,True
0,86.53,0.06713841,0,0,1776177666648,True,True
0,86.54,2.99809392,0,0,1776177666648,True,True
0,86.54,15.79621233,0,0,1776177666648,True,True
0,86.55,7.7625,0,0,1776177666648,True,True
0,86.55,55.2,0,0,1776177666648,True,True
0,86.55,115.54984106,0,0,1776177666648,True,True
0,86.56,15.0,0,0,1776177666648,True,True
0,86.56,7.7625,0,0,1776177666648,True,True
0,86.56,52.022,0,0,1776177666648,True,True
0,86.56,3.16874256,0,0,1776177666648,True,True
0,86.56,51.755,0,0,1776177666648,True,True
0,86.57,5.19986527,0,0,1776177666648,True,True
0,86.57,7.7625,0,0,1776177666648,True,True
0,86.57,0.2310403,0,0,1776177666648,True,True
0,86.58,7.7625,0,0,1776177666648,True,True
0,86.59,7.7625,0,0,1776177666648,True,True
0,86.59,82.45979,0,0,1776177666648,True,True
0,86.6,7.7625,0,0,1776177666648,True,True
0,86.6,154.43347279,0,0,1776177666648,True,True
0,86.6,399.54380336,0,0,1776177666648,True,True
0,86.5,0.06651496,0,0,1776177670390,True,True
0,86.51,115.59357299,0,0,1776177670390,True,True
0,86.51,7.7625,0,0,1776177670390,True,True
0,86.52,7.7625,0,0,1776177670390,True,True
0,86.52,55.417,0,0,1776177670390,True,True
0,86.52,19.22761071,0,0,1776177670390,True,True
0,86.53,15.0,0,0,1776177670390,True,True
0,86.53,14.36532257,0,0,1776177670390,True,True
0,86.53,7.7625,0,0,1776177670390,True,True
0,86.53,52.018,0,0,1776177670390,True,True
0,86.54,7.7625,0,0,1776177670390,True,True
0,86.54,80.81740525,0,0,1776177670390,True,True
0,86.55,7.7625,0,0,1776177670390,True,True
0,86.56,7.7625,0,0,1776177670390,True,True
0,86.56,0.91957352,0,0,1776177670390,True,True
0,86.56,8.4082126,0,0,1776177670390,True,True
0,86.56,7.0940708,0,0,1776177670390,True,True
0,86.56,1.57646017,0,0,1776177670390,True,True
0,86.56,11.91431824,0,0,1776177670390,True,True
0,86.56,2.36469027,0,0,1776177670390,True,True
0,86.56,14.67101301,0,0,1776177670390,True,True
0,86.56,4.80666139,0,0,1776177670390,True,True
0,86.56,9.44875777,0,0,1776177670390,True,True
0,86.56,33.68420155,0,0,1776177670390,True,True
0,86.56,6.0316142,0,0,1776177670390,True,True
0,86.56,38.85413448,0,0,1776177670390,True,True
0,86.57,7.7625,0,0,1776177670390,True,True
0,86.58,12.38300594,0,0,1776177670390,True,True
0,86.58,6.84460477,0,0,1776177670390,True,True
0,86.58,1.52085175,0,0,1776177670390,True,True
0,86.58,6.24164825,0,0,1776177670390,True,True
0,86.58,26.39325481,0,0,1776177670390,True,True
0,86.49,0.06628946,0,0,1776177671504,True,True
0,86.51,0.04918398,0,0,1776177671504,True,True
0,86.49,18.30594,0,0,1776177671818,False,True
0,86.49,7.7625,0,0,1776177671818,False,True
0,86.49,3.15496007,0,0,1776177671818,False,True
0,86.48,7.7625,0,0,1776177671818,False,True
0,86.48,9.20623619,0,0,1776177671818,False,True
0,86.49,0.13146028,0,0,1776177673577,False,True
0,86.51,0.06606001,0,0,1776177676351,True,True
0,86.53,0.04955999,0,0,1776177676351,True,True
0,86.55,0.06577878,0,0,1776177679214,True,True
0,86.56,0.15968059,0,0,1776177679214,True,True
0,86.55,0.06552217,0,0,1776177679434,True,True
0,86.56,0.47570783,0,0,1776177679434,True,True
0,86.55,0.06529775,0,0,1776177680152,True,True
0,86.56,0.26741699,0,0,1776177680152,True,True
0,86.56,1.51678242,0,0,1776177680152,True,True
0,86.55,5.62562089,0,0,1776177683841,False,True
0,86.53,0.56871604,0,0,1776177699777,False,True
0,86.54,0.06480981,0,0,1776177700278,True,True
0,86.55,80.96723255,0,0,1776177700278,True,True
0,86.56,7.7625,0,0,1776177700278,True,True
0,86.56,41.20545764,0,0,1776177700278,True,True
0,86.56,60.0,0,0,1776177700278,True,True
0,86.51,0.94588,0,0,1776177709988,False,True
0,86.46,9.7531,0,0,1776177719500,False,True
0,86.46,7.7625,0,0,1776177719500,False,True
0,86.46,27.4844,0,0,1776177719500,False,True
0,86.52,0.01708,0,0,1776177744932,True,True
0,86.45,0.02149,0,0,1776177756080,True,True
0,86.46,0.02146044,0,0,1776177758711,True,True
0,86.47,0.02386956,0,0,1776177758711,True,True
0,86.46,0.05995837,0,0,1776177759357,True,True
0,86.46,1.56990163,0,0,1776177759357,True,True
0,86.43,1.56384632,0,0,1776177769399,False,True
0,86.43,0.0520382,0,0,1776177769399,False,True
0,86.43,0.08319143,0,0,1776177769399,False,True
0,86.44,0.05901674,0,0,1776177769451,True,True
0,86.45,3.44840219,0,0,1776177769451,True,True
0,86.43,0.05881852,0,0,1776177770970,True,True
0,86.43,0.86573154,0,0,1776177770970,True,True
0,86.41,0.44,0,0,1776177773552,False,True
0,86.41,7.3225,0,0,1776177773552,False,True
0,86.41,12.0,0,0,1776177773552,False,True
0,86.41,2.95390558,0,0,1776177773552,False,True
0,86.41,3.20161112,0,0,1776177773552,False,True
0,86.41,115.72734637,0,0,1776177773552,False,True
0,86.41,35.0,0,0,1776177773552,False,True
0,86.4,7.7625,0,0,1776177773552,False,True
0,86.4,19.22761071,0,0,1776177773552,False,True
0,86.4,2.5727496,0,0,1776177773552,False,True
0,86.39,0.2834,0,0,1776177773552,False,True
0,86.39,320.0,0,0,1776177773552,False,True
0,86.39,7.7625,0,0,1776177773552,False,True
0,86.39,6.0,0,0,1776177773552,False,True
0,86.39,0.25,0,0,1776177773552,False,True
0,86.39,92.105,0,0,1776177773552,False,True
0,86.39,13.33333333,0,0,1776177773552,False,True
0,86.38,0.2835,0,0,1776177773552,False,True
0,86.38,7.7625,0,0,1776177773552,False,True
0,86.38,13.6280903,0,0,1776177773552,False,True
0,86.37,0.03615267,0,0,1776177773552,False,True
0,86.37,7.7625,0,0,1776177773552,False,True
0,86.37,51.844,0,0,1776177773552,False,True
0,86.37,52.056,0,0,1776177773552,False,True
0,86.36,0.2835,0,0,1776177773552,False,True
0,86.36,7.7625,0,0,1776177773552,False,True
0,86.36,19.22761071,0,0,1776177773552,False,True
0,86.36,32.58927574,0,0,1776177773552,False,True
0,86.35,3.47423277,0,0,1776177773552,False,True
0,86.35,51.13572669,0,0,1776177773552,False,True
0,86.35,7.7625,0,0,1776177773552,False,True
0,86.35,98.68910966,0,0,1776177773552,False,True
0,86.42,1.11365732,0,0,1776177779194,True,True
0,86.43,5.78435909,0,0,1776177780441,True,True
0,86.45,0.17458101,0,0,1776177784782,False,True
0,86.48,7.7625,0,0,1776177792074,False,True
0,86.48,3.43497068,0,0,1776177792074,False,True
0,86.48,3.33449731,0,0,1776177792074,False,True
0,86.48,59.9019952,0,0,1776177797201,True,True
0,86.48,16.91657274,0,0,1776177797204,True,True
0,86.55,2.81448751,0,0,1776177809061,False,True
0,86.55,7.7625,0,0,1776177809061,False,True
0,86.55,2.90486453,0,0,1776177809061,False,True
0,86.55,35.0,0,0,1776177809061,False,True
0,86.55,19.34240066,0,0,1776177809061,False,True
0,86.51,0.11187,0,0,1776177810377,False,True
0,86.58,0.05779679,0,0,1776177814711,True,True
0,86.56,5.39347,0,0,1776177818098,False,True
0,86.54,0.06408681,0,0,1776177836315,True,True
0,86.55,0.36385319,0,0,1776177836315,True,True
0,86.54,0.06389748,0,0,1776177837140,True,True
0,86.55,6.60816252,0,0,1776177837140,True,True
0,86.5,0.0127,0,0,1776177842629,False,True
0,86.51,0.06329067,0,0,1776177846238,True,True
0,86.52,0.47795933,0,0,1776177846238,True,True
0,86.5,0.0417575,0,0,1776177846832,False,True
0,86.53,0.61995,0,0,1776177848223,True,True
0,86.52,1.0,0,0,1776177851428,False,True
0,86.55,0.01548,0,0,1776177868208,True,True
0,86.54,0.36581979,0,0,1776177873048,False,True
0,86.5,0.11294185,0,0,1776177879907,False,True
0,86.5,0.16547216,0,0,1776177879907,False,True
0,86.5,4.61965318,0,0,1776177883346,True,True
0,86.45,1.15633673,0,0,1776177886441,False,True
0,86.47,0.02313,0,0,1776177907831,False,True
0,86.46,0.05899103,0,0,1776177910028,True,True
0,86.46,7.7625,0,0,1776177910028,True,True
0,86.46,2.83743699,0,0,1776177910028,True,True
0,86.46,0.84107198,0,0,1776177910028,True,True
0,86.41,0.0587858,0,0,1776177912089,True,True
0,86.42,1.71407201,0,0,1776177912089,True,True
0,86.37,0.3736,0,0,1776177919766,False,True
0,86.36,0.05858487,0,0,1776177929093,True,True
0,86.38,0.22682207,0,0,1776177929093,True,True
0,86.34,0.2836,0,0,1776177930745,False,True
0,86.33,6.0,0,0,1776177930745,False,True
0,86.32,1.63666377,0,0,1776177930745,False,True
0,86.32,0.04964679,0,0,1776177932677,True,True
0,86.31,0.00858361,0,0,1776177935374,True,True
0,86.33,0.32397127,0,0,1776177935374,True,True
0,86.33,0.1281269,0,0,1776177935658,False,True
0,86.33,2.33317778,0,0,1776177938577,False,True
0,86.36,0.05807494,0,0,1776177940268,True,True
0,86.36,0.26376785,0,0,1776177940268,True,True
0,86.37,2.44128721,0,0,1776177940268,True,True
0,86.35,0.05691823,0,0,1776177955476,True,True
0,86.36,5.30549177,0,0,1776177955476,True,True
0,86.33,7.7625,0,0,1776177960088,False,True
0,86.33,0.43692388,0,0,1776177960088,False,True
0,86.33,2.45874107,0,0,1776177960088,False,True
0,86.35,0.04459,0,0,1776177965836,False,True
0,86.34,0.05587766,0,0,1776177967886,True,True
0,86.36,5.58093481,0,0,1776177967886,True,True
0,86.34,0.01813149,0,0,1776177967937,False,True
0,86.31,0.0556908,0,0,1776177987320,True,True
0,86.31,0.50224264,0,0,1776177987320,True,True
0,86.3,0.2837,0,0,1776177989755,False,True
0,86.3,5.71294189,0,0,1776177989755,False,True
0,86.3,444.28705811,0,0,1776177992205,False,True
0,86.3,0.03390498,0,0,1776177992205,False,True
0,86.3,0.57937428,0,0,1776177997447,True,True
0,86.29,0.2681,0,0,1776177998956,False,True
0,86.29,0.01194018,0,0,1776177998956,False,True
0,86.29,0.02196641,0,0,1776177999157,False,True
0,86.28,0.2785,0,0,1776177999157,False,True
0,86.28,0.01193359,0,0,1776177999157,False,True
0,86.28,0.02197462,0,0,1776177999159,False,True
0,86.31,1.68175262,0,0,1776178010608,True,True
0,86.32,83.70658666,0,0,1776178010868,True,True
0,86.32,53.68856781,0,0,1776178010869,True,True
0,86.32,27.24316015,0,0,1776178010870,True,True
0,86.34,1.45163363,0,0,1776178022523,True,True
0,86.34,0.05456495,0,0,1776178022523,True,True
0,86.35,0.06149696,0,0,1776178025849,True,True
0,86.36,2.83336892,0,0,1776178025849,True,True
0,86.42,0.0594996,0,0,1776178042303,True,True
0,86.43,0.0550604,0,0,1776178042303,True,True
0,86.42,0.05643179,0,0,1776178046097,True,True
0,86.43,1.48426365,0,0,1776178048034,True,True
0,86.43,0.05793184,0,0,1776178051317,True,True
0,86.45,7.7625,0,0,1776178051317,True,True
0,86.45,15.0,0,0,1776178051317,True,True
0,86.45,12.57387844,0,0,1776178051317,True,True
0,86.45,15.88408972,0,0,1776178051317,True,True
0,86.44,0.01184022,0,0,1776178052605,False,True
0,86.5,0.01417,0,0,1776178062556,False,True
0,86.53,0.05686675,0,0,1776178080664,True,True
0,86.53,3.4912491,0,0,1776178080664,True,True
0,86.53,0.98873043,0,0,1776178080664,True,True
0,86.54,1.23193985,0,0,1776178080664,True,True
0,86.5,1.00416184,0,0,1776178082831,False,True
0,86.5,122.032521,0,0,1776178082831,False,True
0,86.5,20.01721057,0,0,1776178082874,False,True
0,86.5,4.80937508,0,0,1776178082875,False,True
0,86.5,2.40469583,0,0,1776178082893,False,True
0,86.5,49.11770042,0,0,1776178082969,False,True
0,86.49,0.05666252,0,0,1776178084995,True,True
0,86.51,1.98841748,0,0,1776178084995,True,True
0,86.5,92.47485839,0,0,1776178086849,True,True
0,86.44,0.99317,0,0,1776178108786,False,True
0,86.45,0.05572605,0,0,1776178113333,True,True
0,86.45,0.80077395,0,0,1776178113333,True,True
0,86.45,0.05553078,0,0,1776178114955,True,True
0,86.45,0.01280922,0,0,1776178114955,True,True
0,86.42,0.02327,0,0,1776178126423,False,True
0,86.43,0.02221,0,0,1776178127223,True,True
0,86.38,0.02314,0,0,1776178137000,False,True
0,86.31,0.03296334,0,0,1776178142433,True,True
0,86.32,0.25727401,0,0,1776178142433,True,True
0,86.36,0.02777,0,0,1776178147577,False,True
0,86.31,0.05444489,0,0,1776178152034,True,True
0,86.31,2.71634511,0,0,1776178152034,True,True
0,86.3,0.21563586,0,0,1776178152440,False,True
0,86.3,0.01122,0,0,1776178154376,True,True
0,86.27,0.11618,0,0,1776178168312,False,True
0,86.27,0.16762,0,0,1776178172616,False,True
0,86.27,0.03390982,0,0,1776178172616,False,True
0,86.27,7.7625,0,0,1776178172616,False,True
0,86.26,0.2838,0,0,1776178172616,False,True
0,86.26,0.03391143,0,0,1776178172616,False,True
0,86.26,3.38375364,0,0,1776178172616,False,True
0,86.26,0.0421516,0,0,1776178176136,True,True
0,86.26,0.01581269,0,0,1776178176136,True,True
0,86.26,0.05274923,0,0,1776178191908,True,True
0,86.26,0.32282077,0,0,1776178191908,True,True
0,86.26,0.07163,0,0,1776178194087,True,True
0,86.25,0.2633,0,0,1776178197602,False,True
0,86.25,0.03391304,0,0,1776178197602,False,True
0,86.25,0.05797101,0,0,1776178197602,False,True
0,86.24,0.2839,0,0,1776178198144,False,True
0,86.24,55.0,0,0,1776178198144,False,True
0,86.24,0.03391465,0,0,1776178198144,False,True
0,86.23,0.02312,0,0,1776178206536,False,True
0,86.23,0.26078,0,0,1776178216152,False,True
0,86.23,0.0650187,0,0,1776178216152,False,True
0,86.23,0.03391628,0,0,1776178216152,False,True
0,86.22,0.04738502,0,0,1776178216152,False,True
0,86.22,0.23661498,0,0,1776178216742,False,True
0,86.22,0.03391789,0,0,1776178216742,False,True
0,86.22,148.3524762,0,0,1776178216742,False,True
0,86.22,358.11632647,0,0,1776178216765,False,True
0,86.22,166.62838923,0,0,1776178216766,False,True
0,86.22,0.0341,0,0,1776178218194,False,True
0,86.23,0.86116,0,0,1776178221447,True,True
0,86.22,56.8687081,0,0,1776178226822,False,True
0,86.21,0.05110499,0,0,1776178226844,False,True
0,86.21,0.284,0,0,1776178226844,False,True
0,86.21,0.0339195,0,0,1776178226844,False,True
0,86.2,0.284,0,0,1776178226844,False,True
0,86.2,0.03392111,0,0,1776178226844,False,True
0,86.2,139.26635731,0,0,1776178226844,False,True
0,86.2,0.05613149,0,0,1776178227996,True,True
0,86.2,1.81342851,0,0,1776178227996,True,True
0,86.19,0.05981915,0,0,1776178230749,False,True
0,86.19,0.06584085,0,0,1776178230749,False,True
0,86.23,7.7625,0,0,1776178246980,False,True
0,86.23,3.24632416,0,0,1776178246980,False,True
0,86.23,3.44087289,0,0,1776178246980,False,True
0,86.23,13.26145471,0,0,1776178246980,False,True
0,86.23,115.96892032,0,0,1776178246980,False,True
0,86.22,7.7625,0,0,1776178246980,False,True
0,86.22,2.9460391,0,0,1776178246980,False,True
0,86.22,35.0,0,0,1776178246980,False,True
0,86.22,2.56810433,0,0,1776178246980,False,True
0,86.21,7.7625,0,0,1776178246980,False,True
0,86.21,2.83483135,0,0,1776178246980,False,True
0,86.21,19.50311894,0,0,1776178246980,False,True
0,86.21,5.57263148,0,0,1776178246980,False,True
0,86.24,1.62323068,0,0,1776178259192,True,True
0,86.24,0.04760191,0,0,1776178259192,True,True
0,86.25,0.1,0,0,1776178269570,False,True
0,86.24,0.01733533,0,0,1776178276774,True,True
0,86.24,3.01768778,0,0,1776178276774,True,True
0,86.24,5.65861315,0,0,1776178276774,True,True
0,86.24,2.10388685,0,0,1776178277237,True,True
0,86.24,3.26620315,0,0,1776178277237,True,True
0,86.23,4.71135336,0,0,1776178277412,False,True
0,86.19,0.21825915,0,0,1776178280646,False,True
0,86.19,0.03392273,0,0,1776178280646,False,True
0,86.19,0.34101445,0,0,1776178280646,False,True
0,86.2,0.06521025,0,0,1776178286494,True,True
0,86.2,4.99087975,0,0,1776178286494,True,True
0,86.2,64.8852,0,0,1776178292621,True,True
0,86.2,92.0,0,0,1776178292623,True,True
0,86.2,11.54061827,0,0,1776178292662,True,True
0,86.2,30.27268442,0,0,1776178292662,True,True
0,86.2,34.36286071,0,0,1776178292662,True,True
0,86.2,4.80882257,0,0,1776178292662,True,True
0,86.2,2.40440567,0,0,1776178292663,True,True
0,86.2,116.78308018,0,0,1776178292669,True,True
0,86.25,0.0206,0,0,1776178293170,True,True
0,86.24,0.04434426,0,0,1776178296034,True,True
0,86.24,0.55781574,0,0,1776178296034,True,True
0,86.23,0.83175,0,0,1776178297014,False,True
0,86.26,0.06388369,0,0,1776178302748,True,True
0,86.26,0.79048631,0,0,1776178302748,True,True
0,86.23,0.69992008,0,0,1776178307095,False,True
0,86.25,0.06365456,0,0,1776178313471,True,True
0,86.27,0.48463881,0,0,1776178313471,True,True
0,86.26,0.0635408,0,0,1776178316471,True,True
0,86.26,4.6920092,0,0,1776178316471,True,True
0,86.3,7.7625,0,0,1776178322794,False,True
0,86.3,12.5168856,0,0,1776178322794,False,True
0,86.3,111.07881304,0,0,1776178322794,False,True
0,86.31,0.06251004,0,0,1776178323563,True,True
0,86.32,10.6,0,0,1776178323563,True,True
0,86.33,17.21339928,0,0,1776178323563,True,True
0,86.31,0.92810914,0,0,1776178324179,False,True
0,86.32,0.06477556,0,0,1776178325202,True,True
0,86.34,0.47277444,0,0,1776178325202,True,True
0,86.32,0.06453113,0,0,1776178325232,True,True
0,86.34,3.0007012,0,0,1776178325232,True,True
0,86.34,16.0296433,0,0,1776178325232,True,True
0,86.34,54.434,0,0,1776178325232,True,True
0,86.34,115.83226256,0,0,1776178325232,True,True
0,86.34,7.7625,0,0,1776178325232,True,True
0,86.35,7.7625,0,0,1776178325232,True,True
0,86.35,6.0,0,0,1776178325232,True,True
0,86.35,52.068,0,0,1776178325232,True,True
0,86.35,13.16967121,0,0,1776178325232,True,True
0,86.36,7.7625,0,0,1776178325232,True,True
0,86.36,52.177,0,0,1776178325232,True,True
0,86.37,7.7625,0,0,1776178325232,True,True
0,86.38,7.7625,0,0,1776178325232,True,True
0,86.38,0.25,0,0,1776178325232,True,True
0,86.38,32.57891298,0,0,1776178325232,True,True
0,86.39,7.7625,0,0,1776178325232,True,True
0,86.39,72.5640005,0,0,1776178325232,True,True
0,86.39,2.39711093,0,0,1776178325232,True,True
0,86.39,1.88169967,0,0,1776178325232,True,True
0,86.39,1.88170013,0,0,1776178325232,True,True
0,86.39,191.5058615,0,0,1776178325232,True,True
0,86.39,308.37239484,0,0,1776178325232,True,True
0,86.39,0.21275954,0,0,1776178325232,True,True
0,86.39,32.06998284,0,0,1776178325232,True,True
0,86.39,23.61857206,0,0,1776178325232,True,True
0,86.39,27.5489941,0,0,1776178325232,True,True
0,86.39,173.927,0,0,1776178325232,True,True
0,86.39,11.57541382,0,0,1776178325232,True,True
0,86.4,170.86680833,0,0,1776178325232,True,True
0,86.4,19.53827567,0,0,1776178325232,True,True
0,86.4,7.7625,0,0,1776178325232,True,True
0,86.4,11.57407407,0,0,1776178325232,True,True
0,86.41,7.7625,0,0,1776178325232,True,True
0,86.41,106.12154499,0,0,1776178325232,True,True
0,86.41,154.84558672,0,0,1776178325232,True,True
0,86.41,239.75821991,0,0,1776178325232,True,True
0,86.41,42.035278,0,0,1776178325232,True,True
0,86.32,0.24393,0,0,1776178325582,False,True
0,86.32,1.04408352,0,0,1776178326018,False,True
0,86.32,0.17572,0,0,1776178326169,False,True
0,86.33,3.07956166,0,0,1776178328950,False,True
0,86.34,0.06403672,0,0,1776178329311,True,True
0,86.35,7.71849386,0,0,1776178329311,True,True
0,86.35,9.61653097,0,0,1776178329315,True,True
0,86.35,20.43511551,0,0,1776178329319,True,True
0,86.35,17.76827768,0,0,1776178329322,True,True
0,86.35,4.80826548,0,0,1776178329324,True,True
0,86.35,6.01033185,0,0,1776178329352,True,True
0,86.35,0.06375683,0,0,1776178329606,True,True
0,86.37,7.7625,0,0,1776178329606,True,True
0,86.35,0.03912,0,0,1776178329719,False,True
0,86.32,0.0610114,0,0,1776178336894,True,True
0,86.33,6.1682586,0,0,1776178336894,True,True
0,86.31,0.06079462,0,0,1776178339512,True,True
0,86.31,1.07232538,0,0,1776178339512,True,True
0,86.34,0.05811,0,0,1776178343493,False,True
0,86.34,0.031507,0,0,1776178348288,True,True
0,86.31,0.02980181,0,0,1776178362943,True,True
0,86.32,0.01542819,0,0,1776178362943,True,True
0,86.34,0.06165744,0,0,1776178375553,True,True
0,86.35,1.47912105,0,0,1776178375553,True,True
0,86.37,35.0,0,0,1776178381997,False,True
0,86.37,115.77342485,0,0,1776178381997,False,True
0,86.37,12.96686935,0,0,1776178381997,False,True
0,86.37,104.23501733,0,0,1776178381997,False,True
0,86.31,0.06095089,0,0,1776178391079,True,True
0,86.31,2.82957093,0,0,1776178391079,True,True
0,86.31,1.20759818,0,0,1776178391079,True,True
0,86.3,0.0231,0,0,1776178400511,False,True
0,86.29,4.80993792,0,0,1776178402776,False,True
0,86.29,6.01172442,0,0,1776178402781,False,True
0,86.29,1.17833766,0,0,1776178402783,False,True
0,86.29,23.35869084,0,0,1776178402783,False,True
0,86.29,24.5370285,0,0,1776178402785,False,True
0,86.29,24.5370285,0,0,1776178402785,False,True
0,86.29,5.64860655,0,0,1776178402787,False,True
0,86.29,37.8069293,0,0,1776178402789,False,True
0,86.28,53.49753051,0,0,1776178402790,False,True
0,86.28,29.11266235,0,0,1776178402791,False,True
0,86.28,5.25662881,0,0,1776178402794,False,True
0,86.28,2.10265466,0,0,1776178402795,False,True
0,86.28,2.10265466,0,0,1776178402795,False,True
0,86.28,6.30796398,0,0,1776178402798,False,True
0,86.28,9.61987583,0,0,1776178402808,False,True
0,86.28,5.39217862,0,0,1776178402813,False,True
0,86.27,2.55946343,0,0,1776178402854,False,True
0,86.26,10.65099548,0,0,1776178402854,False,True
0,86.26,10.1,0,0,1776178402854,False,True
0,86.25,0.25,0,0,1776178402854,False,True
0,86.25,97.270182,0,0,1776178402854,False,True
0,86.25,13.7805793,0,0,1776178402854,False,True
0,86.28,7.47018986,0,0,1776178402928,False,True
0,86.28,4.52981014,0,0,1776178402930,False,True
0,86.24,0.07121832,0,0,1776178408274,True,True
0,86.24,0.20932168,0,0,1776178408274,True,True
0,86.27,0.07095077,0,0,1776178413672,True,True
0,86.28,0.21402779,0,0,1776178413672,True,True
0,86.28,4.32347,0,0,1776178413862,True,True
0,86.26,0.07068207,0,0,1776178416438,True,True
0,86.26,0.30091793,0,0,1776178416438,True,True
0,86.28,0.0704166,0,0,1776178418238,True,True
0,86.29,0.2664734,0,0,1776178418238,True,True
0,86.28,0.01134,0,0,1776178419290,True,True
0,86.21,0.05606744,0,0,1776178430071,True,True
0,86.24,0.17588256,0,0,1776178430071,True,True
0,86.24,0.06720508,0,0,1776178432867,True,True
0,86.24,115.95547309,0,0,1776178432867,True,True
0,86.25,13.97732183,0,0,1776178432867,True,True
0,86.23,0.06696051,0,0,1776178434810,True,True
0,86.24,7.7625,0,0,1776178434810,True,True
0,86.24,115.96501715,0,0,1776178434810,True,True
0,86.25,1.02267817,0,0,1776178434842,True,True
0,86.25,12.88711707,0,0,1776178434842,True,True
0,86.25,10.4,0,0,1776178434842,True,True
0,86.25,0.066706,0,0,1776178434905,True,True
0,86.28,1.5008,0,0,1776178441129,False,True
0,86.28,0.06019,0,0,1776178444019,True,True
0,86.33,0.05178037,0,0,1776178461858,True,True
0,86.33,0.0637443,0,0,1776178463125,True,True
0,86.33,1.1362557,0,0,1776178463125,True,True
0,86.36,3.37061381,0,0,1776178482087,True,True
0,86.36,3.85900637,0,0,1776178482087,True,True
0,86.36,0.02318,0,0,1776178485157,False,True
0,86.37,129.20061181,0,0,1776178488933,True,True
0,86.37,449.93804022,0,0,1776178488937,True,True
0,86.37,305.87407102,0,0,1776178490844,True,True
0,86.37,97.01196542,0,0,1776178490864,True,True
0,86.41,0.06573062,0,0,1776178493762,True,True
0,86.41,0.09219938,0,0,1776178493762,True,True
0,86.42,0.06545369,0,0,1776178494383,True,True
0,86.43,0.16035119,0,0,1776178494383,True,True
0,86.41,0.03795688,0,0,1776178500105,False,True
0,86.41,0.06520482,0,0,1776178502912,True,True
0,86.42,0.14775518,0,0,1776178502912,True,True
0,86.41,1.0,0,0,1776178506063,False,True
0,86.41,5.61238859,0,0,1776178506383,False,True
0,86.4,0.2822,0,0,1776178506691,False,True
0,86.37,13.06689188,0,0,1776178510883,False,True
0,86.36,7.7625,0,0,1776178510883,False,True
0,86.36,2.27962812,0,0,1776178510883,False,True
0,86.31,1.67,0,0,1776178538675,False,True
0,86.32,1.12189,0,0,1776178539429,True,True
0,86.32,0.84151,0,0,1776178549372,True,True
0,86.32,1.15848007,0,0,1776178550847,True,True
0,86.32,317.27947963,0,0,1776178552992,True,True
0,86.32,489.29964722,0,0,1776178553019,True,True
0,86.32,50.29899308,0,0,1776178553034,True,True
0,86.34,1.1825334,0,0,1776178555039,True,True
0,86.34,0.06383377,0,0,1776178555039,True,True
0,86.36,9.98030283,0,0,1776178555039,True,True
0,86.35,0.02227757,0,0,1776178559255,True,True
0,86.33,0.03741386,0,0,1776178572192,True,True
0,86.35,2.07948932,0,0,1776178572192,True,True
0,86.31,0.24491,0,0,1776178584606,False,True
0,86.28,2.11690318,0,0,1776178588196,False,True
0,86.27,0.05907435,0,0,1776178593558,True,True
0,86.27,0.21073565,0,0,1776178593558,True,True
0,86.25,2.40496862,0,0,1776178595699,False,True
0,86.25,0.66026371,0,0,1776178595707,False,True
0,86.25,16.17451664,0,0,1776178595707,False,True
0,86.25,72.2859307,0,0,1776178595730,False,True
0,86.25,14.42981173,0,0,1776178595735,False,True
0,86.25,61.63964093,0,0,1776178595825,False,True
0,86.25,92.0,0,0,1776178595825,False,True
0,86.25,46.0,0,0,1776178595825,False,True
0,86.25,40.76354858,0,0,1776178595825,False,True
0,86.25,17.1344,0,0,1776178595825,False,True
0,86.25,46.0,0,0,1776178595825,False,True
0,86.25,46.0,0,0,1776178595825,False,True
0,86.25,121.46158041,0,0,1776178595825,False,True
0,86.25,6.58595227,0,0,1776178595825,False,True
0,86.25,2.82254913,0,0,1776178595825,False,True
0,86.25,1.88170803,0,0,1776178595825,False,True
0,86.25,1.88169512,0,0,1776178595825,False,True
0,86.25,1.88170699,0,0,1776178595825,False,True
0,86.25,126.75293889,0,0,1776178595825,False,True
0,86.25,2.82255016,0,0,1776178595825,False,True
0,86.25,26.93337816,0,0,1776178595825,False,True
0,86.25,5.13765842,0,0,1776178595825,False,True
0,86.25,47.38300804,0,0,1776178595831,False,True
0,86.25,3.94159468,0,0,1776178595831,False,True
0,86.25,66.11578361,0,0,1776178595831,False,True
0,86.25,120.28641998,0,0,1776178595979,False,True
0,86.25,11.68362753,0,0,1776178595987,False,True
0,86.25,227.78682636,0,0,1776178595987,False,True
0,86.25,190.15840223,0,0,1776178596001,False,True
0,86.25,123.35697005,0,0,1776178598158,False,True
0,86.25,178.20292014,0,0,1776178598242,False,True
0,86.25,280.49488122,0,0,1776178598244,False,True
0,86.25,73.83533744,0,0,1776178598244,False,True
0,86.25,166.75018443,0,0,1776178598245,False,True
0,86.25,37.07459334,0,0,1776178598245,False,True
0,86.25,190.53642261,0,0,1776178598273,False,True
0,86.25,158.67856812,0,0,1776178598273,False,True
0,86.25,203.30237829,0,0,1776178598274,False,True
0,86.25,7.81274052,0,0,1776178598276,False,True
0,86.25,119.19813781,0,0,1776178598276,False,True
0,86.25,39.74640511,0,0,1776178598281,False,True
0,86.2,0.05895159,0,0,1776178598883,True,True
0,86.21,1.01817841,0,0,1776178598883,True,True
0,86.19,1.54078159,0,0,1776178599552,False,True
0,86.22,0.02056,0,0,1776178601685,True,True
0,86.2,0.3716,0,0,1776178603823,False,True
0,86.21,0.11046,0,0,1776178612737,False,True
0,86.23,0.03776207,0,0,1776178616822,True,True
0,86.25,0.18928793,0,0,1776178616822,True,True
0,86.24,0.05808324,0,0,1776178617840,True,True
0,86.25,2.73243675,0,0,1776178617840,True,True
0,86.24,0.05786694,0,0,1776178622264,True,True
0,86.25,1.21749506,0,0,1776178622264,True,True
0,86.24,0.05774128,0,0,1776178622379,True,True
0,86.24,1.29690872,0,0,1776178622379,True,True
0,86.21,0.05752666,0,0,1776178622640,True,True
0,86.23,0.48916334,0,0,1776178622640,True,True
0,86.21,3.48486132,0,0,1776178623978,False,True
0,86.21,3.50545551,0,0,1776178623978,False,True
0,86.21,7.7625,0,0,1776178623978,False,True
0,86.2,7.7625,0,0,1776178623978,False,True
0,86.2,3.03901066,0,0,1776178623978,False,True
0,86.2,115.99866412,0,0,1776178623978,False,True
0,86.19,0.35520361,0,0,1776178623978,False,True
0,86.19,7.7625,0,0,1776178623978,False,True
0,86.19,24.54533265,0,0,1776178623978,False,True
0,86.23,0.05599685,0,0,1776178628293,False,True
0,86.24,0.02262816,0,0,1776178628497,True,True
0,86.24,0.03393706,0,0,1776178628625,True,True
0,86.25,4.30392294,0,0,1776178628625,True,True
0,86.21,0.05959,0,0,1776178629009,False,True
0,86.23,0.5703855,0,0,1776178633253,False,True
0,86.27,115.90686813,0,0,1776178639210,False,True
0,86.27,3.11250841,0,0,1776178639210,False,True
0,86.27,65.08757596,0,0,1776178639210,False,True
0,86.27,0.02316,0,0,1776178639394,False,True
0,86.24,0.019,0,0,1776178658860,False,True
0,86.26,0.02315,0,0,1776178664882,False,True
0,86.25,0.05386362,0,0,1776178675114,True,True
0,86.26,0.01076535,0,0,1776178675114,True,True
0,86.24,0.05365613,0,0,1776178676421,True,True
0,86.25,0.01077972,0,0,1776178676421,True,True
0,86.23,0.05277996,0,0,1776178681570,True,True
0,86.24,0.34025004,0,0,1776178681570,True,True
0,86.2,0.02318,0,0,1776178690128,False,True
0,86.21,0.05259012,0,0,1776178694292,True,True
0,86.22,0.41210988,0,0,1776178694292,True,True
0,86.2,1.24565,0,0,1776178705346,False,True
0,86.21,0.11986567,0,0,1776178709593,False,True
0,86.21,1.78971,0,0,1776178714607,False,True
0,86.22,365.76218217,0,0,1776178716020,True,True
0,86.22,307.22740797,0,0,1776178716023,True,True
0,86.22,116.48555049,0,0,1776178716026,True,True
0,86.22,160.11274949,0,0,1776178716026,True,True
0,86.23,0.09,0,0,1776178724811,False,True
0,86.24,0.05111572,0,0,1776178725823,True,True
0,86.25,0.49488428,0,0,1776178725823,True,True
0,86.2,2.88245,0,0,1776178746531,False,True
0,86.21,0.0500683,0,0,1776178752481,True,True
0,86.21,4.4437117,0,0,1776178752481,True,True
0,86.2,1.51360568,0,0,1776178765752,False,True
0,86.22,0.05157043,0,0,1776178770715,True,True
0,86.22,5.56565957,0,0,1776178770715,True,True
0,86.2,0.03384738,0,0,1776178770778,False,True
0,86.19,0.05138451,0,0,1776178778228,True,True
0,86.19,0.25943549,0,0,1776178778228,True,True
0,86.18,0.2841,0,0,1776178781240,False,True
0,86.18,1.42,0,0,1776178781240,False,True
0,86.18,0.03392434,0,0,1776178781240,False,True
0,86.18,1.42,0,0,1776178781242,False,True
0,86.18,0.31802434,0,0,1776178781242,False,True
0,86.18,1.10197566,0,0,1776178781244,False,True
0,86.18,0.31802434,0,0,1776178781244,False,True
0,86.18,1.10197566,0,0,1776178781245,False,True
0,86.18,0.31802434,0,0,1776178781245,False,True
0,86.18,1.10197566,0,0,1776178781262,False,True
0,86.18,1.10197566,0,0,1776178781262,False,True
0,86.18,0.31802434,0,0,1776178781506,False,True
0,86.18,0.31802434,0,0,1776178781507,False,True
0,86.18,1.10197566,0,0,1776178781512,False,True
0,86.18,1.10197566,0,0,1776178781512,False,True
0,86.18,0.31802434,0,0,1776178781522,False,True
0,86.18,0.31802434,0,0,1776178781522,False,True
0,86.19,0.15864,0,0,1776178781562,True,True
0,86.18,1.10197566,0,0,1776178781702,False,True
0,86.18,1.42,0,0,1776178781703,False,True
0,86.18,1.42,0,0,1776178781703,False,True
0,86.18,1.42,0,0,1776178781703,False,True
0,86.18,1.42,0,0,1776178781703,False,True
0,86.18,1.42,0,0,1776178781703,False,True
0,86.18,0.12,0,0,1776178781703,False,True
0,86.17,0.03392595,0,0,1776178781705,False,True
0,86.16,0.2685,0,0,1776178781708,False,True
0,86.16,0.03392,0,0,1776178781708,False,True
0,86.16,7.58e-06,0,0,1776178781762,False,True
0,86.15,0.2636,0,0,1776178781762,False,True
0,86.15,0.03392919,0,0,1776178781762,False,True
0,86.14,0.2842,0,0,1776178781811,False,True
0,86.14,0.0339308,0,0,1776178781811,False,True
0,86.13,0.15749724,0,0,1776178781883,False,True
0,86.13,0.2637,0,0,1776178781883,False,True
0,86.13,1.32288401,0,0,1776178781883,False,True
0,86.13,0.03393243,0,0,1776178781883,False,True
0,86.12,2.90279933,0,0,1776178783343,False,True
0,86.12,0.2843,0,0,1776178783343,False,True
0,86.12,0.03393404,0,0,1776178783343,False,True
0,86.11,0.2687,0,0,1776178783343,False,True
0,86.11,0.03393567,0,0,1776178783343,False,True
0,86.11,1.78006371,0,0,1776178783343,False,True
0,86.1,0.2,0,0,1776178783343,False,True
0,86.1,0.2687,0,0,1776178783343,False,True
0,86.1,0.03393728,0,0,1776178783343,False,True
0,86.09,0.05224372,0,0,1776178783343,False,True
0,86.09,0.2638,0,0,1776178783343,False,True
0,86.09,0.03393891,0,0,1776178783343,False,True
0,86.08,0.99985571,0,0,1776178783343,False,True
0,86.08,0.2688,0,0,1776178783343,False,True
0,86.08,0.03394052,0,0,1776178783343,False,True
0,86.08,0.29544307,0,0,1776178783343,False,True
0,86.08,0.25,0,0,1776178783343,False,True
0,86.08,7.7625,0,0,1776178783343,False,True
0,86.07,0.2688,0,0,1776178783343,False,True
0,86.07,0.03394215,0,0,1776178783343,False,True
0,86.07,7.6064705,0,0,1776178783343,False,True
0,86.08,0.05351338,0,0,1776178787473,True,True
0,86.1,0.40178662,0,0,1776178787473,True,True
0,86.1,0.04548637,0,0,1776178787512,True,True
0,86.09,0.05326966,0,0,1776178787619,True,True
0,86.1,2.48538077,0,0,1776178787619,True,True
0,86.1,0.05307464,0,0,1776178789917,True,True
0,86.11,0.23656536,0,0,1776178789917,True,True
0,86.13,7.22,0,0,1776178793148,False,True
0,86.13,116.10356437,0,0,1776178793148,False,True
0,86.13,3.01350874,0,0,1776178793148,False,True
0,86.12,7.7625,0,0,1776178793148,False,True
0,86.12,35.0,0,0,1776178793148,False,True
0,86.12,3.20713777,0,0,1776178793148,False,True
0,86.12,13.9236516,0,0,1776178793148,False,True
0,86.12,2.55230498,0,0,1776178793148,False,True
0,86.12,1.74175568,0,0,1776178795098,True,True
0,86.09,0.3699,0,0,1776178799231,False,True
0,86.07,0.01475,0,0,1776178800236,True,True
0,86.06,0.58099,0,0,1776178800299,False,True
0,86.06,0.1110899,0,0,1776178800299,False,True
0,86.06,0.1578101,0,0,1776178800847,False,True
0,86.06,0.03394376,0,0,1776178800847,False,True
0,86.05,0.03394539,0,0,1776178800847,False,True
0,86.04,0.06978684,0,0,1776178800847,False,True
0,86.04,0.033947,0,0,1776178800847,False,True
0,86.04,116.21674091,0,0,1776178800847,False,True
0,86.03,0.11623852,0,0,1776178800847,False,True
0,86.03,0.03394863,0,0,1776178800847,False,True
0,86.03,7.7625,0,0,1776178800847,False,True
0,86.03,1.69589117,0,0,1776178800847,False,True
0,86.03,2.55497506,0,0,1776178800847,False,True
0,86.02,0.03395024,0,0,1776178800847,False,True
0,86.02,7.7625,0,0,1776178800847,False,True
0,86.02,42.8179527,0,0,1776178800847,False,True
0,86.06,0.28758771,0,0,1776178803163,False,True
0,86.01,0.02329,0,0,1776178808849,False,True
0,86.01,0.01066187,0,0,1776178808849,False,True
0,86.01,1.14325604,0,0,1776178808849,False,True
0,86.01,1.7983514,0,0,1776178808849,False,True
0,86.0,0.2847,0,0,1776178808849,False,True
0,86.0,1.37209302,0,0,1776178808849,False,True
0,86.0,0.39534883,0,0,1776178808849,False,True
0,86.0,2.15381675,0,0,1776178808849,False,True
0,86.0,32.72990418,0,0,1776178808849,False,True
0,86.0,0.03395348,0,0,1776178808849,False,True
0,86.0,99.78055304,0,0,1776178808849,False,True
0,86.0,110.27407139,0,0,1776178808849,False,True
0,86.02,0.0776125,0,0,1776178812142,True,True
0,86.03,0.0374175,0,0,1776178812142,True,True
0,86.0,91.58084068,0,0,1776178816326,False,True
0,86.0,0.11627906,0,0,1776178816326,False,True
0,85.99,0.03395511,0,0,1776178828537,False,True
0,85.99,0.16642906,0,0,1776178828537,False,True
0,85.98,0.85179752,0,0,1776178828537,False,True
0,85.98,1.4385824,0,0,1776178832304,False,True
0,85.98,0.2642,0,0,1776178832304,False,True
0,85.98,0.03395674,0,0,1776178832304,False,True
0,85.98,358.14892066,0,0,1776178832304,False,True
0,85.98,141.85107934,0,0,1776178832310,False,True
0,85.97,0.06521534,0,0,1776178832315,False,True
0,85.97,0.03395835,0,0,1776178832315,False,True
0,85.96,0.2848,0,0,1776178832595,False,True
0,85.96,27.54097905,0,0,1776178832595,False,True
0,85.96,172.45902095,0,0,1776178832613,False,True
0,85.96,0.03395998,0,0,1776178832613,False,True
0,85.95,0.2773,0,0,1776178832760,False,True
0,85.95,0.03396161,0,0,1776178832760,False,True
0,85.94,0.2849,0,0,1776178832760,False,True
0,85.94,0.05818269,0,0,1776178832760,False,True
0,85.94,1.04724226,0,0,1776178832760,False,True
0,85.94,0.03396323,0,0,1776178832760,False,True
0,85.93,0.26156707,0,0,1776178832811,False,True
0,85.93,0.05127152,0,0,1776178832811,False,True
0,85.93,2.2061183,0,0,1776178832811,False,True
0,85.93,0.03396311,0,0,1776178832811,False,True
0,85.93,1.75e-06,0,0,1776178834352,False,True
0,85.92,0.03396649,0,0,1776178834352,False,True
0,85.91,0.0339681,0,0,1776178834352,False,True
0,85.9,0.285,0,0,1776178834352,False,True
0,85.9,0.03396973,0,0,1776178834352,False,True
0,85.89,0.03397136,0,0,1776178834352,False,True
0,85.88,0.2139,0,0,1776178834352,False,True
0,85.88,0.03397299,0,0,1776178834352,False,True
0,85.88,7.7625,0,0,1776178834352,False,True
0,85.87,7.7625,0,0,1776178834352,False,True
0,85.87,0.03397462,0,0,1776178834352,False,True
0,85.87,116.45365443,0,0,1776178834352,False,True
0,85.86,0.2852,0,0,1776178834352,False,True
0,85.86,1.01567601,0,0,1776178834352,False,True
0,85.86,0.06729012,0,0,1776178834352,False,True
0,85.86,7.7625,0,0,1776178834352,False,True
0,85.86,0.03397623,0,0,1776178834352,False,True
0,85.86,0.0202,0,0,1776178834352,False,True
0,85.86,86.453,0,0,1776178834352,False,True
0,85.86,2.56003383,0,0,1776178834352,False,True
0,85.86,0.0374175,0,0,1776178834352,False,True
0,85.85,0.2852,0,0,1776178834352,False,True
0,85.85,7.7625,0,0,1776178834352,False,True
0,85.85,0.03397786,0,0,1776178834352,False,True
0,85.85,12.0,0,0,1776178834352,False,True
0,85.85,6.0739582,0,0,1776178834352,False,True
0,85.85,30.39218095,0,0,1776178834352,False,True
0,85.89,1.147,0,0,1776178834858,False,True
0,85.96,0.08354417,0,0,1776178836632,True,True
0,85.96,1.08608608,0,0,1776178836632,True,True
0,85.96,0.45941326,0,0,1776178836632,True,True
0,85.96,0.03165367,0,0,1776178837046,True,True
0,85.97,0.05144633,0,0,1776178837560,True,True
0,85.98,7.7625,0,0,1776178837560,True,True
0,86.0,1.73261951,0,0,1776178838479,True,True
0,86.0,1.73261951,0,0,1776178838479,True,True
0,86.02,0.45048,0,0,1776178840660,False,True
0,86.0,0.08290262,0,0,1776178842204,True,True
0,86.0,0.11729738,0,0,1776178842204,True,True
0,85.96,0.0825,0,0,1776178844298,True,True
0,85.98,15.0,0,0,1776178844386,True,True
0,85.96,0.07983427,0,0,1776178850702,True,True
0,85.98,1.06324573,0,0,1776178850702,True,True
0,85.98,0.02033352,0,0,1776178863717,True,True
0,85.98,0.05436648,0,0,1776178863717,True,True
0,85.97,0.07863139,0,0,1776178863847,True,True
0,85.98,3.27896685,0,0,1776178863847,True,True
0,85.98,7.7625,0,0,1776178863847,True,True
0,85.99,7.7625,0,0,1776178863847,True,True
0,85.99,6.0,0,0,1776178863847,True,True
0,86.0,7.7625,0,0,1776178863847,True,True
0,86.0,51.99287976,0,0,1776178863847,True,True
0,86.0,0.01319534,0,0,1776178866103,True,True
0,86.0,152.6761584,0,0,1776178866113,True,True
0,86.0,177.98926762,0,0,1776178866377,True,True
0,86.0,163.28091669,0,0,1776178866688,True,True
0,86.0,0.11513,0,0,1776178867872,True,True
0,85.93,0.0750335,0,0,1776178884151,True,True
0,85.94,10.0,0,0,1776178884152,True,True
0,85.94,90.76689371,0,0,1776178884152,True,True
0,85.94,9.61652299,0,0,1776178884153,True,True
0,85.94,2.40413074,0,0,1776178884157,True,True
0,85.94,7.9803806,0,0,1776178884158,True,True
0,85.94,5.59537475,0,0,1776178884170,True,True
0,85.94,0.07483262,0,0,1776178884227,True,True
0,85.98,0.35520361,0,0,1776178887593,False,True
0,85.95,37.40205366,0,0,1776178889963,False,True
0,86.0,339.25924411,0,0,1776178893619,True,True
0,86.0,64.67320808,0,0,1776178893634,True,True
0,85.96,1.05057489,0,0,1776178907857,False,True
0,85.97,0.07306397,0,0,1776178908619,True,True
0,85.97,0.21264485,0,0,1776178908619,True,True
0,85.98,0.01214,0,0,1776178909354,False,True
0,85.98,0.07254261,0,0,1776178916703,True,True
0,85.99,0.84136029,0,0,1776178916703,True,True
0,85.99,0.07227206,0,0,1776178919064,True,True
0,85.99,0.03732963,0,0,1776178919064,True,True
0,85.96,0.07201012,0,0,1776178921854,True,True
0,85.98,3.18319328,0,0,1776178921854,True,True
0,85.99,7.7625,0,0,1776178921854,True,True
0,85.99,13.3143583,0,0,1776178921854,True,True
0,86.02,0.07089398,0,0,1776178923377,True,True
0,86.04,0.04311602,0,0,1776178923377,True,True
0,86.03,5.96,0,0,1776178923869,False,True
0,86.09,9.3313832,0,0,1776178928894,True,True
0,86.09,0.06993155,0,0,1776178928894,True,True
0,86.11,13.33884525,0,0,1776178928894,True,True
0,86.12,0.3485535,0,0,1776178932423,True,True
0,86.12,131.4812573,0,0,1776178936282,True,True
0,86.12,349.43476643,0,0,1776178936288,True,True
0,86.12,117.383556,0,0,1776178936291,True,True
0,86.12,28.80179966,0,0,1776178936412,True,True
0,86.12,23.84846867,0,0,1776178936412,True,True
0,86.12,8.1771753,0,0,1776178936412,True,True
0,86.17,0.0698314,0,0,1776178939135,True,True
0,86.17,0.2044586,0,0,1776178939135,True,True
0,86.17,0.06957829,0,0,1776178940888,True,True
0,86.19,0.22054589,0,0,1776178940888,True,True
0,86.13,0.06930846,0,0,1776178946712,True,True
0,86.13,7.7625,0,0,1776178946712,True,True
0,86.14,7.43551598,0,0,1776178946712,True,True
0,86.13,0.03069,0,0,1776178957563,False,True
0,86.13,11.96931,0,0,1776178958809,False,True
0,86.05,0.13198599,0,0,1776178962220,False,True
0,86.06,0.019,0,0,1776178967422,False,True
0,86.07,0.06834349,0,0,1776178981961,True,True
0,86.08,0.49409651,0,0,1776178981961,True,True
0,86.07,0.06805269,0,0,1776178983598,True,True
0,86.09,1.09353816,0,0,1776178983598,True,True
0,86.08,0.06781903,0,0,1776178984864,True,True
0,86.1,2.92048551,0,0,1776178984864,True,True
0,86.05,0.06756319,0,0,1776178989748,True,True
0,86.05,2.99766914,0,0,1776178989748,True,True
0,86.05,0.06731019,0,0,1776178995782,True,True
0,86.05,7.71272,0,0,1776179005448,False,True
0,86.09,0.03818,0,0,1776179015002,True,True
0,86.09,4.91682,0,0,1776179020061,True,True
0,86.11,0.07,0,0,1776179026205,False,True
0,86.1,0.08250035,0,0,1776179026792,False,True
0,86.1,0.06615949,0,0,1776179030192,True,True
0,86.1,2.83852513,0,0,1776179030192,True,True
0,86.1,7.7625,0,0,1776179030192,True,True
0,86.11,7.7625,0,0,1776179030192,True,True
0,86.11,10.60294805,0,0,1776179030192,True,True
0,86.1,0.06588935,0,0,1776179031127,True,True
0,86.12,0.25927613,0,0,1776179031127,True,True
0,86.1,0.04620001,0,0,1776179032073,True,True
0,86.09,0.01917327,0,0,1776179037808,True,True
0,86.1,0.38826214,0,0,1776179037808,True,True
0,86.08,2.40470263,0,0,1776179039652,False,True
0,86.08,10.82109523,0,0,1776179039654,False,True
0,86.08,3.34252727,0,0,1776179039656,False,True
0,86.08,3.34252727,0,0,1776179039657,False,True
0,86.08,6.01172327,0,0,1776179039659,False,True
0,86.08,8.41640925,0,0,1776179039662,False,True
0,86.08,4.31796016,0,0,1776179039663,False,True
0,86.08,3.34252727,0,0,1776179039663,False,True
0,86.08,74.17153136,0,0,1776179039663,False,True
0,86.07,4.31796016,0,0,1776179039666,False,True
0,86.06,12.0,0,0,1776179039734,False,True
0,86.06,5.78758069,0,0,1776179039734,False,True
0,86.07,2.55378767,0,0,1776179039798,False,True
0,86.06,0.07604464,0,0,1776179052757,True,True
0,86.07,2.10768536,0,0,1776179052757,True,True
0,86.02,3.2354842,0,0,1776179081656,False,True
0,86.02,6.7645158,0,0,1776179081656,False,True
0,86.03,0.28570882,0,0,1776179086693,False,True
0,86.05,0.38358712,0,0,1776179089313,False,True
0,86.0,1.01104651,0,0,1776179107866,False,True
0,85.95,2.43949,0,0,1776179111955,False,True
0,86.01,0.04,0,0,1776179114949,True,True
0,86.01,0.07574706,0,0,1776179114949,True,True
0,86.01,7.7625,0,0,1776179114949,True,True
0,86.02,3.69585294,0,0,1776179114949,True,True
0,85.97,0.07559048,0,0,1776179121932,True,True
0,85.98,0.09882752,0,0,1776179121932,True,True
0,85.96,3.55132067,0,0,1776179122206,False,True
0,85.96,5.25602812,0,0,1776179122215,False,True
0,85.96,2.1024114,0,0,1776179122224,False,True
0,85.96,1.09023981,0,0,1776179122265,False,True
0,85.93,1.44071,0,0,1776179128184,True,True
0,85.93,1.39475973,0,0,1776179131268,True,True
0,85.95,0.07433533,0,0,1776179131268,True,True
0,85.96,0.05718,0,0,1776179133090,True,True
0,85.95,4.02180695,0,0,1776179135302,False,True
0,85.95,54.50909799,0,0,1776179136696,False,True
0,85.87,0.07335195,0,0,1776179147620,True,True
0,85.87,3.10308004,0,0,1776179147620,True,True
0,85.88,1.03975833,0,0,1776179147620,True,True
0,85.88,0.07306825,0,0,1776179148376,True,True
0,85.89,0.15903796,0,0,1776179148376,True,True
0,85.87,0.07279812,0,0,1776179153375,True,True
0,85.88,0.15949188,0,0,1776179153375,True,True
0,85.86,0.07252779,0,0,1776179155771,True,True
0,85.87,0.05549221,0,0,1776179155771,True,True
0,85.85,0.02648,0,0,1776179157196,False,True
0,85.89,12.0,0,0,1776179163480,False,True
0,85.89,2.92075362,0,0,1776179163480,False,True
0,85.89,3.45926602,0,0,1776179163480,False,True
0,85.89,7.7625,0,0,1776179163480,False,True
0,85.87,7.7625,0,0,1776179163480,False,True
0,85.86,7.7625,0,0,1776179163480,False,True
0,85.86,2.55763679,0,0,1776179163480,False,True
0,85.85,7.7625,0,0,1776179163480,False,True
0,85.85,21.97308165,0,0,1776179163480,False,True
0,85.84,0.0339795,0,0,1776179163480,False,True
0,85.84,7.7625,0,0,1776179163480,False,True
0,85.84,21.69946406,0,0,1776179163480,False,True
0,85.9,0.04143,0,0,1776179164238,False,True
0,85.92,0.08200865,0,0,1776179165631,True,True
0,85.93,3.20459135,0,0,1776179165631,True,True
0,85.94,0.0296,0,0,1776179174703,True,True
0,85.94,0.05153858,0,0,1776179175111,True,True
0,85.94,0.12300142,0,0,1776179175111,True,True
0,85.94,0.02383,0,0,1776179178907,True,True
0,85.97,0.05728515,0,0,1776179184754,True,True
0,85.98,0.11721385,0,0,1776179184754,True,True
0,85.98,0.08131222,0,0,1776179185230,True,True
0,85.99,7.7625,0,0,1776179185230,True,True
0,85.99,1.04599778,0,0,1776179185230,True,True
0,85.96,116.33317822,0,0,1776179189686,False,True
0,85.96,2.90223168,0,0,1776179189686,False,True
0,85.95,2.55490755,0,0,1776179189686,False,True
0,85.95,7.7625,0,0,1776179189686,False,True
0,85.94,7.7625,0,0,1776179189686,False,True
0,85.94,12.0,0,0,1776179189686,False,True
0,85.94,202.56890564,0,0,1776179189686,False,True
0,85.93,7.7625,0,0,1776179189686,False,True
0,85.93,6.87212683,0,0,1776179189686,False,True
0,85.92,7.7625,0,0,1776179189686,False,True
0,85.92,12.09439442,0,0,1776179189686,False,True
0,85.92,81.46634882,0,0,1776179189686,False,True
0,85.91,7.7625,0,0,1776179189686,False,True
0,85.91,21.97308165,0,0,1776179189686,False,True
0,85.91,32.75473423,0,0,1776179189686,False,True
0,85.9,21.97308165,0,0,1776179189686,False,True
0,85.9,22.4103121,0,0,1776179189686,False,True
0,85.9,6.95008832,0,0,1776179189686,False,True
0,85.97,0.09052555,0,0,1776179190147,True,True
0,85.98,1.07267091,0,0,1776179190147,True,True
0,85.92,0.09667444,0,0,1776179199238,False,True
0,85.93,0.08803736,0,0,1776179199764,True,True
0,85.95,2.18646264,0,0,1776179199764,True,True
0,85.92,0.0349,0,0,1776179203687,False,True
0,85.95,0.11519,0,0,1776179210037,True,True
0,85.94,0.02329,0,0,1776179210779,False,True
0,85.95,5.24819587,0,0,1776179213111,True,True
0,85.97,0.08750732,0,0,1776179213116,True,True
0,85.98,8.7,0,0,1776179213116,True,True
0,85.99,3.26961262,0,0,1776179213122,True,True
0,85.99,63.39859818,0,0,1776179213122,True,True
0,86.0,27.15493266,0,0,1776179218807,False,True
0,85.99,0.08718697,0,0,1776179219866,True,True
0,86.01,0.02688303,0,0,1776179219866,True,True
0,86.05,0.3211445,0,0,1776179225453,True,True
0,86.05,0.37961819,0,0,1776179225453,True,True
0,85.98,2.32504068,0,0,1776179231735,False,True
0,86.0,0.08630288,0,0,1776179237887,True,True
0,86.0,0.320325,0,0,1776179237887,True,True
0,85.99,8.41511304,0,0,1776179239907,False,True
0,85.99,6.01172564,0,0,1776179239910,False,True
0,85.99,6.01172845,0,0,1776179239910,False,True
0,85.99,6.01172892,0,0,1776179239911,False,True
0,85.99,2.40468697,0,0,1776179239911,False,True
0,85.99,6.01172564,0,0,1776179239913,False,True
0,85.99,7.21407076,0,0,1776179239917,False,True
0,85.99,4.80938051,0,0,1776179239923,False,True
0,85.99,7.21407076,0,0,1776179239926,False,True
0,85.99,2.40467477,0,0,1776179239927,False,True
0,85.99,4.8093756,0,0,1776179239939,False,True
0,85.99,12.02346675,0,0,1776179239939,False,True
0,85.99,7.21407053,0,0,1776179239945,False,True
0,85.99,2.71159656,0,0,1776179239957,False,True
0,85.96,0.08597674,0,0,1776179241831,True,True
0,85.97,0.82359326,0,0,1776179241831,True,True
0,85.94,0.02326,0,0,1776179252449,False,True
0,85.95,2.99267065,0,0,1776179262799,False,True
0,85.95,3.50509454,0,0,1776179262799,False,True
0,85.95,7.7625,0,0,1776179262799,False,True
0,85.94,7.7625,0,0,1776179262799,False,True
0,85.94,12.0,0,0,1776179262799,False,True
0,85.94,3.01084409,0,0,1776179262799,False,True
0,85.94,116.35119626,0,0,1776179262799,False,True
0,85.93,7.7625,0,0,1776179262799,False,True
0,85.93,30.0,0,0,1776179262799,False,True
0,85.93,6.98274602,0,0,1776179262799,False,True
0,85.92,7.7625,0,0,1776179262799,False,True
0,85.92,3.09468239,0,0,1776179262799,False,True
0,85.91,12.17020995,0,0,1776179262799,False,True
0,85.91,2.55297587,0,0,1776179262799,False,True
0,85.9,7.7625,0,0,1776179262799,False,True
0,85.9,32.75872262,0,0,1776179262799,False,True
0,85.9,0.25,0,0,1776179262799,False,True
0,85.9,21.97308165,0,0,1776179262799,False,True
0,85.9,120.08483458,0,0,1776179262799,False,True
0,85.89,7.7625,0,0,1776179262799,False,True
0,85.89,21.97308165,0,0,1776179262799,False,True
0,85.89,145.52611642,0,0,1776179262799,False,True
0,85.94,0.09317724,0,0,1776179274210,True,True
0,85.95,0.15682276,0,0,1776179274210,True,True
0,85.94,0.09308068,0,0,1776179274896,True,True
0,85.95,0.08145932,0,0,1776179274896,True,True
0,85.88,0.09272817,0,0,1776179279889,True,True
0,85.89,0.98188479,0,0,1776179279889,True,True
0,85.84,0.1164958,0,0,1776179281401,False,True
0,85.83,0.89455071,0,0,1776179281401,False,True
0,85.83,0.03915545,0,0,1776179282402,False,True
0,85.83,0.2853,0,0,1776179282402,False,True
0,85.83,0.03398113,0,0,1776179282402,False,True
0,85.83,5.53711304,0,0,1776179282402,False,True
0,85.84,0.09236645,0,0,1776179285003,True,True
0,85.84,0.35759647,0,0,1776179285003,True,True
0,85.85,2.904519,0,0,1776179285003,True,True
0,85.86,0.09200829,0,0,1776179286989,True,True
0,85.87,0.08269471,0,0,1776179286989,True,True
0,85.85,0.09167169,0,0,1776179291524,True,True
0,85.85,0.97956565,0,0,1776179291524,True,True
0,85.86,265.9157676,0,0,1776179297498,True,True
0,85.86,130.43159276,0,0,1776179297526,True,True
0,85.86,182.86599049,0,0,1776179297541,True,True
0,85.86,150.78664915,0,0,1776179297545,True,True
0,85.89,0.188419,0,0,1776179301402,True,True
0,85.83,0.09099855,0,0,1776179302286,True,True
0,85.83,0.16595145,0,0,1776179302286,True,True
0,85.83,0.09065109,0,0,1776179313079,True,True
0,85.83,2.90934891,0,0,1776179313079,True,True
0,85.83,5.4277,0,0,1776179313307,True,True
0,85.83,0.174764,0,0,1776179313784,True,True
0,85.82,0.2853,0,0,1776179317159,False,True
0,85.82,0.04627721,0,0,1776179317159,False,True
0,85.82,0.03397279,0,0,1776179317159,False,True
0,85.82,9.97e-06,0,0,1776179317163,False,True
0,85.81,0.3143415,0,0,1776179317163,False,True
0,85.81,0.03396853,0,0,1776179317163,False,True
0,85.81,1.586e-05,0,0,1776179317492,False,True
0,85.8,1.16550117,0,0,1776179318376,False,True
0,85.8,0.03397883,0,0,1776179318376,False,True
0,85.8,7.19e-06,0,0,1776179318384,False,True
0,85.79,0.03398765,0,0,1776179318384,False,True
0,85.78,0.2854,0,0,1776179318384,False,True
0,85.78,0.03398927,0,0,1776179318384,False,True
0,85.78,98.96599589,0,0,1776179318384,False,True
0,85.78,0.03400411,0,0,1776179318460,False,True
0,85.77,0.0339909,0,0,1776179318460,False,True
0,85.76,0.2855,0,0,1776179322581,False,True
0,85.76,0.03399253,0,0,1776179322581,False,True
0,85.75,0.2,0,0,1776179323494,False,True
0,85.75,0.0816,0,0,1776179323494,False,True
0,85.75,0.03399,0,0,1776179323494,False,True
0,85.75,4.16e-06,0,0,1776179323593,False,True
0,85.74,0.05245698,0,0,1776179323609,False,True
0,85.74,0.0816,0,0,1776179323609,False,True
0,85.74,0.03394302,0,0,1776179323609,False,True
0,85.74,5.277e-05,0,0,1776179323629,False,True
0,85.73,0.0697,0,0,1776179323821,False,True
0,85.73,0.22501053,0,0,1776179324078,False,True
0,85.73,0.3645165,0,0,1776179324078,False,True
0,85.73,38.88953691,0,0,1776179324078,False,True
0,85.73,0.03399743,0,0,1776179324078,False,True
0,85.73,0.2916132,0,0,1776179324078,False,True
0,85.73,0.2916132,0,0,1776179324078,False,True
0,85.73,0.2916132,0,0,1776179324078,False,True
0,85.73,0.2916132,0,0,1776179324078,False,True
0,85.73,0.29220165,0,0,1776179324078,False,True
0,85.73,0.25197512,0,0,1776179324078,False,True
0,85.73,0.2916132,0,0,1776179324078,False,True
0,85.73,0.2916132,0,0,1776179324078,False,True
0,85.72,0.51,0,0,1776179324078,False,True
0,85.72,0.51,0,0,1776179324078,False,True
0,85.72,0.03642681,0,0,1776179324078,False,True
0,85.72,0.03399906,0,0,1776179324078,False,True
0,85.71,0.06541317,0,0,1776179326858,False,True
0,85.71,0.03400071,0,0,1776179326858,False,True
0,85.7,0.2146,0,0,1776179327294,False,True
0,85.7,0.03400234,0,0,1776179327294,False,True
0,85.7,0.11627906,0,0,1776179327294,False,True
0,85.69,0.0817,0,0,1776179327294,False,True
0,85.69,0.03400397,0,0,1776179327294,False,True
0,85.69,0.07783381,0,0,1776179327294,False,True
0,85.68,0.44354656,0,0,1776179327294,False,True
0,85.68,0.03400561,0,0,1776179327294,False,True
0,85.67,0.0817,0,0,1776179327294,False,True
0,85.67,0.03400724,0,0,1776179327294,False,True
0,85.66,0.05143313,0,0,1776179327294,False,True
0,85.66,0.0817,0,0,1776179327294,False,True
0,85.66,0.03400887,0,0,1776179327294,False,True
0,85.66,99.0,0,0,1776179327294,False,True
0,85.65,0.70309398,0,0,1776179327294,False,True
0,85.65,0.0340105,0,0,1776179327294,False,True
0,85.65,7.7625,0,0,1776179327294,False,True
0,85.65,12.0,0,0,1776179327294,False,True
0,85.64,3.43326531,0,0,1776179327294,False,True
0,85.64,0.03401214,0,0,1776179327294,False,True
0,85.64,7.7625,0,0,1776179327294,False,True
0,85.64,2.56099912,0,0,1776179327294,False,True
0,85.64,116.76142508,0,0,1776179327294,False,True
0,85.63,0.0817,0,0,1776179327294,False,True
0,85.63,0.03401379,0,0,1776179327294,False,True
0,85.63,7.7625,0,0,1776179327294,False,True
0,85.63,40.75115949,0,0,1776179327294,False,True
0,85.67,0.07520777,0,0,1776179327695,True,True
0,85.67,0.02072,0,0,1776179327866,True,True
0,85.65,0.08343821,0,0,1776179328704,True,True
0,85.65,0.01441444,0,0,1776179328799,True,True
0,85.67,0.15652088,0,0,1776179328799,True,True
0,85.65,0.01467,0,0,1776179329036,True,True
0,85.65,0.08307364,0,0,1776179330274,True,True
0,85.66,0.20878753,0,0,1776179330274,True,True
0,85.63,180.54204143,0,0,1776179336851,False,True
0,85.63,55.91361911,0,0,1776179336872,False,True
0,85.62,0.03401542,0,0,1776179337007,False,True
0,85.62,1.61423458,0,0,1776179337007,False,True
0,85.62,4.04e-06,0,0,1776179337035,False,True
0,85.61,0.86670369,0,0,1776179337037,False,True
0,85.61,0.03401706,0,0,1776179337037,False,True
0,85.6,0.03401869,0,0,1776179337037,False,True
0,85.59,1.81374258,0,0,1776179337037,False,True
0,85.59,0.03402032,0,0,1776179337037,False,True
0,85.58,29.21243282,0,0,1776179337037,False,True
0,85.58,0.03402197,0,0,1776179337037,False,True
0,85.58,12.0,0,0,1776179337037,False,True
0,85.57,0.03402361,0,0,1776179337037,False,True
0,85.56,0.03402524,0,0,1776179337037,False,True
0,85.56,7.7625,0,0,1776179337037,False,True
0,85.56,0.01166,0,0,1776179337302,True,True
0,85.56,0.08770625,0,0,1776179337841,True,True
0,85.56,0.12172206,0,0,1776179337841,True,True
0,85.55,0.17533606,0,0,1776179340133,False,True
0,85.55,0.03402689,0,0,1776179340133,False,True
0,85.54,0.03402853,0,0,1776179340133,False,True
0,85.53,0.24587781,0,0,1776179340133,False,True
0,85.53,1.92593313,0,0,1776179340408,False,True
0,85.53,15.26732444,0,0,1776179340409,False,True
0,85.53,94.45198507,0,0,1776179340514,False,True
0,85.53,0.03403016,0,0,1776179340514,False,True
0,85.52,0.03403181,0,0,1776179340514,False,True
0,85.51,0.60726616,0,0,1776179340514,False,True
0,85.51,0.03403345,0,0,1776179340514,False,True
0,85.5,0.28269006,0,0,1776179340555,False,True
0,85.5,2.33204678,0,0,1776179340555,False,True
0,85.5,0.03403508,0,0,1776179340555,False,True
0,85.49,0.03403673,0,0,1776179340556,False,True
0,85.49,12.0,0,0,1776179340556,False,True
0,85.48,0.03075602,0,0,1776179340556,False,True
0,85.48,0.66307908,0,0,1776179340556,False,True
0,85.48,0.03403837,0,0,1776179340556,False,True
0,85.47,3.51000352,0,0,1776179340556,False,True
0,85.47,0.03404002,0,0,1776179340556,False,True
0,85.46,0.03404166,0,0,1776179340556,False,True
0,85.46,44.3790046,0,0,1776179340556,False,True
0,85.45,0.0656122,0,0,1776179340612,False,True
0,85.45,0.0819,0,0,1776179340612,False,True
0,85.45,0.02276644,0,0,1776179340612,False,True
0,85.49,0.11697275,0,0,1776179346287,True,True
0,85.5,0.115,0,0,1776179346617,True,True
0,85.46,1.22826892,0,0,1776179347409,False,True
0,85.5,0.03096,0,0,1776179350598,True,True
0,85.45,0.01127687,0,0,1776179356671,False,True
0,85.44,0.0819,0,0,1776179356733,False,True
0,85.44,2.14514614,0,0,1776179356733,False,True
0,85.44,0.03404386,0,0,1776179356733,False,True
0,85.44,1.08e-06,0,0,1776179356741,False,True
0,85.43,0.03404658,0,0,1776179357179,False,True
0,85.42,0.02832405,0,0,1776179359744,False,True
0,85.42,0.03404823,0,0,1776179359744,False,True
0,85.41,0.03404989,0,0,1776179359744,False,True
0,85.4,0.2,0,0,1776179359744,False,True
0,85.4,0.05266583,0,0,1776179359744,False,True
0,85.4,0.15884353,0,0,1776179359744,False,True
0,85.4,0.11709601,0,0,1776179359744,False,True
0,85.4,0.02,0,0,1776179359744,False,True
0,85.4,0.03405152,0,0,1776179359744,False,True
0,85.39,0.1756646,0,0,1776179359793,False,True
0,85.39,0.0340354,0,0,1776179359793,False,True
0,85.39,1.777e-05,0,0,1776179359794,False,True
0,85.38,0.0516018,0,0,1776179359794,False,True
0,85.38,0.03405481,0,0,1776179359794,False,True
0,85.38,0.02255374,0,0,1776179359794,False,True
0,85.37,0.03405646,0,0,1776179359794,False,True
0,85.36,0.0340581,0,0,1776179359794,False,True
0,85.35,0.03405975,0,0,1776179359794,False,True
0,85.35,12.0,0,0,1776179359794,False,True
0,85.34,0.08641246,0,0,1776179359794,False,True
0,85.34,0.03406141,0,0,1776179359794,False,True
0,85.34,2.57000193,0,0,1776179359794,False,True
0,85.33,0.32985573,0,0,1776179359794,False,True
0,85.33,0.03406304,0,0,1776179359794,False,True
0,85.33,1.18257926,0,0,1776179359794,False,True
0,85.33,0.11623852,0,0,1776179359794,False,True
0,85.33,0.11090797,0,0,1776179361010,True,True
0,85.33,14.87288203,0,0,1776179361010,True,True
0,85.35,2.43971539,0,0,1776179361915,False,True
0,85.35,0.76611108,0,0,1776179361915,False,True
0,85.35,0.3566958,0,0,1776179361915,False,True
0,85.37,0.21676902,0,0,1776179364971,True,True
0,85.38,0.11052176,0,0,1776179364971,True,True
0,85.39,15.0,0,0,1776179364971,True,True
0,85.39,0.11011999,0,0,1776179366234,True,True
0,85.4,0.97379001,0,0,1776179366234,True,True
0,85.4,2.04728727,0,0,1776179367247,True,True
0,85.46,0.10950288,0,0,1776179371178,True,True
0,85.48,0.36217712,0,0,1776179371178,True,True
0,85.45,0.23255814,0,0,1776179372236,False,True
0,85.48,0.54309,0,0,1776179372423,True,True
0,85.47,7.7625,0,0,1776179373402,False,True
0,85.47,117.000117,0,0,1776179373402,False,True
0,85.47,7.25000016,0,0,1776179373402,False,True
0,85.47,3.10098252,0,0,1776179373402,False,True
0,85.46,7.7625,0,0,1776179373402,False,True
0,85.46,5.85135489,0,0,1776179373402,False,True
0,85.5,0.32618321,0,0,1776179375455,True,True
0,85.5,79.88629475,0,0,1776179375455,True,True
0,85.5,4.80881574,0,0,1776179375494,True,True
0,85.5,3.60661993,0,0,1776179375945,True,True
0,85.5,213.15275341,0,0,1776179375951,True,True
0,85.52,0.04169,0,0,1776179376038,False,True
0,85.47,0.10891919,0,0,1776179383079,True,True
0,85.48,0.75176594,0,0,1776179383079,True,True
0,85.5,0.10770168,0,0,1776179386613,True,True
0,85.51,3.55287832,0,0,1776179386613,True,True
0,85.5,0.04012,0,0,1776179387654,True,True
0,85.49,0.19692376,0,0,1776179388062,False,True
0,85.49,1.53124269,0,0,1776179388245,False,True
0,85.52,0.06701503,0,0,1776179393222,True,True
0,85.53,2.03800192,0,0,1776179393222,True,True
0,85.51,0.0238,0,0,1776179397108,False,True
0,85.53,0.10676575,0,0,1776179397573,True,True
0,85.54,15.0,0,0,1776179397573,True,True
0,85.54,7.7625,0,0,1776179397573,True,True
0,85.54,36.00320648,0,0,1776179397573,True,True
0,85.5,0.04209438,0,0,1776179413358,True,True
0,85.49,0.10417474,0,0,1776179418057,True,True
0,85.51,0.92175526,0,0,1776179418057,True,True
0,85.54,1.60511534,0,0,1776179423612,True,True
0,85.54,7.7625,0,0,1776179423612,True,True
0,85.54,13.71433656,0,0,1776179423612,True,True
0,85.54,0.57883041,0,0,1776179426662,True,True
0,85.6,1.08797,0,0,1776179428302,True,True
0,85.55,1.22445227,0,0,1776179445605,False,True
0,85.57,5.84521861,0,0,1776179447774,False,True
0,85.58,0.05972,0,0,1776179450347,True,True
0,85.59,10.0,0,0,1776179455115,True,True
0,85.62,1.66498832,0,0,1776179465404,True,True
0,85.62,0.33048909,0,0,1776179467054,True,True
0,85.62,2.22824963,0,0,1776179467622,True,True
0,85.65,121.9575464,0,0,1776179471601,True,True
0,85.69,0.04380124,0,0,1776179475871,True,True
0,85.7,0.07029876,0,0,1776179475871,True,True
0,85.67,0.10335371,0,0,1776179480581,True,True
0,85.67,0.25596289,0,0,1776179480581,True,True
0,85.66,46.86104194,0,0,1776179486120,True,True
0,85.66,14.03298258,0,0,1776179486121,True,True
0,85.67,0.0426,0,0,1776179487974,False,True
0,85.68,7.7625,0,0,1776179492092,False,True
0,85.68,39.06432,0,0,1776179492092,False,True
0,85.71,0.10023344,0,0,1776179502441,True,True
0,85.72,0.06690813,0,0,1776179502441,True,True
0,85.7,0.060828,0,0,1776179505674,True,True
0,85.68,4.23488914,0,0,1776179507354,False,True
0,85.69,4.06249,0,0,1776179511807,False,True
0,85.67,0.09711222,0,0,1776179522928,True,True
0,85.67,3.0403738,0,0,1776179522928,True,True
0,85.66,0.36430072,0,0,1776179524217,False,True
0,85.53,7.7625,0,0,1776179536773,False,True
0,85.52,7.7625,0,0,1776179536773,False,True
0,85.52,6.0,0,0,1776179536773,False,True
0,85.52,2.5646183,0,0,1776179536773,False,True
0,85.51,7.7625,0,0,1776179536773,False,True
0,85.51,21.97308165,0,0,1776179536773,False,True
0,85.51,12.0,0,0,1776179536773,False,True
0,85.51,3.02763623,0,0,1776179536773,False,True
0,85.5,7.7625,0,0,1776179536773,False,True
0,85.5,10.2837471,0,0,1776179536773,False,True
0,85.5,11.68933455,0,0,1776179536773,False,True
0,85.5,1.41158217,0,0,1776179536773,False,True
0,85.52,0.01811,0,0,1776179539523,False,True
0,85.55,1.0,0,0,1776179539750,True,True
0,85.55,0.96009961,0,0,1776179565825,False,True
0,85.55,26.13308052,0,0,1776179565874,False,True
0,85.55,35.74261284,0,0,1776179566552,False,True
0,85.55,27.16420703,0,0,1776179566554,False,True
0,85.47,0.02799842,0,0,1776179573560,False,True
0,85.64,2.77311903,0,0,1776179599210,True,True
0,85.63,0.12030799,0,0,1776179603619,False,True
0,85.63,0.48556,0,0,1776179606651,False,True
0,85.63,0.06364,0,0,1776179612335,False,True
0,85.64,0.10376164,0,0,1776179612877,True,True
0,85.65,0.18260672,0,0,1776179612877,True,True
0,85.65,0.08405965,0,0,1776179618907,True,True
0,85.68,0.01848449,0,0,1776179622841,True,True
0,85.68,0.56449551,0,0,1776179622841,True,True
0,85.67,0.06788,0,0,1776179625600,False,True
0,85.68,0.10241908,0,0,1776179627312,True,True
0,85.7,0.33016092,0,0,1776179627312,True,True
0,85.7,1.0,0,0,1776179627313,True,True
0,85.67,0.10035073,0,0,1776179629955,True,True
0,85.68,0.02533757,0,0,1776179633410,True,True
0,85.68,0.07615185,0,0,1776179643933,True,True
0,85.69,0.62913141,0,0,1776179643933,True,True
0,85.68,0.09996013,0,0,1776179644408,True,True
0,85.66,0.09827797,0,0,1776179659663,True,True
0,85.66,0.40172203,0,0,1776179659663,True,True
0,85.66,0.08404557,0,0,1776179660747,True,True
0,85.65,0.01463815,0,0,1776179676068,True,True
0,85.66,3.87709185,0,0,1776179676068,True,True
0,85.64,0.2,0,0,1776179677341,False,True
0,85.65,0.02335,0,0,1776179693544,False,True
0,85.66,0.09518415,0,0,1776179694230,True,True
0,85.66,3.20061585,0,0,1776179694230,True,True
0,85.66,0.03742236,0,0,1776179700548,True,True
0,85.66,0.09484331,0,0,1776179706016,True,True
0,85.67,2.98618214,0,0,1776179706016,True,True
0,85.66,0.09443249,0,0,1776179714832,True,True
0,85.66,0.78101982,0,0,1776179714832,True,True
0,85.65,0.3699,0,0,1776179717649,False,True
0,85.65,10.30139308,0,0,1776179719547,False,True
0,85.65,0.98078016,0,0,1776179722855,False,True
0,85.6,2.56170014,0,0,1776179722871,False,True
0,85.6,6.0,0,0,1776179722871,False,True
0,85.6,2.05678589,0,0,1776179722871,False,True
0,85.6,2.40609542,0,0,1776179722879,False,True
0,85.57,0.04227283,0,0,1776179724260,True,True
0,85.57,0.0611804,0,0,1776179724384,True,True
0,85.57,0.10623843,0,0,1776179724384,True,True
0,85.56,3.49315013,0,0,1776179724445,False,True
0,85.55,7.7625,0,0,1776179724445,False,True
0,85.55,12.0,0,0,1776179724445,False,True
0,85.54,7.7625,0,0,1776179724445,False,True
0,85.54,0.11686622,0,0,1776179724445,False,True
0,85.54,3.16498365,0,0,1776179724445,False,True
0,85.57,0.10322316,0,0,1776179724860,True,True
0,85.58,54.882,0,0,1776179724860,True,True
0,85.59,7.7625,0,0,1776179724860,True,True
0,85.59,12.93652496,0,0,1776179724860,True,True
0,85.6,7.7625,0,0,1776179724860,True,True
0,85.6,15.0,0,0,1776179724860,True,True
0,85.61,52.541,0,0,1776179724860,True,True
0,85.61,52.497,0,0,1776179724860,True,True
0,85.61,7.7625,0,0,1776179724860,True,True
0,85.62,7.7625,0,0,1776179724860,True,True
0,85.62,81.73619467,0,0,1776179724860,True,True
0,85.59,0.10734,0,0,1776179728132,True,True
0,85.59,0.1568,0,0,1776179730256,False,True
0,85.59,0.28636836,0,0,1776179734692,False,True
0,85.6,0.10154927,0,0,1776179735941,True,True
0,85.61,0.93127399,0,0,1776179735941,True,True
0,85.62,0.04182871,0,0,1776179738323,True,True
0,85.63,0.05920947,0,0,1776179739128,True,True
0,85.64,0.18852053,0,0,1776179739128,True,True
0,85.63,0.02217,0,0,1776179741443,True,True
0,85.64,10.0,0,0,1776179759449,False,True
0,85.64,2.0,0,0,1776179759683,False,True
0,85.64,0.74523,0,0,1776179759683,False,True
0,85.65,0.0761832,0,0,1776179762986,True,True
0,85.67,0.71371682,0,0,1776179762986,True,True
0,85.65,0.0980851,0,0,1776179763090,True,True
0,85.67,0.4431149,0,0,1776179763090,True,True
0,85.69,1.27853,0,0,1776179770893,True,True
0,85.68,0.69372,0,0,1776179783890,True,True
0,85.7,0.04199922,0,0,1776179787089,True,True
0,85.69,13.05453319,0,0,1776179787831,False,True
0,85.69,3.0554537,0,0,1776179787831,False,True
0,85.68,7.7625,0,0,1776179787831,False,True
0,85.68,26.12751311,0,0,1776179787831,False,True
0,85.7,2.74533,0,0,1776179788134,True,True
0,85.7,0.04158099,0,0,1776179794727,True,True
0,85.7,0.43249,0,0,1776179795714,True,True
0,85.68,0.02497,0,0,1776179800443,False,True
0,85.67,0.03009,0,0,1776179800802,False,True
0,85.64,7.7625,0,0,1776179801252,False,True
0,85.64,13.05453319,0,0,1776179801252,False,True
0,85.64,0.3501497,0,0,1776179801252,False,True
0,85.63,33.69238881,0,0,1776179804523,False,True
0,85.63,1.68461944,0,0,1776179805455,False,True
0,85.65,7.74218503,0,0,1776179825915,True,True
0,85.68,0.07916,0,0,1776179828290,True,True
0,85.69,2.0,0,0,1776179833828,True,True
0,85.7,0.48148512,0,0,1776179833828,True,True
0,85.7,3.14576933,0,0,1776179833828,True,True
0,85.68,0.02749183,0,0,1776179835180,True,True
0,85.7,15.0,0,0,1776179846056,True,True
0,85.7,13.96218,0,0,1776179846056,True,True
0,85.67,0.01446,0,0,1776179855267,False,True
0,85.64,0.06307707,0,0,1776179861086,False,True
0,85.66,1.55246877,0,0,1776179863198,True,True
0,85.7,3.99461,0,0,1776179866052,True,True
0,85.68,0.09115313,0,0,1776179875556,True,True
0,85.66,0.08360073,0,0,1776179880544,True,True
0,85.66,0.54803039,0,0,1776179884916,True,True
0,85.67,4.62819946,0,0,1776179891282,True,True
0,85.67,116.73403006,0,0,1776179891282,True,True
0,85.68,7.7625,0,0,1776179891282,True,True
0,85.68,54.898,0,0,1776179891282,True,True
0,85.68,93.72784382,0,0,1776179891282,True,True
0,85.69,15.0,0,0,1776179891282,True,True
0,85.69,7.7625,0,0,1776179891282,True,True
0,85.69,20.23541837,0,0,1776179891282,True,True
0,85.7,7.7625,0,0,1776179891282,True,True
0,85.7,81.79959392,0,0,1776179891282,True,True
0,85.71,0.36430072,0,0,1776179891282,True,True
0,85.71,7.7625,0,0,1776179891282,True,True
0,85.71,52.532,0,0,1776179891282,True,True
0,85.71,52.514,0,0,1776179891282,True,True
0,85.71,81.317689,0,0,1776179891282,True,True
0,85.71,0.11698054,0,0,1776179891282,True,True
0,85.72,7.7625,0,0,1776179891282,True,True
0,85.72,0.25,0,0,1776179891282,True,True
0,85.72,93.72784382,0,0,1776179891282,True,True
0,85.73,7.7625,0,0,1776179891282,True,True
0,85.73,452.57641619,0,0,1776179891282,True,True
0,85.67,0.45613,0,0,1776179893152,True,True
0,85.67,0.10708,0,0,1776179893642,True,True
0,85.67,0.54112,0,0,1776179898349,True,True
0,85.64,0.02911394,0,0,1776179903611,True,True
0,85.64,0.5654,0,0,1776179909227,True,True
0,85.64,0.26972,0,0,1776179909575,True,True
0,85.63,2.51529358,0,0,1776179915513,False,True
0,85.64,3.07576166,0,0,1776179915786,True,True
0,85.64,7.7625,0,0,1776179915786,True,True
0,85.64,14.70449834,0,0,1776179915786,True,True
0,85.63,7.35844263,0,0,1776179915912,False,True
0,85.63,52.13373871,0,0,1776179915912,False,True
0,85.63,2.61551683,0,0,1776179915912,False,True
0,85.6,0.84849,0,0,1776179922269,True,True
0,85.6,0.0832277,0,0,1776179927167,True,True
0,85.58,0.01206,0,0,1776179927875,False,True
0,85.6,0.015,0,0,1776179936461,False,True
0,85.62,1.58653369,0,0,1776179942901,True,True
0,85.62,0.22621,0,0,1776179944885,True,True
0,85.61,13.63041701,0,0,1776179948762,False,True
0,85.6,22.0,0,0,1776179948762,False,True
0,85.6,7.7625,0,0,1776179948762,False,True
0,85.59,7.7625,0,0,1776179948764,False,True
0,85.59,5.85555796,0,0,1776179948764,False,True
0,85.59,49.9285252,0,0,1776179948764,False,True
0,85.59,21.21738931,0,0,1776179948765,False,True
0,85.59,39.82974496,0,0,1776179948765,False,True
0,85.59,93.8889135,0,0,1776179948765,False,True
0,85.58,7.7625,0,0,1776179948765,False,True
0,85.57,7.7625,0,0,1776179948765,False,True
0,85.57,12.0,0,0,1776179948765,False,True
0,85.56,7.7625,0,0,1776179948765,False,True
0,85.55,7.7625,0,0,1776179948765,False,True
0,85.55,0.25,0,0,1776179948765,False,True
0,85.55,86.568876,0,0,1776179948765,False,True
0,85.55,52.572,0,0,1776179948765,False,True
0,85.55,52.522,0,0,1776179948765,False,True
0,85.54,7.7625,0,0,1776179948765,False,True
0,85.54,45.0,0,0,1776179948765,False,True
0,85.54,32.89677325,0,0,1776179948765,False,True
0,85.54,0.11690436,0,0,1776179948765,False,True
0,85.53,7.7625,0,0,1776179948765,False,True
0,85.53,127.0349229,0,0,1776179948765,False,True
0,85.53,184.20387503,0,0,1776179948765,False,True
0,85.53,2.76477837,0,0,1776179948774,False,True
0,85.54,0.25,0,0,1776179948783,False,True
0,85.53,27.23522163,0,0,1776179948783,False,True
0,85.52,96.12231,0,0,1776179948783,False,True
0,85.51,7.03988257,0,0,1776179948785,False,True
0,85.5,0.05847953,0,0,1776179948785,False,True
0,85.49,9.90919932,0,0,1776179948796,False,True
0,85.49,584.82090792,0,0,1776179948796,False,True
0,85.49,89.536979,0,0,1776179948796,False,True
0,85.49,11.69727453,0,0,1776179948796,False,True
0,85.47,0.11700011,0,0,1776179948796,False,True
0,85.47,58.47,0,0,1776179948796,False,True
0,85.53,15.7903,0,0,1776179948806,False,True
0,85.53,7.438747,0,0,1776179948810,False,True
0,85.57,2.09946026,0,0,1776179948843,False,True
0,85.57,9.90053974,0,0,1776179948845,False,True
0,85.51,0.19,0,0,1776179948851,False,True
0,85.51,0.97945386,0,0,1776179948860,False,True
0,85.51,0.25,0,0,1776179948860,False,True
0,85.45,3.3,0,0,1776179948882,False,True
0,85.45,6.0,0,0,1776179948886,False,True
0,85.45,37.28390379,0,0,1776179948886,False,True
0,85.47,12.0,0,0,1776179948890,False,True
0,85.47,1.85145,0,0,1776179948890,False,True
0,85.45,2.14855,0,0,1776179948890,False,True
0,85.46,13.85145,0,0,1776179949026,False,True
0,85.46,7.55924999,0,0,1776179949026,False,True
0,85.47,0.87936879,0,0,1776179951478,False,True
0,85.47,0.3265,0,0,1776179960761,True,True
0,85.53,0.01484,0,0,1776179969734,True,True
0,85.49,3.62238,0,0,1776179978591,False,True
0,85.48,116.98642957,0,0,1776179980727,True,True
0,85.49,3.25392697,0,0,1776179980727,True,True
0,85.49,20.23541837,0,0,1776179980727,True,True
0,85.5,43.63117759,0,0,1776179980727,True,True
0,85.44,3.25392697,0,0,1776179983194,True,True
0,85.44,0.04803303,0,0,1776179983194,True,True
0,85.43,5.06905436,0,0,1776179984247,False,True
0,85.46,15.0,0,0,1776179991419,True,True
0,85.49,1.16945386,0,0,1776179991464,True,True
0,85.51,0.175438,0,0,1776179992541,True,True
0,85.51,3.69483,0,0,1776179999011,False,True
0,85.5,0.175418,0,0,1776180003846,True,True
0,85.5,0.36093567,0,0,1776180005171,True,True
0,85.51,15.0,0,0,1776180007761,True,True
0,85.52,2.66906907,0,0,1776180007761,True,True
0,85.52,3.15087233,0,0,1776180007761,True,True
0,85.52,116.94008081,0,0,1776180007761,True,True
0,85.53,7.7625,0,0,1776180007761,True,True
0,85.53,0.25,0,0,1776180007761,True,True
0,85.54,7.7625,0,0,1776180007761,True,True
0,85.54,134.50723779,0,0,1776180007761,True,True
0,85.51,0.08332562,0,0,1776180011270,True,True
0,85.51,0.31964,0,0,1776180011534,False,True
0,85.55,2.48543339,0,0,1776180019853,True,True
0,85.57,0.81574661,0,0,1776180019853,True,True
0,85.58,3.22148988,0,0,1776180024246,True,True
0,85.57,0.53311867,0,0,1776180025539,False,True
0,85.56,1.17489124,0,0,1776180027703,False,True
0,85.55,43.087,0,0,1776180027705,False,True
0,85.53,26.74693896,0,0,1776180028912,True,True
0,85.53,0.3792032,0,0,1776180028912,True,True
0,85.53,5.62562089,0,0,1776180028912,True,True
0,85.5,0.01185,0,0,1776180033186,True,True
0,85.53,0.2855989,0,0,1776180036854,True,True
0,85.51,5.97146648,0,0,1776180039252,False,True
0,85.5,0.02403,0,0,1776180041374,False,True
0,85.52,0.08330436,0,0,1776180042543,True,True
0,85.52,15.0,0,0,1776180048405,True,True
0,85.52,1.34588,0,0,1776180048405,True,True
0,85.57,0.21599774,0,0,1776180062258,True,True
0,85.59,0.06401,0,0,1776180068091,False,True
0,85.61,0.18491,0,0,1776180069440,True,True
0,85.61,1.16808784,0,0,1776180074966,True,True
0,85.63,0.04201094,0,0,1776180093696,True,True
0,85.64,0.11678151,0,0,1776180096508,True,True
0,85.66,0.54283981,0,0,1776180106859,False,True
0,85.68,0.02889403,0,0,1776180120139,False,True
0,85.69,0.27175,0,0,1776180122806,True,True
0,85.67,40.565,0,0,1776180125950,False,True
0,85.69,0.422,0,0,1776180131702,True,True
0,85.69,0.29174933,0,0,1776180134990,True,True
0,85.68,133.81267989,0,0,1776180137192,False,True
0,85.68,119.21019592,0,0,1776180137192,False,True
0,85.66,7.7625,0,0,1776180140653,False,True
0,85.65,5.95612593,0,0,1776180140657,False,True
0,85.65,4.8099431,0,0,1776180140659,False,True
0,85.65,16.62947472,0,0,1776180140659,False,True
0,85.65,12.64689133,0,0,1776180140684,False,True
0,85.65,8.41062771,0,0,1776180140692,False,True
0,85.65,2.10265692,0,0,1776180140692,False,True
0,85.64,2.548688,0,0,1776180140736,False,True
0,85.63,12.0,0,0,1776180140736,False,True
0,85.63,43.21765,0,0,1776180140736,False,True
0,85.62,12.0,0,0,1776180140981,False,True
0,85.6,0.36455607,0,0,1776180140981,False,True
0,85.6,27.05352412,0,0,1776180140981,False,True
0,85.59,0.03093524,0,0,1776180145597,True,True
0,85.59,0.87433476,0,0,1776180145597,True,True
0,85.59,8.36520936,0,0,1776180150104,True,True
0,85.54,0.03401547,0,0,1776180159136,True,True
0,85.55,0.19451453,0,0,1776180159136,True,True
0,85.55,0.40689,0,0,1776180161849,True,True
0,85.53,7.7625,0,0,1776180169073,False,True
0,85.53,13.29129668,0,0,1776180169073,False,True
0,85.53,3.11446375,0,0,1776180169073,False,True
0,85.53,10.99590311,0,0,1776180169073,False,True
0,85.53,0.03397668,0,0,1776180177843,True,True
0,85.53,1.69164332,0,0,1776180177843,True,True
0,85.54,0.03399007,0,0,1776180182678,False,True
0,85.56,0.03389352,0,0,1776180184044,True,True
0,85.57,0.02270648,0,0,1776180184044,True,True
0,85.56,0.422,0,0,1776180189868,False,True
0,85.57,0.2855989,0,0,1776180195792,False,True
0,85.56,28.51601995,0,0,1776180196880,False,True
0,85.57,0.03375449,0,0,1776180198727,True,True
0,85.58,2.04860646,0,0,1776180198727,True,True
0,85.59,0.26071,0,0,1776180202161,False,True
0,85.58,0.0336099,0,0,1776180206232,True,True
0,85.59,0.0809501,0,0,1776180206232,True,True
0,85.57,0.033487,0,0,1776180209145,True,True
0,85.58,0.094473,0,0,1776180209145,True,True
0,85.59,0.02336,0,0,1776180215942,False,True
0,85.57,0.03244767,0,0,1776180244955,True,True
0,85.58,1.10359087,0,0,1776180244955,True,True
0,85.58,2.7881,0,0,1776180256204,True,True
0,85.58,3.32815,0,0,1776180258059,True,True
0,85.6,1.481789,0,0,1776180268847,True,True
0,85.63,0.03233127,0,0,1776180269327,True,True
0,85.63,2.73860811,0,0,1776180269327,True,True
0,85.63,5.02389189,0,0,1776180269328,True,True
0,85.64,7.20516873,0,0,1776180269328,True,True
0,85.64,7.79483127,0,0,1776180269328,True,True
0,85.65,0.03246079,0,0,1776180269685,True,True
0,85.65,0.21753921,0,0,1776180269685,True,True
0,85.62,0.02671,0,0,1776180282291,True,True
0,85.61,0.02665146,0,0,1776180285538,True,True
0,85.63,9.58872782,0,0,1776180285538,True,True
0,85.63,3.60577142,0,0,1776180285538,True,True
0,85.63,1.80550076,0,0,1776180285539,True,True
0,85.63,77.02806591,0,0,1776180285539,True,True
0,85.63,30.69000838,0,0,1776180285540,True,True
0,85.63,2.4038445,0,0,1776180285542,True,True
0,85.63,6.66061108,0,0,1776180285544,True,True
0,85.63,7.7625,0,0,1776180285544,True,True
0,85.65,0.02656923,0,0,1776180286518,True,True
0,85.66,0.61550665,0,0,1776180286518,True,True
0,85.64,0.02648309,0,0,1776180297466,True,True
0,85.64,16.409343,0,0,1776180297466,True,True
0,85.64,0.02640082,0,0,1776180298621,True,True
0,85.66,0.06824918,0,0,1776180298621,True,True
0,85.61,2.64375,0,0,1776180302090,False,True
0,85.63,0.02631939,0,0,1776180306613,True,True
0,85.63,0.20090571,0,0,1776180306613,True,True
0,85.63,3.41580335,0,0,1776180306613,True,True
0,85.64,1.84154338,0,0,1776180306613,True,True
0,85.61,0.03572,0,0,1776180308415,False,True
0,85.6,0.28114823,0,0,1776180311477,False,True
0,85.65,0.03767,0,0,1776180329350,True,True
0,85.65,0.97666,0,0,1776180332180,True,True
0,85.65,0.2857591,0,0,1776180336080,True,True
0,85.65,0.02623569,0,0,1776180336080,True,True
0,85.66,0.05590521,0,0,1776180336080,True,True
0,85.65,0.02544,0,0,1776180350433,True,True
0,85.65,0.04645,0,0,1776180353674,False,True
0,85.65,0.02537907,0,0,1776180363072,True,True
0,85.65,0.02530786,0,0,1776180364599,True,True
0,85.65,1.482655,0,0,1776180364599,True,True
0,85.66,6.45212466,0,0,1776180364599,True,True
0,85.65,2.7032,0,0,1776180364642,False,True
0,85.65,4.35274,0,0,1776180365743,True,True
0,85.64,0.04351,0,0,1776180369313,False,True
0,85.64,2.20692783,0,0,1776180387440,False,True
0,85.64,5.0,0,0,1776180387440,False,True
0,85.61,0.02510474,0,0,1776180391897,True,True
0,85.61,0.79612526,0,0,1776180391897,True,True
0,85.61,0.02332,0,0,1776180401231,False,True
0,85.64,0.02496036,0,0,1776180406935,True,True
0,85.65,0.16482938,0,0,1776180406935,True,True
0,85.66,2.12272,0,0,1776180414902,False,True
0,85.68,0.02451018,0,0,1776180420046,True,True
0,85.69,0.17330982,0,0,1776180420046,True,True
0,85.66,0.02443455,0,0,1776180425704,True,True
0,85.67,2.74826476,0,0,1776180425704,True,True
0,85.65,0.015,0,0,1776180426641,False,True
0,85.65,0.02335,0,0,1776180430082,False,True
0,85.65,0.02435907,0,0,1776180431180,True,True
0,85.66,7.7625,0,0,1776180431180,True,True
0,85.66,4.93220919,0,0,1776180431180,True,True
0,85.66,81.75849777,0,0,1776180431180,True,True
0,85.66,20.52243397,0,0,1776180431180,True,True
0,85.64,1.28284,0,0,1776180434890,False,True
0,85.65,0.02390177,0,0,1776180436551,True,True
0,85.65,2.52662,0,0,1776180449840,False,True
0,85.62,0.0233704,0,0,1776180469413,True,True
0,85.62,2.7235496,0,0,1776180469413,True,True
0,85.6,5.0,0,0,1776180474371,False,True
0,85.6,0.36455607,0,0,1776180474371,False,True
0,85.56,0.02329491,0,0,1776180484043,True,True
0,85.56,0.32611551,0,0,1776180484043,True,True
0,85.57,0.02320601,0,0,1776180485286,True,True
0,85.58,0.07029399,0,0,1776180485286,True,True
0,85.56,0.02308975,0,0,1776180493348,True,True
0,85.59,1.06361025,0,0,1776180493348,True,True
0,85.58,0.02350443,0,0,1776180495277,True,True
0,85.59,0.98128859,0,0,1776180495277,True,True
0,85.56,0.02343174,0,0,1776180501238,True,True
0,85.58,6.59389385,0,0,1776180501238,True,True
0,85.58,0.25,0,0,1776180501238,True,True
0,85.58,1.85167178,0,0,1776180501238,True,True
0,85.58,4.80769793,0,0,1776180501238,True,True
0,85.58,7.21155756,0,0,1776180501239,True,True
0,85.58,16.82692601,0,0,1776180501239,True,True
0,85.58,19.23078408,0,0,1776180501240,True,True
0,85.58,9.61537611,0,0,1776180501240,True,True
0,85.58,2.10556845,0,0,1776180501240,True,True
0,85.58,32.99993779,0,0,1776180501241,True,True
0,85.58,52.90240155,0,0,1776180501241,True,True
0,85.6,0.18838049,0,0,1776180501282,True,True
0,85.6,6.0,0,0,1776180501282,True,True
0,85.61,0.02304935,0,0,1776180501282,True,True
0,85.62,0.25,0,0,1776180501282,True,True
0,85.62,7.7625,0,0,1776180501282,True,True
0,85.6,12.26635514,0,0,1776180503970,False,True
0,85.61,0.02269057,0,0,1776180504445,True,True
0,85.62,0.09042943,0,0,1776180504445,True,True
0,85.57,1.55246877,0,0,1776180525183,False,True
0,85.55,8.0,0,0,1776180544461,False,True
0,85.52,0.69067358,0,0,1776180545800,True,True
0,85.48,10.90137,0,0,1776180555248,True,True
0,85.47,1.16617,0,0,1776180559363,False,True
0,85.47,7.83383,0,0,1776180578169,False,True
0,85.42,0.0224,0,0,1776180583167,True,True
0,85.42,9.865e-05,0,0,1776180583169,True,True
0,85.44,3.33728424,0,0,1776180583169,True,True
0,85.44,117.05010017,0,0,1776180583169,True,True
0,85.44,0.0221,0,0,1776180583246,True,True
0,85.44,7.592e-05,0,0,1776180583260,True,True
0,85.46,0.0228,0,0,1776180583285,True,True
0,85.46,1.751e-05,0,0,1776180583287,True,True
0,85.48,0.209,0,0,1776180596792,True,True
0,85.47,52.582,0,0,1776180598156,False,True
0,85.47,12.0,0,0,1776180598156,False,True
0,85.47,23.65329411,0,0,1776180598156,False,True
0,85.48,1.16404,0,0,1776180614031,True,True
0,85.48,0.01147,0,0,1776180615036,True,True
0,85.47,0.02336,0,0,1776180622562,False,True
0,85.47,0.08846557,0,0,1776180622744,False,True
0,85.48,0.1164,0,0,1776180629555,True,True
0,85.48,56.4813,0,0,1776180630948,True,True
0,85.48,63.11594162,0,0,1776180630949,True,True
0,85.48,1.49665838,0,0,1776180630949,True,True
0,85.48,9.271e-05,0,0,1776180630960,True,True
0,85.55,3.48456876,0,0,1776180633902,True,True
0,85.6,7.7625,0,0,1776180634277,True,True
0,85.6,17.13464156,0,0,1776180634277,True,True
0,85.6,0.02118985,0,0,1776180634277,True,True
0,85.6,0.02085831,0,0,1776180634505,True,True
0,85.6,2.98221313,0,0,1776180634505,True,True
0,85.6,2.85771044,0,0,1776180634505,True,True
0,85.62,15.0,0,0,1776180634715,True,True
0,85.62,0.02079304,0,0,1776180634715,True,True
0,85.64,7.7625,0,0,1776180634786,True,True
0,85.64,0.25,0,0,1776180634786,True,True
0,85.64,0.02072797,0,0,1776180634786,True,True
0,85.65,7.7625,0,0,1776180634786,True,True
0,85.67,0.02040283,0,0,1776180634899,True,True
0,85.66,0.020339,0,0,1776180635104,True,True
0,85.66,3.36915668,0,0,1776180635104,True,True
0,85.66,3.26471012,0,0,1776180635104,True,True
0,85.66,0.02027535,0,0,1776180635187,True,True
0,85.66,3.41505347,0,0,1776180635187,True,True
0,85.68,7.7625,0,0,1776180635195,True,True
0,85.68,2.86050538,0,0,1776180635195,True,True
0,85.68,0.02021184,0,0,1776180635296,True,True
0,85.64,0.0205654,0,0,1776180647203,True,True
0,85.65,0.0204346,0,0,1776180647203,True,True
0,85.6,0.01255,0,0,1776180659870,False,True
0,85.61,0.02060488,0,0,1776180662991,True,True
0,85.61,3.19295308,0,0,1776180662991,True,True
0,85.61,2.66443598,0,0,1776180662991,True,True
0,85.61,2.74756,0,0,1776180665824,True,True
0,85.61,0.01142,0,0,1776180702748,True,True
0,85.6,11.0,0,0,1776180703709,False,True
0,85.6,0.36455607,0,0,1776180703709,False,True
0,85.58,7.7625,0,0,1776180715925,False,True
0,85.58,63.6175846,0,0,1776180715925,False,True
0,85.59,0.3679,0,0,1776180723155,True,True
0,85.62,0.01144576,0,0,1776180723155,True,True
0,85.63,0.74216779,0,0,1776180723155,True,True
0,85.63,0.02286444,0,0,1776180727914,True,True
0,85.64,0.39713556,0,0,1776180727914,True,True
0,85.67,0.50867961,0,0,1776180733628,False,True
0,85.67,0.02270623,0,0,1776180740151,True,True
0,85.67,0.05489912,0,0,1776180740151,True,True
0,85.71,0.0221989,0,0,1776180764372,True,True
0,85.71,0.2059911,0,0,1776180764372,True,True
0,85.71,0.02757,0,0,1776180764505,True,True
0,85.74,0.18978974,0,0,1776180771467,False,True
0,85.75,0.2,0,0,1776180774773,True,True
0,85.78,0.02213472,0,0,1776180775573,True,True
0,85.78,0.02213472,0,0,1776180775573,True,True
0,85.78,1.19071994,0,0,1776180775573,True,True
0,85.75,21.2267,0,0,1776180776469,False,True
0,85.75,2.73145387,0,0,1776180776469,False,True
0,85.76,0.01425206,0,0,1776180778359,True,True
0,85.8,0.65555274,0,0,1776180786202,True,True
0,85.8,5.9936314,0,0,1776180791151,True,True
0,85.83,0.03406304,0,0,1776180794195,True,True
0,85.83,0.00047696,0,0,1776180794195,True,True
0,85.84,0.03406141,0,0,1776180796348,True,True
0,85.85,0.03405975,0,0,1776180796348,True,True
0,85.85,0.00643404,0,0,1776180796348,True,True
0,85.86,0.0340581,0,0,1776180796348,True,True
0,85.86,0.1243237,0,0,1776180796348,True,True
0,85.86,0.033,0,0,1776180798979,False,True
0,85.8,47.79240913,0,0,1776180810733,True,True
0,85.8,0.02114273,0,0,1776180810733,True,True
0,85.81,7.7625,0,0,1776180810733,True,True
0,85.81,116.53947514,0,0,1776180810733,True,True
0,85.82,7.7625,0,0,1776180810733,True,True
0,85.83,7.7625,0,0,1776180810733,True,True
0,85.83,2.99401704,0,0,1776180810733,True,True
0,85.83,96.51367315,0,0,1776180810733,True,True
0,85.78,1.10189,0,0,1776180811123,False,True
0,85.79,2.27716,0,0,1776180814994,True,True
0,85.77,0.04038,0,0,1776180818394,False,True
0,85.79,5.59932701,0,0,1776180847272,True,True
0,85.81,21.2267,0,0,1776180849753,False,True
0,85.81,5.27394198,0,0,1776180849753,False,True
0,85.82,0.0148,0,0,1776180854602,False,True
0,85.83,0.02201632,0,0,1776180865282,True,True
0,85.83,12.76868135,0,0,1776180865282,True,True
0,85.83,0.05642,0,0,1776180866961,True,True
0,85.83,0.09902015,0,0,1776180873253,True,True
0,85.83,0.03855,0,0,1776180873636,True,True
0,85.83,0.02534883,0,0,1776180874064,True,True
0,85.81,0.02169514,0,0,1776180880702,True,True
0,85.81,0.00995286,0,0,1776180880702,True,True
0,85.83,0.34787,0,0,1776180885080,True,True
0,85.82,0.02175413,0,0,1776180887148,True,True
0,85.82,0.12329587,0,0,1776180887148,True,True
0,85.82,3.0,0,0,1776180895312,False,True
0,85.83,26.49560179,0,0,1776180899266,True,True
0,85.83,2.40441037,0,0,1776180899268,True,True
0,85.83,3.60662301,0,0,1776180899270,True,True
0,85.83,10.81984565,0,0,1776180899271,True,True
0,85.83,12.02205279,0,0,1776180899271,True,True
0,85.83,2.40440289,0,0,1776180899272,True,True
0,85.83,3.9653868,0,0,1776180899272,True,True
0,85.83,2.10216629,0,0,1776180899273,True,True
0,85.83,6.30649068,0,0,1776180899275,True,True
0,85.83,34.3298,0,0,1776180899276,True,True
0,85.83,17.81627068,0,0,1776180899278,True,True
0,85.86,0.34607,0,0,1776180902977,True,True
0,85.86,1.05136268,0,0,1776180904861,True,True
0,85.87,0.03405646,0,0,1776180930813,True,True
0,85.87,3.18988741,0,0,1776180955755,False,True
0,85.84,0.56421,0,0,1776180962443,True,True
0,85.85,0.02300536,0,0,1776180964202,True,True
0,85.85,2.97048689,0,0,1776180964202,True,True
0,85.83,10.5736,0,0,1776180966009,False,True
0,85.82,1.45964,0,0,1776180976703,True,True
0,85.82,0.34956886,0,0,1776180978478,False,True
0,85.87,8.73616773,0,0,1776180988867,False,True
0,85.88,1.61423862,0,0,1776180991013,True,True
0,85.88,0.03405481,0,0,1776180991013,True,True
0,85.88,1.09366821,0,0,1776180991172,False,True
0,85.89,0.03405317,0,0,1776180994481,True,True
0,85.9,0.03405152,0,0,1776180996521,True,True
0,85.91,0.03404989,0,0,1776180996521,True,True
0,85.92,0.03404823,0,0,1776180996521,True,True
0,85.93,0.02912879,0,0,1776180996521,True,True
0,85.93,0.00491779,0,0,1776181000416,True,True
0,85.93,1.11742886,0,0,1776181000416,True,True
0,85.91,0.02622,0,0,1776181011345,False,True
0,85.92,1.16387338,0,0,1776181011845,True,True
0,85.94,0.03404494,0,0,1776181025258,True,True
0,85.95,0.03404331,0,0,1776181025258,True,True
0,85.96,1.56299624,0,0,1776181025258,True,True
0,85.96,0.21409,0,0,1776181028691,True,True
0,85.96,0.37233655,0,0,1776181032028,True,True
0,85.96,0.03404166,0,0,1776181032028,True,True
0,85.97,0.03404002,0,0,1776181032081,True,True
0,85.98,0.03403837,0,0,1776181032125,True,True
0,85.99,0.03403673,0,0,1776181043443,True,True
0,86.0,1.82909779,0,0,1776181043443,True,True
0,86.0,0.03403508,0,0,1776181043443,True,True
0,86.01,0.03403345,0,0,1776181043956,True,True
0,86.02,0.03403181,0,0,1776181043972,True,True
0,86.03,0.03403016,0,0,1776181044021,True,True
0,86.04,0.03402853,0,0,1776181044081,True,True
0,86.05,1.11276318,0,0,1776181044081,True,True
0,86.05,0.03402689,0,0,1776181044081,True,True
0,86.06,0.03402524,0,0,1776181044081,True,True
0,86.07,0.03402361,0,0,1776181044081,True,True
0,86.07,7.7625,0,0,1776181044081,True,True
0,86.07,15.0,0,0,1776181044081,True,True
0,86.04,7.7625,0,0,1776181048259,True,True
0,86.04,81.54551678,0,0,1776181048259,True,True
0,86.04,0.02094819,0,0,1776181048259,True,True
0,86.04,3.37077913,0,0,1776181048259,True,True
0,86.05,7.7625,0,0,1776181048259,True,True
0,86.05,116.21333997,0,0,1776181048259,True,True
0,86.06,7.7625,0,0,1776181048259,True,True
0,86.07,7.7625,0,0,1776181048259,True,True
0,86.07,21.65679177,0,0,1776181048259,True,True
0,86.07,202.68251943,0,0,1776181048259,True,True
0,86.08,0.05139542,0,0,1776181048259,True,True
0,86.08,0.03402197,0,0,1776181048259,True,True
0,86.08,7.7625,0,0,1776181048259,True,True
0,86.08,8.0,0,0,1776181048259,True,True
0,86.08,6.0,0,0,1776181048259,True,True
0,86.08,226.9820867,0,0,1776181048259,True,True
0,86.09,0.03402032,0,0,1776181048259,True,True
0,86.09,7.7625,0,0,1776181048259,True,True
0,86.1,2.14942279,0,0,1776181048259,True,True
0,86.1,0.2,0,0,1776181048259,True,True
0,86.1,0.03401869,0,0,1776181048259,True,True
0,86.1,7.7625,0,0,1776181048259,True,True
0,86.1,12.07077049,0,0,1776181048259,True,True
0,86.1,183.0090559,0,0,1776181048259,True,True
0,86.1,3.87664576,0,0,1776181048259,True,True
0,86.03,12.0,0,0,1776181057080,False,True
0,86.05,0.02062779,0,0,1776181067037,True,True
0,86.05,5.39634221,0,0,1776181067037,True,True
0,86.05,2.36615779,0,0,1776181067313,True,True
0,86.05,3.22890807,0,0,1776181067313,True,True
0,86.05,2.83776477,0,0,1776181067313,True,True
0,86.05,0.02055465,0,0,1776181067313,True,True
0,86.06,4.04661472,0,0,1776181067313,True,True
0,86.0,0.01399179,0,0,1776181072620,False,True
0,85.99,0.01621002,0,0,1776181087365,True,True
0,85.99,0.02019528,0,0,1776181095073,True,True
0,85.99,0.06248146,0,0,1776181095073,True,True
0,85.99,0.08447,0,0,1776181096253,True,True
0,86.02,0.23258518,0,0,1776181106671,True,True
0,86.02,0.0348,0,0,1776181114769,True,True
0,86.0,0.02327,0,0,1776181116487,False,True
0,86.01,2.1646,0,0,1776181121492,True,True
0,86.06,0.48933214,0,0,1776181144351,False,True
0,86.07,0.02035029,0,0,1776181148037,True,True
0,86.07,7.7625,0,0,1776181148037,True,True
0,86.07,0.3510098,0,0,1776181148037,True,True
0,86.05,0.02031691,0,0,1776181164487,True,True
0,86.05,0.01748204,0,0,1776181164487,True,True
0,86.04,0.04190488,0,0,1776181172217,False,True
0,86.03,5.78999,0,0,1776181175371,False,True
0,86.03,11.64578821,0,0,1776181176733,False,True
0,86.0,0.02000215,0,0,1776181177106,True,True
0,86.0,7.7625,0,0,1776181177106,True,True
0,86.0,1.39724118,0,0,1776181177106,True,True
0,86.0,0.01126,0,0,1776181179423,True,True
0,86.0,0.04638482,0,0,1776181179924,True,True
0,86.0,0.02755,0,0,1776181190058,False,True
0,86.0,0.13848,0,0,1776181196072,True,True
0,85.98,0.031648,0,0,1776181200479,False,True
0,85.99,2.09391252,0,0,1776181205798,True,True
0,85.98,10.30608533,0,0,1776181206171,False,True
0,85.99,0.32284088,0,0,1776181208604,True,True
0,86.02,10.93727912,0,0,1776181208604,True,True
0,86.05,13.4985687,0,0,1776181222371,False,True
0,86.07,0.0787861,0,0,1776181240209,True,True
0,86.06,0.28977058,0,0,1776181240771,False,True
0,86.03,12.0,0,0,1776181240771,False,True
0,86.03,0.39430266,0,0,1776181240771,False,True
0,86.02,1.42460007,0,0,1776181242833,False,True
0,86.04,0.12715016,0,0,1776181256050,True,True
0,86.04,1.62325,0,0,1776181256734,True,True
0,86.01,0.02323,0,0,1776181259861,False,True
0,86.02,0.11167635,0,0,1776181260127,True,True
0,86.02,81.25055649,0,0,1776181260582,True,True
0,86.03,7.7625,0,0,1776181260582,True,True
0,86.03,30.98694351,0,0,1776181260582,True,True
0,86.02,1.78342603,0,0,1776181263106,True,True
0,86.04,15.0,0,0,1776181266816,True,True
0,86.04,105.0,0,0,1776181266816,True,True
0,86.03,116.23852144,0,0,1776181273044,True,True
0,86.04,2.92874549,0,0,1776181273044,True,True
0,86.04,0.83273307,0,0,1776181273044,True,True
0,86.0,116.27906976,0,0,1776181279274,True,True
0,86.01,3.72093024,0,0,1776181279274,True,True
0,85.99,0.02324,0,0,1776181280454,False,True
0,86.01,0.96199,0,0,1776181284598,True,True
0,86.01,0.79963791,0,0,1776181285535,True,True
0,86.04,6.92976693,0,0,1776181285535,True,True
0,86.04,112.27059516,0,0,1776181285535,True,True
0,86.06,15.0,0,0,1776181291780,True,True
0,86.06,3.2216172,0,0,1776181291780,True,True
0,86.07,3.41818594,0,0,1776181291780,True,True
0,86.07,7.7625,0,0,1776181291780,True,True
0,86.07,90.59769686,0,0,1776181291780,True,True
0,86.06,2.70784,0,0,1776181294235,True,True
0,86.06,0.23229771,0,0,1776181298019,True,True
0,86.07,2.88893694,0,0,1776181298019,True,True
0,86.07,116.19316768,0,0,1776181298019,True,True
0,86.07,0.68559767,0,0,1776181298019,True,True
0,86.07,75.78306963,0,0,1776181298462,True,True
0,86.07,7.7625,0,0,1776181298462,True,True
0,86.07,116.19366634,0,0,1776181298462,True,True
0,86.07,2.8290307,0,0,1776181298462,True,True
0,86.08,7.7625,0,0,1776181298462,True,True
0,86.08,92.99817049,0,0,1776181298462,True,True
0,86.09,7.7625,0,0,1776181298462,True,True
0,86.09,6.0,0,0,1776181298462,True,True
0,86.1,7.7625,0,0,1776181298462,True,True
0,86.1,0.25,0,0,1776181298462,True,True
0,86.11,7.7625,0,0,1776181298462,True,True
0,86.11,32.67512864,0,0,1776181298462,True,True
0,86.12,0.03401706,0,0,1776181298462,True,True
0,86.12,7.7625,0,0,1776181298462,True,True
0,86.12,86.238772,0,0,1776181298462,True,True
0,86.12,92.99817049,0,0,1776181298462,True,True
0,86.12,580.63808175,0,0,1776181298462,True,True
0,86.12,11.61170459,0,0,1776181298462,True,True
0,86.12,11.61170459,0,0,1776181298462,True,True
0,86.13,0.11064572,0,0,1776181298462,True,True
0,86.13,0.06548101,0,0,1776181298462,True,True
0,86.13,0.03401542,0,0,1776181298462,True,True
0,86.13,5.33335551,0,0,1776181298462,True,True
0,86.07,3.30277,0,0,1776181303264,True,True
0,86.07,4.45973,0,0,1776181304257,True,True
0,86.07,3.32396646,0,0,1776181304257,True,True
0,86.07,112.21630354,0,0,1776181304257,True,True
0,86.09,0.0592,0,0,1776181306787,False,True
0,86.09,3.14259835,0,0,1776181310494,True,True
0,86.09,7.7625,0,0,1776181310494,True,True
0,86.09,109.09490165,0,0,1776181310494,True,True
0,86.09,7.7625,0,0,1776181314612,True,True
0,86.09,73.54775665,0,0,1776181314612,True,True
0,86.08,50.0,0,0,1776181315930,True,True
0,86.08,2.23393835,0,0,1776181316734,True,True
0,86.09,7.7625,0,0,1776181316734,True,True
0,86.09,3.3563631,0,0,1776181316734,True,True
0,86.1,7.7625,0,0,1776181316734,True,True
0,86.11,7.7625,0,0,1776181316734,True,True
0,86.11,3.17796262,0,0,1776181316734,True,True
0,86.11,32.67518672,0,0,1776181316734,True,True
0,86.12,7.7625,0,0,1776181316734,True,True
0,86.12,6.0,0,0,1776181316734,True,True
0,86.13,2.42914449,0,0,1776181316734,True,True
0,86.14,0.03401379,0,0,1776181316734,True,True
0,86.14,7.7625,0,0,1776181316734,True,True
0,86.14,31.28089093,0,0,1776181316734,True,True
0,86.11,0.03621,0,0,1776181322203,True,True
0,86.11,4.84742063,0,0,1776181324476,True,True
0,86.09,0.376,0,0,1776181334522,True,True
0,86.11,19.29228,0,0,1776181344633,False,True
0,86.1,19.29228,0,0,1776181344633,False,True
0,86.1,7.7625,0,0,1776181344633,False,True
0,86.1,116.13716984,0,0,1776181344633,False,True
0,86.1,81.35861106,0,0,1776181344633,False,True
0,86.1,6.06669383,0,0,1776181344633,False,True
0,86.15,0.03401214,0,0,1776181362863,True,True
0,86.15,1.77333641,0,0,1776181362863,True,True
0,86.11,0.44974,0,0,1776181371294,True,True
0,86.1,0.56244,0,0,1776181373781,True,True
0,86.11,0.01929,0,0,1776181379847,False,True
0,86.1,0.09338796,0,0,1776181381866,False,True
0,86.13,3.11906165,0,0,1776181382924,True,True
0,86.13,1.20343817,0,0,1776181382924,True,True
0,86.13,0.02249,0,0,1776181383847,True,True
0,86.16,0.0340105,0,0,1776181399163,True,True
0,86.17,0.7181,0,0,1776181405976,True,True
0,86.17,0.034,0,0,1776181405976,True,True
0,86.17,8.87e-06,0,0,1776181406060,True,True
0,86.18,0.718,0,0,1776181406060,True,True
0,86.18,0.03399113,0,0,1776181406060,True,True
0,86.18,1.611e-05,0,0,1776181406070,True,True
0,86.19,0.17533606,0,0,1776181406111,True,True
0,86.19,0.03400561,0,0,1776181406111,True,True
0,86.2,0.73638614,0,0,1776181406111,True,True
0,86.2,1.41303665,0,0,1776181406167,True,True
0,86.2,0.7178,0,0,1776181406167,True,True
0,86.2,0.03400397,0,0,1776181406167,True,True
0,86.2,0.02331,0,0,1776181407695,False,True
0,86.13,1.16387338,0,0,1776181411525,False,True
0,86.15,56.21796,0,0,1776181416255,True,True
0,86.15,0.02092,0,0,1776181418259,True,True
0,86.18,0.0635,0,0,1776181426923,False,True
0,86.15,11.60766106,0,0,1776181440478,True,True
0,86.16,1.04914991,0,0,1776181444110,True,True
0,86.15,0.04328044,0,0,1776181444847,False,True
0,86.14,0.0616,0,0,1776181449132,False,True
0,86.15,0.16404,0,0,1776181449953,True,True
0,86.15,1.68443,0,0,1776181452326,True,True
0,86.14,0.1198281,0,0,1776181452440,False,True
0,86.14,3.8185719,0,0,1776181454480,False,True
0,86.15,0.02322,0,0,1776181465773,False,True
0,86.18,0.03347957,0,0,1776181475650,True,True
0,86.2,0.02653,0,0,1776181484493,False,True
0,86.18,0.08158,0,0,1776181512192,True,True
0,86.12,0.11870587,0,0,1776181519825,False,True
0,86.14,0.64061,0,0,1776181521440,True,True
0,86.12,0.56211,0,0,1776181525372,True,True
0,86.14,0.34479,0,0,1776181533041,True,True
0,86.14,19.29228,0,0,1776181534108,False,True
0,86.14,80.70772,0,0,1776181534108,False,True
0,86.14,0.0233,0,0,1776181539762,False,True
0,86.15,1.29229577,0,0,1776181544524,True,True
0,86.21,0.03400234,0,0,1776181549718,True,True
0,86.22,0.03400071,0,0,1776181549718,True,True
0,86.23,0.03399906,0,0,1776181549718,True,True
0,86.23,0.17983372,0,0,1776181549718,True,True
0,86.22,0.02321,0,0,1776181551670,False,True
0,86.18,1.00326644,0,0,1776181569203,False,True
0,86.23,1.18578,0,0,1776181574784,False,True
0,86.15,0.94966466,0,0,1776181587355,True,True
0,86.15,0.05030179,0,0,1776181587997,True,True
0,86.15,0.37583,0,0,1776181596541,True,True
0,86.12,1.0,0,0,1776181598761,True,True
0,86.12,0.06417,0,0,1776181609090,False,True
0,86.1,10.0,0,0,1776181620823,False,True
0,86.08,32.26572954,0,0,1776181626100,False,True
0,86.08,5.71081507,0,0,1776181626101,False,True
0,86.08,12.02345539,0,0,1776181626102,False,True
0,86.03,0.48824482,0,0,1776181648161,False,True
0,86.05,0.10983485,0,0,1776181654080,True,True
0,86.03,4.04768,0,0,1776181665956,True,True
0,86.03,5.69542,0,0,1776181666071,True,True
0,86.01,11.0,0,0,1776181671136,False,True
0,86.01,2.92977966,0,0,1776181671136,False,True
0,86.01,7.7625,0,0,1776181671136,False,True
0,86.01,2.91449442,0,0,1776181671136,False,True
0,86.0,7.7625,0,0,1776181671136,False,True
0,86.0,12.09422233,0,0,1776181671136,False,True
0,86.0,93.0095835,0,0,1776181671136,False,True
0,86.0,51.20735145,0,0,1776181671136,False,True
0,86.02,0.10415785,0,0,1776181678504,True,True
0,86.02,5.41823,0,0,1776181678845,True,True
0,86.0,0.55505,0,0,1776181679655,True,True
0,86.0,0.02662,0,0,1776181681410,True,True
0,86.04,0.14456,0,0,1776181713042,True,True
0,86.06,0.28226116,0,0,1776181723522,True,True
0,86.07,1.10411586,0,0,1776181726371,False,True
0,86.08,0.13827,0,0,1776181737744,True,True
0,86.12,4.41209213,0,0,1776181743671,True,True
0,86.13,0.16883,0,0,1776181745064,True,True
0,86.11,0.33135,0,0,1776181747482,True,True
0,86.11,0.40889,0,0,1776181748651,True,True
0,86.11,0.51483368,0,0,1776181748970,True,True
0,86.08,0.05,0,0,1776181756435,False,True
0,86.08,0.05586,0,0,1776181757282,False,True
0,86.09,0.27657103,0,0,1776181761446,True,True
0,86.09,0.44672357,0,0,1776181762612,True,True
0,86.09,2.81043094,0,0,1776181775986,True,True
0,86.08,0.3637,0,0,1776181787392,False,True
0,86.1,2.0,0,0,1776181803847,True,True
0,86.09,0.06259,0,0,1776181805703,False,True
0,86.08,0.03768,0,0,1776181811643,False,True
0,86.1,1.59959543,0,0,1776181818258,True,True
0,86.11,1.49073223,0,0,1776181818274,True,True
0,86.15,0.06419,0,0,1776181822007,False,True
0,86.15,0.014,0,0,1776181822654,False,True
0,86.15,2.98329384,0,0,1776181826009,False,True
0,86.15,10.90274767,0,0,1776181826009,False,True
0,86.15,85.51397746,0,0,1776181826009,False,True
0,86.15,0.6,0,0,1776181827568,False,True
0,86.16,17.36020776,0,0,1776181836877,True,True
0,86.24,0.03399743,0,0,1776181844153,True,True
0,86.25,0.03399579,0,0,1776181844614,True,True
0,86.25,50.0,0,0,1776181844614,True,True
0,86.26,0.03399416,0,0,1776181846729,True,True
0,86.23,0.1451,0,0,1776181858270,False,True
0,86.27,0.43335185,0,0,1776181868153,True,True
0,86.27,0.03398815,0,0,1776181868153,True,True
0,86.27,4.38e-06,0,0,1776181868183,True,True
0,86.28,0.0339909,0,0,1776181868201,True,True
0,86.29,0.03398927,0,0,1776181874894,True,True
0,86.29,0.03398765,0,0,1776181874894,True,True
0,86.3,0.17970578,0,0,1776181875260,True,True
0,86.3,0.05203704,0,0,1776181877463,True,True
0,86.29,1.54657485,0,0,1776181881019,False,True
0,86.3,2.40441113,0,0,1776181883018,True,True
0,86.3,8.01388845,0,0,1776181883019,True,True
0,86.3,9.88706591,0,0,1776181883019,True,True
0,86.3,0.03398602,0,0,1776181883019,True,True
0,86.32,0.03398439,0,0,1776181883091,True,True
0,86.25,0.02014513,0,0,1776181892112,True,True
0,86.25,0.00335487,0,0,1776181892112,True,True
0,86.24,0.15211356,0,0,1776181894417,False,True
0,86.24,0.13233891,0,0,1776181894417,False,True
0,86.21,3.22059884,0,0,1776181902373,True,True
0,86.21,0.78065116,0,0,1776181902373,True,True
0,86.19,9.15497457,0,0,1776181906446,True,True
0,86.19,1.5388403,0,0,1776181913540,True,True
0,86.18,0.04649,0,0,1776181914241,False,True
0,86.18,0.014,0,0,1776181919257,False,True
0,86.14,0.42982,0,0,1776181925552,True,True
0,86.18,0.37587,0,0,1776181932168,True,True
0,86.17,3.52472144,0,0,1776181933381,True,True
0,86.14,3.14359524,0,0,1776181944362,False,True
0,86.14,0.06564,0,0,1776181968712,False,True
0,86.16,0.02043101,0,0,1776181973531,True,True
0,86.17,0.09337899,0,0,1776181973531,True,True
0,86.15,0.01324,0,0,1776181979148,True,True
0,86.15,0.11241,0,0,1776181982004,True,True
0,86.15,4.11311273,0,0,1776181982388,True,True
0,86.15,0.02035994,0,0,1776181986297,True,True
0,86.17,4.92999006,0,0,1776181986297,True,True
0,86.16,0.02029229,0,0,1776181994885,True,True
0,86.17,0.10674771,0,0,1776181994885,True,True
0,86.14,3.87615759,0,0,1776181998169,False,True
0,86.14,0.0232,0,0,1776182005291,False,True
0,86.14,0.0232,0,0,1776182008274,False,True
0,86.15,0.05628,0,0,1776182017138,True,True
0,86.14,0.01601,0,0,1776182018727,False,True
0,86.15,0.67092281,0,0,1776182019801,True,True
0,86.14,6.06143241,0,0,1776182022957,False,True
0,86.14,0.0215834,0,0,1776182043775,True,True
0,86.14,0.52445365,0,0,1776182043775,True,True
0,86.12,1.62137,0,0,1776182064611,True,True
0,86.12,0.0239,0,0,1776182066816,False,True
0,86.14,0.01124,0,0,1776182070192,True,True
0,86.13,0.02318,0,0,1776182070794,False,True
0,86.13,0.58897408,0,0,1776182071690,False,True
0,86.15,0.01158,0,0,1776182080325,True,True
0,86.22,0.03484,0,0,1776182090684,False,True
0,86.22,0.18657411,0,0,1776182093221,False,True
0,86.23,0.02092715,0,0,1776182093461,True,True
0,86.23,4.13872285,0,0,1776182093461,True,True
0,86.21,0.04814,0,0,1776182099064,False,True
0,86.16,0.02062355,0,0,1776182106845,True,True
0,86.17,0.00184645,0,0,1776182106845,True,True
0,86.2,0.02026452,0,0,1776182117014,True,True
0,86.21,1.3963025,0,0,1776182117014,True,True
0,86.21,0.15014298,0,0,1776182117014,True,True
0,86.2,0.01483,0,0,1776182119793,True,True
0,86.18,0.05804,0,0,1776182122801,False,True
0,86.18,0.165,0,0,1776182143143,True,True
0,86.16,0.082,0,0,1776182156324,True,True
0,86.16,1.77699429,0,0,1776182163722,True,True
0,86.16,0.2353672,0,0,1776182167473,True,True
0,86.14,0.01524,0,0,1776182184822,False,True
0,86.16,0.04727,0,0,1776182185674,True,True
0,86.13,0.03701239,0,0,1776182211888,False,True
0,86.14,0.03759,0,0,1776182220221,False,True
0,86.14,23.1627974,0,0,1776182221072,True,True
0,86.14,92.90034095,0,0,1776182221072,True,True
0,86.14,0.17582991,0,0,1776182234436,True,True
0,86.12,0.07937,0,0,1776182247187,True,True
0,86.12,5.62245,0,0,1776182252591,True,True
0,86.04,0.01842,0,0,1776182259115,False,True
0,86.1,15.14855355,0,0,1776182269922,True,True
0,86.08,1.57036157,0,0,1776182274614,False,True
0,86.09,1.45496965,0,0,1776182280829,True,True
0,86.09,4.05028035,0,0,1776182280829,True,True
0,86.04,0.37971,0,0,1776182294041,True,True
0,86.04,0.3955,0,0,1776182299534,False,True
0,86.05,0.45821065,0,0,1776182299645,True,True
0,86.06,0.18961935,0,0,1776182299645,True,True
0,86.05,0.2396591,0,0,1776182301965,False,True
0,86.04,1.50002431,0,0,1776182314600,False,True
0,86.04,1.77312414,0,0,1776182315242,False,True
0,86.04,7.7625,0,0,1776182315242,False,True
0,86.03,7.7625,0,0,1776182315242,False,True
0,86.03,1.80242206,0,0,1776182315242,False,True
0,86.05,0.02176419,0,0,1776182316704,True,True
0,86.05,0.07900991,0,0,1776182316704,True,True
0,86.04,0.03524,0,0,1776182316761,False,True
0,86.05,57.27295,0,0,1776182318668,True,True
0,86.03,0.56409699,0,0,1776182335436,False,True
0,86.05,0.03221,0,0,1776182336459,False,True
0,86.08,7.8,0,0,1776182340372,False,True
0,86.08,1.687593,0,0,1776182340372,False,True
0,86.07,7.7625,0,0,1776182340372,False,True
0,86.05,12.0,0,0,1776182340380,False,True
0,86.05,4.81161581,0,0,1776182340380,False,True
0,86.05,0.87842119,0,0,1776182340381,False,True
0,86.05,1.16211504,0,0,1776182340385,False,True
0,86.05,0.8481094,0,0,1776182340388,False,True
0,86.03,0.03020123,0,0,1776182350724,True,True
0,86.03,0.01612877,0,0,1776182350724,True,True
0,86.02,7.59918031,0,0,1776182352451,False,True
0,86.02,2.40469021,0,0,1776182352454,False,True
0,86.02,1.99612948,0,0,1776182352498,False,True
0,85.98,1.09421,0,0,1776182363717,True,True
0,85.97,0.02325,0,0,1776182369183,False,True
0,85.96,0.02333,0,0,1776182371134,False,True
0,85.96,0.25,0,0,1776182382582,False,True
0,85.99,0.03067428,0,0,1776182386122,True,True
0,86.0,3.45688675,0,0,1776182386122,True,True
0,85.99,0.03056306,0,0,1776182388603,True,True
0,86.0,0.04677322,0,0,1776182388603,True,True
0,85.98,0.03045449,0,0,1776182389584,True,True
0,85.98,16.23931551,0,0,1776182389584,True,True
0,85.99,0.05687,0,0,1776182392774,True,True
0,85.98,0.02322,0,0,1776182395690,False,True
0,85.98,0.03034407,0,0,1776182400283,True,True
0,85.98,0.08538593,0,0,1776182400283,True,True
0,85.98,0.0114,0,0,1776182400339,True,True
0,85.99,1.60966178,0,0,1776182402642,True,True
0,85.99,0.03024877,0,0,1776182402642,True,True
0,85.99,2.69612945,0,0,1776182402642,True,True
0,85.99,0.57287,0,0,1776182403036,True,True
0,86.01,0.03075183,0,0,1776182405373,True,True
0,86.02,0.87076716,0,0,1776182405373,True,True
0,86.01,0.23258518,0,0,1776182405970,False,True
0,86.01,0.14979,0,0,1776182406275,False,True
0,86.0,0.02325,0,0,1776182409359,False,True
0,86.0,15.91739,0,0,1776182421510,False,True
0,85.99,15.91739,0,0,1776182421510,False,True
0,85.99,7.7625,0,0,1776182421510,False,True
0,85.99,19.32077551,0,0,1776182421510,False,True
0,85.99,13.25824565,0,0,1776182421510,False,True
0,85.99,15.13452538,0,0,1776182421510,False,True
0,86.01,1.46084808,0,0,1776182428111,True,True
0,86.03,0.02321,0,0,1776182432091,False,True
0,86.02,0.02,0,0,1776182437996,False,True
0,86.04,0.02990673,0,0,1776182438482,True,True
0,86.05,0.05923091,0,0,1776182438482,True,True
0,86.03,0.02281,0,0,1776182438983,True,True
0,86.02,0.11368,0,0,1776182443371,True,True
0,86.03,0.01177,0,0,1776182446331,True,True
0,86.03,0.23018,0,0,1776182449508,True,True
0,86.03,0.01689,0,0,1776182449515,True,True
0,85.99,0.01772719,0,0,1776182456363,True,True
0,86.0,0.26383483,0,0,1776182456363,True,True
0,86.0,0.61404203,0,0,1776182459804,True,True
0,86.0,0.02942936,0,0,1776182459804,True,True
0,86.0,0.15259861,0,0,1776182459804,True,True
0,86.0,0.24270163,0,0,1776182460452,False,True
0,86.01,0.02931698,0,0,1776182467076,True,True
0,86.02,0.08468302,0,0,1776182467076,True,True
0,86.01,0.01126,0,0,1776182468714,True,True
0,86.02,0.59803721,0,0,1776182474867,False,True
0,86.02,0.04711058,0,0,1776182508133,True,True
0,86.02,1.63043065,0,0,1776182508133,True,True
0,86.02,0.02302,0,0,1776182509045,True,True
0,86.05,0.03474,0,0,1776182512327,False,True
0,86.06,0.0233,0,0,1776182512329,True,True
0,86.06,0.01101334,0,0,1776182513172,True,True
0,86.06,0.05602128,0,0,1776182513172,True,True
0,86.07,8.12904,0,0,1776182518120,False,True
0,86.08,0.8792492,0,0,1776182520188,False,True
0,86.07,0.05729196,0,0,1776182523421,True,True
0,86.08,3.74898369,0,0,1776182523421,True,True
0,86.07,0.05625,0,0,1776182523438,True,True
0,86.07,0.5809225,0,0,1776182529636,True,True
0,86.06,0.05637414,0,0,1776182531223,True,True
0,86.07,0.50619586,0,0,1776182531223,True,True
0,86.06,0.05544146,0,0,1776182536957,True,True
0,86.08,7.7625,0,0,1776182536957,True,True
0,86.09,7.7625,0,0,1776182536959,True,True
0,86.09,21.00802962,0,0,1776182536960,True,True
0,86.09,21.00802962,0,0,1776182536964,True,True
0,86.09,9.17461504,0,0,1776182536969,True,True
0,86.09,7.7625,0,0,1776182536970,True,True
0,86.09,9.17461504,0,0,1776182536970,True,True
0,86.09,21.00802962,0,0,1776182536971,True,True
0,86.1,7.24552962,0,0,1776182537013,True,True
0,86.1,1.92908542,0,0,1776182537013,True,True
0,86.08,0.03625595,0,0,1776182541240,True,True
0,86.08,0.34426,0,0,1776182541240,True,True
0,86.08,15.91739,0,0,1776182546856,False,True
0,86.08,4.2706278,0,0,1776182546856,False,True
0,86.08,12.0,0,0,1776182549025,False,True
0,86.08,7.8,0,0,1776182549025,False,True
0,86.07,7.7625,0,0,1776182549025,False,True
0,86.07,19.32077551,0,0,1776182549025,False,True
0,86.07,2.5357014,0,0,1776182549025,False,True
0,86.07,45.41926,0,0,1776182549025,False,True
0,86.07,116.17319436,0,0,1776182549025,False,True
0,86.06,7.7625,0,0,1776182549025,False,True
0,86.06,81.42849181,0,0,1776182549025,False,True
0,86.05,7.7625,0,0,1776182549025,False,True
0,86.05,12.14237404,0,0,1776182549025,False,True
0,86.05,22.14889812,0,0,1776182549025,False,True
0,86.05,50.82005082,0,0,1776182549025,False,True
0,86.05,130.52230691,0,0,1776182549029,True,True
0,86.07,0.06563,0,0,1776182570583,False,True
0,86.07,0.014,0,0,1776182575624,False,True
0,86.09,1.12514,0,0,1776182578551,True,True
0,86.09,0.12564915,0,0,1776182580077,False,True
0,86.14,0.06161082,0,0,1776182582876,True,True
0,86.14,0.06889918,0,0,1776182582876,True,True
0,86.14,0.21386242,0,0,1776182583975,True,True
0,86.13,0.06149577,0,0,1776182586162,True,True
0,86.13,1.50234906,0,0,1776182586162,True,True
0,86.1,0.22495,0,0,1776182599002,True,True
0,86.1,0.496,0,0,1776182599466,True,True
0,86.14,0.06132092,0,0,1776182621522,True,True
0,86.14,13.18967908,0,0,1776182621522,True,True
0,86.12,0.06073,0,0,1776182629702,True,True
0,86.11,0.03532865,0,0,1776182632506,False,True
0,86.12,0.02101541,0,0,1776182633222,True,True
0,86.11,0.05966491,0,0,1776182640552,True,True
0,86.11,0.00377509,0,0,1776182640552,True,True
0,86.1,0.05871286,0,0,1776182643989,True,True
0,86.1,0.72255355,0,0,1776182643989,True,True
0,86.07,0.014,0,0,1776182649208,False,True
0,86.09,0.02322,0,0,1776182674184,False,True
0,86.1,0.05695233,0,0,1776182676567,True,True
0,86.11,0.17188767,0,0,1776182676567,True,True
0,86.04,0.05408,0,0,1776182696388,False,True
0,86.06,0.02322,0,0,1776182698492,False,True
0,86.09,0.05553249,0,0,1776182703829,True,True
0,86.09,2.01971729,0,0,1776182703829,True,True
0,86.08,0.05446806,0,0,1776182714616,True,True
0,86.08,7.77373433,0,0,1776182714616,True,True
0,86.06,0.73414651,0,0,1776182719851,True,True
0,86.03,0.02998,0,0,1776182730449,True,True
0,86.01,0.3430415,0,0,1776182739369,False,True
0,85.99,7.7625,0,0,1776182740798,False,True
0,85.98,2.2375,0,0,1776182740798,False,True
0,86.02,2.33,0,0,1776182746932,True,True
0,86.02,1.66,0,0,1776182751826,True,True
0,86.03,0.11340346,0,0,1776182762288,True,True
0,86.02,0.6415743,0,0,1776182781492,False,True
0,86.02,0.1167,0,0,1776182786679,False,True
0,86.03,1.10502079,0,0,1776182791633,True,True
0,86.03,0.3430415,0,0,1776182791633,True,True
0,86.03,0.11878,0,0,1776182797051,False,True
0,86.03,7.7625,0,0,1776182798802,False,True
0,86.03,14.44643,0,0,1776182798802,False,True
0,86.02,1.59738,0,0,1776182798802,False,True
0,86.01,0.28156202,0,0,1776182805042,False,True
0,85.99,0.17518758,0,0,1776182806685,False,True
0,86.01,0.83958091,0,0,1776182810223,True,True
0,86.02,0.02533,0,0,1776182810779,True,True
0,86.01,0.02520094,0,0,1776182823654,True,True
0,86.01,0.88351235,0,0,1776182823654,True,True
0,86.02,2.46264633,0,0,1776182823654,True,True
0,86.04,0.0451,0,0,1776182829402,True,True
0,86.09,6.93309327,0,0,1776182860661,True,True
0,86.08,57.7510795,0,0,1776182861882,False,True
0,86.08,35.15063872,0,0,1776182861882,False,True
0,86.07,12.0,0,0,1776182861886,False,True
0,86.06,2.53597069,0,0,1776182861887,False,True
0,86.04,11.0,0,0,1776182861887,False,True
0,86.04,17.39060682,0,0,1776182861887,False,True
0,86.04,8.19769906,0,0,1776182861888,False,True
0,86.04,4.8116161,0,0,1776182861888,False,True
0,86.04,4.8116161,0,0,1776182861888,False,True
0,86.04,7.21742414,0,0,1776182861889,False,True
0,86.04,7.85473095,0,0,1776182861891,False,True
0,86.04,288.79970131,0,0,1776182861903,False,True
0,86.04,222.85499423,0,0,1776182861903,False,True
0,86.04,190.09421094,0,0,1776182861903,False,True
0,86.04,297.72625878,0,0,1776182861903,False,True
0,86.04,57.43275792,0,0,1776182861904,False,True
0,86.04,419.78915467,0,0,1776182861904,False,True
0,86.04,618.72269842,0,0,1776182861904,False,True
0,86.04,401.87693443,0,0,1776182861904,False,True
0,86.04,218.87044554,0,0,1776182861904,False,True
0,86.04,49.32170326,0,0,1776182861907,False,True
0,86.04,139.40042632,0,0,1776182861907,False,True
0,86.04,299.18198906,0,0,1776182861913,False,True
0,86.04,173.4407197,0,0,1776182861913,False,True
0,86.04,11.54728121,0,0,1776182861915,False,True
0,86.04,18.25431879,0,0,1776182861915,False,True
0,86.04,279.60767139,0,0,1776182861917,False,True
0,86.04,23.24500231,0,0,1776182861926,False,True
0,86.04,46.0,0,0,1776182861934,False,True
0,86.04,46.0,0,0,1776182861935,False,True
0,86.04,34.86539299,0,0,1776182861935,False,True
0,86.04,11.13460701,0,0,1776182861935,False,True
0,86.04,114.38372874,0,0,1776182861945,False,True
0,86.04,299.03400544,0,0,1776182861945,False,True
0,86.04,1.59532062,0,0,1776182861948,False,True
0,86.04,564.12672334,0,0,1776182861948,False,True
0,86.04,111.64119812,0,0,1776182861948,False,True
0,86.04,71.32248853,0,0,1776182861948,False,True
0,86.04,125.84608249,0,0,1776182861963,False,True
0,86.04,238.19377415,0,0,1776182862011,False,True
0,86.04,9.35033553,0,0,1776182862011,False,True
0,86.04,107.66494539,0,0,1776182862063,False,True
0,86.04,67.33505461,0,0,1776182862063,False,True
0,86.04,173.90157546,0,0,1776182862184,False,True
0,86.04,13.26260023,0,0,1776182862199,False,True
0,86.04,40.92232498,0,0,1776182863364,False,True
0,85.98,0.04856,0,0,1776182869910,False,True
0,85.99,0.86,0,0,1776182872822,False,True
0,86.01,3.24073306,0,0,1776182882260,False,True
0,86.01,2.97906932,0,0,1776182882260,False,True
0,86.01,7.7625,0,0,1776182882260,False,True
0,86.01,2.37221762,0,0,1776182882260,False,True
0,86.01,2.31955,0,0,1776182882851,False,True
0,86.02,4.08133,0,0,1776182883086,True,True
0,86.03,0.181875,0,0,1776182901955,True,True
0,86.03,2.8046861,0,0,1776182908907,True,True
0,86.03,0.03192882,0,0,1776182908907,True,True
0,86.03,100.14021244,0,0,1776182908907,True,True
0,86.03,4.80882133,0,0,1776182908908,True,True
0,86.05,5.75186516,0,0,1776182909056,True,True
0,86.05,5.07057852,0,0,1776182913010,True,True
0,86.06,27.42547836,0,0,1776182914082,False,True
0,86.06,24.85552164,0,0,1776182914082,False,True
0,86.04,2.53658554,0,0,1776182914086,False,True
0,86.04,16.31814363,0,0,1776182914086,False,True
0,86.04,5.31534297,0,0,1776182914094,False,True
0,86.04,3.18000673,0,0,1776182914098,False,True
0,86.04,3.18000673,0,0,1776182914101,False,True
0,86.04,0.32464357,0,0,1776182914110,False,True
0,86.04,27.70924695,0,0,1776182916087,True,True
0,86.04,6.01102861,0,0,1776182916087,True,True
0,86.04,3.60662305,0,0,1776182916089,True,True
0,86.04,7.21322511,0,0,1776182916090,True,True
0,86.04,4.80881955,0,0,1776182916095,True,True
0,86.04,0.0382683,0,0,1776182916101,True,True
0,86.04,7.17495683,0,0,1776182916101,True,True
0,86.09,0.03814093,0,0,1776182925319,True,True
0,86.09,5.97289256,0,0,1776182925319,True,True
0,86.09,1.20870131,0,0,1776182925324,True,True
0,86.09,3.60661618,0,0,1776182925326,True,True
0,86.09,3.60661618,0,0,1776182925338,True,True
0,86.12,0.03782227,0,0,1776182933483,True,True
0,86.13,0.88199773,0,0,1776182933483,True,True
0,86.12,0.44014305,0,0,1776182944445,True,True
0,86.04,0.03766589,0,0,1776182956392,True,True
0,86.04,3.13102983,0,0,1776182956392,True,True
0,86.04,116.22501162,0,0,1776182956392,True,True
0,86.04,10.19718061,0,0,1776182956392,True,True
0,86.08,0.0313,0,0,1776182964991,False,True
0,86.09,0.1106,0,0,1776182967270,True,True
0,86.11,64.32586562,0,0,1776182972442,False,True
0,86.11,8.41641521,0,0,1776182972442,False,True
0,86.11,3.60703509,0,0,1776182972442,False,True
0,86.1,2.53481788,0,0,1776182972446,False,True
0,86.09,12.0,0,0,1776182972448,False,True
0,86.09,12.0,0,0,1776182972477,False,True
0,86.02,1.04738,0,0,1776182982355,True,True
0,86.01,0.02325,0,0,1776182987532,False,True
0,86.01,0.06031,0,0,1776182991597,False,True
0,86.0,1.86512,0,0,1776183002486,False,True
0,86.02,0.04753633,0,0,1776183003272,True,True
0,86.03,7.7625,0,0,1776183003272,True,True
0,86.03,0.63784745,0,0,1776183003272,True,True
0,86.01,0.01426,0,0,1776183005893,True,True
0,86.01,0.01126,0,0,1776183012732,True,True
0,86.0,0.01862674,0,0,1776183014465,False,True
0,86.0,0.10135,0,0,1776183015840,True,True
0,85.99,0.01126,0,0,1776183026967,True,True
0,85.99,0.26815,0,0,1776183028009,True,True
0,86.0,1.57216523,0,0,1776183029861,True,True
0,86.01,21.04593401,0,0,1776183031345,False,True
0,86.01,2.53747029,0,0,1776183031347,False,True
0,85.98,0.71394,0,0,1776183041492,False,True
0,85.95,0.02323,0,0,1776183050410,False,True
0,85.95,0.86402,0,0,1776183052525,False,True
0,85.96,0.63174,0,0,1776183055062,True,True
0,86.0,0.0433,0,0,1776183062822,True,True
0,85.99,3.31602615,0,0,1776183064256,True,True
0,85.95,0.01756,0,0,1776183078637,False,True
0,85.94,11.98171126,0,0,1776183078910,False,True
0,85.94,4.80994026,0,0,1776183078910,False,True
0,85.94,0.95284581,0,0,1776183078919,False,True
0,85.9,0.64801,0,0,1776183090202,False,True
0,85.9,0.04874,0,0,1776183090320,False,True
0,85.89,0.34928396,0,0,1776183098466,False,True
0,85.88,2.0,0,0,1776183109057,False,True
0,85.89,0.03146,0,0,1776183109504,True,True
0,85.89,0.03383,0,0,1776183109762,True,True
0,85.88,0.02325,0,0,1776183109846,False,True
0,85.89,1.57674,0,0,1776183109958,True,True
0,85.89,1.88054598,0,0,1776183111215,True,True
0,85.88,0.21601,0,0,1776183116892,False,True
0,85.89,1.2382394,0,0,1776183117284,True,True
0,85.9,0.02297,0,0,1776183121199,True,True
0,85.88,3.12109993,0,0,1776183123254,False,True
0,85.88,2.97284857,0,0,1776183124211,False,True
0,85.89,0.03100773,0,0,1776183124943,True,True
0,85.89,3.39467634,0,0,1776183124943,True,True
0,85.89,0.01128,0,0,1776183125435,True,True
0,85.88,4.79260962,0,0,1776183125708,False,True
0,85.88,1.87418188,0,0,1776183125708,False,True
0,85.83,11.78579426,0,0,1776183128509,False,True
0,85.83,10.5120543,0,0,1776183128509,False,True
0,85.83,3.15361862,0,0,1776183128509,False,True
0,85.83,2.83163775,0,0,1776183128512,False,True
0,85.83,26.42039,0,0,1776183128518,False,True
0,85.83,52.11812921,0,0,1776183128530,False,True
0,85.82,0.03964,0,0,1776183133817,False,True
0,85.84,9.59343045,0,0,1776183140581,False,True
0,85.84,0.47967153,0,0,1776183140593,False,True
0,85.84,2.72444744,0,0,1776183151414,False,True
0,85.81,0.03398439,0,0,1776183154235,False,True
0,85.81,0.33423754,0,0,1776183154235,False,True
0,85.81,0.35073145,0,0,1776183158295,False,True
0,85.81,12.11258043,0,0,1776183158328,False,True
0,85.8,0.03398602,0,0,1776183158489,False,True
0,85.8,12.79754942,0,0,1776183158489,False,True
0,85.79,0.03398765,0,0,1776183160990,False,True
0,85.79,0.30008456,0,0,1776183160990,False,True
0,85.79,1.96417574,0,0,1776183161252,False,True
0,85.79,0.11424,0,0,1776183161831,True,True
0,85.79,0.05826826,0,0,1776183164049,True,True
0,85.78,0.03398927,0,0,1776183166815,False,True
0,85.78,0.05552873,0,0,1776183168042,True,True
0,85.78,0.05876127,0,0,1776183168042,True,True
0,85.77,0.0339909,0,0,1776183169059,False,True
0,85.76,0.0119491,0,0,1776183169059,False,True
0,85.77,13.33333333,0,0,1776183169089,True,True
0,85.77,7.7625,0,0,1776183169089,True,True
0,85.77,85.80051737,0,0,1776183169089,True,True
0,85.76,0.01716,0,0,1776183169548,False,True
0,85.77,0.05543493,0,0,1776183183387,True,True
0,85.77,8.33451026,0,0,1776183183387,True,True
0,85.76,0.00488343,0,0,1776183184498,False,True
0,85.76,0.17573583,0,0,1776183184498,False,True
0,85.75,0.2,0,0,1776183184498,False,True
0,85.75,0.03399416,0,0,1776183184498,False,True
0,85.74,0.03399579,0,0,1776183187402,False,True
0,85.74,3.39058911,0,0,1776183187402,False,True
0,85.73,0.03399743,0,0,1776183190433,False,True
0,85.73,3.32224861,0,0,1776183190433,False,True
0,85.74,0.03389,0,0,1776183199851,True,True
0,85.74,0.02117214,0,0,1776183202207,True,True
0,85.74,0.05113949,0,0,1776183202207,True,True
0,85.73,1.18020231,0,0,1776183210265,False,True
0,85.73,15.49754908,0,0,1776183210762,False,True
0,85.73,0.01562,0,0,1776183215762,True,True
0,85.73,63.8120528,0,0,1776183220324,True,True
0,85.73,15.0,0,0,1776183220324,True,True
0,85.73,0.05478078,0,0,1776183220324,True,True
0,85.74,1.16631677,0,0,1776183224778,True,True
0,85.74,1.16631677,0,0,1776183225797,True,True
0,85.77,0.54682729,0,0,1776183242621,True,True
0,85.8,7.7625,0,0,1776183246230,False,True
0,85.8,17.86419,0,0,1776183246230,False,True
0,85.8,41.39857621,0,0,1776183246230,False,True
0,85.82,3.26536925,0,0,1776183249833,False,True
0,85.82,3.18353625,0,0,1776183249833,False,True
0,85.82,0.6628045,0,0,1776183249833,False,True
0,85.83,0.20014829,0,0,1776183256495,True,True
0,85.84,0.38128171,0,0,1776183256495,True,True
0,85.83,1.46761,0,0,1776183258263,False,True
0,85.83,0.02515,0,0,1776183263345,False,True
0,85.84,0.05411328,0,0,1776183270693,True,True
0,85.84,1.65587672,0,0,1776183270693,True,True
0,85.86,0.0239,0,0,1776183278779,True,True
0,85.87,0.03079172,0,0,1776183283116,True,True
0,85.87,0.41715959,0,0,1776183283116,True,True
0,85.87,0.02129,0,0,1776183287491,False,True
0,85.87,0.37701,0,0,1776183295735,True,True
0,85.87,2.77325365,0,0,1776183296261,True,True
0,85.87,0.05450788,0,0,1776183296261,True,True
0,85.88,47.17223847,0,0,1776183296261,True,True
0,85.88,0.42003,0,0,1776183296766,True,True
0,85.87,0.0233,0,0,1776183300225,False,True
0,85.88,0.05402917,0,0,1776183301679,True,True
0,85.88,1.69602487,0,0,1776183301679,True,True
0,85.89,8.16498523,0,0,1776183301679,True,True
0,85.89,0.22289871,0,0,1776183301679,True,True
0,85.89,14.77710129,0,0,1776183302028,True,True
0,85.89,45.57245968,0,0,1776183302028,True,True
0,85.89,51.9792797,0,0,1776183302030,True,True
0,85.89,18.88437531,0,0,1776183302031,True,True
0,85.91,0.05381743,0,0,1776183303862,True,True
0,85.91,0.17334838,0,0,1776183303862,True,True
0,85.85,0.05298629,0,0,1776183319778,True,True
0,85.86,0.00341371,0,0,1776183319778,True,True
0,85.83,0.04257019,0,0,1776183334947,True,True
0,85.8,0.22477,0,0,1776183359871,False,True
0,85.82,1.13015261,0,0,1776183365679,True,True
0,85.81,0.02105,0,0,1776183369999,True,True
0,85.79,0.03488,0,0,1776183384681,False,True
0,85.8,0.10443939,0,0,1776183389850,True,True
0,85.8,0.34928396,0,0,1776183405384,True,True
0,85.81,0.77952604,0,0,1776183405384,True,True
0,85.8,1.34778011,0,0,1776183421762,True,True
0,85.79,4.6963629,0,0,1776183425200,True,True
0,85.8,0.35562,0,0,1776183437262,True,True
0,85.78,0.02413,0,0,1776183439213,False,True
0,85.8,2.71491,0,0,1776183448347,True,True
0,85.8,1.40787,0,0,1776183448348,True,True
0,85.76,7.7625,0,0,1776183458402,False,True
0,85.76,17.26188024,0,0,1776183458402,False,True
0,85.77,0.08944,0,0,1776183463311,True,True
0,85.77,1.25401,0,0,1776183464495,True,True
0,85.76,0.0303,0,0,1776183465786,False,True
0,85.75,0.06825985,0,0,1776183467104,True,True
0,85.75,3.25966,0,0,1776183468571,True,True
0,85.75,0.07750728,0,0,1776183469406,True,True
0,85.73,0.32318,0,0,1776183473253,True,True
0,85.72,0.03399906,0,0,1776183476600,False,True
0,85.71,0.03400071,0,0,1776183476600,False,True
0,85.7,0.03400234,0,0,1776183476600,False,True
0,85.7,0.38919609,0,0,1776183476600,False,True
0,85.7,1.20481927,0,0,1776183478716,False,True
0,85.69,0.03400397,0,0,1776183478716,False,True
0,85.69,0.41655676,0,0,1776183478716,False,True
0,85.72,12.42340834,0,0,1776183480124,False,True
0,85.73,1.57943919,0,0,1776183484055,True,True
0,85.74,2.32999045,0,0,1776183484055,True,True
0,85.69,1.70195,0,0,1776183489916,True,True
0,85.69,0.0302591,0,0,1776183490950,True,True
0,85.69,0.5341409,0,0,1776183490950,True,True
0,85.69,0.15205975,0,0,1776183492986,True,True
0,85.68,0.03400561,0,0,1776183502044,False,True
0,85.67,0.03400724,0,0,1776183504418,False,True
0,85.66,0.03400887,0,0,1776183509672,False,True
0,85.65,0.0340105,0,0,1776183509672,False,True
0,85.64,0.03401214,0,0,1776183509672,False,True
0,85.64,7.7625,0,0,1776183509672,False,True
0,85.64,0.05737,0,0,1776183510204,True,True
0,85.64,0.02521,0,0,1776183512252,True,True
0,85.64,37.38393274,0,0,1776183516515,True,True
0,85.64,6.68718606,0,0,1776183528612,True,True
0,85.64,16.85053001,0,0,1776183528612,True,True
0,85.64,0.28049,0,0,1776183530974,True,True
0,85.63,0.03401379,0,0,1776183531102,False,True
0,85.62,0.03401542,0,0,1776183531102,False,True
0,85.61,0.03401706,0,0,1776183531102,False,True
0,85.61,0.60566158,0,0,1776183531102,False,True
0,85.6,0.03401869,0,0,1776183532892,False,True
0,85.59,0.04673388,0,0,1776183532892,False,True
0,85.59,0.03402032,0,0,1776183532892,False,True
0,85.58,0.03402197,0,0,1776183532892,False,True
0,85.57,7.7625,0,0,1776183532892,False,True
0,85.57,0.03402361,0,0,1776183532892,False,True
0,85.57,3.66234259,0,0,1776183532892,False,True
0,85.57,0.62582526,0,0,1776183536786,False,True
0,85.58,1.14278,0,0,1776183538041,True,True
0,85.57,16.47640758,0,0,1776183539326,False,True
0,85.57,14.43369441,0,0,1776183539339,False,True
0,85.57,4.80938014,0,0,1776183539339,False,True
0,85.57,6.01172652,0,0,1776183539339,False,True
0,85.57,3.6070351,0,0,1776183539339,False,True
0,85.57,10.82110533,0,0,1776183539339,False,True
0,85.57,16.55248307,0,0,1776183539348,False,True
0,85.56,0.03402524,0,0,1776183539410,False,True
0,85.55,0.03402689,0,0,1776183539518,False,True
0,85.55,0.04270835,0,0,1776183543126,True,True
0,85.54,0.17533606,0,0,1776183549480,False,True
0,85.54,0.03402853,0,0,1776183549480,False,True
0,85.53,1.35629559,0,0,1776183549480,False,True
0,85.53,0.03403016,0,0,1776183549480,False,True
0,85.52,0.03403181,0,0,1776183549480,False,True
0,85.51,0.03403345,0,0,1776183549480,False,True
0,85.51,7.7625,0,0,1776183549480,False,True
0,85.51,46.8456023,0,0,1776183549480,False,True
0,85.51,50.52067555,0,0,1776183549481,False,True
0,85.51,1.63372215,0,0,1776183549481,False,True
0,85.5,0.03403508,0,0,1776183549483,False,True
0,85.5,0.05847953,0,0,1776183549483,False,True
0,85.49,0.03403673,0,0,1776183549484,False,True
0,85.49,12.0,0,0,1776183549484,False,True
0,85.48,0.03403837,0,0,1776183549487,False,True
0,85.48,1.02447995,0,0,1776183549487,False,True
0,85.49,12.0,0,0,1776183549583,False,True
0,85.48,6.2671826,0,0,1776183549583,False,True
0,85.47,0.03404002,0,0,1776183549583,False,True
0,85.47,0.25,0,0,1776183549583,False,True
0,85.47,0.11700011,0,0,1776183549583,False,True
0,85.61,0.23616,0,0,1776183573317,True,True
0,85.61,0.01145,0,0,1776183575036,True,True
0,85.63,3.26614,0,0,1776183579533,True,True
0,85.62,7.7625,0,0,1776183590085,False,True
0,85.62,17.86419,0,0,1776183590085,False,True
0,85.62,20.32110154,0,0,1776183590085,False,True
0,85.61,2.18990951,0,0,1776183590091,False,True
0,85.61,2.18990951,0,0,1776183590091,False,True
0,85.61,5.62018098,0,0,1776183590091,False,True
0,85.59,1.18171135,0,0,1776183590093,False,True
0,85.59,7.2375,0,0,1776183590095,False,True
0,85.59,1.18171135,0,0,1776183590096,False,True
0,85.59,2.3990773,0,0,1776183590101,False,True
0,85.59,12.0,0,0,1776183590143,False,True
0,85.56,7.7625,0,0,1776183590143,False,True
0,85.56,0.25,0,0,1776183590143,False,True
0,85.56,1.16877045,0,0,1776183590143,False,True
0,85.55,7.7625,0,0,1776183590143,False,True
0,85.58,0.72665,0,0,1776183590236,True,True
0,85.57,0.02329,0,0,1776183590624,True,True
0,85.56,0.04217216,0,0,1776183590946,False,True
0,85.55,0.5806,0,0,1776183595017,False,True
0,85.56,1.3043,0,0,1776183596600,True,True
0,85.55,4.37259841,0,0,1776183604938,True,True
0,85.54,0.03529974,0,0,1776183608312,False,True
0,85.55,16.43582609,0,0,1776183609900,False,True
0,85.56,0.09946,0,0,1776183613493,True,True
0,85.56,1.54936467,0,0,1776183613980,True,True
0,85.61,0.17486345,0,0,1776183621088,True,True
0,85.61,5.77947,0,0,1776183622257,False,True
0,85.61,0.01699,0,0,1776183630914,True,True
0,85.61,0.01697,0,0,1776183633658,True,True
0,85.64,0.17480219,0,0,1776183654323,True,True
0,85.64,0.57239,0,0,1776183655525,True,True
0,85.64,1.55301261,0,0,1776183660632,True,True
0,85.64,0.02482,0,0,1776183664169,True,True
0,85.64,5.49212664,0,0,1776183665304,True,True
0,85.64,0.02948,0,0,1776183667776,True,True
0,85.64,13.84925857,0,0,1776183668979,True,True
0,85.64,21.77168969,0,0,1776183668979,True,True
0,85.64,3.30793411,0,0,1776183668979,True,True
0,85.64,0.56822348,0,0,1776183668979,True,True
0,85.63,0.62571,0,0,1776183669234,False,True
0,85.63,0.56487741,0,0,1776183674157,False,True
0,85.6,0.02281,0,0,1776183674673,False,True
0,85.55,0.42080655,0,0,1776183680414,True,True
0,85.52,0.11686338,0,0,1776183682406,True,True
0,85.51,0.01987,0,0,1776183682865,False,True
0,85.51,0.87977,0,0,1776183685462,True,True
0,85.5,0.36554385,0,0,1776183700441,False,True
0,85.5,7.7625,0,0,1776183700441,False,True
0,85.5,0.72889615,0,0,1776183700441,False,True
0,85.48,0.02336,0,0,1776183709859,False,True
0,85.46,0.02336,0,0,1776183713205,False,True
0,85.48,0.31336,0,0,1776183713642,True,True
0,85.49,0.26254395,0,0,1776183722696,True,True
0,85.49,0.26254395,0,0,1776183722696,True,True
0,85.48,0.0254,0,0,1776183727057,True,True
0,85.46,0.02909,0,0,1776183731554,False,True
0,85.46,0.60476,0,0,1776183733298,False,True
0,85.47,0.23392453,0,0,1776183737641,False,True
0,85.46,0.01261,0,0,1776183739303,False,True
0,85.47,0.10483387,0,0,1776183746500,True,True
0,85.54,17.86419,0,0,1776183754599,False,True
0,85.54,3.07164742,0,0,1776183754599,False,True
0,85.54,7.7625,0,0,1776183754599,False,True
0,85.54,2.86448829,0,0,1776183754599,False,True
0,85.54,116.90437222,0,0,1776183754599,False,True
0,85.53,17.86419,0,0,1776183754599,False,True
0,85.53,7.7625,0,0,1776183754599,False,True
0,85.53,12.0,0,0,1776183754599,False,True
0,85.53,81.90990753,0,0,1776183754599,False,True
0,85.52,7.7625,0,0,1776183754599,False,True
0,85.52,17.95667005,0,0,1776183754599,False,True
0,85.52,2.52863905,0,0,1776183754599,False,True
0,85.51,7.7625,0,0,1776183754599,False,True
0,85.51,80.075618,0,0,1776183754599,False,True
0,85.5,7.7625,0,0,1776183754599,False,True
0,85.5,173.79047063,0,0,1776183754599,False,True
0,85.48,7.7625,0,0,1776183754599,False,True
0,85.48,9.6,0,0,1776183754599,False,True
0,85.48,90.494601,0,0,1776183754599,False,True
0,85.48,426.50020581,0,0,1776183754599,False,True
0,85.54,2.83892,0,0,1776183754990,False,True
0,85.57,2.0,0,0,1776183757384,False,True
0,85.57,0.031,0,0,1776183762532,False,True
0,85.59,0.02264,0,0,1776183763911,True,True
0,85.64,0.97282,0,0,1776183780333,True,True
0,85.64,14.02718,0,0,1776183780788,True,True
0,85.65,7.7625,0,0,1776183780788,True,True
0,85.66,7.7625,0,0,1776183780788,True,True
0,85.66,7.38882,0,0,1776183780788,True,True
0,85.66,0.07763078,0,0,1776183782063,True,True
0,85.68,0.22459939,0,0,1776183783258,True,True
0,85.67,7.7625,0,0,1776183786741,True,True
0,85.67,0.59635,0,0,1776183786741,True,True
0,85.67,0.5652,0,0,1776183792152,True,True
0,85.66,0.02339,0,0,1776183803406,False,True
0,85.66,0.03818818,0,0,1776183806402,True,True
0,85.66,0.22394514,0,0,1776183815337,False,True
0,85.66,0.01404138,0,0,1776183815984,False,True
0,85.68,2.10496,0,0,1776183819566,True,True
0,85.68,0.02688,0,0,1776183821382,True,True
0,85.66,0.02897,0,0,1776183838056,False,True
0,85.67,0.02313,0,0,1776183839651,True,True
0,85.67,2.781188,0,0,1776183839901,True,True
0,85.67,0.43954,0,0,1776183848037,True,True
0,85.65,0.03777394,0,0,1776183848937,False,True
0,85.66,1.16740602,0,0,1776183855350,False,True
0,85.65,0.5442459,0,0,1776183855380,False,True
0,85.62,1.08531,0,0,1776183856398,True,True
0,85.6,0.03824,0,0,1776183860236,False,True
0,85.61,0.11565,0,0,1776183869046,True,True
0,85.61,9.40072055,0,0,1776183872420,True,True
0,85.61,8.40467597,0,0,1776183872420,True,True
0,85.6,1.16588785,0,0,1776183875691,False,True
0,85.55,1.55301261,0,0,1776183883851,False,True
0,85.58,1.25559665,0,0,1776183901316,True,True
0,85.62,0.20759067,0,0,1776183903152,True,True
0,85.6,1.52198,0,0,1776183911993,True,True
0,85.59,10.49038,0,0,1776183916564,False,True
0,85.58,0.29719,0,0,1776183921073,False,True
0,85.59,10.202838,0,0,1776183921874,True,True
0,85.59,12.431492,0,0,1776183921874,True,True
0,85.58,0.21873,0,0,1776183936241,True,True
0,85.57,0.0264,0,0,1776183938826,False,True
0,85.58,0.01991,0,0,1776183939940,True,True
0,85.58,0.01220729,0,0,1776183941177,True,True
0,85.58,0.04016263,0,0,1776183942104,True,True
0,85.59,8.89087161,0,0,1776183942104,True,True
0,85.6,9.06896576,0,0,1776183942104,True,True
0,85.59,0.14289678,0,0,1776183945042,False,True
0,85.6,0.02838,0,0,1776183951458,True,True
0,85.6,0.06112,0,0,1776183955242,True,True
0,85.6,40.84580993,0,0,1776183965296,True,True
0,85.63,0.23367215,0,0,1776183967753,False,True
0,85.67,0.93279577,0,0,1776183968923,True,True
0,85.66,0.14946151,0,0,1776183970573,False,True
0,85.67,14.06720423,0,0,1776183973469,True,True
0,85.69,7.7625,0,0,1776183973469,True,True
0,85.69,10.202838,0,0,1776183973469,True,True
0,85.69,25.50533534,0,0,1776183973469,True,True
0,85.69,52.56693333,0,0,1776183973469,True,True
0,85.69,2.40384822,0,0,1776183973470,True,True
0,85.69,9.61540232,0,0,1776183973472,True,True
0,85.69,1.20192446,0,0,1776183973472,True,True
0,85.72,0.03391,0,0,1776183975613,True,True
0,85.72,0.02827,0,0,1776183976052,True,True
0,85.75,0.0285,0,0,1776183981295,False,True
0,85.75,2.33236152,0,0,1776183987703,True,True
0,85.75,0.11489,0,0,1776183991601,True,True
0,85.75,0.033354,0,0,1776184000756,True,True
0,85.75,0.66981999,0,0,1776184001515,False,True
0,85.76,0.36554385,0,0,1776184005672,True,True
0,85.78,0.26893,0,0,1776184008255,True,True
0,85.79,0.54780769,0,0,1776184024185,True,True
0,85.81,1.25049869,0,0,1776184024185,True,True
0,85.77,2.42573,0,0,1776184031003,False,True
0,85.77,2.0,0,0,1776184032685,False,True
0,85.79,0.03391,0,0,1776184042019,False,True
0,85.8,0.05050466,0,0,1776184067106,True,True
0,85.78,0.12438797,0,0,1776184078535,True,True
0,85.78,0.01753,0,0,1776184080684,False,True
0,85.78,0.03182,0,0,1776184080685,False,True
0,85.77,0.23270147,0,0,1776184082770,True,True
0,85.76,0.26391225,0,0,1776184085679,True,True
0,85.76,0.01681669,0,0,1776184087511,True,True
0,85.76,0.51779455,0,0,1776184087604,True,True
0,85.75,0.23632325,0,0,1776184090654,False,True
0,85.75,7.76367675,0,0,1776184093458,False,True
0,85.71,14.05068629,0,0,1776184093484,False,True
0,85.71,48.49364969,0,0,1776184093485,False,True
0,85.71,2.62922619,0,0,1776184093486,False,True
0,85.71,13.14613094,0,0,1776184093486,False,True
0,85.71,2.40581289,0,0,1776184093497,False,True
0,85.71,4.81162578,0,0,1776184093497,False,True
0,85.71,4.81162578,0,0,1776184093499,False,True
0,85.71,4.81162579,0,0,1776184093499,False,True
0,85.71,2.40581289,0,0,1776184093505,False,True
0,85.71,0.33649349,0,0,1776184093510,False,True
0,85.71,9.00618904,0,0,1776184093512,False,True
0,85.69,1.0,0,0,1776184109003,True,True
0,85.68,0.0128,0,0,1776184111514,False,True
0,85.69,0.05834987,0,0,1776184111936,True,True
0,85.67,0.05707,0,0,1776184121231,True,True
0,85.68,0.0147,0,0,1776184135224,True,True
0,85.73,0.04097398,0,0,1776184148156,True,True
0,85.72,5.78674755,0,0,1776184158476,True,True
0,85.7,1.20575,0,0,1776184168656,True,True
0,85.73,0.116997,0,0,1776184194103,True,True
0,85.72,0.32672,0,0,1776184196084,True,True
0,85.67,0.20707956,0,0,1776184204781,True,True
0,85.67,0.22898,0,0,1776184216792,True,True
0,85.71,0.07758314,0,0,1776184228036,True,True
0,85.7,0.07844,0,0,1776184234373,True,True
0,85.7,0.56507,0,0,1776184234971,True,True
0,85.66,3.502,0,0,1776184246959,False,True
0,85.67,10.0,0,0,1776184249224,True,True
0,85.69,1.0,0,0,1776184250222,False,True
0,85.72,0.35612557,0,0,1776184260461,False,True
0,85.72,1.20161,0,0,1776184264959,False,True
0,85.73,0.04262101,0,0,1776184270652,True,True
0,85.73,0.36834713,0,0,1776184272213,True,True
0,85.71,0.02243467,0,0,1776184275211,True,True
0,85.73,5.71651694,0,0,1776184281947,True,True
0,85.73,0.35582306,0,0,1776184281947,True,True
0,85.71,17.86419,0,0,1776184284630,False,True
0,85.71,7.7625,0,0,1776184284630,False,True
0,85.7,6.84869,0,0,1776184284630,False,True
0,85.72,81.66508826,0,0,1776184310611,True,True
0,85.73,7.7625,0,0,1776184310611,True,True
0,85.73,116.64725947,0,0,1776184310611,True,True
0,85.74,7.7625,0,0,1776184310611,True,True
0,85.74,6.47030227,0,0,1776184310611,True,True
0,85.73,0.17461869,0,0,1776184312305,True,True
0,85.72,0.02041,0,0,1776184317411,True,True
0,85.7,0.033354,0,0,1776184320564,False,True
0,85.72,0.01155,0,0,1776184321035,True,True
0,85.7,17.45015323,0,0,1776184326484,False,True
0,85.72,0.03129491,0,0,1776184339800,False,True
0,85.72,0.17463906,0,0,1776184383808,True,True
0,85.71,0.02684,0,0,1776184392417,False,True
0,85.72,0.10587,0,0,1776184399776,True,True
0,85.72,10.55802,0,0,1776184403012,True,True
0,85.71,11.97316,0,0,1776184406491,False,True
0,85.71,7.7625,0,0,1776184406491,False,True
0,85.71,1.90721298,0,0,1776184406491,False,True
0,85.74,0.39952,0,0,1776184411830,True,True
0,85.7,0.08109684,0,0,1776184441642,True,True
0,85.7,14.64983306,0,0,1776184442213,True,True
0,85.7,17.35016694,0,0,1776184442213,True,True
0,85.7,0.02249,0,0,1776184450725,True,True
0,85.69,0.36508344,0,0,1776184457574,False,True
0,85.69,0.93028359,0,0,1776184457574,False,True
0,85.7,0.33229,0,0,1776184467643,True,True
0,85.7,60.17535876,0,0,1776184485865,True,True
0,85.7,0.03882,0,0,1776184490483,True,True
0,85.69,0.03509709,0,0,1776184496593,False,True
0,85.69,1.14537427,0,0,1776184502811,False,True
0,85.69,10.4895018,0,0,1776184504096,False,True
0,85.69,1.25331695,0,0,1776184504799,True,True
0,85.69,7.7625,0,0,1776184504799,True,True
0,85.69,0.84475305,0,0,1776184504799,True,True
0,85.68,0.02,0,0,1776184504829,False,True
0,85.65,22.82369,0,0,1776184506859,True,True
0,85.64,1.0,0,0,1776184511016,False,True
0,85.6,2.0,0,0,1776184513552,False,True
0,85.6,0.10464089,0,0,1776184524024,True,True
0,85.6,0.12750262,0,0,1776184526042,True,True
0,85.6,0.92505201,0,0,1776184528318,True,True
0,85.61,2.97302799,0,0,1776184528318,True,True
0,85.62,2.93208,0,0,1776184531115,True,True
0,85.6,0.07593,0,0,1776184532162,False,True
0,85.61,1.30445,0,0,1776184533841,True,True
0,85.6,7.7625,0,0,1776184536379,False,True
0,85.6,3.09320066,0,0,1776184536379,False,True
0,85.59,7.7625,0,0,1776184536379,False,True
0,85.59,81.38179934,0,0,1776184536379,False,True
0,85.6,0.02333,0,0,1776184537308,False,True
0,85.58,2.0,0,0,1776184540404,False,True
0,85.58,0.4295,0,0,1776184540404,False,True
0,85.58,7.333,0,0,1776184541105,False,True
0,85.58,3.17106815,0,0,1776184541105,False,True
0,85.57,7.7361,0,0,1776184541105,False,True
0,85.57,0.15811616,0,0,1776184541105,False,True
0,85.57,41.08947,0,0,1776184541105,False,True
0,85.57,40.51224569,0,0,1776184541105,False,True
0,85.56,0.18676634,0,0,1776184542617,True,True
0,85.53,2.0,0,0,1776184557876,False,True
0,85.51,7.7625,0,0,1776184557876,False,True
0,85.51,90.2375,0,0,1776184557876,False,True
0,85.51,3.21608777,0,0,1776184559644,False,True
0,85.52,0.23437317,0,0,1776184564146,True,True
0,85.52,0.55135,0,0,1776184565078,True,True
0,85.52,0.25872,0,0,1776184567248,True,True
0,85.52,0.8432048,0,0,1776184569640,True,True
0,85.52,0.59480802,0,0,1776184570922,True,True
0,85.54,5.62820269,0,0,1776184570922,True,True
0,85.51,0.02336,0,0,1776184577265,False,True
0,85.54,17.86419,0,0,1776184586755,False,True
0,85.54,7.7625,0,0,1776184586755,False,True
0,85.54,116.90437222,0,0,1776184586755,False,True
0,85.54,8.40427747,0,0,1776184586755,False,True
0,85.54,2.8746831,0,0,1776184586755,False,True
0,85.53,7.7625,0,0,1776184586755,False,True
0,85.53,41.17884,0,0,1776184586755,False,True
0,85.53,204.74760145,0,0,1776184586755,False,True
0,85.52,7.7625,0,0,1776184586755,False,True
0,85.52,7.9,0,0,1776184586755,False,True
0,85.52,81.8633827,0,0,1776184586755,False,True
0,85.51,7.7625,0,0,1776184586755,False,True
0,85.51,12.83934288,0,0,1776184586755,False,True
0,85.51,31.08845553,0,0,1776184586755,False,True
0,85.51,25.50533534,0,0,1776184586755,False,True
0,85.51,2.52893476,0,0,1776184586755,False,True
0,85.5,7.7625,0,0,1776184586755,False,True
0,85.5,1.39835455,0,0,1776184586755,False,True
0,85.56,10.202838,0,0,1776184587536,True,True
0,85.57,7.7625,0,0,1776184587536,True,True
0,85.57,1.986602,0,0,1776184587536,True,True
0,85.58,17.86419,0,0,1776184588848,False,True
0,85.57,7.7625,0,0,1776184588848,False,True
0,85.57,17.86419,0,0,1776184588848,False,True
0,85.57,56.50912,0,0,1776184588848,False,True
0,85.59,0.36508344,0,0,1776184589994,False,True
0,85.59,17.86419,0,0,1776184592148,False,True
0,85.59,7.7625,0,0,1776184592148,False,True
0,85.59,3.50532025,0,0,1776184592148,False,True
0,85.58,7.7625,0,0,1776184592148,False,True
0,85.58,12.0,0,0,1776184592148,False,True
0,85.58,17.57060513,0,0,1776184592148,False,True
0,85.58,7.81697403,0,0,1776184592148,False,True
0,85.58,25.71791059,0,0,1776184592148,False,True
0,85.6,17.86419,0,0,1776184594585,False,True
0,85.6,7.7625,0,0,1776184594585,False,True
0,85.6,2.97079206,0,0,1776184594585,False,True
0,85.6,71.40251794,0,0,1776184594585,False,True
0,85.63,0.27257,0,0,1776184600343,True,True
0,85.6,17.86419,0,0,1776184605188,False,True
0,85.59,7.7625,0,0,1776184605188,False,True
0,85.59,9.83273329,0,0,1776184605188,False,True
0,85.59,7.73787184,0,0,1776184605188,False,True
0,85.59,56.80270487,0,0,1776184605188,False,True
0,85.59,2.84398405,0,0,1776184607056,False,True
0,85.58,7.7625,0,0,1776184607056,False,True
0,85.58,12.0,0,0,1776184607056,False,True
0,85.58,77.39351595,0,0,1776184607056,False,True
0,85.58,7.7625,0,0,1776184609839,False,True
0,85.58,2.8314727,0,0,1776184609839,False,True
0,85.58,89.4060273,0,0,1776184609839,False,True
0,85.57,7.7625,0,0,1776184613974,False,True
0,85.57,12.0,0,0,1776184613974,False,True
0,85.57,17.57060513,0,0,1776184613974,False,True
0,85.57,62.66689487,0,0,1776184613974,False,True
0,85.6,3.26652,0,0,1776184618626,True,True
0,85.59,17.86419,0,0,1776184622265,False,True
0,85.59,7.7625,0,0,1776184622265,False,True
0,85.59,2.93169028,0,0,1776184622265,False,True
0,85.58,17.86419,0,0,1776184622265,False,True
0,85.58,7.7625,0,0,1776184622265,False,True
0,85.58,3.44462343,0,0,1776184622265,False,True
0,85.58,42.37030629,0,0,1776184622265,False,True
0,85.59,7.24398,0,0,1776184623972,True,True
0,85.59,17.86419,0,0,1776184624883,False,True
0,85.59,3.47822698,0,0,1776184624883,False,True
0,85.59,2.97083534,0,0,1776184624883,False,True
0,85.59,7.7625,0,0,1776184624883,False,True
0,85.59,67.92424768,0,0,1776184624883,False,True
0,85.63,1.0,0,0,1776184628308,True,True
0,85.62,7.7625,0,0,1776184629597,False,True
0,85.62,17.86419,0,0,1776184629597,False,True
0,85.62,2.90917487,0,0,1776184629597,False,True
0,85.62,71.46413513,0,0,1776184629597,False,True
0,85.63,3.48393923,0,0,1776184632223,False,True
0,85.62,7.7625,0,0,1776184632223,False,True
0,85.62,2.95588484,0,0,1776184632223,False,True
0,85.62,17.86419,0,0,1776184632223,False,True
0,85.62,67.93348593,0,0,1776184632223,False,True
0,85.66,0.0518,0,0,1776184633139,True,True
0,85.62,1.07710621,0,0,1776184639786,False,True
0,85.64,3.40391014,0,0,1776184641792,False,True
0,85.64,6.63066956,0,0,1776184641792,False,True
0,85.67,0.11994908,0,0,1776184644893,True,True
0,85.66,0.0718704,0,0,1776184644978,True,True
0,85.66,2.17496,0,0,1776184649688,True,True
0,85.66,17.86419,0,0,1776184657180,False,True
0,85.66,3.10059443,0,0,1776184657180,False,True
0,85.66,14.22104003,0,0,1776184660897,True,True
0,85.66,24.38852733,0,0,1776184660912,True,True
0,85.66,40.42564821,0,0,1776184660912,True,True
0,85.7,0.01141,0,0,1776184668428,True,True
0,85.7,2.82664906,0,0,1776184681704,True,True
0,85.7,161.62402721,0,0,1776184681721,True,True
0,85.7,118.46336873,0,0,1776184681724,True,True
0,85.7,123.91537025,0,0,1776184681756,True,True
0,85.7,15.24004905,0,0,1776184681759,True,True
0,85.7,0.20221249,0,0,1776184681759,True,True
0,85.75,0.36476636,0,0,1776184684884,True,True
0,85.74,12.0,0,0,1776184690241,False,True
0,85.73,4.92043,0,0,1776184692637,False,True
0,85.73,95.07957,0,0,1776184692637,False,True
0,85.72,7.7625,0,0,1776184694443,False,True
0,85.72,10.68357438,0,0,1776184694443,False,True
0,85.72,12.0,0,0,1776184694443,False,True
0,85.72,69.55392562,0,0,1776184694443,False,True
0,85.71,12.0,0,0,1776184697004,False,True
0,85.71,88.0,0,0,1776184697004,False,True
0,85.71,100.0,0,0,1776184699956,False,True
0,85.68,7.7625,0,0,1776184706776,False,True
0,85.68,92.2375,0,0,1776184706776,False,True
0,85.68,2.52391703,0,0,1776184709404,False,True
0,85.67,7.7625,0,0,1776184709404,False,True
0,85.67,10.6,0,0,1776184709404,False,True
0,85.67,12.0,0,0,1776184709404,False,True
0,85.67,17.57060513,0,0,1776184709404,False,True
0,85.67,49.54297784,0,0,1776184709404,False,True
0,85.67,0.12561576,0,0,1776184710363,False,True
0,85.7,2.52327756,0,0,1776184713828,False,True
0,85.7,97.47672244,0,0,1776184713828,False,True
0,85.69,12.0,0,0,1776184715882,False,True
0,85.69,88.0,0,0,1776184715882,False,True
0,85.71,93.64049534,0,0,1776184718210,False,True
0,85.71,6.35950466,0,0,1776184718210,False,True
0,85.71,100.0,0,0,1776184720830,False,True
0,85.72,0.0202244,0,0,1776184721229,True,True
0,85.73,0.0105406,0,0,1776184721229,True,True
0,85.72,7.7625,0,0,1776184723462,False,True
0,85.72,30.0,0,0,1776184723462,False,True
0,85.72,62.2375,0,0,1776184723462,False,True
0,85.72,0.02842,0,0,1776184723758,False,True
0,85.73,0.02049792,0,0,1776184731078,True,True
0,85.74,0.46326208,0,0,1776184731078,True,True
0,85.72,0.14613,0,0,1776184731641,False,True
0,85.72,100.0,0,0,1776184734989,False,True
0,85.71,100.0,0,0,1776184739915,False,True
0,85.72,0.02013764,0,0,1776184741349,True,True
0,85.72,5.41769236,0,0,1776184741349,True,True
0,85.7,12.0,0,0,1776184741658,False,True
0,85.7,0.44321803,0,0,1776184742834,True,True
0,85.68,12.0,0,0,1776184745185,False,True
0,85.67,7.7625,0,0,1776184745185,False,True
0,85.67,17.57060513,0,0,1776184745185,False,True
0,85.67,44.82742319,0,0,1776184745185,False,True
0,85.67,17.83947168,0,0,1776184745185,False,True
0,85.68,100.0,0,0,1776184746926,False,True
0,85.69,0.02555,0,0,1776184748472,True,True
0,85.68,100.0,0,0,1776184749518,False,True
0,85.66,12.0,0,0,1776184751337,False,True
0,85.65,7.7625,0,0,1776184751337,False,True
0,85.65,80.2375,0,0,1776184751337,False,True
0,85.63,7.7625,0,0,1776184754878,False,True
0,85.63,92.2375,0,0,1776184754878,False,True
0,85.64,0.18676634,0,0,1776184755592,False,True
0,85.63,100.0,0,0,1776184756744,False,True
0,85.63,100.0,0,0,1776184758848,False,True
0,85.63,100.0,0,0,1776184760770,False,True
0,85.63,100.0,0,0,1776184762353,False,True
0,85.63,100.0,0,0,1776184763992,False,True
0,85.63,100.0,0,0,1776184765919,False,True
0,85.62,12.0,0,0,1776184767616,False,True
0,85.62,88.0,0,0,1776184767616,False,True
0,85.63,0.48726,0,0,1776184768512,True,True
0,85.61,7.7625,0,0,1776184773108,False,True
0,85.61,92.2375,0,0,1776184773108,False,True
0,85.62,17.23939918,0,0,1776184775527,False,True
0,85.63,100.0,0,0,1776184775882,False,True
0,85.64,100.0,0,0,1776184778604,False,True
0,85.66,100.0,0,0,1776184780456,False,True
0,85.64,12.0,0,0,1776184784545,False,True
0,85.64,2.52509588,0,0,1776184784545,False,True
0,85.64,7.7625,0,0,1776184784545,False,True
0,85.64,1.19274998,0,0,1776184786225,True,True
0,85.63,7.7625,0,0,1776184786542,False,True
0,85.63,9.93044885,0,0,1776184786542,False,True
0,85.63,81.76136835,0,0,1776184786542,False,True
0,85.63,0.5456828,0,0,1776184786542,False,True
0,85.64,0.05059538,0,0,1776184786796,True,True
0,85.63,0.02319,0,0,1776184787487,False,True
0,85.63,7.6311272,0,0,1776184788563,False,True
0,85.63,12.0,0,0,1776184788563,False,True
0,85.63,80.3688728,0,0,1776184788563,False,True
0,85.63,2.52539077,0,0,1776184790407,False,True
0,85.63,81.76136835,0,0,1776184790407,False,True
0,85.63,7.7625,0,0,1776184790407,False,True
0,85.63,7.95074088,0,0,1776184790407,False,True
0,85.63,100.0,0,0,1776184792344,False,True
0,85.63,1.23473,0,0,1776184797225,False,True
0,85.64,0.58383933,0,0,1776184803023,True,True
0,85.63,10.28342015,0,0,1776184805935,False,True
0,85.63,56.54618,0,0,1776184816001,True,True
0,85.63,7.7625,0,0,1776184828465,False,True
0,85.63,1.17008928,0,0,1776184828465,False,True
0,85.63,1.91056155,0,0,1776184833435,False,True
0,85.63,0.02956409,0,0,1776184843944,True,True
0,85.63,2.91604543,0,0,1776184843944,True,True
0,85.63,0.54883048,0,0,1776184843944,True,True
0,85.63,0.02239,0,0,1776184850414,True,True
0,85.62,2.0,0,0,1776184852928,False,True
0,85.6,0.80333,0,0,1776184874672,True,True
0,85.6,0.02777,0,0,1776184885368,False,True
0,85.61,0.00654417,0,0,1776184895607,True,True
0,85.62,0.57721017,0,0,1776184895607,True,True
0,85.62,0.96299566,0,0,1776184895607,True,True
0,85.6,93.8822345,0,0,1776184897443,False,True
0,85.6,116.81606658,0,0,1776184897443,False,True
0,85.6,30.0,0,0,1776184897443,False,True
0,85.59,7.7625,0,0,1776184897443,False,True
0,85.59,0.36550998,0,0,1776184897443,False,True
0,85.59,17.57060513,0,0,1776184897443,False,True
0,85.58,7.7625,0,0,1776184897443,False,True
0,85.58,12.0,0,0,1776184897443,False,True
0,85.58,11.27210625,0,0,1776184897443,False,True
0,85.58,81.77592834,0,0,1776184897443,False,True
0,85.58,123.5927463,0,0,1776184897443,False,True
0,85.57,30.0,0,0,1776184897443,False,True
0,85.57,7.7625,0,0,1776184897443,False,True
0,85.57,11.51476573,0,0,1776184897443,False,True
0,85.57,17.57060513,0,0,1776184897443,False,True
0,85.57,2.52716152,0,0,1776184897443,False,True
0,85.6,93.8822345,0,0,1776184897573,False,True
0,85.59,12.0,0,0,1776184897573,False,True
0,85.59,7.7625,0,0,1776184897573,False,True
0,85.57,51.73108636,0,0,1776184897573,False,True
0,85.57,30.04484198,0,0,1776184897608,False,True
0,85.57,15.64775627,0,0,1776184897608,False,True
0,85.57,7.7625,0,0,1776184897608,False,True
0,85.57,30.0,0,0,1776184897608,False,True
0,85.57,2.52713625,0,0,1776184897608,False,True
0,85.56,7.7625,0,0,1776184897608,False,True
0,85.56,71.63108636,0,0,1776184897608,False,True
0,85.59,116.83607898,0,0,1776184897875,False,True
0,85.58,93.8822345,0,0,1776184897875,False,True
0,85.59,0.07468,0,0,1776184905572,True,True
0,85.59,2.34327,0,0,1776184908059,True,True
0,85.59,0.21493,0,0,1776184908158,True,True
0,85.59,0.04009253,0,0,1776184922264,True,True
0,85.6,1.7122486,0,0,1776184922264,True,True
0,85.59,0.02619,0,0,1776184922441,True,True
0,85.59,0.01409184,0,0,1776184923492,True,True
0,85.59,0.02859889,0,0,1776184923492,True,True
0,85.59,0.51519956,0,0,1776184924244,True,True
0,85.58,0.15,0,0,1776184928771,False,True
0,85.58,4.49008614,0,0,1776184928771,False,True
0,85.59,0.2149,0,0,1776184932286,True,True
0,85.59,1.08234075,0,0,1776184937389,True,True
0,85.6,0.03968711,0,0,1776184937389,True,True
0,85.61,48.87797214,0,0,1776184937389,True,True
0,85.6,0.06475,0,0,1776184940447,False,True
0,85.6,7.69775,0,0,1776184940764,False,True
0,85.6,32.30225,0,0,1776184940764,False,True
0,85.6,40.0,0,0,1776184941994,False,True
0,85.6,25.0,0,0,1776184943225,False,True
0,85.6,7.7625,0,0,1776184943225,False,True
0,85.6,7.2375,0,0,1776184943225,False,True
0,85.57,7.7625,0,0,1776184944454,False,True
0,85.57,17.57060513,0,0,1776184944454,False,True
0,85.57,14.66689487,0,0,1776184944454,False,True
0,85.59,0.07682195,0,0,1776184945302,True,True
0,85.57,40.0,0,0,1776184945683,False,True
0,85.57,27.10903347,0,0,1776184946911,False,True
0,85.57,12.89096653,0,0,1776184946911,False,True
0,85.57,40.0,0,0,1776184948166,False,True
0,85.56,40.0,0,0,1776184949391,False,True
0,85.56,40.0,0,0,1776184950623,False,True
0,85.56,12.0,0,0,1776184951856,False,True
0,85.56,7.7625,0,0,1776184951856,False,True
0,85.56,20.2375,0,0,1776184951856,False,True
0,85.56,40.0,0,0,1776184953084,False,True
0,85.56,40.0,0,0,1776184954320,False,True
0,85.56,7.7625,0,0,1776184955589,False,True
0,85.56,32.2375,0,0,1776184955589,False,True
0,85.56,61.6979079,0,0,1776184956461,False,True
0,85.56,38.3020921,0,0,1776184956461,False,True
0,85.56,40.0,0,0,1776184956823,False,True
0,85.56,40.0,0,0,1776184958096,False,True
0,85.56,76.86722377,0,0,1776184958654,False,True
0,85.56,7.7625,0,0,1776184958654,False,True
0,85.55,7.7625,0,0,1776184959351,False,True
0,85.55,2.52772705,0,0,1776184959351,False,True
0,85.55,12.0,0,0,1776184959351,False,True
0,85.55,16.504325,0,0,1776184959351,False,True
0,85.55,1.20544795,0,0,1776184959351,False,True
0,85.55,8.69455205,0,0,1776184960592,False,True
0,85.55,31.30544795,0,0,1776184960592,False,True
0,85.56,40.0,0,0,1776184961821,False,True
0,85.56,40.0,0,0,1776184963050,False,True
0,85.56,100.0,0,0,1776184963791,False,True
0,85.56,40.0,0,0,1776184964289,False,True
0,85.56,40.0,0,0,1776184965525,False,True
0,85.56,40.0,0,0,1776184966790,False,True
0,85.56,40.0,0,0,1776184968077,False,True
0,85.55,12.0,0,0,1776184969307,False,True
0,85.55,22.789635,0,0,1776184969307,False,True
0,85.55,2.52775232,0,0,1776184969307,False,True
0,85.55,2.68261268,0,0,1776184969307,False,True
0,85.57,0.01415,0,0,1776184970516,True,True
0,85.56,40.0,0,0,1776184970613,False,True
0,85.56,40.0,0,0,1776184971891,False,True
0,85.56,40.0,0,0,1776184973123,False,True
0,85.56,40.0,0,0,1776184974391,False,True
0,85.57,0.01981,0,0,1776184974834,True,True
0,85.56,0.014,0,0,1776184975177,False,True
0,85.56,40.0,0,0,1776184975618,False,True
0,85.57,0.03129323,0,0,1776184976156,True,True
0,85.58,0.03370677,0,0,1776184976156,True,True
0,85.56,40.0,0,0,1776184976915,False,True
0,85.59,0.03843,0,0,1776184987470,False,True
0,85.59,0.17157894,0,0,1776184994206,False,True
0,85.6,2.8985,0,0,1776185001124,False,True
0,85.62,16.34901555,0,0,1776185010529,False,True
0,85.63,0.04994187,0,0,1776185015551,True,True
0,85.65,0.00094535,0,0,1776185015551,True,True
0,85.63,0.07335,0,0,1776185024432,False,True
0,85.63,0.0789443,0,0,1776185030680,True,True
0,85.59,0.05088722,0,0,1776185039612,False,True
0,85.59,0.030765,0,0,1776185040487,False,True
0,85.6,0.04787936,0,0,1776185040749,True,True
0,85.61,7.7625,0,0,1776185040749,True,True
0,85.62,7.7625,0,0,1776185040749,True,True
0,85.62,7.26414064,0,0,1776185040749,True,True
0,85.6,0.04752687,0,0,1776185042213,True,True
0,85.62,0.58725756,0,0,1776185042213,True,True
0,85.61,4.97455,0,0,1776185044192,False,True
0,85.62,0.19572,0,0,1776185051236,False,True
0,85.63,0.0122,0,0,1776185058397,False,True
0,85.6,0.04831138,0,0,1776185077226,True,True
0,85.61,0.51767862,0,0,1776185077226,True,True
0,85.6,0.02104906,0,0,1776185091277,True,True
0,85.59,0.5240898,0,0,1776185094952,False,True
0,85.6,0.02279439,0,0,1776185095188,True,True
0,85.6,0.0499,0,0,1776185101391,True,True
0,85.6,0.60753579,0,0,1776185105972,True,True
0,85.6,0.117133,0,0,1776185112799,True,True
0,85.59,11.68360789,0,0,1776185133323,False,True
0,85.59,51.93543969,0,0,1776185133323,False,True
0,85.59,37.79276821,0,0,1776185133323,False,True
0,85.59,0.2717921,0,0,1776185133365,False,True
0,85.55,0.06313388,0,0,1776185143153,False,True
