0,2052.29,0.00238829,0,0,1773273600386,True,True
0,2052.29,0.00242418,0,0,1773273600406,True,True
0,2052.28,0.03009947,0,0,1773273601854,False,True
0,2052.29,0.01206091,0,0,1773273607636,True,True
0,2052.29,0.03649599,0,0,1773273608903,True,True
0,2052.29,0.3514431,0,0,1773273610026,True,True
0,2052.29,0.61041217,0,0,1773273610026,True,True
0,2053.2,0.00082702,0,0,1773273614600,False,True
0,2053.35,8.581e-05,0,0,1773273614805,False,True
0,2053.33,0.00351,0,0,1773273620200,True,True
0,2053.03,0.01241,0,0,1773273621798,False,True
0,2053.15,0.0010009,0,0,1773273626652,False,True
0,2052.55,0.24363029,0,0,1773273635076,True,True
0,2052.57,0.00047759,0,0,1773273648044,True,True
0,2052.57,0.0023593,0,0,1773273648807,True,True
0,2052.57,0.00974389,0,0,1773273651053,True,True
0,2052.57,0.001,0,0,1773273651197,True,True
0,2052.57,0.38641922,0,0,1773273655323,True,True
0,2052.57,0.05256742,0,0,1773273655323,True,True
0,2052.88,0.15916909,0,0,1773273669076,True,True
0,2052.62,0.00584619,0,0,1773273679678,True,True
0,2052.54,0.4,0,0,1773273691386,True,True
0,2053.22,0.0283328,0,0,1773273695422,True,True
0,2052.77,0.13324837,0,0,1773273700270,False,True
0,2052.53,0.08931896,0,0,1773273702460,True,True
0,2052.43,0.00442136,0,0,1773273708058,True,True
0,2051.91,0.5875236,0,0,1773273733718,False,True
0,2051.81,1.09717118,0,0,1773273733718,False,True
0,2051.81,0.36545153,0,0,1773273733757,False,True
0,2051.81,0.53737729,0,0,1773273733762,False,True
0,2051.31,0.00140561,0,0,1773273739763,True,True
0,2051.23,0.09120203,0,0,1773273770972,True,True
0,2051.03,0.00096483,0,0,1773273787133,False,True
0,2051.28,0.048311,0,0,1773273797587,True,True
0,2051.0,0.08719263,0,0,1773273815244,False,True
0,2051.0,0.83410003,0,0,1773273815247,False,True
0,2051.0,9.07870734,0,0,1773273816449,False,True
0,2050.27,0.03442628,0,0,1773273831833,True,True
0,2050.62,0.00368193,0,0,1773273841716,True,True
0,2050.62,0.4,0,0,1773273849883,True,True
0,2051.22,0.014625,0,0,1773273857414,False,True
0,2051.3,6.666,0,0,1773273860786,True,True
0,2051.31,3.0,0,0,1773273860786,True,True
0,2051.31,0.15847069,0,0,1773273860786,True,True
0,2051.61,1.6714917,0,0,1773273860786,True,True
0,2051.63,0.00466128,0,0,1773273860786,True,True
0,2051.65,7.45628904,0,0,1773273860786,True,True
0,2051.68,0.00425944,0,0,1773273871614,True,True
0,2050.89,0.01779041,0,0,1773273886307,True,True
0,2050.89,0.2258743,0,0,1773273886307,True,True
0,2050.5,0.00143437,0,0,1773273916029,True,True
0,2050.33,0.01860138,0,0,1773273918392,False,True
0,2050.23,0.003414,0,0,1773273934038,False,True
0,2049.56,0.00150853,0,0,1773273940104,False,True
0,2049.92,0.01251268,0,0,1773273950423,True,True
0,2049.92,0.01449368,0,0,1773273952291,True,True
0,2049.92,0.00108594,0,0,1773273956025,True,True
0,2049.92,0.3719077,0,0,1773273956805,True,True
0,2049.92,4.95304207,0,0,1773273956805,True,True
0,2049.93,0.67273626,0,0,1773273956805,True,True
0,2050.21,0.1529658,0,0,1773273956805,True,True
0,2050.23,3.43820494,0,0,1773273956805,True,True
0,2049.48,0.00243964,0,0,1773273962820,True,True
0,2048.94,0.00947596,0,0,1773273971431,True,True
0,2049.89,0.04747991,0,0,1773273985826,True,True
0,2050.44,0.02272137,0,0,1773274003108,True,True
0,2049.93,0.20311684,0,0,1773274008589,True,True
0,2049.94,0.74465609,0,0,1773274008589,True,True
0,2049.3,0.00478214,0,0,1773274045091,True,True
0,2048.83,8.076,0,0,1773274048072,False,True
0,2048.82,1.924,0,0,1773274048072,False,True
0,2048.78,0.00073421,0,0,1773274078748,True,True
0,2048.78,1.87831889,0,0,1773274079095,True,True
0,2048.78,0.26317131,0,0,1773274079095,True,True
0,2048.69,0.5737,0,0,1773274079108,True,True
0,2048.77,0.17277933,0,0,1773274079111,True,True
0,2048.77,0.26954542,0,0,1773274079112,True,True
0,2048.77,0.48364227,0,0,1773274079133,True,True
0,2048.77,0.22229301,0,0,1773274079141,True,True
0,2049.43,0.00472681,0,0,1773274079624,True,True
0,2050.04,0.00673208,0,0,1773274096505,True,True
0,2050.04,0.00143469,0,0,1773274111032,True,True
0,2050.04,0.39183323,0,0,1773274113798,True,True
0,2050.81,0.00477424,0,0,1773274139023,True,True
0,2051.05,0.15456541,0,0,1773274139023,True,True
0,2050.81,0.4,0,0,1773274142405,False,True
0,2051.0,0.010817,0,0,1773274143250,True,True
0,2051.67,0.04950065,0,0,1773274161973,False,True
0,2052.85,0.05251874,0,0,1773274173654,True,True
0,2053.58,0.1,0,0,1773274174706,True,True
0,2053.7,0.02002126,0,0,1773274175082,True,True
0,2053.9,0.001,0,0,1773274175837,True,True
0,2054.82,1.87402415,0,0,1773274175837,True,True
0,2054.83,0.62497585,0,0,1773274175837,True,True
0,2053.89,0.01947742,0,0,1773274194544,True,True
0,2053.89,0.09737382,0,0,1773274194602,True,True
0,2053.54,0.01023574,0,0,1773274196167,False,True
0,2053.88,0.30249756,0,0,1773274196436,True,True
0,2053.58,0.0004715,0,0,1773274200972,True,True
0,2053.57,0.00047976,0,0,1773274204033,True,True
0,2053.58,0.56611841,0,0,1773274205489,True,True
0,2053.93,0.00338,0,0,1773274220119,True,True
0,2053.94,0.4,0,0,1773274220119,True,True
0,2054.46,0.00954497,0,0,1773274225892,True,True
0,2054.54,0.43863152,0,0,1773274235875,True,True
0,2054.28,0.80639566,0,0,1773274236104,True,True
0,2054.28,0.25978529,0,0,1773274245626,True,True
0,2054.27,0.0153625,0,0,1773274245988,False,True
0,2054.27,0.03331659,0,0,1773274246169,False,True
0,2053.91,0.44763547,0,0,1773274260704,True,True
0,2052.96,0.00487058,0,0,1773274280309,True,True
0,2053.6,0.41271107,0,0,1773274297893,True,True
0,2053.8,0.00943249,0,0,1773274311641,True,True
0,2053.45,0.0869309,0,0,1773274312427,False,True
0,2053.26,0.28275765,0,0,1773274320136,False,True
0,2053.41,0.00074202,0,0,1773274321964,True,True
0,2053.33,0.0235834,0,0,1773274327051,True,True
0,2053.33,0.04571472,0,0,1773274327672,True,True
0,2053.81,0.23809289,0,0,1773274351134,True,True
0,2053.54,0.5875236,0,0,1773274359752,False,True
0,2053.53,2.0,0,0,1773274359752,False,True
0,2053.01,0.00221229,0,0,1773274369441,False,True
0,2053.02,0.00232174,0,0,1773274379894,True,True
0,2053.02,0.11977355,0,0,1773274383911,True,True
0,2053.66,0.0014608,0,0,1773274413599,False,True
0,2053.13,0.23521966,0,0,1773274413599,False,True
0,2053.42,0.02422553,0,0,1773274421143,True,True
0,2053.42,0.00716697,0,0,1773274423054,True,True
0,2053.67,0.0093791,0,0,1773274437819,True,True
0,2053.93,0.4,0,0,1773274445156,False,True
0,2053.92,0.00546342,0,0,1773274445361,False,True
0,2054.05,0.21060442,0,0,1773274454169,True,True
0,2054.05,0.03510605,0,0,1773274454668,True,True
0,2054.05,0.04035653,0,0,1773274461600,True,True
0,2054.04,0.25,0,0,1773274471103,False,True
0,2053.14,0.25,0,0,1773274472988,True,True
0,2053.13,0.01023574,0,0,1773274475363,True,True
0,2053.14,0.30946863,0,0,1773274475363,True,True
0,2053.06,0.015317,0,0,1773274478840,True,True
0,2052.89,0.00081977,0,0,1773274485991,False,True
0,2052.53,0.02786586,0,0,1773274507327,True,True
0,2052.52,0.00630074,0,0,1773274516212,False,True
0,2052.52,0.00076504,0,0,1773274529700,False,True
0,2052.11,0.04873033,0,0,1773274529700,False,True
0,2052.1,1.99399344,0,0,1773274529700,False,True
0,2052.38,0.00118854,0,0,1773274537849,True,True
0,2050.93,1.0,0,0,1773274560741,True,True
0,2049.46,0.001,0,0,1773274565972,True,True
0,2049.46,0.01126009,0,0,1773274567335,False,True
0,2050.2,0.35133147,0,0,1773274571083,True,True
0,2050.01,0.1212767,0,0,1773274572038,True,True
0,2050.01,0.30116006,0,0,1773274572988,True,True
0,2050.2,0.19308414,0,0,1773274598563,True,True
0,2050.2,0.42982501,0,0,1773274598563,True,True
0,2050.2,0.27575826,0,0,1773274598563,True,True
0,2050.2,0.12424174,0,0,1773274598564,True,True
0,2051.72,0.00965856,0,0,1773274602721,True,True
0,2052.52,1.69938,0,0,1773274606672,False,True
0,2052.47,1.69938,0,0,1773274606672,False,True
0,2052.42,2.43614388,0,0,1773274606672,False,True
0,2052.41,3.74363788,0,0,1773274606672,False,True
0,2053.33,0.23675132,0,0,1773274617534,True,True
0,2054.51,0.42961432,0,0,1773274638890,True,True
0,2054.85,0.001,0,0,1773274638890,True,True
0,2054.96,0.31855966,0,0,1773274638890,True,True
0,2055.04,0.25082602,0,0,1773274638890,True,True
0,2055.27,0.00107081,0,0,1773274649121,True,True
0,2055.27,0.39892919,0,0,1773274650368,True,True
0,2055.68,0.00938205,0,0,1773274650894,True,True
0,2055.88,0.01272639,0,0,1773274650894,True,True
0,2056.08,0.01172735,0,0,1773274650894,True,True
0,2056.18,2.46616421,0,0,1773274650894,True,True
0,2055.67,2.38538575,0,0,1773274671381,False,True
0,2055.36,0.00708812,0,0,1773274689168,True,True
0,2054.34,0.04873033,0,0,1773274722315,True,True
0,2054.34,7.80755747,0,0,1773274722315,True,True
0,2054.35,6.658,0,0,1773274722315,True,True
0,2054.37,5.4857122,0,0,1773274722315,True,True
0,2053.7,0.443231,0,0,1773274740495,True,True
0,2053.56,0.04868383,0,0,1773274748332,True,True
0,2053.56,0.01472683,0,0,1773274748418,True,True
0,2053.58,0.4,0,0,1773274753488,True,True
0,2053.7,0.008693,0,0,1773274753488,True,True
0,2053.66,0.0427048,0,0,1773274773097,True,True
0,2053.0,0.02683538,0,0,1773274783945,True,True
0,2052.85,0.11774291,0,0,1773274786192,True,True
0,2052.53,0.00202579,0,0,1773274800038,True,True
0,2052.52,0.10530757,0,0,1773274800939,False,True
0,2052.53,0.02388253,0,0,1773274812855,True,True
0,2052.53,0.37409168,0,0,1773274813055,True,True
0,2052.53,0.33726219,0,0,1773274813055,True,True
0,2052.53,0.24294701,0,0,1773274813062,True,True
0,2052.53,0.01145444,0,0,1773274813062,True,True
0,2053.4,1.34578498,0,0,1773274814087,False,True
0,2053.4,0.2234826,0,0,1773274814087,False,True
0,2053.4,0.13011242,0,0,1773274814088,False,True
0,2053.4,0.29298696,0,0,1773274814088,False,True
0,2053.4,0.24901037,0,0,1773274814089,False,True
0,2053.77,0.32500027,0,0,1773274819840,False,True
0,2054.08,0.01179015,0,0,1773274829231,True,True
0,2053.97,0.15872417,0,0,1773274830835,True,True
0,2053.72,0.4574208,0,0,1773274835611,False,True
0,2053.74,0.01205227,0,0,1773274867801,True,True
0,2051.92,0.0025,0,0,1773274892452,True,True
0,2052.14,0.27212029,0,0,1773274900042,False,True
0,2052.14,0.01185591,0,0,1773274909166,False,True
0,2052.15,0.4,0,0,1773274911135,True,True
0,2053.46,0.01656415,0,0,1773274926661,True,True
0,2052.93,0.08547327,0,0,1773274944876,True,True
0,2053.34,0.00474123,0,0,1773274948069,True,True
0,2053.29,0.4,0,0,1773274949405,False,True
0,2053.43,0.0112849,0,0,1773274975663,True,True
0,2053.43,0.10348829,0,0,1773274999936,True,True
0,2053.43,0.4,0,0,1773274999936,True,True
0,2054.27,0.02410842,0,0,1773275002764,True,True
0,2054.63,0.02029994,0,0,1773275013121,True,True
0,2054.63,0.00047276,0,0,1773275013926,True,True
0,2054.63,0.01421038,0,0,1773275023883,True,True
0,2055.0,0.19720715,0,0,1773275031683,True,True
0,2056.25,0.001,0,0,1773275042738,True,True
0,2056.33,0.00601026,0,0,1773275042738,True,True
0,2056.38,0.03772074,0,0,1773275042738,True,True
0,2056.38,2.15356319,0,0,1773275043032,True,True
0,2056.38,0.69031092,0,0,1773275043033,True,True
0,2056.82,0.04683078,0,0,1773275043093,True,True
0,2056.93,0.0247927,0,0,1773275045717,False,True
0,2056.93,0.29027616,0,0,1773275055662,False,True
0,2056.94,0.4,0,0,1773275056177,True,True
0,2057.09,0.1,0,0,1773275056192,True,True
0,2057.23,0.0243017,0,0,1773275078925,True,True
0,2057.23,0.5493983,0,0,1773275080939,True,True
0,2057.23,0.4506017,0,0,1773275080939,True,True
0,2057.42,0.00203624,0,0,1773275094004,False,True
0,2057.43,1.0,0,0,1773275095205,True,True
0,2057.37,0.03944154,0,0,1773275114942,True,True
0,2057.48,0.09136433,0,0,1773275115333,True,True
0,2057.22,0.00737996,0,0,1773275121946,False,True
0,2057.23,0.04777302,0,0,1773275137996,True,True
0,2057.23,0.00350539,0,0,1773275145210,True,True
0,2057.23,0.06970683,0,0,1773275154580,True,True
0,2057.22,0.03113317,0,0,1773275157190,False,True
0,2057.04,0.26589655,0,0,1773275157190,False,True
0,2055.31,0.01349796,0,0,1773275178976,False,True
0,2055.32,0.02266742,0,0,1773275186195,True,True
0,2055.31,0.71631896,0,0,1773275190811,False,True
0,2054.64,0.19461785,0,0,1773275192897,True,True
0,2054.61,0.00111222,0,0,1773275195811,True,True
0,2054.92,0.05255679,0,0,1773275201423,True,True
0,2053.49,0.00926155,0,0,1773275247066,False,True
0,2053.78,0.19008661,0,0,1773275257664,True,True
0,2053.78,0.20964261,0,0,1773275259199,True,True
0,2053.78,0.4,0,0,1773275259199,True,True
0,2054.51,0.01421626,0,0,1773275266491,True,True
0,2055.36,0.4,0,0,1773275302327,False,True
0,2055.46,0.03859121,0,0,1773275303795,True,True
0,2055.12,2.36278671,0,0,1773275317248,True,True
0,2054.69,0.02256413,0,0,1773275338657,True,True
0,2055.65,0.00942303,0,0,1773275388286,True,True
0,2054.48,0.0737562,0,0,1773275410460,False,True
0,2053.51,0.0035296,0,0,1773275415215,False,True
0,2053.37,0.01999111,0,0,1773275460371,True,True
0,2053.32,0.00049389,0,0,1773275462598,True,True
0,2053.36,0.0072,0,0,1773275474417,False,True
0,2053.37,0.09740086,0,0,1773275499455,True,True
0,2053.37,0.0094794,0,0,1773275515932,True,True
0,2053.37,0.67104723,0,0,1773275522489,True,True
0,2053.37,0.4,0,0,1773275522489,True,True
0,2054.25,0.4,0,0,1773275564059,True,True
0,2054.35,0.14506563,0,0,1773275564059,True,True
0,2054.35,0.12379422,0,0,1773275566630,True,True
0,2054.21,0.00450713,0,0,1773275577541,True,True
0,2054.12,0.15870486,0,0,1773275586649,True,True
0,2054.04,0.1134032,0,0,1773275601856,True,True
0,2053.1,0.2873255,0,0,1773275652898,True,True
0,2051.51,0.61974426,0,0,1773275666545,False,True
0,2051.51,0.34701559,0,0,1773275666549,False,True
0,2051.51,0.03324015,0,0,1773275666557,False,True
0,2051.11,6.662,0,0,1773275676752,True,True
0,2051.18,5.34605352,0,0,1773275676752,True,True
0,2050.94,0.00141656,0,0,1773275680915,True,True
0,2051.11,0.02360938,0,0,1773275683496,True,True
0,2052.3,0.04777041,0,0,1773275708796,True,True
0,2052.3,0.35222959,0,0,1773275709168,True,True
0,2052.61,0.61528851,0,0,1773275716055,True,True
0,2053.16,0.00474146,0,0,1773275718285,True,True
0,2053.16,0.04386797,0,0,1773275723104,True,True
0,2053.55,0.02513748,0,0,1773275723104,True,True
0,2054.13,0.01499135,0,0,1773275731894,True,True
0,2054.19,0.02357502,0,0,1773275740630,True,True
0,2054.17,0.04715118,0,0,1773275742883,True,True
0,2055.03,0.72991635,0,0,1773275747937,True,True
0,2055.03,0.5737,0,0,1773275747937,True,True
0,2055.07,8.76459099,0,0,1773275747937,True,True
0,2055.07,0.00070683,0,0,1773275752603,True,True
0,2053.69,0.01259384,0,0,1773275776609,True,True
0,2053.31,0.01357322,0,0,1773275780119,True,True
0,2053.18,2.92449539,0,0,1773275808775,True,True
0,2053.18,1.4576476,0,0,1773275808775,True,True
0,2052.94,0.04866393,0,0,1773275825262,True,True
0,2052.94,0.04717185,0,0,1773275825504,True,True
0,2052.94,0.45716597,0,0,1773275828769,True,True
0,2052.94,0.05086641,0,0,1773275828769,True,True
0,2052.93,0.04871087,0,0,1773275832735,False,True
0,2052.47,0.02423969,0,0,1773275867832,True,True
0,2052.47,0.37576031,0,0,1773275871109,True,True
0,2053.19,0.00234182,0,0,1773275872741,True,True
0,2052.96,0.025801,0,0,1773275879935,True,True
0,2053.34,0.07088,0,0,1773275884534,False,True
0,2053.95,0.00056186,0,0,1773275913134,False,True
0,2054.02,0.02984859,0,0,1773275913919,True,True
0,2054.08,1.00213235,0,0,1773275940597,True,True
0,2053.93,0.4,0,0,1773275961853,True,True
0,2054.65,4.6,0,0,1773275961853,True,True
0,2054.65,0.001541,0,0,1773275966898,True,True
0,2054.81,0.05718777,0,0,1773275974573,True,True
0,2055.65,0.0497782,0,0,1773275989085,True,True
0,2055.71,0.02450981,0,0,1773275989123,True,True
0,2056.65,0.00409954,0,0,1773276001795,True,True
0,2057.08,8.13004018,0,0,1773276001994,False,True
0,2057.08,2.43062982,0,0,1773276001994,False,True
0,2057.08,0.31721659,0,0,1773276001994,False,True
0,2057.08,0.5737,0,0,1773276001994,False,True
0,2057.08,8.38,0,0,1773276001994,False,True
0,2057.08,3.16841341,0,0,1773276001994,False,True
0,2057.08,1.90636483,0,0,1773276002375,False,True
0,2057.09,0.46124683,0,0,1773276002922,True,True
0,2057.68,0.00535785,0,0,1773276003884,True,True
0,2057.98,0.00417607,0,0,1773276003884,True,True
0,2057.85,0.00237053,0,0,1773276008143,True,True
0,2057.1,0.32254783,0,0,1773276015987,True,True
0,2056.45,0.00699506,0,0,1773276029817,False,True
0,2056.67,0.20586113,0,0,1773276032622,False,True
0,2057.37,0.03993448,0,0,1773276034788,True,True
0,2057.02,0.01416957,0,0,1773276055268,True,True
0,2057.01,0.0970297,0,0,1773276056004,False,True
0,2057.02,0.4,0,0,1773276058904,False,True
0,2057.22,0.002,0,0,1773276066705,True,True
0,2057.01,0.00449748,0,0,1773276118770,False,True
0,2057.0,0.01776144,0,0,1773276133754,True,True
0,2056.01,0.00049562,0,0,1773276139463,True,True
0,2056.22,0.001,0,0,1773276169591,True,True
0,2056.07,0.04305195,0,0,1773276182401,True,True
0,2056.08,0.05749734,0,0,1773276182625,True,True
0,2056.04,0.18188598,0,0,1773276186908,True,True
0,2056.03,0.05790285,0,0,1773276188178,True,True
0,2056.11,0.0471044,0,0,1773276209411,True,True
0,2055.93,0.001,0,0,1773276242322,True,True
0,2056.11,0.00240794,0,0,1773276256029,True,True
0,2056.24,0.4,0,0,1773276260820,False,True
0,2056.48,0.01132675,0,0,1773276270434,True,True
0,2056.6,0.04721896,0,0,1773276273754,True,True
0,2056.62,0.00460567,0,0,1773276280061,True,True
0,2056.07,0.00118601,0,0,1773276311640,True,True
0,2055.78,0.00050662,0,0,1773276353939,True,True
0,2055.7,0.022241,0,0,1773276359082,True,True
0,2055.69,0.00391958,0,0,1773276382768,True,True
0,2055.66,0.04119126,0,0,1773276383931,True,True
0,2055.5,0.36596194,0,0,1773276384876,True,True
0,2055.48,0.04535336,0,0,1773276392638,True,True
0,2055.02,0.001,0,0,1773276422792,True,True
0,2055.02,0.02256423,0,0,1773276431730,True,True
0,2055.02,0.000588,0,0,1773276435880,True,True
0,2055.02,0.00715608,0,0,1773276442732,True,True
0,2055.02,0.36869169,0,0,1773276443049,True,True
0,2055.02,0.62735358,0,0,1773276443049,True,True
0,2055.68,0.01355312,0,0,1773276443995,False,True
0,2056.64,0.07874994,0,0,1773276445488,True,True
0,2055.72,0.01657123,0,0,1773276462424,False,True
0,2055.88,0.01017196,0,0,1773276502734,False,True
0,2055.77,0.0077,0,0,1773276514690,False,True
0,2054.99,0.00225324,0,0,1773276520203,False,True
0,2055.01,0.00935406,0,0,1773276522856,True,True
0,2055.2,0.00047233,0,0,1773276549595,True,True
0,2054.97,0.0317105,0,0,1773276570572,True,True
0,2054.97,0.00477083,0,0,1773276578471,True,True
0,2054.97,0.36351867,0,0,1773276583813,True,True
0,2055.68,0.02523949,0,0,1773276585313,False,True
0,2055.87,0.5737,0,0,1773276586160,True,True
0,2055.97,1.27607294,0,0,1773276586161,True,True
0,2056.02,2.83638531,0,0,1773276586161,True,True
0,2056.03,8.60349488,0,0,1773276586161,True,True
0,2056.11,0.0474753,0,0,1773276586161,True,True
0,2056.16,2.43171937,0,0,1773276586161,True,True
0,2056.23,0.5737,0,0,1773276586161,True,True
0,2056.31,4.86456595,0,0,1773276586161,True,True
0,2056.34,0.001,0,0,1773276586161,True,True
0,2056.35,0.001,0,0,1773276586161,True,True
0,2056.36,8.38237919,0,0,1773276586161,True,True
0,2056.36,0.001,0,0,1773276586307,True,True
0,2056.65,0.02,0,0,1773276586307,True,True
0,2056.73,0.08748464,0,0,1773276605491,False,True
0,2055.95,0.11474,0,0,1773276614541,True,True
0,2055.95,0.12079,0,0,1773276614541,True,True
0,2055.95,0.4,0,0,1773276614541,True,True
0,2056.43,0.02999529,0,0,1773276635751,True,True
0,2055.4,0.00649641,0,0,1773276650080,False,True
0,2055.57,0.01015363,0,0,1773276652385,True,True
0,2055.39,0.08338338,0,0,1773276655818,False,True
0,2055.02,0.11474,0,0,1773276671314,True,True
0,2055.02,3.11432,0,0,1773276671314,True,True
0,2055.24,0.00242064,0,0,1773276672735,True,True
0,2055.24,0.021371,0,0,1773276683998,True,True
0,2055.24,0.01192552,0,0,1773276690544,True,True
0,2055.24,0.55005524,0,0,1773276691641,True,True
0,2055.24,0.4,0,0,1773276691641,True,True
0,2055.24,0.19715,0,0,1773276691641,True,True
0,2055.24,0.23236,0,0,1773276691641,True,True
0,2055.24,1.55705,0,0,1773276691641,True,True
0,2055.97,0.02361109,0,0,1773276707714,True,True
0,2055.97,0.09112891,0,0,1773276720496,True,True
0,2055.97,0.0609825,0,0,1773276720496,True,True
0,2055.86,0.08153013,0,0,1773276724041,False,True
0,2055.24,0.06638378,0,0,1773276743515,False,True
0,2055.04,0.00158248,0,0,1773276788906,True,True
0,2055.03,0.1438115,0,0,1773276791464,True,True
0,2054.99,0.01000357,0,0,1773276801072,False,True
0,2054.99,0.00059612,0,0,1773276801840,False,True
0,2055.0,0.11474,0,0,1773276803159,True,True
0,2055.25,0.04535403,0,0,1773276807282,True,True
0,2055.25,0.35464597,0,0,1773276808740,True,True
0,2055.25,0.08,0,0,1773276808740,True,True
0,2055.94,0.19115648,0,0,1773276808740,True,True
0,2056.09,0.46027955,0,0,1773276808740,True,True
0,2055.49,0.63901612,0,0,1773276811638,False,True
0,2055.24,0.00169307,0,0,1773276855818,False,True
0,2055.25,0.00949329,0,0,1773276859043,True,True
0,2055.25,0.10524671,0,0,1773276867641,True,True
0,2055.25,0.12238,0,0,1773276867641,True,True
0,2055.25,0.4,0,0,1773276867641,True,True
0,2055.25,0.10104,0,0,1773276867679,True,True
0,2055.89,0.6,0,0,1773276880933,True,True
0,2056.11,0.16413628,0,0,1773276892277,False,True
0,2055.49,0.0486502,0,0,1773276928904,False,True
0,2055.35,0.06521119,0,0,1773276928904,False,True
0,2055.36,0.00141694,0,0,1773276933245,True,True
0,2055.36,0.04647477,0,0,1773276951747,True,True
0,2054.94,0.11474,0,0,1773276957986,True,True
0,2055.21,0.05343056,0,0,1773276957986,True,True
0,2055.34,0.94789644,0,0,1773276957986,True,True
0,2054.94,0.00236804,0,0,1773276960535,True,True
0,2054.94,0.02057196,0,0,1773276962489,True,True
0,2055.34,0.41042,0,0,1773276984650,True,True
0,2055.34,0.4,0,0,1773276984650,True,True
0,2055.36,0.53612838,0,0,1773276984650,True,True
0,2055.81,0.00437568,0,0,1773276991764,False,True
0,2055.81,0.02277036,0,0,1773277007942,False,True
0,2055.81,0.25276734,0,0,1773277009311,False,True
0,2055.82,0.97306,0,0,1773277011639,True,True
0,2056.27,0.0014608,0,0,1773277012075,True,True
0,2056.62,0.00327325,0,0,1773277012075,True,True
0,2055.88,0.00255651,0,0,1773277020180,False,True
0,2055.89,0.02267631,0,0,1773277027797,True,True
0,2055.89,0.0047687,0,0,1773277030109,True,True
0,2054.88,0.49516273,0,0,1773277038383,False,True
0,2054.83,0.11474,0,0,1773277062683,True,True
0,2054.83,0.53648543,0,0,1773277062683,True,True
0,2054.83,0.92243571,0,0,1773277062683,True,True
0,2054.83,0.20419886,0,0,1773277062683,True,True
0,2055.52,0.02396527,0,0,1773277081202,True,True
0,2055.52,0.00476956,0,0,1773277086031,True,True
0,2055.52,0.08600517,0,0,1773277087290,True,True
0,2055.54,0.4,0,0,1773277087332,True,True
0,2055.54,0.08,0,0,1773277087332,True,True
0,2055.54,0.08,0,0,1773277087335,True,True
0,2055.63,0.00801549,0,0,1773277091569,False,True
0,2055.64,0.11345,0,0,1773277107254,True,True
0,2055.71,0.05751328,0,0,1773277108449,True,True
0,2055.71,5.30801128,0,0,1773277111932,True,True
0,2055.71,1.15111068,0,0,1773277111939,True,True
0,2055.71,1.96400784,0,0,1773277111939,True,True
0,2055.71,0.27892692,0,0,1773277111939,True,True
0,2055.71,0.34409,0,0,1773277111943,True,True
0,2056.16,0.0004915,0,0,1773277113736,True,True
0,2056.16,0.00239578,0,0,1773277114034,True,True
0,2056.15,0.00243124,0,0,1773277116863,False,True
0,2056.16,0.26378272,0,0,1773277120719,True,True
0,2056.16,0.06881,0,0,1773277120719,True,True
0,2056.16,0.4,0,0,1773277120719,True,True
0,2056.16,0.08386,0,0,1773277120722,True,True
0,2056.71,0.05684008,0,0,1773277121194,True,True
0,2056.31,0.03179714,0,0,1773277140526,False,True
0,2056.71,0.00932395,0,0,1773277144707,True,True
0,2056.62,0.01121354,0,0,1773277161820,True,True
0,2056.61,0.02894959,0,0,1773277162153,True,True
0,2056.61,0.08123568,0,0,1773277162153,True,True
0,2056.27,0.04720462,0,0,1773277162485,False,True
0,2056.52,0.012971,0,0,1773277182613,True,True
0,2055.89,0.00059282,0,0,1773277194593,False,True
0,2055.86,0.02650863,0,0,1773277198494,False,True
0,2055.99,0.00241982,0,0,1773277200084,True,True
0,2055.86,0.00204542,0,0,1773277201503,True,True
0,2055.85,0.03998346,0,0,1773277202999,False,True
0,2055.86,0.00897256,0,0,1773277205673,True,True
0,2055.86,0.004863,0,0,1773277210128,True,True
0,2055.86,0.00725872,0,0,1773277210204,True,True
0,2056.02,0.00251373,0,0,1773277221800,True,True
0,2056.02,0.00047919,0,0,1773277236033,True,True
0,2055.85,0.09330539,0,0,1773277245233,False,True
0,2055.74,0.00644523,0,0,1773277245233,False,True
0,2055.47,0.00085377,0,0,1773277247899,False,True
0,2055.77,0.00146216,0,0,1773277255421,True,True
0,2055.73,0.04816289,0,0,1773277259220,True,True
0,2055.37,0.00093538,0,0,1773277260294,True,True
0,2054.26,0.04712961,0,0,1773277275751,True,True
0,2054.2,0.04525897,0,0,1773277303358,True,True
0,2054.12,0.00477262,0,0,1773277304922,True,True
0,2054.15,0.11306676,0,0,1773277315610,True,True
0,2053.92,0.00146062,0,0,1773277330528,False,True
0,2052.08,0.05403177,0,0,1773277332279,False,True
0,2052.06,0.00062394,0,0,1773277337341,True,True
0,2052.06,0.00037606,0,0,1773277337341,True,True
0,2052.05,0.06349848,0,0,1773277339789,True,True
0,2052.01,0.00487328,0,0,1773277351611,True,True
0,2052.0,0.01120858,0,0,1773277359980,False,True
0,2051.02,0.00062394,0,0,1773277367468,True,True
0,2051.02,0.00037606,0,0,1773277367468,True,True
0,2050.9,0.00483094,0,0,1773277369620,False,True
0,2050.91,0.18005574,0,0,1773277382526,True,True
0,2050.9,0.0195486,0,0,1773277383835,False,True
0,2050.0,0.001,0,0,1773277384325,False,True
0,2050.0,1.0,0,0,1773277384325,False,True
0,2050.0,0.51025,0,0,1773277384325,False,True
0,2050.0,0.12219512,0,0,1773277384325,False,True
0,2049.6,0.00062394,0,0,1773277384971,False,True
0,2049.6,0.00037606,0,0,1773277384971,False,True
0,2049.55,1.0,0,0,1773277384971,False,True
0,2049.44,0.00748271,0,0,1773277387584,True,True
0,2049.44,0.00748271,0,0,1773277387584,True,True
0,2049.15,0.00062394,0,0,1773277392439,True,True
0,2049.15,0.00037606,0,0,1773277392439,True,True
0,2049.25,0.04795568,0,0,1773277396511,False,True
0,2049.18,0.00949957,0,0,1773277401895,True,True
0,2049.01,3.0,0,0,1773277408397,False,True
0,2049.0,0.001,0,0,1773277413233,False,True
0,2048.98,3.37066262,0,0,1773277413233,False,True
0,2048.98,3.73833,0,0,1773277413237,False,True
0,2048.98,3.5,0,0,1773277413237,False,True
0,2048.98,7.38e-06,0,0,1773277413237,False,True
0,2048.96,0.49999262,0,0,1773277413237,False,True
0,2048.96,1.37403153,0,0,1773277413241,False,True
0,2048.96,13.66417496,0,0,1773277413241,False,True
0,2048.88,0.48804533,0,0,1773277413255,False,True
0,2048.83,0.2412,0,0,1773277413258,False,True
0,2048.83,6.83208688,0,0,1773277413312,False,True
0,2048.69,0.31855966,0,0,1773277413313,False,True
0,2048.65,0.15069486,0,0,1773277413314,False,True
0,2048.65,0.06100584,0,0,1773277413315,False,True
0,2048.65,0.3758229,0,0,1773277413316,False,True
0,2048.62,0.73204302,0,0,1773277413316,False,True
0,2048.6,1.46408605,0,0,1773277413316,False,True
0,2048.59,3.49499498,0,0,1773277413316,False,True
0,2048.59,0.96813348,0,0,1773277413318,False,True
0,2048.59,3.4,0,0,1773277413322,False,True
0,2048.59,2.45237154,0,0,1773277413332,False,True
0,2048.58,0.36,0,0,1773277413337,False,True
0,2048.55,0.10858562,0,0,1773277413340,False,True
0,2048.55,0.7008,0,0,1773277413350,False,True
0,2048.55,0.10858562,0,0,1773277413350,False,True
0,2048.55,0.08202876,0,0,1773277413355,False,True
0,2048.62,0.73204302,0,0,1773277413372,False,True
0,2047.9,0.001,0,0,1773277413473,False,True
0,2047.62,0.001,0,0,1773277413519,False,True
0,2047.61,0.001,0,0,1773277413519,False,True
0,2047.58,0.0071028,0,0,1773277413519,False,True
0,2047.19,0.00244237,0,0,1773277418327,True,True
0,2047.19,0.00062394,0,0,1773277420553,True,True
0,2047.19,0.00037606,0,0,1773277420553,True,True
0,2047.19,0.00967073,0,0,1773277423365,True,True
0,2047.18,0.001,0,0,1773277423977,False,True
0,2047.16,0.0474,0,0,1773277423977,False,True
0,2047.16,2.39499645,0,0,1773277424053,False,True
0,2047.11,10.77426221,0,0,1773277424053,False,True
0,2047.18,0.00124504,0,0,1773277430549,False,True
0,2047.19,0.4,0,0,1773277430693,True,True
0,2047.19,0.52822258,0,0,1773277430693,True,True
0,2047.91,2.0,0,0,1773277434181,False,True
0,2046.96,0.00150426,0,0,1773277436142,True,True
0,2046.49,0.00967607,0,0,1773277439041,True,True
0,2047.06,0.00062394,0,0,1773277441074,True,True
0,2046.37,1.06812646,0,0,1773277445122,True,True
0,2046.37,1.65937304,0,0,1773277445122,True,True
0,2046.37,0.2725005,0,0,1773277445122,True,True
0,2047.14,0.001,0,0,1773277462366,True,True
0,2048.6,0.00480924,0,0,1773277470034,True,True
0,2047.14,0.10958316,0,0,1773277488119,False,True
0,2047.51,0.00456072,0,0,1773277488458,True,True
0,2046.62,0.04813896,0,0,1773277500400,True,True
0,2046.62,0.71337086,0,0,1773277507790,True,True
0,2046.37,0.0048861,0,0,1773277526067,True,True
0,2046.36,1.0,0,0,1773277529014,False,True
0,2046.0,0.12170087,0,0,1773277529164,False,True
0,2045.85,0.0221,0,0,1773277529172,False,True
0,2045.82,0.00164977,0,0,1773277529214,False,True
0,2045.45,0.38567504,0,0,1773277529258,False,True
0,2045.45,1.61432496,0,0,1773277529274,False,True
0,2045.34,1.0,0,0,1773277529373,False,True
0,2045.06,0.14475536,0,0,1773277529373,False,True
0,2045.0,0.05632273,0,0,1773277529373,False,True
0,2045.0,0.00100245,0,0,1773277529373,False,True
0,2044.81,0.01154999,0,0,1773277529373,False,True
0,2044.64,0.001,0,0,1773277529373,False,True
0,2044.63,0.001,0,0,1773277529374,False,True
0,2044.62,0.001,0,0,1773277529374,False,True
0,2044.5,0.02396674,0,0,1773277529374,False,True
0,2044.4,0.5737,0,0,1773277529374,False,True
0,2044.36,0.001,0,0,1773277529374,False,True
0,2044.43,0.72107838,0,0,1773277531550,True,True
0,2044.43,0.48707739,0,0,1773277531552,True,True
0,2044.43,0.00107681,0,0,1773277531553,True,True
0,2044.43,0.11111807,0,0,1773277531578,True,True
0,2044.4,0.0182738,0,0,1773277531721,True,True
0,2044.4,0.05603662,0,0,1773277531872,True,True
0,2044.4,0.05508852,0,0,1773277531986,True,True
0,2044.37,0.00662331,0,0,1773277532241,True,True
0,2044.08,0.019569,0,0,1773277532726,False,True
0,2043.96,2.0,0,0,1773277532726,False,True
0,2043.83,0.001,0,0,1773277532726,False,True
0,2043.8,0.07108327,0,0,1773277532726,False,True
0,2043.69,2.54542265,0,0,1773277532726,False,True
0,2043.69,6.38457735,0,0,1773277532727,False,True
0,2043.66,0.5737,0,0,1773277532727,False,True
0,2043.64,0.0733985,0,0,1773277532727,False,True
0,2043.62,0.16121172,0,0,1773277532727,False,True
0,2043.53,10.28859494,0,0,1773277532727,False,True
0,2043.3,0.5737,0,0,1773277532727,False,True
0,2043.25,0.02,0,0,1773277532727,False,True
0,2043.22,9.771,0,0,1773277532727,False,True
0,2043.2,44.03584857,0,0,1773277532727,False,True
0,2043.19,29.315,0,0,1773277532727,False,True
0,2043.11,98.80296892,0,0,1773277532727,False,True
0,2043.11,23.55910444,0,0,1773277532728,False,True
0,2043.09,0.5737,0,0,1773277532728,False,True
0,2043.09,1.87402415,0,0,1773277532728,False,True
0,2043.06,8.426,0,0,1773277532728,False,True
0,2043.02,4.9192288,0,0,1773277532728,False,True
0,2042.97,0.001,0,0,1773277532728,False,True
0,2042.89,0.001,0,0,1773277532728,False,True
0,2042.88,0.5737,0,0,1773277532728,False,True
0,2042.68,0.25489522,0,0,1773277532728,False,True
0,2042.68,59.81734739,0,0,1773277532728,False,True
0,2043.87,0.5737,0,0,1773277533646,True,True
0,2043.73,0.06101045,0,0,1773277533825,True,True
0,2044.08,0.019569,0,0,1773277541482,False,True
0,2043.92,0.00056435,0,0,1773277553856,True,True
0,2044.18,0.00116636,0,0,1773277560039,False,True
0,2044.19,0.001,0,0,1773277561217,True,True
0,2044.1,0.29180895,0,0,1773277578722,False,True
0,2044.13,0.4,0,0,1773277580567,True,True
0,2044.08,0.019569,0,0,1773277589907,False,True
0,2044.0,0.001,0,0,1773277601167,True,True
0,2043.8,0.01565825,0,0,1773277607585,False,True
0,2044.5,0.1099834,0,0,1773277616227,True,True
0,2044.5,0.00968549,0,0,1773277621815,True,True
0,2044.5,0.00733676,0,0,1773277621950,True,True
0,2044.12,0.0244604,0,0,1773277635689,False,True
0,2044.5,0.04070518,0,0,1773277647030,True,True
0,2044.12,0.15897842,0,0,1773277667208,True,True
0,2044.12,0.02115158,0,0,1773277667208,True,True
0,2044.12,0.081166,0,0,1773277667208,True,True
0,2043.98,0.4,0,0,1773277675640,True,True
0,2044.5,0.74281623,0,0,1773277678187,True,True
0,2044.5,1.52950814,0,0,1773277678187,True,True
0,2044.5,0.5599648,0,0,1773277678188,True,True
0,2045.21,0.001,0,0,1773277681746,True,True
0,2045.22,0.001,0,0,1773277681746,True,True
0,2045.44,0.0070445,0,0,1773277681746,True,True
0,2045.44,0.01177853,0,0,1773277684067,True,True
0,2045.23,0.01045126,0,0,1773277684870,False,True
0,2046.36,0.001,0,0,1773277688712,True,True
0,2047.18,0.0052401,0,0,1773277694469,False,True
0,2046.26,0.59426923,0,0,1773277717128,False,True
0,2046.25,0.5875236,0,0,1773277717128,False,True
0,2046.24,4.81820717,0,0,1773277717128,False,True
0,2046.29,0.04886701,0,0,1773277727615,True,True
0,2046.29,0.0015595,0,0,1773277735604,True,True
0,2046.29,0.34957349,0,0,1773277739853,True,True
0,2046.79,0.00237805,0,0,1773277744526,True,True
0,2047.86,3.0,0,0,1773277761813,True,True
0,2047.87,6.676,0,0,1773277761813,True,True
0,2048.02,9.768,0,0,1773277761813,True,True
0,2048.09,8.585,0,0,1773277761813,True,True
0,2048.09,29.306,0,0,1773277761813,True,True
0,2048.1,2.93042337,0,0,1773277761813,True,True
0,2048.11,0.5737,0,0,1773277761813,True,True
0,2048.27,2.44109407,0,0,1773277761813,True,True
0,2048.32,2.83638531,0,0,1773277761813,True,True
0,2048.34,1.27607294,0,0,1773277761813,True,True
0,2048.37,0.5737,0,0,1773277761813,True,True
0,2048.37,12.20485038,0,0,1773277761813,True,True
0,2048.4,0.6948,0,0,1773277761813,True,True
0,2048.44,24.4089033,0,0,1773277761813,True,True
0,2048.45,4.88343411,0,0,1773277761813,True,True
0,2048.48,0.09340729,0,0,1773277761813,True,True
0,2048.49,0.13,0,0,1773277761813,True,True
0,2048.49,6.24189306,0,0,1773277762716,False,True
0,2048.49,16.29772973,0,0,1773277762727,False,True
0,2048.49,17.07860644,0,0,1773277762728,False,True
0,2047.58,0.01694767,0,0,1773277765954,True,True
0,2047.58,0.03105144,0,0,1773277765954,True,True
0,2047.8,0.4,0,0,1773277774778,False,True
0,2047.93,0.5875236,0,0,1773277790541,True,True
0,2047.93,7.89109075,0,0,1773277790541,True,True
0,2047.93,15.78218151,0,0,1773277790541,True,True
0,2047.94,1.87402415,0,0,1773277790541,True,True
0,2047.98,0.001,0,0,1773277790541,True,True
0,2048.01,6.677,0,0,1773277790541,True,True
0,2048.07,0.01859812,0,0,1773277790541,True,True
0,2048.14,12.20622598,0,0,1773277790541,True,True
0,2048.14,2.44124783,0,0,1773277790541,True,True
0,2048.16,2.52110806,0,0,1773277790541,True,True
0,2048.13,2.38063014,0,0,1773277801421,True,True
0,2048.18,0.39955247,0,0,1773277807044,True,True
0,2048.94,0.41523851,0,0,1773277826969,True,True
0,2049.16,0.001,0,0,1773277830889,False,True
0,2049.16,0.0391754,0,0,1773277856045,False,True
0,2049.16,0.15628957,0,0,1773277856049,False,True
0,2048.21,0.00961581,0,0,1773277857000,True,True
0,2048.21,0.03234663,0,0,1773277864534,False,True
0,2048.97,0.02263618,0,0,1773277873992,True,True
0,2048.54,0.00052417,0,0,1773277877941,True,True
0,2048.31,0.02746519,0,0,1773277880397,True,True
0,2047.25,0.00971963,0,0,1773277893043,True,True
0,2047.64,0.06508789,0,0,1773277900026,True,True
0,2047.4,0.00244183,0,0,1773277910372,True,True
0,2047.19,0.04884744,0,0,1773277925968,False,True
0,2047.18,0.35115256,0,0,1773277925968,False,True
0,2047.31,0.033,0,0,1773277927040,False,True
0,2048.07,0.04541282,0,0,1773277930802,True,True
0,2047.4,0.04882097,0,0,1773277951835,True,True
0,2046.59,0.00485621,0,0,1773277954137,True,True
0,2046.46,0.00898861,0,0,1773277956544,True,True
0,2046.3,0.05773122,0,0,1773277966971,True,True
0,2046.78,0.21447837,0,0,1773277973220,True,True
0,2046.77,0.18564297,0,0,1773277974541,True,True
0,2046.76,0.00226734,0,0,1773277981966,True,True
0,2046.77,0.4,0,0,1773278005377,True,True
0,2047.97,0.01019564,0,0,1773278007639,True,True
0,2047.67,0.00481117,0,0,1773278030839,True,True
0,2047.56,0.10158432,0,0,1773278044272,True,True
0,2047.6,0.00967078,0,0,1773278052956,True,True
0,2047.74,0.24711341,0,0,1773278068371,False,True
0,2048.24,0.0128876,0,0,1773278077218,False,True
0,2048.21,0.4,0,0,1773278077589,False,True
0,2048.61,0.00047387,0,0,1773278090454,True,True
0,2048.62,0.04881334,0,0,1773278094099,False,True
0,2048.61,0.16666666,0,0,1773278094099,False,True
0,2048.61,2.930607,0,0,1773278094099,False,True
0,2048.6,0.27035112,0,0,1773278094099,False,True
0,2048.38,0.09138664,0,0,1773278094761,False,True
0,2047.91,0.12209415,0,0,1773278109520,True,True
0,2047.91,0.02253356,0,0,1773278109859,True,True
0,2047.91,0.00472852,0,0,1773278111697,True,True
0,2047.9,6.0,0,0,1773278121816,False,True
0,2047.1,0.02846954,0,0,1773278124312,True,True
0,2047.1,0.01220333,0,0,1773278124380,True,True
0,2047.79,0.4,0,0,1773278135055,True,True
0,2047.79,0.409141,0,0,1773278135055,True,True
0,2047.81,0.001,0,0,1773278135055,True,True
0,2047.82,0.001,0,0,1773278135055,True,True
0,2048.54,2.2008259,0,0,1773278135059,True,True
0,2048.54,0.7991741,0,0,1773278135060,True,True
0,2048.98,0.73222903,0,0,1773278135082,True,True
0,2049.0,1.46445808,0,0,1773278135082,True,True
0,2048.91,2.19668711,0,0,1773278135090,True,True
0,2048.91,0.80331289,0,0,1773278135117,True,True
0,2049.66,0.00945934,0,0,1773278136575,True,True
0,2048.47,0.08910243,0,0,1773278181534,True,True
0,2048.46,0.00070732,0,0,1773278192896,False,True
0,2048.47,0.07126558,0,0,1773278193457,True,True
0,2047.9,0.04617167,0,0,1773278210131,True,True
0,2048.37,0.29171976,0,0,1773278222783,True,True
0,2048.41,1.343,0,0,1773278235167,True,True
0,2048.65,0.4,0,0,1773278263523,True,True
0,2049.67,15.58986408,0,0,1773278284581,True,True
0,2049.79,0.4,0,0,1773278284585,True,True
0,2049.79,0.04767505,0,0,1773278284585,True,True
0,2049.96,0.02049129,0,0,1773278284587,True,True
0,2050.47,0.22967804,0,0,1773278287151,True,True
0,2049.96,0.002,0,0,1773278339080,True,True
0,2049.96,0.0013788,0,0,1773278343164,True,True
0,2049.95,15.55764774,0,0,1773278352185,False,True
0,2049.41,2.51891814,0,0,1773278364160,False,True
0,2049.61,0.74091571,0,0,1773278367351,False,True
0,2050.02,0.01236733,0,0,1773278371669,True,True
0,2049.82,0.02439,0,0,1773278374591,True,True
0,2049.82,0.00660218,0,0,1773278374746,True,True
0,2049.81,0.00757748,0,0,1773278375852,True,True
0,2049.33,0.0219584,0,0,1773278418920,True,True
0,2049.34,0.01210633,0,0,1773278420917,True,True
0,2049.47,0.29907791,0,0,1773278422960,False,True
0,2049.48,0.00485501,0,0,1773278426035,True,True
0,2048.58,0.16560856,0,0,1773278463004,True,True
0,2048.58,0.51916236,0,0,1773278463004,True,True
0,2048.4,0.00443308,0,0,1773278480867,True,True
0,2048.13,0.02029893,0,0,1773278484113,False,True
0,2048.4,0.01128578,0,0,1773278497546,False,True
0,2048.41,0.38076098,0,0,1773278507591,True,True
0,2048.41,0.4,0,0,1773278507591,True,True
0,2048.61,0.001,0,0,1773278508057,True,True
0,2048.51,0.01223068,0,0,1773278541439,False,True
0,2048.45,0.02289497,0,0,1773278543508,False,True
0,2048.64,0.11993334,0,0,1773278548355,True,True
0,2048.64,0.4,0,0,1773278549968,True,True
0,2049.47,0.00582756,0,0,1773278555711,True,True
0,2049.47,0.0225856,0,0,1773278562089,False,True
0,2049.47,0.00478364,0,0,1773278567383,True,True
0,2049.45,0.02249384,0,0,1773278584536,True,True
0,2049.48,0.00623085,0,0,1773278591945,True,True
0,2049.47,0.00346618,0,0,1773278609811,False,True
0,2049.48,0.03856631,0,0,1773278621942,True,True
0,2049.48,0.4,0,0,1773278621942,True,True
0,2049.88,0.02029893,0,0,1773278621958,False,True
0,2050.42,0.00129789,0,0,1773278622759,True,True
0,2050.66,0.4,0,0,1773278632160,False,True
0,2050.67,0.0480792,0,0,1773278640669,True,True
0,2050.39,0.1655912,0,0,1773278640968,False,True
0,2050.36,0.58005808,0,0,1773278640968,False,True
0,2050.68,1.44127731,0,0,1773278645892,True,True
0,2050.69,0.01002589,0,0,1773278647656,True,True
0,2050.14,0.00068605,0,0,1773278674469,False,True
0,2050.22,0.00056534,0,0,1773278679095,True,True
0,2050.03,0.00237903,0,0,1773278694128,True,True
0,2050.03,0.00243899,0,0,1773278694855,True,True
0,2049.19,0.00260948,0,0,1773278703317,False,True
0,2049.19,0.00069138,0,0,1773278721042,False,True
0,2048.67,0.00096593,0,0,1773278732777,False,True
0,2048.92,0.04126233,0,0,1773278735837,True,True
0,2048.94,0.39957899,0,0,1773278735837,True,True
0,2048.94,0.00042101,0,0,1773278735857,True,True
0,2048.99,0.44084132,0,0,1773278735857,True,True
0,2049.64,0.00119286,0,0,1773278776772,False,True
0,2049.2,0.08608783,0,0,1773278784204,True,True
0,2049.02,0.18170092,0,0,1773278784926,False,True
0,2049.17,0.04736224,0,0,1773278804552,True,True
0,2049.19,0.01942279,0,0,1773278823961,True,True
0,2049.19,4.2958133,0,0,1773278828066,True,True
0,2049.19,2.15840472,0,0,1773278828067,True,True
0,2049.22,0.4,0,0,1773278828067,True,True
0,2049.8,0.00141759,0,0,1773278854703,True,True
0,2049.74,0.02136643,0,0,1773278884626,True,True
0,2049.73,0.00061317,0,0,1773278903116,False,True
0,2049.74,0.08310452,0,0,1773278903116,True,True
0,2049.74,0.31689548,0,0,1773278903374,True,True
0,2050.17,0.47241337,0,0,1773278910751,True,True
0,2050.01,0.07809232,0,0,1773278926095,False,True
0,2050.17,0.00200471,0,0,1773278941171,False,True
0,2050.18,0.010331,0,0,1773278972630,True,True
0,2050.46,0.4,0,0,1773278984942,False,True
0,2050.35,1.11212089,0,0,1773278987698,True,True
0,2050.3,0.07444764,0,0,1773278992293,True,True
0,2049.84,0.04769289,0,0,1773278992671,True,True
0,2049.56,0.0075,0,0,1773279000034,True,True
0,2049.56,0.00331976,0,0,1773279000807,True,True
0,2049.58,0.43955022,0,0,1773279006748,True,True
0,2050.07,0.01107692,0,0,1773279015540,True,True
0,2050.41,0.01213404,0,0,1773279020403,True,True
0,2049.77,0.04877644,0,0,1773279023100,True,True
0,2049.43,0.06079585,0,0,1773279026318,False,True
0,2049.51,0.00101,0,0,1773279042896,True,True
0,2049.49,0.66432848,0,0,1773279043927,True,True
0,2049.49,0.5737,0,0,1773279043930,True,True
0,2049.49,0.22580916,0,0,1773279043931,True,True
0,2049.49,0.29097501,0,0,1773279043938,True,True
0,2049.49,0.16199285,0,0,1773279043944,True,True
0,2049.53,0.4,0,0,1773279043965,True,True
0,2049.58,3.0,0,0,1773279043965,True,True
0,2049.55,3.0,0,0,1773279044062,True,True
0,2050.11,0.39171292,0,0,1773279047679,True,True
0,2050.17,1.07802311,0,0,1773279047679,True,True
0,2050.07,0.03626179,0,0,1773279054888,True,True
0,2049.9,0.99226579,0,0,1773279063043,False,True
0,2050.15,0.09562749,0,0,1773279100714,True,True
0,2050.14,0.02014487,0,0,1773279101841,False,True
0,2050.15,0.09266846,0,0,1773279118061,True,True
0,2050.15,0.00474715,0,0,1773279121620,True,True
0,2050.14,0.08827625,0,0,1773279122475,False,True
0,2049.71,0.05572859,0,0,1773279122475,False,True
0,2050.09,0.04729366,0,0,1773279126912,False,True
0,2049.89,0.00237357,0,0,1773279138413,True,True
0,2049.89,0.01143127,0,0,1773279138757,True,True
0,2049.88,0.02950839,0,0,1773279139628,True,True
0,2049.99,0.01360007,0,0,1773279145480,True,True
0,2048.75,0.07388996,0,0,1773279169823,False,True
0,2048.78,0.01183308,0,0,1773279177269,False,True
0,2048.8,0.01483236,0,0,1773279179939,True,True
0,2048.25,0.01047002,0,0,1773279183814,True,True
0,2046.72,0.00903469,0,0,1773279210422,True,True
0,2046.69,0.04701936,0,0,1773279213824,True,True
0,2046.68,0.0926,0,0,1773279225630,False,True
0,2046.68,0.8748204,0,0,1773279227633,False,True
0,2046.06,0.11589275,0,0,1773279227675,False,True
0,2046.06,0.12035133,0,0,1773279227675,False,True
0,2046.06,0.11331723,0,0,1773279227677,False,True
0,2046.06,0.12876079,0,0,1773279227680,False,True
0,2046.06,0.45347758,0,0,1773279227685,False,True
0,2046.06,0.11210569,0,0,1773279227696,False,True
0,2046.06,0.95609463,0,0,1773279227697,False,True
0,2045.91,0.001,0,0,1773279227703,False,True
0,2045.74,0.24889431,0,0,1773279227738,False,True
0,2045.74,0.11110569,0,0,1773279227739,False,True
0,2046.04,0.4,0,0,1773279242468,True,True
0,2047.25,3.0,0,0,1773279252638,True,True
0,2047.53,1.57235335,0,0,1773279252638,True,True
0,2047.03,0.05607149,0,0,1773279262855,True,True
0,2047.48,0.09621584,0,0,1773279268577,True,True
0,2046.44,0.00478925,0,0,1773279291150,True,True
0,2045.65,0.08783639,0,0,1773279306383,False,True
0,2046.07,0.09694194,0,0,1773279315717,True,True
0,2046.07,0.00784213,0,0,1773279322882,True,True
0,2046.07,0.0731329,0,0,1773279331953,True,True
0,2046.07,0.02395793,0,0,1773279338521,True,True
0,2046.07,0.00717402,0,0,1773279339861,True,True
0,2046.07,0.00118615,0,0,1773279342063,True,True
0,2046.06,0.0048861,0,0,1773279347006,False,True
0,2046.07,0.07537577,0,0,1773279349422,True,True
0,2046.07,0.02395793,0,0,1773279362019,True,True
0,2046.07,0.19710929,0,0,1773279363587,True,True
0,2046.07,0.4,0,0,1773279363587,True,True
0,2046.93,0.00564272,0,0,1773279364378,True,True
0,2047.29,0.01585235,0,0,1773279398531,True,True
0,2046.35,0.00698759,0,0,1773279412359,True,True
0,2046.38,0.0226562,0,0,1773279424868,True,True
0,2047.13,0.00236556,0,0,1773279442933,True,True
0,2046.78,2.93117359,0,0,1773279482612,True,True
0,2046.78,2.06882641,0,0,1773279482612,True,True
0,2046.41,0.01360923,0,0,1773279511596,True,True
0,2045.83,0.00477742,0,0,1773279526367,True,True
0,2046.52,0.22536732,0,0,1773279537234,False,True
0,2046.53,0.00661302,0,0,1773279540321,True,True
0,2046.53,0.00475717,0,0,1773279540342,True,True
0,2046.53,0.004744,0,0,1773279542692,True,True
0,2046.53,0.24070541,0,0,1773279555036,True,True
0,2046.53,0.02023003,0,0,1773279562819,True,True
0,2046.53,0.4,0,0,1773279569506,True,True
0,2047.78,0.02962209,0,0,1773279580598,True,True
0,2047.72,0.01360591,0,0,1773279582923,True,True
0,2047.71,0.5737,0,0,1773279602244,False,True
0,2047.71,1.4945847,0,0,1773279602244,False,True
0,2047.72,0.4,0,0,1773279602257,True,True
0,2047.72,0.33750131,0,0,1773279602257,True,True
0,2048.62,0.001,0,0,1773279605906,True,True
0,2048.92,0.02363912,0,0,1773279614375,True,True
0,2048.94,0.01307327,0,0,1773279615758,True,True
0,2048.93,0.00780858,0,0,1773279616184,True,True
0,2049.17,0.00284365,0,0,1773279622388,True,True
0,2049.17,0.00129823,0,0,1773279622736,True,True
0,2049.41,0.00712329,0,0,1773279637275,True,True
0,2049.41,0.01535228,0,0,1773279656831,True,True
0,2049.41,0.11697187,0,0,1773279656831,True,True
0,2049.4,0.00050789,0,0,1773279661101,False,True
0,2049.41,0.28302813,0,0,1773279661476,True,True
0,2049.99,0.17130882,0,0,1773279673669,False,True
0,2049.78,0.08274812,0,0,1773279673669,False,True
0,2049.32,0.4,0,0,1773279693361,True,True
0,2049.42,0.07562878,0,0,1773279693361,True,True
0,2049.43,0.00956798,0,0,1773279703231,True,True
0,2049.43,0.01664959,0,0,1773279703739,True,True
0,2049.47,0.0237436,0,0,1773279717714,True,True
0,2050.0,0.05201471,0,0,1773279727048,True,True
0,2050.0,0.00947194,0,0,1773279728413,True,True
0,2050.0,0.06118264,0,0,1773279732631,True,True
0,2050.0,1.77278656,0,0,1773279732631,True,True
0,2050.0,0.28666583,0,0,1773279732632,True,True
0,2050.52,0.00508338,0,0,1773279733820,True,True
0,2051.0,0.00949215,0,0,1773279739980,True,True
0,2051.0,0.1099834,0,0,1773279743968,True,True
0,2051.0,0.00968549,0,0,1773279743968,True,True
0,2051.0,0.00733676,0,0,1773279743968,True,True
0,2051.0,0.04070518,0,0,1773279743968,True,True
0,2051.0,0.32279741,0,0,1773279743968,True,True
0,2051.0,0.4,0,0,1773279743968,True,True
0,2051.36,0.00900762,0,0,1773279743968,True,True
0,2051.5,0.0110112,0,0,1773279743968,True,True
0,2051.5,1.52950814,0,0,1773279743968,True,True
0,2051.5,0.5599648,0,0,1773279743968,True,True
0,2051.5,0.00474518,0,0,1773279752481,True,True
0,2051.09,0.01664958,0,0,1773279767741,False,True
0,2051.43,0.07186704,0,0,1773279778591,True,True
0,2051.49,0.00683899,0,0,1773279780331,False,True
0,2051.5,3.0,0,0,1773279785691,True,True
0,2052.01,1.04801493,0,0,1773279785750,True,True
0,2052.01,0.06969929,0,0,1773279785757,True,True
0,2052.04,0.01175867,0,0,1773279802728,True,True
0,2052.04,0.4,0,0,1773279802728,True,True
0,2052.5,0.00108081,0,0,1773279806608,True,True
0,2052.49,1.0,0,0,1773279819236,False,True
0,2052.1,0.03444395,0,0,1773279819977,True,True
0,2052.1,0.1152844,0,0,1773279829816,True,True
0,2052.09,0.001,0,0,1773279829984,False,True
0,2052.08,0.00011473,0,0,1773279829984,False,True
0,2051.73,0.01749566,0,0,1773279847694,True,True
0,2051.82,0.05761334,0,0,1773279859668,True,True
0,2051.56,0.01439087,0,0,1773279862405,True,True
0,2050.92,0.00965517,0,0,1773279879035,True,True
0,2050.7,0.02425801,0,0,1773279883171,True,True
0,2051.69,0.0009377,0,0,1773279886040,True,True
0,2051.69,0.4,0,0,1773279907151,True,True
0,2051.69,0.27927829,0,0,1773279907151,True,True
0,2053.06,0.01312075,0,0,1773279912011,True,True
0,2052.3,0.00183697,0,0,1773279931532,False,True
0,2052.03,0.0096011,0,0,1773279941419,True,True
0,2051.68,0.01103973,0,0,1773279980699,False,True
0,2051.09,0.13472505,0,0,1773279980699,False,True
0,2051.45,0.00937385,0,0,1773279994533,True,True
0,2051.44,0.5,0,0,1773279995911,False,True
0,2051.45,0.02182303,0,0,1773280002129,True,True
0,2050.91,0.35876421,0,0,1773280015653,True,True
0,2050.91,0.60455367,0,0,1773280015655,True,True
0,2050.91,0.17263823,0,0,1773280015657,True,True
0,2050.91,0.1514961,0,0,1773280015658,True,True
0,2050.27,0.01832621,0,0,1773280023334,False,True
0,2049.92,0.0056,0,0,1773280038917,True,True
0,2049.73,0.14636074,0,0,1773280067977,True,True
0,2049.88,0.05058976,0,0,1773280088446,True,True
0,2049.75,0.04702954,0,0,1773280098637,True,True
0,2049.69,0.04683635,0,0,1773280105115,False,True
0,2049.14,0.00093811,0,0,1773280113109,True,True
0,2049.52,0.0019041,0,0,1773280131203,True,True
0,2049.52,0.00487919,0,0,1773280132144,True,True
0,2049.51,0.00483088,0,0,1773280132282,True,True
0,2049.1,0.61845491,0,0,1773280140195,False,True
0,2049.1,0.20571974,0,0,1773280140196,False,True
0,2049.1,0.64620399,0,0,1773280140197,False,True
0,2049.1,0.91427773,0,0,1773280140206,False,True
0,2049.1,0.05543279,0,0,1773280140216,False,True
0,2049.03,0.35900222,0,0,1773280140220,False,True
0,2049.03,0.30816701,0,0,1773280140235,False,True
0,2049.03,0.06473204,0,0,1773280140235,False,True
0,2048.99,0.04880453,0,0,1773280140235,False,True
0,2048.94,0.09301622,0,0,1773280140235,False,True
0,2048.94,7.83222994,0,0,1773280140241,False,True
0,2048.94,1.85536474,0,0,1773280140249,False,True
0,2048.94,0.10866461,0,0,1773280140253,False,True
0,2048.94,0.75428722,0,0,1773280140267,False,True
0,2048.94,1.55786538,0,0,1773280140279,False,True
0,2048.93,0.43335111,0,0,1773280140279,False,True
0,2048.93,0.29858409,0,0,1773280140304,False,True
0,2048.93,0.14200971,0,0,1773280140304,False,True
0,2048.93,0.20342904,0,0,1773280140309,False,True
0,2048.93,0.20003161,0,0,1773280140316,False,True
0,2048.93,0.186397,0,0,1773280140349,False,True
0,2048.52,0.38,0,0,1773280140570,False,True
0,2047.69,0.00569422,0,0,1773280160689,True,True
0,2047.68,0.00190153,0,0,1773280165597,False,True
0,2047.69,0.06849805,0,0,1773280190654,True,True
0,2047.69,0.09505697,0,0,1773280191208,True,True
0,2047.83,0.4,0,0,1773280195182,False,True
0,2047.83,0.20508053,0,0,1773280209738,False,True
0,2046.78,0.5433681,0,0,1773280214151,True,True
0,2046.78,0.5737,0,0,1773280214151,True,True
0,2046.78,3.15182117,0,0,1773280214151,True,True
0,2047.83,0.04787492,0,0,1773280222886,True,True
0,2047.84,0.00712458,0,0,1773280225104,True,True
0,2047.83,0.00096699,0,0,1773280244490,False,True
0,2047.83,0.00096699,0,0,1773280246914,False,True
0,2047.83,0.00669335,0,0,1773280247940,False,True
0,2047.84,0.52589591,0,0,1773280248023,True,True
0,2047.84,0.4,0,0,1773280248023,True,True
0,2047.9,3.0,0,0,1773280248025,True,True
0,2048.27,0.0072119,0,0,1773280278835,False,True
0,2047.65,0.34850199,0,0,1773280297175,True,True
0,2046.82,1.87402415,0,0,1773280307453,True,True
0,2046.82,0.5737,0,0,1773280307453,True,True
0,2046.83,0.5737,0,0,1773280307453,True,True
0,2046.84,1.24656955,0,0,1773280307453,True,True
0,2046.81,0.45060593,0,0,1773280307927,True,True
0,2046.75,0.24886488,0,0,1773280308190,True,True
0,2046.68,0.0474806,0,0,1773280308868,True,True
0,2046.79,0.00483733,0,0,1773280322991,True,True
0,2047.22,0.02395793,0,0,1773280334665,False,True
0,2047.25,3.0,0,0,1773280339258,True,True
0,2046.22,2.03270239,0,0,1773280349702,True,True
0,2046.2,0.04880453,0,0,1773280350066,True,True
0,2046.21,0.07149703,0,0,1773280350066,True,True
0,2046.38,0.11890425,0,0,1773280356966,True,True
0,2046.38,0.02297836,0,0,1773280369036,True,True
0,2046.83,0.00229997,0,0,1773280373902,True,True
0,2046.61,0.04744371,0,0,1773280376939,True,True
0,2046.2,0.00080981,0,0,1773280378062,False,True
0,2046.46,0.01426454,0,0,1773280380044,True,True
0,2046.62,0.68073126,0,0,1773280381665,True,True
0,2045.16,0.02272541,0,0,1773280404003,True,True
0,2045.35,0.08948655,0,0,1773280413509,False,True
0,2045.45,0.00901986,0,0,1773280417987,True,True
0,2045.45,0.04490176,0,0,1773280425307,True,True
0,2045.26,2.52776285,0,0,1773280437541,True,True
0,2045.26,0.47223715,0,0,1773280437556,True,True
0,2045.45,0.34607838,0,0,1773280437563,True,True
0,2046.21,0.02473657,0,0,1773280450228,False,True
0,2046.2,0.03403,0,0,1773280452099,False,True
0,2046.31,0.00096791,0,0,1773280456656,False,True
0,2046.12,0.0048625,0,0,1773280477036,True,True
0,2046.11,0.02297836,0,0,1773280477825,False,True
0,2046.43,0.4,0,0,1773280497592,False,True
0,2046.48,0.02219318,0,0,1773280500572,True,True
0,2046.48,0.07952917,0,0,1773280505355,True,True
0,2046.48,0.24056908,0,0,1773280525288,True,True
0,2046.47,0.00700796,0,0,1773280538859,False,True
0,2046.48,0.00186337,0,0,1773280556646,True,True
0,2046.48,0.00475566,0,0,1773280557757,True,True
0,2046.47,0.04886463,0,0,1773280560861,False,True
0,2046.12,0.02377829,0,0,1773280565314,True,True
0,2046.48,0.02419455,0,0,1773280570823,True,True
0,2046.48,0.00960479,0,0,1773280572849,True,True
0,2046.4,0.06466928,0,0,1773280573908,False,True
0,2046.48,0.00729319,0,0,1773280574679,True,True
0,2046.48,0.00299384,0,0,1773280578892,True,True
0,2046.48,0.00193043,0,0,1773280589221,True,True
0,2045.51,0.00136296,0,0,1773280620209,False,True
0,2045.86,0.07776249,0,0,1773280625968,False,True
0,2046.01,0.00488791,0,0,1773280630829,True,True
0,2046.01,0.00903999,0,0,1773280634147,True,True
0,2046.01,0.01209869,0,0,1773280634291,True,True
0,2045.79,0.00747907,0,0,1773280664385,True,True
0,2045.79,0.00244378,0,0,1773280665919,True,True
0,2045.79,0.00960803,0,0,1773280669449,True,True
0,2045.79,0.00094905,0,0,1773280680598,True,True
0,2045.78,0.01833991,0,0,1773280685409,False,True
0,2045.46,0.01132732,0,0,1773280719643,True,True
0,2045.46,0.00970441,0,0,1773280763093,True,True
0,2045.46,0.00152857,0,0,1773280769867,True,True
0,2045.46,0.00108585,0,0,1773280769867,True,True
0,2045.46,0.39891415,0,0,1773280779690,True,True
0,2046.22,0.01132466,0,0,1773280795889,True,True
0,2046.22,0.01676932,0,0,1773280800115,True,True
0,2046.22,0.00048382,0,0,1773280800206,True,True
0,2046.21,0.29262879,0,0,1773280801522,False,True
0,2045.78,0.01467319,0,0,1773280801559,True,True
0,2045.73,0.004888,0,0,1773280808098,True,True
0,2045.24,0.00973053,0,0,1773280821553,True,True
0,2045.24,0.0157187,0,0,1773280821612,True,True
0,2045.25,0.09680968,0,0,1773280834040,True,True
0,2044.93,0.01588051,0,0,1773280838107,True,True
0,2044.92,0.0152082,0,0,1773280838606,True,True
0,2044.92,0.00238527,0,0,1773280840179,True,True
0,2044.92,0.08576212,0,0,1773280841104,True,True
0,2044.78,0.01428002,0,0,1773280844550,True,True
0,2044.77,0.2152837,0,0,1773280846052,False,True
0,2044.62,1.14918432,0,0,1773280846052,False,True
0,2044.51,0.26247,0,0,1773280859784,True,True
0,2044.51,0.01368912,0,0,1773280862557,True,True
0,2044.51,0.01934012,0,0,1773280864794,True,True
0,2044.51,0.01521893,0,0,1773280866551,True,True
0,2044.51,0.00513338,0,0,1773280896249,True,True
0,2044.77,0.4,0,0,1773280896330,True,True
0,2045.94,0.01622515,0,0,1773280899068,True,True
0,2045.93,0.4,0,0,1773280906683,True,True
0,2046.19,0.01611837,0,0,1773280910614,True,True
0,2046.31,0.02277146,0,0,1773280913834,True,True
0,2046.18,0.36455758,0,0,1773280917739,True,True
0,2046.18,0.025206,0,0,1773280918614,True,True
0,2045.98,0.01519964,0,0,1773280923047,True,True
0,2045.98,0.01519967,0,0,1773280941550,True,True
0,2045.17,0.01520055,0,0,1773280951050,True,True
0,2044.5,0.02445586,0,0,1773280955244,False,True
0,2043.72,0.05813657,0,0,1773280960053,False,True
0,2043.47,0.13715588,0,0,1773280960053,False,True
0,2042.88,0.00605828,0,0,1773280961206,False,True
0,2043.88,0.01369882,0,0,1773280967114,True,True
0,2044.62,0.01317142,0,0,1773280981048,True,True
0,2044.62,0.04939793,0,0,1773280981780,True,True
0,2044.62,0.01399388,0,0,1773280982627,True,True
0,2045.18,0.04759985,0,0,1773280985813,True,True
0,2045.18,0.35240015,0,0,1773280987124,True,True
0,2045.97,0.2059947,0,0,1773280987727,False,True
0,2046.0,0.0160842,0,0,1773280992554,True,True
0,2046.37,0.0049226,0,0,1773280995616,True,True
0,2046.48,0.007166,0,0,1773280995616,True,True
0,2046.68,0.01982968,0,0,1773280995616,True,True
0,2047.09,0.19464265,0,0,1773281001494,False,True
0,2047.0,0.20535735,0,0,1773281001494,False,True
0,2046.52,0.01367433,0,0,1773281012049,True,True
0,2046.13,0.00096902,0,0,1773281014394,False,True
0,2046.29,0.00721965,0,0,1773281017540,True,True
0,2046.09,0.01443614,0,0,1773281022055,True,True
0,2045.4,0.01473607,0,0,1773281048631,True,True
0,2045.4,0.0220457,0,0,1773281059578,True,True
0,2045.4,0.01570298,0,0,1773281064057,True,True
0,2045.4,0.36225132,0,0,1773281067875,True,True
0,2047.88,0.02833742,0,0,1773281073917,False,True
0,2047.78,0.01367883,0,0,1773281076189,True,True
0,2046.94,0.00765143,0,0,1773281082462,False,True
0,2047.09,0.01367163,0,0,1773281087554,True,True
0,2045.89,0.0123359,0,0,1773281106057,True,True
0,2045.67,0.00921458,0,0,1773281119681,True,True
0,2045.67,1.82586446,0,0,1773281122942,True,True
0,2045.67,1.16492096,0,0,1773281122944,True,True
0,2045.59,0.4,0,0,1773281180686,True,True
0,2045.59,0.31802689,0,0,1773281180686,True,True
0,2045.59,4.86364682,0,0,1773281180686,True,True
0,2045.59,0.03390744,0,0,1773281180686,True,True
0,2046.1,0.00729455,0,0,1773281184823,True,True
0,2046.25,0.00095363,0,0,1773281189066,True,True
0,2046.62,0.21574351,0,0,1773281204844,False,True
0,2046.71,0.5875236,0,0,1773281209807,False,True
0,2046.71,6.41247648,0,0,1773281209807,False,True
0,2046.7,0.006054,0,0,1773281214883,False,True
0,2045.65,0.01354597,0,0,1773281239781,True,True
0,2045.63,0.00481646,0,0,1773281243604,True,True
0,2045.19,0.22919966,0,0,1773281246114,True,True
0,2045.18,0.0733985,0,0,1773281247554,False,True
0,2045.19,0.02439234,0,0,1773281247565,True,True
0,2045.19,0.04798098,0,0,1773281249794,True,True
0,2045.18,0.11076604,0,0,1773281250115,False,True
0,2044.16,0.009071,0,0,1773281253070,True,True
0,2044.16,0.07337995,0,0,1773281268525,True,True
0,2044.16,0.1360554,0,0,1773281271589,True,True
0,2044.16,0.19056465,0,0,1773281273328,True,True
0,2045.44,1.67641673,0,0,1773281274868,True,True
0,2046.93,0.00478957,0,0,1773281286629,True,True
0,2046.46,0.00744598,0,0,1773281297183,False,True
0,2046.16,0.04442536,0,0,1773281324344,False,True
0,2046.32,0.47509261,0,0,1773281335963,True,True
0,2046.16,1.14296732,0,0,1773281350436,False,True
0,2046.16,0.35548667,0,0,1773281350437,False,True
0,2046.16,0.14518876,0,0,1773281350438,False,True
0,2046.16,0.31193189,0,0,1773281350474,False,True
0,2046.13,2.44363124,0,0,1773281350487,False,True
0,2044.53,0.02421549,0,0,1773281379681,False,True
0,2044.95,0.00479986,0,0,1773281385294,True,True
0,2044.95,1.36217363,0,0,1773281389503,True,True
0,2044.95,0.77850391,0,0,1773281389503,True,True
0,2044.95,0.15381794,0,0,1773281389503,True,True
0,2044.95,0.10404647,0,0,1773281389503,True,True
0,2044.95,0.60145805,0,0,1773281389574,True,True
0,2045.62,0.0047922,0,0,1773281399340,True,True
0,2045.36,0.00473441,0,0,1773281410784,True,True
0,2045.44,0.4,0,0,1773281414496,True,True
0,2045.71,0.00096788,0,0,1773281417437,False,True
0,2045.72,0.15412821,0,0,1773281417790,True,True
0,2045.72,0.04813169,0,0,1773281418539,True,True
0,2045.72,0.09225967,0,0,1773281419961,True,True
0,2045.72,0.01838955,0,0,1773281420963,True,True
0,2046.4,0.0977326,0,0,1773281422012,True,True
0,2046.67,0.2283468,0,0,1773281426468,False,True
0,2046.98,0.02343089,0,0,1773281437993,True,True
0,2046.97,0.00473143,0,0,1773281440922,True,True
0,2046.74,0.00096788,0,0,1773281443108,False,True
0,2046.67,0.48859855,0,0,1773281456763,True,True
0,2046.66,0.22517035,0,0,1773281458923,False,True
0,2045.59,0.21583696,0,0,1773281462478,True,True
0,2045.77,0.00111691,0,0,1773281465392,True,True
0,2045.58,0.08902077,0,0,1773281468294,False,True
0,2045.76,0.29664652,0,0,1773281468894,True,True
0,2045.58,0.01004517,0,0,1773281469257,False,True
0,2045.61,0.01220918,0,0,1773281481961,True,True
0,2044.95,0.13842811,0,0,1773281486030,False,True
0,2044.71,0.00085729,0,0,1773281491872,True,True
0,2044.95,0.02275369,0,0,1773281502289,True,True
0,2044.95,0.4,0,0,1773281524265,True,True
0,2045.6,0.00726252,0,0,1773281525117,True,True
0,2045.6,0.0488589,0,0,1773281525887,True,True
0,2046.16,0.5875236,0,0,1773281538608,True,True
0,2046.16,1.1116974,0,0,1773281538608,True,True
0,2046.07,0.15618258,0,0,1773281538780,False,True
0,2046.07,0.77638134,0,0,1773281538780,False,True
0,2046.17,3.0,0,0,1773281539779,True,True
0,2046.2,0.01020147,0,0,1773281539779,True,True
0,2046.28,1.18583271,0,0,1773281539779,True,True
0,2045.75,0.63486956,0,0,1773281547317,False,True
0,2045.76,0.016511,0,0,1773281547356,True,True
0,2045.78,0.02118013,0,0,1773281551215,True,True
0,2045.24,0.01358224,0,0,1773281573117,True,True
0,2044.94,0.00440064,0,0,1773281585849,False,True
0,2044.01,0.02213186,0,0,1773281589350,True,True
0,2044.39,0.00958964,0,0,1773281610401,True,True
0,2044.49,0.04737305,0,0,1773281625974,True,True
0,2044.48,0.16412077,0,0,1773281627411,False,True
0,2044.49,0.32234897,0,0,1773281627569,True,True
0,2044.49,0.03027798,0,0,1773281627638,True,True
0,2045.89,0.00047336,0,0,1773281640190,True,True
0,2045.55,0.00973409,0,0,1773281649788,True,True
0,2045.55,0.01075505,0,0,1773281652275,True,True
0,2045.55,0.00484026,0,0,1773281656911,True,True
0,2045.54,0.00092232,0,0,1773281662593,False,True
0,2045.54,0.43963541,0,0,1773281667037,False,True
0,2044.81,0.04567508,0,0,1773281667216,True,True
0,2045.11,0.0241507,0,0,1773281671926,True,True
0,2044.61,0.0119884,0,0,1773281697199,True,True
0,2044.5,0.00473691,0,0,1773281711221,True,True
0,2044.33,0.02306802,0,0,1773281721881,True,True
0,2044.24,0.00203479,0,0,1773281723978,False,True
0,2044.24,0.009337,0,0,1773281729292,False,True
0,2044.25,0.30685871,0,0,1773281737581,True,True
0,2044.5,0.39526309,0,0,1773281740886,True,True
0,2045.47,0.02380423,0,0,1773281742541,True,True
0,2045.47,0.02279017,0,0,1773281743978,True,True
0,2044.75,0.0060449,0,0,1773281769227,False,True
0,2045.32,0.00174472,0,0,1773281775626,False,True
0,2045.21,0.00076873,0,0,1773281784061,False,True
0,2044.98,0.02305877,0,0,1773281785500,True,True
0,2045.07,2.93420461,0,0,1773281794429,True,True
0,2045.07,1.06579539,0,0,1773281794429,True,True
0,2045.06,0.00096809,0,0,1773281799686,False,True
0,2044.76,0.00479405,0,0,1773281818745,True,True
0,2044.78,0.14245155,0,0,1773281825727,True,True
0,2044.54,0.00679955,0,0,1773281839598,True,True
0,2043.81,0.00108911,0,0,1773281847520,False,True
0,2043.37,0.00059208,0,0,1773281871386,True,True
0,2043.36,0.03529753,0,0,1773281871387,False,True
0,2043.32,9.38535748,0,0,1773281882173,False,True
0,2043.0,0.80581665,0,0,1773281884538,False,True
0,2042.88,2.0,0,0,1773281884545,False,True
0,2042.5,0.00150886,0,0,1773281884682,False,True
0,2042.45,0.31953291,0,0,1773281884682,False,True
0,2042.09,0.01867796,0,0,1773281885728,True,True
0,2042.15,3.0,0,0,1773281886095,True,True
0,2042.79,0.5737,0,0,1773281886234,False,True
0,2042.78,0.4263,0,0,1773281886234,False,True
0,2044.11,0.00439675,0,0,1773281898477,True,True
0,2043.87,0.09570032,0,0,1773281907888,True,True
0,2043.15,0.00699199,0,0,1773281912436,False,True
0,2042.76,0.01006491,0,0,1773281924256,True,True
0,2042.75,0.05032074,0,0,1773281925882,True,True
0,2042.45,0.00276698,0,0,1773281930247,False,True
0,2042.64,1.79188725,0,0,1773281931193,False,True
0,2042.44,2.0,0,0,1773281931218,False,True
0,2042.09,0.0048961,0,0,1773281945762,True,True
0,2042.09,0.04812721,0,0,1773281950115,True,True
0,2042.08,0.00115568,0,0,1773281979439,False,True
0,2042.0,0.04897159,0,0,1773281979439,False,True
0,2041.92,0.00103023,0,0,1773281979439,False,True
0,2041.84,0.02134249,0,0,1773281979439,False,True
0,2041.74,0.13372758,0,0,1773281981099,False,True
0,2041.74,0.12554937,0,0,1773281981100,False,True
0,2041.74,0.10778885,0,0,1773281981100,False,True
0,2041.74,0.07620658,0,0,1773281981100,False,True
0,2041.74,0.17570844,0,0,1773281981102,False,True
0,2041.74,0.11670035,0,0,1773281981102,False,True
0,2041.74,0.07839324,0,0,1773281981106,False,True
0,2041.74,0.0965752,0,0,1773281981107,False,True
0,2041.74,0.07483658,0,0,1773281981111,False,True
0,2041.74,0.0725156,0,0,1773281981112,False,True
0,2041.74,0.94199821,0,0,1773281981117,False,True
0,2041.33,0.22139043,0,0,1773281981157,False,True
0,2041.33,0.07180578,0,0,1773281981157,False,True
0,2041.33,0.06680379,0,0,1773281981157,False,True
0,2041.28,0.13871732,0,0,1773281981194,False,True
0,2041.28,0.18908485,0,0,1773281981228,False,True
0,2041.0,1.08000979,0,0,1773281981241,False,True
0,2041.05,0.001,0,0,1773281982592,False,True
0,2040.92,0.001,0,0,1773281983984,False,True
0,2040.92,0.77028107,0,0,1773281984128,False,True
0,2040.47,0.07054184,0,0,1773281990657,True,True
0,2040.92,0.0058797,0,0,1773282000546,True,True
0,2040.63,0.16724229,0,0,1773282005347,False,True
0,2040.46,0.245,0,0,1773282008649,False,True
0,2040.17,0.00735233,0,0,1773282009748,False,True
0,2040.0,0.008217,0,0,1773282009748,False,True
0,2040.0,0.00245099,0,0,1773282009748,False,True
0,2040.0,0.00881506,0,0,1773282009748,False,True
0,2040.0,0.00343984,0,0,1773282016351,False,True
0,2040.0,0.0096722,0,0,1773282016351,False,True
0,2039.82,0.001,0,0,1773282016351,False,True
0,2039.74,0.42126713,0,0,1773282016352,False,True
0,2039.74,1.57873287,0,0,1773282016352,False,True
0,2039.71,0.002,0,0,1773282016352,False,True
0,2039.63,0.34617357,0,0,1773282016352,False,True
0,2039.57,0.02690272,0,0,1773282016353,False,True
0,2039.55,0.00707471,0,0,1773282016353,False,True
0,2039.37,0.5737,0,0,1773282016353,False,True
0,2039.81,0.00655747,0,0,1773282016356,True,True
0,2039.27,1.40355627,0,0,1773282016356,False,True
0,2039.27,0.27784854,0,0,1773282016357,False,True
0,2038.77,0.001,0,0,1773282016360,False,True
0,2038.76,0.001,0,0,1773282016360,False,True
0,2038.72,0.02,0,0,1773282016360,False,True
0,2038.58,0.5737,0,0,1773282016360,False,True
0,2038.57,1.34165659,0,0,1773282016360,False,True
0,2038.57,2.04797941,0,0,1773282016362,False,True
0,2038.8,0.5737,0,0,1773282016369,False,True
0,2038.8,0.5737,0,0,1773282016370,False,True
0,2038.8,0.53440405,0,0,1773282016370,False,True
0,2039.0,0.949739,0,0,1773282016466,False,True
0,2038.02,1.59484491,0,0,1773282016482,False,True
0,2038.03,0.1405,0,0,1773282016513,False,True
0,2038.03,0.13960485,0,0,1773282016520,False,True
0,2038.02,1.86638109,0,0,1773282016520,False,True
0,2038.0,0.30520117,0,0,1773282016520,False,True
0,2038.06,1.3465,0,0,1773282016550,False,True
0,2038.06,0.33591316,0,0,1773282016556,False,True
0,2037.47,0.7008,0,0,1773282016569,False,True
0,2038.47,0.715111,0,0,1773282016589,False,True
0,2037.18,0.001541,0,0,1773282016750,False,True
0,2037.18,0.0245,0,0,1773282016797,False,True
0,2037.06,0.001,0,0,1773282016826,False,True
0,2036.83,0.00104568,0,0,1773282016849,False,True
0,2036.53,0.37823433,0,0,1773282016849,False,True
0,2036.53,0.09501185,0,0,1773282016849,False,True
0,2036.44,0.1,0,0,1773282016849,False,True
0,2036.39,0.00174129,0,0,1773282016849,False,True
0,2036.22,0.32051055,0,0,1773282016849,False,True
0,2036.16,0.00350801,0,0,1773282016849,False,True
0,2036.16,0.00350801,0,0,1773282016849,False,True
0,2036.16,0.00350801,0,0,1773282016849,False,True
0,2036.16,0.00350801,0,0,1773282016849,False,True
0,2036.16,0.00350801,0,0,1773282016849,False,True
0,2036.16,0.00350801,0,0,1773282016849,False,True
0,2036.16,0.00350801,0,0,1773282016849,False,True
0,2036.16,0.00350801,0,0,1773282016849,False,True
0,2036.16,0.00350801,0,0,1773282016849,False,True
0,2036.16,0.00350801,0,0,1773282016849,False,True
0,2036.16,0.00350801,0,0,1773282016849,False,True
0,2036.16,0.00350801,0,0,1773282016849,False,True
0,2036.16,0.00350801,0,0,1773282016849,False,True
0,2036.16,0.00350791,0,0,1773282016849,False,True
0,2035.95,0.03400073,0,0,1773282016849,False,True
0,2035.91,5.39962354,0,0,1773282016849,False,True
0,2036.44,0.1,0,0,1773282017069,False,True
0,2035.91,0.37823433,0,0,1773282017105,False,True
0,2036.11,0.5737,0,0,1773282017128,False,True
0,2036.51,0.5737,0,0,1773282017151,False,True
0,2036.31,0.5737,0,0,1773282017151,False,True
0,2036.31,1.5,0,0,1773282017151,False,True
0,2036.11,1.5,0,0,1773282017151,False,True
0,2036.11,2.76317049,0,0,1773282017299,False,True
0,2036.11,1.5,0,0,1773282017341,False,True
0,2035.91,0.46492124,0,0,1773282017341,False,True
0,2035.91,0.51728965,0,0,1773282017353,False,True
0,2035.91,0.51778911,0,0,1773282017404,False,True
0,2035.85,0.21909074,0,0,1773282017404,False,True
0,2035.91,0.5737,0,0,1773282017469,False,True
0,2035.85,0.40880647,0,0,1773282017469,False,True
0,2035.86,0.00350801,0,0,1773282017845,True,True
0,2035.86,0.00350801,0,0,1773282017845,True,True
0,2035.86,0.00350801,0,0,1773282017845,True,True
0,2035.86,0.00350801,0,0,1773282017845,True,True
0,2035.86,0.00350801,0,0,1773282017845,True,True
0,2035.86,0.00350801,0,0,1773282017845,True,True
0,2035.86,0.00350801,0,0,1773282017845,True,True
0,2035.86,0.00350801,0,0,1773282017845,True,True
0,2035.86,0.00350801,0,0,1773282017845,True,True
0,2035.86,0.00350801,0,0,1773282017845,True,True
0,2035.86,0.00350801,0,0,1773282017845,True,True
0,2035.86,0.00350801,0,0,1773282017845,True,True
0,2035.86,0.0016604,0,0,1773282017845,True,True
0,2035.85,0.24366471,0,0,1773282018750,False,True
0,2035.86,0.00245596,0,0,1773282018820,True,True
0,2035.86,0.42218956,0,0,1773282018820,True,True
0,2035.86,0.00245596,0,0,1773282018862,True,True
0,2035.86,0.0004436,0,0,1773282018862,True,True
0,2036.4,0.00483213,0,0,1773282019771,False,True
0,2036.72,0.00805324,0,0,1773282022311,False,True
0,2036.26,0.00701784,0,0,1773282030457,True,True
0,2036.26,0.31135253,0,0,1773282041843,True,True
0,2036.71,0.05638482,0,0,1773282042951,True,True
0,2036.98,0.81002784,0,0,1773282044902,True,True
0,2037.0,5.5940878,0,0,1773282044902,True,True
0,2037.0,0.0981,0,0,1773282048448,True,True
0,2037.0,2.28894428,0,0,1773282057525,True,True
0,2037.5,3.0,0,0,1773282057827,True,True
0,2037.78,0.0278525,0,0,1773282067961,True,True
0,2037.4,0.2776234,0,0,1773282073361,False,True
0,2037.63,0.15900634,0,0,1773282074160,True,True
0,2037.76,0.05920278,0,0,1773282074160,True,True
0,2036.94,0.00950707,0,0,1773282083984,True,True
0,2037.28,0.14723854,0,0,1773282103520,True,True
0,2036.75,0.01819927,0,0,1773282113517,True,True
0,2036.75,0.00483722,0,0,1773282113820,True,True
0,2036.75,0.37696351,0,0,1773282119537,True,True
0,2036.77,1.100869,0,0,1773282119537,True,True
0,2036.77,0.00486112,0,0,1773282120033,True,True
0,2036.77,0.00486117,0,0,1773282123119,True,True
0,2037.18,0.077301,0,0,1773282133326,True,True
0,2036.68,6.701,0,0,1773282164236,True,True
0,2036.69,0.15040218,0,0,1773282164236,True,True
0,2036.77,8.12558649,0,0,1773282164236,True,True
0,2036.82,5.02301133,0,0,1773282164236,True,True
0,2036.81,0.00336936,0,0,1773282165032,True,True
0,2036.81,0.06043274,0,0,1773282165912,True,True
0,2036.69,0.23423128,0,0,1773282168659,True,True
0,2037.0,0.09814987,0,0,1773282179430,True,True
0,2037.0,0.30185013,0,0,1773282180231,True,True
0,2037.73,0.001,0,0,1773282181292,True,True
0,2037.74,0.001,0,0,1773282181296,True,True
0,2037.75,0.001,0,0,1773282181296,True,True
0,2037.89,0.00143342,0,0,1773282188294,True,True
0,2038.25,0.00415621,0,0,1773282198658,True,True
0,2038.51,0.21645829,0,0,1773282198658,True,True
0,2038.4,0.4,0,0,1773282212154,False,True
0,2038.4,0.00143577,0,0,1773282215875,True,True
0,2039.9,0.03879803,0,0,1773282257413,True,True
0,2039.61,0.02272539,0,0,1773282264242,True,True
0,2039.61,0.00476028,0,0,1773282265004,True,True
0,2039.58,0.01602548,0,0,1773282266526,True,True
0,2039.11,0.00062121,0,0,1773282268392,False,True
0,2039.8,0.00047486,0,0,1773282277179,True,True
0,2039.15,0.176545,0,0,1773282310879,True,True
0,2039.14,0.00082997,0,0,1773282325346,False,True
0,2039.14,0.07175442,0,0,1773282327812,False,True
0,2039.15,0.04315523,0,0,1773282329813,True,True
0,2039.14,0.00415005,0,0,1773282344698,False,True
0,2039.15,0.4,0,0,1773282345143,True,True
0,2039.15,0.05800424,0,0,1773282345143,True,True
0,2039.14,0.00155068,0,0,1773282360254,False,True
0,2039.15,0.15206289,0,0,1773282368227,True,True
0,2039.15,0.4,0,0,1773282368227,True,True
0,2039.84,0.02629658,0,0,1773282377119,False,True
0,2039.97,0.80526026,0,0,1773282384923,False,True
0,2039.79,0.00119541,0,0,1773282390134,True,True
0,2039.89,0.05098473,0,0,1773282395770,True,True
0,2039.76,0.01239235,0,0,1773282397540,False,True
0,2040.4,0.4,0,0,1773282413767,False,True
0,2040.77,0.00104585,0,0,1773282419811,True,True
0,2040.82,0.00380663,0,0,1773282419811,True,True
0,2040.82,0.00200312,0,0,1773282427331,True,True
0,2040.81,0.00094222,0,0,1773282434139,True,True
0,2041.23,0.01823718,0,0,1773282498148,True,True
0,2041.22,0.00541406,0,0,1773282499129,True,True
0,2041.22,0.0504853,0,0,1773282499558,True,True
0,2040.56,1.87402415,0,0,1773282523731,True,True
0,2040.57,0.5737,0,0,1773282523731,True,True
0,2040.59,1.72514566,0,0,1773282523731,True,True
0,2040.63,0.44883019,0,0,1773282523731,True,True
0,2040.36,0.01225255,0,0,1773282533214,True,True
0,2040.72,0.00136807,0,0,1773282555996,False,True
0,2040.38,0.24503919,0,0,1773282596661,True,True
0,2040.18,0.00446859,0,0,1773282599327,True,True
0,2040.05,0.24028631,0,0,1773282600075,True,True
0,2039.81,1.87402415,0,0,1773282601396,True,True
0,2039.81,0.5737,0,0,1773282601396,True,True
0,2039.82,2.17477585,0,0,1773282601396,True,True
0,2039.82,0.002145,0,0,1773282605703,False,True
0,2039.83,0.00103944,0,0,1773282608201,True,True
0,2039.82,0.00475961,0,0,1773282619815,True,True
0,2039.82,0.00195619,0,0,1773282627133,True,True
0,2039.82,0.06127961,0,0,1773282630240,True,True
0,2039.82,0.06127961,0,0,1773282630240,True,True
0,2039.81,0.00083594,0,0,1773282660528,False,True
0,2039.81,0.763,0,0,1773282663294,False,True
0,2039.82,0.08808386,0,0,1773282672120,True,True
0,2039.82,0.4,0,0,1773282672120,True,True
0,2040.54,0.00451454,0,0,1773282678170,True,True
0,2040.54,2.99548546,0,0,1773282679357,True,True
0,2040.79,1.62801454,0,0,1773282679357,True,True
0,2040.74,0.00485118,0,0,1773282684047,True,True
0,2040.51,2.45035692,0,0,1773282689845,False,True
0,2040.5,1.34193501,0,0,1773282689845,False,True
0,2040.68,0.00239021,0,0,1773282693376,True,True
0,2040.61,0.05085612,0,0,1773282719567,False,True
0,2040.62,0.4,0,0,1773282722897,True,True
0,2040.62,3.6,0,0,1773282722897,True,True
0,2040.61,0.0187327,0,0,1773282724895,False,True
0,2040.61,0.0187327,0,0,1773282724895,False,True
0,2040.61,0.04891077,0,0,1773282724899,False,True
0,2040.61,0.03465549,0,0,1773282725431,False,True
0,2039.81,1.23616406,0,0,1773282725436,False,True
0,2039.65,0.03465549,0,0,1773282725442,False,True
0,2039.65,0.7007648,0,0,1773282725442,False,True
0,2039.61,1.470855,0,0,1773282725454,False,True
0,2039.61,0.529145,0,0,1773282725462,False,True
0,2039.58,0.03204581,0,0,1773282725462,False,True
0,2039.32,0.33790261,0,0,1773282725545,False,True
0,2039.25,0.3,0,0,1773282725545,False,True
0,2039.14,3.03709739,0,0,1773282725545,False,True
0,2039.14,3.76406956,0,0,1773282725857,False,True
0,2039.14,0.75885568,0,0,1773282725858,False,True
0,2039.14,0.60230124,0,0,1773282725859,False,True
0,2039.14,0.69837949,0,0,1773282725860,False,True
0,2039.14,3.91798826,0,0,1773282725933,False,True
0,2039.14,13.83385861,0,0,1773282725962,False,True
0,2038.31,0.03000967,0,0,1773282731005,True,True
0,2038.3,0.0917958,0,0,1773282732859,True,True
0,2038.09,0.04801357,0,0,1773282743819,True,True
0,2038.65,5.0,0,0,1773282755651,True,True
0,2038.42,0.14722805,0,0,1773282765287,False,True
0,2038.66,0.00047623,0,0,1773282765747,True,True
0,2038.66,0.00488078,0,0,1773282773034,True,True
0,2038.6,0.0418081,0,0,1773282779029,False,True
0,2036.88,0.001,0,0,1773282789556,False,True
0,2036.87,0.001,0,0,1773282789556,False,True
0,2037.07,0.00055994,0,0,1773282791982,False,True
0,2037.12,0.00487452,0,0,1773282796921,True,True
0,2037.08,0.00078663,0,0,1773282801616,False,True
0,2036.5,0.1333,0,0,1773282815516,False,True
0,2036.14,0.03536103,0,0,1773282838644,True,True
0,2036.14,0.01226801,0,0,1773282841257,True,True
0,2036.14,0.00953603,0,0,1773282843908,True,True
0,2036.14,0.34283493,0,0,1773282844042,True,True
0,2037.3,0.00188324,0,0,1773282845220,True,True
0,2037.7,0.01191933,0,0,1773282853271,True,True
0,2037.93,0.5875236,0,0,1773282857368,True,True
0,2037.61,0.00723495,0,0,1773282877718,True,True
0,2037.97,0.00099851,0,0,1773282883887,False,True
0,2038.26,0.4,0,0,1773282887985,True,True
0,2038.46,0.001,0,0,1773282891882,True,True
0,2039.26,0.00047491,0,0,1773282898027,True,True
0,2039.0,0.04829032,0,0,1773282915049,True,True
0,2038.12,0.00093028,0,0,1773282934713,True,True
0,2037.76,0.02265093,0,0,1773282947421,False,True
0,2037.76,0.13220563,0,0,1773282947422,False,True
0,2037.75,0.5568324,0,0,1773282947422,False,True
0,2037.75,0.04867624,0,0,1773282947424,False,True
0,2037.75,1.8001,0,0,1773282947425,False,True
0,2037.51,2.0,0,0,1773282947493,False,True
0,2037.17,0.38,0,0,1773282947499,False,True
0,2037.15,3.54518486,0,0,1773282947499,False,True
0,2037.46,2.0,0,0,1773282947536,False,True
0,2036.42,0.001,0,0,1773282948725,False,True
0,2036.41,0.001,0,0,1773282949005,False,True
0,2035.81,0.00238441,0,0,1773282960729,True,True
0,2035.79,0.7008,0,0,1773282962457,False,True
0,2035.8,0.00245604,0,0,1773282962522,True,True
0,2035.79,0.00097119,0,0,1773282976090,False,True
0,2035.8,0.00481383,0,0,1773282983575,True,True
0,2035.79,0.17214507,0,0,1773282989401,False,True
0,2035.79,0.0308207,0,0,1773282989401,False,True
0,2035.7,0.00982463,0,0,1773282989425,False,True
0,2035.5,1.22819945,0,0,1773282989431,False,True
0,2035.3,0.02237507,0,0,1773282989445,False,True
0,2035.05,0.07026854,0,0,1773283004029,True,True
0,2035.05,0.27473754,0,0,1773283006244,True,True
0,2035.05,0.09564738,0,0,1773283008821,True,True
0,2035.04,0.00251373,0,0,1773283015686,False,True
0,2035.05,2.55934654,0,0,1773283018642,True,True
0,2035.05,0.74364895,0,0,1773283018642,True,True
0,2035.05,0.20813175,0,0,1773283018649,True,True
0,2035.34,0.4,0,0,1773283018751,False,True
0,2035.09,0.0152456,0,0,1773283020076,False,True
0,2035.04,0.13851866,0,0,1773283035142,False,True
0,2035.04,0.16438632,0,0,1773283036172,False,True
0,2034.78,0.00589744,0,0,1773283043111,True,True
0,2034.88,1.17812373,0,0,1773283046085,False,True
0,2034.88,0.14306639,0,0,1773283046087,False,True
0,2034.88,2.31393607,0,0,1773283046088,False,True
0,2034.88,2.0,0,0,1773283046088,False,True
0,2034.88,0.0349,0,0,1773283046088,False,True
0,2034.88,0.5875236,0,0,1773283046088,False,True
0,2034.88,0.09413349,0,0,1773283046088,False,True
0,2034.86,1.17523107,0,0,1773283046089,False,True
0,2034.86,1.28194043,0,0,1773283046090,False,True
0,2034.81,6.97996372,0,0,1773283046090,False,True
0,2034.81,5.30615222,0,0,1773283046093,False,True
0,2034.8,24.57243479,0,0,1773283046093,False,True
0,2034.65,2.41849835,0,0,1773283046098,False,True
0,2034.65,0.03880599,0,0,1773283046103,False,True
0,2034.59,3.84178,0,0,1773283046103,False,True
0,2034.55,24.5753995,0,0,1773283046103,False,True
0,2034.51,0.00304684,0,0,1773283046103,False,True
0,2034.51,24.57586663,0,0,1773283046103,False,True
0,2034.47,0.31,0,0,1773283046103,False,True
0,2034.46,2.83638531,0,0,1773283046103,False,True
0,2034.41,1.27607294,0,0,1773283046103,False,True
0,2034.25,0.73737249,0,0,1773283046103,False,True
0,2034.01,3.272387,0,0,1773283046131,False,True
0,2033.63,0.03390744,0,0,1773283046143,False,True
0,2033.46,0.64096411,0,0,1773283046143,False,True
0,2033.46,0.1114156,0,0,1773283046143,False,True
0,2033.46,0.0219,0,0,1773283046191,False,True
0,2033.46,0.11,0,0,1773283046197,False,True
0,2033.46,3.1378944,0,0,1773283046204,False,True
0,2033.28,0.001,0,0,1773283046204,False,True
0,2033.27,0.001,0,0,1773283046204,False,True
0,2033.26,0.0118798,0,0,1773283046204,False,True
0,2033.26,0.001,0,0,1773283046204,False,True
0,2033.25,0.20049431,0,0,1773283046204,False,True
0,2033.25,0.07276401,0,0,1773283046204,False,True
0,2033.05,0.02,0,0,1773283046204,False,True
0,2033.0,0.03815124,0,0,1773283046204,False,True
0,2032.91,1.0,0,0,1773283046219,False,True
0,2032.91,0.25,0,0,1773283046255,False,True
0,2032.91,0.1,0,0,1773283046262,False,True
0,2032.91,0.0737254,0,0,1773283046268,False,True
0,2032.91,1.0,0,0,1773283046317,False,True
0,2032.91,0.08651557,0,0,1773283046337,False,True
0,2032.32,0.00977452,0,0,1773283046369,False,True
0,2032.09,0.2296552,0,0,1773283046390,False,True
0,2032.09,0.28749401,0,0,1773283046391,False,True
0,2032.09,0.12129594,0,0,1773283046391,False,True
0,2032.72,0.5737,0,0,1773283046400,True,True
0,2032.72,0.024611,0,0,1773283046403,False,True
0,2032.72,0.1101004,0,0,1773283046406,False,True
0,2032.72,0.1195548,0,0,1773283046406,False,True
0,2032.72,0.1275,0,0,1773283046412,False,True
0,2032.72,0.0246,0,0,1773283046422,False,True
0,2032.72,0.1,0,0,1773283046425,False,True
0,2032.72,0.1,0,0,1773283046425,False,True
0,2032.72,0.2367566,0,0,1773283046429,False,True
0,2031.94,0.0246,0,0,1773283046471,False,True
0,2031.94,0.0754,0,0,1773283046530,False,True
0,2031.75,0.00106137,0,0,1773283046570,False,True
0,2031.68,0.02354963,0,0,1773283046570,False,True
0,2031.98,0.00989543,0,0,1773283046579,True,True
0,2032.43,0.05208461,0,0,1773283046579,True,True
0,2032.44,1.99296756,0,0,1773283046579,True,True
0,2031.68,0.0019301,0,0,1773283046602,False,True
0,2031.61,1.04367735,0,0,1773283046605,False,True
0,2031.52,0.0138763,0,0,1773283046723,False,True
0,2031.44,0.0107237,0,0,1773283046723,False,True
0,2031.44,0.0892763,0,0,1773283046738,False,True
0,2031.41,0.1326537,0,0,1773283046738,False,True
0,2031.41,0.0246,0,0,1773283046778,False,True
0,2031.73,0.0048665,0,0,1773283046851,True,True
0,2031.44,0.1,0,0,1773283047011,False,True
0,2031.41,0.03025125,0,0,1773283047011,False,True
0,2031.45,0.1798,0,0,1773283047180,False,True
0,2031.45,0.51837192,0,0,1773283047559,False,True
0,2031.46,0.073,0,0,1773283048949,True,True
0,2031.45,0.53247613,0,0,1773283049871,False,True
0,2031.39,0.36154929,0,0,1773283049871,False,True
0,2031.32,0.03993463,0,0,1773283049871,False,True
0,2031.04,5.8940675,0,0,1773283049871,False,True
0,2031.04,2.34956699,0,0,1773283049871,False,True
0,2031.04,3.10818879,0,0,1773283049871,False,True
0,2031.04,1.76319045,0,0,1773283049871,False,True
0,2031.04,0.20769709,0,0,1773283049871,False,True
0,2031.04,0.49235132,0,0,1773283049871,False,True
0,2031.03,0.5737,0,0,1773283049871,False,True
0,2030.91,9.831,0,0,1773283049871,False,True
0,2030.9,0.72095207,0,0,1773283049871,False,True
0,2030.9,8.679,0,0,1773283049871,False,True
0,2030.89,0.16666666,0,0,1773283049871,False,True
0,2030.86,2.0,0,0,1773283049871,False,True
0,2030.82,0.5737,0,0,1773283049871,False,True
0,2030.73,10.32623495,0,0,1773283049871,False,True
0,2030.62,1.27607294,0,0,1773283049871,False,True
0,2030.57,4.92389645,0,0,1773283049871,False,True
0,2030.57,13.00632643,0,0,1773283049871,False,True
0,2030.57,2.2264332,0,0,1773283049871,False,True
0,2030.57,0.24738269,0,0,1773283049871,False,True
0,2030.57,0.24738024,0,0,1773283049871,False,True
0,2030.57,2.22641116,0,0,1773283049871,False,True
0,2030.57,2.22641116,0,0,1773283049871,False,True
0,2030.57,0.24738024,0,0,1773283049871,False,True
0,2030.57,0.14720669,0,0,1773283049871,False,True
0,2030.57,0.79965758,0,0,1773283049871,False,True
0,2030.57,3.35,0,0,1773283049871,False,True
0,2030.57,3.1661,0,0,1773283049871,False,True
0,2030.57,1.60431061,0,0,1773283049871,False,True
0,2030.54,1.74568939,0,0,1773283049871,False,True
0,2030.54,0.08232128,0,0,1773283049871,False,True
0,2030.54,3.35,0,0,1773283049871,False,True
0,2030.54,3.35,0,0,1773283049871,False,True
0,2030.54,3.35,0,0,1773283049871,False,True
0,2030.54,3.35,0,0,1773283049871,False,True
0,2030.54,0.05575435,0,0,1773283049871,False,True
0,2030.54,25.08927544,0,0,1773283049871,False,True
0,2030.54,2.29804353,0,0,1773283049874,False,True
0,2031.35,0.00158802,0,0,1773283051116,True,True
0,2031.36,2.19930406,0,0,1773283051806,True,True
0,2031.91,0.21749251,0,0,1773283052473,True,True
0,2031.86,0.00703037,0,0,1773283061315,True,True
0,2031.9,0.04921502,0,0,1773283068560,False,True
0,2031.89,6.32356087,0,0,1773283068560,False,True
0,2031.3,0.73823183,0,0,1773283069311,True,True
0,2031.69,0.01825558,0,0,1773283075667,True,True
0,2032.04,1.03638417,0,0,1773283078690,False,True
0,2032.04,1.42419731,0,0,1773283079207,False,True
0,2031.45,0.00095789,0,0,1773283083164,True,True
0,2031.45,0.73759597,0,0,1773283083952,True,True
0,2031.46,0.91769458,0,0,1773283083952,True,True
0,2031.46,0.09022511,0,0,1773283083957,True,True
0,2031.6,0.42,0,0,1773283083957,True,True
0,2031.61,1.78379904,0,0,1773283083957,True,True
0,2031.61,0.09022511,0,0,1773283083957,True,True
0,2031.74,0.9677304,0,0,1773283083997,True,True
0,2031.72,0.55215212,0,0,1773283084008,True,True
0,2031.73,1.87402415,0,0,1773283084008,True,True
0,2031.74,0.83418229,0,0,1773283084008,True,True
0,2031.74,1.19808731,0,0,1773283084020,True,True
0,2031.69,0.36919532,0,0,1773283084081,False,True
0,2031.84,0.51835023,0,0,1773283084129,False,True
0,2031.84,0.73839065,0,0,1773283084130,False,True
0,2032.09,0.00716503,0,0,1773283084489,True,True
0,2031.06,0.34912006,0,0,1773283099492,True,True
0,2031.16,0.15306347,0,0,1773283099870,True,True
0,2031.1,0.02406377,0,0,1773283100758,True,True
0,2031.1,0.01075711,0,0,1773283102682,True,True
0,2031.32,0.25496955,0,0,1773283106659,False,True
0,2031.18,0.00951065,0,0,1773283129663,True,True
0,2031.18,0.04838572,0,0,1773283138837,True,True
0,2031.58,0.001,0,0,1773283154088,True,True
0,2031.67,0.4,0,0,1773283154089,True,True
0,2032.18,2.0,0,0,1773283183335,False,True
0,2032.04,1.04850203,0,0,1773283183335,False,True
0,2032.28,0.0022082,0,0,1773283186855,True,True
0,2032.22,2.31492423,0,0,1773283196783,False,True
0,2032.22,0.1262659,0,0,1773283196785,False,True
0,2032.22,8.73322745,0,0,1773283196785,False,True
0,2032.22,1.50763659,0,0,1773283196785,False,True
0,2032.22,1.16397416,0,0,1773283196786,False,True
0,2031.89,0.6133,0,0,1773283196790,False,True
0,2031.89,0.61895466,0,0,1773283196795,False,True
0,2031.89,0.76774534,0,0,1773283196797,False,True
0,2031.83,0.36,0,0,1773283196806,False,True
0,2031.8,0.73809945,0,0,1773283196806,False,True
0,2031.79,1.47619165,0,0,1773283196806,False,True
0,2031.59,3.72702583,0,0,1773283196806,False,True
0,2031.58,0.09413349,0,0,1773283196819,False,True
0,2031.45,2.83638531,0,0,1773283196819,False,True
0,2030.89,0.02534174,0,0,1773283197969,False,True
0,2031.22,0.00466359,0,0,1773283198540,True,True
0,2031.11,0.00172587,0,0,1773283198564,True,True
0,2031.11,0.00172759,0,0,1773283198564,True,True
0,2031.11,0.01655043,0,0,1773283198566,True,True
0,2031.11,0.00172567,0,0,1773283198566,True,True
0,2031.11,0.00172749,0,0,1773283198567,True,True
0,2030.69,0.03234663,0,0,1773283199956,False,True
0,2030.69,0.82672917,0,0,1773283202238,False,True
0,2030.69,1.1409242,0,0,1773283202238,False,True
0,2030.69,0.33225089,0,0,1773283202238,False,True
0,2030.69,7.23841561,0,0,1773283202238,False,True
0,2030.48,0.00166223,0,0,1773283202257,False,True
0,2030.31,0.001,0,0,1773283202285,False,True
0,2030.29,0.001,0,0,1773283202285,False,True
0,2030.24,2.0,0,0,1773283202285,False,True
0,2030.06,0.73873016,0,0,1773283202308,False,True
0,2030.01,0.32149102,0,0,1773283202308,False,True
0,2030.0,0.01970444,0,0,1773283202308,False,True
0,2029.7,0.02,0,0,1773283202308,False,True
0,2029.27,0.001,0,0,1773283202308,False,True
0,2029.26,0.00952556,0,0,1773283202308,False,True
0,2029.26,0.001,0,0,1773283202308,False,True
0,2030.06,0.30432242,0,0,1773283202355,False,True
0,2029.25,0.001,0,0,1773283202380,False,True
0,2029.25,0.5737,0,0,1773283202380,False,True
0,2029.15,0.5737,0,0,1773283202380,False,True
0,2028.98,0.69121334,0,0,1773283202380,False,True
0,2029.57,0.00073944,0,0,1773283203083,True,True
0,2029.39,1.0,0,0,1773283204887,False,True
0,2029.23,0.00381682,0,0,1773283206575,False,True
0,2029.21,2.0,0,0,1773283208167,False,True
0,2028.91,0.001,0,0,1773283208172,False,True
0,2028.51,1.12389126,0,0,1773283208215,True,True
0,2028.5,1.23243776,0,0,1773283208307,False,True
0,2028.45,0.23652154,0,0,1773283211215,True,True
0,2028.44,0.02759382,0,0,1773283211387,False,True
0,2028.45,0.00140125,0,0,1773283211849,True,True
0,2028.44,0.03760407,0,0,1773283212388,False,True
0,2028.2,0.1578239,0,0,1773283212388,False,True
0,2028.12,0.19721531,0,0,1773283217756,True,True
0,2028.12,0.00559468,0,0,1773283217785,True,True
0,2028.11,0.14281649,0,0,1773283221017,False,True
0,2028.11,1.0,0,0,1773283221017,False,True
0,2028.07,0.49310637,0,0,1773283221017,False,True
0,2028.06,0.2465,0,0,1773283221017,False,True
0,2027.96,0.001,0,0,1773283221017,False,True
0,2027.86,0.49310394,0,0,1773283221026,False,True
0,2027.48,2.0,0,0,1773283221076,False,True
0,2027.44,0.35156992,0,0,1773283221161,False,True
0,2027.13,0.00150886,0,0,1773283221241,False,True
0,2027.0,0.03700049,0,0,1773283221241,False,True
0,2027.39,0.00541162,0,0,1773283221956,True,True
0,2027.0,1.0,0,0,1773283223389,False,True
0,2026.77,1.5,0,0,1773283223389,False,True
0,2026.77,0.25,0,0,1773283223389,False,True
0,2026.77,0.25,0,0,1773283223389,False,True
0,2026.77,0.46697852,0,0,1773283223389,False,True
0,2026.76,0.53302148,0,0,1773283223389,False,True
0,2026.76,1.0,0,0,1773283223389,False,True
0,2026.76,0.46697852,0,0,1773283223389,False,True
0,2026.68,0.00104568,0,0,1773283223389,False,True
0,2026.65,0.0319758,0,0,1773283223389,False,True
0,2026.65,0.19421059,0,0,1773283223390,False,True
0,2027.49,0.001,0,0,1773283231402,True,True
0,2027.5,0.001,0,0,1773283231404,True,True
0,2027.51,0.001,0,0,1773283231404,True,True
0,2028.08,0.02417567,0,0,1773283236105,True,True
0,2028.08,0.00920716,0,0,1773283239794,True,True
0,2028.08,0.49794238,0,0,1773283240783,True,True
0,2028.12,0.4,0,0,1773283240832,True,True
0,2028.56,0.30857545,0,0,1773283244082,False,True
0,2028.56,0.00472148,0,0,1773283246694,False,True
0,2028.57,0.001,0,0,1773283254317,True,True
0,2028.58,0.001,0,0,1773283254317,True,True
0,2028.59,0.00094118,0,0,1773283254317,True,True
0,2028.59,5.882e-05,0,0,1773283254681,True,True
0,2029.95,0.02276459,0,0,1773283254952,True,True
0,2029.62,0.50065071,0,0,1773283255410,False,True
0,2029.79,0.01941049,0,0,1773283257144,True,True
0,2029.94,3.0,0,0,1773283267535,True,True
0,2030.11,0.001,0,0,1773283267536,True,True
0,2030.12,0.001,0,0,1773283267536,True,True
0,2030.13,0.001,0,0,1773283267536,True,True
0,2030.76,0.00179092,0,0,1773283269295,False,True
0,2031.14,0.00512135,0,0,1773283269723,True,True
0,2030.82,0.01282983,0,0,1773283271362,False,True
0,2030.86,3.0,0,0,1773283281441,True,True
0,2031.07,0.01187856,0,0,1773283284677,False,True
0,2030.75,0.113531,0,0,1773283302245,True,True
0,2030.75,0.01230757,0,0,1773283314191,True,True
0,2030.74,0.50011326,0,0,1773283325771,False,True
0,2030.74,0.07411355,0,0,1773283330712,False,True
0,2030.75,0.00060341,0,0,1773283340298,True,True
0,2030.74,0.01403441,0,0,1773283343844,False,True
0,2030.75,0.4,0,0,1773283363798,True,True
0,2031.22,0.5875236,0,0,1773283363798,True,True
0,2031.23,0.15927307,0,0,1773283363798,True,True
0,2031.38,0.85320333,0,0,1773283363798,True,True
0,2031.05,0.4,0,0,1773283375451,True,True
0,2031.83,0.01481536,0,0,1773283385712,True,True
0,2031.6,0.1150029,0,0,1773283390731,True,True
0,2031.6,0.02460137,0,0,1773283391266,True,True
0,2031.76,0.50138042,0,0,1773283405293,False,True
0,2031.88,0.02498942,0,0,1773283416749,False,True
0,2031.89,3.0,0,0,1773283424050,True,True
0,2031.89,0.16826328,0,0,1773283424050,True,True
0,2031.89,0.23173672,0,0,1773283424050,True,True
0,2032.08,3.0,0,0,1773283424763,True,True
0,2032.58,0.00211941,0,0,1773283426127,False,True
0,2032.59,0.00202989,0,0,1773283427008,True,True
0,2032.59,0.00122011,0,0,1773283436166,True,True
0,2032.86,0.10320064,0,0,1773283456347,True,True
0,2032.83,0.00574511,0,0,1773283486107,True,True
0,2032.82,0.00127367,0,0,1773283492063,False,True
0,2032.83,0.04787592,0,0,1773283501671,True,True
0,2032.83,0.009,0,0,1773283501825,True,True
0,2032.83,0.34312408,0,0,1773283508391,True,True
0,2032.83,0.11151012,0,0,1773283508391,True,True
0,2033.07,0.11498136,0,0,1773283515807,False,True
0,2033.21,0.01460856,0,0,1773283516927,True,True
0,2033.32,0.02080722,0,0,1773283516927,True,True
0,2033.28,0.00723284,0,0,1773283517850,True,True
0,2032.63,0.00048705,0,0,1773283535038,True,True
0,2032.49,0.0068199,0,0,1773283557032,True,True
0,2032.39,0.181305,0,0,1773283579671,True,True
0,2032.39,0.081166,0,0,1773283579671,True,True
0,2032.39,0.00270618,0,0,1773283581844,True,True
0,2032.38,0.3747,0,0,1773283598765,False,True
0,2032.39,0.4,0,0,1773283601537,True,True
0,2031.84,0.001,0,0,1773283650555,False,True
0,2031.74,0.00984378,0,0,1773283650555,False,True
0,2031.2,0.01214788,0,0,1773283650555,False,True
0,2030.45,0.01740926,0,0,1773283658307,True,True
0,2030.46,0.57335404,0,0,1773283658307,True,True
0,2030.46,0.9679124,0,0,1773283658333,True,True
0,2030.46,1.34457111,0,0,1773283658340,True,True
0,2030.46,0.11416245,0,0,1773283658359,True,True
0,2031.4,0.34724588,0,0,1773283661320,True,True
0,2031.4,0.07178737,0,0,1773283661323,True,True
0,2031.4,0.23378661,0,0,1773283661340,True,True
0,2031.4,3.0,0,0,1773283661340,True,True
0,2031.93,0.00241247,0,0,1773283670895,True,True
0,2031.93,0.00448796,0,0,1773283673372,True,True
0,2031.56,0.00967357,0,0,1773283691032,True,True
0,2031.57,0.001,0,0,1773283702919,True,True
0,2031.47,0.00984509,0,0,1773283704739,False,True
0,2030.66,0.02650435,0,0,1773283707987,True,True
0,2030.66,0.04598554,0,0,1773283711397,True,True
0,2030.66,0.03208868,0,0,1773283711762,True,True
0,2030.66,0.00096559,0,0,1773283714030,True,True
0,2030.63,0.4,0,0,1773283742201,True,True
0,2030.97,0.0048961,0,0,1773283767544,False,True
0,2030.54,2.46239916,0,0,1773283782749,True,True
0,2030.13,0.00677997,0,0,1773283795523,True,True
0,2030.0,2.0,0,0,1773283797238,False,True
0,2030.0,1.0,0,0,1773283797238,False,True
0,2030.0,1.0,0,0,1773283797238,False,True
0,2030.0,0.61974426,0,0,1773283797238,False,True
0,2030.0,0.34701559,0,0,1773283797238,False,True
0,2030.0,0.03324015,0,0,1773283797238,False,True
0,2029.8,0.10034045,0,0,1773283806564,False,True
0,2028.0,0.06331147,0,0,1773283811663,False,True
0,2028.0,1.9,0,0,1773283812016,False,True
0,2028.75,0.47967843,0,0,1773283823539,True,True
0,2029.29,0.01827933,0,0,1773283823733,True,True
0,2028.75,0.21867714,0,0,1773283835395,True,True
0,2028.75,0.10462917,0,0,1773283835396,True,True
0,2028.75,0.46851106,0,0,1773283835397,True,True
0,2028.75,0.44097915,0,0,1773283835397,True,True
0,2028.75,0.11933938,0,0,1773283835398,True,True
0,2028.75,0.05016364,0,0,1773283835400,True,True
0,2028.75,0.03050644,0,0,1773283835400,True,True
0,2028.75,0.03928984,0,0,1773283835400,True,True
0,2028.75,0.27710663,0,0,1773283836105,True,True
0,2028.83,0.83200722,0,0,1773283836120,True,True
0,2028.74,0.04929168,0,0,1773283850722,False,True
0,2028.01,0.0244017,0,0,1773283852045,True,True
0,2028.0,5.65099625,0,0,1773283854536,False,True
0,2028.0,0.55495094,0,0,1773283854536,False,True
0,2028.0,0.01942279,0,0,1773283854536,False,True
0,2028.0,0.08033652,0,0,1773283854536,False,True
0,2028.01,0.0959444,0,0,1773283859033,True,True
0,2028.0,4.21547678,0,0,1773283859442,False,True
0,2028.0,2.15840472,0,0,1773283859442,False,True
0,2026.41,0.100004,0,0,1773283860777,True,True
0,2026.39,0.0268,0,0,1773283861841,True,True
0,2026.39,2.9732,0,0,1773283863661,True,True
0,2026.42,0.02389503,0,0,1773283866534,True,True
0,2026.27,0.0011647,0,0,1773283868888,False,True
0,2026.22,0.01307786,0,0,1773283868888,False,True
0,2026.0,0.3,0,0,1773283868990,False,True
0,2025.59,3.0,0,0,1773283870635,True,True
0,2025.58,0.0097039,0,0,1773283874275,True,True
0,2025.96,0.4,0,0,1773283876750,False,True
0,2026.21,0.04667294,0,0,1773283877685,True,True
0,2025.57,0.01165969,0,0,1773283878060,False,True
0,2025.47,0.36,0,0,1773283878062,False,True
0,2025.1,0.007407,0,0,1773283882436,False,True
0,2025.0,0.00493827,0,0,1773283882446,False,True
0,2025.0,0.1234568,0,0,1773283882446,False,True
0,2025.0,1.2345679,0,0,1773283882446,False,True
0,2024.99,0.01080618,0,0,1773283885094,False,True
0,2025.75,0.06461804,0,0,1773283897045,True,True
0,2024.88,0.0116487,0,0,1773283901140,True,True
0,2024.46,0.00095898,0,0,1773283916671,True,True
0,2024.46,1.16132353,0,0,1773283920131,True,True
0,2024.46,1.82472489,0,0,1773283920131,True,True
0,2024.46,0.0129926,0,0,1773283920131,True,True
0,2024.14,0.25,0,0,1773283922971,False,True
0,2024.14,0.5,0,0,1773283922971,False,True
0,2023.96,0.03909,0,0,1773283923495,True,True
0,2023.95,0.00729987,0,0,1773283923801,False,True
0,2023.95,0.48507494,0,0,1773283923917,False,True
0,2023.95,0.0049396,0,0,1773283923917,False,True
0,2023.95,0.0784468,0,0,1773283923917,False,True
0,2023.92,0.07411375,0,0,1773283923917,False,True
0,2023.82,0.32247433,0,0,1773283923922,False,True
0,2023.8,0.06225912,0,0,1773283923922,False,True
0,2023.78,0.02711263,0,0,1773283923922,False,True
0,2023.86,0.00243991,0,0,1773283924071,True,True
0,2023.57,12.061,0,0,1773283924972,False,True
0,2023.57,0.5737,0,0,1773283924972,False,True
0,2023.56,0.07179426,0,0,1773283924972,False,True
0,2023.56,0.5737,0,0,1773283924972,False,True
0,2023.55,0.79491357,0,0,1773283924972,False,True
0,2023.55,2.47090278,0,0,1773283924972,False,True
0,2023.53,0.001,0,0,1773283924972,False,True
0,2023.45,9.878,0,0,1773283924972,False,True
0,2023.36,0.5737,0,0,1773283924972,False,True
0,2023.36,9.234,0,0,1773283924972,False,True
0,2023.25,0.1630646,0,0,1773283924972,False,True
0,2023.23,2.0,0,0,1773283924972,False,True
0,2023.17,24.71362837,0,0,1773283924972,False,True
0,2023.17,29.634,0,0,1773283924972,False,True
0,2023.11,1.87402415,0,0,1773283924972,False,True
0,2023.07,0.5737,0,0,1773283924972,False,True
0,2023.06,2.83638531,0,0,1773283924972,False,True
0,2023.05,1.27607294,0,0,1773283924972,False,True
0,2023.04,0.00713245,0,0,1773283924972,False,True
0,2023.04,0.68928157,0,0,1773283924972,False,True
0,2023.04,50.0,0,0,1773283924972,False,True
0,2023.04,0.10320064,0,0,1773283924973,False,True
0,2023.72,0.00479457,0,0,1773283927948,False,True
0,2023.73,0.4,0,0,1773283938733,True,True
0,2024.33,0.001,0,0,1773283941948,True,True
0,2024.35,0.00048241,0,0,1773283941948,True,True
0,2024.45,0.00585181,0,0,1773283957053,False,True
0,2023.89,0.07336314,0,0,1773283964300,True,True
0,2023.7,0.03495775,0,0,1773283980043,False,True
0,2023.73,0.19693545,0,0,1773283985198,False,True
0,2023.73,0.37086596,0,0,1773283986753,True,True
0,2023.54,0.28730628,0,0,1773283994124,False,True
0,2023.54,0.04940462,0,0,1773283994979,False,True
0,2023.69,0.00474388,0,0,1773284000809,True,True
0,2023.39,0.01702578,0,0,1773284022406,True,True
0,2023.32,0.21,0,0,1773284028900,True,True
0,2023.02,0.00988621,0,0,1773284040948,True,True
0,2022.68,2.47195588,0,0,1773284042485,False,True
0,2022.44,2.52804412,0,0,1773284042485,False,True
0,2022.79,0.001,0,0,1773284045233,True,True
0,2022.34,0.20220639,0,0,1773284046287,True,True
0,2022.33,0.00175339,0,0,1773284047440,False,True
0,2022.33,0.01204807,0,0,1773284047485,True,True
0,2022.33,0.89459818,0,0,1773284047485,True,True
0,2022.23,0.01822401,0,0,1773284047485,False,True
0,2022.23,0.09737382,0,0,1773284047485,False,True
0,2022.23,0.21820912,0,0,1773284047485,False,True
0,2022.23,0.10320064,0,0,1773284047485,False,True
0,2022.23,0.06461804,0,0,1773284047486,False,True
0,2022.23,0.00572189,0,0,1773284047486,False,True
0,2022.33,0.01278721,0,0,1773284052867,True,True
0,2022.33,0.03123271,0,0,1773284052965,True,True
0,2022.33,0.03653383,0,0,1773284053498,True,True
0,2022.77,0.98895339,0,0,1773284053513,False,True
0,2022.77,0.98874316,0,0,1773284053540,False,True
0,2022.77,0.98874316,0,0,1773284053557,False,True
0,2022.77,0.23418644,0,0,1773284053573,False,True
0,2022.78,0.00051759,0,0,1773284056252,True,True
0,2023.04,0.00910731,0,0,1773284056252,True,True
0,2023.31,1.49466751,0,0,1773284068820,False,True
0,2023.32,0.00259841,0,0,1773284078544,True,True
0,2023.32,0.39740159,0,0,1773284079639,True,True
0,2023.49,1.60259841,0,0,1773284079639,True,True
0,2023.49,0.00978605,0,0,1773284084541,True,True
0,2023.49,1.38761554,0,0,1773284095386,True,True
0,2023.8,1.0,0,0,1773284096717,False,True
0,2023.8,1.0,0,0,1773284096717,False,True
0,2023.8,0.10858562,0,0,1773284096717,False,True
0,2023.8,0.7008,0,0,1773284096717,False,True
0,2023.8,0.10858562,0,0,1773284096717,False,True
0,2023.8,0.08202876,0,0,1773284096717,False,True
0,2023.8,1.0,0,0,1773284096717,False,True
0,2023.8,1.0,0,0,1773284096717,False,True
0,2023.66,0.00144494,0,0,1773284097022,False,True
0,2023.67,0.03269231,0,0,1773284100881,False,True
0,2023.82,1.37908199,0,0,1773284103361,True,True
0,2023.82,1.62091801,0,0,1773284103361,True,True
0,2024.46,0.53108012,0,0,1773284107290,True,True
0,2024.46,0.07179132,0,0,1773284107290,True,True
0,2024.46,0.45446689,0,0,1773284107291,True,True
0,2024.46,0.2555828,0,0,1773284107291,True,True
0,2024.8,0.00494713,0,0,1773284107293,True,True
0,2024.84,1.24661124,0,0,1773284107293,True,True
0,2024.84,0.94722759,0,0,1773284107294,True,True
0,2024.84,0.80616117,0,0,1773284107294,True,True
0,2025.57,0.03227799,0,0,1773284111142,True,True
0,2025.35,0.75352515,0,0,1773284127822,True,True
0,2025.43,3.0,0,0,1773284127822,True,True
0,2025.56,0.5737,0,0,1773284127822,True,True
0,2025.63,0.3,0,0,1773284127822,True,True
0,2025.71,0.37,0,0,1773284127822,True,True
0,2025.72,0.00277485,0,0,1773284127822,True,True
0,2025.35,0.4,0,0,1773284131000,True,True
0,2025.41,3.0,0,0,1773284131000,True,True
0,2025.55,0.6,0,0,1773284131000,True,True
0,2025.39,0.29,0,0,1773284152999,False,True
0,2025.39,0.01154839,0,0,1773284159682,True,True
0,2025.38,0.08324639,0,0,1773284160043,False,True
0,2025.39,0.010883,0,0,1773284161153,True,True
0,2025.38,1.40208815,0,0,1773284163170,False,True
0,2025.38,1.40208815,0,0,1773284163171,False,True
0,2025.38,0.08324639,0,0,1773284163171,False,True
0,2025.38,1.31884176,0,0,1773284163171,False,True
0,2025.38,0.13134411,0,0,1773284163179,False,True
0,2025.38,0.03514867,0,0,1773284163259,False,True
0,2025.38,0.03514867,0,0,1773284163259,False,True
0,2025.38,1.45018587,0,0,1773284163265,False,True
0,2025.38,1.45018587,0,0,1773284163265,False,True
0,2025.38,0.03514867,0,0,1773284163265,False,True
0,2025.38,1.4150372,0,0,1773284163265,False,True
0,2025.38,0.07029734,0,0,1773284163265,False,True
0,2025.38,1.37988853,0,0,1773284163265,False,True
0,2025.38,0.10544601,0,0,1773284163265,False,True
0,2025.38,1.34473986,0,0,1773284163265,False,True
0,2025.38,0.14059468,0,0,1773284163277,False,True
0,2025.38,1.48533454,0,0,1773284163277,False,True
0,2025.38,1.48533454,0,0,1773284163277,False,True
0,2025.38,0.8067245,0,0,1773284163277,False,True
0,2025.38,0.62491971,0,0,1773284163280,False,True
0,2025.38,0.05369033,0,0,1773284164382,False,True
0,2025.38,1.48533454,0,0,1773284164382,False,True
0,2025.38,1.48533454,0,0,1773284164382,False,True
0,2025.38,0.89362885,0,0,1773284164382,False,True
0,2025.38,0.59170569,0,0,1773284165290,False,True
0,2025.38,1.48522441,0,0,1773284165290,False,True
0,2024.68,0.03960908,0,0,1773284166860,True,True
0,2024.68,0.02784128,0,0,1773284167385,True,True
0,2024.68,0.19679061,0,0,1773284174610,True,True
0,2024.63,0.4,0,0,1773284188403,True,True
0,2025.25,0.07328261,0,0,1773284199111,False,True
0,2024.96,0.01234921,0,0,1773284216411,True,True
0,2024.95,0.00297444,0,0,1773284220182,False,True
0,2025.71,0.4,0,0,1773284230198,False,True
0,2025.59,0.10323251,0,0,1773284234609,False,True
0,2025.72,0.01351752,0,0,1773284234863,True,True
0,2025.86,0.01854881,0,0,1773284234863,True,True
0,2025.16,0.03209379,0,0,1773284289903,True,True
0,2025.16,0.00919801,0,0,1773284313316,True,True
0,2025.16,0.4,0,0,1773284331113,False,True
0,2025.17,0.09588119,0,0,1773284331269,True,True
0,2025.17,0.00453605,0,0,1773284335613,True,True
0,2025.16,0.02477695,0,0,1773284340040,False,True
0,2024.83,0.15665142,0,0,1773284353557,False,True
0,2024.69,0.4,0,0,1773284381473,False,True
0,2024.7,0.01155233,0,0,1773284386445,True,True
0,2024.85,0.14721894,0,0,1773284399199,False,True
0,2025.0,0.00145959,0,0,1773284400095,True,True
0,2024.88,0.00492004,0,0,1773284401291,False,True
0,2024.89,0.00493856,0,0,1773284403319,True,True
0,2024.89,0.07689306,0,0,1773284407714,True,True
0,2024.88,0.05282433,0,0,1773284407821,False,True
0,2024.21,0.006482,0,0,1773284411889,False,True
0,2024.21,1.09829283,0,0,1773284411889,False,True
0,2024.2,9.689,0,0,1773284411889,False,True
0,2024.18,0.49400037,0,0,1773284411889,False,True
0,2024.07,2.0,0,0,1773284411889,False,True
0,2024.07,2.9485068,0,0,1773284411889,False,True
0,2024.35,0.00246993,0,0,1773284411928,True,True
0,2024.35,0.58505367,0,0,1773284412022,True,True
0,2024.36,0.64682773,0,0,1773284412022,True,True
0,2024.36,0.004938,0,0,1773284412166,True,True
0,2024.36,0.00592733,0,0,1773284413015,True,True
0,2024.58,0.00246965,0,0,1773284420962,True,True
0,2024.58,2.21415247,0,0,1773284423299,True,True
0,2024.58,0.78337788,0,0,1773284423299,True,True
0,2025.65,0.00483994,0,0,1773284425760,True,True
0,2025.86,0.093481,0,0,1773284430358,True,True
0,2024.9,0.00478842,0,0,1773284446029,True,True
0,2025.66,0.00246926,0,0,1773284452779,True,True
0,2025.66,0.00131321,0,0,1773284453136,True,True
0,2025.39,0.0014816,0,0,1773284454311,False,True
0,2025.86,0.03308282,0,0,1773284467397,True,True
0,2025.86,0.4,0,0,1773284467397,True,True
0,2026.76,2.96326913,0,0,1773284496813,True,True
0,2026.76,0.5737,0,0,1773284496813,True,True
0,2026.76,7.9360906,0,0,1773284496813,True,True
0,2026.76,0.58294182,0,0,1773284496813,True,True
0,2026.76,0.19470692,0,0,1773284496813,True,True
0,2026.76,0.5875236,0,0,1773284496813,True,True
0,2026.76,2.46699165,0,0,1773284496813,True,True
0,2026.76,1.27607294,0,0,1773284496813,True,True
0,2026.76,4.93547153,0,0,1773284496813,True,True
0,2026.76,2.38712112,0,0,1773284496813,True,True
0,2027.2,0.04603051,0,0,1773284512852,True,True
0,2027.2,0.35396949,0,0,1773284515320,True,True
0,2027.4,2.36985252,0,0,1773284515321,True,True
0,2027.4,0.07920105,0,0,1773284515321,True,True
0,2027.4,0.55094643,0,0,1773284515322,True,True
0,2027.4,0.01152341,0,0,1773284515322,True,True
0,2027.41,0.0105167,0,0,1773284515325,True,True
0,2027.47,0.00554897,0,0,1773284515325,True,True
0,2027.5,0.27105599,0,0,1773284515325,True,True
0,2027.5,0.1583789,0,0,1773284515337,True,True
0,2027.61,0.3,0,0,1773284515362,True,True
0,2027.74,0.73990129,0,0,1773284515362,True,True
0,2027.84,0.73986479,0,0,1773284515439,True,True
0,2028.41,0.01725489,0,0,1773284515687,True,True
0,2027.78,0.001,0,0,1773284519425,True,True
0,2027.78,0.00142717,0,0,1773284519425,True,True
0,2027.78,0.001,0,0,1773284519442,True,True
0,2027.42,0.11632324,0,0,1773284520042,False,True
0,2027.78,0.08877271,0,0,1773284530083,True,True
0,2027.38,0.07652706,0,0,1773284540599,True,True
0,2027.59,0.02423784,0,0,1773284549086,True,True
0,2027.5,0.02320531,0,0,1773284551182,True,True
0,2027.2,0.5,0,0,1773284573657,True,True
0,2027.2,0.04777074,0,0,1773284575220,True,True
0,2027.19,0.00911113,0,0,1773284580634,False,True
0,2026.75,0.04848874,0,0,1773284580634,False,True
0,2026.99,0.4,0,0,1773284589739,True,True
0,2027.62,0.00967037,0,0,1773284590065,True,True
0,2026.76,0.312334,0,0,1773284633644,False,True
0,2026.77,0.112588,0,0,1773284640046,False,True
0,2026.95,0.0123,0,0,1773284645069,True,True
0,2027.06,0.4,0,0,1773284677263,True,True
0,2027.57,0.44501083,0,0,1773284678286,False,True
0,2027.34,0.08245929,0,0,1773284700049,False,True
0,2027.35,0.00493257,0,0,1773284703482,True,True
0,2027.34,0.00085653,0,0,1773284707945,False,True
0,2027.34,0.09446525,0,0,1773284710777,False,True
0,2026.89,0.28730628,0,0,1773284739202,True,True
0,2026.89,0.07328261,0,0,1773284739202,True,True
0,2026.89,0.0073,0,0,1773284750910,True,True
0,2026.89,0.19165372,0,0,1773284781742,True,True
0,2026.89,2.43037776,0,0,1773284785759,True,True
0,2026.89,0.15654748,0,0,1773284790349,True,True
0,2026.89,0.1435818,0,0,1773284790349,True,True
0,2026.89,0.07179078,0,0,1773284790350,True,True
0,2026.89,0.02807994,0,0,1773284791750,True,True
0,2027.61,0.00100392,0,0,1773284793745,False,True
0,2027.7,3.0,0,0,1773284796073,True,True
0,2027.78,0.5132627,0,0,1773284796073,True,True
0,2028.23,1.6906778,0,0,1773284796073,True,True
0,2028.23,0.3901473,0,0,1773284796073,True,True
0,2028.23,0.0981,0,0,1773284796073,True,True
0,2028.23,2.28894428,0,0,1773284796073,True,True
0,2027.79,1.87402415,0,0,1773284809053,True,True
0,2027.8,3.12597585,0,0,1773284809053,True,True
0,2027.87,0.22046269,0,0,1773284811005,True,True
0,2027.68,0.00706075,0,0,1773284816943,False,True
0,2027.66,0.13916446,0,0,1773284820045,False,True
0,2027.69,0.05830088,0,0,1773284834183,True,True
0,2027.65,0.00483502,0,0,1773284838603,True,True
0,2027.34,0.02010266,0,0,1773284844394,True,True
0,2027.69,0.23722561,0,0,1773284859904,True,True
0,2027.75,0.04931574,0,0,1773284885748,False,True
0,2027.75,0.35068426,0,0,1773284885748,False,True
0,2027.69,1.96305529,0,0,1773284887761,False,True
0,2027.69,0.99432241,0,0,1773284887761,False,True
0,2027.56,0.013639,0,0,1773284895788,False,True
0,2027.39,0.00493245,0,0,1773284925171,True,True
0,2027.39,0.47880544,0,0,1773284930658,True,True
0,2027.39,0.01050424,0,0,1773284937151,True,True
0,2027.39,0.0229797,0,0,1773284938034,True,True
0,2027.39,0.03360307,0,0,1773284955235,True,True
0,2027.38,2.29468026,0,0,1773284979979,False,True
0,2027.38,0.1381292,0,0,1773284979979,False,True
0,2027.38,17.36131208,0,0,1773284979981,False,True
0,2027.38,0.32270566,0,0,1773284979984,False,True
0,2027.38,19.10342661,0,0,1773284979987,False,True
0,2027.38,0.12051447,0,0,1773284979992,False,True
0,2027.38,48.04755572,0,0,1773284980000,False,True
0,2027.38,21.99790753,0,0,1773284980007,False,True
0,2027.38,3.91798826,0,0,1773284980014,False,True
0,2027.38,10.00764083,0,0,1773284980024,False,True
0,2027.33,4.25908371,0,0,1773284980034,False,True
0,2027.33,0.12745193,0,0,1773284980112,False,True
0,2027.33,0.12745193,0,0,1773284980112,False,True
0,2027.33,0.7008,0,0,1773284980113,False,True
0,2027.33,0.11766604,0,0,1773284980122,False,True
0,2027.33,0.37013549,0,0,1773284980143,False,True
0,2027.33,0.07046777,0,0,1773284980144,False,True
0,2027.33,0.0733853,0,0,1773284980146,False,True
0,2027.33,4.81426447,0,0,1773284980163,False,True
0,2027.33,0.74027098,0,0,1773284980209,False,True
0,2027.33,7.05192536,0,0,1773284980257,False,True
0,2026.84,0.30076115,0,0,1773284981305,True,True
0,2026.76,0.01680485,0,0,1773284984689,True,True
0,2026.75,0.00930822,0,0,1773284985798,False,True
0,2026.75,0.09868015,0,0,1773284985798,False,True
0,2026.57,0.00960088,0,0,1773284988176,True,True
0,2026.57,0.01836738,0,0,1773285000305,True,True
0,2026.38,0.75147823,0,0,1773285001075,False,True
0,2026.19,0.003981,0,0,1773285001075,False,True
0,2026.08,0.04935639,0,0,1773285001075,False,True
0,2026.07,0.552,0,0,1773285001075,False,True
0,2026.06,1.39821006,0,0,1773285001075,False,True
0,2026.3,0.00493569,0,0,1773285002787,True,True
0,2026.3,0.02180172,0,0,1773285006117,False,True
0,2026.31,0.00105756,0,0,1773285012034,True,True
0,2026.18,3.036101,0,0,1773285036638,True,True
0,2026.06,0.0967782,0,0,1773285059030,True,True
0,2026.01,0.23698342,0,0,1773285063345,False,True
0,2026.14,0.00271447,0,0,1773285066454,True,True
0,2026.01,0.22210952,0,0,1773285066739,False,True
0,2025.94,0.02494068,0,0,1773285066739,False,True
0,2025.05,0.0019268,0,0,1773285089241,True,True
0,2024.7,0.00101419,0,0,1773285101972,False,True
0,2024.72,0.00616757,0,0,1773285118736,True,True
0,2024.72,1.58292164,0,0,1773285121493,True,True
0,2024.72,0.16385251,0,0,1773285121495,True,True
0,2024.72,1.24705828,0,0,1773285121497,True,True
0,2024.72,6.69026676,0,0,1773285121497,True,True
0,2024.72,1.58292164,0,0,1773285121499,True,True
0,2025.05,0.3980732,0,0,1773285124299,True,True
0,2025.31,3.0,0,0,1773285124440,True,True
0,2024.6,0.00095861,0,0,1773285155682,True,True
0,2024.57,0.00452539,0,0,1773285172404,True,True
0,2024.96,0.01276814,0,0,1773285184543,True,True
0,2024.96,0.4,0,0,1773285197532,True,True
0,2025.6,2.0,0,0,1773285211893,True,True
0,2025.6,0.19994075,0,0,1773285227477,True,True
0,2026.21,0.00131277,0,0,1773285241241,True,True
0,2026.07,1.00692476,0,0,1773285266490,True,True
0,2026.08,0.04649339,0,0,1773285266490,True,True
0,2025.82,0.0081138,0,0,1773285267574,False,True
0,2026.08,0.01221693,0,0,1773285272012,True,True
0,2025.77,0.00991538,0,0,1773285290260,False,True
0,2025.78,0.00189847,0,0,1773285303228,True,True
0,2025.78,0.39810153,0,0,1773285305730,True,True
0,2026.15,0.00241935,0,0,1773285316031,True,True
0,2026.18,0.00091353,0,0,1773285317726,True,True
0,2026.19,0.7403057,0,0,1773285331669,True,True
0,2026.19,0.00488651,0,0,1773285332111,True,True
0,2026.0,0.0079454,0,0,1773285343145,False,True
0,2026.04,0.4,0,0,1773285352651,True,True
0,2026.68,0.04239979,0,0,1773285356203,False,True
0,2027.17,0.09547834,0,0,1773285360050,False,True
0,2027.2,0.0344073,0,0,1773285365430,True,True
0,2026.67,0.68040171,0,0,1773285372534,True,True
0,2026.01,0.04935809,0,0,1773285385125,False,True
0,2025.37,0.27024793,0,0,1773285385125,False,True
0,2025.35,0.18376956,0,0,1773285385125,False,True
0,2025.56,0.4,0,0,1773285396160,True,True
0,2025.93,0.0479219,0,0,1773285427882,True,True
0,2025.98,0.00542947,0,0,1773285452389,True,True
0,2025.97,0.00955705,0,0,1773285454749,False,True
0,2025.98,0.16690882,0,0,1773285465085,True,True
0,2025.98,0.22766171,0,0,1773285466022,True,True
0,2026.11,0.05027702,0,0,1773285486452,True,True
0,2026.71,0.0598219,0,0,1773285493892,False,True
0,2026.51,0.00488791,0,0,1773285503783,False,True
0,2026.77,0.00062855,0,0,1773285510864,True,True
0,2026.52,0.5875236,0,0,1773285512319,False,True
0,2026.52,0.5737,0,0,1773285512319,False,True
0,2026.52,6.90815239,0,0,1773285512319,False,True
0,2026.51,2.0985071,0,0,1773285512319,False,True
0,2026.54,0.05293539,0,0,1773285514474,False,True
0,2026.62,0.00543,0,0,1773285529146,True,True
0,2026.74,0.4,0,0,1773285546481,True,True
0,2026.79,0.47662794,0,0,1773285546481,True,True
0,2026.79,0.53914257,0,0,1773285546481,True,True
0,2027.0,0.29600394,0,0,1773285547614,True,True
0,2027.0,0.19733596,0,0,1773285552965,True,True
0,2027.0,0.0066601,0,0,1773285571876,True,True
0,2027.43,0.00774242,0,0,1773285571876,True,True
0,2027.21,0.00458553,0,0,1773285574024,False,True
0,2027.43,0.00059853,0,0,1773285580247,True,True
0,2027.43,0.00048356,0,0,1773285591559,True,True
0,2027.43,0.00246617,0,0,1773285605873,True,True
0,2027.43,0.06769896,0,0,1773285615764,True,True
0,2027.42,0.71099522,0,0,1773285623697,False,True
0,2027.43,0.01754525,0,0,1773285625609,True,True
0,2027.43,0.31475579,0,0,1773285635298,True,True
0,2028.32,0.00535132,0,0,1773285635544,False,True
0,2028.68,0.00978468,0,0,1773285644359,True,True
0,2028.68,0.01003997,0,0,1773285654783,True,True
0,2028.68,0.4,0,0,1773285654783,True,True
0,2028.89,0.01742167,0,0,1773285654833,True,True
0,2029.15,3.0,0,0,1773285654852,True,True
0,2029.69,0.00897401,0,0,1773285668545,True,True
0,2030.0,1.96078431,0,0,1773285670010,True,True
0,2030.1,0.01543604,0,0,1773285670013,True,True
0,2030.24,0.00492552,0,0,1773285674880,True,True
0,2030.54,3.0,0,0,1773285674906,True,True
0,2030.55,0.1,0,0,1773285674910,True,True
0,2031.0,0.02870503,0,0,1773285687236,False,True
0,2031.0,0.05057375,0,0,1773285687363,False,True
0,2030.24,0.27722893,0,0,1773285703438,True,True
0,2030.24,0.24204059,0,0,1773285713913,True,True
0,2030.24,0.01210203,0,0,1773285728142,True,True
0,2030.24,0.47462862,0,0,1773285746380,True,True
0,2030.24,0.0272734,0,0,1773285747317,True,True
0,2030.24,0.003588,0,0,1773285769208,True,True
0,2030.24,0.23968497,0,0,1773285777844,True,True
0,2030.24,0.00460049,0,0,1773285778574,True,True
0,2030.24,0.27232568,0,0,1773285787990,True,True
0,2030.24,0.4,0,0,1773285787990,True,True
0,2030.94,0.00181967,0,0,1773285790111,False,True
0,2030.85,0.02464766,0,0,1773285828890,False,True
0,2030.86,0.00048748,0,0,1773285829035,True,True
0,2030.94,0.00082548,0,0,1773285835751,False,True
0,2030.95,0.07016723,0,0,1773285840061,True,True
0,2030.95,0.32983277,0,0,1773285840560,True,True
0,2031.49,0.23298794,0,0,1773285849835,True,True
0,2031.49,0.64611915,0,0,1773285849838,True,True
0,2031.49,2.12089291,0,0,1773285849843,True,True
0,2031.49,0.4,0,0,1773285849843,True,True
0,2031.88,0.022011,0,0,1773285850218,True,True
0,2031.88,0.00479224,0,0,1773285854186,True,True
0,2031.49,0.19740398,0,0,1773285882238,False,True
0,2031.48,0.0073085,0,0,1773285888535,True,True
0,2031.46,0.00079334,0,0,1773285895994,True,True
0,2031.33,0.05236381,0,0,1773285904463,False,True
0,2031.33,0.12060251,0,0,1773285904463,False,True
0,2031.0,2.95891724,0,0,1773285911787,False,True
0,2031.0,1.49715041,0,0,1773285911796,False,True
0,2031.0,0.16156171,0,0,1773285911797,False,True
0,2031.0,2.02556721,0,0,1773285911798,False,True
0,2031.0,0.87750383,0,0,1773285911798,False,True
0,2031.0,0.96390758,0,0,1773285911799,False,True
0,2031.0,0.22074103,0,0,1773285911800,False,True
0,2031.0,0.76038056,0,0,1773285911801,False,True
0,2031.0,0.90938858,0,0,1773285911801,False,True
0,2031.0,0.22996873,0,0,1773285911816,False,True
0,2031.0,4.01083799,0,0,1773285913170,False,True
0,2031.0,0.06034558,0,0,1773285913303,False,True
0,2031.0,0.07321776,0,0,1773285913313,False,True
0,2031.0,0.04260563,0,0,1773285913350,False,True
0,2031.0,0.09877611,0,0,1773285913352,False,True
0,2031.0,0.07243867,0,0,1773285913353,False,True
0,2031.0,0.07239335,0,0,1773285913353,False,True
0,2031.0,0.11163244,0,0,1773285913355,False,True
0,2031.0,0.70982713,0,0,1773285913355,False,True
0,2031.0,0.09779189,0,0,1773285913355,False,True
0,2031.0,4.12057586,0,0,1773285913445,False,True
0,2030.19,0.00192135,0,0,1773285914130,True,True
0,2030.18,0.00956282,0,0,1773285914772,True,True
0,2029.83,0.00910458,0,0,1773285927230,True,True
0,2029.86,0.00063849,0,0,1773285928914,False,True
0,2029.83,0.01395928,0,0,1773285937132,True,True
0,2029.83,0.00160235,0,0,1773285949360,True,True
0,2029.72,0.01003044,0,0,1773285967989,True,True
0,2029.23,0.24091082,0,0,1773285981872,False,True
0,2028.25,0.19779417,0,0,1773286001224,False,True
0,2028.49,0.01439429,0,0,1773286019929,True,True
0,2028.63,0.00448439,0,0,1773286028116,True,True
0,2028.63,0.0047975,0,0,1773286033550,True,True
0,2028.63,0.06094504,0,0,1773286037610,True,True
0,2028.64,2.85255257,0,0,1773286048382,True,True
0,2028.64,0.4,0,0,1773286065131,True,True
0,2029.28,0.00289476,0,0,1773286073396,False,True
0,2029.29,0.01034721,0,0,1773286074622,True,True
0,2029.18,0.00288466,0,0,1773286106499,True,True
0,2028.64,0.01853071,0,0,1773286122405,True,True
0,2028.43,0.03089656,0,0,1773286140081,False,True
0,2028.95,0.5875236,0,0,1773286146734,True,True
0,2028.96,0.21924909,0,0,1773286146734,True,True
0,2028.74,0.4,0,0,1773286147569,False,True
0,2029.41,0.00053925,0,0,1773286174496,False,True
0,2029.44,0.07175606,0,0,1773286184451,True,True
0,2028.88,0.01825439,0,0,1773286201005,True,True
0,2028.42,0.00048811,0,0,1773286214031,True,True
0,2028.98,0.00214545,0,0,1773286229401,False,True
0,2028.81,0.00449446,0,0,1773286288761,True,True
0,2028.7,0.06127954,0,0,1773286307920,False,True
0,2028.89,0.4,0,0,1773286314958,True,True
0,2028.99,0.03755462,0,0,1773286314958,True,True
0,2028.99,0.03227865,0,0,1773286331312,True,True
0,2029.61,0.05021018,0,0,1773286331376,False,True
0,2029.98,6.86977905,0,0,1773286341712,False,True
0,2029.98,0.44459414,0,0,1773286341712,False,True
0,2030.32,0.4,0,0,1773286354543,True,True
0,2031.03,0.58230526,0,0,1773286355756,True,True
0,2031.45,0.01296732,0,0,1773286360254,True,True
0,2031.74,0.06152362,0,0,1773286360254,True,True
0,2031.75,3.0,0,0,1773286360254,True,True
0,2031.8,3.61577582,0,0,1773286360254,True,True
0,2031.8,1.58292164,0,0,1773286360254,True,True
0,2032.22,0.5875236,0,0,1773286395622,True,True
0,2032.26,0.5737,0,0,1773286395622,True,True
0,2032.27,0.00398984,0,0,1773286395622,True,True
0,2032.43,3.0,0,0,1773286395689,True,True
0,2032.81,0.03863011,0,0,1773286398819,True,True
0,2032.81,0.5737,0,0,1773286398819,True,True
0,2032.81,0.56129447,0,0,1773286398819,True,True
0,2032.84,2.95155896,0,0,1773286398819,True,True
0,2032.84,3.19168614,0,0,1773286398820,True,True
0,2032.84,0.5877549,0,0,1773286398824,True,True
0,2033.34,0.00686558,0,0,1773286400486,True,True
0,2033.24,0.15997389,0,0,1773286415320,True,True
0,2033.18,0.00942149,0,0,1773286415881,False,True
0,2032.88,0.5737,0,0,1773286422366,True,True
0,2033.1,0.14409859,0,0,1773286422366,True,True
0,2033.1,0.04924076,0,0,1773286422367,True,True
0,2033.24,2.84002611,0,0,1773286422368,True,True
0,2033.36,0.4,0,0,1773286422370,True,True
0,2033.43,0.3,0,0,1773286422374,True,True
0,2033.46,0.74021663,0,0,1773286422374,True,True
0,2033.46,0.9460766,0,0,1773286422375,True,True
0,2033.49,1.69516124,0,0,1773286422376,True,True
0,2033.49,0.51884835,0,0,1773286422382,True,True
0,2033.49,0.45369703,0,0,1773286422385,True,True
0,2033.59,0.01281734,0,0,1773286422399,True,True
0,2033.64,0.09461135,0,0,1773286422399,True,True
0,2034.26,0.08406151,0,0,1773286422420,True,True
0,2033.14,1.17407338,0,0,1773286422428,True,True
0,2033.14,1.82592662,0,0,1773286422430,True,True
0,2033.77,0.19901853,0,0,1773286440054,False,True
0,2033.76,0.07239401,0,0,1773286459434,True,True
0,2033.48,0.0075,0,0,1773286468459,True,True
0,2033.45,0.08120408,0,0,1773286469758,True,True
0,2033.79,0.4,0,0,1773286500670,False,True
0,2033.79,0.00676883,0,0,1773286507953,True,True
0,2033.8,0.02301293,0,0,1773286514935,True,True
0,2033.76,0.0047854,0,0,1773286534192,True,True
0,2033.75,0.20458974,0,0,1773286539558,False,True
0,2033.65,0.16856883,0,0,1773286539558,False,True
0,2033.62,15.0,0,0,1773286539558,False,True
0,2032.98,0.00909226,0,0,1773286546679,True,True
0,2032.97,0.01494,0,0,1773286595891,False,True
0,2032.98,0.00482244,0,0,1773286600032,True,True
0,2033.15,0.4,0,0,1773286601522,False,True
0,2032.31,0.02998246,0,0,1773286664603,True,True
0,2032.3,4.67450671,0,0,1773286672531,False,True
0,2031.43,0.003981,0,0,1773286740736,False,True
0,2031.43,0.003981,0,0,1773286740736,False,True
0,2032.07,0.0887327,0,0,1773286743752,False,True
0,2032.08,0.01414913,0,0,1773286746790,False,True
0,2032.2,0.01115653,0,0,1773286783341,False,True
0,2032.2,0.29714786,0,0,1773286784684,False,True
0,2032.2,1.29048834,0,0,1773286784684,False,True
0,2031.59,0.08806445,0,0,1773286802284,False,True
0,2031.27,1.24096692,0,0,1773286802284,False,True
0,2031.6,0.00482571,0,0,1773286819264,True,True
0,2031.6,0.00477886,0,0,1773286826213,True,True
0,2031.6,0.009871,0,0,1773286828258,True,True
0,2031.6,0.00732919,0,0,1773286840336,True,True
0,2031.59,0.4,0,0,1773286864843,False,True
0,2031.6,0.0067401,0,0,1773286871393,True,True
0,2031.6,0.05853522,0,0,1773286883119,True,True
0,2031.6,0.4,0,0,1773286883119,True,True
0,2032.29,0.00093055,0,0,1773286893764,False,True
0,2032.3,0.83310642,0,0,1773286898297,True,True
0,2033.37,0.47977592,0,0,1773286902071,True,True
0,2033.06,0.50756253,0,0,1773286906601,False,True
0,2032.66,0.08590615,0,0,1773286920676,False,True
0,2032.66,0.00506725,0,0,1773286923265,False,True
0,2032.8,0.00907399,0,0,1773286925097,True,True
0,2032.61,0.00071643,0,0,1773286946904,True,True
0,2032.73,0.134471,0,0,1773286954383,True,True
0,2032.73,0.00130866,0,0,1773286955915,True,True
0,2032.69,0.02388244,0,0,1773286973857,True,True
0,2032.69,0.01407209,0,0,1773286974220,True,True
0,2032.68,0.00298146,0,0,1773286980856,False,True
0,2032.68,0.00095438,0,0,1773286981191,False,True
0,2032.78,0.4,0,0,1773286984674,True,True
0,2033.01,0.01,0,0,1773286985152,True,True
0,2033.0,0.0967782,0,0,1773286988589,False,True
0,2033.01,0.00881803,0,0,1773286998022,True,True
0,2033.0,0.52990766,0,0,1773287011469,False,True
0,2031.59,2.0,0,0,1773287050013,False,True
0,2031.59,6.4e-07,0,0,1773287050013,False,True
0,2031.25,0.00109892,0,0,1773287059791,False,True
0,2031.26,0.00289591,0,0,1773287100041,True,True
0,2031.25,0.72713468,0,0,1773287105085,False,True
0,2030.89,0.00590874,0,0,1773287123770,True,True
0,2030.45,0.03248636,0,0,1773287166167,False,True
0,2030.45,0.04925016,0,0,1773287166910,False,True
0,2030.24,0.7388289,0,0,1773287166912,False,True
0,2030.23,0.36,0,0,1773287166912,False,True
0,2030.07,1.31538703,0,0,1773287166927,False,True
0,2030.07,0.08285803,0,0,1773287166929,False,True
0,2030.07,0.08714117,0,0,1773287166929,False,True
0,2030.07,0.3490585,0,0,1773287166930,False,True
0,2030.07,0.16555527,0,0,1773287166931,False,True
0,2029.51,2.0,0,0,1773287171016,False,True
0,2029.18,0.3,0,0,1773287171039,False,True
0,2028.46,0.49115219,0,0,1773287175092,True,True
0,2028.45,0.08324639,0,0,1773287175092,False,True
0,2028.45,1.40208815,0,0,1773287175092,False,True
0,2028.45,0.97959616,0,0,1773287175092,False,True
0,2028.43,0.42249199,0,0,1773287175092,False,True
0,2028.43,0.08324639,0,0,1773287175092,False,True
0,2028.43,1.31884176,0,0,1773287175092,False,True
0,2028.43,0.13134411,0,0,1773287175092,False,True
0,2028.43,0.03514867,0,0,1773287175092,False,True
0,2028.43,0.03514867,0,0,1773287175092,False,True
0,2028.43,1.45018587,0,0,1773287175092,False,True
0,2028.43,1.45018587,0,0,1773287175092,False,True
0,2028.43,0.03514867,0,0,1773287175092,False,True
0,2028.43,1.4150372,0,0,1773287175092,False,True
0,2028.43,0.07029734,0,0,1773287175092,False,True
0,2028.43,1.37988853,0,0,1773287175092,False,True
0,2028.43,0.10544601,0,0,1773287175092,False,True
0,2028.43,1.34473986,0,0,1773287175092,False,True
0,2028.43,0.14059468,0,0,1773287175092,False,True
0,2028.43,1.48533454,0,0,1773287175092,False,True
0,2028.43,1.42169846,0,0,1773287175092,False,True
0,2028.39,0.001,0,0,1773287175092,False,True
0,2028.39,0.06263608,0,0,1773287175092,False,True
0,2028.39,0.8067245,0,0,1773287175092,False,True
0,2028.39,0.62491971,0,0,1773287175092,False,True
0,2028.39,0.05369033,0,0,1773287175092,False,True
0,2028.39,1.48533454,0,0,1773287175092,False,True
0,2028.39,1.48533454,0,0,1773287175092,False,True
0,2028.39,0.89362885,0,0,1773287175092,False,True
0,2028.39,0.59170569,0,0,1773287175092,False,True
0,2028.39,1.48522441,0,0,1773287175092,False,True
0,2028.54,0.04318179,0,0,1773287177804,True,True
0,2028.84,0.00599147,0,0,1773287182986,True,True
0,2028.53,2.0,0,0,1773287188112,False,True
0,2028.38,0.001,0,0,1773287188112,False,True
0,2028.37,0.001,0,0,1773287188113,False,True
0,2028.1,2.0,0,0,1773287188209,False,True
0,2028.0,0.03698224,0,0,1773287188209,False,True
0,2027.3,0.00605647,0,0,1773287188209,False,True
0,2027.3,0.16360448,0,0,1773287199582,False,True
0,2027.3,34.27033905,0,0,1773287202251,False,True
0,2026.77,0.73993488,0,0,1773287202271,False,True
0,2026.28,0.01444438,0,0,1773287202622,True,True
0,2026.28,0.01196294,0,0,1773287202842,True,True
0,2025.78,0.60467078,0,0,1773287219862,False,True
0,2025.78,0.5737,0,0,1773287219863,False,True
0,2025.78,0.82162922,0,0,1773287219863,False,True
0,2025.44,0.32842881,0,0,1773287219963,False,True
0,2025.44,0.4119955,0,0,1773287219966,False,True
0,2025.44,0.36,0,0,1773287219966,False,True
0,2025.42,0.72573561,0,0,1773287219966,False,True
0,2024.78,0.001,0,0,1773287220069,False,True
0,2024.77,0.001,0,0,1773287220069,False,True
0,2024.76,0.001,0,0,1773287220069,False,True
0,2024.32,6.53491157,0,0,1773287224625,False,True
0,2024.32,0.10817108,0,0,1773287224689,False,True
0,2024.2,0.001,0,0,1773287224691,False,True
0,2024.0,0.0222332,0,0,1773287224769,False,True
0,2024.0,0.001,0,0,1773287224769,False,True
0,2022.68,0.02521659,0,0,1773287226667,False,True
0,2022.66,1.12086246,0,0,1773287226667,False,True
0,2022.66,0.57446402,0,0,1773287226670,False,True
0,2022.65,4.37394013,0,0,1773287226670,False,True
0,2022.7,0.14361954,0,0,1773287226741,False,True
0,2022.7,1.64461036,0,0,1773287226762,False,True
0,2022.7,0.2117701,0,0,1773287226767,False,True
0,2022.49,0.001,0,0,1773287226826,False,True
0,2022.0,1.37380316,0,0,1773287226840,False,True
0,2021.71,0.26248468,0,0,1773287227090,True,True
0,2022.1,1.0,0,0,1773287233564,False,True
0,2021.82,0.51825559,0,0,1773287233568,False,True
0,2021.82,1.48174441,0,0,1773287233569,False,True
0,2021.63,0.00104568,0,0,1773287233569,False,True
0,2021.62,3.32076655,0,0,1773287233569,False,True
0,2021.5,1.23670541,0,0,1773287233580,False,True
0,2021.61,1.23670541,0,0,1773287233596,False,True
0,2021.61,0.76329459,0,0,1773287233597,False,True
0,2021.32,0.74193504,0,0,1773287233645,False,True
0,2020.61,0.00563109,0,0,1773287233671,True,True
0,2020.6,0.02,0,0,1773287233711,False,True
0,2020.41,3.0,0,0,1773287235976,True,True
0,2021.05,0.0049463,0,0,1773287236835,True,True
0,2021.54,0.04608602,0,0,1773287242175,True,True
0,2021.19,0.15061271,0,0,1773287245196,False,True
0,2021.19,1.84938729,0,0,1773287245216,False,True
0,2021.04,1.0,0,0,1773287245764,False,True
0,2020.44,0.02104129,0,0,1773287250286,False,True
0,2020.55,0.04848122,0,0,1773287254612,True,True
0,2020.48,2.0,0,0,1773287260797,False,True
0,2020.43,2.0,0,0,1773287260827,False,True
0,2020.0,1.0,0,0,1773287260873,False,True
0,2020.0,0.00706856,0,0,1773287260873,False,True
0,2020.0,0.0285297,0,0,1773287260873,False,True
0,2020.0,0.02568811,0,0,1773287260873,False,True
0,2020.0,1.26557425,0,0,1773287260873,False,True
0,2020.0,4.23424761,0,0,1773287260873,False,True
0,2020.0,3.71,0,0,1773287260912,False,True
0,2020.0,2.05575239,0,0,1773287260912,False,True
0,2020.0,0.5,0,0,1773287260912,False,True
0,2020.0,0.09828712,0,0,1773287260912,False,True
0,2020.0,1.29572277,0,0,1773287260912,False,True
0,2020.0,4.0,0,0,1773287260912,False,True
0,2020.0,0.0109056,0,0,1773287260912,False,True
0,2019.9,0.88079112,0,0,1773287260935,False,True
0,2019.62,0.41,0,0,1773287260961,False,True
0,2019.61,0.27107002,0,0,1773287260961,False,True
0,2019.56,0.001,0,0,1773287261052,False,True
0,2019.25,0.019809,0,0,1773287261078,False,True
0,2019.16,0.001,0,0,1773287261078,False,True
0,2019.15,0.001,0,0,1773287261078,False,True
0,2019.0,0.00283709,0,0,1773287261078,False,True
0,2018.83,6.64233487,0,0,1773287261078,False,True
0,2018.78,0.94809242,0,0,1773287261078,False,True
0,2018.77,0.0012,0,0,1773287261078,False,True
0,2018.31,8.63533562,0,0,1773287261078,False,True
0,2018.2,0.01235515,0,0,1773287262048,True,True
0,2018.2,3.0,0,0,1773287262859,True,True
0,2018.31,0.001,0,0,1773287262859,True,True
0,2018.54,6.739,0,0,1773287262859,True,True
0,2018.71,6.07121284,0,0,1773287262859,True,True
0,2018.71,0.47167674,0,0,1773287262859,True,True
0,2018.71,1.73603526,0,0,1773287262860,True,True
0,2018.71,0.00313759,0,0,1773287262860,True,True
0,2018.71,0.00526999,0,0,1773287262860,True,True
0,2018.19,0.61680734,0,0,1773287262860,False,True
0,2018.19,0.18996535,0,0,1773287262860,False,True
0,2019.26,0.001,0,0,1773287274902,True,True
0,2019.27,0.001,0,0,1773287274902,True,True
0,2020.06,0.01568733,0,0,1773287275821,True,True
0,2020.04,2.47519244,0,0,1773287277217,False,True
0,2020.01,4.52480756,0,0,1773287277217,False,True
0,2019.8,0.07856607,0,0,1773287288747,True,True
0,2019.74,0.25808233,0,0,1773287289585,True,True
0,2019.83,0.0015595,0,0,1773287304073,False,True
0,2019.96,0.001,0,0,1773287305234,True,True
0,2019.97,0.001,0,0,1773287305234,True,True
0,2019.98,0.001,0,0,1773287305234,True,True
0,2020.22,0.04925016,0,0,1773287305234,True,True
0,2020.23,3.26816149,0,0,1773287305234,True,True
0,2019.59,0.00999907,0,0,1773287328811,True,True
0,2019.59,0.39000093,0,0,1773287330752,True,True
0,2020.04,0.07026489,0,0,1773287339746,True,True
0,2020.48,0.001,0,0,1773287345198,True,True
0,2020.49,0.001,0,0,1773287345629,True,True
0,2020.5,0.001,0,0,1773287345629,True,True
0,2021.29,0.05827263,0,0,1773287345629,True,True
0,2021.14,3.0,0,0,1773287346523,True,True
0,2021.37,0.27346967,0,0,1773287348880,True,True
0,2021.13,0.9265,0,0,1773287356233,False,True
0,2021.12,0.65691694,0,0,1773287356233,False,True
0,2021.03,2.0,0,0,1773287356235,False,True
0,2020.68,3.0,0,0,1773287365486,True,True
0,2020.74,0.4,0,0,1773287365486,True,True
0,2021.02,0.74235547,0,0,1773287365486,True,True
0,2021.04,0.85764453,0,0,1773287365486,True,True
0,2020.84,0.020568,0,0,1773287369866,False,True
0,2021.97,0.019334,0,0,1773287383066,True,True
0,2022.42,0.00240105,0,0,1773287403184,True,True
0,2022.42,0.22306291,0,0,1773287404813,True,True
0,2022.68,0.001,0,0,1773287406536,True,True
0,2022.69,0.001,0,0,1773287406536,True,True
0,2022.7,0.001,0,0,1773287406536,True,True
0,2023.09,0.0095,0,0,1773287406536,True,True
0,2022.95,0.57587009,0,0,1773287429442,True,True
0,2022.69,0.36082306,0,0,1773287455430,True,True
0,2022.68,0.18499548,0,0,1773287464412,False,True
0,2022.32,0.24102532,0,0,1773287464923,True,True
0,2021.61,0.00073478,0,0,1773287480016,False,True
0,2021.74,0.00481385,0,0,1773287490972,True,True
0,2021.91,0.07418397,0,0,1773287498792,True,True
0,2021.73,0.0809,0,0,1773287502142,False,True
0,2021.5,0.02461105,0,0,1773287508044,True,True
0,2021.5,0.05847215,0,0,1773287516506,True,True
0,2021.5,0.00190513,0,0,1773287520594,True,True
0,2021.5,0.14370506,0,0,1773287523084,True,True
0,2021.5,0.19591766,0,0,1773287525881,True,True
0,2022.67,0.15063146,0,0,1773287529129,False,True
0,2022.75,0.3464788,0,0,1773287539582,True,True
0,2022.95,0.00494376,0,0,1773287558122,True,True
0,2022.93,0.12882911,0,0,1773287583896,True,True
0,2022.71,0.00097358,0,0,1773287587304,True,True
0,2022.28,0.010861,0,0,1773287592648,True,True
0,2022.19,0.01978053,0,0,1773287601140,True,True
0,2022.19,0.0005986,0,0,1773287601570,True,True
0,2022.11,0.001513,0,0,1773287606803,True,True
0,2022.12,0.0237,0,0,1773287607981,True,True
0,2022.0,0.00593472,0,0,1773287611367,True,True
0,2021.43,0.00160467,0,0,1773287624558,False,True
0,2021.51,0.19975874,0,0,1773287627829,False,True
0,2022.03,0.4,0,0,1773287640410,True,True
0,2022.52,0.0093847,0,0,1773287676065,True,True
0,2022.91,0.4,0,0,1773287712490,False,True
0,2022.94,0.00975802,0,0,1773287731107,False,True
0,2022.95,0.10520369,0,0,1773287777483,True,True
0,2022.95,0.4,0,0,1773287777483,True,True
0,2023.52,0.0390034,0,0,1773287778693,True,True
0,2024.08,0.00247094,0,0,1773287797372,True,True
0,2024.08,0.01005286,0,0,1773287805713,True,True
0,2024.86,0.4,0,0,1773287813322,False,True
0,2024.67,0.00238709,0,0,1773287820182,False,True
0,2024.79,0.00618043,0,0,1773287824640,True,True
0,2024.57,0.03671221,0,0,1773287837400,True,True
0,2024.56,0.14281333,0,0,1773287841925,False,True
0,2024.33,0.32888248,0,0,1773287841925,False,True
0,2023.61,0.02527083,0,0,1773287866025,True,True
0,2023.61,0.07384168,0,0,1773287866262,True,True
0,2022.93,0.02271833,0,0,1773287928660,True,True
0,2022.93,0.02303423,0,0,1773287929426,True,True
0,2022.94,0.03303647,0,0,1773287930800,True,True
0,2022.93,0.19784465,0,0,1773287939282,False,True
0,2022.94,0.00059986,0,0,1773287942776,True,True
0,2023.55,0.00913814,0,0,1773287972494,True,True
0,2023.55,0.48568159,0,0,1773287974175,True,True
0,2023.55,0.00245861,0,0,1773288000133,True,True
0,2023.55,0.01211228,0,0,1773288000148,True,True
0,2023.52,0.00120066,0,0,1773288001749,True,True
0,2023.42,0.009,0,0,1773288003204,False,True
0,2023.55,0.0045397,0,0,1773288004704,True,True
0,2023.55,0.0132351,0,0,1773288004939,True,True
0,2023.55,0.00073031,0,0,1773288005174,True,True
0,2023.55,0.73393221,0,0,1773288006633,True,True
0,2023.4,0.006315,0,0,1773288010423,False,True
0,2023.4,0.09546136,0,0,1773288012371,False,True
0,2022.75,0.01415888,0,0,1773288016441,False,True
0,2022.95,0.00494376,0,0,1773288021459,True,True
0,2022.94,0.00096078,0,0,1773288027854,False,True
0,2022.95,0.01443292,0,0,1773288030131,True,True
0,2023.27,0.4,0,0,1773288065299,False,True
0,2023.66,0.01155827,0,0,1773288082045,True,True
0,2024.1,0.00106222,0,0,1773288087959,True,True
0,2024.86,1.17495905,0,0,1773288100731,True,True
0,2024.86,1.33547881,0,0,1773288100732,True,True
0,2024.86,0.48956214,0,0,1773288100734,True,True
0,2025.18,1.04956335,0,0,1773288100734,True,True
0,2025.18,0.64355578,0,0,1773288100754,True,True
0,2025.32,0.00907084,0,0,1773288100760,True,True
0,2025.47,0.19403591,0,0,1773288100760,True,True
0,2025.47,1.67998824,0,0,1773288100794,True,True
0,2025.65,0.01301578,0,0,1773288103665,True,True
0,2025.98,1.42079718,0,0,1773288103675,True,True
0,2025.98,0.1751105,0,0,1773288103677,True,True
0,2025.98,1.15532616,0,0,1773288103692,True,True
0,2025.98,0.12981398,0,0,1773288103694,True,True
0,2025.98,0.11895218,0,0,1773288103694,True,True
0,2026.27,0.00311541,0,0,1773288105053,False,True
0,2024.92,0.00061226,0,0,1773288128915,False,True
0,2024.91,0.00096346,0,0,1773288148970,True,True
0,2024.79,0.49383204,0,0,1773288169955,False,True
0,2024.79,0.00841568,0,0,1773288169955,False,True
0,2024.44,0.34085809,0,0,1773288169955,False,True
0,2024.4,1.30434346,0,0,1773288169955,False,True
0,2024.75,0.00485382,0,0,1773288172006,True,True
0,2024.66,0.04614315,0,0,1773288179610,True,True
0,2024.8,0.4,0,0,1773288208002,True,True
0,2025.53,0.00486577,0,0,1773288210001,True,True
0,2025.81,0.00889707,0,0,1773288220308,True,True
0,2025.81,0.01138275,0,0,1773288227935,True,True
0,2025.8,0.18713944,0,0,1773288237015,True,True
0,2025.77,0.01562606,0,0,1773288241522,True,True
0,2025.78,0.04600934,0,0,1773288248589,True,True
0,2025.78,0.019745,0,0,1773288252684,True,True
0,2025.78,0.05917822,0,0,1773288257743,True,True
0,2025.78,0.01738767,0,0,1773288270249,True,True
0,2025.77,0.22723872,0,0,1773288277674,False,True
0,2025.77,0.25551948,0,0,1773288277674,False,True
0,2025.78,0.4,0,0,1773288286126,True,True
0,2026.48,0.01036896,0,0,1773288296692,True,True
0,2026.47,0.01290762,0,0,1773288296799,False,True
0,2026.3,0.14142038,0,0,1773288309192,False,True
0,2026.15,0.49346163,0,0,1773288309192,False,True
0,2025.84,0.85837425,0,0,1773288309192,False,True
0,2025.89,0.002492,0,0,1773288312541,True,True
0,2025.85,0.10728266,0,0,1773288321499,False,True
0,2025.88,0.00174352,0,0,1773288324665,True,True
0,2025.57,0.04552254,0,0,1773288340610,True,True
0,2025.6,0.17981846,0,0,1773288340610,True,True
0,2025.72,0.00055794,0,0,1773288352372,False,True
0,2025.72,0.00488762,0,0,1773288374339,True,True
0,2025.69,0.0099571,0,0,1773288382316,False,True
0,2025.51,0.2,0,0,1773288383421,True,True
0,2025.5,2.5,0,0,1773288383913,False,True
0,2025.36,0.19776247,0,0,1773288392984,False,True
0,2025.57,0.00987327,0,0,1773288394340,True,True
0,2025.57,0.00244376,0,0,1773288408035,True,True
0,2025.44,0.00329474,0,0,1773288413268,False,True
0,2025.57,0.02300034,0,0,1773288418678,True,True
0,2025.56,0.013171,0,0,1773288424358,True,True
0,2025.56,0.04936906,0,0,1773288448406,True,True
0,2025.56,0.00093616,0,0,1773288458485,True,True
0,2025.57,0.4,0,0,1773288458485,True,True
0,2027.07,0.01646599,0,0,1773288470375,True,True
0,2027.07,0.4,0,0,1773288470375,True,True
0,2027.48,0.00251688,0,0,1773288486123,True,True
0,2027.64,0.00921193,0,0,1773288487776,True,True
0,2027.64,0.00410918,0,0,1773288490297,True,True
0,2028.63,0.00047998,0,0,1773288490771,True,True
0,2028.56,0.05799101,0,0,1773288494255,True,True
0,2028.1,0.00225057,0,0,1773288506213,False,True
0,2028.21,0.0038388,0,0,1773288511973,True,True
0,2028.95,0.01005239,0,0,1773288517878,True,True
0,2028.7,0.00485582,0,0,1773288523275,True,True
0,2028.64,0.00098098,0,0,1773288540034,True,True
0,2028.96,0.36587349,0,0,1773288541928,False,True
0,2028.97,0.4,0,0,1773288543358,True,True
0,2029.45,0.00492764,0,0,1773288557701,True,True
0,2029.1,0.00492747,0,0,1773288557800,True,True
0,2028.85,0.00889707,0,0,1773288571351,False,True
0,2028.53,0.11643774,0,0,1773288575075,True,True
0,2028.53,0.00402262,0,0,1773288588393,True,True
0,2028.53,1.54441319,0,0,1773288606054,True,True
0,2028.53,0.08496856,0,0,1773288606054,True,True
0,2028.52,0.0841865,0,0,1773288651176,False,True
0,2028.16,0.00889707,0,0,1773288651747,False,True
0,2028.45,0.06700897,0,0,1773288691060,True,True
0,2028.45,0.33299103,0,0,1773288709386,True,True
0,2028.9,0.00284418,0,0,1773288710529,True,True
0,2029.18,0.23950006,0,0,1773288711184,True,True
0,2028.93,0.02170564,0,0,1773288711294,False,True
0,2028.56,0.00098597,0,0,1773288725216,False,True
0,2028.56,0.00098597,0,0,1773288725566,False,True
0,2028.45,0.00101944,0,0,1773288730976,False,True
0,2028.44,0.00889707,0,0,1773288732102,False,True
0,2028.45,0.09613636,0,0,1773288780365,True,True
0,2028.45,0.10119497,0,0,1773288797586,True,True
0,2028.44,0.06007001,0,0,1773288802801,False,True
0,2028.45,0.00101944,0,0,1773288809225,True,True
0,2028.44,0.00889707,0,0,1773288812468,False,True
0,2028.45,0.4,0,0,1773288821910,False,True
0,2028.33,0.01142387,0,0,1773288838036,True,True
0,2028.73,0.49285362,0,0,1773288854395,False,True
0,2028.73,0.16666666,0,0,1773288854395,False,True
0,2028.66,2.46467396,0,0,1773288854395,False,True
0,2028.59,4.10140288,0,0,1773288854395,False,True
0,2028.66,0.09005945,0,0,1773288859223,False,True
0,2028.63,0.00130294,0,0,1773288891367,True,True
0,2028.61,0.01153506,0,0,1773288901545,True,True
0,2029.05,0.4,0,0,1773288922841,False,True
0,2029.3,0.00134524,0,0,1773288925842,False,True
0,2029.3,0.05758069,0,0,1773288954253,False,True
0,2028.69,0.03456079,0,0,1773288954964,True,True
0,2028.68,0.09858627,0,0,1773288955141,True,True
0,2028.7,3.0,0,0,1773288960868,True,True
0,2029.3,0.04784256,0,0,1773288964761,True,True
0,2029.26,0.00920176,0,0,1773288965524,True,True
0,2029.26,0.00966755,0,0,1773288977316,True,True
0,2029.25,0.16215755,0,0,1773289013306,False,True
0,2028.44,0.0049463,0,0,1773289055571,False,True
0,2028.65,0.51053545,0,0,1773289072685,False,True
0,2027.76,0.10612111,0,0,1773289103487,True,True
0,2027.09,0.00486028,0,0,1773289132037,True,True
0,2027.09,0.00193458,0,0,1773289140032,True,True
0,2027.09,0.58072874,0,0,1773289140356,True,True
0,2027.09,1.34849327,0,0,1773289140356,True,True
0,2027.09,0.06054555,0,0,1773289140356,True,True
0,2027.09,2.07994,0,0,1773289140356,True,True
0,2027.1,0.58059244,0,0,1773289140356,True,True
0,2027.09,0.00483523,0,0,1773289143673,True,True
0,2027.84,0.4,0,0,1773289173278,True,True
0,2028.0,3.43744426,0,0,1773289173403,True,True
0,2029.02,0.4,0,0,1773289175035,False,True
0,2029.02,0.97113057,0,0,1773289234184,True,True
0,2029.01,0.00077729,0,0,1773289240876,False,True
0,2029.01,0.09374797,0,0,1773289252720,False,True
0,2028.42,0.05317827,0,0,1773289252720,False,True
0,2028.42,0.00968745,0,0,1773289257017,True,True
0,2028.41,0.021055,0,0,1773289258661,False,True
0,2028.41,0.02079,0,0,1773289262035,False,True
0,2028.41,0.020531,0,0,1773289265352,False,True
0,2028.41,0.020279,0,0,1773289268658,False,True
0,2028.42,0.00095932,0,0,1773289269968,True,True
0,2027.79,0.02026932,0,0,1773289292989,True,True
0,2028.36,0.00244064,0,0,1773289307032,True,True
0,2028.36,0.00485723,0,0,1773289366347,True,True
0,2028.36,0.11246608,0,0,1773289368932,True,True
0,2028.36,0.4,0,0,1773289368932,True,True
0,2029.08,0.60054492,0,0,1773289368932,True,True
0,2028.83,0.00048323,0,0,1773289380039,True,True
0,2028.36,0.00215355,0,0,1773289387911,True,True
0,2028.35,0.02987561,0,0,1773289397283,False,True
0,2027.6,0.00457547,0,0,1773289420858,True,True
0,2027.6,0.4,0,0,1773289442757,True,True
0,2028.05,4.2501,0,0,1773289442757,True,True
0,2027.66,0.24880288,0,0,1773289451664,False,True
0,2027.59,0.00078871,0,0,1773289454135,False,True
0,2027.08,0.08419144,0,0,1773289478951,False,True
0,2027.03,0.01565491,0,0,1773289478951,False,True
0,2026.94,1.113011,0,0,1773289493987,True,True
0,2026.4,0.001,0,0,1773289495073,False,True
0,2026.85,0.06907019,0,0,1773289513342,False,True
0,2026.23,0.43049046,0,0,1773289514037,False,True
0,2025.97,0.0516807,0,0,1773289534144,True,True
0,2025.98,0.4,0,0,1773289544924,True,True
0,2026.43,0.37867028,0,0,1773289544924,True,True
0,2026.43,0.20885332,0,0,1773289544924,True,True
0,2026.44,0.10935393,0,0,1773289544924,True,True
0,2026.59,2.00049333,0,0,1773289578701,True,True
0,2026.58,0.06337648,0,0,1773289591844,False,True
0,2026.59,0.4,0,0,1773289604060,True,True
0,2027.0,0.00732831,0,0,1773289609659,True,True
0,2026.99,0.02300034,0,0,1773289626067,False,True
0,2027.0,0.00616827,0,0,1773289628426,True,True
0,2027.0,0.129,0,0,1773289636463,True,True
0,2027.0,0.00209141,0,0,1773289640515,True,True
0,2027.0,0.1711826,0,0,1773289644690,True,True
0,2027.0,0.06664084,0,0,1773289663360,True,True
0,2026.63,0.03211435,0,0,1773289672321,True,True
0,2026.93,0.523,0,0,1773289730044,False,True
0,2026.94,0.19636968,0,0,1773289748714,True,True
0,2026.94,0.20363032,0,0,1773289762050,True,True
0,2027.0,0.60360683,0,0,1773289762050,True,True
0,2027.17,0.20504541,0,0,1773289766647,True,True
0,2027.17,0.08425987,0,0,1773289768020,True,True
0,2026.93,0.00320847,0,0,1773289772307,False,True
0,2026.94,0.04609444,0,0,1773289784827,True,True
0,2026.94,0.02781877,0,0,1773289788793,True,True
0,2026.94,0.00538743,0,0,1773289789651,True,True
0,2026.93,0.001,0,0,1773289805047,False,True
0,2026.93,0.1620116,0,0,1773289810752,False,True
0,2026.93,0.06504274,0,0,1773289811012,False,True
0,2026.51,0.01194758,0,0,1773289844304,True,True
0,2026.51,0.03081222,0,0,1773289854882,True,True
0,2026.6,0.0011094,0,0,1773289869840,False,True
0,2026.61,0.4,0,0,1773289870192,True,True
0,2027.3,0.7226613,0,0,1773289870192,True,True
0,2026.82,0.02466919,0,0,1773289902074,True,True
0,2026.78,0.07255106,0,0,1773289906106,True,True
0,2026.78,0.23139845,0,0,1773289911560,True,True
0,2026.38,0.09457215,0,0,1773289920539,False,True
0,2025.54,0.0045492,0,0,1773289938644,True,True
0,2025.34,0.01678024,0,0,1773289946506,True,True
0,2025.34,0.01158192,0,0,1773289947500,True,True
0,2025.21,1.65971345,0,0,1773289959054,False,True
0,2025.21,0.34028655,0,0,1773289959054,False,True
0,2025.03,0.5875236,0,0,1773289959057,False,True
0,2025.02,0.44716732,0,0,1773289959057,False,True
0,2025.01,0.01209405,0,0,1773289998592,True,True
0,2025.01,0.4,0,0,1773290001109,True,True
0,2025.01,0.03425204,0,0,1773290001109,True,True
0,2026.91,0.10158502,0,0,1773290030436,True,True
0,2026.94,0.4,0,0,1773290049195,True,True
0,2026.94,0.14268997,0,0,1773290049195,True,True
0,2025.55,0.00121003,0,0,1773290104031,True,True
0,2025.54,0.27507606,0,0,1773290111976,False,True
0,2025.0,0.01183527,0,0,1773290127538,False,True
0,2025.0,0.77915626,0,0,1773290127538,False,True
0,2025.0,0.70226473,0,0,1773290127538,False,True
0,2025.0,1.49325626,0,0,1773290127538,False,True
0,2025.0,0.00150123,0,0,1773290127538,False,True
0,2024.22,0.4,0,0,1773290133647,False,True
0,2023.47,1.27607294,0,0,1773290141120,True,True
0,2023.47,0.33423115,0,0,1773290141120,True,True
0,2023.47,0.25329245,0,0,1773290141123,True,True
0,2023.48,3.0,0,0,1773290141123,True,True
0,2023.48,12.57371977,0,0,1773290141123,True,True
0,2023.71,1.69436368,0,0,1773290141128,True,True
0,2023.79,0.02751241,0,0,1773290144085,True,True
0,2023.36,0.00086788,0,0,1773290164281,False,True
0,2023.25,0.02537925,0,0,1773290210142,True,True
0,2023.25,0.01657123,0,0,1773290214317,False,True
0,2023.33,0.00098701,0,0,1773290217488,False,True
0,2022.9,0.05569063,0,0,1773290230064,True,True
0,2022.89,0.02088,0,0,1773290237342,False,True
0,2022.0,0.00104368,0,0,1773290241704,False,True
0,2022.9,0.00935382,0,0,1773290268312,True,True
0,2022.76,0.16114292,0,0,1773290269678,False,True
0,2022.73,0.98112242,0,0,1773290269678,False,True
0,2022.75,0.0145252,0,0,1773290273950,False,True
0,2022.9,0.39064618,0,0,1773290281183,True,True
0,2023.0,5.58110333,0,0,1773290281654,True,True
0,2023.0,1.62567393,0,0,1773290281903,True,True
0,2023.0,1.50558387,0,0,1773290281904,True,True
0,2023.0,0.14736912,0,0,1773290281912,True,True
0,2023.0,0.08822868,0,0,1773290281915,True,True
0,2023.0,0.07279642,0,0,1773290281915,True,True
0,2023.0,0.0766321,0,0,1773290281917,True,True
0,2023.0,0.09672276,0,0,1773290281918,True,True
0,2023.0,0.0993029,0,0,1773290281923,True,True
0,2023.0,0.68057998,0,0,1773290282023,True,True
0,2023.87,0.20752936,0,0,1773290291611,False,True
0,2023.88,0.00605423,0,0,1773290295223,True,True
0,2023.88,0.00108702,0,0,1773290329314,True,True
0,2023.88,0.39285875,0,0,1773290332532,True,True
0,2024.18,0.00240438,0,0,1773290333793,True,True
0,2024.17,0.0054,0,0,1773290351787,False,True
0,2024.18,0.00156447,0,0,1773290353997,True,True
0,2024.18,0.4,0,0,1773290353997,True,True
0,2024.18,0.792,0,0,1773290353997,True,True
0,2024.92,0.792,0,0,1773290362621,True,True
0,2026.08,0.02,0,0,1773290366005,True,True
0,2026.22,0.792,0,0,1773290372813,True,True
0,2026.55,0.00047903,0,0,1773290386918,True,True
0,2026.54,0.5875236,0,0,1773290401985,False,True
0,2026.54,0.7840116,0,0,1773290401985,False,True
0,2026.54,0.37849317,0,0,1773290401985,False,True
0,2026.55,0.01154178,0,0,1773290407917,True,True
0,2026.54,0.3228593,0,0,1773290434506,False,True
0,2026.55,0.00238956,0,0,1773290444529,True,True
0,2026.53,0.00935382,0,0,1773290448191,False,True
0,2026.4,0.00736473,0,0,1773290458036,True,True
0,2025.42,0.07206415,0,0,1773290487820,True,True
0,2025.41,0.00143872,0,0,1773290500941,False,True
0,2025.41,0.01318072,0,0,1773290505598,False,True
0,2025.42,0.03694752,0,0,1773290510664,True,True
0,2025.42,0.29098833,0,0,1773290511200,True,True
0,2025.42,0.792,0,0,1773290511200,True,True
0,2025.89,0.19735932,0,0,1773290514926,False,True
0,2025.9,0.792,0,0,1773290523896,True,True
0,2026.0,0.792,0,0,1773290526685,True,True
0,2026.4,0.01028918,0,0,1773290526952,True,True
0,2026.4,0.00616854,0,0,1773290530495,True,True
0,2026.39,1.7739615,0,0,1773290559826,False,True
0,2026.39,0.2260385,0,0,1773290559828,False,True
0,2026.39,0.03288342,0,0,1773290559828,False,True
0,2026.39,0.13554873,0,0,1773290559831,False,True
0,2026.39,0.08049306,0,0,1773290559833,False,True
0,2025.46,0.01066183,0,0,1773290577166,True,True
0,2025.46,0.78133817,0,0,1773290585404,True,True
0,2025.82,6.752,0,0,1773290585404,True,True
0,2025.86,0.16025295,0,0,1773290585404,True,True
0,2025.9,2.96345315,0,0,1773290585404,True,True
0,2025.92,0.5737,0,0,1773290585404,True,True
0,2025.99,0.3,0,0,1773290585404,True,True
0,2026.01,8.20661048,0,0,1773290585404,True,True
0,2026.01,8.79236142,0,0,1773290585404,True,True
0,2025.67,0.4,0,0,1773290587335,False,True
0,2025.68,0.792,0,0,1773290609706,True,True
0,2025.98,3.0,0,0,1773290609706,True,True
0,2026.07,0.01009647,0,0,1773290609706,True,True
0,2026.08,0.84980353,0,0,1773290609706,True,True
0,2025.67,0.00580814,0,0,1773290624756,False,True
0,2025.87,0.00418272,0,0,1773290629497,True,True
0,2025.36,0.00749573,0,0,1773290638997,True,True
0,2025.07,0.53241184,0,0,1773290682349,False,True
0,2025.23,0.02066574,0,0,1773290723944,True,True
0,2025.04,0.23492918,0,0,1773290760819,False,True
0,2024.26,0.0197885,0,0,1773290764079,False,True
0,2024.47,0.48059851,0,0,1773290769283,True,True
0,2024.07,2.0,0,0,1773290787547,False,True
0,2023.81,0.7855,0,0,1773290787547,False,True
0,2023.59,2.0,0,0,1773290787672,False,True
0,2023.83,0.4,0,0,1773290839613,False,True
0,2023.99,0.06931931,0,0,1773290846020,True,True
0,2023.99,0.00080113,0,0,1773290848425,True,True
0,2024.04,0.00131424,0,0,1773290882738,True,True
0,2024.04,0.00096396,0,0,1773290888099,True,True
0,2023.7,0.00856618,0,0,1773290893619,False,True
0,2023.1,0.30537294,0,0,1773290913537,True,True
0,2022.85,4.6557,0,0,1773290914089,True,True
0,2022.99,3.9927218,0,0,1773290929285,False,True
0,2023.13,0.00247142,0,0,1773290935227,True,True
0,2023.13,0.04672213,0,0,1773290935949,True,True
0,2023.14,0.00103071,0,0,1773290944359,True,True
0,2023.14,0.02435323,0,0,1773290957788,True,True
0,2023.14,0.05187129,0,0,1773290963434,True,True
0,2022.01,0.1107498,0,0,1773290993523,True,True
0,2022.01,0.2892502,0,0,1773290994822,True,True
0,2022.72,0.04870289,0,0,1773290999035,True,True
0,2022.72,0.00642699,0,0,1773291000036,True,True
0,2022.71,0.0034746,0,0,1773291011228,False,True
0,2022.71,0.1174695,0,0,1773291012711,False,True
0,2022.71,0.03148851,0,0,1773291012711,False,True
0,2022.71,0.07636484,0,0,1773291012712,False,True
0,2022.71,0.20677247,0,0,1773291012714,False,True
0,2022.34,0.04944766,0,0,1773291012915,False,True
0,2022.01,0.03369247,0,0,1773291021727,True,True
0,2022.22,0.23431794,0,0,1773291035890,True,True
0,2022.38,0.00048123,0,0,1773291048390,True,True
0,2022.37,0.25062048,0,0,1773291051579,False,True
0,2022.01,0.016071,0,0,1773291056554,True,True
0,2022.0,0.0012854,0,0,1773291067281,False,True
0,2022.01,0.24532025,0,0,1773291084747,True,True
0,2022.01,0.1274977,0,0,1773291124379,True,True
0,2022.01,0.2725023,0,0,1773291124476,True,True
0,2022.13,0.00131487,0,0,1773291193175,True,True
0,2022.13,0.4,0,0,1773291229366,True,True
0,2022.89,1.87402415,0,0,1773291240039,False,True
0,2022.88,0.61207168,0,0,1773291240039,False,True
0,2023.38,0.4,0,0,1773291242864,False,True
0,2024.15,3.0,0,0,1773291276481,True,True
0,2024.44,0.05844766,0,0,1773291276481,True,True
0,2024.45,0.5737,0,0,1773291276481,True,True
0,2024.51,4.94017153,0,0,1773291276481,True,True
0,2024.52,0.3,0,0,1773291276481,True,True
0,2024.58,6.758,0,0,1773291276481,True,True
0,2024.59,45.59053177,0,0,1773291276481,True,True
0,2024.61,2.83638531,0,0,1773291276481,True,True
0,2024.61,2.46961472,0,0,1773291276481,True,True
0,2024.62,1.27607294,0,0,1773291276481,True,True
0,2024.63,0.965,0,0,1773291276481,True,True
0,2024.64,8.982,0,0,1773291276481,True,True
0,2024.67,0.01009615,0,0,1773291276481,True,True
0,2024.7,0.30156355,0,0,1773291276481,True,True
0,2024.72,0.5737,0,0,1773291276481,True,True
0,2024.72,0.09481905,0,0,1773291276481,True,True
0,2024.72,12.34738987,0,0,1773291276481,True,True
0,2024.73,9.882,0,0,1773291276481,True,True
0,2024.77,44.46058673,0,0,1773291276481,True,True
0,2024.78,3.19303223,0,0,1773291276481,True,True
0,2024.38,0.35973388,0,0,1773291277061,True,True
0,2024.15,0.5875236,0,0,1773291281661,True,True
0,2024.15,1.38861453,0,0,1773291281661,True,True
0,2024.15,0.02420494,0,0,1773291282272,True,True
0,2024.06,2.4702825,0,0,1773291289475,True,True
0,2023.4,2.47108132,0,0,1773291300036,False,True
0,2023.34,0.5875236,0,0,1773291300036,False,True
0,2023.33,0.63520885,0,0,1773291300036,False,True
0,2023.34,0.46284675,0,0,1773291364076,True,True
0,2023.34,0.07251824,0,0,1773291370119,True,True
0,2023.33,0.42087484,0,0,1773291373319,False,True
0,2023.01,0.00489419,0,0,1773291382726,True,True
0,2023.01,0.02423103,0,0,1773291395034,True,True
0,2023.01,0.05343924,0,0,1773291406335,True,True
0,2023.01,0.99840255,0,0,1773291419053,True,True
0,2023.0,0.00247665,0,0,1773291420203,False,True
0,2023.0,0.025,0,0,1773291422801,False,True
0,2023.0,0.00956599,0,0,1773291425220,False,True
0,2023.01,0.00617875,0,0,1773291432469,True,True
0,2023.0,0.08810332,0,0,1773291442246,False,True
0,2023.0,0.7008,0,0,1773291446823,False,True
0,2023.0,0.17405404,0,0,1773291448038,False,True
0,2022.47,2.32594596,0,0,1773291448038,False,True
0,2022.55,0.5875236,0,0,1773291474333,True,True
0,2022.55,1.6059654,0,0,1773291474333,True,True
0,2022.55,0.26805875,0,0,1773291474334,True,True
0,2022.56,2.21126545,0,0,1773291474334,True,True
0,2022.56,0.78873455,0,0,1773291474335,True,True
0,2022.72,0.41,0,0,1773291474338,True,True
0,2022.85,0.3,0,0,1773291474338,True,True
0,2022.91,0.98704229,0,0,1773291474341,True,True
0,2022.93,4.94411332,0,0,1773291474341,True,True
0,2022.97,0.74163628,0,0,1773291474341,True,True
0,2022.99,1.48327256,0,0,1773291474341,True,True
0,2023.01,0.4,0,0,1773291474341,True,True
0,2023.25,0.09481905,0,0,1773291474460,True,True
0,2023.25,0.3,0,0,1773291474460,True,True
0,2023.5,0.37083276,0,0,1773291474518,False,True
0,2023.5,0.5206492,0,0,1773291474532,False,True
0,2023.5,0.74166553,0,0,1773291474582,False,True
0,2023.21,0.0009787,0,0,1773291476291,False,True
0,2023.21,0.0259319,0,0,1773291476662,False,True
0,2023.22,0.792,0,0,1773291503682,True,True
0,2023.22,0.792,0,0,1773291503682,True,True
0,2023.22,0.4,0,0,1773291503682,True,True
0,2023.68,0.00131473,0,0,1773291506981,True,True
0,2023.68,0.00686964,0,0,1773291526291,True,True
0,2023.68,0.78513036,0,0,1773291536693,True,True
0,2023.68,1.11486964,0,0,1773291536693,True,True
0,2023.57,0.05,0,0,1773291545066,True,True
0,2023.61,0.012271,0,0,1773291549112,True,True
0,2023.43,0.00213834,0,0,1773291553080,True,True
0,2023.43,0.00479317,0,0,1773291556882,True,True
0,2023.22,0.08058752,0,0,1773291584319,True,True
0,2023.22,0.792,0,0,1773291585036,True,True
0,2023.4,0.33,0,0,1773291585036,True,True
0,2023.43,0.128,0,0,1773291585036,True,True
0,2023.22,0.00524426,0,0,1773291589735,False,True
0,2023.22,0.19763389,0,0,1773291590296,False,True
0,2023.22,0.00097864,0,0,1773291600141,True,True
0,2023.22,0.00097391,0,0,1773291600270,True,True
0,2022.44,0.00151534,0,0,1773291601783,True,True
0,2022.66,0.01159445,0,0,1773291602262,True,True
0,2022.21,0.00095046,0,0,1773291606966,True,True
0,2022.21,0.02422851,0,0,1773291607442,True,True
0,2022.21,0.00489368,0,0,1773291607986,True,True
0,2022.3,0.00492051,0,0,1773291634791,True,True
0,2022.29,0.00125953,0,0,1773291641778,False,True
0,2022.3,0.00730768,0,0,1773291642233,True,True
0,2022.3,0.0009146,0,0,1773291652121,True,True
0,2022.29,0.00283395,0,0,1773291679927,False,True
0,2022.3,0.00135607,0,0,1773291681183,True,True
0,2022.3,0.00145437,0,0,1773291690034,True,True
0,2022.3,0.00721878,0,0,1773291690097,True,True
0,2022.29,0.05994678,0,0,1773291699505,False,True
0,2022.29,0.00104025,0,0,1773291716024,False,True
0,2022.3,0.76882799,0,0,1773291724677,True,True
0,2022.3,0.0889457,0,0,1773291724677,True,True
0,2022.3,0.792,0,0,1773291724677,True,True
0,2022.3,0.792,0,0,1773291724677,True,True
0,2022.3,0.792,0,0,1773291724677,True,True
0,2022.3,0.68421457,0,0,1773291724677,True,True
0,2022.3,0.10778543,0,0,1773291726367,True,True
0,2022.3,0.4,0,0,1773291726367,True,True
0,2022.3,0.792,0,0,1773291726367,True,True
0,2022.5,1.26226474,0,0,1773291727037,True,True
0,2022.56,1.35593809,0,0,1773291727067,True,True
0,2022.74,0.29484149,0,0,1773291730000,False,True
0,2023.11,1.00110817,0,0,1773291745886,True,True
0,2023.22,0.4,0,0,1773291747124,False,True
0,2023.23,0.792,0,0,1773291747476,True,True
0,2023.23,0.792,0,0,1773291747476,True,True
0,2023.26,1.38685665,0,0,1773291747582,True,True
0,2023.3,2.74841672,0,0,1773291747582,True,True
0,2023.43,0.00131499,0,0,1773291747643,True,True
0,2023.43,0.66268501,0,0,1773291747729,True,True
0,2023.6,2.75450086,0,0,1773291757387,True,True
0,2023.68,0.026171,0,0,1773291758339,True,True
0,2023.68,0.07116631,0,0,1773291764119,True,True
0,2023.68,0.00480924,0,0,1773291767301,True,True
0,2023.68,0.68985345,0,0,1773291775929,True,True
0,2023.68,0.792,0,0,1773291775929,True,True
0,2023.76,12.12307981,0,0,1773291775929,True,True
0,2023.84,1.74259143,0,0,1773291775929,True,True
0,2024.54,3.0,0,0,1773291780948,True,True
0,2024.55,3.17204802,0,0,1773291780948,True,True
0,2024.6,2.07809996,0,0,1773291781309,True,True
0,2025.17,0.00334786,0,0,1773291795200,True,True
0,2025.17,0.03059072,0,0,1773291797362,True,True
0,2025.17,2.63486099,0,0,1773291798986,True,True
0,2025.17,0.4,0,0,1773291798986,True,True
0,2025.36,1.38380684,0,0,1773291799137,True,True
0,2026.26,2.8114911,0,0,1773291803114,True,True
0,2026.33,0.8080889,0,0,1773291803114,True,True
0,2026.33,0.32259883,0,0,1773291803116,True,True
0,2026.4,0.08687257,0,0,1773291803116,True,True
0,2026.4,0.792,0,0,1773291803116,True,True
0,2026.4,0.792,0,0,1773291803116,True,True
0,2026.4,0.792,0,0,1773291803116,True,True
0,2026.4,0.98781493,0,0,1773291803116,True,True
0,2026.4,0.7771499,0,0,1773291803116,True,True
0,2026.4,0.58888786,0,0,1773291803116,True,True
0,2026.53,0.792,0,0,1773291803117,True,True
0,2026.55,0.77758963,0,0,1773291803117,True,True
0,2026.55,0.792,0,0,1773291803117,True,True
0,2026.55,0.792,0,0,1773291803117,True,True
0,2026.55,0.792,0,0,1773291803117,True,True
0,2026.75,3.9869,0,0,1773291803183,True,True
0,2026.8,0.2868,0,0,1773291803183,True,True
0,2026.87,3.0,0,0,1773291803255,True,True
0,2026.87,3.9869,0,0,1773291803255,True,True
0,2026.96,0.01342095,0,0,1773291803255,True,True
0,2026.69,0.792,0,0,1773291817470,False,True
0,2026.69,0.31054467,0,0,1773291817470,False,True
0,2026.69,0.792,0,0,1773291817470,False,True
0,2026.13,0.00245281,0,0,1773291817695,True,True
0,2026.17,0.00474531,0,0,1773291826300,True,True
0,2026.17,0.04009898,0,0,1773291828906,True,True
0,2026.16,0.792,0,0,1773291833567,False,True
0,2026.16,0.792,0,0,1773291833567,False,True
0,2025.53,0.26506655,0,0,1773291856856,False,True
0,2025.54,0.00048048,0,0,1773291867478,True,True
0,2025.53,0.0700039,0,0,1773291885074,False,True
0,2025.54,0.02467423,0,0,1773291886041,True,True
0,2025.54,0.0012,0,0,1773291887430,True,True
0,2025.53,0.34172955,0,0,1773291903378,False,True
0,2025.53,0.6238,0,0,1773291903378,False,True
0,2025.53,0.6238,0,0,1773291903378,False,True
0,2025.53,0.6098,0,0,1773291903378,False,True
0,2025.53,0.47784496,0,0,1773291903378,False,True
0,2025.0,1.29149193,0,0,1773291909688,False,True
0,2025.0,0.69283935,0,0,1773291909688,False,True
0,2024.16,0.00486731,0,0,1773291931032,True,True
0,2024.15,0.03791954,0,0,1773291948577,False,True
0,2024.16,3.36921537,0,0,1773291961452,True,True
0,2024.16,0.1629541,0,0,1773291961452,True,True
0,2024.16,0.013,0,0,1773292001585,True,True
0,2024.16,0.00048081,0,0,1773292014704,True,True
0,2024.0,1.0,0,0,1773292032739,False,True
0,2023.07,0.79170281,0,0,1773292044477,True,True
0,2023.14,2.96234348,0,0,1773292044477,True,True
0,2023.15,0.90355371,0,0,1773292044477,True,True
0,2022.98,0.01373348,0,0,1773292049451,True,True
0,2022.92,0.5948,0,0,1773292070257,True,True
0,2022.98,0.16787816,0,0,1773292070257,True,True
0,2022.98,0.23212184,0,0,1773292070258,True,True
0,2023.02,2.7788985,0,0,1773292070258,True,True
0,2023.02,1.46088834,0,0,1773292070259,True,True
0,2023.02,0.25063159,0,0,1773292070259,True,True
0,2023.35,3.0,0,0,1773292070264,True,True
0,2023.53,0.5948,0,0,1773292070264,True,True
0,2023.66,3.0,0,0,1773292070316,True,True
0,2023.82,0.74132473,0,0,1773292070333,True,True
0,2023.84,0.44118052,0,0,1773292070333,True,True
0,2024.16,0.45356509,0,0,1773292080204,True,True
0,2024.16,0.5974,0,0,1773292080204,True,True
0,2024.16,0.5974,0,0,1773292080204,True,True
0,2024.16,0.5974,0,0,1773292080204,True,True
0,2024.16,0.5948,0,0,1773292080204,True,True
0,2024.23,0.63,0,0,1773292080237,True,True
0,2025.01,0.63,0,0,1773292082206,True,True
0,2025.96,0.0025174,0,0,1773292101404,False,True
0,2025.96,0.7894826,0,0,1773292103435,False,True
0,2025.7,0.02322181,0,0,1773292103984,True,True
0,2025.7,3.0,0,0,1773292122440,True,True
0,2025.7,0.5875236,0,0,1773292122440,True,True
0,2025.7,1.0671764,0,0,1773292122440,True,True
0,2025.86,0.02068793,0,0,1773292131158,True,True
0,2025.95,0.0462081,0,0,1773292148636,True,True
0,2025.94,0.02419598,0,0,1773292161695,True,True
0,2025.93,0.02716534,0,0,1773292163685,False,True
0,2025.93,0.02716534,0,0,1773292163686,False,True
0,2025.93,0.73766932,0,0,1773292163687,False,True
0,2025.7,0.00245594,0,0,1773292166870,True,True
0,2025.69,0.792,0,0,1773292175977,False,True
0,2025.69,0.792,0,0,1773292175977,False,True
0,2025.69,0.792,0,0,1773292175977,False,True
0,2025.69,0.792,0,0,1773292175977,False,True
0,2025.69,0.792,0,0,1773292175977,False,True
0,2025.69,0.792,0,0,1773292175977,False,True
0,2025.02,0.01347115,0,0,1773292178130,False,True
0,2025.03,0.792,0,0,1773292199493,True,True
0,2025.03,0.792,0,0,1773292199493,True,True
0,2025.69,0.00966755,0,0,1773292199770,False,True
0,2025.81,0.4,0,0,1773292200818,False,True
0,2025.69,0.00296394,0,0,1773292210830,False,True
0,2025.7,0.00483977,0,0,1773292218538,True,True
0,2025.7,0.00720666,0,0,1773292222036,True,True
0,2025.7,0.57547717,0,0,1773292235480,True,True
0,2025.7,0.10542837,0,0,1773292235480,True,True
0,2025.7,0.09259083,0,0,1773292251548,True,True
0,2025.7,0.4,0,0,1773292251548,True,True
0,2025.69,0.00146645,0,0,1773292263215,False,True
0,2025.94,0.00497128,0,0,1773292269837,True,True
0,2026.0,0.05166428,0,0,1773292269837,True,True
0,2026.0,1.62438499,0,0,1773292269838,True,True
0,2026.0,0.75277001,0,0,1773292269841,True,True
0,2026.0,1.50554001,0,0,1773292269842,True,True
0,2026.0,0.1710529,0,0,1773292269853,True,True
0,2026.0,0.72537187,0,0,1773292269857,True,True
0,2026.0,1.42339257,0,0,1773292269861,True,True
0,2026.32,0.01090357,0,0,1773292272035,True,True
0,2026.71,0.01340446,0,0,1773292272035,True,True
0,2026.32,0.01251024,0,0,1773292300629,True,True
0,2026.32,0.4,0,0,1773292313603,True,True
0,2026.32,3.0,0,0,1773292313603,True,True
0,2026.65,1.2539,0,0,1773292313603,True,True
0,2026.32,0.00488619,0,0,1773292373331,True,True
0,2026.31,0.14072291,0,0,1773292386931,False,True
0,2026.32,0.56881381,0,0,1773292391285,True,True
0,2026.32,0.5875236,0,0,1773292391285,True,True
0,2026.32,1.87402415,0,0,1773292391285,True,True
0,2026.32,0.37994755,0,0,1773292391285,True,True
0,2026.32,0.38,0,0,1773292391285,True,True
0,2026.32,0.86399089,0,0,1773292391285,True,True
0,2026.32,0.06922045,0,0,1773292391644,True,True
0,2026.32,0.00912565,0,0,1773292397890,True,True
0,2026.31,0.24721099,0,0,1773292405027,False,True
0,2024.51,0.29986089,0,0,1773292457247,True,True
0,2023.92,0.04940906,0,0,1773292468252,False,True
0,2023.9,0.43597957,0,0,1773292468252,False,True
0,2023.9,0.81335924,0,0,1773292468252,False,True
0,2023.9,2.8524299,0,0,1773292468252,False,True
0,2023.9,2.20390848,0,0,1773292468252,False,True
0,2023.9,1.44662727,0,0,1773292468252,False,True
0,2023.9,0.80498102,0,0,1773292468252,False,True
0,2023.9,0.89824302,0,0,1773292468252,False,True
0,2023.9,2.89680432,0,0,1773292468252,False,True
0,2023.87,1.57147308,0,0,1773292468252,False,True
0,2024.13,1.6475032,0,0,1773292470502,True,True
0,2024.14,3.0093968,0,0,1773292470502,True,True
0,2024.09,0.00446447,0,0,1773292472244,True,True
0,2023.95,0.00056866,0,0,1773292476251,False,True
0,2023.94,0.13147554,0,0,1773292477936,False,True
0,2023.94,0.00056701,0,0,1773292478721,False,True
0,2024.14,0.0923239,0,0,1773292479314,True,True
0,2023.5,0.00242824,0,0,1773292498856,True,True
0,2023.54,0.02081364,0,0,1773292532072,False,True
0,2023.58,0.00095026,0,0,1773292535723,True,True
0,2023.58,0.14553373,0,0,1773292546577,True,True
0,2023.58,0.25351601,0,0,1773292546617,True,True
0,2024.13,0.00101944,0,0,1773292550222,False,True
0,2024.13,0.00101944,0,0,1773292557840,True,True
0,2024.33,0.01158855,0,0,1773292558551,True,True
0,2024.04,0.35114418,0,0,1773292585388,False,True
0,2023.59,0.00663651,0,0,1773292610499,True,True
0,2023.59,0.00730302,0,0,1773292628191,True,True
0,2023.59,0.02422408,0,0,1773292628937,True,True
0,2023.38,0.02877857,0,0,1773292669160,True,True
0,2023.38,0.37122143,0,0,1773292671810,True,True
0,2024.2,0.001,0,0,1773292672992,True,True
0,2024.01,0.04940687,0,0,1773292673945,False,True
0,2024.0,7.85733313,0,0,1773292673945,False,True
0,2024.0,0.790674,0,0,1773292673946,False,True
0,2024.33,0.00131406,0,0,1773292688096,True,True
0,2023.89,0.02413671,0,0,1773292697296,False,True
0,2023.89,0.01419323,0,0,1773292697296,False,True
0,2024.2,0.4,0,0,1773292755497,False,True
0,2024.13,0.00100784,0,0,1773292780672,False,True
0,2024.13,0.00393255,0,0,1773292802622,False,True
0,2023.16,0.00097857,0,0,1773292862714,False,True
0,2023.16,0.44609103,0,0,1773292864926,False,True
0,2023.0,2.36767418,0,0,1773292865188,False,True
0,2023.0,3.99641526,0,0,1773292865234,False,True
0,2022.01,0.00620688,0,0,1773292898793,True,True
0,2022.0,0.00261651,0,0,1773292905377,False,True
0,2020.91,0.0098718,0,0,1773292906902,True,True
0,2020.59,0.00494298,0,0,1773292909084,False,True
0,2020.14,0.00495015,0,0,1773292923193,True,True
0,2020.17,0.00587743,0,0,1773292956433,True,True
0,2019.61,0.004901,0,0,1773292960096,True,True
0,2019.27,0.29600394,0,0,1773292960524,False,True
0,2019.62,3.0,0,0,1773292964346,True,True
0,2019.81,1.6661,0,0,1773292964346,True,True
0,2020.08,0.025,0,0,1773292969770,True,True
0,2020.08,0.001,0,0,1773292971026,True,True
0,2020.17,0.4,0,0,1773292974653,True,True
0,2020.94,0.001,0,0,1773292976026,True,True
0,2020.56,0.04503273,0,0,1773292989708,True,True
0,2020.21,0.0240875,0,0,1773293006289,True,True
0,2020.1,0.02306137,0,0,1773293021820,True,True
0,2020.2,0.32074864,0,0,1773293053121,False,True
0,2020.2,1.87402415,0,0,1773293053121,False,True
0,2020.2,0.50850352,0,0,1773293053121,False,True
0,2020.2,2.32394872,0,0,1773293053121,False,True
0,2020.2,2.0,0,0,1773293055176,False,True
0,2020.2,0.00882358,0,0,1773293055176,False,True
0,2020.05,0.4,0,0,1773293076537,True,True
0,2020.69,0.00124079,0,0,1773293079072,False,True
0,2021.1,0.11081126,0,0,1773293086184,True,True
0,2021.11,0.0011896,0,0,1773293101823,True,True
0,2020.82,0.00370255,0,0,1773293105694,True,True
0,2020.81,0.00098001,0,0,1773293108181,False,True
0,2020.81,0.39075655,0,0,1773293121890,False,True
0,2020.1,0.02301536,0,0,1773293133336,False,True
0,2020.18,0.02116211,0,0,1773293147738,False,True
0,2020.82,0.00456821,0,0,1773293157912,True,True
0,2020.82,0.044861,0,0,1773293170350,True,True
0,2020.82,0.00485146,0,0,1773293183069,True,True
0,2020.82,0.97506451,0,0,1773293195176,True,True
0,2020.82,0.4,0,0,1773293195176,True,True
0,2021.79,0.00079271,0,0,1773293218047,True,True
0,2021.79,0.39920729,0,0,1773293220754,True,True
0,2022.33,0.5875236,0,0,1773293220755,True,True
0,2022.34,2.83638531,0,0,1773293220755,True,True
0,2022.35,3.53180109,0,0,1773293220755,True,True
0,2022.35,2.59022,0,0,1773293220755,True,True
0,2020.77,0.00618548,0,0,1773293235923,True,True
0,2020.13,0.02974028,0,0,1773293247057,True,True
0,2020.13,0.00603711,0,0,1773293248833,True,True
0,2020.13,0.11954118,0,0,1773293248874,True,True
0,2020.13,1.0,0,0,1773293249272,True,True
0,2020.13,0.12053589,0,0,1773293252008,True,True
0,2020.09,0.1175,0,0,1773293264117,True,True
0,2020.12,0.4,0,0,1773293264117,True,True
0,2020.23,0.63631672,0,0,1773293264117,True,True
0,2020.09,0.0235,0,0,1773293268717,True,True
0,2020.7,0.06943074,0,0,1773293275834,True,True
0,2019.98,0.01473776,0,0,1773293342956,True,True
0,2019.98,0.02450519,0,0,1773293345034,True,True
0,2019.88,0.07,0,0,1773293383596,True,True
0,2019.89,0.4,0,0,1773293383596,True,True
0,2020.3,0.6,0,0,1773293389336,True,True
0,2020.96,0.00485112,0,0,1773293432411,True,True
0,2020.96,0.11264888,0,0,1773293439956,True,True
0,2020.96,0.15516,0,0,1773293439956,True,True
0,2020.96,0.4,0,0,1773293439956,True,True
0,2021.58,0.0196941,0,0,1773293443239,True,True
0,2021.58,0.00194941,0,0,1773293444033,True,True
0,2021.58,0.00989325,0,0,1773293449770,True,True
0,2021.58,0.00989325,0,0,1773293449770,True,True
0,2021.58,0.00731028,0,0,1773293463667,True,True
0,2021.58,0.0013158,0,0,1773293467692,True,True
0,2021.58,0.55983716,0,0,1773293478476,True,True
0,2021.58,0.4,0,0,1773293478476,True,True
0,2021.9,0.0031911,0,0,1773293500112,True,True
0,2021.89,0.00500041,0,0,1773293500931,False,True
0,2021.89,0.04599656,0,0,1773293524803,False,True
0,2021.9,0.04655522,0,0,1773293528192,True,True
0,2021.9,0.06499368,0,0,1773293569068,True,True
0,2021.9,0.12086,0,0,1773293569068,True,True
0,2021.9,0.23009,0,0,1773293569068,True,True
0,2021.9,0.58405632,0,0,1773293569068,True,True
0,2021.9,0.99575368,0,0,1773293582456,True,True
0,2021.9,0.4,0,0,1773293582456,True,True
0,2022.36,1.353,0,0,1773293586619,True,True
0,2022.81,0.00050052,0,0,1773293590230,False,True
0,2022.82,3.91798826,0,0,1773293590667,True,True
0,2022.82,1.02562174,0,0,1773293590674,True,True
0,2023.02,1.353,0,0,1773293590723,True,True
0,2022.94,0.00481021,0,0,1773293605262,True,True
0,2022.93,0.0009622,0,0,1773293610627,True,True
0,2022.93,0.00487025,0,0,1773293611239,True,True
0,2022.93,0.03229158,0,0,1773293632671,True,True
0,2022.93,0.11474,0,0,1773293646866,True,True
0,2022.93,0.1175,0,0,1773293646866,True,True
0,2022.93,0.4,0,0,1773293646866,True,True
0,2022.93,0.31101,0,0,1773293646866,True,True
0,2022.93,1.57917,0,0,1773293646866,True,True
0,2022.93,1.39556826,0,0,1773293646866,True,True
0,2022.93,0.1195439,0,0,1773293648648,True,True
0,2022.93,0.89627784,0,0,1773293649350,True,True
0,2022.93,2.05327,0,0,1773293649350,True,True
0,2023.27,0.00858321,0,0,1773293653245,True,True
0,2023.27,3.906e-05,0,0,1773293659948,True,True
0,2023.65,0.00156439,0,0,1773293664893,True,True
0,2023.65,0.02453696,0,0,1773293664893,True,True
0,2023.65,0.37546304,0,0,1773293666403,True,True
0,2024.9,0.00054269,0,0,1773293679037,True,True
0,2024.89,0.00097896,0,0,1773293693007,False,True
0,2024.9,0.12564256,0,0,1773293699660,True,True
0,2024.9,0.001,0,0,1773293705557,True,True
0,2024.89,0.001,0,0,1773293710385,False,True
0,2024.89,0.24592699,0,0,1773293716167,False,True
0,2024.89,1.02564395,0,0,1773293716167,False,True
0,2023.35,1.07617865,0,0,1773293747060,True,True
0,2023.33,0.05284588,0,0,1773293748352,False,True
0,2023.36,0.00118767,0,0,1773293760044,False,True
0,2023.5,0.4,0,0,1773293764461,False,True
0,2023.54,0.143,0,0,1773293784868,False,True
0,2022.91,0.01235459,0,0,1773293827310,True,True
0,2023.19,0.4,0,0,1773293844531,True,True
0,2023.83,0.00913977,0,0,1773293846405,True,True
0,2023.53,0.16980201,0,0,1773293862171,True,True
0,2023.43,0.45608064,0,0,1773293870487,False,True
0,2023.57,0.00122309,0,0,1773293878035,True,True
0,2023.57,0.0073031,0,0,1773293898041,True,True
0,2023.56,0.00056813,0,0,1773293898082,False,True
0,2023.57,0.39147381,0,0,1773293906402,True,True
0,2024.95,0.00071912,0,0,1773293915671,True,True
0,2024.94,0.21364305,0,0,1773293915673,False,True
0,2024.94,0.18635695,0,0,1773293915673,False,True
0,2025.37,0.02715553,0,0,1773293919163,True,True
0,2025.14,0.02317152,0,0,1773293927685,True,True
0,2025.14,0.49379302,0,0,1773293928323,True,True
0,2024.79,0.01188739,0,0,1773293937112,True,True
0,2024.79,0.02222758,0,0,1773293942622,True,True
0,2024.74,0.3,0,0,1773293982863,True,True
0,2024.82,3.93489693,0,0,1773293982863,True,True
0,2024.93,1.98012121,0,0,1773294001772,False,True
0,2024.93,0.049,0,0,1773294015803,False,True
0,2024.94,0.06940977,0,0,1773294031370,True,True
0,2024.94,0.4,0,0,1773294031370,True,True
0,2025.54,0.10065944,0,0,1773294031370,True,True
0,2025.54,0.33995866,0,0,1773294031370,True,True
0,2025.97,0.04597695,0,0,1773294049617,True,True
0,2026.08,0.00852076,0,0,1773294062130,True,True
0,2026.44,0.00900335,0,0,1773294062130,True,True
0,2026.63,0.01090744,0,0,1773294062130,True,True
0,2026.44,0.59745145,0,0,1773294072379,True,True
0,2026.44,0.4,0,0,1773294091058,True,True
0,2027.06,0.01249228,0,0,1773294096805,True,True
0,2027.61,0.0006544,0,0,1773294112684,True,True
0,2027.61,0.03639477,0,0,1773294112685,True,True
0,2027.54,0.00082042,0,0,1773294123104,True,True
0,2027.54,3.05572818,0,0,1773294123313,True,True
0,2027.56,0.00090039,0,0,1773294140389,True,True
0,2027.52,2.46606691,0,0,1773294164405,False,True
0,2027.52,0.55171669,0,0,1773294164405,False,True
0,2027.37,0.73973079,0,0,1773294164426,False,True
0,2027.23,0.35189271,0,0,1773294164513,False,True
0,2027.13,0.36,0,0,1773294164513,False,True
0,2026.72,2.98610729,0,0,1773294164513,False,True
0,2026.83,0.04800036,0,0,1773294190300,True,True
0,2026.83,0.098781,0,0,1773294197294,True,True
0,2026.83,0.25321864,0,0,1773294197890,True,True
0,2027.62,0.00441758,0,0,1773294200229,True,True
0,2027.44,0.04677708,0,0,1773294220674,False,True
0,2027.72,0.4,0,0,1773294268585,False,True
0,2027.37,0.00447658,0,0,1773294280679,True,True
0,2027.05,0.01094213,0,0,1773294318203,True,True
0,2027.04,0.31980537,0,0,1773294324209,False,True
0,2026.75,0.00484843,0,0,1773294332769,True,True
0,2026.18,0.00488695,0,0,1773294353046,False,True
0,2026.02,0.01209781,0,0,1773294390253,True,True
0,2025.98,0.00453422,0,0,1773294400473,True,True
0,2026.23,0.23525407,0,0,1773294418509,True,True
0,2026.4,0.4,0,0,1773294420061,False,True
0,2026.52,0.00133385,0,0,1773294420607,True,True
0,2026.02,0.00160779,0,0,1773294438644,True,True
0,2026.04,0.07344869,0,0,1773294444026,True,True
0,2026.17,0.00910476,0,0,1773294455984,True,True
0,2026.09,0.06169518,0,0,1773294478633,True,True
0,2026.1,0.05810101,0,0,1773294478633,True,True
0,2026.1,0.03677734,0,0,1773294501784,True,True
0,2026.01,1.0,0,0,1773294508014,True,True
0,2026.0,3.81104146,0,0,1773294515059,False,True
0,2025.17,0.4650282,0,0,1773294515944,False,True
0,2024.99,0.02345804,0,0,1773294531060,False,True
0,2025.02,0.00857151,0,0,1773294557347,False,True
0,2025.21,0.06479357,0,0,1773294602206,True,True
0,2025.21,0.4,0,0,1773294639815,True,True
0,2025.47,3.0,0,0,1773294639815,True,True
0,2025.76,0.06200133,0,0,1773294639815,True,True
0,2025.76,0.01387516,0,0,1773294639815,True,True
0,2025.82,6.32846007,0,0,1773294639815,True,True
0,2025.2,0.27669511,0,0,1773294663369,False,True
0,2024.51,0.5737,0,0,1773294663380,True,True
0,2024.52,0.02525403,0,0,1773294665412,True,True
0,2023.91,0.05004929,0,0,1773294735777,False,True
0,2023.92,0.09036426,0,0,1773294737253,True,True
0,2023.91,1.58971533,0,0,1773294754661,False,True
0,2024.28,0.03769388,0,0,1773294780047,False,True
0,2024.29,0.02329832,0,0,1773294782061,True,True
0,2024.22,0.06929226,0,0,1773294828415,True,True
0,2024.22,0.00240398,0,0,1773294834756,True,True
0,2024.22,0.32830376,0,0,1773294835887,True,True
0,2026.04,0.00143339,0,0,1773294881867,True,True
0,2026.02,0.10086614,0,0,1773294881867,False,True
0,2026.04,0.00048036,0,0,1773294892753,True,True
0,2025.82,0.47008427,0,0,1773294894325,False,True
0,2025.99,0.00232868,0,0,1773294935257,True,True
0,2026.01,0.07191659,0,0,1773294959034,True,True
0,2026.01,0.4,0,0,1773295014903,True,True
0,2026.68,0.00221123,0,0,1773295020319,False,True
0,2026.69,0.12490298,0,0,1773295038176,True,True
0,2026.69,0.01968379,0,0,1773295056133,True,True
0,2026.69,0.01454787,0,0,1773295064006,True,True
0,2026.69,0.0048853,0,0,1773295072035,True,True
0,2027.23,0.4,0,0,1773295075730,False,True
0,2027.36,0.00483741,0,0,1773295077188,True,True
0,2027.06,0.03769388,0,0,1773295094859,True,True
0,2027.06,1.93560735,0,0,1773295094859,True,True
0,2027.06,0.2,0,0,1773295095673,True,True
0,2026.79,0.4029328,0,0,1773295113695,False,True
0,2026.22,0.09792618,0,0,1773295115391,True,True
0,2026.2,0.0091147,0,0,1773295139886,True,True
0,2026.2,0.001078,0,0,1773295144018,True,True
0,2026.16,0.03297982,0,0,1773295160520,True,True
0,2026.22,0.4,0,0,1773295186635,True,True
0,2026.83,0.00067021,0,0,1773295188798,True,True
0,2026.84,0.00488494,0,0,1773295200063,True,True
0,2026.84,0.66509405,0,0,1773295200254,True,True
0,2026.84,0.00923566,0,0,1773295202557,True,True
0,2026.84,0.00245209,0,0,1773295204848,True,True
0,2026.84,0.00483705,0,0,1773295209598,True,True
0,2026.84,0.00049977,0,0,1773295216036,True,True
0,2026.83,0.38195698,0,0,1773295220886,False,True
0,2026.21,0.57060045,0,0,1773295220886,False,True
0,2026.45,0.00977157,0,0,1773295227346,True,True
0,2026.21,0.88170071,0,0,1773295233903,False,True
0,2026.21,0.20707101,0,0,1773295233906,False,True
0,2026.21,0.34062783,0,0,1773295233911,False,True
0,2026.21,1.91788839,0,0,1773295233911,False,True
0,2026.21,0.3507,0,0,1773295233914,False,True
0,2026.21,0.15911199,0,0,1773295233915,False,True
0,2026.21,0.36955069,0,0,1773295233915,False,True
0,2026.21,0.41491761,0,0,1773295233917,False,True
0,2026.21,1.50505337,0,0,1773295233931,False,True
0,2026.21,0.24533766,0,0,1773295233939,False,True
0,2026.21,1.71269822,0,0,1773295233939,False,True
0,2026.21,0.7528446,0,0,1773295233948,False,True
0,2026.21,0.13005222,0,0,1773295233956,False,True
0,2026.21,3.01135496,0,0,1773295233958,False,True
0,2026.21,0.80985352,0,0,1773295233959,False,True
0,2026.21,2.25851622,0,0,1773295233960,False,True
0,2026.21,1.75318541,0,0,1773295234006,False,True
0,2026.21,4.03909943,0,0,1773295234054,False,True
0,2026.21,2.21885169,0,0,1773295234093,False,True
0,2026.21,4.38019488,0,0,1773295234113,False,True
0,2026.21,22.207,0,0,1773295234152,False,True
0,2026.21,0.74062736,0,0,1773295234219,False,True
0,2026.21,0.9870645,0,0,1773295234278,False,True
0,2026.21,0.98751533,0,0,1773295234284,False,True
0,2026.21,0.37030179,0,0,1773295234358,False,True
0,2026.21,0.57670555,0,0,1773295234364,False,True
0,2026.21,1.50559216,0,0,1773295234514,False,True
0,2026.21,14.00196208,0,0,1773295234522,False,True
0,2025.03,0.04452815,0,0,1773295239618,True,True
0,2025.51,0.00254325,0,0,1773295246727,False,True
0,2025.53,0.012309,0,0,1773295254305,True,True
0,2025.53,1.99222301,0,0,1773295254393,True,True
0,2025.53,3.91798826,0,0,1773295260859,False,True
0,2025.53,21.77359414,0,0,1773295261263,False,True
0,2025.53,22.31619459,0,0,1773295261276,False,True
0,2024.64,1.00137902,0,0,1773295271547,False,True
0,2024.87,0.00740872,0,0,1773295282608,True,True
0,2024.87,0.39259128,0,0,1773295285979,True,True
0,2026.3,0.08664814,0,0,1773295287090,False,True
0,2026.43,0.00180365,0,0,1773295289387,True,True
0,2025.87,0.08926413,0,0,1773295315957,True,True
0,2025.85,0.00969385,0,0,1773295326335,True,True
0,2025.67,0.00063519,0,0,1773295329439,False,True
0,2025.84,0.00074078,0,0,1773295364094,False,True
0,2025.85,0.34,0,0,1773295373699,True,True
0,2025.85,0.06,0,0,1773295373849,True,True
0,2026.05,0.56098235,0,0,1773295373849,True,True
0,2026.05,0.00392882,0,0,1773295385111,True,True
0,2026.05,0.39607118,0,0,1773295395357,True,True
0,2027.06,0.0493318,0,0,1773295416978,True,True
0,2027.08,0.4,0,0,1773295440127,True,True
0,2027.49,0.4,0,0,1773295478940,False,True
0,2028.04,0.00167363,0,0,1773295490225,True,True
0,2028.4,0.00207118,0,0,1773295514564,False,True
0,2028.39,0.07395028,0,0,1773295554310,True,True
0,2028.38,0.4224787,0,0,1773295561924,False,True
0,2028.38,0.00493001,0,0,1773295561924,False,True
0,2027.43,0.23898467,0,0,1773295590903,True,True
0,2027.43,0.00104645,0,0,1773295595939,True,True
0,2027.42,0.00493203,0,0,1773295602136,False,True
0,2027.23,0.24664196,0,0,1773295609484,False,True
0,2027.08,0.243015,0,0,1773295625051,True,True
0,2027.07,0.0049332,0,0,1773295635762,False,True
0,2027.07,0.0049332,0,0,1773295635762,False,True
0,2026.78,3.92295695,0,0,1773295635762,False,True
0,2026.84,0.00861257,0,0,1773295645232,True,True
0,2026.78,0.00119426,0,0,1773295662625,False,True
0,2026.95,2.33878725,0,0,1773295690408,True,True
0,2026.95,0.66121275,0,0,1773295690409,True,True
0,2026.95,0.4,0,0,1773295690409,True,True
0,2027.91,0.00488236,0,0,1773295704209,True,True
0,2027.62,0.02224793,0,0,1773295724087,True,True
0,2027.54,0.00494684,0,0,1773295743863,True,True
0,2027.54,0.39505316,0,0,1773295765382,True,True
0,2027.91,0.01142691,0,0,1773295789048,True,True
0,2027.9,1.0,0,0,1773295803736,False,True
0,2027.91,0.0318583,0,0,1773295816272,True,True
0,2027.91,0.02682309,0,0,1773295816272,True,True
0,2027.9,0.00861257,0,0,1773295836811,False,True
0,2027.91,0.01835697,0,0,1773295842774,True,True
0,2027.9,0.36998941,0,0,1773295854193,False,True
0,2027.9,0.0159909,0,0,1773295854233,False,True
0,2026.79,0.00050936,0,0,1773295866226,False,True
0,2026.88,0.00071189,0,0,1773295866468,True,True
0,2026.94,0.00607984,0,0,1773295884116,False,True
0,2026.88,0.0004837,0,0,1773295908033,True,True
0,2026.95,0.01694972,0,0,1773295910512,True,True
0,2026.95,0.4,0,0,1773295910512,True,True
0,2027.71,0.04801646,0,0,1773295912259,True,True
0,2027.72,0.02550051,0,0,1773295916018,True,True
0,2027.72,0.00091864,0,0,1773295930987,True,True
0,2027.72,0.4,0,0,1773295937179,True,True
0,2028.77,0.02293015,0,0,1773295943873,True,True
0,2028.65,0.00498351,0,0,1773295946269,False,True
0,2028.75,0.00048198,0,0,1773295959490,True,True
0,2028.78,0.00574221,0,0,1773295961909,True,True
0,2028.55,0.02296656,0,0,1773296008585,True,True
0,2028.54,0.04761306,0,0,1773296014228,False,True
0,2028.79,0.05745393,0,0,1773296039801,True,True
0,2028.77,0.14393079,0,0,1773296041551,True,True
0,2028.81,0.4,0,0,1773296081351,True,True
0,2029.12,0.07110487,0,0,1773296081351,True,True
0,2029.1,0.03357955,0,0,1773296088863,True,True
0,2029.1,0.00477469,0,0,1773296099068,True,True
0,2029.1,0.1478488,0,0,1773296102587,True,True
0,2029.09,0.43835762,0,0,1773296108087,False,True
0,2029.02,0.019714,0,0,1773296108089,False,True
0,2028.88,0.00241637,0,0,1773296109246,True,True
0,2028.87,0.00492831,0,0,1773296119753,False,True
0,2027.69,0.01068662,0,0,1773296170263,True,True
0,2027.35,0.11967598,0,0,1773296172433,True,True
0,2027.99,0.00142239,0,0,1773296202294,True,True
0,2027.99,0.00157027,0,0,1773296217020,True,True
0,2027.99,0.01333757,0,0,1773296225374,True,True
0,2027.73,0.00166257,0,0,1773296245953,False,True
0,2027.99,3.91798826,0,0,1773296252877,True,True
0,2027.99,0.83449339,0,0,1773296252888,True,True
0,2027.99,0.19302186,0,0,1773296252889,True,True
0,2027.99,0.11872681,0,0,1773296252893,True,True
0,2027.99,9.00013391,0,0,1773296252942,True,True
0,2027.99,0.4,0,0,1773296252942,True,True
0,2029.26,0.4,0,0,1773296285487,False,True
0,2029.03,0.00717716,0,0,1773296328166,True,True
0,2029.03,0.58034644,0,0,1773296374587,True,True
0,2029.03,0.63876973,0,0,1773296374587,True,True
0,2029.02,0.019714,0,0,1773296375767,False,True
0,2029.02,0.00492846,0,0,1773296375767,False,True
0,2028.22,0.14796417,0,0,1773296405552,True,True
0,2028.22,0.15203583,0,0,1773296405562,True,True
0,2028.54,0.1439315,0,0,1773296436389,True,True
0,2028.54,0.00086835,0,0,1773296440454,True,True
0,2028.53,0.40058708,0,0,1773296444121,False,True
0,2027.56,0.0574237,0,0,1773296462528,True,True
0,2027.55,0.4,0,0,1773296500246,True,True
0,2028.2,3.0,0,0,1773296500435,True,True
0,2029.31,0.30976032,0,0,1773296522115,True,True
0,2029.22,0.00166734,0,0,1773296527581,True,True
0,2028.87,0.019714,0,0,1773296539716,True,True
0,2028.86,0.00275131,0,0,1773296546127,True,True
0,2028.87,0.02627299,0,0,1773296562926,True,True
0,2028.87,0.04605059,0,0,1773296570826,True,True
0,2028.87,0.00047848,0,0,1773296579857,True,True
0,2029.08,0.4,0,0,1773296587868,False,True
0,2029.98,0.36745614,0,0,1773296607446,True,True
0,2029.98,9.60653695,0,0,1773296607446,True,True
0,2030.0,0.0210428,0,0,1773296610443,False,True
0,2030.01,0.00487738,0,0,1773296610644,True,True
0,2029.81,0.02413816,0,0,1773296615481,True,True
0,2029.72,0.01803115,0,0,1773296617457,True,True
0,2029.72,0.04575507,0,0,1773296619578,True,True
0,2029.87,0.4,0,0,1773296641801,True,True
0,2030.01,0.001,0,0,1773296642951,True,True
0,2029.87,0.03700236,0,0,1773296667795,False,True
0,2029.54,3.0,0,0,1773296690562,True,True
0,2029.54,0.4,0,0,1773296690562,True,True
0,2029.9,1.27607294,0,0,1773296690562,True,True
0,2029.93,4.92638964,0,0,1773296690562,True,True
0,2029.94,8.62691136,0,0,1773296690562,True,True
0,2029.94,8.18812834,0,0,1773296690562,True,True
0,2029.96,0.5737,0,0,1773296690562,True,True
0,2030.01,0.31659695,0,0,1773296690562,True,True
0,2030.03,0.61191652,0,0,1773296690562,True,True
0,2030.07,2.83638531,0,0,1773296690562,True,True
0,2030.15,0.09468069,0,0,1773296690562,True,True
0,2030.15,1.68896805,0,0,1773296690562,True,True
0,2030.18,2.46283745,0,0,1773296690562,True,True
0,2030.19,0.39,0,0,1773296690562,True,True
0,2030.2,6.74,0,0,1773296690562,True,True
0,2030.22,0.5737,0,0,1773296690562,True,True
0,2030.26,7.29371275,0,0,1773296690562,True,True
0,2029.53,1.86001101,0,0,1773296694595,False,True
0,2029.02,0.019714,0,0,1773296694836,False,True
0,2028.45,1.39245061,0,0,1773296694862,True,True
0,2028.45,0.5875236,0,0,1773296695179,True,True
0,2028.22,2.25899821,0,0,1773296695920,True,True
0,2028.08,0.46732043,0,0,1773296701438,False,True
0,2027.73,0.019714,0,0,1773296702866,True,True
0,2027.46,0.03153466,0,0,1773296709634,True,True
0,2027.46,0.02417784,0,0,1773296710030,True,True
0,2027.41,0.00454128,0,0,1773296712817,True,True
0,2027.07,0.12483892,0,0,1773296715133,True,True
0,2027.8,0.03266025,0,0,1773296724197,True,True
0,2027.8,0.29915481,0,0,1773296724224,True,True
0,2027.8,2.59712899,0,0,1773296724231,True,True
0,2027.8,0.07105595,0,0,1773296724232,True,True
0,2027.83,0.08972306,0,0,1773296724232,True,True
0,2027.83,0.03266025,0,0,1773296724336,True,True
0,2028.06,0.3,0,0,1773296724342,True,True
0,2028.56,0.00125256,0,0,1773296741116,True,True
0,2028.56,0.39874744,0,0,1773296755454,True,True
0,2029.36,0.30125155,0,0,1773296755910,False,True
0,2029.36,0.1124238,0,0,1773296755910,False,True
0,2029.36,0.12963817,0,0,1773296755912,False,True
0,2029.36,0.09563439,0,0,1773296755913,False,True
0,2029.36,0.13051773,0,0,1773296755914,False,True
0,2029.36,0.17889578,0,0,1773296755916,False,True
0,2029.36,1.88534735,0,0,1773296755917,False,True
0,2029.36,0.12910246,0,0,1773296755921,False,True
0,2029.36,0.04856325,0,0,1773296755922,False,True
0,2029.36,0.07280516,0,0,1773296755923,False,True
0,2029.36,0.07398096,0,0,1773296755924,False,True
0,2029.36,0.0588834,0,0,1773296755927,False,True
0,2029.36,3.4,0,0,1773296755943,False,True
0,2029.02,1.56223696,0,0,1773296756112,False,True
0,2029.02,0.43776304,0,0,1773296756118,False,True
0,2028.22,0.99804915,0,0,1773296758055,False,True
0,2028.63,0.5875236,0,0,1773296768617,True,True
0,2028.64,0.15091955,0,0,1773296768617,True,True
0,2028.64,0.22333867,0,0,1773296768617,True,True
0,2028.68,0.09422433,0,0,1773296768617,True,True
0,2028.68,0.10762838,0,0,1773296768619,True,True
0,2028.68,2.79814729,0,0,1773296768620,True,True
0,2028.68,0.6047121,0,0,1773296768622,True,True
0,2028.71,3.0,0,0,1773296768700,True,True
0,2029.42,0.00060086,0,0,1773296772143,True,True
0,2029.2,0.06511822,0,0,1773296796666,True,True
0,2029.2,0.00080268,0,0,1773296806153,True,True
0,2029.03,0.5737,0,0,1773296819953,True,True
0,2029.05,0.21485802,0,0,1773296819953,True,True
0,2029.08,0.04928341,0,0,1773296821287,False,True
0,2029.07,0.09856539,0,0,1773296821287,False,True
0,2029.2,0.00080139,0,0,1773296827106,True,True
0,2029.2,0.00048793,0,0,1773296830034,True,True
0,2029.2,0.33278978,0,0,1773296833907,True,True
0,2030.26,0.00095681,0,0,1773296834650,True,True
0,2030.13,0.06511822,0,0,1773296838281,False,True
0,2029.88,0.06511822,0,0,1773296872613,True,True
0,2029.68,0.04636885,0,0,1773296877475,True,True
0,2029.64,0.14780655,0,0,1773296880991,True,True
0,2029.54,0.020972,0,0,1773296883397,False,True
0,2029.54,0.020708,0,0,1773296886715,False,True
0,2029.52,0.00109537,0,0,1773296913588,True,True
0,2029.51,0.00408978,0,0,1773296923332,False,True
0,2029.99,0.4,0,0,1773296941020,False,True
0,2030.0,0.03686416,0,0,1773296948283,True,True
0,2030.0,0.00346557,0,0,1773296948703,True,True
0,2030.0,2.74608018,0,0,1773296949513,True,True
0,2030.64,0.06178271,0,0,1773296963005,False,True
0,2030.65,0.01232132,0,0,1773297000589,True,True
0,2030.65,0.4,0,0,1773297000589,True,True
0,2031.26,0.03872058,0,0,1773297000711,True,True
0,2031.26,0.00718208,0,0,1773297000711,True,True
0,2031.33,0.3,0,0,1773297000711,True,True
0,2031.02,0.0045341,0,0,1773297035124,True,True
0,2031.02,0.44174356,0,0,1773297043401,True,True
0,2031.02,0.00718779,0,0,1773297043935,True,True
0,2031.02,0.00334616,0,0,1773297058750,True,True
0,2031.01,0.08168988,0,0,1773297087819,False,True
0,2031.01,0.44982951,0,0,1773297088420,False,True
0,2030.58,0.00047815,0,0,1773297100197,True,True
0,2030.13,0.02771986,0,0,1773297134391,True,True
0,2030.12,0.00168141,0,0,1773297136301,False,True
0,2029.91,1.03452862,0,0,1773297212582,True,True
0,2029.91,0.00909586,0,0,1773297231101,False,True
0,2029.92,0.00278291,0,0,1773297244083,True,True
0,2029.92,0.05199128,0,0,1773297247205,True,True
0,2029.92,0.4,0,0,1773297247205,True,True
0,2031.24,0.00876325,0,0,1773297247859,True,True
0,2031.04,0.5737,0,0,1773297270267,True,True
0,2031.06,0.42621534,0,0,1773297270267,True,True
0,2030.84,0.00162522,0,0,1773297275312,False,True
0,2030.87,0.00232467,0,0,1773297286892,False,True
0,2030.92,0.4,0,0,1773297293582,False,True
0,2030.41,0.2163242,0,0,1773297300517,True,True
0,2030.32,0.04000055,0,0,1773297300549,True,True
0,2030.17,0.0189,0,0,1773297326565,True,True
0,2030.16,0.40702825,0,0,1773297327570,False,True
0,2030.17,0.00153883,0,0,1773297345556,True,True
0,2030.16,0.00798094,0,0,1773297350787,False,True
0,2030.17,0.02793678,0,0,1773297356676,True,True
0,2030.17,0.05249795,0,0,1773297363624,True,True
0,2030.16,0.00015962,0,0,1773297428863,False,True
0,2030.16,0.0369429,0,0,1773297428863,False,True
0,2030.16,0.019703,0,0,1773297428863,False,True
0,2029.62,0.00095861,0,0,1773297437049,True,True
0,2029.39,0.5737,0,0,1773297439527,True,True
0,2029.43,0.17103139,0,0,1773297439527,True,True
0,2029.42,0.00291467,0,0,1773297471565,False,True
0,2028.93,0.00286433,0,0,1773297516798,True,True
0,2029.18,0.00966294,0,0,1773297527107,True,True
0,2029.23,0.05465,0,0,1773297551494,False,True
0,2029.24,0.00091502,0,0,1773297553555,True,True
0,2028.78,0.0044845,0,0,1773297577843,True,True
0,2027.53,1.03848682,0,0,1773297602073,False,True
0,2027.39,0.40225702,0,0,1773297609059,False,True
0,2027.39,0.12498744,0,0,1773297609059,False,True
0,2027.37,0.00493203,0,0,1773297609059,False,True
0,2027.08,0.0008536,0,0,1773297609556,True,True
0,2026.45,0.5875236,0,0,1773297625181,True,True
0,2026.45,0.66213369,0,0,1773297625181,True,True
0,2027.33,0.00480058,0,0,1773297645739,True,True
0,2027.33,0.11954394,0,0,1773297646966,True,True
0,2027.33,0.28045606,0,0,1773297647732,True,True
0,2027.98,0.00095392,0,0,1773297676016,True,True
0,2028.22,0.02387642,0,0,1773297677336,True,True
0,2028.22,0.02620068,0,0,1773297682460,True,True
0,2027.88,0.98625166,0,0,1773297697940,False,True
0,2028.1,0.00125597,0,0,1773297698236,True,True
0,2028.1,0.00477552,0,0,1773297701477,True,True
0,2027.77,0.0067401,0,0,1773297739007,False,True
0,2028.42,0.28788605,0,0,1773297747468,False,True
0,2028.41,0.11211395,0,0,1773297747468,False,True
0,2029.36,0.05731273,0,0,1773297758101,False,True
0,2029.25,0.00243957,0,0,1773297770032,True,True
0,2029.3,0.04927807,0,0,1773297848292,False,True
0,2029.29,0.35072193,0,0,1773297848292,False,True
0,2029.65,0.24691358,0,0,1773297915013,True,True
0,2029.64,0.53014947,0,0,1773297918188,False,True
0,2029.11,0.04000075,0,0,1773297918365,True,True
0,2029.24,0.61775658,0,0,1773297941876,True,True
0,2028.97,0.19208,0,0,1773297981607,True,True
0,2028.82,0.01153404,0,0,1773298014515,True,True
0,2028.82,0.01599763,0,0,1773298019377,True,True
0,2028.79,0.14780655,0,0,1773298020970,False,True
0,2028.82,0.2444968,0,0,1773298025782,True,True
0,2028.42,0.00500406,0,0,1773298043624,True,True
0,2028.05,0.0013112,0,0,1773298056362,True,True
0,2028.05,0.00107713,0,0,1773298058148,True,True
0,2028.05,0.39761167,0,0,1773298066954,True,True
0,2028.93,0.19118273,0,0,1773298086201,False,True
0,2029.16,0.00139032,0,0,1773298089142,True,True
0,2029.16,0.00161621,0,0,1773298089375,True,True
0,2029.16,0.02530297,0,0,1773298104877,True,True
0,2029.16,0.19704795,0,0,1773298168950,False,True
0,2029.17,0.01574093,0,0,1773298177927,True,True
0,2029.16,0.64053499,0,0,1773298184088,False,True
0,2029.17,0.38340225,0,0,1773298186930,True,True
0,2029.17,0.00357379,0,0,1773298187371,True,True
0,2029.17,0.01302396,0,0,1773298189284,True,True
0,2030.49,0.00155749,0,0,1773298210890,False,True
0,2030.49,0.00749667,0,0,1773298229651,False,True
0,2030.5,0.00910686,0,0,1773298232521,True,True
0,2030.49,0.14848633,0,0,1773298244072,False,True
0,2030.49,0.30827384,0,0,1773298254990,False,True
0,2030.16,0.019703,0,0,1773298260513,False,True
0,2029.56,0.019703,0,0,1773298267526,True,True
0,2029.02,0.06878374,0,0,1773298313111,True,True
0,2029.1,2.46414666,0,0,1773298327667,False,True
0,2029.11,0.0019,0,0,1773298344618,True,True
0,2029.11,0.01732056,0,0,1773298351835,True,True
0,2029.11,0.027111,0,0,1773298363278,True,True
0,2029.09,0.54233135,0,0,1773298365605,False,True
0,2029.11,0.00242175,0,0,1773298368364,True,True
0,2029.07,0.01823841,0,0,1773298418612,True,True
0,2029.07,0.4,0,0,1773298418612,True,True
0,2029.64,2.0,0,0,1773298421811,False,True
0,2029.64,1.30613405,0,0,1773298421811,False,True
0,2029.36,0.4,0,0,1773298454331,False,True
0,2029.36,0.01767641,0,0,1773298459881,False,True
0,2029.47,0.5875236,0,0,1773298476803,True,True
0,2029.47,0.49862204,0,0,1773298476803,True,True
0,2031.02,0.48057537,0,0,1773298505831,False,True
0,2030.74,0.08601857,0,0,1773298505852,False,True
0,2030.74,3.34051022,0,0,1773298505852,False,True
0,2030.74,0.20958928,0,0,1773298505853,False,True
0,2030.74,3.44562045,0,0,1773298505853,False,True
0,2030.74,0.41495152,0,0,1773298505854,False,True
0,2030.74,1.85538516,0,0,1773298505855,False,True
0,2030.74,0.37287187,0,0,1773298505861,False,True
0,2030.74,0.20747576,0,0,1773298505863,False,True
0,2030.49,0.48057537,0,0,1773298505897,False,True
0,2030.16,0.019703,0,0,1773298535555,False,True
0,2029.97,0.230297,0,0,1773298535555,False,True
0,2030.06,0.13812513,0,0,1773298538551,True,True
0,2029.85,0.16633769,0,0,1773298544235,True,True
0,2029.94,0.00329702,0,0,1773298549378,True,True
0,2030.05,0.4,0,0,1773298573662,True,True
0,2030.84,0.00492407,0,0,1773298583430,True,True
0,2030.77,0.00743773,0,0,1773298601559,False,True
0,2030.91,0.01313787,0,0,1773298608886,True,True
0,2030.46,0.00244838,0,0,1773298620228,False,True
0,2030.66,0.01110691,0,0,1773298632796,True,True
0,2030.23,0.00081546,0,0,1773298639771,True,True
0,2030.16,0.00760836,0,0,1773298641806,False,True
0,2030.16,0.0049292,0,0,1773298643760,False,True
0,2030.17,0.00221477,0,0,1773298647891,True,True
0,2030.17,0.00213129,0,0,1773298665895,True,True
0,2030.17,0.00129365,0,0,1773298672805,True,True
0,2030.17,0.0460211,0,0,1773298674120,True,True
0,2030.16,0.00716544,0,0,1773298676763,False,True
0,2029.73,0.15158666,0,0,1773298709199,False,True
0,2029.74,0.00126105,0,0,1773298738567,True,True
0,2029.74,0.00221523,0,0,1773298739552,True,True
0,2029.74,0.0109563,0,0,1773298741887,True,True
0,2029.73,0.6034464,0,0,1773298746785,False,True
0,2029.73,1.4865336,0,0,1773298746785,False,True
0,2029.74,0.0072452,0,0,1773298756305,True,True
0,2029.83,0.4,0,0,1773298757143,False,True
0,2030.75,0.00485152,0,0,1773298800220,True,True
0,2030.75,0.00487553,0,0,1773298800406,True,True
0,2030.67,0.00148842,0,0,1773298801215,False,True
0,2030.64,0.00482773,0,0,1773298807419,True,True
0,2030.64,0.04875798,0,0,1773298808037,True,True
0,2030.63,0.47151547,0,0,1773298808896,False,True
0,2030.53,0.01152041,0,0,1773298816164,True,True
0,2030.52,0.01477374,0,0,1773298816751,False,True
0,2030.53,0.00252298,0,0,1773298817365,True,True
0,2030.53,0.00245016,0,0,1773298818034,True,True
0,2030.52,0.03621946,0,0,1773298826318,False,True
0,2030.19,0.02414533,0,0,1773298835706,True,True
0,2030.4,0.00048524,0,0,1773298853034,True,True
0,2030.4,0.00724285,0,0,1773298858321,True,True
0,2030.4,0.14775414,0,0,1773298866988,True,True
0,2030.4,0.24500301,0,0,1773298883433,True,True
0,2030.4,0.02413816,0,0,1773298883433,True,True
0,2031.02,0.00086562,0,0,1773298886038,False,True
0,2031.03,0.01238496,0,0,1773298886464,True,True
0,2031.03,0.0266445,0,0,1773298886464,True,True
0,2030.89,0.34,0,0,1773298915444,True,True
0,2030.89,0.00640202,0,0,1773298924345,True,True
0,2030.89,0.05359798,0,0,1773298937889,True,True
0,2031.05,0.05190202,0,0,1773298937889,True,True
0,2030.97,0.02356624,0,0,1773298941496,False,True
0,2031.05,0.00101451,0,0,1773298945273,True,True
0,2031.17,0.00136285,0,0,1773298947384,False,True
0,2031.15,0.00097516,0,0,1773298953927,False,True
0,2031.09,0.29068523,0,0,1773298955696,False,True
0,2031.16,0.0012969,0,0,1773298967752,True,True
0,2030.99,0.00241358,0,0,1773298977036,True,True
0,2030.99,0.22298266,0,0,1773298981057,True,True
0,2030.86,0.1196604,0,0,1773298994731,True,True
0,2030.86,0.00977418,0,0,1773298996161,True,True
0,2030.85,0.04363786,0,0,1773298997539,False,True
0,2030.69,0.05915296,0,0,1773299057347,False,True
0,2030.38,0.19603213,0,0,1773299093566,False,True
0,2030.2,0.48389927,0,0,1773299124895,False,True
0,2030.16,0.019703,0,0,1773299124895,False,True
0,2030.0,0.01005726,0,0,1773299125372,False,True
0,2029.73,0.02547664,0,0,1773299135859,True,True
0,2029.24,0.034,0,0,1773299149339,False,True
0,2029.76,0.4,0,0,1773299160650,False,True
0,2029.68,0.01096622,0,0,1773299195642,True,True
0,2029.68,0.19321118,0,0,1773299201031,True,True
0,2029.53,0.01951386,0,0,1773299230035,True,True
0,2029.01,0.00695323,0,0,1773299276006,True,True
0,2029.0,1.25568753,0,0,1773299300486,False,True
0,2028.3,0.5737,0,0,1773299301359,True,True
0,2028.0,0.07278279,0,0,1773299307642,False,True
0,2028.0,3.05077736,0,0,1773299307643,False,True
0,2026.97,0.0616684,0,0,1773299328268,False,True
0,2026.32,0.04928293,0,0,1773299349402,False,True
0,2026.32,0.19746981,0,0,1773299349560,False,True
0,2027.02,0.00477953,0,0,1773299363152,True,True
0,2027.02,0.00493505,0,0,1773299369696,True,True
0,2027.02,0.00464028,0,0,1773299421035,True,True
0,2027.02,0.01718082,0,0,1773299422954,True,True
0,2027.01,0.00098552,0,0,1773299434254,False,True
0,2027.02,0.4,0,0,1773299439057,True,True
0,2027.64,0.04596668,0,0,1773299456215,True,True
0,2027.64,0.00536411,0,0,1773299458155,True,True
0,2028.26,0.00464028,0,0,1773299462221,True,True
0,2028.26,0.01718082,0,0,1773299462221,True,True
0,2028.26,0.4,0,0,1773299468263,True,True
0,2028.87,0.0073565,0,0,1773299469035,True,True
0,2028.75,0.07253956,0,0,1773299507938,False,True
0,2028.75,0.36442055,0,0,1773299509139,False,True
0,2028.31,0.02637409,0,0,1773299513153,True,True
0,2027.19,0.00139952,0,0,1773299579666,False,True
0,2027.2,0.4,0,0,1773299583539,True,True
0,2028.56,4.8,0,0,1773299625080,True,True
0,2028.93,0.00186648,0,0,1773299639007,True,True
0,2028.93,0.00155517,0,0,1773299644941,True,True
0,2028.93,0.00410286,0,0,1773299682736,True,True
0,2028.88,0.01023234,0,0,1773299682991,False,True
0,2028.93,0.01111629,0,0,1773299691796,True,True
0,2028.78,0.0047392,0,0,1773299713981,True,True
0,2028.77,0.00255851,0,0,1773299721537,False,True
0,2028.77,0.22209073,0,0,1773299724729,False,True
0,2028.78,0.4,0,0,1773299730962,True,True
0,2029.94,0.00426796,0,0,1773299745897,False,True
0,2029.95,0.01828072,0,0,1773299752390,True,True
0,2030.11,0.13312727,0,0,1773299752390,True,True
0,2030.12,0.21769064,0,0,1773299752390,True,True
0,2029.84,0.00344807,0,0,1773299766647,True,True
0,2029.62,0.0084542,0,0,1773299773114,False,True
0,2029.63,0.00434404,0,0,1773299783591,False,True
0,2029.63,0.0990099,0,0,1773299785652,False,True
0,2030.3,0.4,0,0,1773299816812,False,True
0,2030.99,0.03124697,0,0,1773299862492,True,True
0,2030.98,0.54933521,0,0,1773299865435,False,True
0,2030.17,0.00126558,0,0,1773299896787,True,True
0,2030.41,0.22968334,0,0,1773299920349,True,True
0,2030.16,0.019703,0,0,1773299940516,False,True
0,2029.83,0.04808825,0,0,1773299941215,False,True
0,2029.43,0.09966589,0,0,1773299941215,False,True
0,2029.13,0.00878601,0,0,1773299995146,True,True
0,2029.02,0.0011371,0,0,1773300013895,False,True
0,2029.18,0.0489888,0,0,1773300014852,True,True
0,2029.18,0.3421347,0,0,1773300014852,True,True
0,2029.19,0.04831446,0,0,1773300022392,True,True
0,2029.19,0.04593157,0,0,1773300031969,True,True
0,2029.19,0.00975856,0,0,1773300047032,True,True
0,2029.19,0.29599541,0,0,1773300047722,True,True
0,2029.86,0.00139006,0,0,1773300063950,True,True
0,2029.41,0.00054593,0,0,1773300108270,False,True
0,2029.52,0.0014111,0,0,1773300117597,False,True
0,2029.53,0.55460593,0,0,1773300122004,True,True
0,2029.53,0.0062,0,0,1773300142901,True,True
0,2029.53,0.00133466,0,0,1773300143336,True,True
0,2029.53,0.00453743,0,0,1773300153213,True,True
0,2029.53,0.22738269,0,0,1773300153515,True,True
0,2029.53,0.03716623,0,0,1773300155858,True,True
0,2029.53,0.31090259,0,0,1773300156765,True,True
0,2029.56,4.11350579,0,0,1773300156765,True,True
0,2029.56,0.25930399,0,0,1773300156768,True,True
0,2029.56,0.25233827,0,0,1773300156782,True,True
0,2029.56,0.14112091,0,0,1773300156792,True,True
0,2029.57,0.4,0,0,1773300156929,True,True
0,2030.43,3.0,0,0,1773300159937,True,True
0,2031.09,0.0015583,0,0,1773300182449,True,True
0,2031.23,0.04930188,0,0,1773300208956,False,True
0,2031.24,0.4,0,0,1773300218555,True,True
0,2031.34,0.01724719,0,0,1773300218555,True,True
0,2031.6,0.04243134,0,0,1773300218555,True,True
0,2031.38,0.00482624,0,0,1773300244216,True,True
0,2031.28,0.01323558,0,0,1773300299706,True,True
0,2031.27,1.05516821,0,0,1773300301817,False,True
0,2031.03,0.01810067,0,0,1773300301919,True,True
0,2031.02,0.00098449,0,0,1773300336275,False,True
0,2031.02,0.46581051,0,0,1773300336361,False,True
0,2030.83,0.524941,0,0,1773300353526,True,True
0,2030.8,0.27318435,0,0,1773300354960,True,True
0,2030.86,0.01359146,0,0,1773300357945,True,True
0,2031.38,0.16666666,0,0,1773300372169,False,True
0,2031.37,0.23333334,0,0,1773300372169,False,True
0,2031.71,0.01485149,0,0,1773300384149,False,True
0,2031.36,2.30220938,0,0,1773300398310,True,True
0,2031.49,0.41207903,0,0,1773300408033,True,True
0,2031.73,0.00059345,0,0,1773300427518,True,True
0,2031.72,0.00083351,0,0,1773300450302,False,True
0,2031.72,0.00050573,0,0,1773300455667,False,True
0,2031.73,0.00447784,0,0,1773300456672,True,True
0,2031.72,0.1,0,0,1773300458566,False,True
0,2031.88,0.4,0,0,1773300473235,False,True
0,2031.88,0.1737,0,0,1773300473715,False,True
0,2031.88,0.00248835,0,0,1773300473715,False,True
0,2031.88,0.001,0,0,1773300476558,False,True
0,2031.74,0.05,0,0,1773300488491,False,True
0,2031.61,0.00078843,0,0,1773300501425,True,True
0,2031.38,0.06967406,0,0,1773300503923,False,True
0,2031.42,0.17618835,0,0,1773300521521,False,True
0,2031.43,0.4,0,0,1773300530005,True,True
0,2031.64,0.5875236,0,0,1773300530005,True,True
0,2031.65,2.82732422,0,0,1773300530005,True,True
0,2031.47,0.06038603,0,0,1773300541568,True,True
0,2031.38,2.36987645,0,0,1773300542754,True,True
0,2031.38,10.27080254,0,0,1773300542754,True,True
0,2031.38,0.36613581,0,0,1773300542754,True,True
0,2031.5,1.27607294,0,0,1773300542757,True,True
0,2031.67,0.3,0,0,1773300542789,True,True
0,2031.89,0.01725136,0,0,1773300542871,True,True
0,2031.9,0.02022688,0,0,1773300542871,True,True
0,2032.36,0.05011713,0,0,1773300542886,True,True
0,2032.52,0.3692244,0,0,1773300542905,False,True
0,2032.53,0.15918838,0,0,1773300542968,False,True
0,2032.53,0.57926043,0,0,1773300542968,False,True
0,2032.54,0.15918838,0,0,1773300542982,False,True
0,2032.54,0.5737,0,0,1773300542982,False,True
0,2032.53,1.29476372,0,0,1773300542982,False,True
0,2032.53,0.12566464,0,0,1773300542982,False,True
0,2033.01,0.09075625,0,0,1773300546258,True,True
0,2033.19,0.10155606,0,0,1773300546258,True,True
0,2033.3,2.52201426,0,0,1773300547091,True,True
0,2033.56,0.01083263,0,0,1773300547125,True,True
0,2033.57,0.0547535,0,0,1773300547125,True,True
0,2033.89,0.02,0,0,1773300547269,True,True
0,2034.37,0.39448579,0,0,1773300547269,True,True
0,2034.37,0.5737,0,0,1773300547269,True,True
0,2034.34,0.02447666,0,0,1773300550608,True,True
0,2034.36,1.09001187,0,0,1773300550608,True,True
0,2035.01,0.0160637,0,0,1773300551807,True,True
0,2034.07,0.00494376,0,0,1773300562220,False,True
0,2034.18,0.57118018,0,0,1773300565930,False,True
0,2034.47,0.5737,0,0,1773300566967,True,True
0,2034.61,2.155519,0,0,1773300566967,True,True
0,2034.39,0.0013286,0,0,1773300570401,True,True
0,2034.0,0.00741802,0,0,1773300588951,False,True
0,2034.12,0.14749263,0,0,1773300604127,True,True
0,2034.11,0.12445348,0,0,1773300605404,True,True
0,2034.12,0.0028226,0,0,1773300625800,True,True
0,2034.11,0.10530704,0,0,1773300635654,False,True
0,2034.11,0.055917,0,0,1773300650788,False,True
0,2034.11,0.48187725,0,0,1773300651288,False,True
0,2033.92,3.0,0,0,1773300668796,True,True
0,2034.12,0.05138317,0,0,1773300668797,True,True
0,2034.12,0.4,0,0,1773300668797,True,True
0,2034.12,23.47102709,0,0,1773300668797,True,True
0,2034.25,7.55485902,0,0,1773300668797,True,True
0,2034.41,1.27607294,0,0,1773300668797,True,True
0,2034.46,0.09458742,0,0,1773300668797,True,True
0,2034.48,3.0,0,0,1773300668860,True,True
0,2034.59,0.00489533,0,0,1773300668864,True,True
0,2034.59,0.3,0,0,1773300668864,True,True
0,2034.74,0.3,0,0,1773300668864,True,True
0,2035.23,0.007407,0,0,1773300668993,True,True
0,2035.23,0.3,0,0,1773300668993,True,True
0,2035.61,0.34484016,0,0,1773300669019,True,True
0,2035.79,0.88079112,0,0,1773300669019,True,True
0,2036.03,0.5737,0,0,1773300671422,True,True
0,2036.03,0.41255166,0,0,1773300671422,True,True
0,2036.03,0.00425971,0,0,1773300671646,True,True
0,2036.22,0.32149102,0,0,1773300672563,True,True
0,2036.22,0.3,0,0,1773300672563,True,True
0,2036.24,0.01935128,0,0,1773300672563,True,True
0,2036.57,0.00499143,0,0,1773300672571,True,True
0,2036.42,0.38615752,0,0,1773300684453,True,True
0,2036.35,0.00281879,0,0,1773300686918,True,True
0,2036.87,0.4,0,0,1773300711438,True,True
0,2038.02,0.00060072,0,0,1773300713674,True,True
0,2038.02,0.02922489,0,0,1773300715831,True,True
0,2038.75,2.46147511,0,0,1773300715831,True,True
0,2038.78,0.00692867,0,0,1773300721124,True,True
0,2039.31,0.1,0,0,1773300721238,True,True
0,2039.57,0.02711263,0,0,1773300721276,True,True
0,2039.99,2.0,0,0,1773300722518,False,True
0,2039.38,0.00072004,0,0,1773300723469,True,True
0,2038.8,0.00245215,0,0,1773300728577,True,True
0,2038.13,0.02375759,0,0,1773300730846,True,True
0,2038.12,0.001,0,0,1773300731728,False,True
0,2037.84,0.00287211,0,0,1773300731728,False,True
0,2038.19,0.00058997,0,0,1773300800421,True,True
0,2038.19,0.00992998,0,0,1773300801910,True,True
0,2038.36,0.48946212,0,0,1773300803778,True,True
0,2038.6,0.4,0,0,1773300837343,True,True
0,2039.52,0.3379,0,0,1773300840289,True,True
0,2039.53,0.00097129,0,0,1773300844853,False,True
0,2039.53,0.00127093,0,0,1773300850924,False,True
0,2040.0,3.41240132,0,0,1773300868893,True,True
0,2040.0,0.58759868,0,0,1773300868894,True,True
0,2040.06,0.00913083,0,0,1773300893898,True,True
0,2039.51,0.00888457,0,0,1773300902938,True,True
0,2038.02,0.11880074,0,0,1773300913647,True,True
0,2037.6,0.4,0,0,1773300927307,False,True
0,2037.65,0.143,0,0,1773300928404,False,True
0,2037.26,0.00727815,0,0,1773300949114,False,True
0,2037.26,0.52448036,0,0,1773300949640,False,True
0,2036.41,0.01217232,0,0,1773300979847,True,True
0,2036.41,0.07132,0,0,1773300992463,True,True
0,2036.26,0.00097066,0,0,1773301005190,False,True
0,2035.96,3.0,0,0,1773301017359,True,True
0,2036.2,1.27607294,0,0,1773301022053,True,True
0,2036.26,0.0944166,0,0,1773301022053,True,True
0,2036.41,0.31650768,0,0,1773301022103,True,True
0,2036.65,1.22243403,0,0,1773301022285,False,True
0,2036.6,2.0,0,0,1773301022285,False,True
0,2036.47,0.5737,0,0,1773301022285,False,True
0,2036.28,1.87402415,0,0,1773301022285,False,True
0,2036.28,4.90866993,0,0,1773301022285,False,True
0,2036.27,0.5737,0,0,1773301022285,False,True
0,2036.07,0.5737,0,0,1773301022285,False,True
0,2036.06,0.02970526,0,0,1773301022285,False,True
0,2036.04,1.87402415,0,0,1773301022285,False,True
0,2036.0,1.68413486,0,0,1773301022285,False,True
0,2035.7,3.84178,0,0,1773301022285,False,True
0,2035.69,0.5737,0,0,1773301022285,False,True
0,2035.69,44.18080706,0,0,1773301022285,False,True
0,2035.68,12.381,0,0,1773301022285,False,True
0,2035.68,0.05656079,0,0,1773301022285,False,True
0,2035.66,2.952747,0,0,1773301022285,False,True
0,2035.54,0.98894428,0,0,1773301022285,False,True
0,2035.52,4.914,0,0,1773301022285,False,True
0,2035.51,4.909,0,0,1773301022285,False,True
0,2035.49,0.30225922,0,0,1773301022285,False,True
0,2035.46,9.702,0,0,1773301022285,False,True
0,2035.32,0.5737,0,0,1773301022285,False,True
0,2035.19,46.28926268,0,0,1773301022285,False,True
0,2037.14,0.00094973,0,0,1773301026061,True,True
0,2036.15,1.48464498,0,0,1773301034853,False,True
0,2036.39,0.00236057,0,0,1773301047828,True,True
0,2036.51,0.4,0,0,1773301078798,False,True
0,2038.13,0.00086579,0,0,1773301111094,True,True
0,2038.58,0.05104205,0,0,1773301122217,True,True
0,2038.74,0.94895795,0,0,1773301122217,True,True
0,2038.74,0.13538715,0,0,1773301125731,True,True
0,2038.74,0.00485643,0,0,1773301126100,True,True
0,2038.24,5.46906213,0,0,1773301136583,True,True
0,2038.0,0.00950441,0,0,1773301145190,True,True
0,2038.3,0.0282294,0,0,1773301153948,True,True
0,2038.01,0.13334086,0,0,1773301168365,True,True
0,2037.45,0.01131489,0,0,1773301177443,True,True
0,2037.25,0.00248607,0,0,1773301182201,False,True
0,2037.26,0.00493505,0,0,1773301182309,False,True
0,2037.03,0.01154948,0,0,1773301190483,True,True
0,2037.18,0.57874317,0,0,1773301202062,False,True
0,2037.18,1.01699297,0,0,1773301202062,False,True
0,2037.4,0.00125636,0,0,1773301228544,True,True
0,2037.37,6.714,0,0,1773301236602,True,True
0,2037.38,1.27607294,0,0,1773301236602,True,True
0,2037.39,0.4,0,0,1773301236602,True,True
0,2037.43,6.33313083,0,0,1773301236602,True,True
0,2037.36,0.00255813,0,0,1773301242058,False,True
0,2037.18,0.29771822,0,0,1773301257023,False,True
0,2036.79,1.39590905,0,0,1773301257032,False,True
0,2036.08,0.0009718,0,0,1773301258042,False,True
0,2035.91,0.14749263,0,0,1773301261220,False,True
0,2036.5,0.04190036,0,0,1773301289792,True,True
0,2036.5,0.0005748,0,0,1773301297092,True,True
0,2036.5,0.02430884,0,0,1773301305717,True,True
0,2036.49,0.04918113,0,0,1773301316211,False,True
0,2036.5,0.14731229,0,0,1773301321749,True,True
0,2036.5,0.00238948,0,0,1773301324677,True,True
0,2036.82,0.4,0,0,1773301331587,False,True
0,2036.82,0.14640552,0,0,1773301333263,False,True
0,2036.82,1.35359448,0,0,1773301333263,False,True
0,2036.98,0.00976999,0,0,1773301337038,True,True
0,2037.31,0.00245422,0,0,1773301348864,True,True
0,2037.12,0.00898295,0,0,1773301354216,False,True
0,2037.2,0.00097124,0,0,1773301364155,False,True
0,2037.1,0.11,0,0,1773301379421,False,True
0,2037.19,0.00104292,0,0,1773301384539,True,True
0,2037.34,0.06187002,0,0,1773301458622,True,True
0,2037.36,0.0120598,0,0,1773301464392,True,True
0,2037.25,0.10900232,0,0,1773301474319,True,True
0,2037.25,0.00143665,0,0,1773301478378,True,True
0,2037.32,0.4,0,0,1773301533344,False,True
0,2037.24,0.37201847,0,0,1773301565620,False,True
0,2036.88,0.0111837,0,0,1773301582518,True,True
0,2036.87,0.00135394,0,0,1773301589374,True,True
0,2036.86,0.0108928,0,0,1773301592062,False,True
0,2036.87,0.00048132,0,0,1773301596774,True,True
0,2036.87,0.39816474,0,0,1773301622836,True,True
0,2037.1,0.00073717,0,0,1773301628335,False,True
0,2037.87,0.00481087,0,0,1773301653949,True,True
0,2038.5,0.4,0,0,1773301684950,False,True
0,2038.61,0.00250041,0,0,1773301715157,True,True
0,2038.67,0.00049107,0,0,1773301715157,True,True
0,2038.65,0.13706661,0,0,1773301737756,True,True
0,2038.65,0.4,0,0,1773301737756,True,True
0,2039.34,0.00063059,0,0,1773301740221,True,True
0,2039.34,0.00399477,0,0,1773301743412,True,True
0,2039.47,0.01899555,0,0,1773301743412,True,True
0,2039.93,0.0009524,0,0,1773301759372,True,True
0,2040.32,0.52493837,0,0,1773301773899,True,True
0,2040.32,0.245,0,0,1773301773904,True,True
0,2040.32,2.1367,0,0,1773301773905,True,True
0,2040.32,0.09336163,0,0,1773301773905,True,True
0,2040.45,0.245,0,0,1773301773905,True,True
0,2040.56,0.09423273,0,0,1773301773905,True,True
0,2040.65,0.09030564,0,0,1773301773905,True,True
0,2040.65,1.77274976,0,0,1773301773907,True,True
0,2040.99,0.0154,0,0,1773301773963,True,True
0,2040.99,2.367e-05,0,0,1773301773965,True,True
0,2040.99,0.3,0,0,1773301774000,True,True
0,2041.39,0.02,0,0,1773301774000,True,True
0,2041.56,3.84178,0,0,1773301774000,True,True
0,2041.57,3.041187,0,0,1773301774000,True,True
0,2040.99,0.607977,0,0,1773301774022,True,True
0,2041.19,0.129,0,0,1773301774823,False,True
0,2041.19,0.4585236,0,0,1773301774823,False,True
0,2041.1,0.3459664,0,0,1773301774823,False,True
0,2041.1,0.049,0,0,1773301774824,False,True
0,2040.59,0.5737,0,0,1773301784110,True,True
0,2040.59,0.4,0,0,1773301785860,False,True
0,2040.59,0.02656259,0,0,1773301787302,False,True
0,2040.59,0.75382062,0,0,1773301791015,False,True
0,2040.59,1.17658748,0,0,1773301794201,False,True
0,2040.59,0.22614618,0,0,1773301794201,False,True
0,2040.6,1.35030119,0,0,1773301797501,False,True
0,2040.32,24.50980392,0,0,1773301802550,True,True
0,2040.31,0.76117139,0,0,1773301803788,False,True
0,2040.31,0.34589074,0,0,1773301803788,False,True
0,2040.31,0.48860265,0,0,1773301803835,False,True
0,2040.31,0.19302186,0,0,1773301803835,False,True
0,2040.31,0.11872681,0,0,1773301803835,False,True
0,2040.31,2.96588875,0,0,1773301803835,False,True
0,2039.64,0.5737,0,0,1773301803850,True,True
0,2039.65,0.57341315,0,0,1773301803857,True,True
0,2039.77,0.00224346,0,0,1773301805281,True,True
0,2039.8,0.38127138,0,0,1773301809802,True,True
0,2039.8,0.5737,0,0,1773301809802,True,True
0,2039.81,2.94155191,0,0,1773301809802,True,True
0,2039.9,1.27607294,0,0,1773301809802,True,True
0,2040.02,6.99093473,0,0,1773301809802,True,True
0,2040.1,4.90263489,0,0,1773301809802,True,True
0,2040.11,0.5875236,0,0,1773301809802,True,True
0,2040.12,0.5737,0,0,1773301809802,True,True
0,2040.18,2.45077112,0,0,1773301809802,True,True
0,2040.19,3.83164335,0,0,1773301809802,True,True
0,2039.67,2.45015654,0,0,1773301816256,True,True
0,2039.66,2.45138895,0,0,1773301820238,True,True
0,2039.66,0.5737,0,0,1773301820238,True,True
0,2039.66,0.48180153,0,0,1773301820238,True,True
0,2039.66,0.58448566,0,0,1773301820238,True,True
0,2039.66,0.52987992,0,0,1773301820238,True,True
0,2039.66,1.27607294,0,0,1773301820238,True,True
0,2039.66,0.5875236,0,0,1773301820238,True,True
0,2039.66,7.12723073,0,0,1773301820238,True,True
0,2039.65,0.47314866,0,0,1773301829166,False,True
0,2038.86,0.05,0,0,1773301831552,False,True
0,2038.83,0.00091774,0,0,1773301832666,False,True
0,2038.69,0.0044503,0,0,1773301836832,True,True
0,2038.6,0.0194358,0,0,1773301844642,False,True
0,2038.51,0.05973919,0,0,1773301844642,False,True
0,2038.25,0.05951592,0,0,1773301853807,True,True
0,2038.15,0.13772225,0,0,1773301862806,True,True
0,2038.01,0.00097058,0,0,1773301868949,False,True
0,2037.99,0.94218681,0,0,1773301871896,False,True
0,2038.07,0.00094976,0,0,1773301895851,True,True
0,2038.01,0.12220475,0,0,1773301909957,True,True
0,2038.0,0.00194977,0,0,1773301917675,False,True
0,2038.01,0.00018475,0,0,1773301923129,True,True
0,2038.07,0.26307068,0,0,1773301923129,True,True
0,2038.07,0.13597956,0,0,1773301923130,True,True
0,2038.33,0.20071859,0,0,1773301923130,True,True
0,2038.5,0.09423273,0,0,1773301923247,True,True
0,2039.44,1.78912993,0,0,1773301927378,True,True
0,2039.44,1.21087007,0,0,1773301927382,True,True
0,2040.73,4.11065402,0,0,1773301936666,False,True
0,2040.73,0.31753022,0,0,1773301936682,False,True
0,2040.73,0.17409217,0,0,1773301936683,False,True
0,2040.73,0.33243056,0,0,1773301936684,False,True
0,2040.73,5.21019221,0,0,1773301936687,False,True
0,2040.73,0.42,0,0,1773301936687,False,True
0,2040.73,1.43265143,0,0,1773301936687,False,True
0,2040.73,0.56734857,0,0,1773301936688,False,True
0,2040.68,0.04900327,0,0,1773301936690,False,True
0,2040.67,0.73489641,0,0,1773301936690,False,True
0,2040.66,1.42078957,0,0,1773301936690,False,True
0,2040.66,0.04900327,0,0,1773301936690,False,True
0,2039.89,0.00124597,0,0,1773301954813,False,True
0,2039.81,0.02756507,0,0,1773301972553,True,True
0,2039.68,0.01698999,0,0,1773301985904,True,True
0,2039.63,0.00134902,0,0,1773301987828,True,True
0,2039.63,0.00480672,0,0,1773301989044,True,True
0,2039.62,0.00109374,0,0,1773301993445,False,True
0,2039.63,0.06928708,0,0,1773301995770,True,True
0,2039.21,2.05103266,0,0,1773302002226,True,True
0,2039.21,0.17137828,0,0,1773302002230,True,True
0,2039.21,0.16452794,0,0,1773302002234,True,True
0,2039.21,0.0810698,0,0,1773302002246,True,True
0,2039.21,0.0810698,0,0,1773302002246,True,True
0,2039.21,0.07931396,0,0,1773302002247,True,True
0,2039.21,0.14001233,0,0,1773302002248,True,True
0,2039.21,0.22952732,0,0,1773302002248,True,True
0,2039.21,0.08313771,0,0,1773302002252,True,True
0,2039.63,0.00095771,0,0,1773302006366,True,True
0,2039.63,0.32494849,0,0,1773302006665,True,True
0,2040.74,0.00095712,0,0,1773302006945,True,True
0,2040.74,0.00104188,0,0,1773302018802,True,True
0,2040.73,0.00107259,0,0,1773302045282,False,True
0,2040.07,0.00094996,0,0,1773302067227,True,True
0,2039.51,0.24500984,0,0,1773302074531,True,True
0,2039.44,0.43820629,0,0,1773302083843,True,True
0,2039.44,1.75922056,0,0,1773302083843,True,True
0,2039.44,0.00113291,0,0,1773302089364,True,True
0,2039.46,0.14731229,0,0,1773302101167,False,True
0,2039.46,0.00083004,0,0,1773302113228,False,True
0,2039.46,0.1103572,0,0,1773302117290,False,True
0,2039.46,0.11730621,0,0,1773302117290,False,True
0,2039.46,0.57069517,0,0,1773302117294,False,True
0,2039.46,1.05349909,0,0,1773302117298,False,True
0,2039.46,0.36983767,0,0,1773302117298,False,True
0,2039.46,0.92430225,0,0,1773302117298,False,True
0,2039.46,0.09165021,0,0,1773302117301,False,True
0,2039.46,0.05935113,0,0,1773302117340,False,True
0,2039.46,1.94064887,0,0,1773302117380,False,True
0,2039.31,0.02403735,0,0,1773302120034,True,True
0,2039.47,0.00285858,0,0,1773302132264,True,True
0,2039.47,0.01358909,0,0,1773302136056,True,True
0,2039.4,0.06704147,0,0,1773302151974,False,True
0,2039.23,2.00585784,0,0,1773302155323,True,True
0,2039.4,0.09807623,0,0,1773302163747,True,True
0,2039.46,0.00149632,0,0,1773302168310,False,True
0,2039.47,0.0064,0,0,1773302207348,True,True
0,2039.47,0.03278864,0,0,1773302219067,True,True
0,2039.46,0.00290325,0,0,1773302220211,False,True
0,2039.46,0.00060458,0,0,1773302221935,False,True
0,2039.47,0.03317703,0,0,1773302264864,True,True
0,2039.47,0.0014358,0,0,1773302269119,True,True
0,2039.47,0.41672377,0,0,1773302281464,True,True
0,2039.47,0.4,0,0,1773302281464,True,True
0,2039.47,0.00058288,0,0,1773302286199,True,True
0,2039.46,0.01012658,0,0,1773302312201,False,True
0,2039.47,0.4,0,0,1773302326104,True,True
0,2040.12,0.00980392,0,0,1773302330119,True,True
0,2040.01,0.10241397,0,0,1773302358706,False,True
0,2040.02,0.01596767,0,0,1773302363213,True,True
0,2040.02,9.603e-05,0,0,1773302370727,True,True
0,2040.04,0.00085579,0,0,1773302370727,True,True
0,2040.04,0.39914421,0,0,1773302372276,True,True
0,2040.49,0.00118612,0,0,1773302381386,True,True
0,2040.74,0.00485167,0,0,1773302400111,True,True
0,2040.74,0.00384328,0,0,1773302400179,True,True
0,2040.74,0.00078091,0,0,1773302400192,True,True
0,2040.74,0.00402319,0,0,1773302400192,True,True
0,2040.74,0.00242583,0,0,1773302400289,True,True
0,2040.74,0.02425833,0,0,1773302400293,True,True
0,2040.73,0.00310031,0,0,1773302401359,False,True
0,2040.74,0.0588022,0,0,1773302407329,True,True
0,2040.74,0.02384517,0,0,1773302421816,True,True
0,2040.74,0.02400371,0,0,1773302423482,True,True
0,2040.74,0.00456863,0,0,1773302426806,True,True
0,2040.74,0.0048041,0,0,1773302436873,True,True
0,2040.74,0.014555,0,0,1773302439032,True,True
0,2040.74,0.10041566,0,0,1773302442407,True,True
0,2040.74,0.4,0,0,1773302442407,True,True
0,2041.39,0.02401286,0,0,1773302443045,True,True
0,2041.65,0.00177942,0,0,1773302444617,True,True
0,2041.5,0.00975037,0,0,1773302454374,True,True
0,2042.0,0.00587659,0,0,1773302466783,True,True
0,2042.08,0.0011647,0,0,1773302466783,True,True
0,2042.45,0.01678543,0,0,1773302466783,True,True
0,2042.45,0.30274748,0,0,1773302477749,True,True
0,2042.56,0.01326669,0,0,1773302477766,True,True
0,2042.81,0.00905198,0,0,1773302509383,True,True
0,2042.8,0.049,0,0,1773302515743,False,True
0,2042.8,0.45746166,0,0,1773302518437,False,True
0,2042.5,0.04025159,0,0,1773302519144,False,True
0,2042.5,0.96794497,0,0,1773302519740,False,True
0,2042.5,1.00819656,0,0,1773302519740,False,True
0,2042.5,1.00819656,0,0,1773302519740,False,True
0,2042.5,1.00819656,0,0,1773302519740,False,True
0,2042.5,1.00819656,0,0,1773302519740,False,True
0,2042.5,1.00819656,0,0,1773302519740,False,True
0,2042.5,1.00819656,0,0,1773302519740,False,True
0,2042.5,1.00819656,0,0,1773302519740,False,True
0,2042.5,1.00819656,0,0,1773302519740,False,True
0,2042.5,1.00819656,0,0,1773302519740,False,True
0,2042.5,1.00819656,0,0,1773302519740,False,True
0,2042.5,1.00819656,0,0,1773302519740,False,True
0,2042.5,1.00819656,0,0,1773302519740,False,True
0,2042.5,1.00819656,0,0,1773302519740,False,True
0,2042.5,1.00819646,0,0,1773302519740,False,True
0,2041.99,0.00979436,0,0,1773302527638,False,True
0,2042.33,0.4,0,0,1773302544742,True,True
0,2042.33,0.01143822,0,0,1773302544742,True,True
0,2042.8,0.00096935,0,0,1773302560533,False,True
0,2042.81,0.0007421,0,0,1773302587992,True,True
0,2043.1,0.00122646,0,0,1773302587992,True,True
0,2042.83,0.00048467,0,0,1773302596035,True,True
0,2043.0,0.4,0,0,1773302609606,True,True
0,2043.19,0.01343364,0,0,1773302624597,True,True
0,2043.52,0.4,0,0,1773302652104,True,True
0,2043.8,0.0717,0,0,1773302652116,True,True
0,2043.8,9.426e-05,0,0,1773302652127,True,True
0,2044.16,0.0741,0,0,1773302652146,True,True
0,2044.16,1.375e-05,0,0,1773302652147,True,True
0,2044.45,0.0404724,0,0,1773302652174,True,True
0,2044.46,0.3595276,0,0,1773302652174,True,True
0,2044.09,0.0026852,0,0,1773302654797,False,True
0,2044.6,0.01532428,0,0,1773302657652,True,True
0,2045.12,0.00484128,0,0,1773302668074,True,True
0,2044.88,0.0132274,0,0,1773302672184,True,True
0,2044.31,0.00385547,0,0,1773302698034,True,True
0,2044.08,0.01587909,0,0,1773302710945,True,True
0,2044.08,0.57164451,0,0,1773302715840,True,True
0,2044.08,3.0,0,0,1773302715840,True,True
0,2044.29,1.0792083,0,0,1773302715843,True,True
0,2044.45,0.00095438,0,0,1773302722126,True,True
0,2044.44,0.00099093,0,0,1773302729599,False,True
0,2044.95,0.4,0,0,1773302744930,False,True
0,2045.12,0.00271435,0,0,1773302749178,True,True
0,2044.99,0.5875236,0,0,1773302756274,True,True
0,2045.17,0.2637836,0,0,1773302756274,True,True
0,2045.24,0.06617776,0,0,1773302756274,True,True
0,2045.01,0.00244498,0,0,1773302762893,True,True
0,2045.0,3.76376531,0,0,1773302763050,False,True
0,2044.44,0.58483545,0,0,1773302767624,False,True
0,2043.74,0.2637836,0,0,1773302768505,True,True
0,2044.4,0.0153293,0,0,1773302769665,True,True
0,2044.2,0.02817618,0,0,1773302771712,True,True
0,2044.27,0.30217557,0,0,1773302771712,True,True
0,2043.89,0.04655522,0,0,1773302777938,False,True
0,2042.89,2.9985,0,0,1773302799550,True,True
0,2042.32,0.44444736,0,0,1773302801087,False,True
0,2042.52,0.00605457,0,0,1773302804324,False,True
0,2042.77,0.19409248,0,0,1773302812182,True,True
0,2041.69,0.0184592,0,0,1773302814999,True,True
0,2041.69,0.09807623,0,0,1773302821037,False,True
0,2041.64,0.00124227,0,0,1773302826292,False,True
0,2041.94,0.5737,0,0,1773302834421,True,True
0,2041.96,1.98593621,0,0,1773302834421,True,True
0,2041.82,0.02751052,0,0,1773302851113,True,True
0,2039.74,0.09795183,0,0,1773302884433,True,True
0,2039.96,0.00629491,0,0,1773302888052,True,True
0,2039.82,0.02856176,0,0,1773302892840,True,True
0,2039.64,0.04760159,0,0,1773302897067,False,True
0,2039.68,0.00949616,0,0,1773302899780,True,True
0,2039.68,0.00477151,0,0,1773302906758,True,True
0,2039.67,1.07324849,0,0,1773302907926,False,True
0,2039.67,0.92675151,0,0,1773302907998,False,True
0,2039.47,0.01669867,0,0,1773302910824,False,True
0,2039.1,0.52667231,0,0,1773302910824,False,True
0,2039.39,0.0014292,0,0,1773302918008,False,True
0,2039.27,0.00166354,0,0,1773302920164,False,True
0,2039.66,0.00138948,0,0,1773302922919,True,True
0,2038.8,0.01595306,0,0,1773302925108,False,True
0,2039.34,0.00576162,0,0,1773302927795,True,True
0,2039.68,0.00906588,0,0,1773302950551,True,True
0,2039.67,0.07951901,0,0,1773302957476,False,True
0,2039.68,0.24513649,0,0,1773302998302,True,True
0,2039.68,0.00071355,0,0,1773303011113,True,True
0,2039.63,0.32996847,0,0,1773303016680,False,True
0,2039.63,0.04902851,0,0,1773303016680,False,True
0,2039.36,0.00657639,0,0,1773303025988,True,True
0,2039.42,0.0012474,0,0,1773303065768,True,True
0,2039.42,0.02688706,0,0,1773303074532,True,True
0,2039.42,0.01511294,0,0,1773303074532,True,True
0,2039.42,0.06349308,0,0,1773303081559,True,True
0,2039.42,0.09067031,0,0,1773303094190,True,True
0,2039.42,0.04795904,0,0,1773303095736,True,True
0,2039.44,0.4,0,0,1773303098398,False,True
0,2039.56,0.06349307,0,0,1773303106392,False,True
0,2039.18,0.00728172,0,0,1773303155551,True,True
0,2039.18,0.13109521,0,0,1773303157410,True,True
0,2039.1,0.34085335,0,0,1773303185153,True,True
0,2038.97,0.04582248,0,0,1773303227727,True,True
0,2038.97,0.35417752,0,0,1773303241220,True,True
0,2040.42,0.0081003,0,0,1773303249338,True,True
0,2040.14,0.4,0,0,1773303249952,False,True
0,2039.91,0.00254815,0,0,1773303276587,False,True
0,2039.99,0.0045031,0,0,1773303296269,True,True
0,2039.74,0.46821447,0,0,1773303311377,False,True
0,2039.07,0.5875236,0,0,1773303364296,True,True
0,2039.21,1.11910353,0,0,1773303364303,True,True
0,2039.21,0.08171629,0,0,1773303364322,True,True
0,2039.21,0.10395934,0,0,1773303364339,True,True
0,2039.21,0.33139492,0,0,1773303364359,True,True
0,2039.21,1.2378703,0,0,1773303364368,True,True
0,2039.35,0.4,0,0,1773303367742,True,True
0,2040.66,1.27607294,0,0,1773303372003,True,True
0,2040.67,0.5875236,0,0,1773303372003,True,True
0,2041.37,0.01322597,0,0,1773303375350,False,True
0,2041.38,0.01381223,0,0,1773303385792,True,True
0,2041.67,0.06267136,0,0,1773303385792,True,True
0,2041.72,0.5875236,0,0,1773303385792,True,True
0,2041.73,0.60045038,0,0,1773303385792,True,True
0,2041.73,0.67562256,0,0,1773303385793,True,True
0,2041.91,0.89493436,0,0,1773303385793,True,True
0,2041.95,0.01781106,0,0,1773303385951,True,True
0,2042.1,0.00882349,0,0,1773303385951,True,True
0,2043.97,0.00264878,0,0,1773303389133,True,True
0,2044.02,0.3,0,0,1773303389133,True,True
0,2044.54,0.3,0,0,1773303389264,True,True
0,2045.46,0.06144045,0,0,1773303390667,True,True
0,2045.49,0.02970526,0,0,1773303390672,True,True
0,2045.55,0.01256263,0,0,1773303390672,True,True
0,2046.24,0.27346967,0,0,1773303395741,False,True
0,2046.11,0.05835247,0,0,1773303411502,True,True
0,2045.19,0.00051861,0,0,1773303420108,True,True
0,2046.91,0.4,0,0,1773303448535,True,True
0,2047.0,0.16856883,0,0,1773303452325,True,True
0,2047.0,0.4,0,0,1773303452325,True,True
0,2048.02,0.00278603,0,0,1773303452596,True,True
0,2048.44,0.5737,0,0,1773303453043,True,True
0,2048.69,0.32051055,0,0,1773303453071,True,True
0,2048.73,0.01904422,0,0,1773303453071,True,True
0,2048.78,0.09414829,0,0,1773303453071,True,True
0,2049.0,0.00819725,0,0,1773303453071,True,True
0,2049.0,0.00400382,0,0,1773303453071,True,True
0,2049.03,0.29251664,0,0,1773303453071,True,True
0,2049.29,0.02,0,0,1773303453164,True,True
0,2049.05,1.6999292,0,0,1773303453257,True,True
0,2049.2,0.0362,0,0,1773303454449,False,True
0,2049.73,0.05,0,0,1773303456749,False,True
0,2049.62,0.00247094,0,0,1773303462968,False,True
0,2048.89,0.001513,0,0,1773303466684,False,True
0,2049.16,0.06522163,0,0,1773303481853,True,True
0,2049.99,0.06511822,0,0,1773303488752,False,True
0,2050.0,0.0109056,0,0,1773303489391,True,True
0,2050.0,14.97346919,0,0,1773303489391,True,True
0,2050.0,18.35349278,0,0,1773303489423,True,True
0,2050.55,0.00174989,0,0,1773303490959,True,True
0,2051.81,0.87391626,0,0,1773303495096,True,True
0,2052.01,0.24592345,0,0,1773303495101,False,True
0,2052.08,0.1,0,0,1773303495113,True,True
0,2052.85,0.2436,0,0,1773303495753,True,True
0,2053.04,0.5875236,0,0,1773303495753,True,True
0,2053.08,0.40641267,0,0,1773303495753,True,True
0,2053.26,1.26246373,0,0,1773303495753,True,True
0,2052.87,0.5737,0,0,1773303496753,True,True
0,2052.93,0.5737,0,0,1773303496753,True,True
0,2053.12,1.3526,0,0,1773303496753,True,True
0,2052.07,0.04870691,0,0,1773303497410,False,True
0,2052.09,1.83463783,0,0,1773303499372,False,True
0,2052.32,0.00852735,0,0,1773303504343,True,True
0,2052.32,0.00482549,0,0,1773303504629,True,True
0,2052.43,0.001957,0,0,1773303506836,True,True
0,2050.15,0.00480448,0,0,1773303524795,True,True
0,2049.74,3.0,0,0,1773303535885,True,True
0,2051.4,0.04536142,0,0,1773303541291,True,True
0,2051.7,0.5737,0,0,1773303542886,False,True
0,2051.66,0.1458823,0,0,1773303542886,False,True
0,2049.69,0.00222154,0,0,1773303553073,False,True
0,2049.47,0.00106286,0,0,1773303571406,True,True
0,2049.27,0.00169419,0,0,1773303574066,False,True
0,2050.3,0.00060357,0,0,1773303589513,False,True
0,2049.87,0.00478151,0,0,1773303600018,True,True
0,2049.7,0.02848541,0,0,1773303606815,False,True
0,2049.7,0.73530466,0,0,1773303606815,False,True
0,2049.46,0.0015431,0,0,1773303611957,False,True
0,2049.46,0.02795671,0,0,1773303613768,False,True
0,2048.3,0.12399465,0,0,1773303628092,True,True
0,2048.3,0.02652731,0,0,1773303628092,True,True
0,2048.3,0.06971547,0,0,1773303630645,True,True
0,2048.66,0.00396947,0,0,1773303637980,True,True
0,2048.19,0.00151677,0,0,1773303643402,True,True
0,2048.42,0.4,0,0,1773303666706,True,True
0,2050.47,0.00206869,0,0,1773303707470,False,True
0,2050.29,0.00710281,0,0,1773303714566,True,True
0,2050.48,0.03936391,0,0,1773303714913,True,True
0,2048.83,0.08021973,0,0,1773303726704,False,True
0,2048.19,0.00448048,0,0,1773303742524,True,True
0,2048.65,0.00481014,0,0,1773303744067,True,True
0,2048.64,1.27607294,0,0,1773303747294,True,True
0,2048.64,0.5875236,0,0,1773303747294,True,True
0,2048.65,0.58469939,0,0,1773303747294,True,True
0,2048.73,0.01168398,0,0,1773303747294,True,True
0,2048.81,1.29295393,0,0,1773303747294,True,True
0,2048.84,0.24538277,0,0,1773303747294,True,True
0,2049.05,1.3999744,0,0,1773303747294,True,True
0,2048.61,0.00528395,0,0,1773303754400,True,True
0,2048.21,0.0019487,0,0,1773303759790,False,True
0,2048.22,0.05666121,0,0,1773303764630,False,True
0,2047.92,0.00259512,0,0,1773303773335,False,True
0,2048.3,0.00378274,0,0,1773303774424,True,True
0,2048.44,3.0,0,0,1773303790474,True,True
0,2048.38,0.45497035,0,0,1773303825531,True,True
0,2048.68,0.4,0,0,1773303856003,False,True
0,2049.51,0.05657874,0,0,1773303893604,True,True
0,2049.82,0.0023368,0,0,1773303917641,True,True
0,2049.82,15.24928123,0,0,1773303917641,True,True
0,2049.94,1.27607294,0,0,1773303917641,True,True
0,2049.94,0.5875236,0,0,1773303917641,True,True
0,2049.95,2.20606556,0,0,1773303917641,True,True
0,2049.96,0.4,0,0,1773303917641,True,True
0,2050.03,6.674,0,0,1773303917641,True,True
0,2050.06,10.23764571,0,0,1773303917641,True,True
0,2050.07,2.43895288,0,0,1773303917641,True,True
0,2050.08,3.46918826,0,0,1773303917641,True,True
0,2050.16,0.09414829,0,0,1773303917641,True,True
0,2050.18,10.52057103,0,0,1773303917641,True,True
0,2049.36,0.47097639,0,0,1773303936337,False,True
0,2048.59,0.02720473,0,0,1773303937519,False,True
0,2048.0,0.9765625,0,0,1773303941157,False,True
0,2047.21,0.00244369,0,0,1773303960052,False,True
0,2047.17,0.09795183,0,0,1773303963552,False,True
0,2047.41,0.04870691,0,0,1773303964583,True,True
0,2047.41,0.02696894,0,0,1773303964583,True,True
0,2046.21,0.00161848,0,0,1773303977577,False,True
0,2047.07,0.06906836,0,0,1773303995117,True,True
0,2046.48,0.00124911,0,0,1773304006373,True,True
0,2046.08,0.04884462,0,0,1773304008353,True,True
0,2046.58,0.07331092,0,0,1773304024311,True,True
0,2046.33,0.0071501,0,0,1773304062115,True,True
0,2046.0,0.00138671,0,0,1773304064286,False,True
0,2046.01,0.007223,0,0,1773304077036,True,True
0,2046.01,0.00243156,0,0,1773304080567,True,True
0,2046.0,0.97613039,0,0,1773304084520,False,True
0,2045.14,0.00120671,0,0,1773304084537,False,True
0,2045.15,7.08555687,0,0,1773304084617,False,True
0,2045.15,4.60344022,0,0,1773304084617,False,True
0,2045.15,2.72920452,0,0,1773304084622,False,True
0,2045.15,0.43092703,0,0,1773304084622,False,True
0,2045.15,0.10360404,0,0,1773304084630,False,True
0,2045.1,1.44978284,0,0,1773304084642,False,True
0,2045.1,0.34670903,0,0,1773304084643,False,True
0,2045.1,0.17473762,0,0,1773304084644,False,True
0,2045.1,0.02877051,0,0,1773304084648,False,True
0,2045.01,0.34670903,0,0,1773304084649,False,True
0,2045.0,0.28351262,0,0,1773304084652,False,True
0,2045.0,0.21661701,0,0,1773304084652,False,True
0,2045.0,0.47786548,0,0,1773304084660,False,True
0,2044.96,0.34196484,0,0,1773304084714,False,True
0,2044.94,3.5,0,0,1773304084714,False,True
0,2044.84,0.02,0,0,1773304084714,False,True
0,2044.26,0.36,0,0,1773304084827,False,True
0,2044.26,0.5737,0,0,1773304084827,False,True
0,2044.25,0.5737,0,0,1773304084827,False,True
0,2044.15,1.2949,0,0,1773304084827,False,True
0,2044.04,0.5737,0,0,1773304084827,False,True
0,2044.0,0.289,0,0,1773304084827,False,True
0,2044.5,0.00489236,0,0,1773304096467,True,True
0,2044.44,0.00106759,0,0,1773304106532,True,True
0,2044.41,0.00511147,0,0,1773304109637,True,True
0,2044.41,0.42311116,0,0,1773304117305,True,True
0,2044.43,0.54070889,0,0,1773304117305,True,True
0,2044.14,0.00978339,0,0,1773304118201,False,True
0,2044.34,0.00094749,0,0,1773304136128,True,True
0,2044.08,0.00257229,0,0,1773304149361,False,True
0,2044.44,0.00122812,0,0,1773304150719,True,True
0,2044.44,0.39877188,0,0,1773304154060,True,True
0,2044.57,3.0,0,0,1773304154176,True,True
0,2044.69,0.00286327,0,0,1773304159373,True,True
0,2044.37,0.00096999,0,0,1773304166996,False,True
0,2044.74,0.16221817,0,0,1773304170016,True,True
0,2044.74,0.0006083,0,0,1773304170129,True,True
0,2044.68,0.02643994,0,0,1773304177412,False,True
0,2044.71,0.00163228,0,0,1773304183450,False,True
0,2044.73,0.02096,0,0,1773304186320,False,True
0,2044.73,0.020696,0,0,1773304189625,False,True
0,2044.73,0.020439,0,0,1773304192946,False,True
0,2044.74,0.00143262,0,0,1773304194305,True,True
0,2044.72,0.020187,0,0,1773304196253,False,True
0,2044.74,0.0009589,0,0,1773304199029,True,True
0,2044.71,0.019942,0,0,1773304199620,False,True
0,2044.67,0.00059608,0,0,1773304204215,True,True
0,2044.66,0.00179737,0,0,1773304217874,False,True
0,2044.67,0.02256423,0,0,1773304219001,True,True
0,2044.67,0.37743577,0,0,1773304219018,True,True
0,2045.39,0.00375563,0,0,1773304228209,True,True
0,2045.55,0.00118467,0,0,1773304231084,False,True
0,2045.74,0.00096842,0,0,1773304244288,False,True
0,2046.37,0.00208007,0,0,1773304255798,False,True
0,2046.78,0.01626946,0,0,1773304258807,True,True
0,2046.62,0.37053339,0,0,1773304266347,False,True
0,2046.71,0.4,0,0,1773304289137,True,True
0,2047.26,0.01488267,0,0,1773304289139,True,True
0,2047.43,0.00345618,0,0,1773304289139,True,True
0,2047.45,0.08375575,0,0,1773304289139,True,True
0,2047.45,0.1020946,0,0,1773304289139,True,True
0,2047.44,0.5875236,0,0,1773304289155,True,True
0,2047.45,2.81414965,0,0,1773304289155,True,True
0,2047.4,1.42064698,0,0,1773304289181,True,True
0,2047.4,0.26890142,0,0,1773304289181,True,True
0,2047.4,0.17847156,0,0,1773304289181,True,True
0,2047.4,1.02988544,0,0,1773304289191,True,True
0,2047.4,0.1020946,0,0,1773304289191,True,True
0,2047.75,0.3,0,0,1773304289284,True,True
0,2047.76,0.34177759,0,0,1773304289284,True,True
0,2047.91,0.04735423,0,0,1773304308491,True,True
0,2047.9,0.09518344,0,0,1773304311227,False,True
0,2045.97,0.00153653,0,0,1773304342736,True,True
0,2045.27,0.00091048,0,0,1773304354618,True,True
0,2045.27,11.13071915,0,0,1773304356221,True,True
0,2045.27,17.76482961,0,0,1773304356222,True,True
0,2045.56,3.0,0,0,1773304356227,True,True
0,2045.63,0.7203,0,0,1773304356227,True,True
0,2045.63,0.3,0,0,1773304356232,True,True
0,2045.63,1.42406622,0,0,1773304356240,True,True
0,2045.65,0.3,0,0,1773304356240,True,True
0,2045.56,3.0,0,0,1773304356251,True,True
0,2045.96,0.09385928,0,0,1773304356264,True,True
0,2045.98,2.44388832,0,0,1773304356264,True,True
0,2045.96,0.3,0,0,1773304356295,True,True
0,2046.57,0.33,0,0,1773304356366,True,True
0,2045.92,0.02947329,0,0,1773304385559,True,True
0,2046.28,0.00160697,0,0,1773304410640,True,True
0,2046.24,0.00139145,0,0,1773304411076,True,True
0,2045.76,0.99877392,0,0,1773304450941,False,True
0,2045.76,0.00262769,0,0,1773304451161,False,True
0,2046.16,0.4,0,0,1773304461186,False,True
0,2046.29,0.0988,0,0,1773304464072,False,True
0,2046.45,0.00097651,0,0,1773304467337,False,True
0,2046.6,0.04757309,0,0,1773304482234,True,True
0,2045.76,0.00107027,0,0,1773304496497,True,True
0,2045.78,0.89,0,0,1773304503483,False,True
0,2045.97,0.02424767,0,0,1773304520642,True,True
0,2045.97,0.00048036,0,0,1773304526074,True,True
0,2045.96,0.00203673,0,0,1773304548656,False,True
0,2045.97,0.0022208,0,0,1773304549011,True,True
0,2046.49,0.4,0,0,1773304562468,False,True
0,2046.38,0.0024432,0,0,1773304568626,True,True
0,2046.18,0.00150123,0,0,1773304570730,False,True
0,2046.39,0.1183903,0,0,1773304576901,True,True
0,2046.28,0.29964021,0,0,1773304625600,False,True
0,2046.44,0.001863,0,0,1773304628558,True,True
0,2046.44,0.02256423,0,0,1773304634575,True,True
0,2046.43,0.5737,0,0,1773304639587,False,True
0,2046.43,1.87402415,0,0,1773304639587,False,True
0,2046.43,1.55227585,0,0,1773304639587,False,True
0,2046.43,0.00108327,0,0,1773304654179,False,True
0,2046.43,0.00148407,0,0,1773304655579,False,True
0,2046.44,0.00836624,0,0,1773304665600,True,True
0,2046.44,0.4,0,0,1773304665600,True,True
0,2047.88,0.02397291,0,0,1773304672500,True,True
0,2047.28,0.01153779,0,0,1773304682025,False,True
0,2047.47,0.00490361,0,0,1773304683419,True,True
0,2047.33,0.00808126,0,0,1773304729269,True,True
0,2047.33,0.00152332,0,0,1773304736662,True,True
0,2047.32,0.07331092,0,0,1773304741686,False,True
0,2047.32,0.44591629,0,0,1773304778931,False,True
0,2046.21,0.02180985,0,0,1773304779567,True,True
0,2046.36,0.00121231,0,0,1773304793734,True,True
0,2046.05,0.16941306,0,0,1773304798984,True,True
0,2045.99,1.90478408,0,0,1773304802311,False,True
0,2045.99,0.07331199,0,0,1773304804156,True,True
0,2045.99,0.00479177,0,0,1773304808690,True,True
0,2045.99,0.51299084,0,0,1773304809156,True,True
0,2045.99,1.27607294,0,0,1773304809156,True,True
0,2045.99,0.5737,0,0,1773304809156,True,True
0,2045.99,0.5875236,0,0,1773304809156,True,True
0,2045.99,1.66091262,0,0,1773304809156,True,True
0,2045.99,0.1649,0,0,1773304820657,True,True
0,2045.98,0.53797631,0,0,1773304835047,False,True
0,2045.96,0.38109738,0,0,1773304835047,False,True
0,2045.6,0.22382969,0,0,1773304835627,False,True
0,2045.37,0.09617031,0,0,1773304835627,False,True
0,2045.37,0.46,0,0,1773304835819,False,True
0,2044.46,0.00474813,0,0,1773304849292,True,True
0,2044.18,0.80367273,0,0,1773304869034,False,True
0,2044.0,0.68947358,0,0,1773304869068,False,True
0,2043.0,0.97895252,0,0,1773304871595,False,True
0,2042.46,0.5737,0,0,1773304871853,True,True
0,2042.45,0.31953291,0,0,1773304874327,False,True
0,2043.0,4.6187,0,0,1773304887200,True,True
0,2042.07,0.00050259,0,0,1773304908659,False,True
0,2042.1,0.00097729,0,0,1773304924181,False,True
0,2042.1,0.00344807,0,0,1773304924903,False,True
0,2042.11,0.00093184,0,0,1773304955855,True,True
0,2042.11,0.20884139,0,0,1773304956405,True,True
0,2042.11,0.19022677,0,0,1773304965756,True,True
0,2042.5,0.7246243,0,0,1773304965756,True,True
0,2042.71,0.4,0,0,1773304966081,False,True
0,2043.76,1.13189326,0,0,1773304994196,True,True
0,2043.73,0.00489526,0,0,1773305006248,True,True
0,2043.74,0.4,0,0,1773305025996,True,True
0,2043.74,4.61855507,0,0,1773305025996,True,True
0,2044.92,0.00560953,0,0,1773305045080,True,True
0,2045.11,0.01922298,0,0,1773305049423,True,True
0,2045.03,0.00247546,0,0,1773305062059,False,True
0,2045.04,0.00186069,0,0,1773305073917,True,True
0,2045.03,4.11698886,0,0,1773305079287,False,True
0,2045.03,0.49342615,0,0,1773305079289,False,True
0,2044.48,0.00189898,0,0,1773305081310,True,True
0,2044.38,0.00557815,0,0,1773305088153,False,True
0,2045.18,0.4,0,0,1773305096942,True,True
0,2046.19,0.00101,0,0,1773305116823,True,True
0,2046.01,0.00161342,0,0,1773305120348,False,True
0,2046.18,0.00248609,0,0,1773305125729,False,True
0,2046.16,0.00047914,0,0,1773305129036,True,True
0,2046.19,0.00958364,0,0,1773305136859,True,True
0,2045.97,0.05975465,0,0,1773305160418,True,True
0,2045.97,4.55304535,0,0,1773305160418,True,True
0,2046.17,0.00357622,0,0,1773305168544,True,True
0,2045.96,0.01679,0,0,1773305175386,False,True
0,2045.96,0.08764603,0,0,1773305190418,False,True
0,2045.96,0.01823335,0,0,1773305203534,False,True
0,2045.96,0.01823335,0,0,1773305203534,False,True
0,2045.96,0.00097821,0,0,1773305214512,False,True
0,2045.96,0.38601466,0,0,1773305221087,False,True
0,2045.0,0.0024434,0,0,1773305225942,False,True
0,2045.61,4.6143,0,0,1773305246440,False,True
0,2045.01,0.009059,0,0,1773305248422,True,True
0,2045.01,0.00733493,0,0,1773305293375,True,True
0,2045.01,0.00247821,0,0,1773305312099,True,True
0,2045.01,0.39752179,0,0,1773305317211,True,True
0,2045.33,4.21827821,0,0,1773305317211,True,True
0,2045.27,0.4,0,0,1773305347819,True,True
0,2046.44,0.00107734,0,0,1773305357669,False,True
0,2046.55,0.0162,0,0,1773305359936,False,True
0,2046.85,0.00238904,0,0,1773305365179,True,True
0,2046.85,0.4,0,0,1773305379348,True,True
0,2047.45,0.04370384,0,0,1773305395071,True,True
0,2047.62,3.0,0,0,1773305395071,True,True
0,2048.02,0.09384461,0,0,1773305395071,True,True
0,2048.4,0.09953048,0,0,1773305400840,True,True
0,2048.05,1.47425155,0,0,1773305411630,False,True
0,2048.05,0.04129191,0,0,1773305411630,False,True
0,2048.05,0.56961916,0,0,1773305411630,False,True
0,2048.05,2.42931141,0,0,1773305411630,False,True
0,2048.05,0.36636746,0,0,1773305411881,False,True
0,2048.05,0.73273493,0,0,1773305412334,False,True
0,2048.05,6.4715862,0,0,1773305412413,False,True
0,2047.3,0.00236871,0,0,1773305429998,False,True
0,2047.31,0.4,0,0,1773305437654,True,True
0,2047.59,0.64723294,0,0,1773305437654,True,True
0,2047.79,0.10369355,0,0,1773305441754,True,True
0,2047.78,0.02601255,0,0,1773305453620,True,True
0,2047.36,0.00236457,0,0,1773305463088,False,True
0,2047.37,0.00488419,0,0,1773305465434,True,True
0,2047.39,0.50423724,0,0,1773305472960,True,True
0,2047.43,3.0,0,0,1773305472960,True,True
0,2047.45,0.00236871,0,0,1773305472960,True,True
0,2047.48,1.10359405,0,0,1773305472960,True,True
0,2047.2,0.00275464,0,0,1773305489101,False,True
0,2047.61,0.00095331,0,0,1773305493354,True,True
0,2047.61,0.00175764,0,0,1773305531113,True,True
0,2047.59,0.0019208,0,0,1773305538654,False,True
0,2047.61,0.39824236,0,0,1773305547491,True,True
0,2048.05,0.02393477,0,0,1773305585382,True,True
0,2048.37,0.4,0,0,1773305622191,False,True
0,2047.52,0.00708414,0,0,1773305672903,False,True
0,2047.76,1.69811057,0,0,1773305698085,False,True
0,2047.77,0.24223423,0,0,1773305703082,True,True
0,2047.89,0.4,0,0,1773305723334,False,True
0,2047.89,0.00194761,0,0,1773305724461,False,True
0,2047.76,0.00096813,0,0,1773305748205,False,True
0,2047.77,0.00165939,0,0,1773305771953,True,True
0,2047.77,0.00474108,0,0,1773305774500,True,True
0,2047.76,0.0858186,0,0,1773305785919,False,True
0,2047.76,0.45767439,0,0,1773305791182,False,True
0,2047.12,0.33058981,0,0,1773305792789,True,True
0,2047.07,0.00952816,0,0,1773305797025,True,True
0,2047.13,3.0,0,0,1773305813205,True,True
0,2047.39,1.6088,0,0,1773305813205,True,True
0,2047.2,0.00274376,0,0,1773305820196,False,True
0,2047.2,0.07331199,0,0,1773305821839,False,True
0,2047.41,0.00186803,0,0,1773305828442,True,True
0,2047.3,0.00196551,0,0,1773305836702,False,True
0,2047.41,0.00196974,0,0,1773305842504,True,True
0,2047.41,0.34058673,0,0,1773305850921,True,True
0,2047.28,0.00259955,0,0,1773305878425,True,True
0,2047.28,0.00256408,0,0,1773305878886,True,True
0,2047.04,0.00325702,0,0,1773305880201,False,True
0,2047.04,0.00270668,0,0,1773305900634,False,True
0,2047.01,0.01357322,0,0,1773305916131,True,True
0,2047.01,3.0,0,0,1773305976496,True,True
0,2047.01,0.4,0,0,1773305976496,True,True
0,2047.49,0.042,0,0,1773305996339,False,True
0,2047.49,0.0024908,0,0,1773306001342,False,True
0,2047.49,2.0,0,0,1773306005881,False,True
0,2047.49,0.11486472,0,0,1773306005881,False,True
0,2047.49,0.58917316,0,0,1773306005881,False,True
0,2047.32,0.00048123,0,0,1773306010042,True,True
0,2047.34,0.00244219,0,0,1773306012396,True,True
0,2047.34,0.01541669,0,0,1773306013593,True,True
0,2047.09,0.00483659,0,0,1773306022778,True,True
0,2047.01,0.01234714,0,0,1773306023489,False,True
0,2047.01,0.01624989,0,0,1773306030138,True,True
0,2047.01,0.039,0,0,1773306039875,True,True
0,2047.01,0.0009626,0,0,1773306047036,True,True
0,2047.0,1.29894479,0,0,1773306047483,False,True
0,2045.9,0.4,0,0,1773306076874,False,True
0,2046.42,0.00260303,0,0,1773306093869,True,True
0,2046.42,0.00180957,0,0,1773306095191,True,True
0,2046.16,0.12035388,0,0,1773306110402,True,True
0,2046.16,0.00106702,0,0,1773306113107,True,True
0,2045.94,0.00307194,0,0,1773306113354,False,True
0,2046.75,0.4,0,0,1773306127346,False,True
0,2046.58,0.0020265,0,0,1773306166395,False,True
0,2046.58,0.00946276,0,0,1773306169563,False,True
0,2046.28,0.01182506,0,0,1773306185375,True,True
0,2046.23,0.00201971,0,0,1773306198723,True,True
0,2046.82,0.06852717,0,0,1773306215585,True,True
0,2046.82,0.33147283,0,0,1773306220394,True,True
0,2047.49,0.09858627,0,0,1773306230370,False,True
0,2047.5,0.00912001,0,0,1773306253911,True,True
0,2047.49,0.54664492,0,0,1773306256446,False,True
0,2047.5,4.48597587,0,0,1773306262131,True,True
0,2047.5,0.70736367,0,0,1773306262140,True,True
0,2047.5,0.4,0,0,1773306262140,True,True
0,2048.41,0.05968115,0,0,1773306262628,True,True
0,2048.46,0.01574464,0,0,1773306262628,True,True
0,2048.69,0.09762336,0,0,1773306263631,True,True
0,2048.68,0.4,0,0,1773306278903,False,True
0,2048.68,0.00193926,0,0,1773306292505,False,True
0,2048.69,0.00157121,0,0,1773306293911,True,True
0,2048.69,0.0018956,0,0,1773306319455,True,True
0,2048.68,0.57505532,0,0,1773306320301,False,True
0,2048.05,0.00995652,0,0,1773306323347,True,True
0,2047.53,0.00196788,0,0,1773306340033,False,True
0,2047.53,0.00155322,0,0,1773306348400,False,True
0,2047.44,0.00485945,0,0,1773306359153,True,True
0,2046.86,0.01078968,0,0,1773306360044,False,True
0,2047.13,0.48526216,0,0,1773306362403,True,True
0,2046.78,4.0,0,0,1773306369981,True,True
0,2046.28,0.09762336,0,0,1773306406831,False,True
0,2045.97,3.0,0,0,1773306428499,True,True
0,2046.45,0.4,0,0,1773306430359,False,True
0,2047.06,0.00540563,0,0,1773306450181,True,True
0,2047.07,0.00157693,0,0,1773306464404,True,True
0,2047.06,0.02,0,0,1773306465512,False,True
0,2047.06,0.00097713,0,0,1773306494882,False,True
0,2047.06,0.00102287,0,0,1773306504419,False,True
0,2045.51,0.00145698,0,0,1773306535251,False,True
0,2045.66,0.00094917,0,0,1773306539064,True,True
0,2045.46,0.00184341,0,0,1773306548523,False,True
0,2045.1,0.00142965,0,0,1773306558178,False,True
0,2045.15,0.04758007,0,0,1773306562491,True,True
0,2045.18,0.17797469,0,0,1773306643824,True,True
0,2045.18,0.11466038,0,0,1773306647746,True,True
0,2045.18,0.4,0,0,1773306647746,True,True
0,2045.18,0.49236523,0,0,1773306647746,True,True
0,2045.18,0.039,0,0,1773306649040,True,True
0,2045.18,0.01167653,0,0,1773306653032,True,True
0,2045.17,0.07860274,0,0,1773306659885,False,True
0,2045.17,0.49485227,0,0,1773306659885,False,True
0,2045.0,0.0548025,0,0,1773306666140,False,True
0,2045.01,0.02427129,0,0,1773306673136,True,True
0,2045.0,0.04758007,0,0,1773306697542,False,True
0,2045.0,0.01986682,0,0,1773306753377,False,True
0,2044.34,0.00475908,0,0,1773306754805,True,True
0,2044.18,0.04025159,0,0,1773306754805,False,True
0,2044.18,0.54374841,0,0,1773306754805,False,True
0,2044.17,0.42419656,0,0,1773306754805,False,True
0,2044.17,0.14950344,0,0,1773306754805,False,True
0,2044.14,0.04892032,0,0,1773306754805,False,True
0,2044.14,0.5737,0,0,1773306754805,False,True
0,2044.13,0.2360728,0,0,1773306754805,False,True
0,2044.13,0.3376272,0,0,1773306754805,False,True
0,2044.1,0.67056936,0,0,1773306754805,False,True
0,2044.1,1.00819656,0,0,1773306754805,False,True
0,2044.1,0.76729483,0,0,1773306754805,False,True
0,2044.09,0.24090173,0,0,1773306754805,False,True
0,2044.09,0.33279827,0,0,1773306754805,False,True
0,2044.08,0.5737,0,0,1773306754805,False,True
0,2044.07,0.10169829,0,0,1773306754805,False,True
0,2044.07,0.48930171,0,0,1773306754805,False,True
0,2044.07,0.16666666,0,0,1773306754805,False,True
0,2044.03,0.35222819,0,0,1773306754805,False,True
0,2044.03,1.00819656,0,0,1773306754805,False,True
0,2044.03,1.00819656,0,0,1773306754805,False,True
0,2044.03,1.00819656,0,0,1773306754805,False,True
0,2044.03,1.00819656,0,0,1773306754805,False,True
0,2044.03,1.00819656,0,0,1773306754805,False,True
0,2044.03,1.00819656,0,0,1773306754805,False,True
0,2044.03,1.00819656,0,0,1773306754805,False,True
0,2044.03,1.00819646,0,0,1773306754805,False,True
0,2044.03,3.76376531,0,0,1773306754805,False,True
0,2044.04,0.07132,0,0,1773306772515,False,True
0,2043.88,0.00902484,0,0,1773306778102,True,True
0,2043.99,0.5737,0,0,1773306800798,False,True
0,2043.99,0.03420884,0,0,1773306800798,False,True
0,2044.0,0.00260716,0,0,1773306804482,True,True
0,2043.99,0.0012338,0,0,1773306807004,False,True
0,2044.0,0.00964013,0,0,1773306808032,True,True
0,2044.0,0.00489265,0,0,1773306808506,True,True
0,2043.71,2.83638531,0,0,1773306849062,True,True
0,2043.72,1.77991469,0,0,1773306849062,True,True
0,2043.31,2.44700044,0,0,1773306854948,False,True
0,2043.28,1.80092019,0,0,1773306854948,False,True
0,2043.28,0.19907981,0,0,1773306854965,False,True
0,2042.69,0.00187201,0,0,1773306865584,True,True
0,2042.6,0.4,0,0,1773306894266,True,True
0,2042.6,2.4695824,0,0,1773306894266,True,True
0,2042.6,4.25063016,0,0,1773306896678,True,True
0,2042.6,2.29472272,0,0,1773306896681,True,True
0,2042.6,0.95078484,0,0,1773306896685,True,True
0,2043.26,0.57605118,0,0,1773306905444,False,True
0,2042.91,0.00259128,0,0,1773306918154,False,True
0,2042.93,0.2871822,0,0,1773306923593,False,True
0,2042.93,1.11249253,0,0,1773306923618,False,True
0,2042.93,1.04779043,0,0,1773306923621,False,True
0,2042.84,4.08733432,0,0,1773306923638,False,True
0,2042.84,0.63333164,0,0,1773306923648,False,True
0,2042.84,0.13390166,0,0,1773306923652,False,True
0,2042.84,0.53506101,0,0,1773306923669,False,True
0,2042.84,0.09699415,0,0,1773306923696,False,True
0,2042.84,3.91798826,0,0,1773306923699,False,True
0,2042.84,0.29295949,0,0,1773306923704,False,True
0,2042.59,0.36,0,0,1773306923863,False,True
0,2042.0,0.97943192,0,0,1773306932622,False,True
0,2041.93,1.4692318,0,0,1773306932622,False,True
0,2041.71,0.39889253,0,0,1773306932676,False,True
0,2041.71,1.60110747,0,0,1773306932734,False,True
0,2041.41,0.00095118,0,0,1773306947212,True,True
0,2041.41,0.39904882,0,0,1773306964718,True,True
0,2041.99,0.09083218,0,0,1773306972120,True,True
0,2041.28,0.04735423,0,0,1773306998324,False,True
0,2041.01,0.0281647,0,0,1773307007595,True,True
0,2041.0,0.12113237,0,0,1773307015413,False,True
0,2041.0,0.85877943,0,0,1773307017974,False,True
0,2040.61,1.2,0,0,1773307018093,False,True
0,2040.72,0.1004139,0,0,1773307021334,True,True
0,2040.72,0.30432599,0,0,1773307030061,True,True
0,2040.99,0.02526774,0,0,1773307031596,False,True
0,2041.0,0.96389176,0,0,1773307043136,True,True
0,2041.0,0.4,0,0,1773307043136,True,True
0,2041.0,0.96389176,0,0,1773307043137,True,True
0,2041.0,0.4,0,0,1773307043137,True,True
0,2041.0,0.56389176,0,0,1773307043137,True,True
0,2041.0,0.8,0,0,1773307043137,True,True
0,2041.0,0.16389176,0,0,1773307043157,True,True
0,2041.0,0.96389176,0,0,1773307043157,True,True
0,2041.0,0.96389176,0,0,1773307043157,True,True
0,2041.0,0.96389176,0,0,1773307043157,True,True
0,2041.0,0.96389176,0,0,1773307043157,True,True
0,2041.0,0.96389176,0,0,1773307043157,True,True
0,2041.0,0.96389176,0,0,1773307043157,True,True
0,2041.0,0.43063194,0,0,1773307043157,True,True
0,2041.0,0.53325982,0,0,1773307043203,True,True
0,2041.0,0.96389176,0,0,1773307043217,True,True
0,2041.0,0.96389176,0,0,1773307043217,True,True
0,2041.0,0.96389176,0,0,1773307043219,True,True
0,2041.0,0.96389173,0,0,1773307043247,True,True
0,2041.68,0.00130284,0,0,1773307117834,True,True
0,2041.68,0.39869716,0,0,1773307119236,True,True
0,2042.0,0.01722533,0,0,1773307124030,True,True
0,2041.66,0.04254622,0,0,1773307134317,True,True
0,2041.66,0.19310979,0,0,1773307178138,False,True
0,2041.66,0.27820021,0,0,1773307178138,False,True
0,2041.67,0.4,0,0,1773307187951,False,True
0,2041.67,0.00235328,0,0,1773307200354,False,True
0,2041.68,0.00058047,0,0,1773307223144,True,True
0,2041.68,0.01939773,0,0,1773307233045,True,True
0,2041.67,0.05083145,0,0,1773307246335,False,True
0,2041.67,0.59950847,0,0,1773307246335,False,True
0,2040.58,0.59233406,0,0,1773307254262,True,True
0,2040.03,0.00094811,0,0,1773307271192,True,True
0,2040.04,0.00300734,0,0,1773307275495,True,True
0,2040.01,0.00095071,0,0,1773307278171,True,True
0,2040.03,0.00142773,0,0,1773307279972,True,True
0,2040.01,0.17798146,0,0,1773307296102,True,True
0,2040.01,0.19375367,0,0,1773307296104,True,True
0,2040.01,0.02826487,0,0,1773307296197,True,True
0,2041.37,0.00141937,0,0,1773307312723,False,True
0,2041.37,0.00165407,0,0,1773307313274,False,True
0,2041.37,0.00145938,0,0,1773307314478,False,True
0,2041.81,0.0012536,0,0,1773307340158,True,True
0,2041.79,0.00245356,0,0,1773307347059,True,True
0,2041.58,0.03138678,0,0,1773307350472,True,True
0,2041.73,0.00130276,0,0,1773307352760,True,True
0,2041.5,0.00096959,0,0,1773307355814,False,True
0,2041.14,2.0,0,0,1773307374666,False,True
0,2040.95,0.10574959,0,0,1773307374716,False,True
0,2040.62,1.2901747,0,0,1773307381152,False,True
0,2040.0,0.05,0,0,1773307388195,False,True
0,2040.0,0.98039215,0,0,1773307388195,False,True
0,2039.55,0.59083961,0,0,1773307388355,False,True
0,2039.0,0.04241836,0,0,1773307390207,False,True
0,2039.0,0.08201978,0,0,1773307390207,False,True
0,2039.0,0.00871941,0,0,1773307390207,False,True
0,2039.0,0.11137357,0,0,1773307390207,False,True
0,2039.0,0.24113142,0,0,1773307390207,False,True
0,2039.0,0.10427336,0,0,1773307390207,False,True
0,2039.0,0.39093707,0,0,1773307390207,False,True
0,2038.72,2.0,0,0,1773307390207,False,True
0,2038.71,0.001,0,0,1773307390207,False,True
0,2038.7,0.001,0,0,1773307390207,False,True
0,2038.69,0.001,0,0,1773307390207,False,True
0,2038.68,0.07185521,0,0,1773307390207,False,True
0,2038.72,0.001,0,0,1773307391827,False,True
0,2038.99,0.001,0,0,1773307393521,False,True
0,2039.01,0.4,0,0,1773307399388,True,True
0,2040.93,2.44985756,0,0,1773307430829,False,True
0,2040.83,2.0,0,0,1773307430829,False,True
0,2040.82,2.0,0,0,1773307430829,False,True
0,2040.82,0.19720285,0,0,1773307430829,False,True
0,2040.81,2.0,0,0,1773307430829,False,True
0,2040.8,2.0,0,0,1773307430829,False,True
0,2040.77,4.91058733,0,0,1773307430829,False,True
0,2041.08,0.02449851,0,0,1773307442366,False,True
0,2041.05,0.06960802,0,0,1773307451074,False,True
0,2041.09,0.04815079,0,0,1773307461875,True,True
0,2041.09,0.35184921,0,0,1773307485159,True,True
0,2041.75,0.35914601,0,0,1773307485159,True,True
0,2041.46,0.01126645,0,0,1773307495621,True,True
0,2041.47,0.00130281,0,0,1773307504358,True,True
0,2041.39,0.04299411,0,0,1773307506471,False,True
0,2041.56,0.00095115,0,0,1773307517818,True,True
0,2041.74,0.4,0,0,1773307544254,True,True
0,2043.7,0.00095011,0,0,1773307550962,True,True
0,2043.7,4.989e-05,0,0,1773307571437,True,True
0,2043.7,0.0018067,0,0,1773307571437,True,True
0,2043.7,0.00208075,0,0,1773307571547,True,True
0,2043.69,0.00167214,0,0,1773307581052,False,True
0,2043.69,0.6601248,0,0,1773307615223,False,True
0,2043.4,0.8198752,0,0,1773307615223,False,True
0,2043.55,14.36181041,0,0,1773307619212,False,True
0,2043.14,0.36,0,0,1773307619229,False,True
0,2041.74,2.0,0,0,1773307626019,False,True
0,2041.2,0.001,0,0,1773307628738,False,True
0,2041.19,0.001,0,0,1773307628738,False,True
0,2041.18,0.001,0,0,1773307628738,False,True
0,2041.15,1.86363871,0,0,1773307628738,False,True
0,2041.15,0.58595599,0,0,1773307628739,False,True
0,2040.69,2.0,0,0,1773307628748,False,True
0,2040.56,0.4525947,0,0,1773307628748,False,True
0,2041.01,0.02090039,0,0,1773307628755,True,True
0,2040.69,0.02912967,0,0,1773307628815,False,True
0,2040.69,0.02912967,0,0,1773307628839,False,True
0,2040.69,0.00815288,0,0,1773307628870,False,True
0,2040.69,1.93358778,0,0,1773307628875,False,True
0,2040.28,0.01475213,0,0,1773307628965,True,True
0,2040.27,0.00707761,0,0,1773307628979,True,True
0,2040.0,8.80280132,0,0,1773307631412,False,True
0,2040.0,1.39719868,0,0,1773307631412,False,True
0,2039.48,2.0,0,0,1773307631512,False,True
0,2040.05,0.4,0,0,1773307657283,True,True
0,2040.66,1.5,0,0,1773307685483,False,True
0,2040.69,0.00106571,0,0,1773307686477,False,True
0,2040.69,0.00214865,0,0,1773307709722,True,True
0,2040.69,0.39785135,0,0,1773307716836,True,True
0,2041.36,0.00142566,0,0,1773307727245,False,True
0,2041.36,0.09815148,0,0,1773307730518,False,True
0,2041.74,0.00239256,0,0,1773307751352,False,True
0,2041.75,0.15872424,0,0,1773307755876,True,True
0,2041.27,0.00236059,0,0,1773307794571,False,True
0,2041.75,0.4,0,0,1773307814280,True,True
0,2042.03,1.9223,0,0,1773307814290,True,True
0,2042.03,1.0777,0,0,1773307814292,True,True
0,2042.24,0.73448762,0,0,1773307814296,True,True
0,2042.29,0.001,0,0,1773307814306,True,True
0,2042.3,0.001,0,0,1773307814306,True,True
0,2042.31,0.001,0,0,1773307814306,True,True
0,2042.37,0.73444087,0,0,1773307814306,True,True
0,2042.68,0.001,0,0,1773307815727,True,True
0,2043.23,0.11357658,0,0,1773307815727,True,True
0,2043.28,0.01598775,0,0,1773307820526,True,True
0,2043.17,0.0025861,0,0,1773307830229,False,True
0,2042.91,0.00446638,0,0,1773307844725,True,True
0,2042.91,0.00096453,0,0,1773307849033,True,True
0,2042.9,0.66573165,0,0,1773307852494,False,True
0,2042.9,0.05049896,0,0,1773307852494,False,True
0,2042.33,1.192048,0,0,1773307852507,False,True
0,2042.33,0.04729153,0,0,1773307852519,False,True
0,2042.33,0.62960753,0,0,1773307852522,False,True
0,2041.74,0.03428448,0,0,1773307854986,False,True
0,2041.55,0.05400674,0,0,1773307855004,True,True
0,2040.82,0.07846588,0,0,1773307863884,False,True
0,2040.82,0.10704319,0,0,1773307863884,False,True
0,2040.82,0.06240468,0,0,1773307863884,False,True
0,2040.82,1.14353577,0,0,1773307863885,False,True
0,2040.82,0.32557406,0,0,1773307863900,False,True
0,2039.8,0.00118442,0,0,1773307871807,False,True
0,2040.53,3.0,0,0,1773307880904,True,True
0,2040.71,0.73503829,0,0,1773307880953,True,True
0,2041.77,0.00510029,0,0,1773307895509,True,True
0,2041.75,0.0244888,0,0,1773307900035,True,True
0,2041.74,0.00480172,0,0,1773307903808,True,True
0,2041.72,0.44517061,0,0,1773307915234,True,True
0,2041.72,0.0446389,0,0,1773307915250,True,True
0,2041.77,0.44511784,0,0,1773307915250,True,True
0,2041.77,2.54978187,0,0,1773307915250,True,True
0,2041.77,0.4,0,0,1773307915250,True,True
0,2041.83,0.48975674,0,0,1773307915251,True,True
0,2042.33,0.06007821,0,0,1773307936454,True,True
0,2042.61,0.83239078,0,0,1773307943557,False,True
0,2042.62,0.4,0,0,1773307957181,True,True
0,2042.71,0.40375502,0,0,1773307957181,True,True
0,2043.09,0.00117085,0,0,1773307981273,True,True
0,2042.69,0.0237611,0,0,1773307998703,True,True
0,2042.27,0.55694689,0,0,1773308004842,False,True
0,2041.27,0.02224884,0,0,1773308010095,False,True
0,2041.84,0.00194476,0,0,1773308018149,False,True
0,2041.83,0.19576038,0,0,1773308027053,False,True
0,2041.45,0.00706537,0,0,1773308045285,True,True
0,2041.44,0.17895047,0,0,1773308063754,False,True
0,2041.42,0.00143023,0,0,1773308090099,True,True
0,2041.42,0.00145281,0,0,1773308108596,True,True
0,2041.42,0.39854719,0,0,1773308108840,True,True
0,2041.79,0.01064496,0,0,1773308115743,False,True
0,2041.35,0.00203621,0,0,1773308138854,False,True
0,2041.16,0.14993804,0,0,1773308139771,False,True
0,2041.16,0.55072783,0,0,1773308139774,False,True
0,2041.11,1.96894769,0,0,1773308139774,False,True
0,2041.11,0.03105231,0,0,1773308139782,False,True
0,2040.49,0.00164201,0,0,1773308147083,False,True
0,2040.52,0.4,0,0,1773308175867,True,True
0,2041.41,0.00507629,0,0,1773308207144,False,True
0,2041.42,0.00457757,0,0,1773308220023,True,True
0,2041.42,0.4,0,0,1773308220023,True,True
0,2042.08,0.18906617,0,0,1773308255777,True,True
0,2042.08,1.27607294,0,0,1773308255777,True,True
0,2042.25,2.83638531,0,0,1773308255777,True,True
0,2042.26,0.32127558,0,0,1773308255777,True,True
0,2042.2,0.09484909,0,0,1773308259282,True,True
0,2042.17,0.00359611,0,0,1773308268819,False,True
0,2042.39,0.00121857,0,0,1773308282377,False,True
0,2042.74,0.4,0,0,1773308298405,False,True
0,2042.87,0.0475236,0,0,1773308308341,True,True
0,2043.45,0.03748395,0,0,1773308345926,False,True
0,2043.7,0.04784739,0,0,1773308346929,True,True
0,2043.92,0.7338839,0,0,1773308346942,True,True
0,2044.07,0.4,0,0,1773308348781,False,True
0,2044.17,0.00434157,0,0,1773308349159,False,True
0,2043.7,0.25260186,0,0,1773308363705,False,True
0,2043.93,0.0020926,0,0,1773308372590,True,True
0,2043.79,0.00097916,0,0,1773308376964,False,True
0,2043.92,0.01037286,0,0,1773308400052,True,True
0,2043.91,2.03907593,0,0,1773308402299,False,True
0,2043.91,0.22623468,0,0,1773308406111,False,True
0,2043.92,0.00154377,0,0,1773308407946,True,True
0,2043.92,0.39845623,0,0,1773308419543,True,True
0,2043.92,0.0425361,0,0,1773308419543,True,True
0,2044.18,0.00411577,0,0,1773308419676,True,True
0,2044.49,0.0040023,0,0,1773308419785,True,True
0,2045.39,0.01291853,0,0,1773308423826,True,True
0,2045.97,0.96389176,0,0,1773308423827,True,True
0,2045.97,0.96389176,0,0,1773308423827,True,True
0,2045.97,0.4,0,0,1773308423827,True,True
0,2045.97,0.56389176,0,0,1773308423827,True,True
0,2045.97,0.10832472,0,0,1773308423827,True,True
0,2046.44,0.5737,0,0,1773308423827,True,True
0,2046.52,0.11797528,0,0,1773308423827,True,True
0,2046.52,0.16389176,0,0,1773308423827,True,True
0,2046.52,0.96389176,0,0,1773308423827,True,True
0,2046.52,0.41466139,0,0,1773308423827,True,True
0,2046.62,0.54923037,0,0,1773308423827,True,True
0,2046.62,0.34541655,0,0,1773308423827,True,True
0,2046.65,0.5737,0,0,1773308423827,True,True
0,2046.71,0.04477521,0,0,1773308423827,True,True
0,2046.71,0.96389176,0,0,1773308423827,True,True
0,2046.71,0.96389176,0,0,1773308423827,True,True
0,2046.71,0.96389176,0,0,1773308423827,True,True
0,2046.71,0.43063194,0,0,1773308423827,True,True
0,2046.71,0.53325982,0,0,1773308423827,True,True
0,2046.71,0.96389176,0,0,1773308423827,True,True
0,2046.71,0.96389176,0,0,1773308423827,True,True
0,2046.71,0.96389176,0,0,1773308423827,True,True
0,2046.71,0.96389173,0,0,1773308423827,True,True
0,2045.64,0.44021429,0,0,1773308437358,True,True
0,2046.38,0.09723972,0,0,1773308442093,True,True
0,2046.18,0.4,0,0,1773308467689,True,True
0,2047.31,0.0558515,0,0,1773308493752,True,True
0,2047.53,0.73258999,0,0,1773308493752,True,True
0,2047.74,3.21155851,0,0,1773308493752,True,True
0,2047.85,0.00239371,0,0,1773308511384,True,True
0,2047.85,0.03132277,0,0,1773308511854,True,True
0,2047.85,0.36628352,0,0,1773308512379,True,True
0,2048.69,0.21844274,0,0,1773308526307,True,True
0,2048.98,0.02010101,0,0,1773308526457,True,True
0,2049.93,0.09756216,0,0,1773308526465,False,True
0,2050.41,0.4,0,0,1773308550540,False,True
0,2050.79,0.01219457,0,0,1773308591773,True,True
0,2050.69,0.00186066,0,0,1773308594780,True,True
0,2050.69,0.0007058,0,0,1773308594993,True,True
0,2050.68,0.4,0,0,1773308617511,True,True
0,2051.0,4.37992857,0,0,1773308618127,True,True
0,2051.0,3.20630735,0,0,1773308618506,True,True
0,2051.0,0.14358218,0,0,1773308618507,True,True
0,2051.0,1.85511931,0,0,1773308618507,True,True
0,2051.0,0.16233178,0,0,1773308618507,True,True
0,2051.0,0.46787762,0,0,1773308618507,True,True
0,2052.33,0.11032228,0,0,1773308618958,False,True
0,2052.53,0.04175855,0,0,1773308620540,True,True
0,2052.59,0.0399,0,0,1773308620540,True,True
0,2052.68,0.65421813,0,0,1773308620540,True,True
0,2051.84,0.029,0,0,1773308628793,False,True
0,2051.66,0.00489265,0,0,1773308630177,False,True
0,2052.75,0.5899359,0,0,1773308634480,False,True
0,2052.76,0.02008927,0,0,1773308642101,True,True
0,2053.65,3.0,0,0,1773308642365,True,True
0,2053.71,0.00711819,0,0,1773308642370,True,True
0,2054.22,1.57894988,0,0,1773308642394,True,True
0,2054.22,0.15292295,0,0,1773308642406,True,True
0,2054.22,1.26812717,0,0,1773308642406,True,True
0,2054.52,0.019703,0,0,1773308642428,True,True
0,2054.52,0.019703,0,0,1773308642428,True,True
0,2054.52,0.019703,0,0,1773308642428,True,True
0,2054.52,0.019703,0,0,1773308642428,True,True
0,2054.52,0.019703,0,0,1773308642428,True,True
0,2054.52,0.019703,0,0,1773308642428,True,True
0,2054.52,0.019703,0,0,1773308642428,True,True
0,2054.58,0.1,0,0,1773308642428,True,True
0,2054.93,0.32254333,0,0,1773308642447,True,True
0,2054.96,0.31855966,0,0,1773308642447,True,True
0,2055.0,14.62514784,0,0,1773308642447,True,True
0,2054.92,0.15,0,0,1773308642520,True,True
0,2054.92,0.15,0,0,1773308642520,True,True
0,2055.28,2.68610392,0,0,1773308642961,False,True
0,2055.29,0.61160525,0,0,1773308642995,False,True
0,2055.48,0.02690272,0,0,1773308643384,True,True
0,2055.66,0.02237507,0,0,1773308643398,True,True
0,2055.83,3.0,0,0,1773308643432,True,True
0,2056.82,0.57253294,0,0,1773308643855,True,True
0,2056.82,0.5737,0,0,1773308643855,True,True
0,2056.84,0.03810547,0,0,1773308643855,True,True
0,2056.92,0.04549584,0,0,1773308643855,True,True
0,2057.15,0.5737,0,0,1773308643855,True,True
0,2057.36,0.5737,0,0,1773308643855,True,True
0,2057.37,0.09403534,0,0,1773308643855,True,True
0,2057.5,0.02873041,0,0,1773308643855,True,True
0,2056.02,0.00488332,0,0,1773308644776,False,True
0,2056.25,1.0,0,0,1773308644857,True,True
0,2056.03,0.24925427,0,0,1773308644857,False,True
0,2056.02,0.23935573,0,0,1773308644857,False,True
0,2056.02,0.24689567,0,0,1773308644857,False,True
0,2056.25,0.53338426,0,0,1773308644881,True,True
0,2056.03,0.00492764,0,0,1773308645935,False,True
0,2056.99,3.0,0,0,1773308647544,True,True
0,2057.51,0.09403534,0,0,1773308647610,True,True
0,2057.54,0.24331289,0,0,1773308647611,True,True
0,2057.54,0.48568711,0,0,1773308647611,True,True
0,2057.97,0.01131425,0,0,1773308647674,False,True
0,2057.98,0.02429566,0,0,1773308647955,True,True
0,2058.01,0.00115568,0,0,1773308647955,True,True
0,2058.99,0.5737,0,0,1773308648855,True,True
0,2059.0,0.4263,0,0,1773308648855,True,True
0,2059.0,1.0,0,0,1773308648855,True,True
0,2059.0,1.0,0,0,1773308648855,True,True
0,2058.99,0.50392586,0,0,1773308649858,True,True
0,2058.99,0.49607414,0,0,1773308649858,True,True
0,2058.99,0.4,0,0,1773308651362,False,True
0,2059.0,17.5737,0,0,1773308652455,True,True
0,2059.0,0.0075,0,0,1773308652455,True,True
0,2059.12,3.0,0,0,1773308652455,True,True
0,2059.19,0.13731361,0,0,1773308652459,False,True
0,2059.19,0.0012,0,0,1773308652459,False,True
0,2059.41,0.00489236,0,0,1773308652822,False,True
0,2059.42,0.02949981,0,0,1773308652890,True,True
0,2059.56,0.04932963,0,0,1773308652890,True,True
0,2060.0,0.01005726,0,0,1773308652890,True,True
0,2060.0,0.83883981,0,0,1773308652890,True,True
0,2060.03,0.0016589,0,0,1773308652936,True,True
0,2060.4,0.00706856,0,0,1773308652997,True,True
0,2060.41,0.5737,0,0,1773308655977,True,True
0,2060.42,13.30602781,0,0,1773308655977,True,True
0,2060.63,0.13797618,0,0,1773308657330,True,True
0,2060.36,0.00205721,0,0,1773308657844,True,True
0,2060.23,1.0,0,0,1773308668541,True,True
0,2061.24,0.31758769,0,0,1773308668885,True,True
0,2061.39,0.00237155,0,0,1773308669858,True,True
0,2061.39,0.09577832,0,0,1773308670394,True,True
0,2062.45,0.01337748,0,0,1773308672080,True,True
0,2061.93,3.07147672,0,0,1773308674525,False,True
0,2061.9,0.07244172,0,0,1773308683057,True,True
0,2062.02,0.48494489,0,0,1773308687799,False,True
0,2062.02,0.64694837,0,0,1773308687799,False,True
0,2062.61,1.5,0,0,1773308689870,True,True
0,2062.21,0.06932216,0,0,1773308692512,True,True
0,2062.0,0.00184225,0,0,1773308693970,False,True
0,2062.01,0.00537497,0,0,1773308698929,True,True
0,2062.01,0.11555834,0,0,1773308699668,True,True
0,2062.0,0.96993209,0,0,1773308700136,False,True
0,2062.0,9.16638986,0,0,1773308700137,False,True
0,2062.0,0.52893085,0,0,1773308700139,False,True
0,2062.01,0.4,0,0,1773308705568,True,True
0,2062.89,0.0344073,0,0,1773308705885,True,True
0,2062.89,0.00104568,0,0,1773308705885,True,True
0,2063.44,0.11283578,0,0,1773308706077,False,True
0,2064.21,0.00711046,0,0,1773308706658,False,True
0,2064.25,0.07108327,0,0,1773308706892,True,True
0,2064.24,0.0098718,0,0,1773308706896,False,True
0,2064.52,0.43473018,0,0,1773308707176,True,True
0,2064.6,0.07337995,0,0,1773308707176,True,True
0,2064.8,0.0017378,0,0,1773308707177,True,True
0,2064.94,0.48425681,0,0,1773308707177,True,True
0,2065.53,0.005997,0,0,1773308707269,False,True
0,2065.83,0.5737,0,0,1773308707862,True,True
0,2065.84,0.00150886,0,0,1773308707862,True,True
0,2065.84,0.42479114,0,0,1773308707862,True,True
0,2065.35,0.00161585,0,0,1773308708406,True,True
0,2065.29,0.06032535,0,0,1773308710225,False,True
0,2065.29,0.01923797,0,0,1773308710231,False,True
0,2065.52,0.4849637,0,0,1773308710974,True,True
0,2065.41,2.0,0,0,1773308712889,False,True
0,2065.3,0.550875,0,0,1773308712903,False,True
0,2065.3,0.550875,0,0,1773308712903,False,True
0,2065.3,0.89825,0,0,1773308712905,False,True
0,2065.18,0.00545,0,0,1773308712905,False,True
0,2065.18,0.545425,0,0,1773308712907,False,True
0,2064.36,1.1466876,0,0,1773308712923,False,True
0,2063.26,0.08601258,0,0,1773308715581,True,True
0,2063.26,0.27398742,0,0,1773308715581,True,True
0,2063.48,0.55903418,0,0,1773308715581,True,True
0,2063.48,0.10264827,0,0,1773308715581,True,True
0,2062.11,0.01996149,0,0,1773308716339,False,True
0,2062.33,0.43060923,0,0,1773308720088,False,True
0,2063.61,0.00969927,0,0,1773308726652,True,True
0,2063.23,0.00969927,0,0,1773308728174,True,True
0,2062.0,3.0,0,0,1773308732146,True,True
0,2062.61,0.00276135,0,0,1773308732498,True,True
0,2062.44,0.00838402,0,0,1773308734557,True,True
0,2062.0,0.0983299,0,0,1773308743945,False,True
0,2062.0,1.76331359,0,0,1773308743945,False,True
0,2062.0,0.13835651,0,0,1773308743945,False,True
0,2061.41,1.84562774,0,0,1773308744831,False,True
0,2061.01,0.4,0,0,1773308758083,True,True
0,2061.51,0.0299885,0,0,1773308760082,False,True
0,2061.0,0.07547103,0,0,1773308761403,False,True
0,2061.0,0.01960039,0,0,1773308765326,False,True
0,2061.0,1.20848043,0,0,1773308771376,False,True
0,2061.0,1.20848043,0,0,1773308771376,False,True
0,2061.0,0.09507142,0,0,1773308771377,False,True
0,2061.0,1.11340901,0,0,1773308771377,False,True
0,2061.0,0.01272867,0,0,1773308771383,False,True
0,2061.0,0.17741417,0,0,1773308771983,False,True
0,2061.0,1.30355185,0,0,1773308771983,False,True
0,2061.0,1.30355185,0,0,1773308771983,False,True
0,2061.0,1.30355185,0,0,1773308771983,False,True
0,2061.0,1.30355185,0,0,1773308771983,False,True
0,2061.0,0.32219844,0,0,1773308771983,False,True
0,2061.0,0.78979296,0,0,1773308772803,False,True
0,2061.0,0.19156045,0,0,1773308772815,False,True
0,2061.0,0.13848964,0,0,1773308772818,False,True
0,2061.0,1.16506221,0,0,1773308772818,False,True
0,2061.0,1.16506221,0,0,1773308772818,False,True
0,2061.0,0.13848964,0,0,1773308772818,False,True
0,2061.0,1.02657257,0,0,1773308772818,False,True
0,2061.0,0.27697928,0,0,1773308772825,False,True
0,2061.0,0.27697928,0,0,1773308772826,False,True
0,2061.0,0.27697928,0,0,1773308772826,False,True
0,2061.0,0.74959329,0,0,1773308772829,False,True
0,2061.0,0.74959329,0,0,1773308772829,False,True
0,2061.0,0.55395856,0,0,1773308772829,False,True
0,2061.0,0.19563473,0,0,1773308772829,False,True
0,2061.0,1.10791712,0,0,1773308772833,False,True
0,2061.0,1.10791712,0,0,1773308772833,False,True
0,2061.0,0.19563459,0,0,1773308772833,False,True
0,2058.7,0.08901248,0,0,1773308797989,False,True
0,2058.1,0.01422124,0,0,1773308813029,True,True
0,2057.58,2.0,0,0,1773308816959,False,True
0,2056.03,0.02940107,0,0,1773308830429,False,True
0,2055.09,0.001,0,0,1773308833712,False,True
0,2054.52,0.00580084,0,0,1773308833829,False,True
0,2054.52,0.01366816,0,0,1773308836466,False,True
0,2053.98,0.01598775,0,0,1773308844767,False,True
0,2053.09,2.0,0,0,1773308850251,False,True
0,2053.07,1.0,0,0,1773308853211,False,True
0,2053.0,0.08630784,0,0,1773308856949,False,True
0,2053.0,1.0,0,0,1773308856949,False,True
0,2053.07,1.0,0,0,1773308865501,False,True
0,2052.95,3.0,0,0,1773308866313,True,True
0,2052.95,3.0,0,0,1773308866346,True,True
0,2052.41,0.001,0,0,1773308868955,False,True
0,2053.08,0.4,0,0,1773308881058,True,True
0,2052.41,0.001,0,0,1773308894058,False,True
0,2052.4,0.001,0,0,1773308894100,False,True
0,2050.52,1.53120202,0,0,1773308899938,False,True
0,2050.52,0.46879798,0,0,1773308899939,False,True
0,2050.22,0.001,0,0,1773308899971,False,True
0,2050.21,0.001,0,0,1773308899971,False,True
0,2049.99,0.73155718,0,0,1773308899971,False,True
0,2049.9,0.00487828,0,0,1773308899971,False,True
0,2050.25,2.0,0,0,1773308900028,False,True
0,2050.07,0.00292681,0,0,1773308907108,False,True
0,2050.51,0.4,0,0,1773308910439,True,True
0,2050.64,0.001,0,0,1773308910439,True,True
0,2050.65,0.001,0,0,1773308910439,True,True
0,2050.66,0.001,0,0,1773308910439,True,True
0,2052.13,0.00106042,0,0,1773308925554,True,True
0,2053.08,0.001,0,0,1773308931740,True,True
0,2053.09,0.0002,0,0,1773308931740,True,True
0,2053.18,3.0,0,0,1773308944405,True,True
0,2053.8,0.0008,0,0,1773308945332,True,True
0,2054.39,0.00123974,0,0,1773308966394,True,True
0,2054.07,0.00233993,0,0,1773309004198,True,True
0,2054.06,0.22647316,0,0,1773309030454,False,True
0,2054.06,0.00210052,0,0,1773309040651,False,True
0,2054.07,0.00187233,0,0,1773309045287,True,True
0,2054.07,0.2129434,0,0,1773309052849,True,True
0,2054.07,0.4,0,0,1773309052849,True,True
0,2054.65,0.4,0,0,1773309068855,True,True
0,2055.24,0.00142807,0,0,1773309074742,False,True
0,2055.35,0.09730325,0,0,1773309075243,True,True
0,2055.22,0.01647203,0,0,1773309099054,False,True
0,2055.22,0.01647203,0,0,1773309099054,False,True
0,2055.22,0.59710496,0,0,1773309101747,False,True
0,2054.97,0.00263277,0,0,1773309110951,True,True
0,2054.97,0.10573722,0,0,1773309118741,True,True
0,2054.97,0.4,0,0,1773309122826,True,True
0,2055.65,0.00156308,0,0,1773309124998,True,True
0,2055.64,0.27105217,0,0,1773309126118,False,True
0,2055.65,0.00118078,0,0,1773309147410,True,True
0,2055.65,0.02,0,0,1773309151468,True,True
0,2054.96,0.31758769,0,0,1773309178738,False,True
0,2054.53,1.3847498,0,0,1773309184643,True,True
0,2054.62,0.001659,0,0,1773309190673,False,True
0,2054.62,2.43188102,0,0,1773309191948,False,True
0,2054.62,0.22158433,0,0,1773309191948,False,True
0,2055.14,0.21888305,0,0,1773309204957,False,True
0,2055.33,0.4,0,0,1773309206817,False,True
0,2055.56,0.1,0,0,1773309222164,False,True
0,2056.44,0.00598952,0,0,1773309241181,True,True
0,2056.42,2.43140992,0,0,1773309242668,False,True
0,2056.42,7.07153363,0,0,1773309242668,False,True
0,2056.37,12.15734469,0,0,1773309242668,False,True
0,2056.23,0.36,0,0,1773309242701,False,True
0,2055.92,0.00047225,0,0,1773309242905,True,True
0,2055.92,0.00836801,0,0,1773309246622,True,True
0,2055.92,0.00224213,0,0,1773309246741,True,True
0,2055.71,0.00242379,0,0,1773309248294,True,True
0,2055.71,0.00070156,0,0,1773309260532,True,True
0,2055.56,0.72972815,0,0,1773309270337,True,True
0,2055.71,0.39929844,0,0,1773309270337,True,True
0,2055.75,0.02131207,0,0,1773309270337,True,True
0,2055.41,0.00099069,0,0,1773309281589,False,True
0,2055.66,0.0103781,0,0,1773309322787,True,True
0,2055.65,0.00720687,0,0,1773309368274,False,True
0,2055.65,0.79485805,0,0,1773309375240,False,True
0,2054.91,0.20152641,0,0,1773309376863,True,True
0,2054.93,0.32536208,0,0,1773309376863,True,True
0,2054.52,0.00096332,0,0,1773309379450,False,True
0,2054.55,0.00104356,0,0,1773309383212,False,True
0,2054.52,0.0024707,0,0,1773309386473,False,True
0,2054.78,0.02038642,0,0,1773309388244,True,True
0,2054.56,0.00243335,0,0,1773309397437,True,True
0,2054.77,0.00259803,0,0,1773309420205,False,True
0,2054.78,0.00357137,0,0,1773309430001,True,True
0,2054.77,0.00464685,0,0,1773309431292,False,True
0,2054.78,0.39642863,0,0,1773309436540,True,True
0,2055.35,0.2235721,0,0,1773309436540,True,True
0,2055.4,3.0,0,0,1773309436540,True,True
0,2055.46,1.51096255,0,0,1773309436540,True,True
0,2055.48,0.00320449,0,0,1773309447134,False,True
0,2055.88,0.4,0,0,1773309459232,False,True
0,2056.0,3.0,0,0,1773309467971,True,True
0,2056.2,0.07139022,0,0,1773309467971,True,True
0,2056.21,0.58486476,0,0,1773309467971,True,True
0,2056.25,9.29659487,0,0,1773309467971,True,True
0,2056.36,0.09318658,0,0,1773309467971,True,True
0,2056.44,2.43139238,0,0,1773309467971,True,True
0,2056.48,12.15673958,0,0,1773309467971,True,True
0,2056.5,19.67476094,0,0,1773309467971,True,True
0,2056.51,0.3,0,0,1773309467971,True,True
0,2056.55,0.5737,0,0,1773309467971,True,True
0,2056.56,7.986,0,0,1773309467971,True,True
0,2056.57,43.77627566,0,0,1773309467971,True,True
0,2056.58,17.14610337,0,0,1773309467971,True,True
0,2056.2,0.00094213,0,0,1773309469472,True,True
0,2056.19,0.02209532,0,0,1773309472778,False,True
0,2056.2,0.01430394,0,0,1773309477029,True,True
0,2056.2,0.01402611,0,0,1773309500382,True,True
0,2055.15,0.4,0,0,1773309522143,True,True
0,2056.32,0.00233919,0,0,1773309524788,True,True
0,2055.65,0.00290042,0,0,1773309531787,False,True
0,2056.7,0.00096353,0,0,1773309563032,False,True
0,2056.35,0.018051,0,0,1773309564701,True,True
0,2056.08,0.00476789,0,0,1773309592342,True,True
0,2055.74,0.1,0,0,1773309596787,False,True
0,2055.93,0.0075893,0,0,1773309600972,True,True
0,2055.71,0.00228527,0,0,1773309601289,False,True
0,2056.14,0.01141059,0,0,1773309601604,True,True
0,2056.14,0.07296643,0,0,1773309604076,True,True
0,2056.14,0.00240766,0,0,1773309605038,True,True
0,2056.14,2.91321532,0,0,1773309614799,True,True
0,2056.14,0.10740308,0,0,1773309614799,True,True
0,2056.14,0.29259692,0,0,1773309614802,True,True
0,2056.43,0.11315864,0,0,1773309614889,True,True
0,2056.5,3.0,0,0,1773309614889,True,True
0,2056.74,0.09318658,0,0,1773309614892,True,True
0,2057.06,0.03995908,0,0,1773309614913,True,True
0,2057.06,0.02,0,0,1773309614913,True,True
0,2057.91,0.00060755,0,0,1773309621236,True,True
0,2057.77,0.74124168,0,0,1773309625632,False,True
0,2057.57,0.07233114,0,0,1773309625895,False,True
0,2056.54,0.0238297,0,0,1773309639872,True,True
0,2056.13,0.0024314,0,0,1773309646487,False,True
0,2056.14,2.4408935,0,0,1773309650542,True,True
0,2056.14,0.02263173,0,0,1773309650545,True,True
0,2056.17,0.71100692,0,0,1773309650545,True,True
0,2056.74,0.09318658,0,0,1773309650643,True,True
0,2056.74,0.3,0,0,1773309650643,True,True
0,2057.78,0.00239389,0,0,1773309654042,True,True
0,2057.81,2.7458162,0,0,1773309654557,True,True
0,2057.81,0.2541838,0,0,1773309654558,True,True
0,2057.91,0.01596794,0,0,1773309654566,True,True
0,2057.9,3.0,0,0,1773309654663,True,True
0,2058.91,0.05059999,0,0,1773309654671,True,True
0,2058.94,0.02,0,0,1773309654671,True,True
0,2058.68,0.10846707,0,0,1773309655680,False,True
0,2059.03,3.0,0,0,1773309658492,True,True
0,2059.93,0.03161523,0,0,1773309659375,False,True
0,2059.76,0.00072416,0,0,1773309667108,True,True
0,2058.76,0.48555946,0,0,1773309674513,False,True
0,2058.69,0.49070625,0,0,1773309674563,False,True
0,2058.62,0.36,0,0,1773309674569,False,True
0,2058.35,0.5737,0,0,1773309679767,True,True
0,2058.37,0.91340459,0,0,1773309679767,True,True
0,2058.26,0.01,0,0,1773309688388,False,True
0,2056.68,0.05778245,0,0,1773309722761,True,True
0,2056.89,0.4,0,0,1773309762130,False,True
0,2057.02,7.05212872,0,0,1773309771760,False,True
0,2057.02,14.10433791,0,0,1773309771760,False,True
0,2056.59,0.04862417,0,0,1773309771786,False,True
0,2056.69,2.0,0,0,1773309771804,False,True
0,2056.44,0.36,0,0,1773309771830,False,True
0,2056.0,0.00106206,0,0,1773309772995,True,True
0,2056.3,1.0,0,0,1773309789339,True,True
0,2055.66,0.4,0,0,1773309812588,False,True
0,2055.84,0.00144298,0,0,1773309864874,False,True
0,2055.84,2.00049,0,0,1773309877152,False,True
0,2055.76,0.00310379,0,0,1773309890725,False,True
0,2055.27,0.72983111,0,0,1773309898911,True,True
0,2055.4,0.00070491,0,0,1773309900123,True,True
0,2056.0,0.4,0,0,1773309913566,False,True
0,2055.98,1.31359981,0,0,1773309921324,True,True
0,2056.01,3.0,0,0,1773309921324,True,True
0,2056.27,0.28170019,0,0,1773309921324,True,True
0,2056.35,0.00093575,0,0,1773309925841,False,True
0,2056.97,0.1213,0,0,1773309936321,True,True
0,2056.97,0.09903921,0,0,1773309937789,True,True
0,2057.3,0.00452635,0,0,1773309955678,True,True
0,2057.42,0.00026332,0,0,1773309955678,True,True
0,2057.15,0.00096323,0,0,1773309966844,False,True
0,2057.13,0.00968329,0,0,1773309979655,False,True
0,2057.13,0.02567754,0,0,1773310005077,False,True
0,2057.13,0.02567754,0,0,1773310005077,False,True
0,2057.13,0.09968944,0,0,1773310005080,False,True
0,2057.13,0.56611474,0,0,1773310014231,False,True
0,2056.42,0.0024065,0,0,1773310014456,False,True
0,2055.96,1.2893437,0,0,1773310029379,True,True
0,2055.22,0.44971879,0,0,1773310075981,False,True
0,2055.22,1.87402415,0,0,1773310075981,False,True
0,2055.22,2.0,0,0,1773310075981,False,True
0,2055.22,6.96846648,0,0,1773310075981,False,True
0,2055.22,8.70779058,0,0,1773310075981,False,True
0,2055.2,0.00241825,0,0,1773310084291,True,True
0,2054.52,0.01603498,0,0,1773310090652,False,True
0,2054.61,0.4,0,0,1773310115443,False,True
0,2054.53,0.0167739,0,0,1773310119735,True,True
0,2053.72,0.01432121,0,0,1773310138030,True,True
0,2053.72,0.00536487,0,0,1773310151294,True,True
0,2053.72,0.02369447,0,0,1773310164441,True,True
0,2053.72,0.05224574,0,0,1773310169332,True,True
0,2053.72,0.025802,0,0,1773310176146,True,True
0,2053.72,0.09914965,0,0,1773310190337,True,True
0,2053.71,0.00442004,0,0,1773310201499,False,True
0,2053.72,0.14607638,0,0,1773310208901,True,True
0,2053.72,0.4,0,0,1773310216295,False,True
0,2053.72,0.28120939,0,0,1773310223727,True,True
0,2054.18,0.01371837,0,0,1773310241389,True,True
0,2054.18,0.00352748,0,0,1773310248836,False,True
0,2054.98,0.00779934,0,0,1773310266824,True,True
0,2054.97,0.04808845,0,0,1773310306097,False,True
0,2054.98,0.00324189,0,0,1773310310979,True,True
0,2054.98,0.39675811,0,0,1773310315792,True,True
0,2055.03,0.33457821,0,0,1773310315792,True,True
0,2054.97,0.00419733,0,0,1773310332666,False,True
0,2054.97,0.00158668,0,0,1773310343676,False,True
0,2055.02,0.12044883,0,0,1773310357032,True,True
0,2055.01,0.01767625,0,0,1773310374906,False,True
0,2055.01,0.09113573,0,0,1773310375797,False,True
0,2055.01,0.68913234,0,0,1773310375797,False,True
0,2055.01,0.01560536,0,0,1773310403870,False,True
0,2054.37,0.73015084,0,0,1773310417224,True,True
0,2054.37,0.67362258,0,0,1773310417224,True,True
0,2054.36,2.0,0,0,1773310425897,False,True
0,2054.16,14.57176706,0,0,1773310425899,False,True
0,2054.16,9.76905662,0,0,1773310425903,False,True
0,2054.11,0.12107701,0,0,1773310425915,False,True
0,2054.11,0.06824951,0,0,1773310425917,False,True
0,2054.11,2.16635586,0,0,1773310425923,False,True
0,2054.11,0.06752918,0,0,1773310425932,False,True
0,2054.11,0.22653663,0,0,1773310425944,False,True
0,2054.11,0.08985726,0,0,1773310425946,False,True
0,2054.11,0.12343806,0,0,1773310425946,False,True
0,2054.11,2.43419161,0,0,1773310426032,False,True
0,2054.11,3.91798826,0,0,1773310426040,False,True
0,2054.11,2.43421531,0,0,1773310426052,False,True
0,2054.11,0.24341442,0,0,1773310426101,False,True
0,2054.11,61.46824244,0,0,1773310434391,False,True
0,2054.37,0.002,0,0,1773310459519,True,True
0,2054.37,0.398,0,0,1773310460412,True,True
0,2054.53,0.02723634,0,0,1773310473682,False,True
0,2054.71,0.4,0,0,1773310486674,True,True
0,2055.38,0.002,0,0,1773310495078,False,True
0,2056.12,0.04601622,0,0,1773310506759,True,True
0,2056.21,0.29438141,0,0,1773310517912,True,True
0,2056.2,0.0007143,0,0,1773310553251,False,True
0,2056.2,0.81665987,0,0,1773310558027,False,True
0,2055.75,0.02407582,0,0,1773310559190,True,True
0,2055.74,0.02280444,0,0,1773310561689,False,True
0,2055.6,0.05016199,0,0,1773310561689,False,True
0,2055.68,0.00070298,0,0,1773310575732,False,True
0,2055.08,0.00097346,0,0,1773310603798,False,True
0,2055.08,0.00097346,0,0,1773310603921,False,True
0,2055.08,0.00097346,0,0,1773310604024,False,True
0,2055.08,0.00057091,0,0,1773310604376,False,True
0,2054.95,0.00145301,0,0,1773310606957,False,True
0,2055.48,0.00096311,0,0,1773310616738,False,True
0,2055.41,0.00351112,0,0,1773310618853,True,True
0,2055.27,0.00349722,0,0,1773310618994,False,True
0,2055.41,0.00348306,0,0,1773310619032,True,True
0,2055.22,0.07297814,0,0,1773310624309,True,True
0,2054.66,0.00047244,0,0,1773310639927,True,True
0,2054.66,0.0990684,0,0,1773310640264,True,True
0,2055.17,0.05744725,0,0,1773310672164,True,True
0,2055.18,0.07081614,0,0,1773310672164,True,True
0,2055.28,3.0,0,0,1773310688400,True,True
0,2055.38,0.4,0,0,1773310696633,True,True
0,2056.58,0.26105952,0,0,1773310700018,False,True
0,2057.49,3.0,0,0,1773310706625,True,True
0,2057.85,0.00166522,0,0,1773310707876,True,True
0,2058.08,0.01280313,0,0,1773310707876,True,True
0,2057.34,1.28233159,0,0,1773310728716,True,True
0,2057.34,0.2425812,0,0,1773310728724,True,True
0,2057.34,1.47508721,0,0,1773310728733,True,True
0,2057.73,0.00490137,0,0,1773310730129,False,True
0,2057.74,0.09719401,0,0,1773310750372,True,True
0,2057.73,0.00487919,0,0,1773310781445,False,True
0,2057.73,0.00142604,0,0,1773310807252,False,True
0,2057.73,0.10000292,0,0,1773310816023,False,True
0,2058.13,0.4,0,0,1773310822284,False,True
0,2058.48,0.002,0,0,1773310826387,False,True
0,2058.72,0.00304298,0,0,1773310831475,True,True
0,2058.86,0.93640196,0,0,1773310831475,True,True
0,2058.86,1.53008819,0,0,1773310831480,True,True
0,2058.86,0.53350985,0,0,1773310831480,True,True
0,2059.84,0.03476771,0,0,1773310831798,False,True
0,2059.85,0.00385437,0,0,1773310831855,True,True
0,2059.75,3.0,0,0,1773310839605,True,True
0,2059.96,0.001,0,0,1773310840165,True,True
0,2059.96,0.01808103,0,0,1773310842019,True,True
0,2059.96,0.01922998,0,0,1773310842019,True,True
0,2059.61,0.001,0,0,1773310862472,True,True
0,2059.6,0.0849162,0,0,1773310862785,False,True
0,2059.6,0.85019512,0,0,1773310862785,False,True
0,2059.6,0.00154398,0,0,1773310862785,False,True
0,2058.64,0.01195884,0,0,1773310865383,True,True
0,2058.64,0.00180084,0,0,1773310866471,True,True
0,2058.45,0.00971604,0,0,1773310878578,False,True
0,2058.45,0.00161842,0,0,1773310878578,False,True
0,2058.46,0.4,0,0,1773310879719,True,True
0,2059.02,0.00185236,0,0,1773310881293,True,True
0,2061.0,0.4,0,0,1773310923208,False,True
0,2061.01,0.00834744,0,0,1773310923827,True,True
0,2061.3,0.01054704,0,0,1773310923827,True,True
0,2061.47,0.00490529,0,0,1773310928298,False,True
0,2061.48,0.0035621,0,0,1773310949788,True,True
0,2061.48,0.03674334,0,0,1773310949788,True,True
0,2061.76,0.21869918,0,0,1773310949788,True,True
0,2061.56,0.11788238,0,0,1773310958393,True,True
0,2061.74,0.00098445,0,0,1773310976783,False,True
0,2061.88,0.00082483,0,0,1773310979856,True,True
0,2062.05,0.5737,0,0,1773311005979,True,True
0,2062.16,0.72739263,0,0,1773311005979,True,True
0,2062.21,0.727375,0,0,1773311005979,True,True
0,2062.23,3.0,0,0,1773311005979,True,True
0,2062.23,2.42456675,0,0,1773311005979,True,True
0,2062.27,0.4,0,0,1773311005979,True,True
0,2062.33,12.12223659,0,0,1773311005979,True,True
0,2062.41,23.42499468,0,0,1773311005979,True,True
0,2062.41,0.81857131,0,0,1773311005981,True,True
0,2062.43,24.24333124,0,0,1773311005981,True,True
0,2062.43,13.22034128,0,0,1773311005981,True,True
0,2062.46,0.5737,0,0,1773311005981,True,True
0,2062.58,19.43718683,0,0,1773311005981,True,True
0,2062.58,4.80438299,0,0,1773311005987,True,True
0,2062.66,13.44883791,0,0,1773311005987,True,True
0,2062.66,10.79177413,0,0,1773311005988,True,True
0,2062.77,0.00484787,0,0,1773311005988,True,True
0,2062.86,12.13662286,0,0,1773311005988,True,True
0,2062.86,0.09338436,0,0,1773311005988,True,True
0,2062.9,0.5737,0,0,1773311005988,True,True
0,2062.92,0.44997931,0,0,1773311005988,True,True
0,2062.17,0.7273891,0,0,1773311005989,True,True
0,2062.92,29.05961195,0,0,1773311005989,True,True
0,2062.92,34.15197853,0,0,1773311005990,True,True
0,2062.92,26.04122804,0,0,1773311005990,True,True
0,2062.85,13.68103679,0,0,1773311005993,True,True
0,2062.29,0.72734678,0,0,1773311005999,True,True
0,2062.85,0.08543961,0,0,1773311006039,True,True
0,2063.0,1.0,0,0,1773311006169,True,True
0,2063.17,0.36373776,0,0,1773311006434,False,True
0,2063.29,0.00160313,0,0,1773311006913,True,True
0,2063.28,6.91251991,0,0,1773311011679,False,True
0,2063.28,2.42332596,0,0,1773311011679,False,True
0,2063.28,2.42332596,0,0,1773311013192,False,True
0,2063.25,0.04846722,0,0,1773311013192,False,True
0,2063.24,12.11686473,0,0,1773311013192,False,True
0,2063.22,12.11698219,0,0,1773311013192,False,True
0,2063.22,0.04846792,0,0,1773311013192,False,True
0,2063.22,0.32154749,0,0,1773311013192,False,True
0,2063.21,27.07565551,0,0,1773311013193,False,True
0,2063.28,2.42332596,0,0,1773311013515,False,True
0,2063.24,12.11686473,0,0,1773311013515,False,True
0,2063.22,14.54019069,0,0,1773311013515,False,True
0,2064.01,0.36,0,0,1773311017150,False,True
0,2063.68,2.42285625,0,0,1773311017818,False,True
0,2063.67,2.42285625,0,0,1773311017818,False,True
0,2063.28,2.0,0,0,1773311019606,False,True
0,2062.87,2.0,0,0,1773311022949,False,True
0,2062.28,2.0,0,0,1773311030393,False,True
0,2062.3,0.00338457,0,0,1773311036588,True,True
0,2062.13,10.6184,0,0,1773311040536,False,True
0,2062.0,11.597,0,0,1773311045583,False,True
0,2061.91,11.597,0,0,1773311045584,False,True
0,2061.91,0.038,0,0,1773311045584,False,True
0,2061.86,2.0,0,0,1773311047410,False,True
0,2061.31,0.00105968,0,0,1773311069762,True,True
0,2061.34,0.4,0,0,1773311074584,False,True
0,2061.41,0.01354758,0,0,1773311088799,False,True
0,2061.41,0.00487328,0,0,1773311088799,False,True
0,2061.41,0.00049813,0,0,1773311088799,False,True
0,2061.39,0.02364969,0,0,1773311091526,True,True
0,2061.4,0.00058873,0,0,1773311094712,True,True
0,2061.37,0.00079125,0,0,1773311095039,True,True
0,2061.42,0.81526538,0,0,1773311121406,False,True
0,2061.06,0.01594084,0,0,1773311153186,True,True
0,2061.06,0.38405916,0,0,1773311162964,True,True
0,2061.43,0.03739675,0,0,1773311187069,True,True
0,2061.43,0.08085114,0,0,1773311187069,True,True
0,2061.43,0.31914886,0,0,1773311189255,True,True
0,2062.54,0.00233076,0,0,1773311195747,True,True
0,2061.16,0.00285452,0,0,1773311213844,True,True
0,2060.73,0.01174223,0,0,1773311225216,True,True
0,2060.73,0.20695235,0,0,1773311260846,True,True
0,2060.73,0.19304765,0,0,1773311261883,True,True
0,2062.52,0.014141,0,0,1773311276797,False,True
0,2062.43,0.00261597,0,0,1773311290713,True,True
0,2062.4,0.4,0,0,1773311359270,True,True
0,2062.48,1.37105555,0,0,1773311359271,True,True
0,2062.5,6.6159138,0,0,1773311359271,True,True
0,2062.5,1.50551309,0,0,1773311359272,True,True
0,2062.5,0.75275583,0,0,1773311359288,True,True
0,2062.5,0.75275583,0,0,1773311359288,True,True
0,2062.5,0.37306145,0,0,1773311359308,True,True
0,2062.94,0.19806499,0,0,1773311400928,False,True
0,2062.94,0.0024945,0,0,1773311405382,False,True
0,2062.94,0.78239548,0,0,1773311407401,False,True
0,2062.4,0.04815372,0,0,1773311409275,False,True
0,2062.95,0.4,0,0,1773311416353,True,True
0,2063.17,0.13065917,0,0,1773311416675,True,True
0,2063.17,0.02432079,0,0,1773311416676,True,True
0,2064.22,0.00114838,0,0,1773311417291,True,True
0,2064.22,0.01603328,0,0,1773311418919,True,True
0,2064.29,3.0,0,0,1773311418931,True,True
0,2065.56,0.02940107,0,0,1773311423843,True,True
0,2065.71,0.001,0,0,1773311423843,True,True
0,2065.83,3.0,0,0,1773311423871,True,True
0,2066.89,0.5737,0,0,1773311423877,True,True
0,2066.89,1.89324936,0,0,1773311423877,True,True
0,2067.12,0.00150886,0,0,1773311424761,True,True
0,2067.55,0.31662009,0,0,1773311424784,True,True
0,2067.58,3.0,0,0,1773311424784,True,True
0,2067.69,0.00150886,0,0,1773311424784,True,True
0,2067.95,2.17537596,0,0,1773311425678,False,True
0,2067.68,0.5875236,0,0,1773311425678,False,True
0,2067.67,1.04356865,0,0,1773311425678,False,True
0,2065.16,0.75278088,0,0,1773311435514,True,True
0,2065.16,1.24888558,0,0,1773311435515,True,True
0,2065.16,0.99833354,0,0,1773311435517,True,True
0,2065.47,1.0,0,0,1773311438671,True,True
0,2065.7,0.0009599,0,0,1773311447008,False,True
0,2065.12,0.00161864,0,0,1773311460170,True,True
0,2065.88,1.40007283,0,0,1773311473633,False,True
0,2063.02,0.31758769,0,0,1773311503753,False,True
0,2063.21,0.73587668,0,0,1773311505003,False,True
0,2062.77,3.6958977,0,0,1773311512154,False,True
0,2062.66,2.0,0,0,1773311512160,False,True
0,2062.57,0.32,0,0,1773311512160,False,True
0,2062.65,2.32,0,0,1773311512166,False,True
0,2062.97,0.00137621,0,0,1773311513632,True,True
0,2063.33,2.14525436,0,0,1773311520043,False,True
0,2063.76,0.00094027,0,0,1773311535999,False,True
0,2064.01,0.00959394,0,0,1773311553457,True,True
0,2064.01,0.39040606,0,0,1773311560447,True,True
0,2064.84,0.01141397,0,0,1773311577105,False,True
0,2064.86,0.01789348,0,0,1773311580102,True,True
0,2063.87,0.00160557,0,0,1773311590767,False,True
0,2064.99,0.01187531,0,0,1773311609633,True,True
0,2064.99,0.38812469,0,0,1773311615590,True,True
0,2065.56,0.02325724,0,0,1773311637032,True,True
0,2065.84,0.00070963,0,0,1773311659376,True,True
0,2066.08,0.4,0,0,1773311680433,False,True
0,2066.09,0.05350687,0,0,1773311688312,True,True
0,2066.51,0.00406863,0,0,1773311694658,True,True
0,2067.01,0.81694493,0,0,1773311705441,False,True
0,2066.12,0.001,0,0,1773311712536,False,True
0,2066.11,0.001,0,0,1773311712536,False,True
0,2065.98,0.00095855,0,0,1773311722076,False,True
0,2065.95,0.00071135,0,0,1773311724739,False,True
0,2065.96,0.4,0,0,1773311734283,True,True
0,2066.78,0.00157622,0,0,1773311752131,True,True
0,2067.18,0.08149825,0,0,1773311753473,True,True
0,2067.32,0.00145304,0,0,1773311755491,True,True
0,2067.51,0.00144082,0,0,1773311763303,True,True
0,2067.51,0.00149034,0,0,1773311764751,True,True
0,2067.51,0.00150298,0,0,1773311765647,True,True
0,2067.51,0.00146537,0,0,1773311766013,True,True
0,2067.51,0.0014778,0,0,1773311767344,True,True
0,2067.91,1.02587468,0,0,1773311769658,False,True
0,2067.96,0.00151574,0,0,1773311770092,True,True
0,2067.96,0.86557721,0,0,1773311772748,True,True
0,2068.04,0.00104568,0,0,1773311772990,True,True
0,2068.63,0.00048292,0,0,1773311772990,True,True
0,2068.64,0.24074681,0,0,1773311780169,True,True
0,2068.99,0.4,0,0,1773311781253,False,True
0,2068.34,0.14413051,0,0,1773311793242,False,True
0,2068.16,0.02976882,0,0,1773311806238,True,True
0,2068.16,0.17301317,0,0,1773311806830,True,True
0,2068.16,0.17301317,0,0,1773311806831,True,True
0,2068.16,0.13750226,0,0,1773311806831,True,True
0,2068.46,2.95244997,0,0,1773311806846,True,True
0,2068.46,0.04755003,0,0,1773311806878,True,True
0,2068.62,0.72527735,0,0,1773311807001,True,True
0,2068.63,1.01592869,0,0,1773311807001,True,True
0,2069.0,0.02344832,0,0,1773311808081,True,True
0,2069.0,0.00149801,0,0,1773311808081,True,True
0,2069.25,0.00307012,0,0,1773311808169,True,True
0,2069.49,0.0408,0,0,1773311808169,True,True
0,2069.24,0.001,0,0,1773311808169,False,True
0,2069.81,0.7247,0,0,1773311808176,True,True
0,2070.0,1.92368045,0,0,1773311808176,True,True
0,2070.0,0.0096722,0,0,1773311808176,True,True
0,2070.0,0.12028985,0,0,1773311808176,True,True
0,2069.6,0.00100615,0,0,1773311817258,True,True
0,2070.28,0.00131656,0,0,1773311820533,True,True
0,2070.32,0.0095141,0,0,1773311826004,True,True
0,2070.32,2.9904859,0,0,1773311826643,True,True
0,2070.41,3.0,0,0,1773311826715,True,True
0,2070.47,0.00706056,0,0,1773311826715,True,True
0,2070.55,0.00474388,0,0,1773311826715,True,True
0,2070.57,0.40857862,0,0,1773311826715,True,True
0,2070.67,0.01552939,0,0,1773311829080,False,True
0,2070.67,0.01552939,0,0,1773311829080,False,True
0,2071.4,0.0095141,0,0,1773311829775,True,True
0,2071.4,0.35203519,0,0,1773311829865,True,True
0,2071.49,0.44522479,0,0,1773311831238,False,True
0,2071.49,0.5737,0,0,1773311831238,False,True
0,2071.49,1.72566477,0,0,1773311831238,False,True
0,2071.49,0.0097362,0,0,1773311832483,False,True
0,2071.1,0.00236684,0,0,1773311837816,True,True
0,2070.88,0.01847892,0,0,1773311840618,False,True
0,2071.11,0.0210428,0,0,1773311843499,True,True
0,2070.88,0.0202811,0,0,1773311844129,False,True
0,2070.88,0.14526318,0,0,1773311846957,False,True
0,2068.74,0.5875236,0,0,1773311858576,True,True
0,2068.75,1.75620208,0,0,1773311858576,True,True
0,2068.42,0.00093963,0,0,1773311869611,True,True
0,2068.25,2.80799587,0,0,1773311877798,False,True
0,2068.25,0.18936583,0,0,1773311877799,False,True
0,2068.25,0.20471833,0,0,1773311877800,False,True
0,2068.25,0.07049154,0,0,1773311877800,False,True
0,2068.25,0.13599244,0,0,1773311877801,False,True
0,2068.25,0.11989603,0,0,1773311877802,False,True
0,2068.25,0.25642779,0,0,1773311877803,False,True
0,2068.25,0.18367855,0,0,1773311877803,False,True
0,2068.25,0.03566641,0,0,1773311877804,False,True
0,2068.25,0.02341331,0,0,1773311877805,False,True
0,2068.25,0.08516678,0,0,1773311877813,False,True
0,2068.25,0.05599203,0,0,1773311877814,False,True
0,2068.25,9.96441602,0,0,1773311877815,False,True
0,2068.25,0.12146263,0,0,1773311877816,False,True
0,2068.25,0.29868281,0,0,1773311877818,False,True
0,2067.67,0.5875236,0,0,1773311910429,True,True
0,2067.68,3.0,0,0,1773311910429,True,True
0,2067.85,0.6072172,0,0,1773311910429,True,True
0,2067.92,0.8052592,0,0,1773311910429,True,True
0,2067.5,0.00141102,0,0,1773311911222,False,True
0,2068.1,0.00095737,0,0,1773311924705,False,True
0,2068.56,0.4,0,0,1773311932490,False,True
0,2069.61,0.00093633,0,0,1773311949983,True,True
0,2069.29,0.50150702,0,0,1773311949988,False,True
0,2069.28,0.15189985,0,0,1773311949988,False,True
0,2069.09,0.00142482,0,0,1773311963465,False,True
0,2069.13,9.6e-06,0,0,1773311964430,False,True
0,2069.13,0.00104933,0,0,1773311964430,False,True
0,2069.13,2.498e-05,0,0,1773311964430,False,True
0,2069.32,2.41624655,0,0,1773311965815,False,True
0,2070.5,0.06144878,0,0,1773311979072,False,True
0,2070.51,0.05555987,0,0,1773311984570,True,True
0,2070.51,0.4,0,0,1773311992867,True,True
0,2071.38,1.75843145,0,0,1773312002120,False,True
0,2071.5,1.21107767,0,0,1773312011990,True,True
0,2071.5,0.02562774,0,0,1773312011990,True,True
0,2071.51,0.02648792,0,0,1773312011990,True,True
0,2071.54,0.01561171,0,0,1773312011990,True,True
0,2071.98,3.0,0,0,1773312012642,True,True
0,2072.91,0.00723635,0,0,1773312014226,False,True
0,2072.91,0.56646365,0,0,1773312014229,False,True
0,2073.17,3.0,0,0,1773312014367,True,True
0,2073.21,0.00106137,0,0,1773312014367,True,True
0,2073.31,0.01168303,0,0,1773312014367,True,True
0,2073.29,0.0098183,0,0,1773312014902,True,True
0,2073.46,0.5875236,0,0,1773312017648,True,True
0,2073.46,0.5737,0,0,1773312017648,True,True
0,2073.47,1.3525,0,0,1773312017648,True,True
0,2073.48,3.0,0,0,1773312017648,True,True
0,2073.7,1.27607294,0,0,1773312017648,True,True
0,2073.78,0.58432141,0,0,1773312017648,True,True
0,2073.86,0.5737,0,0,1773312017648,True,True
0,2073.87,0.31469185,0,0,1773312017648,True,True
0,2073.96,24.1085391,0,0,1773312017648,True,True
0,2073.98,0.00299725,0,0,1773312017648,True,True
0,2073.99,3.84178,0,0,1773312017648,True,True
0,2074.0,10.0,0,0,1773312017648,True,True
0,2074.0,20.01596975,0,0,1773312017648,True,True
0,2072.98,0.00048023,0,0,1773312020501,False,True
0,2072.84,3.0,0,0,1773312023394,True,True
0,2073.62,0.0088761,0,0,1773312024524,True,True
0,2072.83,0.78489686,0,0,1773312031707,False,True
0,2071.94,0.0014384,0,0,1773312049669,False,True
0,2071.95,0.01672505,0,0,1773312062038,True,True
0,2072.22,0.001,0,0,1773312075646,True,True
0,2072.22,0.0587752,0,0,1773312079314,True,True
0,2072.21,0.073,0,0,1773312079404,False,True
0,2072.22,0.3402248,0,0,1773312079893,True,True
0,2072.86,0.01071045,0,0,1773312087009,False,True
0,2072.86,0.01485784,0,0,1773312087009,False,True
0,2072.89,0.32550157,0,0,1773312088721,True,True
0,2072.89,0.07449843,0,0,1773312088728,True,True
0,2073.91,0.005997,0,0,1773312089656,False,True
0,2073.92,0.00699199,0,0,1773312090980,True,True
0,2074.02,0.27438571,0,0,1773312090980,True,True
0,2074.06,0.00114673,0,0,1773312090980,True,True
0,2074.17,3.0,0,0,1773312091049,True,True
0,2074.06,0.00472692,0,0,1773312093036,True,True
0,2073.69,0.0091089,0,0,1773312103033,False,True
0,2073.69,0.00780858,0,0,1773312103033,False,True
0,2073.69,0.01973658,0,0,1773312103033,False,True
0,2072.06,0.00869184,0,0,1773312117451,False,True
0,2072.07,0.02693112,0,0,1773312117504,True,True
0,2072.66,0.02811845,0,0,1773312124117,True,True
0,2072.95,0.00245237,0,0,1773312131096,False,True
0,2072.96,0.21678123,0,0,1773312164738,True,True
0,2071.94,0.04841356,0,0,1773312179458,False,True
0,2071.77,0.01696921,0,0,1773312181470,False,True
0,2071.5,0.11685006,0,0,1773312188409,False,True
0,2071.39,2.0,0,0,1773312188410,False,True
0,2070.61,1.44418,0,0,1773312219463,False,True
0,2070.61,0.5737,0,0,1773312229912,False,True
0,2070.61,2.41474734,0,0,1773312229912,False,True
0,2070.61,0.66002202,0,0,1773312229912,False,True
0,2070.61,0.56099963,0,0,1773312229912,False,True
0,2070.61,0.79053101,0,0,1773312229912,False,True
0,2070.54,0.01049184,0,0,1773312244644,True,True
0,2070.48,0.00159076,0,0,1773312255066,True,True
0,2070.1,2.0,0,0,1773312257046,False,True
0,2070.54,0.0482658,0,0,1773312279498,True,True
0,2070.62,0.4,0,0,1773312279498,True,True
0,2071.35,0.11376982,0,0,1773312287267,True,True
0,2071.0,3.0,0,0,1773312303192,True,True
0,2071.41,0.4,0,0,1773312306312,True,True
0,2072.82,0.70297853,0,0,1773312352433,False,True
0,2072.61,0.00154398,0,0,1773312374516,False,True
0,2072.61,0.11881188,0,0,1773312374948,False,True
0,2072.82,0.00128805,0,0,1773312380701,True,True
0,2073.2,0.4,0,0,1773312387100,False,True
0,2072.89,0.052,0,0,1773312396611,True,True
0,2072.81,0.00903088,0,0,1773312400736,True,True
0,2073.07,0.00117479,0,0,1773312451645,False,True
0,2071.95,0.01,0,0,1773312465842,True,True
0,2071.88,0.00143319,0,0,1773312466771,False,True
0,2073.09,0.4,0,0,1773312473019,True,True
0,2073.21,2.22944131,0,0,1773312474315,True,True
0,2074.74,3.0,0,0,1773312479745,True,True
0,2074.75,0.1426451,0,0,1773312479745,True,True
0,2074.75,0.0164129,0,0,1773312479745,True,True
0,2074.83,0.02437954,0,0,1773312481302,False,True
0,2075.0,0.02558498,0,0,1773312485485,True,True
0,2075.0,20.06348396,0,0,1773312485485,True,True
0,2075.0,1.2345679,0,0,1773312485485,True,True
0,2075.19,0.4,0,0,1773312488002,False,True
0,2075.2,0.02372351,0,0,1773312494304,True,True
0,2072.58,0.001,0,0,1773312511359,False,True
0,2072.4,0.02915788,0,0,1773312511359,False,True
0,2072.34,0.001,0,0,1773312512560,False,True
0,2071.82,0.02283483,0,0,1773312512560,False,True
0,2071.8,0.00757823,0,0,1773312512911,True,True
0,2071.41,0.005883,0,0,1773312513805,False,True
0,2071.19,0.09240412,0,0,1773312513805,False,True
0,2071.41,0.5737,0,0,1773312519580,False,True
0,2071.32,0.06034799,0,0,1773312529649,False,True
0,2071.38,3.0,0,0,1773312530547,True,True
0,2071.19,0.00271447,0,0,1773312551823,False,True
0,2071.21,0.00066093,0,0,1773312588254,True,True
0,2071.17,0.03890791,0,0,1773312597371,False,True
0,2071.17,0.62454212,0,0,1773312604372,False,True
0,2071.17,0.17602638,0,0,1773312604372,False,True
0,2071.18,0.36126324,0,0,1773312609917,True,True
0,2071.18,0.03873676,0,0,1773312619321,True,True
0,2071.74,0.0006499,0,0,1773312619946,False,True
0,2071.97,0.01420544,0,0,1773312624437,True,True
0,2072.03,3.0,0,0,1773312644431,True,True
0,2072.16,0.01110038,0,0,1773312644442,True,True
0,2072.16,0.38889962,0,0,1773312644455,True,True
0,2072.16,0.01389337,0,0,1773312644455,True,True
0,2072.29,2.412813,0,0,1773312644455,True,True
0,2072.18,0.40279299,0,0,1773312644474,True,True
0,2072.18,1.70129017,0,0,1773312644489,True,True
0,2072.18,0.89591684,0,0,1773312644498,True,True
0,2072.51,0.09264876,0,0,1773312644519,True,True
0,2072.56,0.3,0,0,1773312644519,True,True
0,2072.64,0.3259495,0,0,1773312644519,True,True
0,2072.73,0.27,0,0,1773312644519,True,True
0,2073.15,0.03134078,0,0,1773312647350,False,True
0,2073.15,0.03134078,0,0,1773312647351,False,True
0,2073.16,0.04823554,0,0,1773312647418,False,True
0,2073.15,1.81134259,0,0,1773312647418,False,True
0,2073.14,2.0,0,0,1773312647418,False,True
0,2073.06,0.01444602,0,0,1773312647418,False,True
0,2073.06,0.62681564,0,0,1773312647420,False,True
0,2073.8,0.18,0,0,1773312647948,True,True
0,2073.86,0.00825897,0,0,1773312647948,True,True
0,2073.74,0.11842806,0,0,1773312648042,False,True
0,2073.74,0.3618844,0,0,1773312648061,False,True
0,2073.81,0.7237688,0,0,1773312648127,False,True
0,2073.61,2.00477815,0,0,1773312659174,True,True
0,2073.61,0.99522185,0,0,1773312659174,True,True
0,2073.92,0.10249496,0,0,1773312659185,True,True
0,2073.92,0.02585723,0,0,1773312659187,True,True
0,2073.92,0.10774406,0,0,1773312659251,True,True
0,2073.92,0.10688237,0,0,1773312659252,True,True
0,2073.92,0.04823554,0,0,1773312659252,True,True
0,2074.0,3.0,0,0,1773312659252,True,True
0,2074.19,0.01643764,0,0,1773312659274,True,True
0,2074.81,2.37505616,0,0,1773312663009,False,True
0,2074.81,0.01325661,0,0,1773312663624,True,True
0,2073.95,0.00189098,0,0,1773312682635,True,True
0,2071.99,2.0,0,0,1773312715313,False,True
0,2071.51,0.00965469,0,0,1773312721323,True,True
0,2071.24,0.00473336,0,0,1773312747832,True,True
0,2070.92,0.00518043,0,0,1773312752761,False,True
0,2070.47,0.00095493,0,0,1773312764867,False,True
0,2070.49,0.558,0,0,1773312771463,True,True
0,2070.48,0.427,0,0,1773312772436,True,True
0,2070.87,0.00510273,0,0,1773312774444,True,True
0,2070.79,0.00309031,0,0,1773312781110,False,True
0,2070.83,0.11319549,0,0,1773312781994,True,True
0,2070.47,0.01549372,0,0,1773312784016,False,True
0,2069.35,2.41621412,0,0,1773312788337,False,True
0,2069.27,11.46351369,0,0,1773312788337,False,True
0,2069.3,0.15384281,0,0,1773312794482,True,True
0,2069.46,0.00095555,0,0,1773312801213,False,True
0,2069.47,0.07248233,0,0,1773312816233,True,True
0,2069.47,0.32751767,0,0,1773312833507,True,True
0,2069.86,0.5875236,0,0,1773312833507,True,True
0,2069.87,0.52543678,0,0,1773312833507,True,True
0,2069.9,0.06859572,0,0,1773312833507,True,True
0,2069.91,1.27607294,0,0,1773312833507,True,True
0,2069.96,1.77835329,0,0,1773312833507,True,True
0,2069.64,0.0342238,0,0,1773312834623,True,True
0,2069.39,0.00095516,0,0,1773312839282,False,True
0,2069.51,0.4,0,0,1773312841188,False,True
0,2069.99,0.00181268,0,0,1773312852730,False,True
0,2070.0,0.00651691,0,0,1773312892393,True,True
0,2070.0,0.09348309,0,0,1773312899435,True,True
0,2070.0,0.4,0,0,1773312899435,True,True
0,2070.72,0.02893944,0,0,1773312911654,False,True
0,2070.73,2.0,0,0,1773312914874,True,True
0,2071.15,0.00047569,0,0,1773312941032,True,True
0,2071.15,0.00960843,0,0,1773312966091,True,True
0,2071.15,0.39039157,0,0,1773312975990,True,True
0,2071.15,0.04621744,0,0,1773312975990,True,True
0,2071.15,0.05149741,0,0,1773312975990,True,True
0,2071.15,0.01371915,0,0,1773312975990,True,True
0,2071.16,0.01379145,0,0,1773312975990,True,True
0,2071.82,0.0709805,0,0,1773312984467,True,True
0,2072.06,1.5650816,0,0,1773313002477,False,True
0,2072.06,2.54616517,0,0,1773313003076,False,True
0,2072.06,0.63931368,0,0,1773313003076,False,True
0,2071.17,0.00274383,0,0,1773313017097,True,True
0,2071.21,0.00476351,0,0,1773313017097,True,True
0,2071.24,0.06206882,0,0,1773313017097,True,True
0,2071.25,0.5875236,0,0,1773313017097,True,True
0,2071.26,1.25986942,0,0,1773313017097,True,True
0,2071.26,0.00120017,0,0,1773313020207,False,True
0,2071.14,0.00473157,0,0,1773313029420,False,True
0,2070.92,0.00710158,0,0,1773313054376,True,True
0,2070.91,0.00169782,0,0,1773313060315,False,True
0,2071.04,0.00259021,0,0,1773313063720,False,True
0,2071.04,0.00168658,0,0,1773313083552,False,True
0,2071.04,0.01187844,0,0,1773313083843,False,True
0,2071.05,0.09656937,0,0,1773313084714,True,True
0,2071.05,0.00116696,0,0,1773313090860,True,True
0,2071.05,0.0009434,0,0,1773313092559,True,True
0,2071.38,0.4,0,0,1773313093545,False,True
0,2071.54,0.0010599,0,0,1773313093726,True,True
0,2071.42,0.00074989,0,0,1773313097492,True,True
0,2071.31,0.05440066,0,0,1773313107141,False,True
0,2071.05,0.00943554,0,0,1773313129769,False,True
0,2071.15,0.5875236,0,0,1773313139019,True,True
0,2071.15,0.4124764,0,0,1773313139019,True,True
0,2071.13,0.03298529,0,0,1773313144037,True,True
0,2071.13,0.07855268,0,0,1773313167563,False,True
0,2070.64,0.00471928,0,0,1773313184141,False,True
0,2070.64,0.0310169,0,0,1773313184141,False,True
0,2070.27,0.19944606,0,0,1773313191851,False,True
0,2070.45,0.00475849,0,0,1773313195037,True,True
0,2070.28,0.00239122,0,0,1773313201033,True,True
0,2070.27,0.00331148,0,0,1773313201304,False,True
0,2070.27,0.17944022,0,0,1773313201361,False,True
0,2069.53,0.04805718,0,0,1773313201691,True,True
0,2070.01,0.0025596,0,0,1773313210198,True,True
0,2069.64,0.03483875,0,0,1773313224933,True,True
0,2069.47,0.00478431,0,0,1773313228390,True,True
0,2069.87,2.41560205,0,0,1773313242265,False,True
0,2069.87,9.13003184,0,0,1773313242265,False,True
0,2069.6,0.00769396,0,0,1773313263968,True,True
0,2069.6,0.00769396,0,0,1773313265245,True,True
0,2069.59,0.73576777,0,0,1773313285292,False,True
0,2069.59,1.82386844,0,0,1773313285292,False,True
0,2069.59,0.36126324,0,0,1773313285292,False,True
0,2069.47,0.00205489,0,0,1773313286464,False,True
0,2069.74,0.4,0,0,1773313295186,False,True
0,2069.55,0.01295263,0,0,1773313312233,False,True
0,2069.75,3.0,0,0,1773313327602,True,True
0,2069.97,1.565,0,0,1773313327602,True,True
0,2069.65,0.00082997,0,0,1773313347868,False,True
0,2069.65,0.07175442,0,0,1773313347868,False,True
0,2069.65,0.00415005,0,0,1773313347868,False,True
0,2069.65,0.00155068,0,0,1773313347868,False,True
0,2069.65,3.03709739,0,0,1773313347868,False,True
0,2069.65,3.76406956,0,0,1773313347868,False,True
0,2069.65,0.75885568,0,0,1773313347868,False,True
0,2069.65,0.60230124,0,0,1773313347868,False,True
0,2069.65,0.69837949,0,0,1773313347868,False,True
0,2069.65,3.91798826,0,0,1773313347868,False,True
0,2069.65,13.83385861,0,0,1773313347868,False,True
0,2069.65,3.67516465,0,0,1773313347868,False,True
0,2069.65,0.58391906,0,0,1773313347868,False,True
0,2069.65,0.12745193,0,0,1773313347868,False,True
0,2069.65,0.12745193,0,0,1773313347868,False,True
0,2069.65,0.7008,0,0,1773313347868,False,True
0,2069.65,0.11766604,0,0,1773313347868,False,True
0,2069.65,0.37013549,0,0,1773313347868,False,True
0,2069.65,0.07046777,0,0,1773313347868,False,True
0,2069.65,0.0733853,0,0,1773313347868,False,True
0,2069.65,4.81426447,0,0,1773313347868,False,True
0,2069.65,0.74027098,0,0,1773313347868,False,True
0,2069.65,5.9180171,0,0,1773313347868,False,True
0,2069.64,1.13390826,0,0,1773313347868,False,True
0,2069.46,0.0008494,0,0,1773313349323,False,True
0,2069.46,0.1091506,0,0,1773313355397,False,True
0,2069.3,1.84615719,0,0,1773313357253,False,True
0,2069.23,0.00966542,0,0,1773313357289,False,True
0,2068.49,0.11255875,0,0,1773313358693,False,True
0,2068.99,0.00189969,0,0,1773313380671,False,True
0,2069.0,0.001,0,0,1773313380855,True,True
0,2069.88,0.4,0,0,1773313395983,False,True
0,2070.24,0.50382723,0,0,1773313430593,True,True
0,2070.24,2.49617277,0,0,1773313430597,True,True
0,2070.29,0.72453617,0,0,1773313430604,True,True
0,2069.97,0.00769396,0,0,1773313452646,False,True
0,2069.44,0.00769396,0,0,1773313455502,False,True
0,2069.64,0.09948313,0,0,1773313459497,True,True
0,2070.19,9.80433656,0,0,1773313466514,False,True
0,2070.2,0.00082719,0,0,1773313470396,False,True
0,2070.03,2.41541469,0,0,1773313484418,False,True
0,2069.94,8.30367909,0,0,1773313484418,False,True
0,2069.53,0.02039268,0,0,1773313493216,True,True
0,2069.77,0.00070369,0,0,1773313493892,True,True
0,2070.25,0.00233073,0,0,1773313506106,True,True
0,2070.24,0.00502568,0,0,1773313522290,False,True
0,2070.24,0.72414052,0,0,1773313525956,False,True
0,2069.85,0.12376238,0,0,1773313527847,False,True
0,2069.88,0.00058632,0,0,1773313532140,True,True
0,2069.79,0.24707847,0,0,1773313534247,True,True
0,2069.79,0.00207118,0,0,1773313537306,True,True
0,2069.28,0.01857372,0,0,1773313545696,False,True
0,2069.29,0.00155164,0,0,1773313574920,True,True
0,2069.29,0.00478473,0,0,1773313614738,True,True
0,2069.29,0.00474946,0,0,1773313621315,True,True
0,2069.29,0.04784728,0,0,1773313640198,True,True
0,2069.29,0.00105668,0,0,1773313642598,True,True
0,2069.63,0.4,0,0,1773313648096,False,True
0,2069.76,0.01253725,0,0,1773313650293,False,True
0,2069.78,0.03047437,0,0,1773313653796,True,True
0,2069.17,0.00114943,0,0,1773313687026,True,True
0,2068.95,0.00473862,0,0,1773313700540,True,True
0,2068.97,0.15027879,0,0,1773313701284,True,True
0,2068.97,0.1605308,0,0,1773313701289,True,True
0,2068.97,0.08756727,0,0,1773313701297,True,True
0,2068.97,0.08495075,0,0,1773313701306,True,True
0,2069.0,0.10301064,0,0,1773313701314,True,True
0,2069.0,0.29698936,0,0,1773313701316,True,True
0,2069.06,3.0,0,0,1773313701316,True,True
0,2069.58,0.3,0,0,1773313701553,True,True
0,2069.7,0.3,0,0,1773313701664,True,True
0,2070.16,0.3,0,0,1773313701733,True,True
0,2070.43,0.001,0,0,1773313703994,True,True
0,2070.64,0.001,0,0,1773313703994,True,True
0,2071.02,0.09887174,0,0,1773313703994,True,True
0,2071.13,1.19035345,0,0,1773313706353,False,True
0,2070.59,0.1,0,0,1773313712365,False,True
0,2071.16,0.00234278,0,0,1773313726933,True,True
0,2071.16,0.00234278,0,0,1773313726933,True,True
0,2071.18,0.31737093,0,0,1773313738826,True,True
0,2070.95,0.001,0,0,1773313740510,False,True
0,2071.2,0.41591296,0,0,1773313765253,False,True
0,2071.2,1.99813703,0,0,1773313765253,False,True
0,2071.08,0.36,0,0,1773313765253,False,True
0,2071.08,0.5737,0,0,1773313765253,False,True
0,2071.04,24.14237351,0,0,1773313765253,False,True
0,2071.04,12.39298235,0,0,1773313765253,False,True
0,2071.04,9.31327651,0,0,1773313765253,False,True
0,2071.37,0.02389835,0,0,1773313767349,True,True
0,2071.13,0.00077382,0,0,1773313778904,True,True
0,2071.13,0.18980962,0,0,1773313786147,True,True
0,2070.76,0.47744678,0,0,1773313800060,False,True
0,2070.76,1.9371157,0,0,1773313800060,False,True
0,2070.76,0.09435047,0,0,1773313800060,False,True
0,2070.69,24.798,0,0,1773313800060,False,True
0,2070.62,21.88946942,0,0,1773313800060,False,True
0,2071.0,0.0292106,0,0,1773313841722,True,True
0,2071.0,0.3707894,0,0,1773313846882,True,True
0,2071.43,0.1,0,0,1773313848461,False,True
0,2071.54,0.4,0,0,1773313863735,True,True
0,2071.64,0.00109094,0,0,1773313864194,True,True
0,2072.0,0.00991565,0,0,1773313864277,True,True
0,2072.52,0.09351721,0,0,1773313867536,True,True
0,2072.22,0.01033593,0,0,1773313868676,True,True
0,2071.45,0.79649746,0,0,1773313903069,False,True
0,2071.43,0.04827582,0,0,1773313907267,False,True
0,2070.62,0.00282697,0,0,1773313946186,True,True
0,2070.61,0.0073085,0,0,1773313964984,False,True
0,2070.61,0.04500394,0,0,1773313966732,False,True
0,2070.61,0.01762347,0,0,1773313968688,False,True
0,2070.25,0.00904039,0,0,1773313968795,True,True
0,2070.0,0.07547103,0,0,1773313968795,False,True
0,2070.0,0.01960039,0,0,1773313968795,False,True
0,2070.0,0.47685121,0,0,1773313968795,False,True
0,2069.88,0.73162922,0,0,1773313968795,False,True
0,2069.88,1.14239493,0,0,1773313968795,False,True
0,2069.76,0.0660855,0,0,1773313968795,False,True
0,2069.76,0.09507142,0,0,1773313968795,False,True
0,2069.76,1.11340901,0,0,1773313968795,False,True
0,2069.76,0.01272867,0,0,1773313968795,False,True
0,2069.76,0.17741417,0,0,1773313968795,False,True
0,2069.76,1.30355185,0,0,1773313968795,False,True
0,2069.76,1.30355185,0,0,1773313968795,False,True
0,2069.76,1.30355185,0,0,1773313968795,False,True
0,2069.76,1.30355185,0,0,1773313968795,False,True
0,2069.76,0.32219844,0,0,1773313968795,False,True
0,2069.76,0.78979296,0,0,1773313968795,False,True
0,2069.76,0.19156045,0,0,1773313968795,False,True
0,2069.76,0.13848964,0,0,1773313968795,False,True
0,2069.76,1.16506221,0,0,1773313968795,False,True
0,2069.76,1.16506221,0,0,1773313968795,False,True
0,2069.76,0.13848964,0,0,1773313968795,False,True
0,2069.76,1.02657257,0,0,1773313968795,False,True
0,2069.76,0.27697928,0,0,1773313968795,False,True
0,2069.76,0.18555277,0,0,1773313968795,False,True
0,2069.71,0.09142651,0,0,1773313968795,False,True
0,2069.71,0.26857349,0,0,1773313968795,False,True
0,2069.66,0.00840579,0,0,1773313968795,False,True
0,2069.66,0.74959329,0,0,1773313968795,False,True
0,2069.66,0.74959329,0,0,1773313968795,False,True
0,2069.66,0.55395856,0,0,1773313968795,False,True
0,2069.66,0.19563473,0,0,1773313968795,False,True
0,2069.66,1.10791712,0,0,1773313968795,False,True
0,2069.66,1.10791712,0,0,1773313968795,False,True
0,2069.66,0.19563459,0,0,1773313968795,False,True
0,2069.07,0.00128512,0,0,1773313974980,True,True
0,2068.24,0.00831491,0,0,1773313986063,False,True
0,2068.35,0.02246995,0,0,1773314006403,True,True
0,2067.71,0.00957492,0,0,1773314032565,True,True
0,2067.71,0.00096111,0,0,1773314036516,True,True
0,2067.99,0.07297814,0,0,1773314044376,False,True
0,2068.0,0.13773,0,0,1773314050105,True,True
0,2068.87,0.4,0,0,1773314051455,False,True
0,2068.23,0.00963674,0,0,1773314057203,False,True
0,2068.13,2.0,0,0,1773314080032,False,True
0,2068.08,2.41770013,0,0,1773314080032,False,True
0,2068.05,10.58229987,0,0,1773314080032,False,True
0,2068.05,1.50633388,0,0,1773314080032,False,True
0,2067.95,0.2685634,0,0,1773314080032,False,True
0,2067.95,18.22510272,0,0,1773314080032,False,True
0,2067.95,5.0,0,0,1773314080032,False,True
0,2067.95,0.95334675,0,0,1773314080032,False,True
0,2067.88,4.04665325,0,0,1773314080032,False,True
0,2067.88,5.0,0,0,1773314080032,False,True
0,2067.88,5.0,0,0,1773314080032,False,True
0,2067.88,5.0,0,0,1773314080032,False,True
0,2068.09,0.14507612,0,0,1773314104572,True,True
0,2068.08,0.01579444,0,0,1773314112789,False,True
0,2068.08,0.01328285,0,0,1773314116855,False,True
0,2068.09,0.00959695,0,0,1773314120891,True,True
0,2068.09,0.00959695,0,0,1773314123789,True,True
0,2068.08,0.03853245,0,0,1773314140057,False,True
0,2068.32,0.4,0,0,1773314152243,False,True
0,2068.52,0.01584435,0,0,1773314185366,True,True
0,2068.26,0.00232372,0,0,1773314197213,True,True
0,2068.08,0.02633038,0,0,1773314203888,False,True
0,2068.09,0.00278948,0,0,1773314216656,True,True
0,2068.08,0.02919936,0,0,1773314227563,False,True
0,2068.09,0.4,0,0,1773314242276,True,True
0,2068.09,1.42039714,0,0,1773314242276,True,True
0,2068.76,0.0009386,0,0,1773314254497,True,True
0,2068.76,0.4,0,0,1773314270006,True,True
0,2070.18,0.00959695,0,0,1773314283283,False,True
0,2070.18,0.00959695,0,0,1773314287511,False,True
0,2070.44,0.00885565,0,0,1773314290840,True,True
0,2070.46,0.01019207,0,0,1773314290840,True,True
0,2071.17,0.001,0,0,1773314292878,True,True
0,2071.5,0.04436308,0,0,1773314292878,True,True
0,2071.86,0.1,0,0,1773314297614,False,True
0,2072.18,0.21105547,0,0,1773314298321,True,True
0,2070.59,0.00128442,0,0,1773314317809,True,True
0,2070.48,0.02924466,0,0,1773314345318,False,True
0,2070.48,0.64403182,0,0,1773314345367,False,True
0,2070.1,0.00095702,0,0,1773314345755,False,True
0,2070.18,0.00096659,0,0,1773314346503,False,True
0,2070.02,0.4022489,0,0,1773314374542,True,True
0,2070.03,2.5977511,0,0,1773314374542,True,True
0,2070.14,0.04521614,0,0,1773314380563,True,True
0,2070.17,0.00141849,0,0,1773314395854,False,True
0,2070.29,0.05447368,0,0,1773314400542,False,True
0,2070.18,0.00093382,0,0,1773314410701,True,True
0,2070.17,0.00049634,0,0,1773314418689,False,True
0,2070.17,0.02969311,0,0,1773314424878,False,True
0,2070.18,0.03078258,0,0,1773314430164,True,True
0,2070.18,0.36921742,0,0,1773314441081,True,True
0,2070.18,0.00969203,0,0,1773314441081,True,True
0,2070.3,0.14607573,0,0,1773314441132,True,True
0,2070.74,0.00258497,0,0,1773314452128,True,True
0,2071.01,3.0,0,0,1773314455152,True,True
0,2071.01,0.4,0,0,1773314455152,True,True
0,2072.59,0.1869907,0,0,1773314471165,True,True
0,2072.58,0.1,0,0,1773314472788,False,True
0,2072.59,0.00128389,0,0,1773314476754,True,True
0,2072.59,0.00468609,0,0,1773314478833,True,True
0,2072.59,0.39456292,0,0,1773314479527,True,True
0,2072.59,0.5737,0,0,1773314479527,True,True
0,2072.59,1.27607294,0,0,1773314479527,True,True
0,2072.59,2.83638531,0,0,1773314479527,True,True
0,2072.59,7.924,0,0,1773314479527,True,True
0,2072.59,3.0,0,0,1773314479527,True,True
0,2072.59,3.99527883,0,0,1773314479527,True,True
0,2072.58,0.02150151,0,0,1773314480231,False,True
0,2072.71,0.0040033,0,0,1773314500959,True,True
0,2072.83,0.00723699,0,0,1773314500970,False,True
0,2072.83,0.1,0,0,1773314507038,False,True
0,2072.84,0.00298626,0,0,1773314514525,True,True
0,2072.84,0.4,0,0,1773314514525,True,True
0,2073.35,2.83638531,0,0,1773314514525,True,True
0,2073.36,3.0,0,0,1773314514525,True,True
0,2073.38,7.92,0,0,1773314514525,True,True
0,2073.44,5.84062843,0,0,1773314514525,True,True
0,2072.83,0.8045071,0,0,1773314533344,False,True
0,2072.25,2.41282549,0,0,1773314533344,False,True
0,2072.19,0.61075741,0,0,1773314533344,False,True
0,2072.0,0.01213833,0,0,1773314562008,False,True
0,2072.0,0.01440607,0,0,1773314562008,False,True
0,2072.01,0.00135699,0,0,1773314579825,True,True
0,2072.01,0.00140912,0,0,1773314603672,True,True
0,2072.0,1.23675317,0,0,1773314611895,False,True
0,2072.0,10.4628651,0,0,1773314611895,False,True
0,2072.0,1.23675318,0,0,1773314611895,False,True
0,2072.0,2.47350636,0,0,1773314611896,False,True
0,2072.0,0.36349663,0,0,1773314611898,False,True
0,2072.0,0.36349663,0,0,1773314611898,False,True
0,2072.0,3.91706232,0,0,1773314611898,False,True
0,2072.0,0.00092594,0,0,1773314611898,False,True
0,2072.0,0.04701059,0,0,1773314611962,False,True
0,2072.0,0.00013779,0,0,1773314611975,False,True
0,2071.68,0.04500157,0,0,1773314615437,False,True
0,2071.68,0.04500157,0,0,1773314615438,False,True
0,2071.68,3.91798826,0,0,1773314622173,False,True
0,2071.68,6.39213796,0,0,1773314622367,False,True
0,2071.56,0.17904226,0,0,1773314623193,False,True
0,2070.84,0.04870317,0,0,1773314624083,False,True
0,2070.82,0.09031497,0,0,1773314627269,True,True
0,2070.89,1.20658227,0,0,1773314640755,False,True
0,2071.78,0.1,0,0,1773314669600,False,True
0,2071.42,0.00935145,0,0,1773314693133,True,True
0,2071.25,0.00469879,0,0,1773314738749,True,True
0,2071.25,0.02249309,0,0,1773314753345,True,True
0,2071.25,0.72420036,0,0,1773314758451,True,True
0,2071.25,0.72420036,0,0,1773314758451,True,True
0,2071.25,0.14191546,0,0,1773314758451,True,True
0,2071.25,0.5875236,0,0,1773314758451,True,True
0,2071.25,1.27607294,0,0,1773314758451,True,True
0,2071.25,2.83638531,0,0,1773314758451,True,True
0,2071.25,0.05890513,0,0,1773314758451,True,True
0,2071.25,0.5737,0,0,1773314758451,True,True
0,2071.25,0.5411864,0,0,1773314758451,True,True
0,2071.25,0.4,0,0,1773314758451,True,True
0,2071.29,7.926,0,0,1773314758451,True,True
0,2071.3,9.15837248,0,0,1773314758451,True,True
0,2071.34,9.782,0,0,1773314758451,True,True
0,2071.46,2.41376007,0,0,1773314758451,True,True
0,2071.56,9.57843052,0,0,1773314758451,True,True
0,2071.57,24.13636966,0,0,1773314758451,True,True
0,2071.58,12.06809681,0,0,1773314758451,True,True
0,2071.63,2.82598254,0,0,1773314758451,True,True
0,2071.64,34.764,0,0,1773314758451,True,True
0,2071.65,0.5737,0,0,1773314758451,True,True
0,2071.68,9.15837248,0,0,1773314758451,True,True
0,2071.72,1.87402415,0,0,1773314758451,True,True
0,2071.76,24.13417178,0,0,1773314758451,True,True
0,2071.78,0.00461286,0,0,1773314758451,True,True
0,2071.78,24.13388602,0,0,1773314758451,True,True
0,2071.79,3.0,0,0,1773314758451,True,True
0,2071.8,11.588,0,0,1773314758451,True,True
0,2071.87,0.09285043,0,0,1773314758451,True,True
0,2071.94,4.92328064,0,0,1773314758451,True,True
0,2071.27,0.00474492,0,0,1773314766510,True,True
0,2071.26,0.00965605,0,0,1773314768254,False,True
0,2071.27,0.20296341,0,0,1773314787040,True,True
0,2071.27,0.32198736,0,0,1773314787043,True,True
0,2071.27,0.15223491,0,0,1773314787045,True,True
0,2071.27,0.31596252,0,0,1773314787046,True,True
0,2071.27,0.06947499,0,0,1773314787047,True,True
0,2071.27,0.06261529,0,0,1773314787048,True,True
0,2071.27,0.04412244,0,0,1773314787048,True,True
0,2071.27,0.04819247,0,0,1773314787049,True,True
0,2071.27,0.0651646,0,0,1773314787050,True,True
0,2071.27,0.14242149,0,0,1773314787050,True,True
0,2071.27,0.03812745,0,0,1773314787050,True,True
0,2071.27,0.07303309,0,0,1773314787051,True,True
0,2071.27,1.45895506,0,0,1773314787051,True,True
0,2071.24,0.74682301,0,0,1773314804888,False,True
0,2070.82,0.001,0,0,1773314805126,False,True
0,2070.52,0.001,0,0,1773314806488,False,True
0,2070.51,0.001,0,0,1773314806488,False,True
0,2070.17,0.03059629,0,0,1773314808264,False,True
0,2070.17,0.17932182,0,0,1773314808266,False,True
0,2068.95,0.48156601,0,0,1773314821275,False,True
0,2068.95,0.04536308,0,0,1773314821275,False,True
0,2068.57,0.14507612,0,0,1773314821906,False,True
0,2068.54,0.0067683,0,0,1773314826760,True,True
0,2068.54,0.04738414,0,0,1773314826768,True,True
0,2068.51,0.00165989,0,0,1773314830975,False,True
0,2068.46,0.05329405,0,0,1773314843053,True,True
0,2068.47,3.0,0,0,1773314843053,True,True
0,2068.67,1.51350595,0,0,1773314843053,True,True
0,2067.55,0.31565379,0,0,1773314845684,False,True
0,2067.14,0.05350687,0,0,1773314846577,False,True
0,2067.14,0.04649313,0,0,1773314846779,False,True
0,2067.05,0.01839,0,0,1773314847577,False,True
0,2066.77,0.16666666,0,0,1773314847577,False,True
0,2066.68,2.0,0,0,1773314847577,False,True
0,2066.67,8.47890376,0,0,1773314847577,False,True
0,2067.68,0.03335218,0,0,1773314853812,True,True
0,2067.68,0.4,0,0,1773314869925,True,True
0,2068.32,0.00323349,0,0,1773314875910,False,True
0,2068.33,0.02370009,0,0,1773314878038,True,True
0,2068.53,0.03335218,0,0,1773314882151,True,True
0,2068.94,0.11169237,0,0,1773314882151,True,True
0,2068.71,0.00582044,0,0,1773314888348,False,True
0,2068.46,0.01184896,0,0,1773314902756,True,True
0,2068.45,0.00483732,0,0,1773314911540,False,True
0,2068.46,0.4,0,0,1773314937337,True,True
0,2069.55,0.24338389,0,0,1773314941171,False,True
0,2069.42,0.00103793,0,0,1773314944302,True,True
0,2069.3,0.00288838,0,0,1773314964451,True,True
0,2069.3,0.39711162,0,0,1773314987247,True,True
0,2069.3,0.1836,0,0,1773314987247,True,True
0,2070.61,0.04515085,0,0,1773314989215,True,True
0,2070.76,0.59157922,0,0,1773314999066,True,True
0,2070.77,0.16214539,0,0,1773314999066,True,True
0,2070.78,3.81347539,0,0,1773314999066,True,True
0,2070.45,1.66020582,0,0,1773314999786,False,True
0,2070.59,0.00280422,0,0,1773315001661,True,True
0,2070.71,0.00890886,0,0,1773315009890,True,True
0,2070.71,0.4,0,0,1773315016613,True,True
0,2071.72,1.66020583,0,0,1773315017554,False,True
0,2071.84,0.04530658,0,0,1773315018165,True,True
0,2071.45,0.0277,0,0,1773315042203,True,True
0,2071.45,0.00122955,0,0,1773315043871,True,True
0,2071.44,0.02129524,0,0,1773315050752,False,True
0,2071.45,0.37983359,0,0,1773315052218,True,True
0,2071.44,0.02042419,0,0,1773315052324,False,True
0,2071.44,0.01945405,0,0,1773315052917,False,True
0,2071.44,0.65233809,0,0,1773315052920,False,True
0,2070.45,0.04829867,0,0,1773315053560,False,True
0,2070.32,2.0,0,0,1773315053698,False,True
0,2069.63,0.00259359,0,0,1773315070229,True,True
0,2069.81,0.01898714,0,0,1773315082718,False,True
0,2069.9,0.00464333,0,0,1773315085374,True,True
0,2070.0,0.00065345,0,0,1773315163044,True,True
0,2069.87,0.02240386,0,0,1773315166749,False,True
0,2069.95,0.02231422,0,0,1773315179113,True,True
0,2069.82,3.0,0,0,1773315196603,True,True
0,2070.0,0.24934655,0,0,1773315196603,True,True
0,2070.0,0.4,0,0,1773315196603,True,True
0,2070.0,0.02598445,0,0,1773315196603,True,True
0,2070.02,0.324669,0,0,1773315196603,True,True
0,2069.78,0.19679061,0,0,1773315207696,False,True
0,2069.78,0.06520173,0,0,1773315207696,False,True
0,2069.88,0.00480707,0,0,1773315217746,True,True
0,2069.88,0.01989317,0,0,1773315220236,True,True
0,2069.88,4.0,0,0,1773315220315,True,True
0,2070.05,0.4,0,0,1773315233588,True,True
0,2070.36,0.5875236,0,0,1773315233588,True,True
0,2070.37,3.0124764,0,0,1773315233588,True,True
0,2071.3,0.01419054,0,0,1773315242003,False,True
0,2071.31,0.02222496,0,0,1773315259475,False,True
0,2071.32,0.00387521,0,0,1773315260210,True,True
0,2071.32,0.13647335,0,0,1773315265838,True,True
0,2071.32,0.02213564,0,0,1773315271415,True,True
0,2071.31,0.101215,0,0,1773315272017,False,True
0,2071.23,0.17008177,0,0,1773315279482,False,True
0,2071.32,0.0903311,0,0,1773315279933,True,True
0,2071.31,0.0220471,0,0,1773315285868,False,True
0,2071.32,0.02196184,0,0,1773315296749,True,True
0,2071.31,0.00474492,0,0,1773315303099,False,True
0,2071.31,0.02187399,0,0,1773315343601,False,True
0,2071.32,0.00965567,0,0,1773315354109,True,True
0,2071.32,0.01212754,0,0,1773315354109,True,True
0,2072.01,0.4,0,0,1773315362472,False,True
0,2071.86,4.0,0,0,1773315368919,False,True
0,2071.86,4.0,0,0,1773315368919,False,True
0,2071.86,4.0,0,0,1773315368919,False,True
0,2071.97,0.00935859,0,0,1773315370126,True,True
0,2072.07,0.20781659,0,0,1773315370126,True,True
0,2072.0,0.00473162,0,0,1773315393144,True,True
0,2072.0,20.06771399,0,0,1773315398259,True,True
0,2072.0,0.0112697,0,0,1773315398259,True,True
0,2073.72,0.01682039,0,0,1773315417224,True,True
0,2073.72,0.38317961,0,0,1773315417400,True,True
0,2073.76,0.01072956,0,0,1773315417400,True,True
0,2073.87,0.00468855,0,0,1773315417646,True,True
0,2073.86,0.00719932,0,0,1773315417806,False,True
0,2073.87,0.31096524,0,0,1773315419581,True,True
0,2073.95,0.00593959,0,0,1773315419661,True,True
0,2074.27,0.00468146,0,0,1773315427133,True,True
0,2074.27,0.01228776,0,0,1773315432415,True,True
0,2074.61,0.08893633,0,0,1773315432415,True,True
0,2074.27,0.001,0,0,1773315451648,True,True
0,2074.45,5.79929629,0,0,1773315452085,False,True
0,2074.93,0.4,0,0,1773315470921,True,True
0,2075.0,0.8,0,0,1773315470921,True,True
0,2075.2,0.01404476,0,0,1773315470921,True,True
0,2075.59,0.00164647,0,0,1773315470921,True,True
0,2075.61,1.53627148,0,0,1773315470921,True,True
0,2075.34,0.00487655,0,0,1773315473615,False,True
0,2075.34,0.18820555,0,0,1773315484936,False,True
0,2075.34,0.54948275,0,0,1773315485942,False,True
0,2075.06,0.00356916,0,0,1773315487916,True,True
0,2074.92,0.03034287,0,0,1773315502548,False,True
0,2074.92,3.91798826,0,0,1773315507595,False,True
0,2074.92,3.91798826,0,0,1773315508457,False,True
0,2074.92,2.13368061,0,0,1773315508888,False,True
0,2074.74,6.31928399,0,0,1773315509032,False,True
0,2074.74,2.50517428,0,0,1773315509040,False,True
0,2074.74,1.23675386,0,0,1773315509042,False,True
0,2074.74,0.54952945,0,0,1773315509069,False,True
0,2074.25,0.4,0,0,1773315538290,True,True
0,2074.26,3.0,0,0,1773315538290,True,True
0,2074.77,0.20656999,0,0,1773315538294,True,True
0,2074.76,0.17381843,0,0,1773315538296,True,True
0,2074.76,0.16874767,0,0,1773315538296,True,True
0,2074.7,0.05214202,0,0,1773315538298,True,True
0,2074.7,0.06515306,0,0,1773315538298,True,True
0,2074.7,0.04587531,0,0,1773315538299,True,True
0,2074.7,0.06403893,0,0,1773315538300,True,True
0,2074.7,0.11147617,0,0,1773315538301,True,True
0,2074.7,0.08520999,0,0,1773315538301,True,True
0,2074.69,0.17883732,0,0,1773315538302,True,True
0,2074.77,0.49205599,0,0,1773315538817,False,True
0,2074.72,0.4,0,0,1773315540195,False,True
0,2074.87,0.05460664,0,0,1773315545123,True,True
0,2074.74,0.02234392,0,0,1773315546558,True,True
0,2074.7,0.00513439,0,0,1773315547846,True,True
0,2074.59,0.0054,0,0,1773315554303,True,True
0,2074.39,0.00224751,0,0,1773315583265,True,True
0,2074.64,0.0017,0,0,1773315587242,False,True
0,2074.64,2.40835668,0,0,1773315592797,False,True
0,2074.64,0.34939055,0,0,1773315592797,False,True
0,2074.64,0.16666666,0,0,1773315592797,False,True
0,2074.64,2.0,0,0,1773315592797,False,True
0,2074.64,2.89305581,0,0,1773315592797,False,True
0,2074.64,2.2135,0,0,1773315592797,False,True
0,2074.64,1.8259303,0,0,1773315592797,False,True
0,2073.44,1.57843383,0,0,1773315602213,False,True
0,2074.64,0.00952795,0,0,1773315632154,True,True
0,2074.64,0.39047205,0,0,1773315641928,True,True
0,2074.82,0.06353457,0,0,1773315641928,True,True
0,2074.83,3.0,0,0,1773315641928,True,True
0,2075.07,0.5145,0,0,1773315641928,True,True
0,2075.09,0.16459436,0,0,1773315641928,True,True
0,2075.14,0.42509902,0,0,1773315641928,True,True
0,2074.72,0.0566238,0,0,1773315659763,True,True
0,2074.64,0.4,0,0,1773315665559,False,True
0,2075.65,0.0139298,0,0,1773315685122,True,True
0,2075.54,0.08970916,0,0,1773315716502,True,True
0,2075.29,0.00400751,0,0,1773315720037,False,True
0,2075.28,0.69812627,0,0,1773315723889,False,True
0,2074.63,0.01154948,0,0,1773315736858,False,True
0,2074.64,0.10050224,0,0,1773315737739,True,True
0,2074.63,0.22945735,0,0,1773315742187,False,True
0,2074.89,0.0011719,0,0,1773315766746,True,True
0,2074.89,0.26603193,0,0,1773315779479,False,True
0,2074.89,0.00572937,0,0,1773315780058,False,True
0,2074.89,0.00165407,0,0,1773315787012,False,True
0,2074.89,0.00407431,0,0,1773315790800,False,True
0,2074.89,0.09783651,0,0,1773315800614,False,True
0,2075.34,0.4,0,0,1773315816867,False,True
0,2075.59,0.00161648,0,0,1773315824073,False,True
0,2075.41,0.00059902,0,0,1773315830089,False,True
0,2074.91,0.0020723,0,0,1773315835913,True,True
0,2075.03,0.0928934,0,0,1773315835913,True,True
0,2075.04,0.013651,0,0,1773315838278,True,True
0,2074.87,0.00471303,0,0,1773315849989,True,True
0,2074.83,1.25586487,0,0,1773315858157,True,True
0,2074.84,0.234526,0,0,1773315860003,True,True
0,2074.55,0.00095419,0,0,1773315860787,False,True
0,2074.84,0.00891938,0,0,1773315860787,True,True
0,2074.84,0.04795786,0,0,1773315861012,True,True
0,2074.18,2.41058644,0,0,1773315866924,False,True
0,2074.13,0.32680848,0,0,1773315866924,False,True
0,2074.54,0.00474899,0,0,1773315906419,True,True
0,2074.69,0.00090074,0,0,1773315911206,True,True
0,2074.69,0.01187277,0,0,1773315913339,True,True
0,2074.68,0.43844051,0,0,1773315920843,False,True
0,2074.69,0.4,0,0,1773315921849,True,True
0,2075.28,0.1037235,0,0,1773315933993,True,True
0,2075.28,0.93230546,0,0,1773315933994,True,True
0,2075.28,1.96397104,0,0,1773315933997,True,True
0,2075.65,0.03213563,0,0,1773315934014,True,True
0,2075.7,1.19076425,0,0,1773315934014,True,True
0,2075.64,0.5350192,0,0,1773315934076,True,True
0,2075.64,0.74105374,0,0,1773315934076,True,True
0,2075.69,0.03213563,0,0,1773315934076,True,True
0,2075.69,0.77318937,0,0,1773315934077,True,True
0,2075.69,0.77318937,0,0,1773315934093,True,True
0,2075.69,1.25787094,0,0,1773315934163,True,True
0,2075.69,0.5875236,0,0,1773315934163,True,True
0,2075.93,0.01458015,0,0,1773315934319,True,True
0,2076.06,0.001,0,0,1773315934364,True,True
0,2076.07,0.001,0,0,1773315934437,True,True
0,2076.23,0.02215346,0,0,1773315934505,True,True
0,2076.41,0.03381948,0,0,1773315934505,True,True
0,2076.56,0.04309286,0,0,1773315934926,False,True
0,2076.56,0.01931078,0,0,1773315934931,False,True
0,2075.27,0.02095014,0,0,1773315943765,False,True
0,2075.27,0.55207654,0,0,1773315946771,False,True
0,2074.61,0.001,0,0,1773315947579,False,True
0,2074.86,0.09396698,0,0,1773315954065,True,True
0,2074.41,0.001,0,0,1773315957427,False,True
0,2074.4,0.001,0,0,1773315957427,False,True
0,2073.51,0.48147573,0,0,1773315982929,True,True
0,2073.51,0.0012607,0,0,1773315985129,True,True
0,2073.36,0.0217018,0,0,1773315997703,False,True
0,2073.4,0.02169608,0,0,1773316002821,False,True
0,2073.43,0.04798522,0,0,1773316012304,True,True
0,2073.46,0.02161122,0,0,1773316012765,True,True
0,2073.49,0.02241187,0,0,1773316018796,True,True
0,2073.49,0.00176208,0,0,1773316019167,True,True
0,2073.5,0.00586544,0,0,1773316026857,False,True
0,2073.5,0.01565934,0,0,1773316026857,False,True
0,2073.51,0.00964548,0,0,1773316029553,True,True
0,2073.51,0.02143708,0,0,1773316036480,True,True
0,2073.51,0.36891744,0,0,1773316043676,True,True
0,2074.12,0.04934482,0,0,1773316049501,False,True
0,2074.82,0.00149112,0,0,1773316062255,False,True
0,2074.64,0.00093439,0,0,1773316066498,True,True
0,2072.03,0.01357373,0,0,1773316116433,True,True
0,2071.83,0.04530658,0,0,1773316116434,False,True
0,2071.84,0.01792212,0,0,1773316129106,True,True
0,2071.83,0.04540082,0,0,1773316137783,False,True
0,2071.83,0.01780964,0,0,1773316140302,False,True
0,2071.44,0.14504455,0,0,1773316142636,False,True
0,2070.94,0.0048287,0,0,1773316152571,False,True
0,2070.79,0.01695399,0,0,1773316152571,False,True
0,2070.65,0.00200642,0,0,1773316172090,True,True
0,2070.67,0.4,0,0,1773316172090,True,True
0,2070.68,4.16239358,0,0,1773316172090,True,True
0,2070.68,0.01007242,0,0,1773316174930,True,True
0,2070.81,0.04952175,0,0,1773316177661,True,True
0,2070.93,0.01879796,0,0,1773316207812,True,True
0,2070.92,0.03214547,0,0,1773316225267,False,True
0,2070.92,0.16076698,0,0,1773316246588,False,True
0,2070.92,0.54631704,0,0,1773316246588,False,True
0,2070.03,2.0,0,0,1773316246595,False,True
0,2070.0,0.00180676,0,0,1773316246595,False,True
0,2070.0,0.88171709,0,0,1773316246595,False,True
0,2070.0,11.19557442,0,0,1773316246596,False,True
0,2070.03,0.15540997,0,0,1773316246603,False,True
0,2070.03,0.07761611,0,0,1773316246603,False,True
0,2070.03,11.19557442,0,0,1773316246604,False,True
0,2070.03,2.12304125,0,0,1773316246604,False,True
0,2069.84,0.16666666,0,0,1773316247211,False,True
0,2069.76,0.1956443,0,0,1773316247211,False,True
0,2069.85,0.72462192,0,0,1773316247276,False,True
0,2069.88,0.96616257,0,0,1773316247341,False,True
0,2069.85,0.36232537,0,0,1773316250624,False,True
0,2069.85,0.25931796,0,0,1773316250625,False,True
0,2069.85,0.10372719,0,0,1773316250626,False,True
0,2069.85,0.25931797,0,0,1773316250626,False,True
0,2069.85,1.01531151,0,0,1773316250628,False,True
0,2069.61,2.0,0,0,1773316250731,False,True
0,2069.12,0.04832972,0,0,1773316250860,False,True
0,2068.76,0.00544658,0,0,1773316251849,True,True
0,2068.64,0.5875236,0,0,1773316253241,False,True
0,2068.63,2.41705561,0,0,1773316253241,False,True
0,2068.57,1.64294194,0,0,1773316253241,False,True
0,2068.56,5.96109828,0,0,1773316253241,False,True
0,2069.31,0.00152147,0,0,1773316261198,True,True
0,2068.85,0.06170255,0,0,1773316262212,False,True
0,2068.85,1.04076859,0,0,1773316262212,False,True
0,2068.85,0.89752886,0,0,1773316262231,False,True
0,2068.6,0.0190012,0,0,1773316262280,False,True
0,2068.3,0.31901275,0,0,1773316262280,False,True
0,2068.63,2.0,0,0,1773316262296,False,True
0,2067.95,0.03194055,0,0,1773316263743,True,True
0,2067.56,0.04836619,0,0,1773316265449,False,True
0,2067.55,0.31565379,0,0,1773316265449,False,True
0,2067.45,2.0,0,0,1773316265449,False,True
0,2067.43,0.83463994,0,0,1773316265449,False,True
0,2067.43,1.23703847,0,0,1773316265451,False,True
0,2067.45,2.0,0,0,1773316265460,False,True
0,2067.39,0.1,0,0,1773316265460,False,True
0,2067.38,0.001,0,0,1773316265460,False,True
0,2067.37,0.001,0,0,1773316265460,False,True
0,2067.21,0.02,0,0,1773316265460,False,True
0,2066.92,3.84178,0,0,1773316265516,False,True
0,2066.79,0.02,0,0,1773316265516,False,True
0,2066.76,2.924454,0,0,1773316265516,False,True
0,2066.55,0.51301385,0,0,1773316265516,False,True
0,2066.5,0.001,0,0,1773316265516,False,True
0,2065.78,0.03034287,0,0,1773316266743,False,True
0,2065.78,1.96965713,0,0,1773316266743,False,True
0,2065.78,0.5737,0,0,1773316266743,False,True
0,2065.69,0.15794497,0,0,1773316266743,False,True
0,2065.53,1.21668616,0,0,1773316266743,False,True
0,2065.53,3.91798826,0,0,1773316266743,False,True
0,2065.53,2.13368061,0,0,1773316266743,False,True
0,2065.91,2.0,0,0,1773316270747,False,True
0,2065.9,2.42025267,0,0,1773316271743,False,True
0,2065.86,12.10146918,0,0,1773316271743,False,True
0,2065.74,0.20148192,0,0,1773316271743,False,True
0,2065.74,24.00286882,0,0,1773316271744,False,True
0,2065.68,9.50132926,0,0,1773316271744,False,True
0,2065.68,14.70373926,0,0,1773316271744,False,True
0,2065.32,0.01946451,0,0,1773316271744,False,True
0,2065.63,1.0,0,0,1773316275927,False,True
0,2065.3,0.25,0,0,1773316275929,False,True
0,2065.3,1.75,0,0,1773316275930,False,True
0,2065.1,24.21181631,0,0,1773316275930,False,True
0,2064.85,0.0464053,0,0,1773316275940,False,True
0,2064.59,2.979287,0,0,1773316275940,False,True
0,2064.58,0.02,0,0,1773316275940,False,True
0,2064.87,0.02435929,0,0,1773316275958,False,True
0,2065.1,2.0,0,0,1773316275967,False,True
0,2064.38,0.001,0,0,1773316276036,False,True
0,2064.17,0.001,0,0,1773316276036,False,True
0,2064.05,0.6988,0,0,1773316276036,False,True
0,2064.05,2.323743,0,0,1773316276092,False,True
0,2063.91,0.001,0,0,1773316276092,False,True
0,2063.91,0.02,0,0,1773316276092,False,True
0,2063.26,0.20659195,0,0,1773316280102,False,True
0,2063.26,0.79340805,0,0,1773316280110,False,True
0,2063.24,0.13079025,0,0,1773316280117,False,True
0,2063.3,0.7008,0,0,1773316280126,False,True
0,2063.3,0.20659195,0,0,1773316280129,False,True
0,2063.3,1.09260805,0,0,1773316280138,False,True
0,2062.46,0.01776267,0,0,1773316280181,False,True
0,2062.46,2.91600333,0,0,1773316280187,False,True
0,2062.35,0.02,0,0,1773316280187,False,True
0,2061.24,0.31662009,0,0,1773316280374,False,True
0,2061.77,0.60747668,0,0,1773316280892,False,True
0,2061.77,0.00747668,0,0,1773316280892,False,True
0,2061.9,0.8882,0,0,1773316281607,False,True
0,2061.9,0.33709999,0,0,1773316281759,False,True
0,2061.84,0.06038655,0,0,1773316283123,False,True
0,2061.84,0.32529999,0,0,1773316285274,False,True
0,2061.84,0.61431346,0,0,1773316285425,False,True
0,2061.84,0.01858654,0,0,1773316285425,False,True
0,2061.84,0.0118,0,0,1773316285536,False,True
0,2061.84,0.02,0,0,1773316285537,False,True
0,2061.86,0.001,0,0,1773316297604,True,True
0,2061.87,0.001,0,0,1773316297654,True,True
0,2061.88,0.001,0,0,1773316297654,True,True
0,2062.78,0.00485003,0,0,1773316303502,True,True
0,2063.13,0.001,0,0,1773316313186,True,True
0,2063.21,0.00024561,0,0,1773316313186,True,True
0,2063.28,0.52695391,0,0,1773316317961,False,True
0,2063.35,0.4,0,0,1773316338284,True,True
0,2063.35,0.03608153,0,0,1773316338284,True,True
0,2063.86,0.001,0,0,1773316348484,True,True
0,2063.87,0.001,0,0,1773316348484,True,True
0,2063.88,0.001,0,0,1773316348484,True,True
0,2064.87,0.04513833,0,0,1773316367627,True,True
0,2064.86,0.01156147,0,0,1773316368730,False,True
0,2065.17,0.005997,0,0,1773316370367,False,True
0,2065.13,0.00252171,0,0,1773316384038,True,True
0,2065.5,0.01889495,0,0,1773316391531,True,True
0,2065.79,0.4,0,0,1773316422537,False,True
0,2065.74,0.04793508,0,0,1773316425996,True,True
0,2065.35,0.005081,0,0,1773316451256,True,True
0,2064.1,0.00574916,0,0,1773316462066,True,True
0,2063.94,0.09075289,0,0,1773316467802,False,True
0,2064.09,0.00097742,0,0,1773316471587,True,True
0,2064.1,0.03080243,0,0,1773316485049,True,True
0,2063.9,0.02815337,0,0,1773316487373,True,True
0,2063.89,0.002045,0,0,1773316487490,True,True
0,2063.09,2.0,0,0,1773316489209,False,True
0,2063.01,0.00289639,0,0,1773316489963,True,True
0,2063.82,0.01928642,0,0,1773316493485,True,True
0,2063.15,2.0,0,0,1773316495607,False,True
0,2062.79,1.09139281,0,0,1773316495611,False,True
0,2062.79,0.4736353,0,0,1773316495613,False,True
0,2062.79,0.080088,0,0,1773316495616,False,True
0,2062.9,0.809515,0,0,1773316495619,False,True
0,2062.79,2.31390473,0,0,1773316495619,False,True
0,2062.51,1.22436155,0,0,1773316495660,False,True
0,2062.79,0.989079,0,0,1773316495716,False,True
0,2062.51,1.72819345,0,0,1773316495716,False,True
0,2061.97,3.221198,0,0,1773316495740,False,True
0,2061.81,0.3921506,0,0,1773316495852,False,True
0,2062.17,0.0224678,0,0,1773316507027,True,True
0,2062.52,2.42421891,0,0,1773316513793,False,True
0,2062.52,0.61349545,0,0,1773316513793,False,True
0,2062.52,5.81765879,0,0,1773316513793,False,True
0,2062.52,2.06,0,0,1773316513931,False,True
0,2062.53,0.5086423,0,0,1773316514717,True,True
0,2063.14,0.0841281,0,0,1773316546856,True,True
0,2063.14,0.03704642,0,0,1773316546856,True,True
0,2063.14,0.02258151,0,0,1773316553498,True,True
0,2063.14,0.01546708,0,0,1773316557566,True,True
0,2063.13,0.47469876,0,0,1773316560749,False,True
0,2062.95,1.42530124,0,0,1773316560749,False,True
0,2063.09,0.02387733,0,0,1773316572032,True,True
0,2063.09,0.4,0,0,1773316574968,True,True
0,2063.18,2.55160594,0,0,1773316574968,True,True
0,2062.96,0.210656,0,0,1773316576266,False,True
0,2062.96,0.149344,0,0,1773316576266,False,True
0,2062.82,1.850656,0,0,1773316576266,False,True
0,2062.82,0.149344,0,0,1773316576267,False,True
0,2062.58,1.64770452,0,0,1773316576268,False,True
0,2062.5,0.5737,0,0,1773316576268,False,True
0,2062.3,0.31,0,0,1773316576268,False,True
0,2062.29,0.5737,0,0,1773316576268,False,True
0,2062.59,1.5366967,0,0,1773316576274,False,True
0,2062.59,0.07486472,0,0,1773316576276,False,True
0,2062.26,1.5366967,0,0,1773316576280,False,True
0,2062.26,1.3921213,0,0,1773316576280,False,True
0,2062.22,0.07486472,0,0,1773316576301,False,True
0,2062.58,0.07486472,0,0,1773316576305,False,True
0,2062.8,0.95122681,0,0,1773316576308,False,True
0,2062.8,1.04877319,0,0,1773316576308,False,True
0,2062.58,0.62038428,0,0,1773316576309,False,True
0,2062.12,0.8391919,0,0,1773316576309,False,True
0,2062.22,0.672456,0,0,1773316576401,False,True
0,2061.72,2.842355,0,0,1773316576403,False,True
0,2061.67,0.02,0,0,1773316576403,False,True
0,2061.02,0.00727323,0,0,1773316580568,True,True
0,2062.18,0.02425406,0,0,1773316590149,False,True
0,2061.68,0.00603867,0,0,1773316600950,False,True
0,2061.69,1.9,0,0,1773316602292,True,True
0,2061.58,0.00748552,0,0,1773316603958,False,True
0,2061.43,0.47296742,0,0,1773316605642,False,True
0,2061.17,0.0012402,0,0,1773316615930,True,True
0,2060.99,0.067741,0,0,1773316617125,True,True
0,2060.98,0.00126914,0,0,1773316620198,False,True
0,2061.01,1.9,0,0,1773316620743,False,True
0,2061.18,0.41489395,0,0,1773316631593,False,True
0,2061.18,0.46675599,0,0,1773316631593,False,True
0,2061.18,1.54414499,0,0,1773316631595,False,True
0,2061.18,5.05605598,0,0,1773316631595,False,True
0,2061.18,0.41426185,0,0,1773316631597,False,True
0,2061.18,1.28610301,0,0,1773316631598,False,True
0,2061.18,0.41987473,0,0,1773316631598,False,True
0,2061.18,1.58012527,0,0,1773316631599,False,True
0,2061.1,0.36,0,0,1773316631603,False,True
0,2061.08,0.72761528,0,0,1773316631603,False,True
0,2061.06,1.45523056,0,0,1773316631603,False,True
0,2061.04,4.846,0,0,1773316631618,False,True
0,2060.98,0.01086102,0,0,1773316631618,False,True
0,2060.85,12.1308821,0,0,1773316631622,False,True
0,2060.42,2.11275144,0,0,1773316631646,False,True
0,2060.42,0.76375056,0,0,1773316631650,False,True
0,2060.08,0.02,0,0,1773316631684,False,True
0,2060.0,0.00233495,0,0,1773316631684,False,True
0,2059.88,3.34305611,0,0,1773316631684,False,True
0,2059.88,0.03066989,0,0,1773316631754,False,True
0,2059.88,0.04852386,0,0,1773316631766,True,True
0,2059.23,0.364197,0,0,1773316632308,False,True
0,2059.41,1.45678802,0,0,1773316632372,False,True
0,2059.23,1.94238403,0,0,1773316632437,False,True
0,2059.23,0.72839401,0,0,1773316632501,False,True
0,2059.39,0.97110713,0,0,1773316632565,False,True
0,2059.17,0.24923473,0,0,1773316632786,False,True
0,2059.97,0.36409622,0,0,1773316639627,False,True
0,2059.97,0.72819245,0,0,1773316639692,False,True
0,2059.97,0.97092327,0,0,1773316639757,False,True
0,2060.14,0.97083844,0,0,1773316642781,False,True
0,2060.37,0.3640432,0,0,1773316649960,False,True
0,2061.32,2.42562974,0,0,1773316674533,False,True
0,2061.26,3.49915119,0,0,1773316674533,False,True
0,2061.21,0.4,0,0,1773316674738,False,True
0,2061.38,0.00080665,0,0,1773316676848,True,True
0,2062.1,0.00190134,0,0,1773316693496,False,True
0,2061.92,0.00484982,0,0,1773316708974,True,True
0,2061.97,0.00104776,0,0,1773316714078,True,True
0,2061.87,0.073689,0,0,1773316719021,False,True
0,2061.89,0.00475489,0,0,1773316751185,True,True
0,2061.89,0.00242495,0,0,1773316754400,True,True
0,2061.77,0.0181791,0,0,1773316757714,False,True
0,2061.79,0.19293777,0,0,1773316761426,False,True
0,2061.89,0.10034568,0,0,1773316768267,True,True
0,2061.89,0.0020873,0,0,1773316774882,True,True
0,2062.12,0.4,0,0,1773316775806,False,True
0,2062.42,0.01982346,0,0,1773316780945,True,True
0,2062.42,1.65721866,0,0,1773316785038,True,True
0,2062.46,0.06060723,0,0,1773316785038,True,True
0,2062.53,0.27361322,0,0,1773316785039,True,True
0,2062.53,2.72638678,0,0,1773316785041,True,True
0,2062.55,0.72741414,0,0,1773316785041,True,True
0,2062.57,0.32644948,0,0,1773316785041,True,True
0,2062.57,1.19487626,0,0,1773316785041,True,True
0,2062.64,0.4386911,0,0,1773316785041,True,True
0,2062.79,4.23854224,0,0,1773316785055,True,True
0,2062.78,1.43075889,0,0,1773316785066,True,True
0,2062.52,0.27361322,0,0,1773316785067,True,True
0,2062.52,0.61823255,0,0,1773316785072,True,True
0,2062.52,2.10815423,0,0,1773316785075,True,True
0,2062.8,0.3,0,0,1773316785088,True,True
0,2062.83,0.09253085,0,0,1773316785088,True,True
0,2063.48,2.0,0,0,1773316791649,False,True
0,2063.33,0.04798549,0,0,1773316800259,True,True
0,2063.23,0.00450221,0,0,1773316801324,False,True
0,2063.49,0.00048462,0,0,1773316802040,True,True
0,2063.49,0.0032702,0,0,1773316802102,True,True
0,2063.47,0.04760973,0,0,1773316802961,True,True
0,2063.47,0.00048462,0,0,1773316804046,True,True
0,2063.47,2.95190565,0,0,1773316804540,True,True
0,2063.49,0.0022067,0,0,1773316804540,True,True
0,2063.73,1.64681262,0,0,1773316804540,True,True
0,2063.73,2.83638531,0,0,1773316804540,True,True
0,2063.88,21.57728407,0,0,1773316804540,True,True
0,2063.91,0.5737,0,0,1773316804540,True,True
0,2063.91,0.38445808,0,0,1773316804540,True,True
0,2064.12,0.5737,0,0,1773316804550,True,True
0,2063.64,3.0,0,0,1773316804559,True,True
0,2064.11,0.06055878,0,0,1773316804566,True,True
0,2064.19,0.02,0,0,1773316804566,True,True
0,2064.62,4.854,0,0,1773316804606,True,True
0,2064.11,0.3,0,0,1773316804634,True,True
0,2065.1,1.87402415,0,0,1773316806082,False,True
0,2065.09,16.45618602,0,0,1773316806082,False,True
0,2065.09,1.97881398,0,0,1773316806082,False,True
0,2065.08,1.87402415,0,0,1773316806082,False,True
0,2064.1,0.00712726,0,0,1773316806371,True,True
0,2064.66,0.00477459,0,0,1773316810926,True,True
0,2064.64,0.00477188,0,0,1773316813035,True,True
0,2064.14,0.00048446,0,0,1773316822035,True,True
0,2064.1,0.00094505,0,0,1773316828066,True,True
0,2064.08,0.00235181,0,0,1773316829963,True,True
0,2064.07,0.00112525,0,0,1773316832525,True,True
0,2063.99,0.16370905,0,0,1773316833996,False,True
0,2063.99,0.33629095,0,0,1773316833996,False,True
0,2064.11,0.00048447,0,0,1773316835032,True,True
0,2064.1,0.00719517,0,0,1773316836575,True,True
0,2064.0,0.0004845,0,0,1773316842032,True,True
0,2064.0,0.0004845,0,0,1773316845037,True,True
0,2063.99,0.01803693,0,0,1773316851419,False,True
0,2063.99,0.04182079,0,0,1773316855326,False,True
0,2063.36,0.00955756,0,0,1773316858520,True,True
0,2063.33,0.47072902,0,0,1773316859825,True,True
0,2063.25,0.0225791,0,0,1773316863380,True,True
0,2063.23,0.00093884,0,0,1773316871639,True,True
0,2063.15,1.0,0,0,1773316879012,True,True
0,2063.15,1.0,0,0,1773316879012,True,True
0,2062.79,0.00129121,0,0,1773316916595,False,True
0,2062.79,0.57240879,0,0,1773316916598,False,True
0,2062.75,0.04847897,0,0,1773316916598,False,True
0,2062.74,0.65389292,0,0,1773316916598,False,True
0,2062.6,0.36000129,0,0,1773316928040,False,True
0,2062.6,1.63999871,0,0,1773316932593,False,True
0,2062.05,0.00396004,0,0,1773316961607,False,True
0,2061.84,0.07376,0,0,1773316965792,False,True
0,2060.35,0.06000224,0,0,1773316991933,True,True
0,2059.33,0.043961,0,0,1773317007916,True,True
0,2060.02,0.0149089,0,0,1773317011964,True,True
0,2060.45,0.09001973,0,0,1773317023379,True,True
0,2060.21,0.25838568,0,0,1773317025640,False,True
0,2060.37,0.4,0,0,1773317028111,False,True
0,2061.23,2.42573383,0,0,1773317048082,False,True
0,2061.13,0.32622888,0,0,1773317048082,False,True
0,2061.5,0.00349837,0,0,1773317051596,True,True
0,2061.28,0.00072366,0,0,1773317055132,False,True
0,2061.49,0.04709802,0,0,1773317057986,True,True
0,2061.45,0.04832424,0,0,1773317060459,True,True
0,2061.46,0.04636323,0,0,1773317060459,True,True
0,2061.01,0.20171129,0,0,1773317076643,True,True
0,2060.33,0.03194055,0,0,1773317097540,False,True
0,2060.6,0.04757776,0,0,1773317099818,True,True
0,2060.5,6.6159138,0,0,1773317136689,False,True
0,2060.5,1.50551309,0,0,1773317136689,False,True
0,2060.5,0.75275583,0,0,1773317136689,False,True
0,2060.5,0.75275583,0,0,1773317136689,False,True
0,2060.5,0.37306145,0,0,1773317136689,False,True
0,2060.5,10.0,0,0,1773317136689,False,True
0,2060.54,0.00130234,0,0,1773317141946,True,True
0,2060.35,0.28861383,0,0,1773317150791,False,True
0,2059.63,0.06000105,0,0,1773317151380,True,True
0,2059.49,0.00106195,0,0,1773317152173,False,True
0,2059.14,0.0601831,0,0,1773317158554,True,True
0,2059.42,1.70459512,0,0,1773317160637,True,True
0,2059.51,0.5737,0,0,1773317161105,False,True
0,2059.51,2.42776194,0,0,1773317161105,False,True
0,2059.51,0.65068352,0,0,1773317161105,False,True
0,2059.46,12.1390875,0,0,1773317161105,False,True
0,2059.35,4.20876704,0,0,1773317161105,False,True
0,2059.3,0.13473902,0,0,1773317162624,False,True
0,2059.3,0.04575507,0,0,1773317162624,False,True
0,2059.3,0.08149825,0,0,1773317162624,False,True
0,2059.3,0.13647335,0,0,1773317162624,False,True
0,2058.74,1.6507711,0,0,1773317169212,False,True
0,2058.63,0.83935804,0,0,1773317169212,False,True
0,2058.95,0.00797977,0,0,1773317201522,False,True
0,2058.96,0.02952951,0,0,1773317213232,True,True
0,2058.96,0.13533631,0,0,1773317217441,True,True
0,2058.96,0.08321751,0,0,1773317226303,True,True
0,2058.96,0.01165638,0,0,1773317226946,True,True
0,2058.95,2.0,0,0,1773317235437,False,True
0,2058.95,0.5737,0,0,1773317235437,False,True
0,2058.95,6.73903758,0,0,1773317235437,False,True
0,2058.95,0.50679553,0,0,1773317235437,False,True
0,2058.95,2.42842225,0,0,1773317235437,False,True
0,2058.95,0.5875236,0,0,1773317235437,False,True
0,2058.95,0.86339847,0,0,1773317235437,False,True
0,2058.96,0.00656847,0,0,1773317239544,True,True
0,2058.96,0.0147331,0,0,1773317249936,True,True
0,2058.96,0.37869843,0,0,1773317257595,True,True
0,2059.52,0.05709492,0,0,1773317265392,True,True
0,2058.94,0.02470495,0,0,1773317280072,True,True
0,2058.81,0.00129156,0,0,1773317281127,True,True
0,2058.39,0.02887632,0,0,1773317284651,True,True
0,2058.48,0.00156104,0,0,1773317294224,False,True
0,2058.9,0.00263007,0,0,1773317297501,True,True
0,2058.62,0.00578683,0,0,1773317302246,True,True
0,2058.88,0.01176065,0,0,1773317308582,True,True
0,2058.46,0.01480764,0,0,1773317312429,True,True
0,2059.22,0.4,0,0,1773317331144,False,True
0,2059.23,2.42809205,0,0,1773317333931,False,True
0,2059.23,0.5737,0,0,1773317333931,False,True
0,2059.14,12.14099089,0,0,1773317333931,False,True
0,2059.11,4.85721706,0,0,1773317333931,False,True
0,2059.42,0.00942898,0,0,1773317345833,True,True
0,2059.42,0.02729167,0,0,1773317346626,True,True
0,2059.3,0.09617831,0,0,1773317357022,True,True
0,2059.29,0.02319877,0,0,1773317367478,False,True
0,2058.47,0.02428021,0,0,1773317369269,True,True
0,2058.59,0.11871697,0,0,1773317374382,True,True
0,2058.47,0.20252116,0,0,1773317378716,True,True
0,2058.47,0.11954175,0,0,1773317392743,True,True
0,2058.47,0.11954309,0,0,1773317393165,True,True
0,2058.47,0.16091516,0,0,1773317393655,True,True
0,2059.52,0.01216006,0,0,1773317397675,True,True
0,2059.51,0.14466743,0,0,1773317406362,False,True
0,2059.52,0.00219976,0,0,1773317417760,True,True
0,2059.8,0.05243961,0,0,1773317417760,True,True
0,2059.51,0.00741074,0,0,1773317420860,False,True
0,2060.16,0.55849458,0,0,1773317428668,False,True
0,2060.15,1.0,0,0,1773317428668,False,True
0,2060.05,8.44150542,0,0,1773317428668,False,True
0,2060.15,0.04270563,0,0,1773317435720,True,True
0,2060.06,0.24270077,0,0,1773317495180,True,True
0,2059.66,0.02276522,0,0,1773317518950,False,True
0,2059.66,0.19270029,0,0,1773317527704,False,True
0,2059.66,0.04530544,0,0,1773317527704,False,True
0,2058.91,0.007981,0,0,1773317542092,False,True
0,2058.79,0.00578972,0,0,1773317550301,True,True
0,2058.79,0.03947703,0,0,1773317550301,True,True
0,2058.47,0.00073915,0,0,1773317550407,False,True
0,2058.47,0.23821368,0,0,1773317552142,False,True
0,2058.86,0.01476303,0,0,1773317555021,True,True
0,2059.01,0.00106195,0,0,1773317559085,True,True
0,2059.0,0.00410184,0,0,1773317565570,False,True
0,2058.89,0.00152107,0,0,1773317595726,False,True
0,2058.9,0.02287292,0,0,1773317596262,True,True
0,2059.01,0.00964267,0,0,1773317607952,True,True
0,2059.01,0.39035733,0,0,1773317618905,True,True
0,2060.11,0.01142495,0,0,1773317637164,True,True
0,2060.12,0.02239179,0,0,1773317637164,True,True
0,2060.11,0.00095179,0,0,1773317640414,True,True
0,2060.34,0.01974432,0,0,1773317655566,True,True
0,2060.35,0.07084688,0,0,1773317655566,True,True
0,2060.34,0.00480549,0,0,1773317668166,True,True
0,2060.34,0.11954659,0,0,1773317672183,True,True
0,2060.0,0.04842615,0,0,1773317718739,True,True
0,2059.86,0.04829725,0,0,1773317720696,True,True
0,2059.86,0.00531321,0,0,1773317722036,True,True
0,2059.86,0.01016298,0,0,1773317759195,True,True
0,2059.85,0.41373563,0,0,1773317766592,False,True
0,2059.55,0.16704049,0,0,1773317766592,False,True
0,2059.73,0.00475981,0,0,1773317783782,True,True
0,2059.73,0.4,0,0,1773317793412,True,True
0,2059.85,0.01922578,0,0,1773317808234,True,True
0,2059.84,0.01624752,0,0,1773317809110,True,True
0,2059.33,0.00404562,0,0,1773317835884,True,True
0,2059.33,0.01473329,0,0,1773317837447,True,True
0,2059.33,1.0,0,0,1773317844796,True,True
0,2059.33,0.4,0,0,1773317848340,True,True
0,2060.2,0.2003589,0,0,1773317849319,True,True
0,2059.76,0.02403433,0,0,1773317853029,True,True
0,2060.56,0.00478319,0,0,1773317860137,True,True
0,2060.82,0.01950539,0,0,1773317884779,True,True
0,2061.23,3.0,0,0,1773317884810,True,True
0,2061.7,0.001,0,0,1773317884980,True,True
0,2061.71,0.001,0,0,1773317884980,True,True
0,2061.72,0.001,0,0,1773317884980,True,True
0,2061.8,0.34221922,0,0,1773317884980,True,True
0,2062.36,0.4,0,0,1773317886196,False,True
0,2062.97,0.12661687,0,0,1773317894521,True,True
0,2062.61,0.00077383,0,0,1773317895580,False,True
0,2062.88,0.10603137,0,0,1773317902728,True,True
0,2062.64,0.00128944,0,0,1773317907852,True,True
0,2063.79,0.00065707,0,0,1773317926301,True,True
0,2063.78,0.00409926,0,0,1773317928117,False,True
0,2062.4,0.02,0,0,1773317957754,False,True
0,2062.62,0.00500698,0,0,1773317960838,False,True
0,2063.36,0.4,0,0,1773317976365,True,True
0,2063.57,0.23,0,0,1773317976365,True,True
0,2063.55,0.00723353,0,0,1773317981690,True,True
0,2063.74,0.00484592,0,0,1773317991664,True,True
0,2063.34,0.03248282,0,0,1773318000341,False,True
0,2062.94,0.00115794,0,0,1773318002036,True,True
0,2063.01,3.012e-05,0,0,1773318002036,True,True
0,2062.76,0.00943922,0,0,1773318016928,True,True
0,2062.87,0.00047996,0,0,1773318021048,True,True
0,2062.68,0.00257564,0,0,1773318023062,False,True
0,2062.87,0.01188141,0,0,1773318032098,True,True
0,2062.86,0.39844837,0,0,1773318034115,False,True
0,2062.86,0.01454292,0,0,1773318038762,False,True
0,2062.86,0.44456672,0,0,1773318065004,False,True
0,2061.9,0.1268592,0,0,1773318065423,False,True
0,2061.9,0.07045724,0,0,1773318067109,False,True
0,2062.78,0.09452253,0,0,1773318086458,True,True
0,2062.78,0.17041073,0,0,1773318089602,True,True
0,2062.78,0.21997122,0,0,1773318089602,True,True
0,2062.78,0.04890715,0,0,1773318095508,True,True
0,2062.76,0.03866735,0,0,1773318096980,False,True
0,2062.78,0.00950554,0,0,1773318102866,True,True
0,2062.77,0.00485003,0,0,1773318105935,False,True
0,2062.77,1.29390876,0,0,1773318125997,False,True
0,2062.78,0.01017146,0,0,1773318127504,True,True
0,2062.78,0.06314445,0,0,1773318147238,True,True
0,2062.78,0.10833462,0,0,1773318147238,True,True
0,2062.78,0.29166538,0,0,1773318147818,True,True
0,2063.79,0.00856668,0,0,1773318149884,True,True
0,2064.65,0.00484343,0,0,1773318170718,True,True
0,2064.66,0.03833495,0,0,1773318170718,True,True
0,2064.67,0.01130747,0,0,1773318171953,True,True
0,2065.16,0.0384,0,0,1773318183488,True,True
0,2065.61,0.01174321,0,0,1773318189149,True,True
0,2065.65,0.4,0,0,1773318189160,False,True
0,2065.66,1.0,0,0,1773318189183,True,True
0,2065.8,0.01232915,0,0,1773318196251,True,True
0,2066.15,0.01140186,0,0,1773318196251,True,True
0,2065.8,0.00921131,0,0,1773318198267,False,True
0,2065.81,0.01209372,0,0,1773318215468,True,True
0,2065.81,0.006552,0,0,1773318218839,False,True
0,2066.28,0.00128763,0,0,1773318219636,True,True
0,2066.27,0.20612895,0,0,1773318226461,True,True
0,2066.35,3.0,0,0,1773318226461,True,True
0,2066.56,0.5737,0,0,1773318226461,True,True
0,2066.63,1.87402415,0,0,1773318226461,True,True
0,2066.72,0.86339847,0,0,1773318226461,True,True
0,2066.73,2.41928363,0,0,1773318226461,True,True
0,2066.74,6.70638998,0,0,1773318226461,True,True
0,2066.76,4.35707482,0,0,1773318226461,True,True
0,2066.13,0.3406345,0,0,1773318227604,False,True
0,2066.12,2.41998356,0,0,1773318227604,False,True
0,2066.07,7.23938194,0,0,1773318227604,False,True
0,2065.81,0.20083648,0,0,1773318234139,True,True
0,2065.66,0.4,0,0,1773318254101,True,True
0,2066.31,0.02237569,0,0,1773318269583,False,True
0,2063.92,0.00909043,0,0,1773318299550,False,True
0,2063.78,0.02165704,0,0,1773318299550,False,True
0,2064.94,0.04547228,0,0,1773318305608,True,True
0,2064.93,0.60980399,0,0,1773318306314,True,True
0,2064.93,0.04689821,0,0,1773318306780,True,True
0,2065.95,0.0071121,0,0,1773318370533,False,True
0,2065.95,0.06836436,0,0,1773318381200,False,True
0,2065.95,0.09773,0,0,1773318389767,False,True
0,2065.95,0.28886748,0,0,1773318390518,False,True
0,2065.95,34.848,0,0,1773318390518,False,True
0,2065.95,11.616,0,0,1773318390518,False,True
0,2065.95,0.32068509,0,0,1773318390518,False,True
0,2065.95,2.92644743,0,0,1773318390518,False,True
0,2066.24,0.4,0,0,1773318391139,False,True
0,2066.26,0.00046984,0,0,1773318399153,True,True
0,2066.1,0.0004699,0,0,1773318421419,True,True
0,2066.06,0.019361,0,0,1773318429720,False,True
0,2065.79,0.57883859,0,0,1773318429720,False,True
0,2066.06,0.0439279,0,0,1773318430691,True,True
0,2066.07,0.08113337,0,0,1773318430691,True,True
0,2065.94,0.00473362,0,0,1773318436860,True,True
0,2065.0,0.5875236,0,0,1773318444848,True,True
0,2065.0,0.5737,0,0,1773318444848,True,True
0,2065.0,0.5737,0,0,1773318444848,True,True
0,2065.02,0.8387764,0,0,1773318444848,True,True
0,2064.8,0.00137978,0,0,1773318447212,True,True
0,2064.53,0.01548038,0,0,1773318469965,True,True
0,2064.52,0.49579918,0,0,1773318481065,False,True
0,2064.38,0.00182529,0,0,1773318498298,False,True
0,2064.39,0.00240991,0,0,1773318498375,True,True
0,2064.54,0.4,0,0,1773318519945,True,True
0,2065.58,0.00144157,0,0,1773318532069,True,True
0,2065.11,0.4,0,0,1773318580684,True,True
0,2065.36,0.18077612,0,0,1773318580684,True,True
0,2065.34,0.02072681,0,0,1773318596247,True,True
0,2065.35,0.4,0,0,1773318596247,True,True
0,2065.36,0.16004931,0,0,1773318596247,True,True
0,2064.94,3.0,0,0,1773318601204,True,True
0,2065.11,0.10431889,0,0,1773318601204,True,True
0,2065.6,0.0018412,0,0,1773318602743,True,True
0,2065.82,0.00958962,0,0,1773318606819,True,True
0,2065.82,0.00730134,0,0,1773318607265,True,True
0,2065.42,0.04840692,0,0,1773318611930,True,True
0,2065.6,0.00477008,0,0,1773318618497,True,True
0,2065.03,0.40247115,0,0,1773318633408,True,True
0,2065.03,0.5737,0,0,1773318633408,True,True
0,2065.18,0.90429212,0,0,1773318633408,True,True
0,2065.02,0.4492825,0,0,1773318636197,False,True
0,2064.53,0.00484371,0,0,1773318649417,False,True
0,2063.98,0.00095802,0,0,1773318650958,True,True
0,2063.93,0.00484513,0,0,1773318652793,True,True
0,2061.01,0.30106955,0,0,1773318668178,True,True
0,2060.55,1.64047087,0,0,1773318671187,False,True
0,2060.55,0.35952913,0,0,1773318671187,False,True
0,2059.91,0.5737,0,0,1773318687362,False,True
0,2059.9,2.90801486,0,0,1773318687362,False,True
0,2059.72,0.04855028,0,0,1773318687362,False,True
0,2059.72,4.85420204,0,0,1773318687362,False,True
0,2059.71,11.61553282,0,0,1773318687362,False,True
0,2060.39,0.02682035,0,0,1773318694331,True,True
0,2060.39,0.10736074,0,0,1773318694331,True,True
0,2060.39,0.09283969,0,0,1773318694333,True,True
0,2060.39,0.06503991,0,0,1773318694333,True,True
0,2060.39,0.05908565,0,0,1773318694334,True,True
0,2060.39,0.06305364,0,0,1773318694335,True,True
0,2060.39,0.01262037,0,0,1773318694401,True,True
0,2062.37,0.48488139,0,0,1773318700277,True,True
0,2062.89,0.0148433,0,0,1773318709447,True,True
0,2062.98,0.26318472,0,0,1773318718482,False,True
0,2062.41,0.31,0,0,1773318725918,False,True
0,2062.41,0.01600069,0,0,1773318730141,False,True
0,2063.21,0.04119753,0,0,1773318731120,True,True
0,2062.79,0.0127395,0,0,1773318738385,False,True
0,2062.84,0.02385741,0,0,1773318744201,True,True
0,2062.53,0.04847732,0,0,1773318745436,False,True
0,2061.7,0.03267387,0,0,1773318760885,True,True
0,2061.7,0.26691323,0,0,1773318760885,True,True
0,2061.7,0.52631077,0,0,1773318760885,True,True
0,2061.71,0.17434464,0,0,1773318760885,True,True
0,2061.76,0.049945,0,0,1773318778656,True,True
0,2061.79,0.03853245,0,0,1773318792827,True,True
0,2061.78,0.00048022,0,0,1773318823037,True,True
0,2061.78,0.39951978,0,0,1773318824492,True,True
0,2062.7,0.00152089,0,0,1773318827377,False,True
0,2061.9,0.00093061,0,0,1773318852444,False,True
0,2061.47,0.01212727,0,0,1773318915928,True,True
0,2061.47,0.01124089,0,0,1773318935078,True,True
0,2061.51,0.29013263,0,0,1773318945466,True,True
0,2061.33,0.96542026,0,0,1773318966108,True,True
0,2061.32,0.00123856,0,0,1773319004337,False,True
0,2061.32,0.04975785,0,0,1773319010234,False,True
0,2061.33,0.01224699,0,0,1773319034397,True,True
0,2061.33,0.38775301,0,0,1773319036278,True,True
0,2062.0,0.24675274,0,0,1773319037558,True,True
0,2062.19,0.00080646,0,0,1773319053228,True,True
0,2062.18,0.001,0,0,1773319053596,False,True
0,2061.96,0.00475457,0,0,1773319072449,True,True
0,2062.2,0.4,0,0,1773319083490,True,True
0,2062.81,0.001,0,0,1773319084736,True,True
0,2063.38,0.21566535,0,0,1773319084736,True,True
0,2063.42,0.02,0,0,1773319084736,True,True
0,2063.42,0.03545378,0,0,1773319084736,True,True
0,2062.8,0.72041217,0,0,1773319097969,False,True
0,2062.49,0.001,0,0,1773319097969,False,True
0,2062.48,0.001,0,0,1773319097969,False,True
0,2062.47,0.001,0,0,1773319097969,False,True
0,2062.3,1.64791978,0,0,1773319097969,False,True
0,2062.17,0.5737,0,0,1773319097969,False,True
0,2062.11,0.2887544,0,0,1773319097969,False,True
0,2062.11,2.16632268,0,0,1773319097969,False,True
0,2062.41,0.001,0,0,1773319102860,True,True
0,2062.42,0.00059542,0,0,1773319102860,True,True
0,2062.84,2.42384285,0,0,1773319130821,False,True
0,2062.84,0.5737,0,0,1773319130821,False,True
0,2062.84,0.5328725,0,0,1773319130821,False,True
0,2062.84,0.1141,0,0,1773319130821,False,True
0,2062.78,1.19861563,0,0,1773319130821,False,True
0,2063.1,2.42353739,0,0,1773319146711,False,True
0,2063.1,0.58479876,0,0,1773319146711,False,True
0,2063.1,1.99166385,0,0,1773319146711,False,True
0,2063.3,0.4,0,0,1773319148273,False,True
0,2063.41,0.00040458,0,0,1773319149603,True,True
0,2063.42,0.001,0,0,1773319149603,True,True
0,2063.58,0.5875236,0,0,1773319149603,True,True
0,2063.59,1.76389839,0,0,1773319149603,True,True
0,2063.31,0.00892271,0,0,1773319158326,True,True
0,2063.12,0.01094071,0,0,1773319167137,False,True
0,2063.12,0.05996386,0,0,1773319169488,False,True
0,2063.12,0.18727926,0,0,1773319169491,False,True
0,2062.59,0.11177046,0,0,1773319175768,True,True
0,2062.37,0.00077459,0,0,1773319187351,False,True
0,2062.38,0.001,0,0,1773319202009,True,True
0,2062.37,0.65356147,0,0,1773319202415,False,True
0,2062.37,0.58949205,0,0,1773319202415,False,True
0,2062.37,0.46351329,0,0,1773319202415,False,True
0,2062.38,0.05126862,0,0,1773319204444,True,True
0,2062.38,0.1335355,0,0,1773319204444,True,True
0,2062.38,0.00475369,0,0,1773319213032,True,True
0,2062.38,0.01123593,0,0,1773319225037,True,True
0,2062.37,0.00123418,0,0,1773319230812,False,True
0,2062.38,0.01244239,0,0,1773319230965,True,True
0,2062.38,0.23803249,0,0,1773319235044,True,True
0,2062.73,0.001,0,0,1773319235076,True,True
0,2063.03,0.59043175,0,0,1773319246072,True,True
0,2063.03,0.5737,0,0,1773319246072,True,True
0,2063.04,0.04204424,0,0,1773319246072,True,True
0,2063.06,0.93959087,0,0,1773319246072,True,True
0,2063.05,0.11954205,0,0,1773319272481,True,True
0,2063.05,0.28045795,0,0,1773319272515,True,True
0,2063.06,0.05222347,0,0,1773319272515,True,True
0,2063.69,2.42284156,0,0,1773319274889,False,True
0,2063.56,1.33863076,0,0,1773319274889,False,True
0,2063.74,0.00733911,0,0,1773319279787,False,True
0,2063.75,0.00844368,0,0,1773319297891,True,True
0,2063.75,0.00050965,0,0,1773319297974,True,True
0,2064.49,0.00047044,0,0,1773319305312,True,True
0,2064.49,0.01216889,0,0,1773319309206,True,True
0,2064.49,0.03448366,0,0,1773319309206,True,True
0,2064.49,0.36551634,0,0,1773319310935,True,True
0,2064.49,0.01987248,0,0,1773319310935,True,True
0,2064.54,0.11008783,0,0,1773319310935,True,True
0,2064.6,0.001,0,0,1773319310935,True,True
0,2064.61,0.001,0,0,1773319310935,True,True
0,2064.62,0.001,0,0,1773319310935,True,True
0,2064.79,0.12459129,0,0,1773319310935,True,True
0,2064.8,0.30916747,0,0,1773319310935,True,True
0,2064.85,0.06776459,0,0,1773319310935,True,True
0,2064.55,0.07157352,0,0,1773319320062,True,True
0,2065.12,0.78813596,0,0,1773319344871,True,True
0,2065.12,0.00093129,0,0,1773319348224,True,True
0,2065.11,0.04842357,0,0,1773319352146,True,True
0,2065.12,0.001,0,0,1773319358716,True,True
0,2065.12,0.399,0,0,1773319359982,True,True
0,2066.05,0.27540563,0,0,1773319378767,False,True
0,2066.06,0.001,0,0,1773319385445,True,True
0,2066.06,0.12198636,0,0,1773319385445,True,True
0,2066.05,0.12298636,0,0,1773319386869,False,True
0,2066.05,0.06455547,0,0,1773319388537,False,True
0,2066.05,0.06148912,0,0,1773319389338,False,True
0,2066.06,0.11433137,0,0,1773319389633,True,True
0,2066.05,0.05856837,0,0,1773319393026,False,True
0,2066.12,0.4,0,0,1773319400592,False,True
0,2066.27,0.00951377,0,0,1773319407397,True,True
0,2066.23,0.001,0,0,1773319409411,False,True
0,2066.22,0.001,0,0,1773319409411,False,True
0,2066.21,0.001,0,0,1773319409411,False,True
0,2066.09,0.00813138,0,0,1773319409411,False,True
0,2066.28,0.40164662,0,0,1773319434130,True,True
0,2066.52,0.001,0,0,1773319441403,True,True
0,2066.53,0.001,0,0,1773319441403,True,True
0,2066.77,0.00404562,0,0,1773319441469,True,True
0,2066.84,0.00307302,0,0,1773319441469,True,True
0,2067.44,0.0067739,0,0,1773319449558,True,True
0,2067.51,0.4,0,0,1773319450987,False,True
0,2067.55,0.31662009,0,0,1773319460680,True,True
0,2068.0,0.08869328,0,0,1773319467582,True,True
0,2068.22,0.39603248,0,0,1773319467582,True,True
0,2068.25,0.12236097,0,0,1773319470034,True,True
0,2068.25,0.00092983,0,0,1773319470201,True,True
0,2068.15,0.12236097,0,0,1773319470493,False,True
0,2067.81,0.00474121,0,0,1773319491053,True,True
0,2067.71,0.00132619,0,0,1773319493560,False,True
0,2067.66,0.07325346,0,0,1773319499907,False,True
0,2067.67,0.00084513,0,0,1773319500524,True,True
0,2067.08,0.41317774,0,0,1773319509130,True,True
0,2067.07,0.43128751,0,0,1773319511689,False,True
0,2066.37,3.0,0,0,1773319513688,True,True
0,2067.53,0.02848524,0,0,1773319521698,False,True
0,2067.54,0.4,0,0,1773319551778,False,True
0,2067.44,0.22096896,0,0,1773319560114,False,True
0,2066.63,0.51207851,0,0,1773319563882,True,True
0,2066.64,0.61532811,0,0,1773319563882,True,True
0,2066.65,0.07065799,0,0,1773319583428,False,True
0,2066.22,0.4,0,0,1773319602294,False,True
0,2066.6,0.00091036,0,0,1773319614459,True,True
0,2066.59,1.00040255,0,0,1773319616081,False,True
0,2066.9,0.00058573,0,0,1773319632164,True,True
0,2066.62,0.4,0,0,1773319656429,True,True
0,2068.42,0.00093876,0,0,1773319677163,True,True
0,2068.44,0.00106065,0,0,1773319680431,True,True
0,2068.55,0.001,0,0,1773319680434,True,True
0,2069.27,0.01117939,0,0,1773319683649,True,True
0,2069.53,0.30954516,0,0,1773319683649,True,True
0,2069.43,0.0067648,0,0,1773319692358,False,True
0,2069.6,0.11294447,0,0,1773319704091,True,True
0,2069.6,0.258678,0,0,1773319707818,True,True
0,2069.6,0.4,0,0,1773319719420,True,True
0,2069.6,1.32875919,0,0,1773319719420,True,True
0,2069.67,0.01066385,0,0,1773319719421,True,True
0,2069.99,0.00547885,0,0,1773319720072,False,True
0,2070.0,0.02845838,0,0,1773319725084,True,True
0,2070.02,0.46908147,0,0,1773319725084,True,True
0,2070.21,0.05000645,0,0,1773319756216,True,True
0,2070.0,0.00166847,0,0,1773319761708,True,True
0,2070.59,0.05157763,0,0,1773319787079,True,True
0,2070.51,1.44891838,0,0,1773319791278,True,True
0,2070.68,0.0040483,0,0,1773319812294,True,True
0,2070.67,0.61121764,0,0,1773319830401,False,True
0,2070.67,1.0,0,0,1773319830401,False,True
0,2069.64,0.5,0,0,1773319834541,True,True
0,2069.58,0.26359073,0,0,1773319843264,False,True
0,2070.04,0.00966165,0,0,1773319849877,True,True
0,2069.64,0.00241587,0,0,1773319860580,False,True
0,2069.13,0.02691568,0,0,1773319860915,True,True
0,2068.27,0.001,0,0,1773319866254,False,True
0,2068.06,0.00078643,0,0,1773319878136,True,True
0,2068.04,0.001,0,0,1773319879692,True,True
0,2067.38,0.00357665,0,0,1773319881279,False,True
0,2066.74,0.04270563,0,0,1773319886299,False,True
0,2067.13,0.00240678,0,0,1773319890035,True,True
0,2066.66,0.31944165,0,0,1773319897363,False,True
0,2066.52,0.00465123,0,0,1773319897877,True,True
0,2066.44,0.04000106,0,0,1773319898442,True,True
0,2066.44,0.04000106,0,0,1773319898452,True,True
0,2066.06,0.019361,0,0,1773319900394,False,True
0,2065.55,0.07029624,0,0,1773319900461,True,True
0,2065.55,0.019361,0,0,1773319911452,True,True
0,2065.54,0.29555875,0,0,1773319931166,False,True
0,2065.54,0.51436337,0,0,1773319931166,False,True
0,2065.54,0.5875236,0,0,1773319931166,False,True
0,2065.54,0.36,0,0,1773319931166,False,True
0,2065.54,2.0,0,0,1773319931166,False,True
0,2065.54,0.74788795,0,0,1773319931166,False,True
0,2065.54,0.73587668,0,0,1773319932972,False,True
0,2065.54,0.29832592,0,0,1773319935656,False,True
0,2065.55,0.00963448,0,0,1773319949226,True,True
0,2065.55,0.00434782,0,0,1773319955408,True,True
0,2065.37,0.0094928,0,0,1773319964033,True,True
0,2065.0,0.73587668,0,0,1773319964048,False,True
0,2065.24,0.00621791,0,0,1773319965689,True,True
0,2065.0,1.62719991,0,0,1773319975808,False,True
0,2065.0,0.16326147,0,0,1773319975818,False,True
0,2065.01,0.00899757,0,0,1773319993659,True,True
0,2065.01,0.00479465,0,0,1773319994972,True,True
0,2065.01,0.10902645,0,0,1773320016857,True,True
0,2065.01,0.4,0,0,1773320016857,True,True
0,2065.68,0.00984224,0,0,1773320022651,True,True
0,2065.35,3.0,0,0,1773320031446,True,True
0,2065.35,0.17163091,0,0,1773320031472,True,True
0,2065.0,2.31627695,0,0,1773320056447,False,True
0,2064.0,0.0242248,0,0,1773320057335,False,True
0,2063.93,0.00116417,0,0,1773320057335,False,True
0,2064.18,0.00103064,0,0,1773320089042,False,True
0,2065.03,0.4,0,0,1773320157036,False,True
0,2065.45,0.026,0,0,1773320165155,False,True
0,2065.51,0.01198371,0,0,1773320167035,True,True
0,2065.5,0.0031129,0,0,1773320177151,True,True
0,2065.49,0.02514311,0,0,1773320179987,False,True
0,2065.49,0.33244722,0,0,1773320184006,False,True
0,2064.89,0.00479492,0,0,1773320187034,True,True
0,2064.36,0.000482,0,0,1773320213036,True,True
0,2064.35,0.00345381,0,0,1773320215611,False,True
0,2064.15,0.00123473,0,0,1773320220197,False,True
0,2064.15,0.00331797,0,0,1773320220266,False,True
0,2064.36,0.00474913,0,0,1773320267621,True,True
0,2064.35,0.00995471,0,0,1773320270490,False,True
0,2064.35,0.04844139,0,0,1773320302330,False,True
0,2064.35,0.04820063,0,0,1773320311033,True,True
0,2064.36,0.00051597,0,0,1773320316961,True,True
0,2064.35,0.0302518,0,0,1773320326492,False,True
0,2064.36,0.39948403,0,0,1773320340137,True,True
0,2065.33,0.00477253,0,0,1773320346686,True,True
0,2065.32,29.057,0,0,1773320349623,False,True
0,2065.32,0.60368181,0,0,1773320349623,False,True
0,2065.32,28.44131819,0,0,1773320349623,False,True
0,2065.32,20.29922615,0,0,1773320349623,False,True
0,2065.46,0.00395383,0,0,1773320358032,False,True
0,2065.75,0.36481937,0,0,1773320370476,True,True
0,2065.44,2.38273404,0,0,1773320384718,True,True
0,2065.56,0.04734334,0,0,1773320388284,True,True
0,2065.75,0.0007154,0,0,1773320400219,True,True
0,2065.78,0.005809,0,0,1773320407972,True,True
0,2065.78,0.00968157,0,0,1773320408048,True,True
0,2065.86,0.4,0,0,1773320409051,False,True
0,2066.11,0.00593242,0,0,1773320409625,True,True
0,2065.96,0.42441637,0,0,1773320421156,False,True
0,2065.84,0.3004318,0,0,1773320421156,False,True
0,2065.92,0.00484046,0,0,1773320436039,True,True
0,2065.91,0.05813391,0,0,1773320437711,False,True
0,2065.78,0.0071188,0,0,1773320439033,True,True
0,2065.78,0.02875715,0,0,1773320439036,True,True
0,2065.78,0.00474587,0,0,1773320445331,True,True
0,2065.77,0.0756324,0,0,1773320450250,False,True
0,2065.77,0.05718794,0,0,1773320451219,False,True
0,2065.77,0.53329377,0,0,1773320451267,False,True
0,2065.56,3.06748778,0,0,1773320451819,False,True
0,2065.32,2.38273404,0,0,1773320459856,False,True
0,2065.33,0.00094016,0,0,1773320464813,True,True
0,2065.33,0.00402398,0,0,1773320464943,True,True
0,2064.96,0.01535921,0,0,1773320488166,False,True
0,2065.14,0.00398414,0,0,1773320492877,False,True
0,2065.04,0.00188097,0,0,1773320497462,False,True
0,2064.69,0.11613428,0,0,1773320504074,True,True
0,2064.91,0.4,0,0,1773320509835,False,True
0,2065.26,0.00893298,0,0,1773320536843,True,True
0,2065.34,0.4,0,0,1773320560313,False,True
0,2065.38,0.18903061,0,0,1773320564803,False,True
0,2065.71,0.00493885,0,0,1773320568337,False,True
0,2065.78,0.0012334,0,0,1773320581391,True,True
0,2067.23,0.00878036,0,0,1773320588947,True,True
0,2067.86,0.02394806,0,0,1773320588975,True,True
0,2067.86,0.01129259,0,0,1773320592906,True,True
0,2067.86,1.34725521,0,0,1773320593113,True,True
0,2067.86,1.61750414,0,0,1773320593113,True,True
0,2068.17,0.00787325,0,0,1773320595812,True,True
0,2068.21,0.0064247,0,0,1773320595812,True,True
0,2067.92,1.23675286,0,0,1773320610403,False,True
0,2067.92,10.96674071,0,0,1773320610404,False,True
0,2067.92,0.16774826,0,0,1773320610415,False,True
0,2067.92,0.09816692,0,0,1773320610496,False,True
0,2067.34,0.00474208,0,0,1773320613572,True,True
0,2067.48,0.00428226,0,0,1773320632836,False,True
0,2068.0,0.00124714,0,0,1773320639825,True,True
0,2067.75,0.00576976,0,0,1773320647426,True,True
0,2067.33,0.43661344,0,0,1773320663739,False,True
0,2067.03,0.00093935,0,0,1773320666270,True,True
0,2067.02,0.00559259,0,0,1773320677413,False,True
0,2067.02,1.71581762,0,0,1773320677413,False,True
0,2067.33,0.00082584,0,0,1773320693329,False,True
0,2067.15,0.24134678,0,0,1773320701668,True,True
0,2067.21,0.3334,0,0,1773320723420,True,True
0,2067.2,0.02295856,0,0,1773320725637,False,True
0,2067.33,0.05254427,0,0,1773320742625,False,True
0,2067.34,0.00493885,0,0,1773320752142,True,True
0,2067.34,0.4,0,0,1773320752142,True,True
0,2067.92,0.19348535,0,0,1773320756078,True,True
0,2068.31,0.08976256,0,0,1773320761145,False,True
0,2068.45,0.4,0,0,1773320762183,False,True
0,2068.91,0.90490691,0,0,1773320776140,True,True
0,2069.09,0.02392734,0,0,1773320788936,True,True
0,2068.98,0.00493885,0,0,1773320790554,False,True
0,2069.34,0.05770427,0,0,1773320807100,False,True
0,2069.35,0.01699575,0,0,1773320816475,True,True
0,2069.35,0.4,0,0,1773320816475,True,True
0,2069.34,0.01632537,0,0,1773320837204,False,True
0,2069.34,0.43250643,0,0,1773320844895,False,True
0,2069.24,8.17289086,0,0,1773320844895,False,True
0,2069.24,0.77534098,0,0,1773320845494,False,True
0,2069.24,4.64634888,0,0,1773320846095,False,True
0,2069.25,0.00166385,0,0,1773320846484,True,True
0,2068.79,0.00124936,0,0,1773320850704,True,True
0,2069.3,0.04832552,0,0,1773320866650,False,True
0,2069.27,5.19257064,0,0,1773320866650,False,True
0,2069.28,0.00231478,0,0,1773320866786,True,True
0,2069.28,0.09713241,0,0,1773320867243,True,True
0,2069.16,1.93834086,0,0,1773320873332,False,True
0,2069.16,1.4772039,0,0,1773320873932,False,True
0,2069.16,0.22927735,0,0,1773320874533,False,True
0,2069.16,0.99639843,0,0,1773320875133,False,True
0,2068.4,0.01305509,0,0,1773320879331,False,True
0,2068.4,0.0015564,0,0,1773320881521,False,True
0,2067.8,0.14125641,0,0,1773320886960,False,True
0,2067.8,4.60939795,0,0,1773320887469,False,True
0,2067.8,0.69582549,0,0,1773320887474,False,True
0,2067.8,0.13273591,0,0,1773320887560,False,True
0,2067.8,1.41274378,0,0,1773320888426,False,True
0,2066.88,0.18655547,0,0,1773320889284,False,True
0,2066.88,0.11177046,0,0,1773320889284,False,True
0,2067.26,0.01346073,0,0,1773320890593,True,True
0,2067.9,0.02377062,0,0,1773320894738,True,True
0,2067.88,0.00100636,0,0,1773320897829,False,True
0,2067.9,0.4,0,0,1773320920654,True,True
0,2068.63,0.27723179,0,0,1773320920654,True,True
0,2068.49,0.23467383,0,0,1773320954735,True,True
0,2068.03,0.00891773,0,0,1773320964200,True,True
0,2068.01,0.00804777,0,0,1773320971084,True,True
0,2067.72,0.00269267,0,0,1773320976034,False,True
0,2068.01,0.01202877,0,0,1773320978559,True,True
0,2067.62,0.01173721,0,0,1773320981199,True,True
0,2067.62,0.00072746,0,0,1773320981428,True,True
0,2067.62,0.01692768,0,0,1773320981690,True,True
0,2066.46,0.00474431,0,0,1773321004862,True,True
0,2066.87,0.00167091,0,0,1773321016522,True,True
0,2066.87,0.00265169,0,0,1773321036107,True,True
0,2066.86,0.00073898,0,0,1773321048617,False,True
0,2066.87,0.00441209,0,0,1773321086923,True,True
0,2066.86,0.18925232,0,0,1773321108657,False,True
0,2066.86,0.00498011,0,0,1773321120343,False,True
0,2066.86,0.23727673,0,0,1773321120943,False,True
0,2066.86,0.09002404,0,0,1773321120943,False,True
0,2066.53,0.03506321,0,0,1773321126996,False,True
0,2066.53,0.03587292,0,0,1773321133371,False,True
0,2066.54,0.01850014,0,0,1773321133454,True,True
0,2066.32,1.1385,0,0,1773321135510,False,True
0,2066.18,0.081166,0,0,1773321136490,False,True
0,2066.18,0.181304,0,0,1773321136490,False,True
0,2066.52,0.00162091,0,0,1773321173311,False,True
0,2065.79,0.00706647,0,0,1773321187304,True,True
0,2065.66,0.1,0,0,1773321196341,True,True
0,2065.73,0.0012777,0,0,1773321204715,False,True
0,2065.49,0.0298256,0,0,1773321222588,False,True
0,2065.53,0.00391788,0,0,1773321239609,True,True
0,2065.69,0.49873,0,0,1773321263145,True,True
0,2065.84,0.4,0,0,1773321263145,True,True
0,2066.0,1.9026741,0,0,1773321266589,True,True
0,2066.18,0.03629675,0,0,1773321266589,True,True
0,2066.19,0.01576115,0,0,1773321266589,True,True
0,2066.0,0.10100713,0,0,1773321272567,True,True
0,2065.68,0.02814209,0,0,1773321292538,False,True
0,2065.69,0.09492152,0,0,1773321298030,True,True
0,2066.0,0.14522992,0,0,1773321306407,True,True
0,2065.89,0.00176856,0,0,1773321313556,True,True
0,2065.68,0.19109607,0,0,1773321329355,False,True
0,2065.68,0.5084646,0,0,1773321329355,False,True
0,2065.0,0.00403551,0,0,1773321336948,False,True
0,2063.66,0.00484575,0,0,1773321344858,False,True
0,2063.04,3.37237365,0,0,1773321346008,True,True
0,2063.03,0.65427899,0,0,1773321348256,False,True
0,2062.0,0.00388,0,0,1773321348639,False,True
0,2061.87,0.02396128,0,0,1773321348639,False,True
0,2061.24,0.31662009,0,0,1773321354928,False,True
0,2060.74,0.001,0,0,1773321355131,False,True
0,2060.23,0.03312716,0,0,1773321355248,False,True
0,2060.23,1.96687284,0,0,1773321355269,False,True
0,2059.8,1.04090451,0,0,1773321357090,True,True
0,2059.8,0.17634581,0,0,1773321357093,True,True
0,2059.8,1.75658083,0,0,1773321357096,True,True
0,2060.23,0.00124936,0,0,1773321360805,False,True
0,2060.36,3.0,0,0,1773321365020,True,True
0,2060.5,0.11868559,0,0,1773321367228,True,True
0,2060.5,0.10215255,0,0,1773321367229,True,True
0,2060.5,0.08383198,0,0,1773321367229,True,True
0,2061.58,0.4,0,0,1773321368736,False,True
0,2061.33,0.01445761,0,0,1773321371124,False,True
0,2061.59,3.0,0,0,1773321374726,True,True
0,2061.58,0.00093986,0,0,1773321378669,True,True
0,2061.81,0.01571453,0,0,1773321380360,True,True
0,2061.81,0.00951103,0,0,1773321380606,True,True
0,2060.7,0.00047576,0,0,1773321394037,True,True
0,2059.15,0.4,0,0,1773321426640,True,True
0,2059.48,1.54,0,0,1773321426884,True,True
0,2060.44,3.0,0,0,1773321431238,True,True
0,2059.96,0.00152184,0,0,1773321440509,False,True
0,2058.87,0.04846626,0,0,1773321481171,False,True
0,2059.56,0.00070733,0,0,1773321482921,True,True
0,2059.58,0.4,0,0,1773321487536,True,True
0,2060.43,0.001,0,0,1773321495759,True,True
0,2060.86,0.01189548,0,0,1773321500516,True,True
0,2061.01,0.04228804,0,0,1773321503690,True,True
0,2061.01,2.95,0,0,1773321505632,True,True
0,2061.0,2.0,0,0,1773321511658,False,True
0,2060.38,0.00093679,0,0,1773321512246,True,True
0,2060.37,0.15,0,0,1773321512659,True,True
0,2059.34,0.02000522,0,0,1773321531353,True,True
0,2059.34,0.18968611,0,0,1773321532687,True,True
0,2059.34,1.12,0,0,1773321541184,True,True
0,2059.34,0.00740662,0,0,1773321541683,True,True
0,2059.84,0.4,0,0,1773321541683,True,True
0,2059.96,2.99259338,0,0,1773321541683,True,True
0,2060.92,0.0027174,0,0,1773321542673,True,True
0,2060.85,3.0,0,0,1773321544720,True,True
0,2061.11,0.05166975,0,0,1773321545557,True,True
0,2061.11,2.94833025,0,0,1773321545604,True,True
0,2061.31,0.001,0,0,1773321545674,False,True
0,2061.65,0.47259608,0,0,1773321546356,True,True
0,2060.57,0.00120308,0,0,1773321555260,True,True
0,2060.84,0.22621432,0,0,1773321561978,True,True
0,2060.63,0.0051909,0,0,1773321570038,True,True
0,2060.65,3.0,0,0,1773321573478,True,True
0,2060.65,0.4,0,0,1773321573478,True,True
0,2061.25,0.73587668,0,0,1773321574553,True,True
0,2061.43,3.0,0,0,1773321583967,True,True
0,2062.04,0.94342952,0,0,1773321593490,True,True
0,2062.04,2.05657048,0,0,1773321593532,True,True
0,2060.92,0.00889891,0,0,1773321599123,False,True
0,2060.49,0.00122305,0,0,1773321601620,False,True
0,2060.42,0.00240267,0,0,1773321605190,False,True
0,2061.13,0.01173534,0,0,1773321632109,False,True
0,2060.89,0.87303205,0,0,1773321632347,False,True
0,2060.43,0.00141311,0,0,1773321636106,True,True
0,2060.42,0.52600651,0,0,1773321638522,False,True
0,2060.42,0.01186651,0,0,1773321638522,False,True
0,2059.58,0.02424419,0,0,1773321639588,True,True
0,2059.33,0.01385061,0,0,1773321654347,False,True
0,2058.94,0.27245786,0,0,1773321654347,False,True
0,2058.29,0.001,0,0,1773321662813,False,True
0,2058.01,0.00114673,0,0,1773321663134,False,True
0,2057.54,0.1,0,0,1773321664140,False,True
0,2057.54,0.00248739,0,0,1773321664285,False,True
0,2057.54,0.62651261,0,0,1773321671258,False,True
0,2057.21,0.001,0,0,1773321671875,False,True
0,2057.0,0.04861449,0,0,1773321671875,False,True
0,2056.96,0.00154156,0,0,1773321671875,False,True
0,2056.65,21.139,0,0,1773321671875,False,True
0,2056.4,29.153,0,0,1773321671875,False,True
0,2056.28,0.28090829,0,0,1773321671875,False,True
0,2056.27,16.75495288,0,0,1773321671875,False,True
0,2056.81,0.02041025,0,0,1773321671883,True,True
0,2056.86,3.0,0,0,1773321674919,True,True
0,2056.93,0.0005569,0,0,1773321676197,True,True
0,2055.66,0.02215346,0,0,1773321684299,False,True
0,2055.48,0.02669449,0,0,1773321688977,False,True
0,2055.24,0.03427314,0,0,1773321689027,False,True
0,2055.0,0.00434063,0,0,1773321689061,False,True
0,2055.0,0.24733333,0,0,1773321689061,False,True
0,2054.96,0.31758769,0,0,1773321692330,False,True
0,2054.81,0.00318511,0,0,1773321692330,False,True
0,2054.15,0.00231478,0,0,1773321692377,False,True
0,2054.34,3.0,0,0,1773321697354,True,True
0,2054.02,3.0,0,0,1773321711411,True,True
0,2054.4,0.03379981,0,0,1773321715580,True,True
0,2054.05,0.01487577,0,0,1773321716588,False,True
0,2053.68,0.00506729,0,0,1773321720049,False,True
0,2054.05,0.4,0,0,1773321723335,True,True
0,2054.06,3.0,0,0,1773321723335,True,True
0,2054.81,0.4246658,0,0,1773321728693,True,True
0,2054.81,2.5753342,0,0,1773321728800,True,True
0,2054.95,0.32,0,0,1773321730254,True,True
0,2054.46,0.00048435,0,0,1773321740035,True,True
0,2054.18,3.0,0,0,1773321752790,True,True
0,2054.37,0.00085203,0,0,1773321757476,True,True
0,2054.37,2.99,0,0,1773321759129,True,True
0,2054.25,0.00486812,0,0,1773321764265,True,True
0,2052.78,0.00988147,0,0,1773321798292,True,True
0,2052.78,0.00988147,0,0,1773321798292,True,True
0,2052.77,0.00259649,0,0,1773321804196,False,True
0,2052.74,0.009694,0,0,1773321804198,False,True
0,2052.29,3.0,0,0,1773321807580,True,True
0,2052.8,0.195,0,0,1773321808058,False,True
0,2052.81,0.3203105,0,0,1773321810546,True,True
0,2052.81,2.67,0,0,1773321811396,True,True
0,2053.51,0.09458974,0,0,1773321813702,True,True
0,2053.45,3.0,0,0,1773321816630,True,True
0,2053.52,0.001,0,0,1773321822514,True,True
0,2053.73,0.02286868,0,0,1773321822514,True,True
0,2054.14,1.27607294,0,0,1773321823193,True,True
0,2054.14,7.86197608,0,0,1773321823193,True,True
0,2054.15,0.5875236,0,0,1773321823193,True,True
0,2054.17,0.27442738,0,0,1773321823193,True,True
0,2053.77,0.4,0,0,1773321823286,False,True
0,2055.03,0.001,0,0,1773321833042,False,True
0,2054.75,0.001,0,0,1773321833195,False,True
0,2054.74,0.001,0,0,1773321833195,False,True
0,2054.73,0.001,0,0,1773321833195,False,True
0,2054.33,0.01307374,0,0,1773321833195,False,True
0,2054.09,0.001,0,0,1773321836572,True,True
0,2054.5,0.04692669,0,0,1773321836572,True,True
0,2054.09,0.001,0,0,1773321837597,False,True
0,2054.09,0.001,0,0,1773321838599,False,True
0,2054.1,0.001,0,0,1773321839649,True,True
0,2054.53,0.01073799,0,0,1773321839649,True,True
0,2054.12,0.01059982,0,0,1773321840088,False,True
0,2054.83,0.00947426,0,0,1773321844629,True,True
0,2055.41,0.0707431,0,0,1773321852005,True,True
0,2055.13,0.00091926,0,0,1773321859436,True,True
0,2054.89,0.00016417,0,0,1773321873518,False,True
0,2054.89,0.00099726,0,0,1773321873518,False,True
0,2055.44,0.4,0,0,1773321876984,True,True
0,2055.84,0.00715336,0,0,1773321899251,True,True
0,2055.84,0.13341107,0,0,1773321901930,False,True
0,2055.85,2.74e-06,0,0,1773321904582,True,True
0,2055.85,0.001,0,0,1773321904582,True,True
0,2055.85,0.00016184,0,0,1773321904582,True,True
0,2056.37,0.47762274,0,0,1773321904582,True,True
0,2056.45,8.815,0,0,1773321904582,True,True
0,2056.45,2.43138256,0,0,1773321904582,True,True
0,2056.47,3.27483012,0,0,1773321904582,True,True
0,2055.63,0.18433852,0,0,1773321933867,True,True
0,2055.64,0.4,0,0,1773321951481,True,True
0,2056.04,0.00722479,0,0,1773321952417,True,True
0,2056.6,0.01059982,0,0,1773321959702,True,True
0,2056.6,0.03485129,0,0,1773321959702,True,True
0,2057.01,0.00349642,0,0,1773321968014,True,True
0,2057.14,0.00393795,0,0,1773321968014,True,True
0,2058.49,0.51603497,0,0,1773321968833,True,True
0,2058.11,0.00898469,0,0,1773321974618,True,True
0,2058.11,0.00476356,0,0,1773321978486,True,True
0,2058.11,0.39,0,0,1773321979267,True,True
0,2058.11,0.00047288,0,0,1773322000862,True,True
0,2058.11,0.00189151,0,0,1773322026785,True,True
0,2058.1,1.09844584,0,0,1773322029032,False,True
0,2058.1,0.70100612,0,0,1773322029032,False,True
0,2058.1,0.0030249,0,0,1773322029032,False,True
0,2058.1,0.1969751,0,0,1773322032318,False,True
0,2057.54,0.07290259,0,0,1773322050784,True,True
0,2057.5,0.04860267,0,0,1773322054049,True,True
0,2057.53,0.04969672,0,0,1773322056543,False,True
0,2058.11,0.01187149,0,0,1773322065921,True,True
0,2057.64,0.03379981,0,0,1773322070724,False,True
0,2057.58,3.0,0,0,1773322082134,True,True
0,2057.67,0.00475313,0,0,1773322085336,True,True
0,2057.6,31.27,0,0,1773322088157,True,True
0,2057.67,0.03843669,0,0,1773322089643,True,True
0,2057.67,0.00934537,0,0,1773322090321,True,True
0,2057.62,0.26993662,0,0,1773322099523,True,True
0,2057.33,0.25165867,0,0,1773322103719,True,True
0,2057.04,0.02746815,0,0,1773322107801,True,True
0,2056.86,3.0,0,0,1773322110962,True,True
0,2057.02,2.43070592,0,0,1773322110962,True,True
0,2057.06,4.86296558,0,0,1773322110962,True,True
0,2057.07,0.5737,0,0,1773322110962,True,True
0,2057.11,8.818,0,0,1773322110962,True,True
0,2057.17,5.3146285,0,0,1773322110962,True,True
0,2056.62,0.38323917,0,0,1773322114039,True,True
0,2056.2,0.01440537,0,0,1773322132004,True,True
0,2056.2,2.73739492,0,0,1773322134738,True,True
0,2056.24,3.0,0,0,1773322134845,True,True
0,2056.64,0.5875236,0,0,1773322140140,True,True
0,2056.64,1.2724764,0,0,1773322140140,True,True
0,2056.65,0.4,0,0,1773322150655,True,True
0,2056.73,0.79850387,0,0,1773322150866,True,True
0,2056.75,2.99149613,0,0,1773322150866,True,True
0,2056.75,0.00850387,0,0,1773322151365,True,True
0,2057.14,3.0,0,0,1773322153546,True,True
0,2056.78,0.01975097,0,0,1773322154552,False,True
0,2056.85,0.00958084,0,0,1773322156923,True,True
0,2056.42,0.63269954,0,0,1773322163977,True,True
0,2056.42,0.00836548,0,0,1773322163977,True,True
0,2056.12,0.19471191,0,0,1773322165680,False,True
0,2056.12,0.3989014,0,0,1773322165680,False,True
0,2056.11,0.5737,0,0,1773322165680,False,True
0,2056.11,0.11559502,0,0,1773322165680,False,True
0,2056.11,0.69090883,0,0,1773322165680,False,True
0,2056.24,3.0,0,0,1773322171841,True,True
0,2056.46,3.0,0,0,1773322176396,True,True
0,2056.52,0.4,0,0,1773322176926,False,True
0,2056.69,3.0,0,0,1773322180671,True,True
0,2057.25,0.38449159,0,0,1773322186401,False,True
0,2057.22,1.67914834,0,0,1773322190970,False,True
0,2057.43,0.0669494,0,0,1773322191443,True,True
0,2057.4,0.0075,0,0,1773322200056,True,True
0,2057.02,0.13434498,0,0,1773322200745,False,True
0,2056.77,2.0,0,0,1773322200892,False,True
0,2055.95,3.0,0,0,1773322209233,True,True
0,2057.96,0.00963155,0,0,1773322210730,True,True
0,2055.94,0.38334888,0,0,1773322214418,False,True
0,2055.94,0.10161482,0,0,1773322214418,False,True
0,2055.94,0.4515792,0,0,1773322219398,False,True
0,2055.94,0.21439581,0,0,1773322219577,False,True
0,2056.17,0.4,0,0,1773322229828,True,True
0,2056.58,0.00087036,0,0,1773322237159,True,True
0,2056.1,0.01609412,0,0,1773322239809,True,True
0,2057.19,0.00673999,0,0,1773322244365,True,True
0,2057.59,0.00120897,0,0,1773322252045,True,True
0,2055.46,0.5737,0,0,1773322258585,False,True
0,2055.42,1.3263,0,0,1773322258585,False,True
0,2057.27,21.876,0,0,1773322262270,True,True
0,2057.48,0.5737,0,0,1773322262270,True,True
0,2057.51,0.05,0,0,1773322262270,True,True
0,2057.52,28.46939588,0,0,1773322262270,True,True
0,2056.9,0.14522992,0,0,1773322262309,False,True
0,2056.85,0.07444437,0,0,1773322279712,False,True
0,2056.85,1.92187188,0,0,1773322279712,False,True
0,2055.4,1.27607294,0,0,1773322294448,True,True
0,2055.59,0.62392706,0,0,1773322294448,True,True
0,2055.69,0.53443739,0,0,1773322302861,True,True
0,2055.7,0.96045095,0,0,1773322302861,True,True
0,2056.58,0.00791048,0,0,1773322306407,True,True
0,2056.48,0.00479098,0,0,1773322316016,True,True
0,2055.09,0.00057237,0,0,1773322323421,False,True
0,2054.12,0.03295111,0,0,1773322327028,False,True
0,2053.58,0.001,0,0,1773322328461,False,True
0,2053.6,0.7,0,0,1773322333145,True,True
0,2053.75,0.00091874,0,0,1773322342049,True,True
0,2054.69,0.4,0,0,1773322351127,True,True
0,2055.0,0.00083816,0,0,1773322351490,True,True
0,2055.0,0.00016184,0,0,1773322351490,True,True
0,2052.7,0.12117452,0,0,1773322366271,False,True
0,2054.0,10.0,0,0,1773322371925,True,True
0,2054.12,0.4,0,0,1773322379035,False,True
0,2054.43,0.00957071,0,0,1773322380039,False,True
0,2055.59,0.00083816,0,0,1773322385647,True,True
0,2055.59,0.00016184,0,0,1773322385647,True,True
0,2056.64,0.001,0,0,1773322388565,True,True
0,2057.15,1.0,0,0,1773322388603,True,True
0,2057.51,0.04368708,0,0,1773322388940,False,True
0,2057.7,0.30869853,0,0,1773322389025,False,True
0,2058.11,0.0141317,0,0,1773322389053,True,True
0,2058.17,0.001,0,0,1773322389053,True,True
0,2057.95,0.16470093,0,0,1773322397041,False,True
0,2058.05,0.1357648,0,0,1773322401351,True,True
0,2057.93,0.00080727,0,0,1773322406404,False,True
0,2058.07,1.0,0,0,1773322406551,True,True
0,2057.95,0.098261,0,0,1773322414972,True,True
0,2057.97,1.0,0,0,1773322415596,True,True
0,2056.71,0.26905932,0,0,1773322420470,True,True
0,2057.27,0.4,0,0,1773322429460,False,True
0,2057.67,0.001,0,0,1773322432044,True,True
0,2059.15,0.88304512,0,0,1773322437485,True,True
0,2059.15,0.11695488,0,0,1773322437485,True,True
0,2059.33,0.01614921,0,0,1773322437694,True,True
0,2059.72,0.04926398,0,0,1773322437694,True,True
0,2059.76,0.001,0,0,1773322437694,True,True
0,2059.73,0.13231062,0,0,1773322437703,False,True
0,2060.91,0.00485222,0,0,1773322442499,True,True
0,2061.58,0.00118983,0,0,1773322443527,True,True
0,2064.17,0.00144978,0,0,1773322448536,True,True
0,2064.97,1.0,0,0,1773322450344,True,True
0,2066.28,0.47752379,0,0,1773322450760,True,True
0,2065.75,2.26367174,0,0,1773322453644,True,True
0,2065.63,0.38449159,0,0,1773322454018,True,True
0,2065.2,0.21,0,0,1773322455084,True,True
0,2066.59,0.00949266,0,0,1773322458362,True,True
0,2066.05,0.00096453,0,0,1773322458540,False,True
0,2065.66,0.0019434,0,0,1773322463323,True,True
0,2065.9,0.10506694,0,0,1773322466143,True,True
0,2065.9,0.40910424,0,0,1773322466145,True,True
0,2065.9,0.26143225,0,0,1773322466146,True,True
0,2065.9,0.09172292,0,0,1773322466148,True,True
0,2066.35,0.08,0,0,1773322466243,True,True
0,2066.35,0.5737,0,0,1773322466243,True,True
0,2066.36,0.2478233,0,0,1773322466243,True,True
0,2066.36,0.19588828,0,0,1773322471576,True,True
0,2066.36,1.55560733,0,0,1773322471577,True,True
0,2066.36,0.31112147,0,0,1773322471577,True,True
0,2066.36,1.16062632,0,0,1773322471578,True,True
0,2066.61,0.3,0,0,1773322471580,True,True
0,2066.74,0.05,0,0,1773322471580,True,True
0,2066.75,3.84178,0,0,1773322471580,True,True
0,2066.78,0.5737,0,0,1773322471580,True,True
0,2066.87,0.04050605,0,0,1773322471588,True,True
0,2066.87,0.00493885,0,0,1773322471588,True,True
0,2067.19,0.46702988,0,0,1773322471597,True,True
0,2067.27,0.02,0,0,1773322471597,True,True
0,2067.34,1.41231177,0,0,1773322471597,True,True
0,2066.87,0.0454,0,0,1773322471609,True,True
0,2066.87,0.681493,0,0,1773322471609,True,True
0,2066.86,0.04186268,0,0,1773322471627,True,True
0,2067.61,0.00114033,0,0,1773322471627,True,True
0,2067.44,0.02,0,0,1773322471707,True,True
0,2067.2,0.03047867,0,0,1773322471814,False,True
0,2067.2,4.23406191,0,0,1773322471814,False,True
0,2068.0,2.49401125,0,0,1773322471855,False,True
0,2068.0,1.09183748,0,0,1773322471856,False,True
0,2068.01,0.06766459,0,0,1773322471881,True,True
0,2068.38,0.00493885,0,0,1773322471881,True,True
0,2068.41,0.00493885,0,0,1773322471881,True,True
0,2068.55,0.57341315,0,0,1773322472248,False,True
0,2068.18,2.41758519,0,0,1773322475469,True,True
0,2068.29,2.83638531,0,0,1773322475469,True,True
0,2068.3,1.27607294,0,0,1773322475469,True,True
0,2068.45,7.16883399,0,0,1773322475469,True,True
0,2067.27,2.16052515,0,0,1773322476992,False,True
0,2067.69,0.3,0,0,1773322479438,True,True
0,2067.08,2.16026287,0,0,1773322479542,False,True
0,2067.2,0.5875236,0,0,1773322480712,False,True
0,2067.17,1.34555446,0,0,1773322480712,False,True
0,2067.39,0.22933921,0,0,1773322481552,False,True
0,2067.17,0.65444554,0,0,1773322482338,False,True
0,2067.09,0.52633462,0,0,1773322483828,True,True
0,2067.46,0.09332283,0,0,1773322483850,True,True
0,2067.71,0.4,0,0,1773322483850,True,True
0,2067.86,0.977496,0,0,1773322483875,True,True
0,2067.82,3.0,0,0,1773322483925,True,True
0,2068.79,1.24448922,0,0,1773322485647,False,True
0,2068.79,0.48,0,0,1773322485799,False,True
0,2068.98,0.00493885,0,0,1773322485972,True,True
0,2068.93,1.40657521,0,0,1773322486259,False,True
0,2068.88,0.00096413,0,0,1773322487324,False,True
0,2069.2,0.00795339,0,0,1773322489124,True,True
0,2069.78,0.09332283,0,0,1773322489142,True,True
0,2069.81,0.7247,0,0,1773322489142,True,True
0,2069.49,1.41244624,0,0,1773322489154,False,True
0,2069.51,1.41244624,0,0,1773322489188,False,True
0,2070.6,0.001,0,0,1773322493801,True,True
0,2070.63,0.37813793,0,0,1773322494012,True,True
0,2070.8,0.00169466,0,0,1773322494411,True,True
0,2071.24,1.23637036,0,0,1773322494514,True,True
0,2071.25,0.00270618,0,0,1773322494526,True,True
0,2071.54,0.3,0,0,1773322494555,True,True
0,2072.65,0.32228651,0,0,1773322494584,True,True
0,2073.08,0.5737,0,0,1773322494584,True,True
0,2073.11,0.0106518,0,0,1773322494584,True,True
0,2073.36,6.34436169,0,0,1773322494584,True,True
0,2072.49,0.02124497,0,0,1773322494714,False,True
0,2072.73,0.005997,0,0,1773322494799,False,True
0,2072.74,0.0604958,0,0,1773322494827,False,True
0,2072.75,1.4029751,0,0,1773322494932,False,True
0,2072.75,0.50770122,0,0,1773322494934,False,True
0,2072.77,0.59580843,0,0,1773322494977,False,True
0,2072.78,1.41165882,0,0,1773322495078,False,True
0,2072.79,0.18128268,0,0,1773322495213,False,True
0,2072.8,0.35324512,0,0,1773322495275,False,True
0,2072.75,1.40323986,0,0,1773322495513,False,True
0,2072.76,2.15902933,0,0,1773322495610,False,True
0,2072.75,0.1682417,0,0,1773322495892,False,True
0,2072.66,0.715614,0,0,1773322497368,True,True
0,2072.96,0.00241791,0,0,1773322497377,False,True
0,2072.98,0.16136408,0,0,1773322497396,False,True
0,2071.57,0.04827256,0,0,1773322501283,False,True
0,2071.56,0.19338807,0,0,1773322501283,False,True
0,2071.61,0.02228645,0,0,1773322501568,False,True
0,2072.03,0.00482,0,0,1773322505150,True,True
0,2071.25,0.00321042,0,0,1773322505199,False,True
0,2071.25,1.15506843,0,0,1773322505799,False,True
0,2071.41,1.5,0,0,1773322506224,True,True
0,2071.56,0.09332283,0,0,1773322506538,True,True
0,2072.05,1.0,0,0,1773322506545,True,True
0,2072.65,0.00486812,0,0,1773322509855,False,True
0,2073.14,0.00203995,0,0,1773322513385,True,True
0,2073.17,1.0,0,0,1773322513391,True,True
0,2073.47,1.51715042,0,0,1773322513392,True,True
0,2073.47,0.38109816,0,0,1773322513393,True,True
0,2073.87,0.31565379,0,0,1773322513444,True,True
0,2074.04,0.02,0,0,1773322513458,True,True
0,2074.06,0.00114673,0,0,1773322513458,True,True
0,2073.86,0.04827256,0,0,1773322513533,True,True
0,2074.43,0.00556278,0,0,1773322513564,False,True
0,2074.44,0.00131527,0,0,1773322513640,False,True
0,2074.54,0.57341315,0,0,1773322513649,False,True
0,2075.0,0.49019608,0,0,1773322514388,True,True
0,2074.92,1.37543081,0,0,1773322514684,False,True
0,2075.0,0.00691509,0,0,1773322515609,True,True
0,2074.63,0.00686731,0,0,1773322517487,False,True
0,2074.75,0.164645,0,0,1773322517533,True,True
0,2075.0,0.00288883,0,0,1773322518493,True,True
0,2074.83,0.10561297,0,0,1773322519760,False,True
0,2073.71,0.01888455,0,0,1773322521998,False,True
0,2073.84,0.5,0,0,1773322523757,True,True
0,2073.18,0.5,0,0,1773322524770,True,True
0,2072.24,0.09061289,0,0,1773322525082,True,True
0,2072.36,0.5,0,0,1773322525776,True,True
0,2072.63,0.5,0,0,1773322526786,True,True
0,2072.44,0.5,0,0,1773322527792,True,True
0,2072.05,0.5,0,0,1773322528885,True,True
0,2069.86,0.5,0,0,1773322530609,True,True
0,2070.27,0.5,0,0,1773322530923,True,True
0,2069.64,0.5,0,0,1773322532647,True,True
0,2069.68,0.5,0,0,1773322532972,True,True
0,2067.91,0.5,0,0,1773322534665,True,True
0,2068.1,0.5,0,0,1773322534993,True,True
0,2067.14,0.0048376,0,0,1773322536509,False,True
0,2066.87,0.5,0,0,1773322536682,True,True
0,2067.14,0.5,0,0,1773322537012,True,True
0,2067.46,0.5,0,0,1773322538700,True,True
0,2067.46,0.5,0,0,1773322539028,True,True
0,2067.15,6.31991435,0,0,1773322540231,False,True
0,2067.26,0.00179778,0,0,1773322540332,True,True
0,2067.41,0.5,0,0,1773322541044,True,True
0,2067.41,0.5,0,0,1773322541241,True,True
0,2067.52,0.5,0,0,1773322543060,True,True
0,2067.52,0.01652391,0,0,1773322543259,True,True
0,2067.52,0.48347609,0,0,1773322543801,False,True
0,2067.55,0.31662009,0,0,1773322547456,True,True
0,2068.44,3.45999856,0,0,1773322547456,True,True
0,2068.91,0.8346518,0,0,1773322547456,True,True
0,2069.39,0.00111888,0,0,1773322559307,True,True
0,2069.98,0.00708531,0,0,1773322560045,False,True
0,2069.81,0.00091923,0,0,1773322561211,False,True
0,2070.7,1.4450748,0,0,1773322566680,True,True
0,2069.65,0.007751,0,0,1773322570802,True,True
0,2069.4,0.09332283,0,0,1773322582018,True,True
0,2069.85,0.4,0,0,1773322582051,True,True
0,2069.85,0.637177,0,0,1773322582054,True,True
0,2070.19,1.45130508,0,0,1773322582209,True,True
0,2071.87,15.6,0,0,1773322583485,False,True
0,2072.1,0.07135192,0,0,1773322588163,True,True
0,2072.95,0.78408454,0,0,1773322588169,True,True
0,2072.95,0.23081696,0,0,1773322588172,True,True
0,2073.4,0.0011124,0,0,1773322588223,True,True
0,2073.4,0.923754,0,0,1773322588223,True,True
0,2074.12,0.019745,0,0,1773322589731,False,True
0,2074.23,0.00482106,0,0,1773322589797,True,True
0,2074.73,0.48017096,0,0,1773322593196,True,True
0,2074.73,0.09352904,0,0,1773322593196,True,True
0,2074.86,0.00135617,0,0,1773322593196,True,True
0,2075.0,4.92707293,0,0,1773322593204,True,True
0,2075.0,3.75,0,0,1773322593204,True,True
0,2075.0,41.32292707,0,0,1773322593208,True,True
0,2074.97,9.02772091,0,0,1773322593214,True,True
0,2074.97,2.97227909,0,0,1773322593215,True,True
0,2074.99,0.614135,0,0,1773322593218,True,True
0,2075.61,0.06298739,0,0,1773322593254,True,True
0,2075.61,0.03326773,0,0,1773322593260,True,True
0,2075.61,3.03594892,0,0,1773322593264,True,True
0,2075.62,0.04198739,0,0,1773322593264,True,True
0,2075.73,0.001,0,0,1773322593264,True,True
0,2076.22,0.03880043,0,0,1773322593304,False,True
0,2076.23,0.02215346,0,0,1773322593407,True,True
0,2076.4,0.004,0,0,1773322593451,True,True
0,2076.57,0.03075906,0,0,1773322593451,True,True
0,2076.92,0.29221713,0,0,1773322593451,True,True
0,2076.92,0.02955779,0,0,1773322593492,True,True
0,2077.26,2.59155937,0,0,1773322593503,True,True
0,2077.27,0.06528629,0,0,1773322593503,True,True
0,2077.77,0.00113807,0,0,1773322593503,True,True
0,2077.8,0.86630453,0,0,1773322593503,True,True
0,2076.91,0.001,0,0,1773322593503,False,True
0,2077.25,1.0856569,0,0,1773322593532,False,True
0,2078.4,0.00104568,0,0,1773322593712,True,True
0,2078.61,0.5737,0,0,1773322593712,True,True
0,2078.82,0.5737,0,0,1773322593712,True,True
0,2078.85,0.12898729,0,0,1773322593712,True,True
0,2078.92,0.0134266,0,0,1773322593712,True,True
0,2078.93,0.75496597,0,0,1773322593712,True,True
0,2079.0,3.50402606,0,0,1773322593712,True,True
0,2079.0,0.27884596,0,0,1773322593712,True,True
0,2079.03,0.01033224,0,0,1773322593712,True,True
0,2079.17,0.00172581,0,0,1773322593747,True,True
0,2079.24,0.37827419,0,0,1773322593747,True,True
0,2078.96,0.30284569,0,0,1773322593748,False,True
0,2079.24,0.19542581,0,0,1773322593863,True,True
0,2079.45,0.25457419,0,0,1773322593863,True,True
0,2079.05,0.01715643,0,0,1773322593882,False,True
0,2079.45,0.31,0,0,1773322593913,True,True
0,2080.0,0.47,0,0,1773322594012,True,True
0,2079.12,0.0164087,0,0,1773322594057,False,True
0,2080.0,0.00037,0,0,1773322594061,True,True
0,2080.0,0.00862787,0,0,1773322594061,True,True
0,2080.0,0.00240384,0,0,1773322594061,True,True
0,2080.0,0.51859829,0,0,1773322594061,True,True
0,2080.0,0.08,0,0,1773322594063,True,True
0,2080.0,0.15638331,0,0,1773322594063,True,True
0,2080.0,0.08678352,0,0,1773322594063,True,True
0,2080.0,0.60683317,0,0,1773322594063,True,True
0,2080.0,0.32,0,0,1773322594063,True,True
0,2078.91,0.48846476,0,0,1773322594298,False,True
0,2077.54,0.53985963,0,0,1773322594332,False,True
0,2079.14,8.47119079,0,0,1773322594352,True,True
0,2079.14,0.5737,0,0,1773322594352,True,True
0,2079.24,10.95510921,0,0,1773322594352,True,True
0,2077.59,0.01686946,0,0,1773322594562,False,True
0,2077.24,0.03008,0,0,1773322594748,False,True
0,2077.37,0.38952427,0,0,1773322595114,False,True
0,2077.37,0.54014337,0,0,1773322595114,False,True
0,2077.34,0.9627697,0,0,1773322595280,False,True
0,2075.96,3.5,0,0,1773322598041,False,True
0,2075.78,0.02949955,0,0,1773322598042,False,True
0,2075.96,3.5,0,0,1773322598055,False,True
0,2076.26,0.5875236,0,0,1773322598941,True,True
0,2076.26,0.2995747,0,0,1773322598941,True,True
0,2076.26,0.96947786,0,0,1773322598941,True,True
0,2076.26,1.56733275,0,0,1773322598942,True,True
0,2076.28,2.16486903,0,0,1773322598942,True,True
0,2076.83,0.09332283,0,0,1773322598946,True,True
0,2077.23,2.76099738,0,0,1773322598946,True,True
0,2077.23,0.969926,0,0,1773322598984,True,True
0,2077.06,0.57341315,0,0,1773322598991,False,True
0,2077.74,0.644584,0,0,1773322599003,True,True
0,2077.86,0.02,0,0,1773322599003,True,True
0,2077.86,0.02,0,0,1773322599016,True,True
0,2077.86,0.869513,0,0,1773322599022,True,True
0,2078.5,1.23243776,0,0,1773322599025,True,True
0,2079.41,0.05495,0,0,1773322599569,False,True
0,2080.0,0.32635957,0,0,1773322599631,True,True
0,2080.0,19.67364043,0,0,1773322599631,True,True
0,2079.41,1.45383068,0,0,1773322600231,False,True
0,2078.85,0.00657397,0,0,1773322600569,False,True
0,2079.4,0.5875236,0,0,1773322600984,True,True
0,2079.41,0.843431,0,0,1773322600984,True,True
0,2079.65,0.5737,0,0,1773322600984,True,True
0,2079.84,0.22478671,0,0,1773322600984,True,True
0,2079.84,0.1,0,0,1773322600985,True,True
0,2080.0,43.368,0,0,1773322602492,True,True
0,2078.8,0.58722984,0,0,1773322604636,False,True
0,2078.69,0.42233536,0,0,1773322606321,False,True
0,2078.66,0.001957,0,0,1773322606394,False,True
0,2077.5,0.00123436,0,0,1773322608551,False,True
0,2077.42,7.52519603,0,0,1773322609639,True,True
0,2077.42,70.4,0,0,1773322609640,True,True
0,2077.42,5.07960664,0,0,1773322609642,True,True
0,2077.42,3.4,0,0,1773322609642,True,True
0,2077.42,7.44833354,0,0,1773322609644,True,True
0,2077.42,3.4,0,0,1773322609645,True,True
0,2077.85,0.09332283,0,0,1773322609646,True,True
0,2077.85,0.56386,0,0,1773322609682,True,True
0,2079.32,0.004,0,0,1773322609694,True,True
0,2079.32,0.819231,0,0,1773322609722,True,True
0,2080.0,0.02,0,0,1773322609851,True,True
0,2080.0,0.02,0,0,1773322609851,True,True
0,2080.0,11.91835957,0,0,1773322609882,True,True
0,2080.15,0.48073457,0,0,1773322609882,True,True
0,2080.21,0.31565379,0,0,1773322609882,True,True
0,2080.29,0.02351408,0,0,1773322609882,True,True
0,2080.8,0.008217,0,0,1773322610036,True,True
0,2081.22,0.001783,0,0,1773322610036,True,True
0,2081.22,0.03,0,0,1773322610036,True,True
0,2081.22,0.02,0,0,1773322610041,True,True
0,2081.22,0.17,0,0,1773322610082,True,True
0,2081.22,0.12,0,0,1773322610083,True,True
0,2081.22,0.17,0,0,1773322610083,True,True
0,2081.22,0.14,0,0,1773322610093,True,True
0,2080.02,0.03826925,0,0,1773322610117,False,True
0,2081.22,0.35,0,0,1773322610121,True,True
0,2081.22,0.45,0,0,1773322610121,True,True
0,2080.35,0.55050352,0,0,1773322610128,False,True
0,2080.35,0.55050352,0,0,1773322610129,False,True
0,2079.33,0.03721622,0,0,1773322612543,False,True
0,2079.18,0.01057682,0,0,1773322613903,True,True
0,2079.66,0.05,0,0,1773322614215,True,True
0,2079.33,2.40462071,0,0,1773322614476,True,True
0,2079.43,0.08550843,0,0,1773322614476,True,True
0,2079.32,2.5132928,0,0,1773322615381,False,True
0,2079.32,2.5132928,0,0,1773322615381,False,True
0,2079.03,1.8330161,0,0,1773322615385,False,True
0,2079.03,0.1669839,0,0,1773322615386,False,True
0,2077.34,0.02547075,0,0,1773322616449,True,True
0,2076.02,0.00250134,0,0,1773322620078,False,True
0,2074.49,0.03510913,0,0,1773322625106,True,True
0,2073.13,1.0,0,0,1773322629947,False,True
0,2072.46,0.04910896,0,0,1773322630057,True,True
0,2072.45,0.31902926,0,0,1773322630057,False,True
0,2073.19,0.07288624,0,0,1773322634605,True,True
0,2073.19,0.06470146,0,0,1773322634605,True,True
0,2073.19,0.11295444,0,0,1773322634606,True,True
0,2073.19,0.14945786,0,0,1773322634606,True,True
0,2074.6,0.00109299,0,0,1773322638869,True,True
0,2075.06,0.00277993,0,0,1773322646160,True,True
0,2074.94,1.0,0,0,1773322648738,False,True
0,2074.42,1.0,0,0,1773322649949,False,True
0,2073.66,0.17745657,0,0,1773322652069,True,True
0,2073.83,0.00109099,0,0,1773322655252,True,True
0,2074.5,1.0,0,0,1773322658205,False,True
0,2073.69,0.060814,0,0,1773322659333,False,True
0,2072.08,0.00473144,0,0,1773322668448,True,True
0,2071.81,0.01185921,0,0,1773322672305,True,True
0,2071.81,0.343637,0,0,1773322674236,False,True
0,2071.81,0.183848,0,0,1773322674236,False,True
0,2072.08,3.0,0,0,1773322680596,True,True
0,2072.39,0.01606699,0,0,1773322680596,True,True
0,2072.53,8.48352799,0,0,1773322680596,True,True
0,2072.38,0.4,0,0,1773322682178,False,True
0,2073.25,0.00129511,0,0,1773322691036,False,True
0,2073.94,0.00880424,0,0,1773322691886,True,True
0,2074.26,0.001912,0,0,1773322706898,True,True
0,2073.78,0.00453529,0,0,1773322711189,True,True
0,2074.53,8.748,0,0,1773322712940,True,True
0,2074.54,11.252,0,0,1773322712940,True,True
0,2073.63,0.02676499,0,0,1773322721706,False,True
0,2071.62,0.17562204,0,0,1773322736249,False,True
0,2072.42,0.00808752,0,0,1773322741359,True,True
0,2073.08,0.4,0,0,1773322752532,True,True
0,2074.0,1.49488834,0,0,1773322764166,True,True
0,2074.07,1.25924377,0,0,1773322764166,True,True
0,2073.53,0.58915209,0,0,1773322777540,True,True
0,2073.54,8.75,0,0,1773322777540,True,True
0,2073.59,16.18357557,0,0,1773322777540,True,True
0,2072.63,0.00912385,0,0,1773322779592,False,True
0,2073.05,0.02236883,0,0,1773322779809,True,True
0,2072.42,0.01447584,0,0,1773322788402,False,True
0,2072.09,0.5875236,0,0,1773322788402,False,True
0,2072.08,0.654045,0,0,1773322788402,False,True
0,2072.58,0.11881364,0,0,1773322790087,True,True
0,2072.93,0.01715118,0,0,1773322800914,True,True
0,2072.92,0.5737,0,0,1773322802580,False,True
0,2072.92,0.52075658,0,0,1773322802580,False,True
0,2072.92,0.90455606,0,0,1773322802580,False,True
0,2072.92,0.34822273,0,0,1773322804479,False,True
0,2072.92,0.93747831,0,0,1773322804479,False,True
0,2072.92,0.91373544,0,0,1773322804479,False,True
0,2072.92,0.15553593,0,0,1773322804488,False,True
0,2072.92,0.12139429,0,0,1773322804489,False,True
0,2072.92,0.06701411,0,0,1773322804489,False,True
0,2072.92,0.057999,0,0,1773322804489,False,True
0,2072.92,0.32894417,0,0,1773322804490,False,True
0,2072.92,0.13474326,0,0,1773322804490,False,True
0,2072.92,0.05569332,0,0,1773322804490,False,True
0,2072.92,0.09249753,0,0,1773322804491,False,True
0,2072.92,0.05584753,0,0,1773322804492,False,True
0,2072.92,0.01659542,0,0,1773322804492,False,True
0,2072.92,0.07924562,0,0,1773322804492,False,True
0,2072.92,0.06108117,0,0,1773322804507,False,True
0,2072.92,0.06934495,0,0,1773322804512,False,True
0,2072.92,0.06004278,0,0,1773322804514,False,True
0,2072.92,0.07098636,0,0,1773322804517,False,True
0,2072.92,0.04624078,0,0,1773322804517,False,True
0,2072.92,0.06338513,0,0,1773322804518,False,True
0,2072.93,0.38284882,0,0,1773322811432,True,True
0,2072.93,0.26750557,0,0,1773322811432,True,True
0,2074.53,0.024,0,0,1773322823863,False,True
0,2074.54,0.00834933,0,0,1773322824434,True,True
0,2075.58,0.00944519,0,0,1773322839107,True,True
0,2075.58,0.00407148,0,0,1773322840201,True,True
0,2075.48,0.0009548,0,0,1773322846737,False,True
0,2073.88,0.02669449,0,0,1773322854796,False,True
0,2074.24,0.006436,0,0,1773322856590,True,True
0,2075.26,0.05987163,0,0,1773322860041,False,True
0,2073.98,0.0265433,0,0,1773322876566,False,True
0,2074.26,0.01115076,0,0,1773322878255,True,True
0,2073.4,0.4,0,0,1773322883959,False,True
0,2073.74,3.0,0,0,1773322884022,True,True
0,2075.12,0.06724584,0,0,1773322893437,True,True
0,2075.0,0.05655139,0,0,1773322895431,True,True
0,2072.08,1.73291643,0,0,1773322914351,True,True
0,2072.08,0.18903364,0,0,1773322914379,True,True
0,2072.0,0.00016184,0,0,1773322920041,False,True
0,2072.0,0.00083816,0,0,1773322920041,False,True
0,2071.88,0.00716597,0,0,1773322920041,False,True
0,2072.16,0.54818082,0,0,1773322922044,True,True
0,2072.17,3.0,0,0,1773322922044,True,True
0,2072.27,0.45181918,0,0,1773322922044,True,True
0,2071.85,0.45318773,0,0,1773322923800,True,True
0,2071.13,0.51664275,0,0,1773322927064,False,True
0,2071.13,0.22636777,0,0,1773322927067,False,True
0,2071.13,0.25698948,0,0,1773322927067,False,True
0,2068.64,1.37412871,0,0,1773322931203,True,True
0,2068.64,0.1290338,0,0,1773322931203,True,True
0,2068.64,0.05847739,0,0,1773322931204,True,True
0,2068.64,0.11463611,0,0,1773322931206,True,True
0,2068.64,0.14845442,0,0,1773322931206,True,True
0,2068.64,0.05608085,0,0,1773322931206,True,True
0,2070.09,0.02982882,0,0,1773322933892,False,True
0,2070.15,0.4,0,0,1773322934345,False,True
0,2071.29,0.22231016,0,0,1773322936425,False,True
0,2071.96,0.00016184,0,0,1773322945544,False,True
0,2071.96,0.00083816,0,0,1773322945544,False,True
0,2071.36,0.25963412,0,0,1773322945544,False,True
0,2072.4,0.01183043,0,0,1773322965023,True,True
0,2072.06,0.00016184,0,0,1773322968558,True,True
0,2072.06,0.00083816,0,0,1773322968558,True,True
0,2071.95,0.00473174,0,0,1773322971033,True,True
0,2071.62,0.006436,0,0,1773322976961,False,True
0,2071.44,0.00113304,0,0,1773322980045,False,True
0,2071.13,0.0025,0,0,1773322983081,True,True
0,2071.13,0.4,0,0,1773322990493,True,True
0,2071.29,0.00050147,0,0,1773323000489,False,True
0,2071.0,0.02941941,0,0,1773323009520,False,True
0,2071.68,0.54123537,0,0,1773323023282,True,True
0,2072.64,0.00073789,0,0,1773323028800,False,True
0,2070.8,0.0209907,0,0,1773323063658,True,True
0,2068.83,0.00286252,0,0,1773323071372,False,True
0,2068.42,0.05655139,0,0,1773323076109,True,True
0,2068.42,0.00016184,0,0,1773323076111,True,True
0,2068.42,0.00083816,0,0,1773323076111,True,True
0,2068.04,0.04974307,0,0,1773323082583,False,True
0,2068.71,0.4,0,0,1773323093452,True,True
0,2069.2,0.0039703,0,0,1773323094899,False,True
0,2069.08,0.91545547,0,0,1773323124019,False,True
0,2066.59,0.00483888,0,0,1773323141424,False,True
0,2066.54,0.00016184,0,0,1773323141424,False,True
0,2066.54,0.00083816,0,0,1773323141424,False,True
0,2066.52,1.71402855,0,0,1773323141424,False,True
0,2066.52,0.28597145,0,0,1773323141424,False,True
0,2066.07,0.13093417,0,0,1773323141455,False,True
0,2066.07,0.05,0,0,1773323141455,False,True
0,2066.07,1.81906583,0,0,1773323141459,False,True
0,2065.96,0.634968,0,0,1773323141459,False,True
0,2065.69,0.02,0,0,1773323141508,False,True
0,2065.67,0.94413291,0,0,1773323141508,False,True
0,2065.28,0.69875254,0,0,1773323141508,False,True
0,2065.27,3.295672,0,0,1773323141508,False,True
0,2065.23,0.5737,0,0,1773323141508,False,True
0,2065.19,1.72074255,0,0,1773323141508,False,True
0,2065.37,2.42086272,0,0,1773323142548,False,True
0,2065.09,0.5875236,0,0,1773323142548,False,True
0,2065.09,0.5737,0,0,1773323142548,False,True
0,2065.08,0.00035167,0,0,1773323142548,False,True
0,2065.08,0.00064833,0,0,1773323142548,False,True
0,2064.9,0.91691368,0,0,1773323142548,False,True
0,2063.06,0.03635377,0,0,1773323148546,False,True
0,2062.93,0.00080145,0,0,1773323148581,False,True
0,2062.93,0.00019855,0,0,1773323148581,False,True
0,2062.87,0.00337579,0,0,1773323160076,False,True
0,2062.77,0.096957,0,0,1773323160877,False,True
0,2062.77,1.0,0,0,1773323160877,False,True
0,2062.55,0.01066211,0,0,1773323161415,False,True
0,2061.55,1.0,0,0,1773323166757,False,True
0,2060.93,0.00094178,0,0,1773323166890,True,True
0,2060.93,0.00020832,0,0,1773323166890,True,True
0,2059.97,2.0,0,0,1773323168305,False,True
0,2059.97,1.0,0,0,1773323168305,False,True
0,2059.35,0.03271748,0,0,1773323168335,True,True
0,2059.18,0.03257427,0,0,1773323169673,True,True
0,2060.47,1.02435911,0,0,1773323173142,True,True
0,2060.57,0.50219926,0,0,1773323175962,True,True
0,2060.5,0.58998852,0,0,1773323176467,True,True
0,2060.34,0.57214781,0,0,1773323176522,True,True
0,2060.33,1.8614831,0,0,1773323176536,False,True
0,2060.0,1.61007111,0,0,1773323176560,True,True
0,2059.92,0.01555072,0,0,1773323177247,True,True
0,2059.57,0.00623132,0,0,1773323177383,True,True
0,2059.53,0.00182158,0,0,1773323178444,True,True
0,2059.17,0.59340921,0,0,1773323179476,True,True
0,2059.18,0.11750612,0,0,1773323180992,True,True
0,2059.78,0.48305853,0,0,1773323181649,True,True
0,2059.55,1.090762,0,0,1773323181654,True,True
0,2060.38,0.00490935,0,0,1773323182490,True,True
0,2060.35,0.4753858,0,0,1773323183034,True,True
0,2060.31,2.46319934,0,0,1773323184051,True,True
0,2060.31,0.53680066,0,0,1773323184051,True,True
0,2061.35,0.22231016,0,0,1773323187620,True,True
0,2061.34,0.48292656,0,0,1773323190187,False,True
0,2061.34,0.06644665,0,0,1773323190191,False,True
0,2061.34,0.11190035,0,0,1773323190200,False,True
0,2061.34,1.33872644,0,0,1773323190201,False,True
0,2061.34,2.06127356,0,0,1773323190201,False,True
0,2061.34,0.36433308,0,0,1773323190202,False,True
0,2061.34,0.67379682,0,0,1773323190202,False,True
0,2061.34,1.10795338,0,0,1773323190203,False,True
0,2061.34,0.3967,0,0,1773323190207,False,True
0,2061.33,3.0,0,0,1773323193547,True,True
0,2061.35,0.17768984,0,0,1773323193547,True,True
0,2061.39,6.82231016,0,0,1773323193547,True,True
0,2061.42,0.05625827,0,0,1773323196554,True,True
0,2061.46,0.00474859,0,0,1773323200298,True,True
0,2061.07,0.00079168,0,0,1773323206911,False,True
0,2061.07,0.00036287,0,0,1773323206911,False,True
0,2060.0,0.01,0,0,1773323207902,False,True
0,2059.74,1.91892123,0,0,1773323211130,True,True
0,2059.74,1.08107877,0,0,1773323211132,True,True
0,2058.01,0.00114673,0,0,1773323225761,False,True
0,2057.54,0.729,0,0,1773323236069,False,True
0,2056.4,0.00952854,0,0,1773323236133,False,True
0,2056.27,0.08704341,0,0,1773323236133,False,True
0,2056.76,0.001912,0,0,1773323236868,False,True
0,2057.55,0.00047072,0,0,1773323243472,True,True
0,2057.54,0.00122864,0,0,1773323243851,False,True
0,2057.54,0.59563679,0,0,1773323248148,False,True
0,2057.54,0.78911301,0,0,1773323248148,False,True
0,2057.54,0.12826339,0,0,1773323248148,False,True
0,2057.55,0.00215151,0,0,1773323251186,True,True
0,2056.9,0.524941,0,0,1773323254170,False,True
0,2057.19,0.28325453,0,0,1773323258709,True,True
0,2056.77,0.00145938,0,0,1773323262056,True,True
0,2056.73,0.0004709,0,0,1773323263707,True,True
0,2056.54,3.0,0,0,1773323276255,True,True
0,2056.85,3.4,0,0,1773323276265,True,True
0,2056.85,0.4,0,0,1773323276265,True,True
0,2056.85,2.0109,0,0,1773323276270,True,True
0,2056.85,3.4,0,0,1773323276281,True,True
0,2056.69,3.0,0,0,1773323276293,True,True
0,2056.85,3.8,0,0,1773323276293,True,True
0,2056.85,1.10956286,0,0,1773323276297,True,True
0,2056.85,3.0,0,0,1773323276324,True,True
0,2056.85,2.0274,0,0,1773323276326,True,True
0,2057.05,0.4444888,0,0,1773323276345,True,True
0,2057.05,0.1906,0,0,1773323276360,True,True
0,2057.05,1.1431,0,0,1773323276361,True,True
0,2057.05,0.9682,0,0,1773323276363,True,True
0,2057.05,1.7325,0,0,1773323276363,True,True
0,2057.05,1.2204362,0,0,1773323276379,True,True
0,2057.55,0.38575872,0,0,1773323276469,True,True
0,2057.55,0.01161905,0,0,1773323276471,True,True
0,2057.71,0.0006005,0,0,1773323279720,True,True
0,2057.44,0.04860409,0,0,1773323280098,False,True
0,2057.43,0.03155394,0,0,1773323280098,False,True
0,2058.42,0.00235311,0,0,1773323290188,False,True
0,2058.42,0.08304246,0,0,1773323302643,False,True
0,2058.43,0.4,0,0,1773323302834,True,True
0,2059.9,0.4969,0,0,1773323305471,True,True
0,2060.28,3.0,0,0,1773323305475,True,True
0,2060.51,0.00087439,0,0,1773323311917,True,True
0,2060.51,0.01677506,0,0,1773323312118,True,True
0,2060.52,0.001,0,0,1773323319982,True,True
0,2061.11,0.04153562,0,0,1773323319982,True,True
0,2061.01,0.25,0,0,1773323325457,False,True
0,2061.02,0.001,0,0,1773323325838,True,True
0,2063.63,0.00214893,0,0,1773323341017,False,True
0,2063.67,0.9691472,0,0,1773323344092,True,True
0,2063.67,0.9691472,0,0,1773323344138,True,True
0,2063.67,0.49166804,0,0,1773323344156,True,True
0,2063.73,0.4,0,0,1773323344355,True,True
0,2064.49,3.0,0,0,1773323344918,True,True
0,2065.41,0.02375384,0,0,1773323345888,True,True
0,2065.56,0.001,0,0,1773323354463,True,True
0,2065.56,0.5048115,0,0,1773323354463,True,True
0,2065.65,0.46244892,0,0,1773323355112,True,True
0,2065.65,0.96821824,0,0,1773323355128,True,True
0,2065.64,0.61329966,0,0,1773323355143,True,True
0,2065.65,0.35491858,0,0,1773323355143,True,True
0,2065.65,0.96821824,0,0,1773323355159,True,True
0,2065.65,0.24619602,0,0,1773323355175,True,True
0,2065.76,0.72202222,0,0,1773323355702,True,True
0,2065.76,0.96816668,0,0,1773323355717,True,True
0,2065.76,0.96816668,0,0,1773323355734,True,True
0,2065.76,0.34164442,0,0,1773323355752,True,True
0,2065.79,0.62652226,0,0,1773323356968,True,True
0,2065.79,0.96815262,0,0,1773323356984,True,True
0,2065.79,0.96815262,0,0,1773323357000,True,True
0,2065.79,0.4371725,0,0,1773323357016,True,True
0,2066.15,0.53098012,0,0,1773323357533,True,True
0,2066.15,0.04164454,0,0,1773323357551,True,True
0,2066.16,3.0,0,0,1773323358005,True,True
0,2066.98,0.04860409,0,0,1773323358140,True,True
0,2067.0,0.33308779,0,0,1773323358660,True,True
0,2067.19,0.54464751,0,0,1773323359176,True,True
0,2067.19,0.96749694,0,0,1773323359194,True,True
0,2067.19,0.96749694,0,0,1773323359211,True,True
0,2067.19,0.52035861,0,0,1773323359227,True,True
0,2067.59,0.44713833,0,0,1773323359839,True,True
0,2067.59,0.96730977,0,0,1773323360626,False,True
0,2067.34,0.5737,0,0,1773323360645,True,True
0,2067.35,0.39360509,0,0,1773323360645,True,True
0,2067.34,0.05756648,0,0,1773323360721,False,True
0,2067.34,0.90986026,0,0,1773323361528,False,True
0,2066.79,0.96742206,0,0,1773323361546,True,True
0,2066.79,0.96768419,0,0,1773323361562,True,True
0,2066.79,0.96768419,0,0,1773323361579,True,True
0,2066.79,0.09720956,0,0,1773323361596,True,True
0,2066.79,0.87047463,0,0,1773323364678,False,True
0,2066.26,0.9676795,0,0,1773323364693,True,True
0,2066.26,0.9679324,0,0,1773323364710,True,True
0,2066.17,0.00597593,0,0,1773323365385,True,True
0,2065.97,0.00196914,0,0,1773323369776,False,True
0,2064.29,0.01466867,0,0,1773323376011,False,True
0,2064.56,0.01569015,0,0,1773323382505,True,True
0,2065.6,0.5,0,0,1773323388237,False,True
0,2065.99,0.01773177,0,0,1773323394053,True,True
0,2065.99,0.38226823,0,0,1773323396112,True,True
0,2067.18,0.00122864,0,0,1773323397823,True,True
0,2067.24,0.00193981,0,0,1773323401083,False,True
0,2067.43,0.001,0,0,1773323402941,True,True
0,2069.26,0.001,0,0,1773323407781,True,True
0,2069.81,0.04725529,0,0,1773323408165,True,True
0,2069.81,0.67744471,0,0,1773323408708,True,True
0,2069.82,0.03086019,0,0,1773323408708,True,True
0,2070.54,0.00141724,0,0,1773323417157,True,True
0,2070.67,0.001,0,0,1773323418744,True,True
0,2070.71,1.0,0,0,1773323418744,True,True
0,2071.98,0.89462495,0,0,1773323430923,False,True
0,2072.29,0.44758903,0,0,1773323432026,True,True
0,2072.17,0.04674361,0,0,1773323433097,True,True
0,2072.17,0.71479444,0,0,1773323440803,True,True
0,2072.17,0.18266505,0,0,1773323440804,True,True
0,2072.17,0.0557969,0,0,1773323440804,True,True
0,2072.17,0.04674,0,0,1773323440804,True,True
0,2072.17,0.08012815,0,0,1773323440804,True,True
0,2072.17,0.31987185,0,0,1773323440805,True,True
0,2072.69,2.55274678,0,0,1773323440815,True,True
0,2072.33,0.05751967,0,0,1773323442801,False,True
0,2070.85,0.32465541,0,0,1773323454721,False,True
0,2069.36,0.001,0,0,1773323457878,True,True
0,2068.99,0.04108106,0,0,1773323477583,True,True
0,2071.17,0.06608108,0,0,1773323484511,True,True
0,2069.67,0.00033179,0,0,1773323505525,False,True
0,2069.67,0.00066821,0,0,1773323505525,False,True
0,2067.37,0.001,0,0,1773323523956,False,True
0,2067.71,0.35734517,0,0,1773323529279,True,True
0,2066.47,0.06051878,0,0,1773323551876,True,True
0,2066.3,0.00479142,0,0,1773323555965,True,True
0,2065.86,2.42029938,0,0,1773323569461,False,True
0,2065.84,2.97799163,0,0,1773323569461,False,True
0,2065.83,1.81430538,0,0,1773323570384,False,True
0,2065.83,0.05971877,0,0,1773323570385,False,True
0,2065.58,2.0,0,0,1773323570450,False,True
0,2065.0,0.00102794,0,0,1773323572861,False,True
0,2065.14,0.02623899,0,0,1773323586034,True,True
0,2065.0,0.12289364,0,0,1773323597664,False,True
0,2065.01,0.00723275,0,0,1773323600537,True,True
0,2065.01,0.39276725,0,0,1773323602963,True,True
0,2065.01,0.59100192,0,0,1773323602963,True,True
0,2065.01,0.21548224,0,0,1773323602974,True,True
0,2065.01,0.12917466,0,0,1773323602978,True,True
0,2065.01,0.08813281,0,0,1773323623298,True,True
0,2065.0,0.00339297,0,0,1773323623418,False,True
0,2065.0,0.12643847,0,0,1773323626056,False,True
0,2064.21,0.5117708,0,0,1773323627290,True,True
0,2064.22,0.90460757,0,0,1773323627290,True,True
0,2064.22,1.08362163,0,0,1773323627290,True,True
0,2064.19,0.35,0,0,1773323632215,False,True
0,2064.16,0.96890306,0,0,1773323635298,False,True
0,2064.16,0.96890306,0,0,1773323635341,False,True
0,2064.15,0.0013345,0,0,1773323636811,False,True
0,2064.15,0.16,0,0,1773323639318,False,True
0,2064.15,0.5,0,0,1773323639318,False,True
0,2064.15,0.04,0,0,1773323639318,False,True
0,2064.16,0.00242229,0,0,1773323644254,True,True
0,2064.16,0.96648077,0,0,1773323649181,True,True
0,2064.16,0.4,0,0,1773323649181,True,True
0,2064.6,0.96890306,0,0,1773323649200,False,True
0,2065.18,0.96872472,0,0,1773323649215,False,True
0,2065.18,0.96843859,0,0,1773323649233,False,True
0,2065.18,0.96843859,0,0,1773323649248,False,True
0,2065.18,0.64767858,0,0,1773323649264,False,True
0,2064.19,0.01473311,0,0,1773323651307,False,True
0,2064.16,0.02171889,0,0,1773323651307,False,True
0,2064.1,0.5,0,0,1773323652335,False,True
0,2064.39,0.2215509,0,0,1773323653354,True,True
0,2064.06,1.04163639,0,0,1773323657785,True,True
0,2063.58,0.00108008,0,0,1773323663403,True,True
0,2063.34,0.05,0,0,1773323680114,True,True
0,2064.31,0.0012075,0,0,1773323681878,True,True
0,2063.53,0.79058725,0,0,1773323701479,False,True
0,2063.14,0.00484698,0,0,1773323703092,False,True
0,2062.38,0.00096671,0,0,1773323705646,False,True
0,2062.92,0.01,0,0,1773323707142,False,True
0,2062.92,0.09,0,0,1773323707142,False,True
0,2062.92,0.5,0,0,1773323707142,False,True
0,2062.92,0.7,0,0,1773323707142,False,True
0,2062.92,0.4,0,0,1773323707142,False,True
0,2061.81,3.5,0,0,1773323711198,False,True
0,2061.78,0.04725529,0,0,1773323711198,False,True
0,2061.78,1.95274471,0,0,1773323711202,False,True
0,2061.44,0.001,0,0,1773323712883,False,True
0,2061.42,0.001,0,0,1773323712888,False,True
0,2061.14,0.001,0,0,1773323714843,False,True
0,2061.13,0.001,0,0,1773323714843,False,True
0,2061.12,0.001,0,0,1773323714843,False,True
0,2060.89,0.00037174,0,0,1773323729682,False,True
0,2060.89,0.00062826,0,0,1773323729682,False,True
0,2060.52,0.50682577,0,0,1773323738928,True,True
0,2060.52,0.17967665,0,0,1773323738930,True,True
0,2060.52,0.0913603,0,0,1773323738932,True,True
0,2060.52,0.08141951,0,0,1773323738933,True,True
0,2060.52,0.09825714,0,0,1773323738935,True,True
0,2060.63,2.56,0,0,1773323757887,True,True
0,2059.84,0.001,0,0,1773323766532,False,True
0,2058.02,0.22,0,0,1773323771817,False,True
0,2058.03,0.04722848,0,0,1773323772290,True,True
0,2058.03,0.00051946,0,0,1773323772293,True,True
0,2057.87,0.00049062,0,0,1773323772415,False,True
0,2057.87,0.00050938,0,0,1773323772415,False,True
0,2057.83,0.00123221,0,0,1773323772415,False,True
0,2057.54,0.729,0,0,1773323774501,False,True
0,2057.0,0.00938259,0,0,1773323777662,False,True
0,2056.73,2.0,0,0,1773323777662,False,True
0,2056.57,3.0,0,0,1773323780570,True,True
0,2059.34,0.16261127,0,0,1773323785053,True,True
0,2059.03,0.4,0,0,1773323792391,False,True
0,2059.67,0.00663455,0,0,1773323795513,False,True
0,2059.94,0.16235694,0,0,1773323795967,True,True
0,2059.45,0.968,0,0,1773323800310,True,True
0,2059.73,0.00232621,0,0,1773323804707,True,True
0,2060.15,0.999972,0,0,1773323809355,True,True
0,2060.17,0.001,0,0,1773323809355,True,True
0,2060.63,0.001,0,0,1773323810060,True,True
0,2060.87,0.01835457,0,0,1773323811755,True,True
0,2061.13,0.0021768,0,0,1773323820218,False,True
0,2061.86,0.02077515,0,0,1773323831101,True,True
0,2061.59,0.001,0,0,1773323833231,True,True
0,2061.8,0.001,0,0,1773323834111,True,True
0,2062.23,1.42769044,0,0,1773323834111,True,True
0,2062.23,0.34085648,0,0,1773323834111,True,True
0,2062.23,1.23145308,0,0,1773323834111,True,True
0,2062.56,0.001,0,0,1773323834117,True,True
0,2062.89,2.35255602,0,0,1773323834117,True,True
0,2063.1,0.001,0,0,1773323834125,True,True
0,2063.21,0.02,0,0,1773323834125,True,True
0,2062.69,3.0,0,0,1773323834225,True,True
0,2062.93,0.3,0,0,1773323834225,True,True
0,2063.1,0.3,0,0,1773323834225,True,True
0,2063.78,0.02066517,0,0,1773323839101,True,True
0,2063.58,0.001,0,0,1773323849868,False,True
0,2063.49,0.001,0,0,1773323860032,True,True
0,2063.5,0.001,0,0,1773323860032,True,True
0,2063.51,0.001,0,0,1773323860032,True,True
0,2063.59,0.02075466,0,0,1773323860032,True,True
0,2064.52,0.00094325,0,0,1773323870459,True,True
0,2063.66,0.02049695,0,0,1773323873447,False,True
0,2064.18,0.02039089,0,0,1773323873533,True,True
0,2063.4,2.0,0,0,1773323883789,False,True
0,2063.16,0.001,0,0,1773323883908,False,True
0,2062.81,0.001,0,0,1773323884849,False,True
0,2062.84,0.02143807,0,0,1773323886144,True,True
0,2062.9,0.5737,0,0,1773323893618,True,True
0,2062.92,1.27607294,0,0,1773323893618,True,True
0,2062.92,0.58637774,0,0,1773323893618,True,True
0,2063.13,0.01370157,0,0,1773323895826,True,True
0,2063.13,0.001,0,0,1773323899039,True,True
0,2063.14,0.00065287,0,0,1773323899039,True,True
0,2062.37,0.001,0,0,1773323902462,False,True
0,2061.84,0.02031027,0,0,1773323904263,False,True
0,2062.72,2.34784967,0,0,1773323934806,True,True
0,2062.44,0.0044653,0,0,1773323939071,True,True
0,2062.4,0.06800846,0,0,1773323939187,True,True
0,2062.47,0.34,0,0,1773323945591,False,True
0,2063.13,0.4,0,0,1773323965722,True,True
0,2063.15,1.0,0,0,1773323965722,True,True
0,2064.54,0.00484371,0,0,1773323979819,True,True
0,2065.1,0.00107576,0,0,1773323981194,False,True
0,2065.16,1.0,0,0,1773324000358,True,True
0,2065.16,0.4,0,0,1773324000358,True,True
0,2067.03,0.00199357,0,0,1773324001207,False,True
0,2067.32,0.00676482,0,0,1773324001662,True,True
0,2066.33,0.00308938,0,0,1773324004981,True,True
0,2066.95,0.0004814,0,0,1773324006038,True,True
0,2066.95,0.02373647,0,0,1773324006370,True,True
0,2067.57,0.01186823,0,0,1773324007265,True,True
0,2067.65,0.01186151,0,0,1773324011169,True,True
0,2068.29,1.43471177,0,0,1773324019199,True,True
0,2068.29,0.00494,0,0,1773324019547,True,True
0,2069.5,3.0,0,0,1773324024508,True,True
0,2069.73,0.02286992,0,0,1773324027022,True,True
0,2069.73,0.5,0,0,1773324027171,True,True
0,2069.56,0.02368669,0,0,1773324029270,True,True
0,2069.8,0.001,0,0,1773324039728,False,True
0,2069.81,0.00443822,0,0,1773324045567,True,True
0,2069.81,0.16158022,0,0,1773324048115,True,True
0,2069.81,0.55868156,0,0,1773324051019,True,True
0,2069.81,0.4,0,0,1773324051019,True,True
0,2069.93,0.001,0,0,1773324051148,True,True
0,2070.09,0.02274004,0,0,1773324051555,True,True
0,2070.16,1.0,0,0,1773324051555,True,True
0,2071.22,0.001,0,0,1773324055205,True,True
0,2072.63,0.0049975,0,0,1773324055614,False,True
0,2072.8,0.00337707,0,0,1773324058032,True,True
0,2072.91,3.0,0,0,1773324059087,True,True
0,2072.97,0.00097747,0,0,1773324059143,False,True
0,2072.98,1.0,0,0,1773324059337,True,True
0,2073.2,0.001,0,0,1773324060021,True,True
0,2073.74,0.00260128,0,0,1773324060180,False,True
0,2074.06,0.00114673,0,0,1773324060324,True,True
0,2074.15,3.0,0,0,1773324060329,True,True
0,2074.73,0.005997,0,0,1773324060696,False,True
0,2074.49,2.0,0,0,1773324061245,False,True
0,2073.45,1.999,0,0,1773324061807,False,True
0,2071.53,0.0140934,0,0,1773324070311,True,True
0,2071.93,0.13644785,0,0,1773324071029,True,True
0,2071.93,0.07332354,0,0,1773324071029,True,True
0,2071.93,0.07396327,0,0,1773324071030,True,True
0,2071.93,0.06711502,0,0,1773324071030,True,True
0,2071.93,0.04449356,0,0,1773324071032,True,True
0,2071.92,0.16,0,0,1773324071633,False,True
0,2071.93,0.60465676,0,0,1773324072538,True,True
0,2071.93,0.39534,0,0,1773324072538,True,True
0,2073.12,0.27942422,0,0,1773324080948,False,True
0,2072.13,0.04231443,0,0,1773324086749,False,True
0,2072.79,0.4,0,0,1773324104470,True,True
0,2073.51,0.02560343,0,0,1773324109954,True,True
0,2073.42,0.59827467,0,0,1773324112639,True,True
0,2073.42,0.14356882,0,0,1773324112652,True,True
0,2073.42,0.17318896,0,0,1773324112671,True,True
0,2073.42,0.14356881,0,0,1773324112683,True,True
0,2073.42,1.94139874,0,0,1773324112724,True,True
0,2074.43,0.16097531,0,0,1773324114470,True,True
0,2073.6,0.85488084,0,0,1773324122532,True,True
0,2073.6,0.00863737,0,0,1773324123036,True,True
0,2074.34,0.01125328,0,0,1773324127794,True,True
0,2074.33,0.5,0,0,1773324130450,False,True
0,2074.8,0.07135191,0,0,1773324136168,True,True
0,2075.0,1.4964967,0,0,1773324136168,True,True
0,2075.0,6.17490535,0,0,1773324136168,True,True
0,2075.0,73.02186534,0,0,1773324136189,True,True
0,2075.0,37.89423767,0,0,1773324136206,True,True
0,2075.55,0.02039986,0,0,1773324139825,True,True
0,2075.86,0.001,0,0,1773324144982,True,True
0,2076.87,0.4,0,0,1773324146177,False,True
0,2076.59,3.62083223,0,0,1773324146559,False,True
0,2076.58,0.00431064,0,0,1773324147128,True,True
0,2076.57,0.36,0,0,1773324149555,False,True
0,2076.56,1.90446309,0,0,1773324149555,False,True
0,2076.56,0.09553691,0,0,1773324149562,False,True
0,2076.89,0.37983427,0,0,1773324151089,True,True
0,2077.0,0.41545155,0,0,1773324152007,False,True
0,2077.0,1.31772605,0,0,1773324152016,False,True
0,2077.06,1.0,0,0,1773324153928,True,True
0,2077.09,3.0,0,0,1773324153929,True,True
0,2077.33,0.001,0,0,1773324154836,True,True
0,2077.34,0.066858,0,0,1773324154836,True,True
0,2077.68,0.93541549,0,0,1773324155230,True,True
0,2077.68,0.14230739,0,0,1773324155236,True,True
0,2077.68,0.18500621,0,0,1773324155237,True,True
0,2077.68,0.15967931,0,0,1773324155237,True,True
0,2077.68,0.05774587,0,0,1773324155241,True,True
0,2077.68,0.0825348,0,0,1773324155246,True,True
0,2077.68,0.06882039,0,0,1773324155248,True,True
0,2078.0,3.43497593,0,0,1773324155314,True,True
0,2078.49,0.00070537,0,0,1773324160240,False,True
0,2078.5,0.00481116,0,0,1773324161941,True,True
0,2079.61,0.36966,0,0,1773324168926,True,True
0,2079.61,2.63034,0,0,1773324168931,True,True
0,2079.61,1.0,0,0,1773324168931,True,True
0,2080.0,0.00512924,0,0,1773324169015,True,True
0,2080.0,0.00322009,0,0,1773324169015,True,True
0,2080.0,0.00741772,0,0,1773324169015,True,True
0,2080.0,0.15101491,0,0,1773324169015,True,True
0,2080.0,0.00938259,0,0,1773324169015,True,True
0,2080.0,3.0,0,0,1773324169015,True,True
0,2078.92,3.0,0,0,1773324172562,True,True
0,2079.13,0.001,0,0,1773324174613,True,True
0,2079.46,0.00281676,0,0,1773324174613,True,True
0,2079.03,0.56116739,0,0,1773324175362,False,True
0,2079.03,12.0248385,0,0,1773324175362,False,True
0,2079.02,26.459,0,0,1773324175362,False,True
0,2079.02,25.352,0,0,1773324175362,False,True
0,2079.01,1.83479001,0,0,1773324175362,False,True
0,2079.47,1.0,0,0,1773324178768,True,True
0,2080.15,0.24424079,0,0,1773324192787,False,True
0,2080.06,0.5,0,0,1773324194174,False,True
0,2080.06,0.03680612,0,0,1773324194174,False,True
0,2080.03,0.25650216,0,0,1773324194174,False,True
0,2080.03,2.26367174,0,0,1773324194174,False,True
0,2079.72,0.00050785,0,0,1773324212593,True,True
0,2078.91,0.35227537,0,0,1773324216338,False,True
0,2078.91,0.37201736,0,0,1773324216338,False,True
0,2079.76,0.006267,0,0,1773324227093,True,True
0,2079.07,0.01538945,0,0,1773324227248,False,True
0,2080.2,0.4,0,0,1773324241641,True,True
0,2081.1,0.00660304,0,0,1773324242198,True,True
0,2081.1,0.1361008,0,0,1773324242359,True,True
0,2081.22,0.18938699,0,0,1773324242359,True,True
0,2081.22,0.30341756,0,0,1773324242359,True,True
0,2081.98,0.02915788,0,0,1773324245779,True,True
0,2082.0,1.47641236,0,0,1773324245779,True,True
0,2081.97,0.0148433,0,0,1773324245779,False,True
0,2082.0,1.70150111,0,0,1773324245779,True,True
0,2082.0,2.25835535,0,0,1773324245779,True,True
0,2082.0,1.67422176,0,0,1773324245780,True,True
0,2082.0,0.58413106,0,0,1773324245780,True,True
0,2082.0,0.64651699,0,0,1773324245786,True,True
0,2082.08,0.26554001,0,0,1773324245946,True,True
0,2082.08,0.45485999,0,0,1773324245953,True,True
0,2082.71,0.03761824,0,0,1773324246367,False,True
0,2082.21,0.02280444,0,0,1773324247180,False,True
0,2082.22,0.06823971,0,0,1773324247202,False,True
0,2082.21,0.33176029,0,0,1773324247202,False,True
0,2081.69,0.06293808,0,0,1773324249483,False,True
0,2081.69,0.02279251,0,0,1773324249497,False,True
0,2081.69,0.04389875,0,0,1773324249535,False,True
0,2081.69,0.07177149,0,0,1773324249542,False,True
0,2081.69,1.79859917,0,0,1773324249543,False,True
0,2079.76,2.0,0,0,1773324251298,False,True
0,2079.76,0.48953766,0,0,1773324251298,False,True
0,2079.04,0.72986173,0,0,1773324263533,True,True
0,2079.04,2.258378,0,0,1773324263539,True,True
0,2079.88,9.28563443,0,0,1773324264115,False,True
0,2080.49,0.00313697,0,0,1773324265325,True,True
0,2079.9,0.50508099,0,0,1773324273448,True,True
0,2079.9,0.18164636,0,0,1773324273448,True,True
0,2077.96,0.00060302,0,0,1773324284710,False,True
0,2077.96,0.00039698,0,0,1773324284710,False,True
0,2077.89,0.0049193,0,0,1773324289360,False,True
0,2077.88,0.04438443,0,0,1773324292099,False,True
0,2077.27,0.45399673,0,0,1773324292612,True,True
0,2077.0,1.88698813,0,0,1773324294344,False,True
0,2077.72,0.4,0,0,1773324297845,False,True
0,2078.71,0.01328638,0,0,1773324298875,True,True
0,2078.27,0.01043113,0,0,1773324300045,False,True
0,2079.65,0.6,0,0,1773324312699,True,True
0,2079.84,0.00115887,0,0,1773324315312,False,True
0,2079.63,0.4481337,0,0,1773324323670,True,True
0,2079.7,0.00187643,0,0,1773324324677,True,True
0,2078.5,0.02906095,0,0,1773324330900,False,True
0,2078.5,0.03969227,0,0,1773324330900,False,True
0,2078.5,1.13227821,0,0,1773324331500,False,True
0,2078.14,0.00093856,0,0,1773324335193,True,True
0,2078.5,0.00095271,0,0,1773324336032,True,True
0,2078.41,0.01538945,0,0,1773324341264,True,True
0,2078.41,0.17706536,0,0,1773324341264,True,True
0,2078.13,0.05008138,0,0,1773324343008,False,True
0,2077.6,0.4,0,0,1773324348366,False,True
0,2077.2,0.19748146,0,0,1773324352083,False,True
0,2076.9,2.0,0,0,1773324362006,False,True
0,2078.05,0.46512915,0,0,1773324368188,True,True
0,2078.31,0.01402378,0,0,1773324404179,False,True
0,2077.12,0.25672,0,0,1773324407323,False,True
0,2076.76,0.4976245,0,0,1773324427082,False,True
0,2076.52,0.00233773,0,0,1773324429890,True,True
0,2076.1,0.00611986,0,0,1773324435605,False,True
0,2075.98,0.00111095,0,0,1773324437012,False,True
0,2076.1,0.57275699,0,0,1773324437119,False,True
0,2076.1,0.00295895,0,0,1773324437214,False,True
0,2075.96,0.05595865,0,0,1773324455397,True,True
0,2075.78,0.0066563,0,0,1773324456441,True,True
0,2075.99,0.01777998,0,0,1773324461712,False,True
0,2077.08,0.00944669,0,0,1773324466829,True,True
0,2077.08,0.00233271,0,0,1773324466929,True,True
0,2077.08,0.10318857,0,0,1773324469905,True,True
0,2076.28,0.00046633,0,0,1773324479942,True,True
0,2076.25,0.06009202,0,0,1773324486770,False,True
0,2076.3,2.50201393,0,0,1773324487869,False,True
0,2075.15,0.00093313,0,0,1773324491540,True,True
0,2075.58,0.00241343,0,0,1773324491995,True,True
0,2075.22,0.00872477,0,0,1773324495897,False,True
0,2075.13,0.4,0,0,1773324504822,True,True
0,2075.87,0.00093338,0,0,1773324506430,True,True
0,2076.48,0.12043201,0,0,1773324508422,False,True
0,2076.38,0.04093663,0,0,1773324519275,False,True
0,2075.86,1.10484148,0,0,1773324542679,True,True
0,2075.86,1.59552626,0,0,1773324542680,True,True
0,2075.86,0.29963226,0,0,1773324542703,True,True
0,2075.54,0.4,0,0,1773324550348,False,True
0,2076.81,0.01205697,0,0,1773324555987,True,True
0,2076.38,0.02407539,0,0,1773324565063,True,True
0,2076.38,0.00092825,0,0,1773324566093,True,True
0,2076.37,0.00727489,0,0,1773324566641,False,True
0,2076.37,0.24103899,0,0,1773324572498,False,True
0,2075.91,0.01892294,0,0,1773324577380,False,True
0,2076.31,0.00381367,0,0,1773324578240,False,True
0,2076.32,0.71208712,0,0,1773324581499,True,True
0,2076.32,0.87247123,0,0,1773324581938,True,True
0,2076.32,1.40461857,0,0,1773324581938,True,True
0,2076.32,0.01082308,0,0,1773324581939,True,True
0,2076.68,3.0,0,0,1773324582041,True,True
0,2077.59,0.00504788,0,0,1773324582462,False,True
0,2076.53,1.625,0,0,1773324592844,True,True
0,2076.53,1.375,0,0,1773324592857,True,True
0,2077.54,0.4,0,0,1773324600951,False,True
0,2078.18,0.04674832,0,0,1773324605120,True,True
0,2078.81,0.00529672,0,0,1773324605563,True,True
0,2079.32,1.52890614,0,0,1773324609982,True,True
0,2079.32,2.35138616,0,0,1773324609983,True,True
0,2079.32,1.11973965,0,0,1773324609983,True,True
0,2079.84,0.001,0,0,1773324628489,True,True
0,2080.04,0.10322372,0,0,1773324628489,True,True
0,2079.74,0.00504788,0,0,1773324629684,False,True
0,2080.02,2.58323239,0,0,1773324631130,True,True
0,2080.02,0.41676761,0,0,1773324631133,True,True
0,2081.0,0.01201346,0,0,1773324631482,True,True
0,2081.0,18.91946376,0,0,1773324645692,True,True
0,2081.0,8.3168153,0,0,1773324645715,True,True
0,2081.0,22.24817766,0,0,1773324645737,True,True
0,2081.0,0.50352982,0,0,1773324645822,True,True
0,2081.84,0.01885839,0,0,1773324645845,False,True
0,2080.78,0.00563987,0,0,1773324657091,False,True
0,2080.78,0.21039517,0,0,1773324657476,False,True
0,2080.78,1.06146078,0,0,1773324657476,False,True
0,2079.87,0.12534324,0,0,1773324669264,False,True
0,2079.9,3.0,0,0,1773324670000,True,True
0,2081.12,0.00258289,0,0,1773324673806,True,True
0,2081.12,0.00119894,0,0,1773324679430,True,True
0,2081.09,0.01269261,0,0,1773324690802,False,True
0,2081.09,0.09869122,0,0,1773324690901,False,True
0,2081.09,11.69911813,0,0,1773324691032,False,True
0,2081.09,0.09869558,0,0,1773324692069,False,True
0,2081.1,0.01198292,0,0,1773324693407,True,True
0,2081.09,0.06182955,0,0,1773324695865,False,True
0,2081.09,0.0282294,0,0,1773324695865,False,True
0,2081.09,1.5,0,0,1773324695865,False,True
0,2081.09,0.11,0,0,1773324695865,False,True
0,2081.09,1.35030119,0,0,1773324695865,False,True
0,2081.09,0.05,0,0,1773324695865,False,True
0,2080.68,0.00092651,0,0,1773324698561,True,True
0,2080.61,0.4,0,0,1773324701987,False,True
0,2080.45,0.03799178,0,0,1773324713742,True,True
0,2081.1,0.05598845,0,0,1773324724451,True,True
0,2082.0,3.12955518,0,0,1773324727328,True,True
0,2082.42,0.33228557,0,0,1773324731124,False,True
0,2082.36,0.11746064,0,0,1773324733580,True,True
0,2081.04,9.971,0,0,1773324737415,False,True
0,2081.2,0.02570544,0,0,1773324739273,True,True
0,2081.27,1.04301002,0,0,1773324743557,False,True
0,2081.16,0.80069225,0,0,1773324743570,False,True
0,2081.16,0.14621651,0,0,1773324743572,False,True
0,2081.16,0.09125526,0,0,1773324743575,False,True
0,2081.16,0.00283598,0,0,1773324743587,False,True
0,2078.84,0.00103244,0,0,1773324751645,False,True
0,2078.98,0.10050618,0,0,1773324754256,True,True
0,2079.16,2.13238791,0,0,1773324754256,True,True
0,2078.89,1.71665891,0,0,1773324759444,True,True
0,2078.89,0.14151966,0,0,1773324759447,True,True
0,2078.89,1.14182143,0,0,1773324759448,True,True
0,2079.62,0.4,0,0,1773324760126,True,True
0,2080.24,0.01545058,0,0,1773324760230,False,True
0,2080.24,0.01545058,0,0,1773324760230,False,True
0,2080.37,0.00232942,0,0,1773324761181,True,True
0,2080.37,0.63479246,0,0,1773324761399,True,True
0,2080.37,0.17281455,0,0,1773324761402,True,True
0,2080.37,0.12064718,0,0,1773324761407,True,True
0,2080.37,0.11564644,0,0,1773324761434,True,True
0,2081.96,0.00093489,0,0,1773324769908,True,True
0,2081.49,3.0,0,0,1773324773992,True,True
0,2081.58,1.98,0,0,1773324773992,True,True
0,2081.35,0.02894996,0,0,1773324775832,False,True
0,2080.46,0.00235619,0,0,1773324789031,True,True
0,2079.0,0.4,0,0,1773324806407,True,True
0,2081.25,0.01619464,0,0,1773324814543,False,True
0,2081.27,0.24740215,0,0,1773324814786,True,True
0,2081.27,0.26506114,0,0,1773324814786,True,True
0,2080.0,0.14607638,0,0,1773324825519,False,True
0,2079.85,0.06599077,0,0,1773324825522,False,True
0,2079.85,1.20005929,0,0,1773324825527,False,True
0,2079.85,0.13503462,0,0,1773324825531,False,True
0,2079.85,0.59891532,0,0,1773324825532,False,True
0,2079.8,0.00476185,0,0,1773324833917,True,True
0,2078.57,0.00257429,0,0,1773324846439,False,True
0,2078.79,3.0,0,0,1773324847039,True,True
0,2078.86,1.98,0,0,1773324847039,True,True
0,2079.64,0.5737,0,0,1773324856799,True,True
0,2079.67,0.5875236,0,0,1773324856799,True,True
0,2079.68,0.5875236,0,0,1773324856799,True,True
0,2079.69,7.998,0,0,1773324856799,True,True
0,2079.7,22.48343153,0,0,1773324856799,True,True
0,2079.65,0.01016398,0,0,1773324860885,True,True
0,2079.97,0.4,0,0,1773324878512,True,True
0,2080.86,0.00502089,0,0,1773324900108,True,True
0,2081.65,0.24161606,0,0,1773324902713,False,True
0,2082.3,0.00626789,0,0,1773324903798,False,True
0,2082.49,0.4,0,0,1773324904278,False,True
0,2082.5,0.48076923,0,0,1773324904380,True,True
0,2082.6,0.30637654,0,0,1773324904412,True,True
0,2082.6,0.01592778,0,0,1773324904460,True,True
0,2083.16,0.00164657,0,0,1773324904627,False,True
0,2083.27,0.0031416,0,0,1773324904979,True,True
0,2083.59,0.00103023,0,0,1773324904979,True,True
0,2083.84,0.00299907,0,0,1773324904979,True,True
0,2083.58,0.00621791,0,0,1773324906146,False,True
0,2083.82,0.001,0,0,1773324906539,True,True
0,2083.84,0.0008739,0,0,1773324906539,True,True
0,2083.84,0.00751122,0,0,1773324906722,True,True
0,2084.23,0.04054583,0,0,1773324906722,True,True
0,2084.23,0.81977545,0,0,1773324907274,True,True
0,2084.63,0.01920273,0,0,1773324907287,False,True
0,2084.69,0.0015394,0,0,1773324907316,True,True
0,2084.9,0.07037907,0,0,1773324907343,True,True
0,2085.0,0.23918772,0,0,1773324907343,True,True
0,2085.0,0.5,0,0,1773324907343,True,True
0,2085.0,2.61137952,0,0,1773324907343,True,True
0,2085.0,23.67322858,0,0,1773324907343,True,True
0,2085.0,15.8891,0,0,1773324907343,True,True
0,2084.71,0.12786531,0,0,1773324907343,False,True
0,2085.0,10.43767142,0,0,1773324907349,True,True
0,2085.25,0.00242742,0,0,1773324907405,True,True
0,2085.29,0.001,0,0,1773324907405,True,True
0,2085.37,0.01685373,0,0,1773324907405,True,True
0,2085.77,0.00423794,0,0,1773324907405,True,True
0,2086.0,0.01768588,0,0,1773324907492,True,True
0,2086.0,0.1257866,0,0,1773324907492,True,True
0,2086.0,0.9742134,0,0,1773324907492,True,True
0,2086.27,0.0043379,0,0,1773324907492,True,True
0,2086.39,0.33470942,0,0,1773324907492,True,True
0,2086.4,0.00293816,0,0,1773324907492,True,True
0,2086.51,0.14885143,0,0,1773324907492,True,True
0,2086.58,0.31373274,0,0,1773324907492,True,True
0,2086.6,0.389921,0,0,1773324907492,True,True
0,2086.72,0.00401203,0,0,1773324907492,True,True
0,2086.9,0.5737,0,0,1773324907492,True,True
0,2087.11,0.5737,0,0,1773324907492,True,True
0,2087.17,0.008536,0,0,1773324907492,True,True
0,2087.26,0.00158894,0,0,1773324907492,True,True
0,2087.32,1.62840301,0,0,1773324907492,True,True
0,2087.33,4.94312917,0,0,1773324907492,True,True
0,2087.37,0.00700339,0,0,1773324907492,True,True
0,2087.64,5.97092341,0,0,1773324907492,True,True
0,2087.64,3.44335349,0,0,1773324907493,True,True
0,2087.67,0.02628288,0,0,1773324907493,True,True
0,2087.7,0.005,0,0,1773324907493,True,True
0,2087.71,0.07237178,0,0,1773324907493,True,True
0,2087.73,0.00343271,0,0,1773324907493,True,True
0,2087.74,12.32925914,0,0,1773324907493,True,True
0,2087.74,0.12884519,0,0,1773324907514,True,True
0,2087.74,0.26047831,0,0,1773324907518,True,True
0,2087.74,0.09538604,0,0,1773324907559,True,True
0,2087.74,0.08890856,0,0,1773324907559,True,True
0,2087.74,0.26962195,0,0,1773324907563,True,True
0,2087.74,0.26511821,0,0,1773324907563,True,True
0,2087.74,0.33328596,0,0,1773324907565,True,True
0,2087.74,3.4,0,0,1773324907597,True,True
0,2087.74,0.40869297,0,0,1773324907601,True,True
0,2087.74,9.02198074,0,0,1773324907604,True,True
0,2087.74,0.07184693,0,0,1773324907619,True,True
0,2087.74,3.00732691,0,0,1773324907634,True,True
0,2087.74,3.00732692,0,0,1773324907644,True,True
0,2087.74,3.00732692,0,0,1773324907644,True,True
0,2087.74,0.57359584,0,0,1773324907644,True,True
0,2087.77,0.04861449,0,0,1773324907667,True,True
0,2088.09,0.009578,0,0,1773324907667,True,True
0,2088.2,0.04788813,0,0,1773324907667,True,True
0,2088.25,0.09535619,0,0,1773324907667,True,True
0,2088.25,0.02394349,0,0,1773324907667,True,True
0,2088.37,0.5737,0,0,1773324907667,True,True
0,2088.58,0.5737,0,0,1773324907667,True,True
0,2088.8,0.001,0,0,1773324907667,True,True
0,2088.83,0.00172502,0,0,1773324907667,True,True
0,2088.88,0.02906095,0,0,1773324907667,True,True
0,2088.89,0.00957446,0,0,1773324907667,True,True
0,2088.91,2.52375464,0,0,1773324907667,True,True
0,2088.96,0.2,0,0,1773324907667,True,True
0,2089.0,0.82060342,0,0,1773324907667,True,True
0,2089.0,38.28250121,0,0,1773324907667,True,True
0,2087.73,0.40302801,0,0,1773324907725,False,True
0,2087.73,1.09181753,0,0,1773324907726,False,True
0,2087.73,2.46525818,0,0,1773324907726,False,True
0,2089.0,1.71749879,0,0,1773324907754,True,True
0,2089.0,41.52350121,0,0,1773324907754,True,True
0,2089.0,0.0239,0,0,1773324907758,True,True
0,2089.0,8.45259879,0,0,1773324907767,True,True
0,2089.0,0.37856213,0,0,1773324907767,True,True
0,2089.01,0.28011416,0,0,1773324907767,True,True
0,2089.0,0.2958,0,0,1773324907804,False,True
0,2088.99,6.82892188,0,0,1773324907804,False,True
0,2089.24,0.26356086,0,0,1773324907818,True,True
0,2089.31,0.00193661,0,0,1773324907818,True,True
0,2089.46,0.002,0,0,1773324907818,True,True
0,2089.58,0.00315221,0,0,1773324907818,True,True
0,2089.78,0.088564,0,0,1773324907818,True,True
0,2089.92,0.95107799,0,0,1773324907818,True,True
0,2089.93,0.00964126,0,0,1773324907818,True,True
0,2090.0,0.1,0,0,1773324907818,True,True
0,2090.0,0.00781771,0,0,1773324907818,True,True
0,2090.0,0.09569377,0,0,1773324907818,True,True
0,2090.0,0.11961722,0,0,1773324907818,True,True
0,2090.0,0.04784688,0,0,1773324907818,True,True
0,2090.0,5.79929629,0,0,1773324907818,True,True
0,2090.0,100.0,0,0,1773324907818,True,True
0,2090.12,4.64751694,0,0,1773324907818,True,True
0,2090.24,0.00112905,0,0,1773324907818,True,True
0,2090.26,0.5737,0,0,1773324907818,True,True
0,2090.33,2.05577708,0,0,1773324907818,True,True
0,2090.33,0.54067213,0,0,1773324907818,True,True
0,2089.07,0.00184407,0,0,1773324907819,False,True
0,2089.07,0.001,0,0,1773324907819,False,True
0,2090.33,0.65143846,0,0,1773324907824,True,True
0,2090.33,0.32783827,0,0,1773324907824,True,True
0,2090.4,8.95495618,0,0,1773324907824,True,True
0,2090.44,0.41651951,0,0,1773324907824,True,True
0,2090.54,3.78404473,0,0,1773324907824,True,True
0,2090.76,0.01086496,0,0,1773324907824,True,True
0,2090.85,0.019361,0,0,1773324907824,True,True
0,2090.85,0.019361,0,0,1773324907824,True,True
0,2090.85,0.019361,0,0,1773324907824,True,True
0,2089.07,0.001,0,0,1773324907825,False,True
0,2089.07,0.00568365,0,0,1773324907825,False,True
0,2088.99,4.26259506,0,0,1773324907825,False,True
0,2089.57,0.0374,0,0,1773324907934,True,True
0,2089.57,0.22158175,0,0,1773324907941,True,True
0,2091.09,1.62546718,0,0,1773324907999,True,True
0,2091.1,0.5737,0,0,1773324907999,True,True
0,2091.28,0.00163411,0,0,1773324907999,True,True
0,2091.31,0.00458715,0,0,1773324907999,True,True
0,2090.2,0.57255332,0,0,1773324908009,False,True
0,2090.45,0.00261597,0,0,1773324908064,False,True
0,2091.31,0.56911285,0,0,1773324908067,True,True
0,2091.48,0.00347817,0,0,1773324908067,True,True
0,2091.51,42.66840898,0,0,1773324908067,True,True
0,2091.51,40.73260242,0,0,1773324908119,True,True
0,2091.52,0.00358171,0,0,1773324908119,True,True
0,2091.08,0.00507227,0,0,1773324908154,False,True
0,2091.7,0.0186391,0,0,1773324908206,True,True
0,2091.1,2.17144328,0,0,1773324908264,False,True
0,2091.1,0.31062722,0,0,1773324908265,False,True
0,2091.7,0.0022529,0,0,1773324908294,True,True
0,2091.1,0.35944932,0,0,1773324908297,False,True
0,2091.32,0.21524,0,0,1773324908534,False,True
0,2091.68,0.23995776,0,0,1773324908590,True,True
0,2091.48,0.5737,0,0,1773324908612,True,True
0,2091.31,0.00261597,0,0,1773324908613,False,True
0,2091.32,0.84272,0,0,1773324908744,False,True
0,2091.32,1.03130415,0,0,1773324908809,False,True
0,2091.28,0.001,0,0,1773324908809,False,True
0,2091.11,0.47803661,0,0,1773324908809,False,True
0,2090.99,0.64791187,0,0,1773324908809,False,True
0,2091.0,0.98810011,0,0,1773324908826,False,True
0,2091.0,0.32805152,0,0,1773324908856,False,True
0,2091.0,0.00655744,0,0,1773324908936,False,True
0,2091.13,0.85374601,0,0,1773324909022,False,True
0,2091.13,2.15793796,0,0,1773324909060,False,True
0,2091.13,2.15822351,0,0,1773324909060,False,True
0,2091.13,21.24209252,0,0,1773324909087,False,True
0,2091.0,1.75790748,0,0,1773324909087,False,True
0,2091.46,0.5737,0,0,1773324909120,True,True
0,2091.47,0.45425882,0,0,1773324909120,True,True
0,2091.47,0.11944118,0,0,1773324909121,True,True
0,2091.47,1.64433097,0,0,1773324909121,True,True
0,2091.47,1.26278977,0,0,1773324909122,True,True
0,2091.47,0.09287926,0,0,1773324909123,True,True
0,2091.67,7.203,0,0,1773324909124,True,True
0,2091.67,1.21566099,0,0,1773324909129,True,True
0,2091.68,0.33374224,0,0,1773324909129,True,True
0,2091.73,0.00235993,0,0,1773324909129,True,True
0,2092.0,2.5,0,0,1773324909129,True,True
0,2092.0,0.3,0,0,1773324909129,True,True
0,2092.0,0.0099552,0,0,1773324909129,True,True
0,2092.05,0.00790072,0,0,1773324909129,True,True
0,2092.15,0.5737,0,0,1773324909130,True,True
0,2092.36,0.5737,0,0,1773324909130,True,True
0,2092.55,0.35,0,0,1773324909136,True,True
0,2092.55,0.35,0,0,1773324909136,True,True
0,2092.55,0.35,0,0,1773324909136,True,True
0,2091.37,0.55548896,0,0,1773324909215,False,True
0,2091.37,0.04617881,0,0,1773324909227,False,True
0,2091.37,0.0461786,0,0,1773324909250,False,True
0,2091.37,0.49688183,0,0,1773324909258,False,True
0,2092.78,0.5737,0,0,1773324909258,True,True
0,2092.95,0.4263,0,0,1773324909258,True,True
0,2092.95,4.0,0,0,1773324909258,True,True
0,2091.36,1.17713156,0,0,1773324909339,False,True
0,2091.36,0.1587519,0,0,1773324909346,False,True
0,2091.36,1.4117888,0,0,1773324909346,False,True
0,2091.36,0.13277714,0,0,1773324909369,False,True
0,2091.44,1.25261838,0,0,1773324909451,False,True
0,2091.44,0.27244,0,0,1773324909541,False,True
0,2091.44,0.02116998,0,0,1773324909570,False,True
0,2091.44,0.45377164,0,0,1773324909573,False,True
0,2091.38,0.46152836,0,0,1773324909573,False,True
0,2091.41,0.74001231,0,0,1773324909700,False,True
0,2091.4,1.41785812,0,0,1773324909700,False,True
0,2091.91,0.00655737,0,0,1773324909793,False,True
0,2091.91,0.91886854,0,0,1773324909794,False,True
0,2092.07,0.02176895,0,0,1773324909970,False,True
0,2092.07,0.06634282,0,0,1773324909970,False,True
0,2092.07,0.0238581,0,0,1773324909971,False,True
0,2092.31,0.00655508,0,0,1773324910091,False,True
0,2092.3,2.0,0,0,1773324910142,False,True
0,2092.05,0.15696597,0,0,1773324910142,False,True
0,2092.53,0.5737,0,0,1773324910144,True,True
0,2092.74,0.5737,0,0,1773324910144,True,True
0,2092.95,0.5737,0,0,1773324910144,True,True
0,2092.96,0.31182153,0,0,1773324910144,True,True
0,2093.06,0.069538,0,0,1773324910144,True,True
0,2093.1,0.03822082,0,0,1773324910144,True,True
0,2092.05,0.001,0,0,1773324910145,False,True
0,2092.33,0.00952772,0,0,1773324910193,False,True
0,2092.12,0.08187228,0,0,1773324910193,False,True
0,2092.72,0.56825836,0,0,1773324910224,True,True
0,2092.72,0.41150997,0,0,1773324910224,True,True
0,2092.71,0.55280928,0,0,1773324910258,True,True
0,2092.71,0.44719072,0,0,1773324910258,True,True
0,2092.14,0.02407539,0,0,1773324910258,False,True
0,2092.71,0.09406807,0,0,1773324910258,True,True
0,2092.14,0.04929168,0,0,1773324910258,False,True
0,2092.71,0.03244121,0,0,1773324910258,True,True
0,2092.72,0.00055501,0,0,1773324910258,True,True
0,2092.72,0.00055501,0,0,1773324910258,True,True
0,2092.72,0.16163502,0,0,1773324910258,True,True
0,2092.73,2.28954963,0,0,1773324910258,True,True
0,2092.73,0.22647316,0,0,1773324910259,True,True
0,2092.73,0.15497996,0,0,1773324910259,True,True
0,2092.73,0.32899725,0,0,1773324910259,True,True
0,2093.2,0.3548626,0,0,1773324910259,True,True
0,2093.2,0.13065917,0,0,1773324910259,True,True
0,2093.2,0.02432079,0,0,1773324910259,True,True
0,2093.2,0.06385744,0,0,1773324910259,True,True
0,2093.34,0.002,0,0,1773324910259,True,True
0,2093.41,0.26723035,0,0,1773324910259,True,True
0,2093.41,0.02463539,0,0,1773324910259,True,True
0,2092.14,0.1705,0,0,1773324910442,False,True
0,2092.92,0.01052128,0,0,1773324910462,True,True
0,2092.15,0.007751,0,0,1773324910540,False,True
0,2092.3,0.00655422,0,0,1773324910757,False,True
0,2093.62,0.00171389,0,0,1773324911211,True,True
0,2093.23,0.00655422,0,0,1773324911233,False,True
0,2093.58,0.35488789,0,0,1773324911240,False,True
0,2093.58,0.48184664,0,0,1773324911244,False,True
0,2093.62,0.001783,0,0,1773324911259,True,True
0,2093.62,0.03,0,0,1773324911259,True,True
0,2093.62,0.02,0,0,1773324911259,True,True
0,2093.62,0.17,0,0,1773324911259,True,True
0,2093.62,0.12,0,0,1773324911259,True,True
0,2093.62,0.17,0,0,1773324911259,True,True
0,2093.62,0.061917,0,0,1773324911259,True,True
0,2093.74,0.03743394,0,0,1773324911259,True,True
0,2093.74,0.04064906,0,0,1773324911259,True,True
0,2093.74,0.01074394,0,0,1773324911259,True,True
0,2093.83,0.33925606,0,0,1773324911259,True,True
0,2093.83,0.23444394,0,0,1773324911259,True,True
0,2093.97,0.00713262,0,0,1773324911259,True,True
0,2093.98,0.20842344,0,0,1773324911259,True,True
0,2093.98,0.18938699,0,0,1773324911259,True,True
0,2093.98,0.30341756,0,0,1773324911259,True,True
0,2093.49,0.04760973,0,0,1773324911260,False,True
0,2093.5,0.35492092,0,0,1773324911304,False,True
0,2093.49,0.05049633,0,0,1773324911333,False,True
0,2093.23,0.10908,0,0,1773324911442,False,True
0,2093.69,0.44255906,0,0,1773324911842,False,True
0,2093.71,0.15,0,0,1773324912090,False,True
0,2093.98,0.70548233,0,0,1773324912120,True,True
0,2094.0,0.04775549,0,0,1773324912120,True,True
0,2094.02,0.001,0,0,1773324912120,True,True
0,2094.06,2.92623374,0,0,1773324912120,True,True
0,2094.06,5.56284333,0,0,1773324912120,True,True
0,2094.06,0.75566773,0,0,1773324912120,True,True
0,2094.06,0.161519,0,0,1773324912120,True,True
0,2094.06,0.38752394,0,0,1773324912120,True,True
0,2094.06,0.01398001,0,0,1773324912120,True,True
0,2093.72,0.00976804,0,0,1773324912167,False,True
0,2093.74,0.3539,0,0,1773324912269,False,True
0,2094.33,0.0416043,0,0,1773324912422,True,True
0,2093.79,4.83905093,0,0,1773324912426,False,True
0,2093.77,0.36240907,0,0,1773324912426,False,True
0,2094.36,0.7162,0,0,1773324912430,True,True
0,2093.92,0.21911,0,0,1773324912722,False,True
0,2093.94,0.00139432,0,0,1773324912952,False,True
0,2094.54,0.00139252,0,0,1773324912956,True,True
0,2093.94,0.00263007,0,0,1773324912994,False,True
0,2093.94,0.28256158,0,0,1773324913008,False,True
0,2093.94,0.5875236,0,0,1773324913008,False,True
0,2093.93,0.52145946,0,0,1773324913008,False,True
0,2094.49,0.00556285,0,0,1773324913627,True,True
0,2094.17,0.00242495,0,0,1773324913805,False,True
0,2094.19,3.4,0,0,1773324913895,False,True
0,2094.19,1.37456874,0,0,1773324913898,False,True
0,2094.18,4.77456874,0,0,1773324913898,False,True
0,2094.17,0.65086252,0,0,1773324913898,False,True
0,2094.17,1.3465,0,0,1773324913898,False,True
0,2094.49,0.72296549,0,0,1773324915075,True,True
0,2094.49,1.1534878,0,0,1773324915075,True,True
0,2094.49,0.03360577,0,0,1773324915075,True,True
0,2094.55,0.23871498,0,0,1773324915075,True,True
0,2094.55,0.26191193,0,0,1773324915113,False,True
0,2094.55,0.25770264,0,0,1773324915113,False,True
0,2094.55,2.11746472,0,0,1773324915114,False,True
0,2094.55,2.11746472,0,0,1773324915114,False,True
0,2094.55,0.03076524,0,0,1773324915115,False,True
0,2094.55,2.11746472,0,0,1773324915115,False,True
0,2094.55,0.02558498,0,0,1773324916259,True,True
0,2094.54,0.0016738,0,0,1773324916746,False,True
0,2094.15,0.04605889,0,0,1773324916746,False,True
0,2094.56,1.67914834,0,0,1773324916972,True,True
0,2094.56,0.06719418,0,0,1773324917188,True,True
0,2094.51,0.07272782,0,0,1773324918333,False,True
0,2094.33,0.4076998,0,0,1773324918333,False,True
0,2094.54,1.63967264,0,0,1773324919219,False,True
0,2094.54,0.36032736,0,0,1773324919219,False,True
0,2093.83,1.40967765,0,0,1773324919229,False,True
0,2093.83,0.00211113,0,0,1773324919230,False,True
0,2094.21,0.00210595,0,0,1773324919234,False,True
0,2094.21,0.76209456,0,0,1773324919238,False,True
0,2094.41,0.00954854,0,0,1773324919597,True,True
0,2093.7,1.1158944,0,0,1773324921249,False,True
0,2093.7,0.17296735,0,0,1773324921250,False,True
0,2093.7,0.06511886,0,0,1773324921252,False,True
0,2093.28,0.78175608,0,0,1773324921805,False,True
0,2092.35,2.0,0,0,1773324922835,False,True
0,2091.95,0.81153233,0,0,1773324924506,True,True
0,2091.95,0.01247656,0,0,1773324924947,True,True
0,2091.94,2.0,0,0,1773324925238,False,True
0,2091.94,0.15922063,0,0,1773324925238,False,True
0,2091.95,0.17599111,0,0,1773324926704,True,True
0,2091.95,0.824,0,0,1773324926704,True,True
0,2092.99,0.92129393,0,0,1773324926742,False,True
0,2092.99,0.49089606,0,0,1773324926755,False,True
0,2092.99,0.97673685,0,0,1773324926775,False,True
0,2092.99,0.92598373,0,0,1773324926775,False,True
0,2093.0,0.001747,0,0,1773324926838,True,True
0,2093.14,0.0010861,0,0,1773324927410,False,True
0,2093.15,0.56698375,0,0,1773324927856,False,True
0,2093.15,0.08427039,0,0,1773324927864,False,True
0,2093.17,0.5737,0,0,1773324928014,False,True
0,2093.17,0.83801614,0,0,1773324928030,False,True
0,2093.36,1.87402415,0,0,1773324928461,False,True
0,2093.36,0.28373251,0,0,1773324928461,False,True
0,2094.25,0.00183074,0,0,1773324928506,True,True
0,2093.37,0.54238649,0,0,1773324928525,False,True
0,2093.76,0.11836149,0,0,1773324929839,False,True
0,2094.14,0.60138555,0,0,1773324929903,True,True
0,2094.15,1.15607115,0,0,1773324929903,True,True
0,2093.76,1.0831111,0,0,1773324929915,False,True
0,2093.75,2.0,0,0,1773324929915,False,True
0,2093.32,0.566751,0,0,1773324929924,False,True
0,2093.74,2.0,0,0,1773324929929,False,True
0,2093.32,1.27720424,0,0,1773324929943,False,True
0,2093.32,2.22279576,0,0,1773324929949,False,True
0,2093.32,0.035,0,0,1773324929985,False,True
0,2093.06,0.2138,0,0,1773324930145,False,True
0,2092.24,0.03353333,0,0,1773324930145,False,True
0,2092.24,0.45318773,0,0,1773324930145,False,True
0,2092.24,0.05625827,0,0,1773324930145,False,True
0,2092.24,0.06608108,0,0,1773324930145,False,True
0,2092.25,0.33,0,0,1773324930567,False,True
0,2092.24,0.10246889,0,0,1773324930567,False,True
0,2092.24,0.071,0,0,1773324930567,False,True
0,2092.09,0.21504972,0,0,1773324932121,False,True
0,2092.11,0.9000298,0,0,1773324933396,True,True
0,2092.74,11.28413527,0,0,1773324933705,True,True
0,2092.73,0.98777702,0,0,1773324933775,False,True
0,2092.73,0.6517149,0,0,1773324933778,False,True
0,2092.73,0.74973172,0,0,1773324933778,False,True
0,2092.73,0.0696,0,0,1773324933778,False,True
0,2092.69,0.59251708,0,0,1773324933778,False,True
0,2092.69,0.76033386,0,0,1773324933778,False,True
0,2092.74,0.98578896,0,0,1773324933793,True,True
0,2092.73,0.26892289,0,0,1773324933989,False,True
0,2093.27,1.20507476,0,0,1773324936026,True,True
0,2093.27,3.85875457,0,0,1773324936036,True,True
0,2093.27,2.28327969,0,0,1773324936044,True,True
0,2093.27,2.84302339,0,0,1773324936050,True,True
0,2093.72,0.57369993,0,0,1773324936113,False,True
0,2093.73,0.04776165,0,0,1773324936118,False,True
0,2093.62,0.0205,0,0,1773324936118,False,True
0,2094.27,1.03028151,0,0,1773324936234,False,True
0,2094.08,0.37915269,0,0,1773324936555,False,True
0,2094.27,0.01211687,0,0,1773324937951,False,True
0,2092.76,0.02010124,0,0,1773324944217,True,True
0,2092.82,2.02231882,0,0,1773324944217,True,True
0,2092.75,0.01778945,0,0,1773324944636,False,True
0,2092.11,0.001,0,0,1773324945166,False,True
0,2091.92,0.01194052,0,0,1773324945599,True,True
0,2091.1,0.02870405,0,0,1773324951062,True,True
0,2090.42,0.56922344,0,0,1773324951383,False,True
0,2090.29,0.02,0,0,1773324951383,False,True
0,2090.2,0.5737,0,0,1773324951383,False,True
0,2090.12,0.97630598,0,0,1773324951383,False,True
0,2090.11,2.0,0,0,1773324951383,False,True
0,2089.99,0.5737,0,0,1773324951383,False,True
0,2089.93,63.085,0,0,1773324951383,False,True
0,2089.86,1.01339485,0,0,1773324951383,False,True
0,2089.84,10.542,0,0,1773324951383,False,True
0,2089.83,1.87402415,0,0,1773324951383,False,True
0,2089.8,43.04874082,0,0,1773324951383,False,True
0,2089.79,26.285,0,0,1773324951383,False,True
0,2089.78,0.5737,0,0,1773324951383,False,True
0,2089.67,20.621,0,0,1773324951383,False,True
0,2089.66,4.78358046,0,0,1773324951383,False,True
0,2089.65,2.929533,0,0,1773324951383,False,True
0,2089.65,4.92038726,0,0,1773324951383,False,True
0,2089.57,0.5737,0,0,1773324951383,False,True
0,2089.48,1.6266913,0,0,1773324951383,False,True
0,2089.47,13.41031874,0,0,1773324951383,False,True
0,2089.69,0.04785398,0,0,1773324951906,False,True
0,2089.68,0.10214602,0,0,1773324951906,False,True
0,2089.95,0.00485481,0,0,1773324952351,False,True
0,2089.95,0.04950615,0,0,1773324952490,False,True
0,2090.47,3.0,0,0,1773324952586,True,True
0,2090.57,0.0597923,0,0,1773324952586,True,True
0,2090.63,1.9192077,0,0,1773324952586,True,True
0,2090.31,0.04357433,0,0,1773324953121,True,True
0,2090.32,0.03879301,0,0,1773324953121,True,True
0,2090.22,0.00173893,0,0,1773324953158,True,True
0,2089.18,0.00239163,0,0,1773324954084,True,True
0,2089.17,0.02451385,0,0,1773324954664,True,True
0,2088.12,16.68020228,0,0,1773324956244,False,True
0,2088.12,16.68020228,0,0,1773324956244,False,True
0,2088.12,9.30800442,0,0,1773324956244,False,True
0,2088.12,0.36959102,0,0,1773324956244,False,True
0,2088.12,0.23927108,0,0,1773324956402,False,True
0,2088.12,0.01940339,0,0,1773324957819,False,True
0,2088.38,0.16523604,0,0,1773324960053,False,True
0,2090.25,0.96986734,0,0,1773324963196,True,True
0,2090.63,0.4,0,0,1773324963263,True,True
0,2091.18,0.47914,0,0,1773324966687,True,True
0,2090.52,6.74393237,0,0,1773324968287,False,True
0,2090.52,16.68020228,0,0,1773324968287,False,True
0,2090.52,16.68020228,0,0,1773324968287,False,True
0,2089.94,0.02930279,0,0,1773324971313,False,True
0,2089.87,0.89854729,0,0,1773324974846,False,True
0,2089.87,2.60145271,0,0,1773324974874,False,True
0,2089.69,1.27045749,0,0,1773324974943,False,True
0,2089.69,1.5057216,0,0,1773324974943,False,True
0,2089.43,0.72382091,0,0,1773324975697,False,True
0,2089.0,10.2,0,0,1773324976195,False,True
0,2089.0,3.5,0,0,1773324976195,False,True
0,2089.0,0.05442772,0,0,1773324976259,False,True
0,2088.8,3.44557228,0,0,1773324976536,False,True
0,2088.61,3.5,0,0,1773324979962,False,True
0,2089.22,0.00556635,0,0,1773324983542,True,True
0,2088.95,0.02464766,0,0,1773324984439,True,True
0,2088.93,0.01885425,0,0,1773324985833,True,True
0,2087.8,1.0,0,0,1773324992468,False,True
0,2087.52,0.03708907,0,0,1773324993089,False,True
0,2089.0,1.22609122,0,0,1773325000602,True,True
0,2089.0,1.22433754,0,0,1773325000602,True,True
0,2088.49,0.53016109,0,0,1773325013226,True,True
0,2088.5,0.5875236,0,0,1773325013226,True,True
0,2088.51,4.92317581,0,0,1773325013226,True,True
0,2088.5,0.001,0,0,1773325014393,False,True
0,2088.5,0.001,0,0,1773325014395,False,True
0,2088.29,0.58506791,0,0,1773325016268,True,True
0,2088.3,1.721069,0,0,1773325016268,True,True
0,2088.07,0.001,0,0,1773325017492,False,True
0,2088.06,0.001,0,0,1773325017492,False,True
0,2087.82,0.001,0,0,1773325017492,False,True
0,2087.77,0.00931757,0,0,1773325017492,False,True
0,2087.63,0.00095919,0,0,1773325021037,False,True
0,2087.63,4.081e-05,0,0,1773325021037,False,True
0,2086.55,0.001,0,0,1773325023038,False,True
0,2086.54,0.001,0,0,1773325023038,False,True
0,2086.53,0.001,0,0,1773325023038,False,True
0,2085.88,0.02144116,0,0,1773325023038,False,True
0,2086.08,0.07652706,0,0,1773325024483,False,True
0,2086.12,2.0,0,0,1773325025240,False,True
0,2085.99,63.229,0,0,1773325025240,False,True
0,2085.99,0.71892471,0,0,1773325025240,False,True
0,2085.97,1.43784943,0,0,1773325025240,False,True
0,2085.87,0.5737,0,0,1773325025240,False,True
0,2085.87,10.794,0,0,1773325025240,False,True
0,2085.86,21.24652586,0,0,1773325025240,False,True
0,2085.86,5.09947414,0,0,1773325025240,False,True
0,2085.81,0.02,0,0,1773325025240,False,True
0,2085.76,0.33,0,0,1773325025240,False,True
0,2085.75,20.572,0,0,1773325025240,False,True
0,2085.64,0.16623118,0,0,1773325025240,False,True
0,2085.62,0.5737,0,0,1773325025240,False,True
0,2085.58,1.87402415,0,0,1773325025240,False,True
0,2085.55,1.62978634,0,0,1773325025240,False,True
0,2085.54,19.16032483,0,0,1773325025240,False,True
0,2085.53,2.873473,0,0,1773325025240,False,True
0,2085.51,43.13545551,0,0,1773325025240,False,True
0,2085.5,54.56553085,0,0,1773325025240,False,True
0,2086.06,0.02151758,0,0,1773325026678,True,True
0,2085.63,0.00227597,0,0,1773325027312,False,True
0,2086.03,0.53079113,0,0,1773325027695,True,True
0,2086.04,4.44920887,0,0,1773325027695,True,True
0,2086.02,0.262471,0,0,1773325028679,False,True
0,2086.02,0.0215178,0,0,1773325030536,True,True
0,2086.02,0.32200631,0,0,1773325031275,False,True
0,2085.39,0.11903852,0,0,1773325032974,True,True
0,2085.37,0.02152432,0,0,1773325033172,True,True
0,2085.88,0.001,0,0,1773325040518,True,True
0,2085.93,1.96396068,0,0,1773325040518,True,True
0,2086.01,14.07111943,0,0,1773325040518,True,True
0,2085.87,0.001,0,0,1773325043732,True,True
0,2085.84,0.08,0,0,1773325044946,True,True
0,2084.93,0.00439812,0,0,1773325046956,True,True
0,2084.92,0.001,0,0,1773325047283,False,True
0,2084.91,0.001,0,0,1773325047283,False,True
0,2084.77,0.00095919,0,0,1773325047285,False,True
0,2084.77,4.081e-05,0,0,1773325047285,False,True
0,2083.99,0.02143791,0,0,1773325050188,True,True
0,2083.98,0.0214555,0,0,1773325050291,True,True
0,2083.07,0.02627214,0,0,1773325051065,False,True
0,2084.09,0.001,0,0,1773325054077,True,True
0,2084.09,0.01989481,0,0,1773325054077,True,True
0,2084.09,0.001,0,0,1773325056026,True,True
0,2084.09,0.02018318,0,0,1773325056026,True,True
0,2084.08,0.32637,0,0,1773325056563,False,True
0,2084.09,0.37981682,0,0,1773325056874,True,True
0,2084.1,0.001,0,0,1773325056874,True,True
0,2084.11,0.001,0,0,1773325056874,True,True
0,2084.23,0.00104735,0,0,1773325058235,False,True
0,2083.91,0.27646942,0,0,1773325058235,False,True
0,2084.16,19.788,0,0,1773325061038,True,True
0,2084.16,0.5875236,0,0,1773325061038,True,True
0,2084.16,0.57234314,0,0,1773325061038,True,True
0,2084.32,2.87415536,0,0,1773325061038,True,True
0,2084.34,26.1779779,0,0,1773325061038,True,True
0,2084.15,1.0,0,0,1773325064061,False,True
0,2083.76,0.00120296,0,0,1773325078738,False,True
0,2083.75,1.0,0,0,1773325082262,False,True
0,2083.32,0.00357147,0,0,1773325087916,True,True
0,2083.32,0.00046485,0,0,1773325087926,True,True
0,2083.27,0.010022,0,0,1773325093081,False,True
0,2083.27,1.7574567,0,0,1773325093255,False,True
0,2083.15,0.02911151,0,0,1773325096718,True,True
0,2082.91,8.16247555,0,0,1773325101863,False,True
0,2082.91,2.94541197,0,0,1773325101887,False,True
0,2082.34,0.02155537,0,0,1773325101978,True,True
0,2082.44,0.79444357,0,0,1773325102298,False,True
0,2082.31,0.001,0,0,1773325102578,False,True
0,2082.14,0.00396317,0,0,1773325102578,False,True
0,2082.1,0.00465175,0,0,1773325105228,True,True
0,2082.1,0.02155767,0,0,1773325105374,True,True
0,2082.08,0.7204,0,0,1773325106582,False,True
0,2081.56,0.02156308,0,0,1773325107642,True,True
0,2081.5,0.001,0,0,1773325108576,False,True
0,2080.63,0.001,0,0,1773325109367,False,True
0,2080.62,0.001,0,0,1773325109367,False,True
0,2080.5,4.991e-05,0,0,1773325109367,False,True
0,2080.5,0.00100345,0,0,1773325109367,False,True
0,2080.48,1.01632271,0,0,1773325109367,False,True
0,2080.84,0.02157036,0,0,1773325110535,True,True
0,2079.92,0.02904054,0,0,1773325112271,False,True
0,2079.39,0.00495045,0,0,1773325112854,False,True
0,2079.39,0.03847117,0,0,1773325112868,False,True
0,2078.85,2.0,0,0,1773325113258,False,True
0,2078.68,0.02393936,0,0,1773325113312,False,True
0,2078.19,0.02156528,0,0,1773325113411,True,True
0,2078.51,0.00942263,0,0,1773325113819,True,True
0,2078.51,0.37983427,0,0,1773325114281,False,True
0,2078.51,0.19386573,0,0,1773325114281,False,True
0,2078.51,0.22158582,0,0,1773325114281,False,True
0,2078.51,0.34942576,0,0,1773325114281,False,True
0,2078.5,0.96830029,0,0,1773325114281,False,True
0,2078.5,1.43728065,0,0,1773325114281,False,True
0,2078.47,0.44970748,0,0,1773325114281,False,True
0,2077.82,4.98,0,0,1773325117277,True,True
0,2079.12,8.954e-05,0,0,1773325128927,False,True
0,2079.12,0.00091046,0,0,1773325128927,False,True
0,2078.94,1.0,0,0,1773325131321,False,True
0,2077.68,0.001,0,0,1773325132291,False,True
0,2077.37,1.40081004,0,0,1773325132291,False,True
0,2077.26,0.36105255,0,0,1773325132291,False,True
0,2077.03,0.07350814,0,0,1773325132291,False,True
0,2077.03,0.04814566,0,0,1773325132291,False,True
0,2077.01,0.5737,0,0,1773325132291,False,True
0,2077.0,0.01792435,0,0,1773325132291,False,True
0,2077.0,7.72485926,0,0,1773325132291,False,True
0,2077.51,1.0,0,0,1773325135460,False,True
0,2077.33,0.02133818,0,0,1773325137831,True,True
0,2076.75,1.0,0,0,1773325138986,False,True
0,2076.31,4.01774381,0,0,1773325138988,False,True
0,2076.1,0.02,0,0,1773325138988,False,True
0,2076.04,2.0,0,0,1773325138988,False,True
0,2075.96,0.5737,0,0,1773325138988,False,True
0,2075.74,0.00963511,0,0,1773325139052,False,True
0,2075.61,0.02,0,0,1773325139052,False,True
0,2075.73,0.001,0,0,1773325142321,False,True
0,2075.72,0.001,0,0,1773325144308,False,True
0,2075.73,0.001,0,0,1773325146312,True,True
0,2075.74,0.001,0,0,1773325146312,True,True
0,2075.75,0.001,0,0,1773325146312,True,True
0,2076.14,0.02680748,0,0,1773325146312,True,True
0,2076.15,0.65773259,0,0,1773325146312,True,True
0,2076.28,0.00097185,0,0,1773325156156,True,True
0,2076.27,0.001747,0,0,1773325156598,False,True
0,2076.27,0.4,0,0,1773325156807,False,True
0,2076.21,0.003588,0,0,1773325157572,False,True
0,2076.21,0.002492,0,0,1773325158420,False,True
0,2076.28,0.02501643,0,0,1773325161368,True,True
0,2076.28,0.16761974,0,0,1773325162742,True,True
0,2076.56,0.001,0,0,1773325170909,True,True
0,2076.57,0.00018053,0,0,1773325175863,True,True
0,2076.57,0.00081947,0,0,1773325175863,True,True
0,2076.57,6.383e-05,0,0,1773325175863,True,True
0,2076.56,0.011675,0,0,1773325180856,False,True
0,2076.57,0.001,0,0,1773325184915,True,True
0,2076.6,2.2470683,0,0,1773325184915,True,True
0,2076.6,0.30510728,0,0,1773325184917,True,True
0,2076.6,7.44782442,0,0,1773325184917,True,True
0,2076.91,0.02443272,0,0,1773325190603,False,True
0,2076.56,0.56247566,0,0,1773325200938,False,True
0,2076.56,0.55698428,0,0,1773325200938,False,True
0,2076.56,0.21890117,0,0,1773325200943,False,True
0,2076.56,0.12407545,0,0,1773325200943,False,True
0,2076.56,0.02573107,0,0,1773325201084,False,True
0,2075.94,3.0,0,0,1773325201828,True,True
0,2076.17,0.30011159,0,0,1773325205063,False,True
0,2075.88,0.001,0,0,1773325205514,False,True
0,2075.87,0.001,0,0,1773325205514,False,True
0,2075.04,0.001,0,0,1773325206174,False,True
0,2074.57,0.00126923,0,0,1773325206354,False,True
0,2074.4,4.979,0,0,1773325207555,True,True
0,2074.28,0.36160959,0,0,1773325209115,False,True
0,2075.02,0.44758903,0,0,1773325211192,False,True
0,2075.11,0.4,0,0,1773325212421,True,True
0,2075.78,0.00439821,0,0,1773325214323,True,True
0,2074.45,0.31758769,0,0,1773325220012,False,True
0,2075.6,0.02339714,0,0,1773325223989,True,True
0,2075.66,24.08870083,0,0,1773325224839,False,True
0,2075.47,0.5737,0,0,1773325224839,False,True
0,2075.4,0.33759917,0,0,1773325224839,False,True
0,2075.26,0.001,0,0,1773325231781,False,True
0,2075.25,0.00023699,0,0,1773325231781,False,True
0,2076.12,0.001,0,0,1773325243072,True,True
0,2076.24,0.001,0,0,1773325243720,True,True
0,2076.8,0.12017452,0,0,1773325243720,True,True
0,2076.54,0.01418857,0,0,1773325251595,True,True
0,2075.06,0.001,0,0,1773325258179,False,True
0,2075.05,0.00076301,0,0,1773325258179,False,True
0,2075.04,0.001,0,0,1773325258179,False,True
0,2074.68,0.0241001,0,0,1773325258607,False,True
0,2074.07,0.15444475,0,0,1773325262259,True,True
0,2074.06,0.00113786,0,0,1773325263468,False,True
0,2073.81,0.24110213,0,0,1773325263499,False,True
0,2073.75,0.0001167,0,0,1773325263499,False,True
0,2073.75,0.0008833,0,0,1773325263499,False,True
0,2073.66,0.001,0,0,1773325263499,False,True
0,2073.65,0.001,0,0,1773325263499,False,True
0,2073.61,1.75789787,0,0,1773325263499,False,True
0,2073.61,0.24210213,0,0,1773325263501,False,True
0,2073.2,2.0,0,0,1773325263567,False,True
0,2073.09,0.001,0,0,1773325263567,False,True
0,2073.03,0.00741557,0,0,1773325263612,True,True
0,2072.62,0.0048248,0,0,1773325263719,False,True
0,2072.53,0.0001167,0,0,1773325263719,False,True
0,2072.53,0.0008833,0,0,1773325263719,False,True
0,2072.71,0.03162268,0,0,1773325263759,True,True
0,2070.58,0.42014515,0,0,1773325268341,False,True
0,2070.7,0.0001167,0,0,1773325271935,False,True
0,2070.7,0.0008833,0,0,1773325271935,False,True
0,2070.58,0.00089578,0,0,1773325271935,False,True
0,2070.63,1.0,0,0,1773325276716,False,True
0,2070.14,2.0,0,0,1773325276832,False,True
0,2070.0,0.12632368,0,0,1773325276875,False,True
0,2069.8,0.7247,0,0,1773325281385,False,True
0,2069.8,1.0,0,0,1773325281385,False,True
0,2069.47,0.03747891,0,0,1773325281565,False,True
0,2069.15,0.001,0,0,1773325289826,True,True
0,2069.16,0.001,0,0,1773325289826,True,True
0,2069.17,0.001,0,0,1773325289826,True,True
0,2069.85,0.06088134,0,0,1773325289826,True,True
0,2069.98,0.001,0,0,1773325289905,False,True
0,2070.0,0.001,0,0,1773325289906,False,True
0,2069.92,0.01183671,0,0,1773325302069,True,True
0,2069.25,0.08,0,0,1773325303148,False,True
0,2069.77,0.00439098,0,0,1773325303361,True,True
0,2069.45,0.4,0,0,1773325308097,False,True
0,2069.89,0.0052616,0,0,1773325308559,True,True
0,2069.88,4.98,0,0,1773325312221,True,True
0,2069.89,0.001,0,0,1773325313311,False,True
0,2070.1,0.001,0,0,1773325317931,True,True
0,2070.24,0.02548792,0,0,1773325317931,True,True
0,2070.66,0.001,0,0,1773325327272,True,True
0,2072.04,0.1027494,0,0,1773325329037,True,True
0,2071.39,26.553,0,0,1773325346545,True,True
0,2071.39,1.72943956,0,0,1773325346545,True,True
0,2071.39,0.54934869,0,0,1773325346545,True,True
0,2071.39,19.846,0,0,1773325346545,True,True
0,2071.39,8.037,0,0,1773325346545,True,True
0,2071.4,2.41383219,0,0,1773325346545,True,True
0,2071.43,11.34485659,0,0,1773325346545,True,True
0,2071.54,22.20570203,0,0,1773325346545,True,True
0,2071.55,63.727,0,0,1773325346545,True,True
0,2071.6,18.77757354,0,0,1773325346545,True,True
0,2071.79,22.2030225,0,0,1773325346545,True,True
0,2071.8,0.16612031,0,0,1773325346545,True,True
0,2071.81,1.87402415,0,0,1773325346545,True,True
0,2071.86,0.57308044,0,0,1773325346545,True,True
0,2072.13,0.06854758,0,0,1773325356336,True,True
0,2071.73,0.00269039,0,0,1773325362323,True,True
0,2071.33,0.00395244,0,0,1773325362681,False,True
0,2071.74,3.0,0,0,1773325362969,True,True
0,2071.81,21.13519579,0,0,1773325367255,False,True
0,2071.75,0.36,0,0,1773325367255,False,True
0,2071.41,0.31783135,0,0,1773325370304,True,True
0,2071.63,0.00234578,0,0,1773325370920,False,True
0,2072.13,0.00482595,0,0,1773325378240,True,True
0,2072.12,1.6247105,0,0,1773325381200,False,True
0,2072.13,0.39517405,0,0,1773325386715,True,True
0,2072.71,0.04599569,0,0,1773325390222,True,True
0,2074.46,0.001,0,0,1773325392312,False,True
0,2073.57,0.28925003,0,0,1773325402894,True,True
0,2073.3,0.03503049,0,0,1773325403922,True,True
0,2073.29,0.5875236,0,0,1773325406758,True,True
0,2073.29,1.27607294,0,0,1773325406758,True,True
0,2073.3,2.96496951,0,0,1773325406758,True,True
0,2073.3,2.55274678,0,0,1773325406758,True,True
0,2073.31,0.72348081,0,0,1773325406758,True,True
0,2073.37,8.025,0,0,1773325406758,True,True
0,2073.4,63.669,0,0,1773325406758,True,True
0,2073.42,0.15598331,0,0,1773325406758,True,True
0,2073.52,19.857,0,0,1773325406758,True,True
0,2073.52,26.528,0,0,1773325406758,True,True
0,2073.61,2.41125769,0,0,1773325406758,True,True
0,2073.65,18.85685066,0,0,1773325406758,True,True
0,2073.69,0.09182218,0,0,1773325406758,True,True
0,2073.69,11.3325047,0,0,1773325406758,True,True
0,2073.75,22.18214425,0,0,1773325406758,True,True
0,2073.78,1.63888802,0,0,1773325406758,True,True
0,2073.93,0.5737,0,0,1773325406758,True,True
0,2073.93,16.57305555,0,0,1773325406758,True,True
0,2073.34,0.00122299,0,0,1773325410305,True,True
0,2073.34,0.39877701,0,0,1773325415302,True,True
0,2072.38,0.00486152,0,0,1773325443769,True,True
0,2072.37,1.07230606,0,0,1773325446992,False,True
0,2072.13,2.99869399,0,0,1773325456002,False,True
0,2072.13,1.98030601,0,0,1773325456603,False,True
0,2071.74,0.00473222,0,0,1773325463405,True,True
0,2071.73,0.00764824,0,0,1773325465142,False,True
0,2071.74,0.00236611,0,0,1773325468032,True,True
0,2071.74,0.39290167,0,0,1773325474531,True,True
0,2073.96,0.52601649,0,0,1773325486702,True,True
0,2073.97,0.70562913,0,0,1773325486702,True,True
0,2073.67,0.5875236,0,0,1773325494424,True,True
0,2073.68,3.0,0,0,1773325494424,True,True
0,2073.71,1.3924764,0,0,1773325494424,True,True
0,2074.2,0.32542667,0,0,1773325499398,True,True
0,2074.21,0.04445668,0,0,1773325501252,True,True
0,2074.49,1.11822005,0,0,1773325501284,True,True
0,2074.49,0.17148103,0,0,1773325501289,True,True
0,2074.49,0.18119919,0,0,1773325501300,True,True
0,2074.49,0.11842488,0,0,1773325501302,True,True
0,2074.49,0.14175452,0,0,1773325501325,True,True
0,2074.49,0.08707655,0,0,1773325501326,True,True
0,2074.49,0.07297844,0,0,1773325501327,True,True
0,2074.49,0.07566698,0,0,1773325501327,True,True
0,2074.49,0.77531255,0,0,1773325501330,True,True
0,2074.49,0.25788581,0,0,1773325501332,True,True
0,2074.14,0.10331493,0,0,1773325503100,False,True
0,2074.14,0.68210751,0,0,1773325514124,False,True
0,2074.0,0.001,0,0,1773325516038,False,True
0,2073.99,0.001,0,0,1773325516038,False,True
0,2073.98,0.0005,0,0,1773325516038,False,True
0,2073.99,0.01027813,0,0,1773325516767,True,True
0,2072.67,0.001,0,0,1773325529073,False,True
0,2072.66,0.001,0,0,1773325529088,False,True
0,2071.98,0.01206575,0,0,1773325529794,True,True
0,2072.43,0.00499505,0,0,1773325536373,True,True
0,2071.89,1.07239095,0,0,1773325562798,False,True
0,2071.89,0.09126077,0,0,1773325562804,False,True
0,2071.89,0.21481844,0,0,1773325562810,False,True
0,2071.89,0.06861116,0,0,1773325562811,False,True
0,2071.89,0.1753546,0,0,1773325562811,False,True
0,2071.89,0.05760353,0,0,1773325562813,False,True
0,2071.89,0.07699479,0,0,1773325562818,False,True
0,2071.89,0.06970457,0,0,1773325562821,False,True
0,2071.89,0.07674822,0,0,1773325562822,False,True
0,2071.89,0.08735739,0,0,1773325562823,False,True
0,2071.88,0.0001167,0,0,1773325562882,False,True
0,2071.88,0.0008833,0,0,1773325562882,False,True
0,2071.26,0.001,0,0,1773325563172,False,True
0,2071.24,0.001,0,0,1773325563172,False,True
0,2070.66,0.001,0,0,1773325567647,True,True
0,2070.68,0.001,0,0,1773325567647,True,True
0,2070.69,0.001,0,0,1773325567647,True,True
0,2070.75,0.01736951,0,0,1773325567647,True,True
0,2070.7,0.03603841,0,0,1773325572640,True,True
0,2070.7,0.0001167,0,0,1773325572924,True,True
0,2070.7,0.0008833,0,0,1773325572924,True,True
0,2070.7,0.001,0,0,1773325575122,True,True
0,2070.98,0.0001167,0,0,1773325586761,False,True
0,2070.98,0.0008833,0,0,1773325586761,False,True
0,2070.94,0.001,0,0,1773325586763,False,True
0,2070.1,0.0001167,0,0,1773325594426,False,True
0,2070.1,0.0008833,0,0,1773325594426,False,True
0,2070.07,0.07488367,0,0,1773325594426,False,True
0,2070.17,3.0,0,0,1773325599477,True,True
0,2070.21,0.001,0,0,1773325599477,True,True
0,2070.23,0.00531895,0,0,1773325604733,False,True
0,2070.57,0.00241519,0,0,1773325607256,True,True
0,2070.49,0.4,0,0,1773325611089,False,True
0,2070.46,0.00227676,0,0,1773325629237,True,True
0,2070.47,0.001,0,0,1773325632058,True,True
0,2070.48,0.001,0,0,1773325632058,True,True
0,2070.7,0.00940007,0,0,1773325640170,True,True
0,2070.68,0.02277614,0,0,1773325640764,True,True
0,2070.51,1.971681,0,0,1773325641605,False,True
0,2070.02,0.0051,0,0,1773325645198,False,True
0,2070.02,0.46319499,0,0,1773325646374,False,True
0,2069.18,0.001,0,0,1773325647576,False,True
0,2068.87,0.41006855,0,0,1773325647889,True,True
0,2068.86,0.001,0,0,1773325648311,False,True
0,2068.43,0.001,0,0,1773325648312,False,True
0,2068.38,2.0,0,0,1773325648312,False,True
0,2067.96,0.86032128,0,0,1773325648312,False,True
0,2067.89,0.41112403,0,0,1773325648327,False,True
0,2067.89,0.24608981,0,0,1773325648329,False,True
0,2067.89,0.02,0,0,1773325648336,False,True
0,2067.89,0.04799797,0,0,1773325648338,False,True
0,2067.67,0.0001167,0,0,1773325648338,False,True
0,2067.67,0.0008833,0,0,1773325648338,False,True
0,2067.58,0.00952772,0,0,1773325648338,False,True
0,2067.55,0.23727431,0,0,1773325648338,False,True
0,2067.55,0.07837948,0,0,1773325648341,False,True
0,2067.46,0.02,0,0,1773325648341,False,True
0,2067.14,0.06732349,0,0,1773325648341,False,True
0,2068.04,0.0679,0,0,1773325648357,False,True
0,2068.04,1.9321,0,0,1773325648360,False,True
0,2066.98,1.64433622,0,0,1773325648366,False,True
0,2066.97,1.01324168,0,0,1773325648366,False,True
0,2066.97,1.98995232,0,0,1773325648369,False,True
0,2066.92,0.33483799,0,0,1773325648388,False,True
0,2066.85,0.23886201,0,0,1773325648388,False,True
0,2066.85,3.4,0,0,1773325648394,False,True
0,2066.85,0.3879,0,0,1773325648395,False,True
0,2066.85,2.716,0,0,1773325648400,False,True
0,2066.85,35.1,0,0,1773325648420,False,True
0,2066.98,0.02,0,0,1773325648433,False,True
0,2066.84,0.31014553,0,0,1773325648433,False,True
0,2066.84,0.26355447,0,0,1773325648452,False,True
0,2066.79,0.00725764,0,0,1773325648452,False,True
0,2066.68,0.004,0,0,1773325648452,False,True
0,2066.62,0.5737,0,0,1773325648452,False,True
0,2066.54,0.004839,0,0,1773325648452,False,True
0,2066.43,1.56304889,0,0,1773325648452,False,True
0,2066.21,0.0001167,0,0,1773325648473,False,True
0,2066.21,0.0008833,0,0,1773325648473,False,True
0,2066.2,0.5737,0,0,1773325648473,False,True
0,2066.19,0.25114687,0,0,1773325648473,False,True
0,2066.06,0.019361,0,0,1773325648486,False,True
0,2066.06,0.019361,0,0,1773325648486,False,True
0,2065.99,0.5737,0,0,1773325648513,False,True
0,2065.86,4.36942917,0,0,1773325648513,False,True
0,2065.86,0.63057083,0,0,1773325648522,False,True
0,2065.83,0.5,0,0,1773325648522,False,True
0,2065.75,5.0,0,0,1773325648522,False,True
0,2065.57,0.5737,0,0,1773325648522,False,True
0,2065.29,1.45123487,0,0,1773325648522,False,True
0,2065.18,0.05629452,0,0,1773325648522,False,True
0,2064.94,0.5737,0,0,1773325648522,False,True
0,2064.93,5.0,0,0,1773325648522,False,True
0,2064.93,1.26156814,0,0,1773325648522,False,True
0,2064.92,2.348512,0,0,1773325648522,False,True
0,2064.81,0.00171732,0,0,1773325648522,False,True
0,2064.73,0.30891302,0,0,1773325648522,False,True
0,2064.73,0.26478698,0,0,1773325648533,False,True
0,2064.71,2.95479946,0,0,1773325648533,False,True
0,2064.71,0.3492,0,0,1773325648546,False,True
0,2065.3,1.6456738,0,0,1773325648624,False,True
0,2064.77,0.004,0,0,1773325648624,False,True
0,2064.71,1.69600054,0,0,1773325648624,False,True
0,2064.62,0.001,0,0,1773325648624,False,True
0,2064.55,0.22847651,0,0,1773325648624,False,True
0,2064.54,0.00345978,0,0,1773325648624,False,True
0,2064.54,0.00345978,0,0,1773325648624,False,True
0,2064.54,0.00345978,0,0,1773325648624,False,True
0,2064.54,0.00345978,0,0,1773325648624,False,True
0,2064.54,0.00345978,0,0,1773325648624,False,True
0,2064.54,0.00345978,0,0,1773325648624,False,True
0,2064.54,0.00345978,0,0,1773325648624,False,True
0,2064.54,0.00345978,0,0,1773325648624,False,True
0,2064.54,0.00345978,0,0,1773325648624,False,True
0,2064.54,0.00345978,0,0,1773325648624,False,True
0,2064.54,0.00345978,0,0,1773325648624,False,True
0,2064.54,0.00345978,0,0,1773325648624,False,True
0,2064.54,0.00345978,0,0,1773325648624,False,True
0,2064.54,0.00345978,0,0,1773325648624,False,True
0,2064.36,0.0001167,0,0,1773325648660,False,True
0,2064.36,0.0008833,0,0,1773325648660,False,True
0,2064.35,0.01822035,0,0,1773325648660,False,True
0,2064.25,0.09878251,0,0,1773325648733,False,True
0,2064.25,0.31408778,0,0,1773325648746,False,True
0,2064.25,0.08712971,0,0,1773325648768,False,True
0,2063.99,0.75663596,0,0,1773325648768,False,True
0,2063.9,0.46146331,0,0,1773325648768,False,True
0,2063.89,42.17277102,0,0,1773325648768,False,True
0,2063.89,43.15376826,0,0,1773325648773,False,True
0,2063.18,0.2958,0,0,1773325648773,False,True
0,2062.98,0.00952772,0,0,1773325648773,False,True
0,2062.84,0.01890402,0,0,1773325648773,False,True
0,2062.84,0.05944099,0,0,1773325648812,False,True
0,2062.84,0.49535499,0,0,1773325648812,False,True
0,2062.63,0.5737,0,0,1773325648812,False,True
0,2062.4,0.932986,0,0,1773325648812,False,True
0,2062.4,0.0135,0,0,1773325648847,False,True
0,2062.4,0.0135,0,0,1773325648876,False,True
0,2062.5,0.24338195,0,0,1773325648917,False,True
0,2062.4,1.39841973,0,0,1773325648917,False,True
0,2062.4,7.54049358,0,0,1773325648917,False,True
0,2062.4,1.32213654,0,0,1773325648917,False,True
0,2062.35,5.5239619,0,0,1773325648917,False,True
0,2062.32,0.0001167,0,0,1773325648917,False,True
0,2062.32,0.001,0,0,1773325648917,False,True
0,2062.32,1.031e-05,0,0,1773325648917,False,True
0,2062.21,0.5737,0,0,1773325648917,False,True
0,2062.54,0.84659854,0,0,1773325649152,True,True
0,2062.21,0.50793018,0,0,1773325649249,False,True
0,2062.2,0.47284947,0,0,1773325649249,False,True
0,2062.22,0.49778421,0,0,1773325649277,False,True
0,2062.2,0.50221579,0,0,1773325649277,False,True
0,2062.2,3.66900714,0,0,1773325649314,False,True
0,2062.0,0.05650339,0,0,1773325649467,False,True
0,2061.45,0.9360189,0,0,1773325649467,False,True
0,2061.45,1.0639811,0,0,1773325649489,False,True
0,2061.28,0.00163739,0,0,1773325649489,False,True
0,2061.24,0.31662009,0,0,1773325649489,False,True
0,2061.07,3.61776142,0,0,1773325649489,False,True
0,2061.37,0.1364,0,0,1773325649599,False,True
0,2061.49,0.001,0,0,1773325649864,False,True
0,2061.16,0.5737,0,0,1773325649864,False,True
0,2060.95,0.5737,0,0,1773325649864,False,True
0,2060.85,2.39054375,0,0,1773325649864,False,True
0,2060.85,4.27860999,0,0,1773325649897,False,True
0,2061.9,0.3466,0,0,1773325650987,False,True
0,2061.9,1.58199999,0,0,1773325650987,False,True
0,2061.9,0.01,0,0,1773325651106,False,True
0,2060.97,0.01,0,0,1773325651206,False,True
0,2060.97,0.008,0,0,1773325651211,False,True
0,2060.97,0.07140001,0,0,1773325651233,False,True
0,2060.95,0.001,0,0,1773325651244,False,True
0,2060.85,0.07040001,0,0,1773325651244,False,True
0,2060.85,0.29175193,0,0,1773325651276,False,True
0,2061.38,0.00122299,0,0,1773325651778,False,True
0,2061.67,0.5737,0,0,1773325652600,False,True
0,2061.49,0.18,0,0,1773325652600,False,True
0,2061.49,0.57379999,0,0,1773325652602,False,True
0,2061.49,0.5737,0,0,1773325652602,False,True
0,2061.32,0.05,0,0,1773325652896,False,True
0,2060.86,0.33717001,0,0,1773325653063,False,True
0,2060.85,0.00894454,0,0,1773325656082,True,True
0,2060.85,2.99105546,0,0,1773325656472,True,True
0,2061.36,3.0,0,0,1773325657348,True,True
0,2061.86,0.00516059,0,0,1773325658718,False,True
0,2061.87,0.4,0,0,1773325663063,True,True
0,2062.41,0.00345978,0,0,1773325663289,True,True
0,2062.41,0.00345978,0,0,1773325663289,True,True
0,2062.41,0.00345978,0,0,1773325663289,True,True
0,2062.41,0.00345978,0,0,1773325663289,True,True
0,2062.41,0.00345978,0,0,1773325663289,True,True
0,2062.41,0.00345978,0,0,1773325663289,True,True
0,2062.41,0.00345978,0,0,1773325663289,True,True
0,2062.41,0.00345978,0,0,1773325663289,True,True
0,2062.41,0.00345978,0,0,1773325663289,True,True
0,2062.41,0.00345978,0,0,1773325663289,True,True
0,2062.41,0.00345978,0,0,1773325663289,True,True
0,2062.41,0.00345978,0,0,1773325663289,True,True
0,2062.41,0.00345978,0,0,1773325663289,True,True
0,2062.41,0.00345978,0,0,1773325663289,True,True
0,2062.5,3.0,0,0,1773325663289,True,True
0,2062.54,2.42423067,0,0,1773325663289,True,True
0,2064.14,0.00120313,0,0,1773325671704,True,True
0,2064.06,1.0,0,0,1773325673928,False,True
0,2063.4,0.15508384,0,0,1773325679980,True,True
0,2062.97,4.00434887,0,0,1773325683497,False,True
0,2062.97,0.97465113,0,0,1773325683498,False,True
0,2062.21,0.0183,0,0,1773325684654,True,True
0,2062.2,0.00098969,0,0,1773325688646,False,True
0,2062.2,0.00015459,0,0,1773325688646,False,True
0,2061.29,4.85131,0,0,1773325691449,False,True
0,2061.07,0.001,0,0,1773325691449,False,True
0,2060.81,2.0,0,0,1773325691449,False,True
0,2060.77,9.199,0,0,1773325691449,False,True
0,2060.76,1.20827754,0,0,1773325691449,False,True
0,2061.29,0.97026,0,0,1773325693779,False,True
0,2061.09,0.5737,0,0,1773325694368,True,True
0,2061.09,3.0,0,0,1773325694368,True,True
0,2061.09,0.5875236,0,0,1773325694368,True,True
0,2061.09,0.92605736,0,0,1773325694368,True,True
0,2061.1,0.668956,0,0,1773325694368,True,True
0,2061.1,0.09182218,0,0,1773325694368,True,True
0,2061.29,0.07083548,0,0,1773325694375,True,True
0,2061.29,0.07083548,0,0,1773325694375,True,True
0,2061.29,0.00832904,0,0,1773325694387,True,True
0,2061.32,0.001,0,0,1773325694390,True,True
0,2061.45,0.52232932,0,0,1773325694410,True,True
0,2061.44,0.1,0,0,1773325696934,True,True
0,2061.44,0.99666709,0,0,1773325696935,True,True
0,2061.44,0.1,0,0,1773325696937,True,True
0,2061.44,1.2550841,0,0,1773325696937,True,True
0,2061.44,0.52795562,0,0,1773325696937,True,True
0,2061.44,0.02029319,0,0,1773325696939,True,True
0,2061.94,0.1,0,0,1773325696939,True,True
0,2062.21,0.001,0,0,1773325696939,True,True
0,2062.22,0.001,0,0,1773325696939,True,True
0,2062.24,0.01201805,0,0,1773325696944,True,True
0,2062.42,0.18356988,0,0,1773325696952,True,True
0,2062.42,0.25614656,0,0,1773325696953,True,True
0,2062.24,0.2394792,0,0,1773325696958,True,True
0,2062.24,0.31307224,0,0,1773325696959,True,True
0,2062.24,0.21558003,0,0,1773325696960,True,True
0,2062.24,0.14663128,0,0,1773325696963,True,True
0,2062.24,0.04630825,0,0,1773325696964,True,True
0,2062.42,1.45853911,0,0,1773325696964,True,True
0,2062.42,1.37044401,0,0,1773325696974,True,True
0,2062.0,1.50484737,0,0,1773325696994,True,True
0,2062.0,1.45856291,0,0,1773325696999,True,True
0,2062.0,0.03658972,0,0,1773325696999,True,True
0,2062.84,0.5737,0,0,1773325697352,True,True
0,2063.01,0.04090729,0,0,1773325697352,True,True
0,2062.74,0.16149998,0,0,1773325698008,False,True
0,2062.74,0.23850002,0,0,1773325698051,False,True
0,2062.09,0.4,0,0,1773325701409,False,True
0,2061.48,0.4,0,0,1773325706900,False,True
0,2061.12,0.001,0,0,1773325707266,False,True
0,2060.56,0.14556,0,0,1773325707299,False,True
0,2060.5,0.001,0,0,1773325707299,False,True
0,2060.49,0.001,0,0,1773325707299,False,True
0,2060.56,0.02911,0,0,1773325707393,False,True
0,2060.1,10.80987,0,0,1773325709358,False,True
0,2060.1,0.00582,0,0,1773325709358,False,True
0,2060.1,5.22848,0,0,1773325709358,False,True
0,2060.1,0.21519,0,0,1773325709358,False,True
0,2060.0,0.00781771,0,0,1773325709358,False,True
0,2059.74,0.48551703,0,0,1773325709358,False,True
0,2059.72,0.00084541,0,0,1773325709358,False,True
0,2059.72,0.00055739,0,0,1773325709358,False,True
0,2059.47,0.5737,0,0,1773325709358,False,True
0,2059.47,0.48555475,0,0,1773325709358,False,True
0,2059.37,24.27923456,0,0,1773325709358,False,True
0,2059.37,0.06939155,0,0,1773325710247,True,True
0,2059.37,0.01079262,0,0,1773325710303,True,True
0,2059.37,16.64533811,0,0,1773325710303,True,True
0,2059.37,0.33978557,0,0,1773325710379,True,True
0,2059.37,11.60029493,0,0,1773325710386,True,True
0,2059.37,3.01116784,0,0,1773325710386,True,True
0,2059.37,2.45384508,0,0,1773325710387,True,True
0,2059.37,9.10333672,0,0,1773325710387,True,True
0,2060.05,0.01708268,0,0,1773325711266,True,True
0,2059.67,0.001,0,0,1773325720974,True,True
0,2059.71,0.001,0,0,1773325720974,True,True
0,2059.92,0.001,0,0,1773325720974,True,True
0,2059.92,20.50913892,0,0,1773325720974,True,True
0,2059.92,3.43893329,0,0,1773325721089,True,True
0,2059.92,0.17929654,0,0,1773325721113,True,True
0,2060.08,0.22070346,0,0,1773325721113,True,True
0,2060.08,0.17929654,0,0,1773325721145,True,True
0,2061.07,0.13250517,0,0,1773325726422,False,True
0,2061.66,0.09394562,0,0,1773325731829,True,True
0,2061.66,0.04709351,0,0,1773325747511,True,True
0,2062.05,0.13324524,0,0,1773325762993,False,True
0,2062.05,1.86675476,0,0,1773325762993,False,True
0,2061.81,2.42504995,0,0,1773325762993,False,True
0,2061.76,0.26887602,0,0,1773325762993,False,True
0,2061.76,0.15450708,0,0,1773325762994,False,True
0,2061.76,0.10673038,0,0,1773325762994,False,True
0,2061.76,0.07279511,0,0,1773325763008,False,True
0,2061.44,4.932906,0,0,1773325763856,True,True
0,2060.5,0.00970413,0,0,1773325780489,False,True
0,2060.51,0.5875236,0,0,1773325781155,True,True
0,2060.51,0.54012765,0,0,1773325781155,True,True
0,2060.51,0.40208473,0,0,1773325781155,True,True
0,2060.5,8.16247555,0,0,1773325783051,False,True
0,2060.5,1.82782032,0,0,1773325783061,False,True
0,2060.5,2.2470683,0,0,1773325783061,False,True
0,2060.5,0.30510728,0,0,1773325783061,False,True
0,2060.5,5.77532151,0,0,1773325783061,False,True
0,2060.5,1.67250291,0,0,1773325783061,False,True
0,2059.63,0.001,0,0,1773325784122,False,True
0,2058.55,0.02402523,0,0,1773325786061,True,True
0,2058.55,0.30007929,0,0,1773325786972,True,True
0,2059.44,0.01113666,0,0,1773325796123,True,True
0,2059.18,0.50679551,0,0,1773325809624,False,True
0,2059.18,0.17805595,0,0,1773325809626,False,True
0,2059.18,0.8690393,0,0,1773325809626,False,True
0,2058.66,0.01368937,0,0,1773325810449,True,True
0,2058.79,0.00144869,0,0,1773325816871,False,True
0,2059.07,0.01279,0,0,1773325819250,False,True
0,2059.44,0.01,0,0,1773325825635,False,True
0,2059.45,0.001,0,0,1773325826037,True,True
0,2059.45,0.00140379,0,0,1773325826037,True,True
0,2059.45,0.39859621,0,0,1773325827059,True,True
0,2059.46,0.001,0,0,1773325827059,True,True
0,2060.75,0.04760803,0,0,1773325827740,True,True
0,2060.32,0.02215409,0,0,1773325829542,False,True
0,2060.88,0.001,0,0,1773325846449,True,True
0,2060.88,0.61054929,0,0,1773325846449,True,True
0,2060.89,0.001,0,0,1773325846449,True,True
0,2060.9,3.0,0,0,1773325846449,True,True
0,2061.08,18.90384538,0,0,1773325846449,True,True
0,2061.12,19.944,0,0,1773325846449,True,True
0,2061.13,8.655,0,0,1773325846449,True,True
0,2061.16,26.694,0,0,1773325846449,True,True
0,2061.16,0.1567357,0,0,1773325846449,True,True
0,2061.23,22.03386963,0,0,1773325846449,True,True
0,2060.81,0.0462,0,0,1773325847692,True,True
0,2060.8,0.00047573,0,0,1773325850033,True,True
0,2060.32,0.12683102,0,0,1773325852065,True,True
0,2060.33,3.0,0,0,1773325852065,True,True
0,2060.36,1.85216898,0,0,1773325852065,True,True
0,2060.16,0.001,0,0,1773325853094,False,True
0,2060.15,0.001,0,0,1773325853094,False,True
0,2060.14,0.001,0,0,1773325853094,False,True
0,2059.38,0.44358011,0,0,1773325855337,False,True
0,2059.36,0.001,0,0,1773325857310,False,True
0,2058.44,0.001,0,0,1773325864124,False,True
0,2058.43,0.001,0,0,1773325864168,False,True
0,2058.01,0.00114673,0,0,1773325864253,False,True
0,2057.79,0.001,0,0,1773325864278,False,True
0,2057.72,0.00044261,0,0,1773325864278,False,True
0,2057.72,0.00055739,0,0,1773325864278,False,True
0,2057.7,0.314848,0,0,1773325864278,False,True
0,2057.7,0.316848,0,0,1773325864279,False,True
0,2057.7,1.368304,0,0,1773325864280,False,True
0,2057.54,0.729,0,0,1773325864916,False,True
0,2057.02,0.0313846,0,0,1773325867049,True,True
0,2056.96,0.00151466,0,0,1773325867350,False,True
0,2056.47,0.00044261,0,0,1773325868364,False,True
0,2056.47,0.00055739,0,0,1773325868364,False,True
0,2056.2,0.00155606,0,0,1773325868709,False,True
0,2056.2,0.00546137,0,0,1773325868848,False,True
0,2055.75,0.0040616,0,0,1773325868870,False,True
0,2055.66,0.02215346,0,0,1773325868870,False,True
0,2055.61,0.01720656,0,0,1773325868870,False,True
0,2055.61,0.0214681,0,0,1773325871455,False,True
0,2055.58,0.00243241,0,0,1773325872015,False,True
0,2055.57,0.00486482,0,0,1773325872015,False,True
0,2055.48,0.02669449,0,0,1773325872035,False,True
0,2054.97,0.01456235,0,0,1773325872132,True,True
0,2054.97,3.0,0,0,1773325873265,True,True
0,2055.15,1.0,0,0,1773325880793,False,True
0,2055.77,0.00729654,0,0,1773325885197,False,True
0,2055.51,0.17773502,0,0,1773325885197,False,True
0,2055.51,0.46345529,0,0,1773325887921,False,True
0,2055.51,0.21537393,0,0,1773325887922,False,True
0,2055.51,0.32117078,0,0,1773325887929,False,True
0,2054.96,0.31758769,0,0,1773325888104,False,True
0,2054.59,0.001,0,0,1773325888930,False,True
0,2054.5,1.0,0,0,1773325900601,False,True
0,2054.47,2.43371769,0,0,1773325900601,False,True
0,2054.06,0.00044261,0,0,1773325901034,True,True
0,2054.06,0.00055739,0,0,1773325901034,True,True
0,2054.07,0.001,0,0,1773325902457,True,True
0,2054.08,0.001,0,0,1773325902457,True,True
0,2054.09,0.001,0,0,1773325902459,True,True
0,2055.98,0.31656002,0,0,1773325904499,False,True
0,2055.7,0.00044261,0,0,1773325908861,False,True
0,2055.7,0.00055739,0,0,1773325908861,False,True
0,2055.41,0.001,0,0,1773325908861,False,True
0,2055.4,0.001,0,0,1773325908861,False,True
0,2055.2,0.21550432,0,0,1773325908861,False,True
0,2054.05,0.01304435,0,0,1773325921121,False,True
0,2054.0,66.92463328,0,0,1773325921121,False,True
0,2054.0,8.07536672,0,0,1773325921122,False,True
0,2054.0,1.4964967,0,0,1773325921122,False,True
0,2053.99,0.001,0,0,1773325921132,False,True
0,2053.97,0.001,0,0,1773325921132,False,True
0,2053.87,0.00044261,0,0,1773325921342,False,True
0,2053.87,0.00055739,0,0,1773325921342,False,True
0,2053.76,0.001,0,0,1773325921382,False,True
0,2053.1,1.26386981,0,0,1773325921428,False,True
0,2053.1,0.50439484,0,0,1773325921429,False,True
0,2053.1,0.14363653,0,0,1773325921433,False,True
0,2053.1,0.08809882,0,0,1773325921447,False,True
0,2052.66,0.01217932,0,0,1773325921488,False,True
0,2052.59,2.0,0,0,1773325921488,False,True
0,2052.52,0.01373433,0,0,1773325921488,False,True
0,2052.57,0.03846908,0,0,1773325921735,True,True
0,2052.14,0.001015,0,0,1773325921775,False,True
0,2052.07,0.00044261,0,0,1773325921775,False,True
0,2052.07,0.00072807,0,0,1773325921775,False,True
0,2052.0,0.00868643,0,0,1773325921775,False,True
0,2052.19,0.00161585,0,0,1773325924642,False,True
0,2052.34,0.12453202,0,0,1773325925342,True,True
0,2052.25,0.11670628,0,0,1773325925965,True,True
0,2051.81,0.86709295,0,0,1773325926751,False,True
0,2051.8,0.00086087,0,0,1773325926751,False,True
0,2051.8,0.00031358,0,0,1773325926751,False,True
0,2051.79,0.0731069,0,0,1773325926751,False,True
0,2051.55,2.0,0,0,1773325926759,False,True
0,2051.39,0.003,0,0,1773325926771,False,True
0,2051.15,0.03781365,0,0,1773325926787,False,True
0,2051.36,1.09237545,0,0,1773325926889,False,True
0,2051.36,0.90762455,0,0,1773325926889,False,True
0,2051.26,3.0,0,0,1773325927223,True,True
0,2051.76,0.5737,0,0,1773325927223,True,True
0,2051.92,1.4063,0,0,1773325927223,True,True
0,2051.14,2.30613691,0,0,1773325927877,False,True
0,2051.14,0.21717518,0,0,1773325927878,False,True
0,2051.24,8.16247555,0,0,1773325931623,False,True
0,2051.24,2.94541197,0,0,1773325931623,False,True
0,2051.77,2.8215,0,0,1773325933948,True,True
0,2052.35,2.36905448,0,0,1773325936750,True,True
0,2051.28,0.08733679,0,0,1773325938665,False,True
0,2051.17,0.003,0,0,1773325938665,False,True
0,2050.72,0.00970413,0,0,1773325943379,True,True
0,2050.98,0.001,0,0,1773325950938,True,True
0,2051.57,0.001,0,0,1773325951114,True,True
0,2052.38,0.001,0,0,1773325952007,True,True
0,2052.39,0.001,0,0,1773325952007,True,True
0,2053.27,0.00503668,0,0,1773325955549,False,True
0,2053.64,0.001,0,0,1773325958015,True,True
0,2053.65,1.0,0,0,1773325958015,True,True
0,2053.65,0.001,0,0,1773325958015,True,True
0,2053.66,0.001,0,0,1773325958015,True,True
0,2055.25,3.0,0,0,1773325960961,True,True
0,2055.28,0.4,0,0,1773325960961,True,True
0,2055.72,0.5737,0,0,1773325960961,True,True
0,2055.81,6.0263,0,0,1773325960961,True,True
0,2054.36,0.00513771,0,0,1773325972189,False,True
0,2051.31,0.07079473,0,0,1773326003395,True,True
0,2051.31,0.5199306,0,0,1773326003620,True,True
0,2051.31,0.21905062,0,0,1773326003627,True,True
0,2051.31,0.12841286,0,0,1773326003630,True,True
0,2051.31,0.12841286,0,0,1773326003630,True,True
0,2051.31,0.26986636,0,0,1773326003632,True,True
0,2051.31,0.09779633,0,0,1773326003632,True,True
0,2051.31,0.08656094,0,0,1773326003633,True,True
0,2051.31,0.1359524,0,0,1773326003633,True,True
0,2051.31,0.16457865,0,0,1773326003633,True,True
0,2051.31,0.02782451,0,0,1773326003637,True,True
0,2051.31,0.09647736,0,0,1773326003639,True,True
0,2051.31,0.24088662,0,0,1773326003639,True,True
0,2051.31,0.11563941,0,0,1773326003640,True,True
0,2051.31,0.07314029,0,0,1773326003648,True,True
0,2051.31,0.0736353,0,0,1773326003649,True,True
0,2051.31,0.67945302,0,0,1773326003691,True,True
0,2051.32,0.001,0,0,1773326003691,True,True
0,2051.33,0.001,0,0,1773326003691,True,True
0,2051.68,0.00352661,0,0,1773326014025,True,True
0,2051.68,0.001,0,0,1773326016272,True,True
0,2051.68,0.4,0,0,1773326016637,True,True
0,2052.46,0.001,0,0,1773326017798,True,True
0,2052.46,0.07614833,0,0,1773326019403,False,True
0,2052.46,0.36558793,0,0,1773326020000,False,True
0,2052.46,2.64388428,0,0,1773326020050,False,True
0,2052.46,0.25830293,0,0,1773326020060,False,True
0,2052.46,0.73127746,0,0,1773326020065,False,True
0,2052.46,0.09835071,0,0,1773326020066,False,True
0,2052.46,0.07984388,0,0,1773326020066,False,True
0,2052.46,0.07164357,0,0,1773326020080,False,True
0,2052.46,0.51335678,0,0,1773326020086,False,True
0,2052.46,0.10476007,0,0,1773326020089,False,True
0,2052.46,0.03584406,0,0,1773326020130,False,True
0,2052.21,0.001,0,0,1773326022152,False,True
0,2051.85,0.00062303,0,0,1773326022198,False,True
0,2051.85,0.00037697,0,0,1773326022198,False,True
0,2050.99,0.55040714,0,0,1773326025630,False,True
0,2050.99,2.5,0,0,1773326025630,False,True
0,2050.98,5.98697279,0,0,1773326025630,False,True
0,2050.97,0.22508348,0,0,1773326025961,False,True
0,2050.97,0.02534436,0,0,1773326027396,False,True
0,2050.65,0.001,0,0,1773326035056,True,True
0,2050.66,0.001,0,0,1773326035056,True,True
0,2050.85,0.01547779,0,0,1773326035056,True,True
0,2050.65,10.0,0,0,1773326036717,True,True
0,2050.65,0.00100405,0,0,1773326038142,True,True
0,2050.64,0.043,0,0,1773326039236,False,True
0,2050.56,0.00172926,0,0,1773326039236,False,True
0,2050.46,0.00097891,0,0,1773326039236,False,True
0,2050.46,2.109e-05,0,0,1773326039236,False,True
0,2050.12,0.005,0,0,1773326039236,False,True
0,2050.0,0.002,0,0,1773326039236,False,True
0,2050.0,0.46391349,0,0,1773326039236,False,True
0,2050.0,0.22636777,0,0,1773326039236,False,True
0,2050.0,0.25698948,0,0,1773326039236,False,True
0,2050.0,0.001,0,0,1773326039236,False,True
0,2050.0,1.999,0,0,1773326039236,False,True
0,2050.15,0.11023163,0,0,1773326042448,False,True
0,2050.0,43.93573483,0,0,1773326043490,False,True
0,2050.0,30.5257079,0,0,1773326043497,False,True
0,2050.0,0.08985775,0,0,1773326043498,False,True
0,2050.0,0.11992969,0,0,1773326043499,False,True
0,2050.0,19.70590271,0,0,1773326043503,False,True
0,2050.0,2.67559638,0,0,1773326043509,False,True
0,2050.0,1.0,0,0,1773326043509,False,True
0,2049.71,0.001,0,0,1773326043951,False,True
0,2049.05,0.00097891,0,0,1773326044086,False,True
0,2049.05,0.00024706,0,0,1773326044086,False,True
0,2049.02,0.03806698,0,0,1773326044086,False,True
0,2048.69,0.31855966,0,0,1773326044391,False,True
0,2047.71,0.29604763,0,0,1773326044391,False,True
0,2048.72,2.44054178,0,0,1773326046391,False,True
0,2048.62,12.20333688,0,0,1773326046391,False,True
0,2048.6,10.83801264,0,0,1773326046391,False,True
0,2048.6,0.14607638,0,0,1773326046391,False,True
0,2048.26,0.07442405,0,0,1773326049798,True,True
0,2048.65,0.055001,0,0,1773326055071,True,True
0,2049.58,0.00148409,0,0,1773326058487,True,True
0,2050.59,0.01226784,0,0,1773326061050,True,True
0,2050.82,0.01822035,0,0,1773326061050,True,True
0,2051.06,0.01165751,0,0,1773326061050,True,True
0,2051.1,0.00047622,0,0,1773326061050,True,True
0,2050.05,0.00101944,0,0,1773326068178,False,True
0,2050.5,0.00101944,0,0,1773326075963,True,True
0,2050.5,0.39898056,0,0,1773326076930,True,True
0,2051.14,1.0,0,0,1773326077123,True,True
0,2051.45,0.006267,0,0,1773326083088,False,True
0,2051.48,0.044451,0,0,1773326084418,True,True
0,2050.9,0.00101944,0,0,1773326091700,False,True
0,2050.95,0.0134385,0,0,1773326096614,False,True
0,2050.95,0.36591166,0,0,1773326102964,False,True
0,2050.95,0.12729446,0,0,1773326102967,False,True
0,2050.95,0.20882143,0,0,1773326102973,False,True
0,2050.95,0.0040509,0,0,1773326102985,False,True
0,2050.96,0.001,0,0,1773326107009,True,True
0,2050.97,0.001,0,0,1773326107009,True,True
0,2051.64,1.0,0,0,1773326107050,True,True
0,2052.69,0.14917774,0,0,1773326109361,True,True
0,2052.67,0.0119126,0,0,1773326110189,False,True
0,2052.66,0.00275986,0,0,1773326111580,False,True
0,2052.67,0.00047298,0,0,1773326112421,True,True
0,2052.39,0.01055319,0,0,1773326121246,False,True
0,2052.31,0.18246446,0,0,1773326121246,False,True
0,2052.15,0.001,0,0,1773326122267,False,True
0,2051.96,4.979,0,0,1773326123602,True,True
0,2051.95,0.001,0,0,1773326130726,False,True
0,2051.94,0.001,0,0,1773326130726,False,True
0,2051.3,0.00713431,0,0,1773326132193,True,True
0,2051.29,0.001,0,0,1773326148108,True,True
0,2051.59,0.0571735,0,0,1773326150658,False,True
0,2052.78,0.00613363,0,0,1773326152789,True,True
0,2052.56,0.664255,0,0,1773326159031,True,True
0,2052.83,0.00024706,0,0,1773326159032,True,True
0,2052.83,0.00075294,0,0,1773326159032,True,True
0,2052.95,0.999528,0,0,1773326159032,True,True
0,2052.95,0.001,0,0,1773326159032,True,True
0,2052.95,0.4,0,0,1773326159032,True,True
0,2052.97,0.09319341,0,0,1773326159036,True,True
0,2053.06,0.38102228,0,0,1773326159036,True,True
0,2053.48,0.29877331,0,0,1773326159042,True,True
0,2053.55,6.40830883,0,0,1773326159042,True,True
0,2053.55,0.25414239,0,0,1773326159046,True,True
0,2053.55,0.1626904,0,0,1773326159049,True,True
0,2053.54,0.12,0,0,1773326159078,True,True
0,2053.54,0.25321407,0,0,1773326159078,True,True
0,2053.54,0.36436992,0,0,1773326159079,True,True
0,2053.54,0.23101092,0,0,1773326159083,True,True
0,2053.54,0.12546509,0,0,1773326159084,True,True
0,2053.54,0.34139478,0,0,1773326159084,True,True
0,2053.54,0.11937593,0,0,1773326159085,True,True
0,2053.54,3.44216929,0,0,1773326159093,True,True
0,2053.62,0.02,0,0,1773326159093,True,True
0,2052.75,3.0,0,0,1773326159114,True,True
0,2053.96,0.00100888,0,0,1773326159114,True,True
0,2054.07,0.004,0,0,1773326159114,True,True
0,2054.24,0.32002142,0,0,1773326159214,True,True
0,2053.33,0.00124571,0,0,1773326161166,True,True
0,2054.14,0.4,0,0,1773326166346,False,True
0,2054.7,0.01685402,0,0,1773326169738,True,True
0,2054.89,0.12507622,0,0,1773326169738,True,True
0,2053.62,0.00201043,0,0,1773326173536,False,True
0,2053.2,0.001332,0,0,1773326186667,True,True
0,2052.62,0.00392279,0,0,1773326188599,True,True
0,2052.61,0.001,0,0,1773326190869,False,True
0,2051.0,1.29720624,0,0,1773326196945,False,True
0,2050.84,0.5737,0,0,1773326197655,True,True
0,2050.84,0.976539,0,0,1773326197655,True,True
0,2050.84,2.43802539,0,0,1773326197655,True,True
0,2050.84,0.99173561,0,0,1773326197655,True,True
0,2050.84,0.00198157,0,0,1773326203486,True,True
0,2052.17,0.00452312,0,0,1773326207062,True,True
0,2052.8,0.5875236,0,0,1773326208996,True,True
0,2052.8,0.87678,0,0,1773326208996,True,True
0,2052.82,0.32317776,0,0,1773326208996,True,True
0,2052.85,3.0,0,0,1773326208996,True,True
0,2052.95,0.21251864,0,0,1773326208996,True,True
0,2052.32,0.13358076,0,0,1773326212792,False,True
0,2051.07,0.00093733,0,0,1773326223613,True,True
0,2051.29,0.00955925,0,0,1773326229583,True,True
0,2051.18,2.0,0,0,1773326229812,False,True
0,2050.91,1.01060327,0,0,1773326229964,True,True
0,2050.9,0.00075294,0,0,1773326230689,False,True
0,2050.9,0.00024706,0,0,1773326230689,False,True
0,2050.72,0.001,0,0,1773326230689,False,True
0,2050.71,0.001,0,0,1773326230689,False,True
0,2049.89,0.00214682,0,0,1773326230689,False,True
0,2049.12,0.04880143,0,0,1773326251569,False,True
0,2049.07,0.00076182,0,0,1773326251569,False,True
0,2049.07,0.00024586,0,0,1773326251569,False,True
0,2049.07,0.34943201,0,0,1773326251569,False,True
0,2049.18,5.0,0,0,1773326253843,False,True
0,2049.27,0.001,0,0,1773326256313,False,True
0,2049.28,0.001,0,0,1773326261557,True,True
0,2049.29,0.001,0,0,1773326261557,True,True
0,2049.36,0.001,0,0,1773326261557,True,True
0,2050.31,0.15198126,0,0,1773326261557,True,True
0,2049.68,0.001,0,0,1773326269445,True,True
0,2049.55,0.0834343,0,0,1773326271401,False,True
0,2049.55,4.12352717,0,0,1773326271402,False,True
0,2049.55,0.46288923,0,0,1773326271403,False,True
0,2049.51,0.3575721,0,0,1773326271409,False,True
0,2049.51,0.83299766,0,0,1773326271409,False,True
0,2049.51,0.3806987,0,0,1773326271411,False,True
0,2049.51,1.35224205,0,0,1773326271414,False,True
0,2049.44,0.28718975,0,0,1773326271438,False,True
0,2049.44,3.4,0,0,1773326271444,False,True
0,2049.44,3.4,0,0,1773326271448,False,True
0,2049.44,5.11126446,0,0,1773326271450,False,True
0,2049.42,1.07333519,0,0,1773326271450,False,True
0,2049.42,0.92666481,0,0,1773326271483,False,True
0,2049.24,0.46,0,0,1773326271483,False,True
0,2049.15,3.01433912,0,0,1773326271483,False,True
0,2049.09,0.7,0,0,1773326271550,False,True
0,2048.89,0.001,0,0,1773326271680,False,True
0,2048.88,0.001,0,0,1773326271680,False,True
0,2048.87,0.001,0,0,1773326271680,False,True
0,2048.85,0.56256863,0,0,1773326271680,False,True
0,2048.48,0.00101153,0,0,1773326271854,False,True
0,2048.35,0.00089137,0,0,1773326272626,True,True
0,2047.8,0.00101187,0,0,1773326276890,False,True
0,2047.03,0.001015,0,0,1773326278441,False,True
0,2046.89,0.001,0,0,1773326278443,False,True
0,2046.76,0.00123511,0,0,1773326278456,False,True
0,2046.59,2.0,0,0,1773326278469,False,True
0,2046.21,0.001,0,0,1773326278483,False,True
0,2046.2,0.001,0,0,1773326278483,False,True
0,2046.19,0.0134266,0,0,1773326278483,False,True
0,2045.82,0.00164977,0,0,1773326284571,False,True
0,2045.27,0.7334,0,0,1773326285469,False,True
0,2045.0,0.05867971,0,0,1773326286922,False,True
0,2045.0,0.00488997,0,0,1773326286922,False,True
0,2045.0,0.00244498,0,0,1773326286922,False,True
0,2045.0,2.2286656,0,0,1773326286922,False,True
0,2045.0,0.1381292,0,0,1773326286922,False,True
0,2045.0,17.36131208,0,0,1773326286922,False,True
0,2045.0,0.32270566,0,0,1773326286922,False,True
0,2045.0,19.10342661,0,0,1773326286922,False,True
0,2045.0,0.12051447,0,0,1773326286922,False,True
0,2045.0,16.47110946,0,0,1773326286922,False,True
0,2045.0,0.50351807,0,0,1773326286922,False,True
0,2044.89,0.00320056,0,0,1773326286922,False,True
0,2044.62,26.87,0,0,1773326286922,False,True
0,2044.59,4.19972763,0,0,1773326286922,False,True
0,2044.59,6.96427237,0,0,1773326286922,False,True
0,2044.58,0.5737,0,0,1773326286922,False,True
0,2044.5,0.00316011,0,0,1773326286922,False,True
0,2044.45,14.45677505,0,0,1773326286922,False,True
0,2044.45,3.91798826,0,0,1773326286922,False,True
0,2044.45,1.17547615,0,0,1773326286922,False,True
0,2044.4,2.0,0,0,1773326286922,False,True
0,2044.37,0.5737,0,0,1773326286922,False,True
0,2044.33,0.00192836,0,0,1773326286922,False,True
0,2044.3,6.25653632,0,0,1773326286922,False,True
0,2045.26,0.5737,0,0,1773326287012,True,True
0,2045.27,4.4053,0,0,1773326287012,True,True
0,2044.44,0.0046451,0,0,1773326288837,False,True
0,2045.12,0.001,0,0,1773326295314,False,True
0,2045.12,0.999,0,0,1773326296068,False,True
0,2044.14,1.0,0,0,1773326298748,False,True
0,2043.99,0.01631635,0,0,1773326298783,True,True
0,2043.8,0.07108327,0,0,1773326299519,False,True
0,2043.92,0.02238848,0,0,1773326299564,True,True
0,2043.61,0.001,0,0,1773326299592,False,True
0,2043.5,0.45383915,0,0,1773326299592,False,True
0,2043.25,2.0,0,0,1773326299592,False,True
0,2043.07,0.001,0,0,1773326300421,False,True
0,2043.07,1.0,0,0,1773326300421,False,True
0,2043.0,1.43271769,0,0,1773326300421,False,True
0,2043.0,1.2528508,0,0,1773326300421,False,True
0,2043.08,0.00101944,0,0,1773326300478,True,True
0,2043.01,0.001,0,0,1773326305862,True,True
0,2043.01,0.001,0,0,1773326305931,False,True
0,2043.02,0.001,0,0,1773326305988,True,True
0,2043.03,0.001,0,0,1773326306002,True,True
0,2043.04,0.001,0,0,1773326306002,True,True
0,2043.99,0.001,0,0,1773326306059,False,True
0,2043.9,0.50747997,0,0,1773326308656,False,True
0,2045.43,1.00063481,0,0,1773326318022,True,True
0,2046.34,0.00131622,0,0,1773326321139,True,True
0,2046.62,0.00243494,0,0,1773326325151,True,True
0,2046.62,0.39756506,0,0,1773326326077,True,True
0,2046.64,1.0,0,0,1773326326077,True,True
0,2046.33,0.00259,0,0,1773326331684,False,True
0,2045.76,0.001,0,0,1773326332325,False,True
0,2045.75,0.001,0,0,1773326332332,False,True
0,2045.48,0.003,0,0,1773326333254,False,True
0,2044.44,0.01924994,0,0,1773326334901,True,True
0,2045.42,0.001,0,0,1773326347653,True,True
0,2045.57,0.00076249,0,0,1773326347653,True,True
0,2045.57,0.00023751,0,0,1773326349038,True,True
0,2045.94,0.001,0,0,1773326352483,True,True
0,2045.94,4.62698624,0,0,1773326352483,True,True
0,2045.94,0.00231515,0,0,1773326352483,True,True
0,2047.15,0.0096296,0,0,1773326356802,True,True
0,2046.94,0.00024586,0,0,1773326356849,False,True
0,2046.94,0.00075414,0,0,1773326356849,False,True
0,2046.72,0.001,0,0,1773326364308,False,True
0,2046.04,0.00117447,0,0,1773326375135,True,True
0,2046.14,0.59594897,0,0,1773326377405,True,True
0,2046.14,0.001,0,0,1773326377405,True,True
0,2046.14,0.588335,0,0,1773326377405,True,True
0,2046.15,0.001,0,0,1773326377405,True,True
0,2046.15,0.05222031,0,0,1773326377405,True,True
0,2046.17,0.5875236,0,0,1773326377405,True,True
0,2046.17,3.15397212,0,0,1773326377405,True,True
0,2045.17,0.30608702,0,0,1773326389316,False,True
0,2044.54,0.00047471,0,0,1773326391229,True,True
0,2044.46,1.78956832,0,0,1773326402386,False,True
0,2044.86,0.00264421,0,0,1773326402819,True,True
0,2045.37,0.001,0,0,1773326413131,False,True
0,2045.37,0.0488909,0,0,1773326413131,False,True
0,2045.32,0.09203934,0,0,1773326413131,False,True
0,2045.02,1.05946617,0,0,1773326414934,True,True
0,2045.24,0.00096438,0,0,1773326419060,False,True
0,2045.19,0.001,0,0,1773326424313,False,True
0,2045.19,0.88635554,0,0,1773326431000,False,True
0,2045.19,0.52245888,0,0,1773326431000,False,True
0,2044.75,0.001,0,0,1773326431124,False,True
0,2044.74,0.001,0,0,1773326431124,False,True
0,2044.73,0.001,0,0,1773326431258,False,True
0,2044.56,0.11477664,0,0,1773326443534,False,True
0,2044.56,0.12072098,0,0,1773326443535,False,True
0,2044.56,0.08582578,0,0,1773326443535,False,True
0,2044.56,0.1170118,0,0,1773326443536,False,True
0,2044.56,0.08668034,0,0,1773326443541,False,True
0,2044.56,0.08232491,0,0,1773326443542,False,True
0,2044.56,0.11635337,0,0,1773326443548,False,True
0,2044.56,0.25861078,0,0,1773326443549,False,True
0,2044.56,0.06170602,0,0,1773326443550,False,True
0,2044.56,0.47446866,0,0,1773326443551,False,True
0,2044.56,0.14383628,0,0,1773326443552,False,True
0,2044.23,0.2606607,0,0,1773326443553,False,True
0,2044.23,0.47463999,0,0,1773326443570,False,True
0,2044.23,1.23695254,0,0,1773326443616,False,True
0,2044.19,0.001,0,0,1773326443818,False,True
0,2043.16,0.00138519,0,0,1773326446417,True,True
0,2043.15,0.00699199,0,0,1773326446972,False,True
0,2043.0,0.01190091,0,0,1773326447634,False,True
0,2043.0,0.00407896,0,0,1773326447634,False,True
0,2042.45,0.31953291,0,0,1773326448519,False,True
0,2042.17,0.07372861,0,0,1773326448530,True,True
0,2042.16,0.001,0,0,1773326449194,False,True
0,2042.08,0.00115568,0,0,1773326449195,False,True
0,2041.92,0.00104568,0,0,1773326449250,False,True
0,2041.61,2.0,0,0,1773326449250,False,True
0,2041.33,0.00183074,0,0,1773326449251,False,True
0,2041.33,0.03453225,0,0,1773326457439,False,True
0,2041.27,0.019596,0,0,1773326457439,False,True
0,2040.93,0.001,0,0,1773326457439,False,True
0,2040.74,0.20354975,0,0,1773326457439,False,True
0,2041.08,0.20825327,0,0,1773326460080,False,True
0,2041.11,2.72833538,0,0,1773326467311,True,True
0,2041.11,0.27166462,0,0,1773326467311,True,True
0,2041.3,0.01880897,0,0,1773326471975,False,True
0,2041.31,0.001,0,0,1773326476333,True,True
0,2041.31,0.19553877,0,0,1773326476333,True,True
0,2041.31,0.14094102,0,0,1773326476334,True,True
0,2041.31,0.06352021,0,0,1773326476339,True,True
0,2041.32,0.001,0,0,1773326476339,True,True
0,2041.33,0.001,0,0,1773326476339,True,True
0,2042.71,0.00191035,0,0,1773326483198,True,True
0,2042.69,0.0236127,0,0,1773326483696,True,True
0,2042.22,0.00401493,0,0,1773326504106,True,True
0,2042.1,0.01055428,0,0,1773326505070,False,True
0,2042.0,0.24485799,0,0,1773326505070,False,True
0,2041.58,0.01969648,0,0,1773326506506,True,True
0,2041.58,0.48023518,0,0,1773326507319,True,True
0,2041.58,0.02290961,0,0,1773326507319,True,True
0,2041.58,2.47715873,0,0,1773326507319,True,True
0,2041.58,0.5875236,0,0,1773326507319,True,True
0,2041.58,0.73460991,0,0,1773326507319,True,True
0,2041.58,0.9497815,0,0,1773326507319,True,True
0,2041.58,1.5615724,0,0,1773326507319,True,True
0,2041.58,0.30183441,0,0,1773326507319,True,True
0,2041.58,4.95304207,0,0,1773326507319,True,True
0,2041.57,0.001,0,0,1773326507692,False,True
0,2040.8,0.00120355,0,0,1773326510631,True,True
0,2040.74,0.0222,0,0,1773326513548,False,True
0,2040.61,0.00869584,0,0,1773326513548,False,True
0,2040.27,0.00100502,0,0,1773326513585,False,True
0,2040.65,4.979,0,0,1773326514289,True,True
0,2040.76,0.00095606,0,0,1773326517193,True,True
0,2040.01,0.001,0,0,1773326521500,False,True
0,2040.0,0.00980392,0,0,1773326521500,False,True
0,2040.0,0.0083646,0,0,1773326521500,False,True
0,2040.0,0.00807416,0,0,1773326521500,False,True
0,2040.0,0.88101662,0,0,1773326521500,False,True
0,2040.0,44.1,0,0,1773326521614,False,True
0,2040.0,0.22979956,0,0,1773326521617,False,True
0,2040.0,0.15403187,0,0,1773326521626,False,True
0,2040.0,1.1620588,0,0,1773326521641,False,True
0,2040.0,25.46859586,0,0,1773326521643,False,True
0,2040.0,28.00449721,0,0,1773326521647,False,True
0,2040.0,0.49019607,0,0,1773326521647,False,True
0,2040.0,0.001,0,0,1773326521647,False,True
0,2039.65,0.00155465,0,0,1773326521786,False,True
0,2039.57,0.02690272,0,0,1773326521805,False,True
0,2039.55,0.00707471,0,0,1773326521805,False,True
0,2039.31,0.007877,0,0,1773326521844,False,True
0,2039.3,0.001,0,0,1773326521844,False,True
0,2039.0,1.22609122,0,0,1773326521950,False,True
0,2038.65,0.02820494,0,0,1773326521950,False,True
0,2038.65,1.81718056,0,0,1773326521950,False,True
0,2038.65,0.4673584,0,0,1773326521950,False,True
0,2039.0,0.00245431,0,0,1773326521952,True,True
0,2038.99,0.00241519,0,0,1773326523700,False,True
0,2039.0,0.14362207,0,0,1773326526973,True,True
0,2039.85,0.01813373,0,0,1773326526973,True,True
0,2039.13,0.07878204,0,0,1773326527878,True,True
0,2040.22,0.01029301,0,0,1773326533352,True,True
0,2040.25,0.0019126,0,0,1773326535517,True,True
0,2040.3,2.0,0,0,1773326541725,False,True
0,2039.73,0.00159982,0,0,1773326542741,False,True
0,2040.01,0.00717305,0,0,1773326545073,True,True
0,2040.63,0.001,0,0,1773326547740,True,True
0,2040.64,0.001,0,0,1773326547740,True,True
0,2040.64,0.4,0,0,1773326547740,True,True
0,2040.86,3.0,0,0,1773326547742,True,True
0,2041.29,0.01667581,0,0,1773326551244,False,True
0,2040.4,1.0,0,0,1773326551380,False,True
0,2040.64,0.001,0,0,1773326553151,True,True
0,2040.87,0.00371739,0,0,1773326553151,True,True
0,2040.63,0.52097059,0,0,1773326560015,False,True
0,2039.62,0.001,0,0,1773326568356,False,True
0,2039.61,0.001,0,0,1773326568356,False,True
0,2039.6,0.001,0,0,1773326568356,False,True
0,2039.01,0.00573831,0,0,1773326569936,True,True
0,2039.01,1.27726654,0,0,1773326570006,True,True
0,2039.01,0.22911972,0,0,1773326570008,True,True
0,2039.01,0.12085232,0,0,1773326570015,True,True
0,2039.01,0.07515297,0,0,1773326570018,True,True
0,2039.9,2.55625775,0,0,1773326570152,True,True
0,2039.62,0.00980574,0,0,1773326572074,False,True
0,2039.62,3.5,0,0,1773326572074,False,True
0,2039.06,0.727611,0,0,1773326575475,True,True
0,2039.22,0.57772348,0,0,1773326575480,True,True
0,2039.22,0.18517992,0,0,1773326575481,True,True
0,2039.22,0.19413862,0,0,1773326575482,True,True
0,2039.22,0.75391164,0,0,1773326575485,True,True
0,2039.29,0.001,0,0,1773326590002,True,True
0,2039.82,0.4,0,0,1773326591325,True,True
0,2040.13,0.02450212,0,0,1773326600265,True,True
0,2039.78,0.09807334,0,0,1773326600551,False,True
0,2039.96,0.001,0,0,1773326613655,True,True
0,2042.26,0.00516725,0,0,1773326616049,False,True
0,2042.64,0.01207149,0,0,1773326617144,True,True
0,2042.58,0.24436826,0,0,1773326627658,True,True
0,2042.53,0.001,0,0,1773326629424,True,True
0,2042.53,0.00048989,0,0,1773326629424,True,True
0,2041.8,0.001,0,0,1773326633767,False,True
0,2041.79,0.001,0,0,1773326633767,False,True
0,2041.59,0.001,0,0,1773326634181,False,True
0,2041.58,0.001,0,0,1773326634181,False,True
0,2041.35,0.001,0,0,1773326643320,False,True
0,2040.87,0.00969778,0,0,1773326644783,True,True
0,2041.28,0.001,0,0,1773326647877,True,True
0,2041.45,0.001,0,0,1773326647877,True,True
0,2041.57,0.001,0,0,1773326647877,True,True
0,2042.24,0.85708386,0,0,1773326647877,True,True
0,2042.64,0.00115249,0,0,1773326653604,True,True
0,2042.64,0.4,0,0,1773326654797,True,True
0,2043.24,0.00064948,0,0,1773326659947,False,True
0,2043.55,0.001,0,0,1773326664403,True,True
0,2043.56,0.00042182,0,0,1773326664403,True,True
0,2043.55,0.07681181,0,0,1773326667353,False,True
0,2043.55,0.0104792,0,0,1773326669049,False,True
0,2043.56,0.00057818,0,0,1773326670354,True,True
0,2044.2,0.01018739,0,0,1773326670354,True,True
0,2044.2,2.5,0,0,1773326670389,True,True
0,2044.27,0.4,0,0,1773326672650,False,True
0,2044.28,0.11777054,0,0,1773326675611,True,True
0,2044.77,0.00024586,0,0,1773326678656,True,True
0,2044.77,0.00075414,0,0,1773326678656,True,True
0,2044.85,3.0,0,0,1773326678664,True,True
0,2046.1,3.0,0,0,1773326679965,True,True
0,2046.1,0.43497593,0,0,1773326679965,True,True
0,2045.4,0.00119189,0,0,1773326688885,True,True
0,2045.4,0.00481524,0,0,1773326688902,True,True
0,2045.19,0.00977904,0,0,1773326693207,True,True
0,2045.39,0.02408631,0,0,1773326694876,True,True
0,2045.43,1.01817994,0,0,1773326696525,True,True
0,2045.43,1.15237177,0,0,1773326696526,True,True
0,2045.43,0.82944829,0,0,1773326696560,True,True
0,2045.43,0.2004428,0,0,1773326696560,True,True
0,2045.43,0.6948182,0,0,1773326696561,True,True
0,2045.5,0.18239018,0,0,1773326696566,True,True
0,2046.8,0.00095495,0,0,1773326704302,True,True
0,2046.21,2.0,0,0,1773326705087,False,True
0,2045.95,0.001,0,0,1773326705383,False,True
0,2045.7,0.001,0,0,1773326705383,False,True
0,2045.51,0.65345187,0,0,1773326705383,False,True
0,2045.16,0.09823439,0,0,1773326705489,True,True
0,2045.13,0.001,0,0,1773326705500,False,True
0,2044.14,2.44589676,0,0,1773326716717,False,True
0,2044.13,0.1556417,0,0,1773326716717,False,True
0,2044.13,0.21965474,0,0,1773326716717,False,True
0,2044.13,0.12072278,0,0,1773326716719,False,True
0,2044.04,0.001,0,0,1773326716719,False,True
0,2044.03,0.001,0,0,1773326716719,False,True
0,2044.02,0.001,0,0,1773326716719,False,True
0,2043.98,0.03358082,0,0,1773326716719,False,True
0,2043.98,0.12474588,0,0,1773326716720,False,True
0,2044.07,0.54661188,0,0,1773326717530,True,True
0,2044.08,0.45338812,0,0,1773326717530,True,True
0,2043.8,0.24801951,0,0,1773326718743,False,True
0,2043.72,0.19783128,0,0,1773326720440,False,True
0,2043.63,0.01946667,0,0,1773326722634,True,True
0,2043.77,0.001,0,0,1773326722994,True,True
0,2044.37,0.4,0,0,1773326723193,False,True
0,2044.86,0.01969648,0,0,1773326727408,False,True
0,2044.87,0.00025739,0,0,1773326728196,True,True
0,2044.87,0.0006969,0,0,1773326728196,True,True
0,2045.97,0.02012036,0,0,1773326729356,False,True
0,2045.81,0.0019075,0,0,1773326744726,True,True
0,2045.41,0.08784656,0,0,1773326748172,False,True
0,2045.41,0.41215344,0,0,1773326752195,False,True
0,2045.18,0.01936122,0,0,1773326754559,True,True
0,2044.72,0.06547564,0,0,1773326756848,False,True
0,2045.06,2.17055393,0,0,1773326760914,True,True
0,2045.06,0.26440636,0,0,1773326760917,True,True
0,2045.06,0.09574974,0,0,1773326760917,True,True
0,2045.06,0.15562886,0,0,1773326760918,True,True
0,2045.06,0.08925328,0,0,1773326760919,True,True
0,2045.06,0.06622521,0,0,1773326760922,True,True
0,2045.06,0.08925328,0,0,1773326760924,True,True
0,2045.06,0.06892934,0,0,1773326760924,True,True
0,2045.2,0.001,0,0,1773326760924,True,True
0,2045.48,0.001,0,0,1773326762464,True,True
0,2046.6,0.00723296,0,0,1773326766577,False,True
0,2046.62,0.0103222,0,0,1773326766786,False,True
0,2047.1,1.06748647,0,0,1773326767041,True,True
0,2046.55,0.001,0,0,1773326771307,False,True
0,2046.39,3.0,0,0,1773326775073,True,True
0,2046.39,0.5875236,0,0,1773326775073,True,True
0,2046.51,0.001,0,0,1773326775073,True,True
0,2046.58,0.001,0,0,1773326775073,True,True
0,2046.59,0.4,0,0,1773326775073,True,True
0,2046.62,5.04785633,0,0,1773326775073,True,True
0,2047.23,0.00031497,0,0,1773326776050,False,True
0,2047.23,0.00068503,0,0,1773326776050,False,True
0,2047.31,0.04968432,0,0,1773326779045,True,True
0,2048.11,0.04977557,0,0,1773326779186,True,True
0,2048.11,0.00055008,0,0,1773326779186,True,True
0,2048.11,0.00045106,0,0,1773326779186,True,True
0,2048.3,0.14070289,0,0,1773326779203,False,True
0,2048.64,1.8541922,0,0,1773326780777,True,True
0,2048.4,0.94887878,0,0,1773326782372,True,True
0,2048.4,2.03915069,0,0,1773326782372,True,True
0,2048.4,0.01197053,0,0,1773326782373,True,True
0,2049.2,0.03480078,0,0,1773326784349,False,True
0,2049.52,0.04753731,0,0,1773326785669,True,True
0,2050.0,1.0,0,0,1773326789053,True,True
0,2050.0,0.12195121,0,0,1773326789053,True,True
0,2050.0,0.00054894,0,0,1773326789053,True,True
0,2050.0,0.00067136,0,0,1773326789053,True,True
0,2050.09,0.65295862,0,0,1773326789069,True,True
0,2050.09,0.65295862,0,0,1773326789069,True,True
0,2050.09,1.69408276,0,0,1773326789070,True,True
0,2050.6,3.0,0,0,1773326789443,True,True
0,2050.6,1.0,0,0,1773326789443,True,True
0,2051.65,0.5737,0,0,1773326789467,True,True
0,2051.05,0.04396996,0,0,1773326802037,True,True
0,2051.07,1.0,0,0,1773326802037,True,True
0,2051.18,0.97313196,0,0,1773326802037,True,True
0,2050.76,0.0007942,0,0,1773326803197,True,True
0,2050.74,0.00162676,0,0,1773326803307,True,True
0,2050.11,0.001,0,0,1773326803814,False,True
0,2050.11,0.04779765,0,0,1773326803814,False,True
0,2049.88,0.00546124,0,0,1773326809418,True,True
0,2049.87,0.13273935,0,0,1773326809741,True,True
0,2049.94,2.0,0,0,1773326814346,False,True
0,2049.94,0.53857901,0,0,1773326814346,False,True
0,2050.31,0.00032864,0,0,1773326819374,True,True
0,2050.31,0.00046455,0,0,1773326819374,True,True
0,2050.31,0.00021459,0,0,1773326820264,True,True
0,2050.81,0.001,0,0,1773326820485,True,True
0,2051.58,0.4,0,0,1773326825565,True,True
0,2051.96,0.00032588,0,0,1773326825649,True,True
0,2051.96,0.00090262,0,0,1773326825649,True,True
0,2052.38,0.0012297,0,0,1773326836004,False,True
0,2052.2,0.001,0,0,1773326843388,False,True
0,2052.19,0.001,0,0,1773326843388,False,True
0,2051.29,0.01007202,0,0,1773326843388,False,True
0,2051.45,0.00471781,0,0,1773326844612,True,True
0,2051.55,0.01910956,0,0,1773326859341,True,True
0,2051.75,0.00896654,0,0,1773326869828,True,True
0,2051.7,2.43700346,0,0,1773326871273,True,True
0,2051.7,0.5737,0,0,1773326871273,True,True
0,2051.7,19.47853668,0,0,1773326871273,True,True
0,2051.7,0.5875236,0,0,1773326871273,True,True
0,2051.7,4.87521992,0,0,1773326871273,True,True
0,2051.7,0.16577775,0,0,1773326871273,True,True
0,2051.7,2.92493256,0,0,1773326871273,True,True
0,2051.7,1.39128263,0,0,1773326871273,True,True
0,2051.69,0.0321686,0,0,1773326872176,False,True
0,2051.33,0.001,0,0,1773326872208,False,True
0,2051.32,0.001,0,0,1773326872208,False,True
0,2051.08,0.00149792,0,0,1773326872395,True,True
0,2051.06,0.2640354,0,0,1773326874574,True,True
0,2050.23,0.04719277,0,0,1773326877206,True,True
0,2049.88,0.00094658,0,0,1773326879536,True,True
0,2049.58,0.001,0,0,1773326881151,False,True
0,2049.57,0.001,0,0,1773326881151,False,True
0,2048.77,0.00090262,0,0,1773326884104,False,True
0,2048.77,9.738e-05,0,0,1773326884104,False,True
0,2048.21,0.01909932,0,0,1773326888195,True,True
0,2047.88,0.001,0,0,1773326890439,False,True
0,2047.74,0.0010093,0,0,1773326891945,True,True
0,2048.81,0.001,0,0,1773326899312,False,True
0,2048.81,0.001,0,0,1773326899313,False,True
0,2048.94,0.00012302,0,0,1773326907340,False,True
0,2048.94,0.00087698,0,0,1773326907340,False,True
0,2047.98,0.00101165,0,0,1773326910478,False,True
0,2047.58,0.001,0,0,1773326920587,True,True
0,2047.59,0.001,0,0,1773326920587,True,True
0,2048.6,0.0027302,0,0,1773326920587,True,True
0,2048.02,0.0497541,0,0,1773326923014,False,True
0,2047.57,0.00244191,0,0,1773326923567,False,True
0,2047.54,0.04883909,0,0,1773326923567,False,True
0,2047.53,0.29051587,0,0,1773326923567,False,True
0,2047.51,0.00100722,0,0,1773326928129,True,True
0,2047.51,0.00479998,0,0,1773326931129,True,True
0,2047.1,0.0017785,0,0,1773326937625,True,True
0,2047.0,0.97703957,0,0,1773326939799,False,True
0,2047.0,0.97703957,0,0,1773326939799,False,True
0,2046.79,0.3914313,0,0,1773326939811,False,True
0,2046.79,0.30286755,0,0,1773326939812,False,True
0,2046.79,0.31250994,0,0,1773326939813,False,True
0,2046.79,0.05779634,0,0,1773326939815,False,True
0,2046.79,0.0988143,0,0,1773326939817,False,True
0,2046.79,0.1340998,0,0,1773326939817,False,True
0,2046.79,0.08409439,0,0,1773326939817,False,True
0,2046.79,0.07824761,0,0,1773326939818,False,True
0,2046.79,0.24744832,0,0,1773326939818,False,True
0,2046.79,0.11169491,0,0,1773326939820,False,True
0,2046.79,0.18099554,0,0,1773326939937,False,True
0,2046.3,0.001,0,0,1773326941028,False,True
0,2046.29,0.001,0,0,1773326941028,False,True
0,2046.21,0.00123009,0,0,1773326941043,False,True
0,2046.0,0.9775171,0,0,1773326941043,False,True
0,2046.0,0.41522639,0,0,1773326941043,False,True
0,2046.0,0.56229071,0,0,1773326941075,False,True
0,2045.46,0.02438342,0,0,1773326941515,True,True
0,2045.06,0.001,0,0,1773326943352,False,True
0,2045.0,0.03964832,0,0,1773326943386,False,True
0,2045.0,0.93834679,0,0,1773326943395,False,True
0,2044.93,0.29960439,0,0,1773326943420,False,True
0,2044.01,0.00149867,0,0,1773326945837,False,True
0,2044.0,0.5,0,0,1773326945837,False,True
0,2043.75,1.0,0,0,1773326945884,False,True
0,2043.0,2.95468509,0,0,1773326947204,False,True
0,2043.0,5.20779046,0,0,1773326947204,False,True
0,2043.0,1.20737655,0,0,1773326947732,False,True
0,2043.0,0.6183777,0,0,1773326947734,False,True
0,2043.0,0.0117702,0,0,1773326948035,False,True
0,2041.63,0.03042108,0,0,1773326948385,True,True
0,2041.62,0.00183052,0,0,1773326948443,False,True
0,2041.43,0.04365326,0,0,1773326949213,False,True
0,2041.27,0.019596,0,0,1773326949383,False,True
0,2039.58,0.56547131,0,0,1773326953195,False,True
0,2039.58,0.43452869,0,0,1773326953196,False,True
0,2039.2,0.5737,0,0,1773326953264,True,True
0,2039.2,0.06245794,0,0,1773326953266,False,True
0,2039.2,0.63615794,0,0,1773326953266,False,True
0,2039.1,0.43320587,0,0,1773326953388,True,True
0,2039.05,0.96880194,0,0,1773326953449,True,True
0,2039.14,0.5737,0,0,1773326955001,False,True
0,2039.12,1.2804922,0,0,1773326955001,False,True
0,2039.76,2.17108999,0,0,1773326955912,True,True
0,2039.56,0.001332,0,0,1773326956509,False,True
0,2039.96,0.50329605,0,0,1773326957862,True,True
0,2039.58,0.50118728,0,0,1773326958849,True,True
0,2039.97,0.001,0,0,1773326961614,True,True
0,2040.39,0.018596,0,0,1773326961614,True,True
0,2040.62,2.93111297,0,0,1773326967480,True,True
0,2040.62,0.06888703,0,0,1773326967480,True,True
0,2041.57,0.00186787,0,0,1773326974645,False,True
0,2041.74,0.001,0,0,1773326974770,True,True
0,2041.75,0.0001842,0,0,1773326974770,True,True
0,2041.75,0.0008158,0,0,1773326976038,True,True
0,2041.75,0.4,0,0,1773326976038,True,True
0,2042.39,0.00087698,0,0,1773326977340,True,True
0,2042.39,0.0005695,0,0,1773326977340,True,True
0,2043.52,0.00969013,0,0,1773326982037,True,True
0,2043.9,0.00240468,0,0,1773326982909,True,True
0,2043.52,0.01965784,0,0,1773326985001,True,True
0,2043.52,0.00095951,0,0,1773326986677,True,True
0,2043.63,0.20132096,0,0,1773327003919,True,True
0,2043.63,0.13747245,0,0,1773327003927,True,True
0,2043.63,2.66120659,0,0,1773327003937,True,True
0,2043.82,0.00044215,0,0,1773327006349,True,True
0,2043.82,0.00055785,0,0,1773327006349,True,True
0,2043.94,0.001,0,0,1773327012082,False,True
0,2043.93,0.001,0,0,1773327012082,False,True
0,2043.21,0.12137539,0,0,1773327013169,False,True
0,2043.21,0.19866137,0,0,1773327016034,False,True
0,2043.21,0.6611536,0,0,1773327016034,False,True
0,2043.11,0.00979,0,0,1773327016430,False,True
0,2042.75,0.001,0,0,1773327016885,False,True
0,2041.97,0.00586153,0,0,1773327016885,False,True
0,2042.89,0.00754043,0,0,1773327017364,True,True
0,2042.87,0.00094959,0,0,1773327023080,True,True
0,2042.87,5.041e-05,0,0,1773327026058,True,True
0,2042.87,0.51338881,0,0,1773327026058,True,True
0,2041.99,0.001,0,0,1773327038132,True,True
0,2042.0,0.001,0,0,1773327038132,True,True
0,2042.21,2.44832803,0,0,1773327040468,False,True
0,2042.21,0.05167197,0,0,1773327040468,False,True
0,2042.21,0.55963918,0,0,1773327040468,False,True
0,2042.21,0.44036082,0,0,1773327040468,False,True
0,2042.21,0.13333918,0,0,1773327040468,False,True
0,2042.21,0.86666082,0,0,1773327040468,False,True
0,2042.21,0.5,0,0,1773327040468,False,True
0,2042.14,1.3457724,0,0,1773327043924,True,True
0,2042.14,0.82767237,0,0,1773327043924,True,True
0,2042.14,0.82655523,0,0,1773327043925,True,True
0,2041.77,0.001,0,0,1773327050559,False,True
0,2041.76,0.001,0,0,1773327050559,False,True
0,2041.53,0.001,0,0,1773327050773,False,True
0,2041.34,0.00875274,0,0,1773327050776,True,True
0,2041.27,0.019596,0,0,1773327052056,False,True
0,2040.54,0.01539928,0,0,1773327057777,True,True
0,2040.62,0.001,0,0,1773327064056,True,True
0,2040.62,0.08489907,0,0,1773327064056,True,True
0,2041.8,0.001,0,0,1773327065871,True,True
0,2042.15,0.00044937,0,0,1773327066077,True,True
0,2042.15,0.00100578,0,0,1773327066077,True,True
0,2042.22,0.001,0,0,1773327066077,True,True
0,2042.78,0.5,0,0,1773327071060,False,True
0,2042.78,1.0,0,0,1773327071060,False,True
0,2042.78,0.94764487,0,0,1773327071060,False,True
0,2042.78,0.05235513,0,0,1773327071060,False,True
0,2042.78,1.5,0,0,1773327071060,False,True
0,2042.78,1.0,0,0,1773327071060,False,True
0,2042.87,0.4,0,0,1773327076103,True,True
0,2043.45,0.4,0,0,1773327076998,False,True
0,2043.63,0.001,0,0,1773327077924,True,True
0,2043.64,1.0,0,0,1773327077924,True,True
0,2043.47,0.85140321,0,0,1773327080825,False,True
0,2043.47,0.24378062,0,0,1773327080827,False,True
0,2043.47,0.10325828,0,0,1773327080829,False,True
0,2043.47,0.19336605,0,0,1773327080830,False,True
0,2043.47,0.08322475,0,0,1773327080830,False,True
0,2043.47,0.08411101,0,0,1773327080830,False,True
0,2043.47,0.10428461,0,0,1773327080831,False,True
0,2042.92,0.001,0,0,1773327082817,True,True
0,2042.93,0.001,0,0,1773327082817,True,True
0,2042.94,0.00062119,0,0,1773327082817,True,True
0,2043.89,0.0028446,0,0,1773327089886,True,True
0,2044.21,0.01442141,0,0,1773327095936,True,True
0,2044.19,0.0108,0,0,1773327096506,False,True
0,2043.81,0.001,0,0,1773327098384,True,True
0,2043.8,0.001,0,0,1773327101163,False,True
0,2043.79,0.001,0,0,1773327101163,False,True
0,2042.89,0.09593936,0,0,1773327101163,False,True
0,2043.26,0.001,0,0,1773327101324,True,True
0,2043.48,3.0,0,0,1773327107610,True,True
0,2043.54,2.0,0,0,1773327107610,True,True
0,2042.41,0.001,0,0,1773327109465,False,True
0,2042.4,0.0015,0,0,1773327109465,False,True
0,2042.37,1.21784227,0,0,1773327109465,False,True
0,2042.92,0.00648796,0,0,1773327112354,False,True
0,2043.06,0.01965784,0,0,1773327118490,False,True
0,2043.07,0.001,0,0,1773327120100,True,True
0,2043.08,0.001,0,0,1773327120100,True,True
0,2043.09,0.001,0,0,1773327120374,True,True
0,2044.29,1.0,0,0,1773327125362,True,True
0,2044.89,1.0,0,0,1773327126342,True,True
0,2045.52,0.4,0,0,1773327127451,False,True
0,2044.04,0.001,0,0,1773327135816,False,True
0,2045.14,0.00234256,0,0,1773327149418,True,True
0,2045.35,2.9573777,0,0,1773327156884,False,True
0,2044.51,0.1862811,0,0,1773327161802,True,True
0,2044.7,2.9573777,0,0,1773327168703,True,True
0,2043.88,0.001,0,0,1773327177076,False,True
0,2043.87,0.001,0,0,1773327177076,False,True
0,2043.48,0.36585085,0,0,1773327180412,True,True
0,2043.48,0.1500199,0,0,1773327180417,True,True
0,2043.48,0.09290373,0,0,1773327180423,True,True
0,2043.96,0.001,0,0,1773327182771,False,True
0,2043.96,0.001,0,0,1773327182771,False,True
0,2043.96,0.001,0,0,1773327182772,False,True
0,2043.96,0.001,0,0,1773327182773,False,True
0,2043.89,2.9573777,0,0,1773327183244,False,True
0,2044.05,0.19276684,0,0,1773327183763,True,True
0,2043.89,0.0004997,0,0,1773327189160,False,True
0,2043.89,0.00194661,0,0,1773327192396,False,True
0,2043.1,0.001,0,0,1773327196325,False,True
0,2043.09,0.001,0,0,1773327196325,False,True
0,2043.08,0.001,0,0,1773327196325,False,True
0,2043.0,0.97895252,0,0,1773327199257,False,True
0,2043.0,7.30468431,0,0,1773327199257,False,True
0,2043.0,8.20433857,0,0,1773327200752,False,True
0,2043.0,1.18039117,0,0,1773327200850,False,True
0,2043.0,0.17323406,0,0,1773327200852,False,True
0,2043.0,2.50137691,0,0,1773327200860,False,True
0,2043.0,0.16034325,0,0,1773327200870,False,True
0,2043.0,0.17380085,0,0,1773327200871,False,True
0,2043.0,0.6510575,0,0,1773327200926,False,True
0,2042.22,2.9573777,0,0,1773327201192,True,True
0,2042.85,0.00481185,0,0,1773327205795,True,True
0,2042.0,0.55607984,0,0,1773327207134,False,True
0,2042.0,0.42335208,0,0,1773327207161,False,True
0,2042.0,1.178,0,0,1773327207161,False,True
0,2041.0,0.9799118,0,0,1773327211224,False,True
0,2040.28,0.001,0,0,1773327222702,False,True
0,2039.1,0.4,0,0,1773327230061,True,True
0,2039.16,0.001,0,0,1773327230264,True,True
0,2040.92,0.01516162,0,0,1773327233353,True,True
0,2041.67,0.001,0,0,1773327236966,True,True
0,2041.68,0.001,0,0,1773327236966,True,True
0,2042.14,0.94633866,0,0,1773327244380,True,True
0,2042.14,0.05366134,0,0,1773327244472,True,True
0,2042.83,8.823,0,0,1773327246516,True,True
0,2042.85,0.622927,0,0,1773327246516,True,True
0,2042.87,3.0,0,0,1773327246516,True,True
0,2042.94,19.8900276,0,0,1773327246516,True,True
0,2042.95,0.02507214,0,0,1773327248085,True,True
0,2042.62,0.26627484,0,0,1773327249129,True,True
0,2042.45,0.26687701,0,0,1773327249250,True,True
0,2042.27,0.21033065,0,0,1773327250466,True,True
0,2042.27,0.00048722,0,0,1773327251033,True,True
0,2042.26,0.001,0,0,1773327252299,False,True
0,2041.42,0.001,0,0,1773327253242,False,True
0,2041.41,0.001,0,0,1773327253242,False,True
0,2040.86,0.00095309,0,0,1773327253665,True,True
0,2040.86,0.02589108,0,0,1773327254840,True,True
0,2040.85,0.001,0,0,1773327258912,False,True
0,2040.19,1.06828494,0,0,1773327258912,False,True
0,2040.19,0.93216001,0,0,1773327258912,False,True
0,2040.86,0.001,0,0,1773327260556,True,True
0,2040.87,0.00027371,0,0,1773327260556,True,True
0,2040.78,0.02232222,0,0,1773327267147,False,True
0,2040.83,0.001,0,0,1773327270249,True,True
0,2040.85,0.001,0,0,1773327270249,True,True
0,2040.87,0.00072629,0,0,1773327270249,True,True
0,2041.39,0.00861001,0,0,1773327270249,True,True
0,2041.13,2.44961923,0,0,1773327272093,False,True
0,2040.89,0.05038077,0,0,1773327272093,False,True
0,2040.89,0.52331923,0,0,1773327272093,False,True
0,2040.88,0.47668077,0,0,1773327272093,False,True
0,2040.88,0.08784656,0,0,1773327272093,False,True
0,2040.88,0.41215344,0,0,1773327272093,False,True
0,2040.88,1.0,0,0,1773327272093,False,True
0,2041.47,0.31687,0,0,1773327282612,False,True
0,2041.81,0.02707458,0,0,1773327286891,False,True
0,2041.82,0.4,0,0,1773327286952,True,True
0,2043.13,0.001,0,0,1773327293315,False,True
0,2043.06,0.07343402,0,0,1773327294548,False,True
0,2042.72,0.001,0,0,1773327295017,False,True
0,2042.71,0.001,0,0,1773327295017,False,True
0,2042.7,0.001,0,0,1773327295017,False,True
0,2042.39,1.24465468,0,0,1773327295017,False,True
0,2042.14,0.22078533,0,0,1773327295017,False,True
0,2042.18,0.59441892,0,0,1773327295656,False,True
0,2042.17,0.04896751,0,0,1773327295656,False,True
0,2042.14,1.77921467,0,0,1773327295656,False,True
0,2042.04,3.18313,0,0,1773327295656,False,True
0,2041.82,0.5737,0,0,1773327295656,False,True
0,2041.73,0.15679852,0,0,1773327295656,False,True
0,2041.73,0.001,0,0,1773327295656,False,True
0,2041.67,3.66277038,0,0,1773327295656,False,True
0,2043.13,0.001,0,0,1773327300615,True,True
0,2043.13,0.00354159,0,0,1773327300615,True,True
0,2042.95,0.00124712,0,0,1773327301231,True,True
0,2043.14,0.00182546,0,0,1773327303458,True,True
0,2043.13,0.68752586,0,0,1773327306020,False,True
0,2042.5,0.00251607,0,0,1773327311645,False,True
0,2042.51,0.00051332,0,0,1773327311725,True,True
0,2043.61,0.00714735,0,0,1773327313051,True,True
0,2043.99,0.00930182,0,0,1773327313420,True,True
0,2043.51,1.90546596,0,0,1773327317086,True,True
0,2043.52,0.36399521,0,0,1773327317744,True,True
0,2043.52,0.15597274,0,0,1773327317746,True,True
0,2043.52,0.14991335,0,0,1773327317748,True,True
0,2043.52,0.07945374,0,0,1773327317789,True,True
0,2043.52,0.11618736,0,0,1773327317789,True,True
0,2043.52,0.14501399,0,0,1773327317792,True,True
0,2043.52,0.07335261,0,0,1773327317793,True,True
0,2043.52,0.07629705,0,0,1773327317798,True,True
0,2043.52,0.11118555,0,0,1773327317798,True,True
0,2043.52,1.7286284,0,0,1773327317845,True,True
0,2043.78,0.57388277,0,0,1773327328424,True,True
0,2043.79,0.001,0,0,1773327328424,True,True
0,2043.82,0.001,0,0,1773327328424,True,True
0,2043.83,0.001,0,0,1773327328424,True,True
0,2043.84,3.0,0,0,1773327328424,True,True
0,2043.94,1.42311723,0,0,1773327328424,True,True
0,2043.78,0.4,0,0,1773327342795,True,True
0,2043.78,0.001,0,0,1773327342795,True,True
0,2043.87,0.001,0,0,1773327346412,False,True
0,2043.86,0.001,0,0,1773327346423,False,True
0,2043.85,0.001,0,0,1773327346423,False,True
0,2042.83,1.03355481,0,0,1773327348139,False,True
0,2041.47,1.90413118,0,0,1773327351757,True,True
0,2041.53,0.71811046,0,0,1773327352283,True,True
0,2041.53,0.18449317,0,0,1773327352292,True,True
0,2041.53,0.16703924,0,0,1773327352294,True,True
0,2041.53,0.07476954,0,0,1773327352296,True,True
0,2041.53,0.10839466,0,0,1773327352299,True,True
0,2041.53,1.74719293,0,0,1773327352299,True,True
0,2042.15,0.00979331,0,0,1773327372990,True,True
0,2042.15,0.0009508,0,0,1773327373709,True,True
0,2042.22,0.001,0,0,1773327377486,True,True
0,2042.25,0.001,0,0,1773327377493,True,True
0,2042.78,0.00272704,0,0,1773327377773,False,True
0,2042.69,0.59218788,0,0,1773327384956,True,True
0,2042.7,0.810002,0,0,1773327384956,True,True
0,2042.72,0.02280112,0,0,1773327384956,True,True
0,2042.77,0.001,0,0,1773327384956,True,True
0,2042.79,0.47556773,0,0,1773327384956,True,True
0,2042.37,0.0019115,0,0,1773327388692,True,True
0,2042.45,0.04187828,0,0,1773327392298,True,True
0,2043.02,0.05548439,0,0,1773327392298,True,True
0,2043.17,0.00070102,0,0,1773327409546,True,True
0,2043.17,0.39929898,0,0,1773327410418,True,True
0,2043.52,0.23427534,0,0,1773327410418,True,True
0,2043.11,0.00475241,0,0,1773327413890,True,True
0,2042.97,0.00118799,0,0,1773327417020,True,True
0,2042.87,0.02851165,0,0,1773327420169,True,True
0,2042.63,0.00286574,0,0,1773327420202,False,True
0,2042.14,0.00321991,0,0,1773327421717,False,True
0,2042.14,0.20870948,0,0,1773327421717,False,True
0,2042.22,0.19416972,0,0,1773327426708,False,True
0,2042.5,0.56555978,0,0,1773327433737,True,True
0,2042.51,0.5875236,0,0,1773327433737,True,True
0,2042.54,3.0,0,0,1773327433737,True,True
0,2042.55,0.964568,0,0,1773327433737,True,True
0,2042.56,0.4,0,0,1773327433737,True,True
0,2042.6,3.10451359,0,0,1773327433737,True,True
0,2042.32,0.00152045,0,0,1773327443106,False,True
0,2042.44,0.09740503,0,0,1773327450644,False,True
0,2042.39,0.00456023,0,0,1773327454101,True,True
0,2042.39,0.11456582,0,0,1773327454101,True,True
0,2042.16,0.02651936,0,0,1773327456105,False,True
0,2042.15,0.10635553,0,0,1773327456105,False,True
0,2041.85,0.006033,0,0,1773327464042,False,True
0,2041.36,0.00122864,0,0,1773327465356,False,True
0,2041.36,3.922e-05,0,0,1773327465356,False,True
0,2042.22,0.00480062,0,0,1773327468034,True,True
0,2042.03,0.40912581,0,0,1773327470735,True,True
0,2042.03,0.15779717,0,0,1773327470739,True,True
0,2042.03,0.1990646,0,0,1773327470742,True,True
0,2043.01,0.02649689,0,0,1773327476946,False,True
0,2042.25,0.5737,0,0,1773327487224,False,True
0,2042.25,0.10813264,0,0,1773327487224,False,True
0,2041.12,0.00144479,0,0,1773327499161,False,True
0,2041.99,0.00237125,0,0,1773327502048,False,True
0,2042.43,0.02820805,0,0,1773327502048,True,True
0,2043.01,0.00244806,0,0,1773327514169,True,True
0,2043.01,0.07463099,0,0,1773327516159,True,True
0,2043.01,0.07622487,0,0,1773327516161,True,True
0,2043.01,0.11118817,0,0,1773327516161,True,True
0,2043.01,0.19152737,0,0,1773327516161,True,True
0,2043.01,0.1201537,0,0,1773327516163,True,True
0,2043.01,0.08494593,0,0,1773327516163,True,True
0,2043.01,0.3164699,0,0,1773327516163,True,True
0,2043.01,0.030678,0,0,1773327516164,True,True
0,2043.01,0.07572224,0,0,1773327516164,True,True
0,2043.01,0.13758423,0,0,1773327516165,True,True
0,2043.01,0.07271586,0,0,1773327516166,True,True
0,2043.01,0.13467329,0,0,1773327516167,True,True
0,2043.01,0.15768436,0,0,1773327516168,True,True
0,2043.01,1.41335303,0,0,1773327516251,True,True
0,2043.01,0.00160593,0,0,1773327516251,True,True
0,2043.06,0.4,0,0,1773327516252,True,True
0,2043.06,0.00022431,0,0,1773327516252,True,True
0,2043.06,0.00077569,0,0,1773327516252,True,True
0,2043.64,0.735075,0,0,1773327516581,True,True
0,2043.52,0.01980973,0,0,1773327526455,False,True
0,2044.1,0.07279487,0,0,1773327529758,True,True
0,2044.09,0.00100534,0,0,1773327560295,False,True
0,2044.1,0.4,0,0,1773327560976,True,True
0,2044.7,0.17606495,0,0,1773327561499,True,True
0,2044.7,0.11990119,0,0,1773327568103,True,True
0,2044.7,5.48013407,0,0,1773327568787,True,True
0,2044.89,0.11954217,0,0,1773327569212,True,True
0,2044.89,0.88045783,0,0,1773327569237,True,True
0,2045.0,0.04844924,0,0,1773327569709,True,True
0,2045.0,0.24941173,0,0,1773327571076,True,True
0,2045.0,0.73409415,0,0,1773327571076,True,True
0,2045.66,0.4,0,0,1773327583998,True,True
0,2046.35,0.00481453,0,0,1773327589837,True,True
0,2045.74,0.99734198,0,0,1773327598304,True,True
0,2045.74,0.00096796,0,0,1773327600086,True,True
0,2045.74,0.0024199,0,0,1773327600095,True,True
0,2045.73,0.01209958,0,0,1773327600201,True,True
0,2046.15,0.0137833,0,0,1773327602272,True,True
0,2045.7,0.00260047,0,0,1773327603992,True,True
0,2045.7,0.01926387,0,0,1773327605383,True,True
0,2046.32,0.00260047,0,0,1773327606135,False,True
0,2045.74,0.0024441,0,0,1773327611426,True,True
0,2045.62,0.28240452,0,0,1773327616097,False,True
0,2045.62,0.63569723,0,0,1773327616097,False,True
0,2045.43,0.0016021,0,0,1773327616232,False,True
0,2045.27,0.001,0,0,1773327616258,False,True
0,2045.27,0.004887,0,0,1773327617416,True,True
0,2045.26,0.001,0,0,1773327618083,False,True
0,2045.25,0.001,0,0,1773327618176,False,True
0,2044.58,0.011324,0,0,1773327618524,False,True
0,2044.58,0.06113725,0,0,1773327621038,True,True
0,2044.59,0.03571337,0,0,1773327621038,True,True
0,2045.05,0.00744499,0,0,1773327622642,True,True
0,2044.84,0.001,0,0,1773327632429,True,True
0,2044.86,3.0,0,0,1773327632429,True,True
0,2044.86,0.667,0,0,1773327632429,True,True
0,2045.06,0.00047352,0,0,1773327633101,True,True
0,2044.82,0.5737,0,0,1773327633349,False,True
0,2044.81,1.13019151,0,0,1773327633349,False,True
0,2045.06,0.0024088,0,0,1773327637043,True,True
0,2045.06,0.14492135,0,0,1773327638195,True,True
0,2044.86,0.24460784,0,0,1773327639506,False,True
0,2044.6,0.21555908,0,0,1773327648693,True,True
0,2044.6,1.23666326,0,0,1773327648693,True,True
0,2044.6,0.52667349,0,0,1773327648696,True,True
0,2044.6,1.02110417,0,0,1773327648701,True,True
0,2044.29,0.00654591,0,0,1773327662505,True,True
0,2044.35,0.001,0,0,1773327665543,True,True
0,2044.36,0.001,0,0,1773327665543,True,True
0,2044.55,0.07770909,0,0,1773327665543,True,True
0,2044.54,0.00486717,0,0,1773327665691,True,True
0,2044.51,0.00054149,0,0,1773327666117,True,True
0,2045.06,0.25219633,0,0,1773327672221,True,True
0,2045.06,0.25219633,0,0,1773327672221,True,True
0,2046.14,1.0,0,0,1773327675371,True,True
0,2046.79,1.0,0,0,1773327679553,True,True
0,2047.0,0.45521927,0,0,1773327680432,True,True
0,2047.0,1.23674685,0,0,1773327680437,True,True
0,2047.0,1.23674685,0,0,1773327680440,True,True
0,2047.0,1.23674685,0,0,1773327680449,True,True
0,2047.0,1.02193982,0,0,1773327680450,True,True
0,2047.0,0.5005787,0,0,1773327680450,True,True
0,2047.56,0.00072298,0,0,1773327680972,True,True
0,2047.56,0.00027702,0,0,1773327680972,True,True
0,2048.12,0.001,0,0,1773327682616,False,True
0,2047.71,0.399,0,0,1773327682616,False,True
0,2047.36,0.001,0,0,1773327686433,False,True
0,2047.35,0.001,0,0,1773327686944,False,True
0,2047.0,0.00244259,0,0,1773327687283,False,True
0,2046.98,0.001,0,0,1773327687292,False,True
0,2046.75,0.00967484,0,0,1773327689034,True,True
0,2045.94,0.001,0,0,1773327696236,False,True
0,2045.93,0.001,0,0,1773327696236,False,True
0,2045.66,1.29e-06,0,0,1773327696236,False,True
0,2045.67,0.00146068,0,0,1773327701396,True,True
0,2045.66,0.00099871,0,0,1773327702262,False,True
0,2045.65,0.001,0,0,1773327702262,False,True
0,2045.59,0.12039091,0,0,1773327702262,False,True
0,2045.18,0.01198418,0,0,1773327717193,True,True
0,2045.17,0.003,0,0,1773327718947,False,True
0,2045.59,0.001,0,0,1773327723139,False,True
0,2045.59,0.001,0,0,1773327723140,False,True
0,2046.11,0.001,0,0,1773327727985,True,True
0,2046.38,0.2947668,0,0,1773327727985,True,True
0,2046.39,0.2957668,0,0,1773327727990,True,True
0,2046.39,2.7042332,0,0,1773327727996,True,True
0,2046.54,3.0,0,0,1773327728029,True,True
0,2046.73,0.32661191,0,0,1773327728029,True,True
0,2047.56,0.04546787,0,0,1773327728530,True,True
0,2047.54,0.12362948,0,0,1773327729481,True,True
0,2047.51,0.00167141,0,0,1773327733322,False,True
0,2047.54,0.001,0,0,1773327734311,False,True
0,2047.21,0.00060481,0,0,1773327743422,False,True
0,2047.46,0.001,0,0,1773327744293,True,True
0,2047.47,0.001,0,0,1773327744293,True,True
0,2047.55,0.001,0,0,1773327744293,True,True
0,2047.57,0.4,0,0,1773327744293,True,True
0,2047.8,1.27607294,0,0,1773327744293,True,True
0,2047.88,1.19955622,0,0,1773327744293,True,True
0,2047.12,0.06911398,0,0,1773327751519,False,True
0,2047.13,0.001,0,0,1773327757566,True,True
0,2047.15,0.001,0,0,1773327757566,True,True
0,2047.16,0.001,0,0,1773327757566,True,True
0,2046.76,0.001,0,0,1773327762413,False,True
0,2046.37,0.001,0,0,1773327763563,False,True
0,2045.5,0.001,0,0,1773327764235,False,True
0,2045.46,2.0,0,0,1773327764257,False,True
0,2045.36,0.7216553,0,0,1773327764482,True,True
0,2046.35,0.00481623,0,0,1773327770579,True,True
0,2045.76,0.01333409,0,0,1773327773686,False,True
0,2046.16,0.0024436,0,0,1773327775682,True,True
0,2046.79,0.01348487,0,0,1773327777814,True,True
0,2046.75,0.00158705,0,0,1773327780983,True,True
0,2046.37,0.01399063,0,0,1773327785131,True,True
0,2046.37,0.14524255,0,0,1773327785693,True,True
0,2046.33,0.12014528,0,0,1773327788179,True,True
0,2046.09,0.001,0,0,1773327791532,True,True
0,2046.1,0.001,0,0,1773327791557,True,True
0,2046.33,0.001,0,0,1773327792306,False,True
0,2046.34,0.001,0,0,1773327793384,True,True
0,2046.34,0.04170007,0,0,1773327793384,True,True
0,2045.93,0.001,0,0,1773327794909,False,True
0,2045.69,0.001,0,0,1773327794954,False,True
0,2046.15,0.02002661,0,0,1773327800669,True,True
0,2045.99,0.01579,0,0,1773327802062,False,True
0,2046.65,11.20064571,0,0,1773327803643,False,True
0,2046.66,0.02287901,0,0,1773327806585,True,True
0,2046.66,0.37712099,0,0,1773327807301,True,True
0,2046.99,0.71234296,0,0,1773327822132,True,True
0,2046.74,0.5737,0,0,1773327823263,False,True
0,2046.66,0.82721927,0,0,1773327823263,False,True
0,2046.99,0.09100301,0,0,1773327823275,True,True
0,2047.22,14.04,0,0,1773327830165,False,True
0,2047.22,0.59036975,0,0,1773327830165,False,True
0,2047.15,17.80360685,0,0,1773327830165,False,True
0,2047.22,0.001,0,0,1773327831856,True,True
0,2048.69,0.4,0,0,1773327835531,True,True
0,2049.39,3.0,0,0,1773327836196,True,True
0,2051.19,0.00487521,0,0,1773327837017,True,True
0,2051.64,0.04874149,0,0,1773327841327,True,True
0,2051.58,0.00103784,0,0,1773327853957,False,True
0,2050.57,0.001,0,0,1773327870681,True,True
0,2051.25,0.08606838,0,0,1773327870681,True,True
0,2051.56,0.00946612,0,0,1773327873790,True,True
0,2051.49,0.0009488,0,0,1773327877120,True,True
0,2051.04,0.4,0,0,1773327888276,True,True
0,2051.64,0.60383925,0,0,1773327896090,True,True
0,2051.65,2.55274678,0,0,1773327896090,True,True
0,2051.65,0.809876,0,0,1773327896090,True,True
0,2051.66,1.53300653,0,0,1773327896090,True,True
0,2051.38,0.01194633,0,0,1773327899335,True,True
0,2051.13,0.001,0,0,1773327900964,False,True
0,2050.92,0.001,0,0,1773327901043,False,True
0,2050.28,0.0008227,0,0,1773327901648,True,True
0,2050.57,0.001,0,0,1773327906096,True,True
0,2050.58,0.001,0,0,1773327906096,True,True
0,2050.74,0.23178568,0,0,1773327906096,True,True
0,2050.44,0.70681874,0,0,1773327908887,False,True
0,2049.03,0.001,0,0,1773327920039,False,True
0,2049.02,0.001,0,0,1773327920039,False,True
0,2049.01,0.001,0,0,1773327920039,False,True
0,2048.69,0.001,0,0,1773327925583,False,True
0,2049.45,0.4,0,0,1773327934722,False,True
0,2049.44,0.06883105,0,0,1773327953581,True,True
0,2049.44,0.00167791,0,0,1773327954148,True,True
0,2049.43,0.001,0,0,1773327958978,True,True
0,2049.44,0.02344543,0,0,1773327958978,True,True
0,2049.44,0.01786379,0,0,1773327962444,True,True
0,2049.45,0.07008325,0,0,1773327962444,True,True
0,2049.45,0.001,0,0,1773327962444,True,True
0,2050.28,0.005883,0,0,1773327981268,True,True
0,2050.31,0.001,0,0,1773327981268,True,True
0,2050.83,1.87402415,0,0,1773327981268,True,True
0,2050.84,1.27607294,0,0,1773327981268,True,True
0,2051.02,0.88402295,0,0,1773327981268,True,True
0,2050.4,0.001,0,0,1773327986434,False,True
0,2050.16,0.001,0,0,1773327986597,False,True
0,2049.29,0.04855035,0,0,1773327992970,True,True
0,2049.07,0.001,0,0,1773328001801,False,True
0,2048.83,0.001,0,0,1773328002295,False,True
0,2048.59,0.001,0,0,1773328002443,False,True
0,2047.85,0.00189406,0,0,1773328010388,True,True
0,2047.84,0.00090414,0,0,1773328027661,False,True
0,2047.82,0.01198271,0,0,1773328033438,True,True
0,2047.84,0.4,0,0,1773328035592,False,True
0,2047.85,0.001,0,0,1773328038439,True,True
0,2047.86,0.001,0,0,1773328038439,True,True
0,2047.87,0.001,0,0,1773328038439,True,True
0,2048.57,0.00143181,0,0,1773328038439,True,True
0,2048.36,0.01142388,0,0,1773328044969,True,True
0,2048.74,0.001,0,0,1773328051729,False,True
0,2048.74,0.001,0,0,1773328051729,False,True
0,2047.01,2.4413657,0,0,1773328064229,True,True
0,2047.0,8.16247555,0,0,1773328066776,False,True
0,2047.0,1.60398535,0,0,1773328067682,False,True
0,2047.0,0.4335391,0,0,1773328067682,False,True
0,2046.81,0.003,0,0,1773328068130,False,True
0,2046.8,0.0015,0,0,1773328068130,False,True
0,2046.59,2.44308815,0,0,1773328068130,False,True
0,2046.51,0.04886367,0,0,1773328068130,False,True
0,2046.5,1.50357178,0,0,1773328068130,False,True
0,2047.48,0.01221013,0,0,1773328080175,True,True
0,2047.36,0.4,0,0,1773328092390,True,True
0,2047.38,0.04507983,0,0,1773328092390,True,True
0,2047.82,0.01174612,0,0,1773328100012,True,True
0,2048.03,0.001,0,0,1773328113047,True,True
0,2048.03,0.00866894,0,0,1773328113047,True,True
0,2047.05,0.60229829,0,0,1773328122129,False,True
0,2047.05,0.29755718,0,0,1773328122129,False,True
0,2047.18,0.00094835,0,0,1773328147833,True,True
0,2047.19,0.00139862,0,0,1773328158237,False,True
0,2047.2,0.001,0,0,1773328158460,False,True
0,2046.96,0.001,0,0,1773328164023,False,True
0,2046.95,0.001,0,0,1773328164023,False,True
0,2046.47,0.50196227,0,0,1773328164895,True,True
0,2046.47,0.5737,0,0,1773328164895,True,True
0,2046.55,0.15135955,0,0,1773328164895,True,True
0,2046.57,0.77297818,0,0,1773328164895,True,True
0,2045.79,0.00914944,0,0,1773328176713,True,True
0,2043.68,0.001,0,0,1773328183344,False,True
0,2044.19,0.4,0,0,1773328186831,False,True
0,2044.7,0.5,0,0,1773328192781,True,True
0,2044.31,0.5,0,0,1773328194799,True,True
0,2044.66,0.5,0,0,1773328196818,True,True
0,2044.55,0.5,0,0,1773328198836,True,True
0,2044.49,0.06113994,0,0,1773328200852,True,True
0,2044.49,0.43886006,0,0,1773328200852,True,True
0,2044.24,0.04159489,0,0,1773328201182,False,True
0,2044.24,0.16619931,0,0,1773328201222,False,True
0,2044.24,0.42023747,0,0,1773328201222,False,True
0,2043.67,0.5,0,0,1773328202870,True,True
0,2043.67,0.00256352,0,0,1773328203611,True,True
0,2043.67,0.07113648,0,0,1773328204887,True,True
0,2043.67,0.42886352,0,0,1773328204887,True,True
0,2043.66,0.001,0,0,1773328205418,False,True
0,2043.0,0.00156352,0,0,1773328205418,False,True
0,2043.37,0.5,0,0,1773328206904,True,True
0,2043.08,0.00472516,0,0,1773328207429,False,True
0,2043.37,0.5,0,0,1773328208921,True,True
0,2043.37,0.5,0,0,1773328210940,True,True
0,2043.36,0.00177293,0,0,1773328211734,False,True
0,2043.37,1.36513053,0,0,1773328212149,True,True
0,2043.37,0.13486947,0,0,1773328212151,True,True
0,2043.66,0.01087612,0,0,1773328213710,False,True
0,2043.67,0.001,0,0,1773328226840,True,True
0,2043.68,0.001,0,0,1773328226840,True,True
0,2044.28,0.02105602,0,0,1773328226840,True,True
0,2044.22,0.02898904,0,0,1773328227052,True,True
0,2044.1,0.061351,0,0,1773328264573,True,True
0,2044.14,0.4,0,0,1773328285905,True,True
0,2045.1,0.4,0,0,1773328288180,True,True
0,2046.4,0.00082824,0,0,1773328295459,True,True
0,2046.15,0.9573777,0,0,1773328297244,True,True
0,2046.15,0.17606495,0,0,1773328297244,True,True
0,2046.15,0.11990119,0,0,1773328297244,True,True
0,2046.15,1.74665616,0,0,1773328297244,True,True
0,2046.15,0.56729655,0,0,1773328297244,True,True
0,2046.23,0.15626899,0,0,1773328297244,True,True
0,2046.24,3.00991237,0,0,1773328297244,True,True
0,2046.15,0.04808483,0,0,1773328298433,True,True
0,2046.0,0.00047332,0,0,1773328299563,True,True
0,2046.32,0.11599394,0,0,1773328316757,True,True
0,2046.28,0.00354472,0,0,1773328317625,True,True
0,2046.43,0.00071744,0,0,1773328323695,False,True
0,2046.04,0.001,0,0,1773328331327,False,True
0,2046.03,0.00391006,0,0,1773328331327,False,True
0,2046.06,0.001,0,0,1773328339047,False,True
0,2046.04,0.2039748,0,0,1773328346762,True,True
0,2046.03,0.001,0,0,1773328346772,False,True
0,2046.02,0.001,0,0,1773328346772,False,True
0,2045.42,0.001,0,0,1773328346889,True,True
0,2045.42,0.001,0,0,1773328346890,True,True
0,2045.42,0.001,0,0,1773328346890,True,True
0,2045.36,0.001,0,0,1773328346922,True,True
0,2045.32,0.01234924,0,0,1773328350439,True,True
0,2045.41,0.001,0,0,1773328355361,True,True
0,2045.42,0.001,0,0,1773328355361,True,True
0,2045.43,0.001,0,0,1773328355361,True,True
0,2046.13,2.55274678,0,0,1773328355361,True,True
0,2046.14,0.4,0,0,1773328355361,True,True
0,2046.14,3.0,0,0,1773328355361,True,True
0,2046.25,1.27607294,0,0,1773328355361,True,True
0,2046.48,0.1361846,0,0,1773328355361,True,True
0,2046.53,1.66057904,0,0,1773328355361,True,True
0,2046.54,26.886,0,0,1773328355361,True,True
0,2046.56,0.5737,0,0,1773328355361,True,True
0,2046.57,0.0005535,0,0,1773328355361,True,True
0,2046.57,0.0004465,0,0,1773328355361,True,True
0,2046.63,10.69596651,0,0,1773328355361,True,True
0,2045.32,0.00473411,0,0,1773328372224,True,True
0,2045.11,0.003,0,0,1773328375659,False,True
0,2045.1,0.001,0,0,1773328375675,False,True
0,2045.09,0.0977952,0,0,1773328375675,False,True
0,2044.13,0.04158248,0,0,1773328382703,False,True
0,2044.0,0.04736016,0,0,1773328382748,False,True
0,2043.88,0.01242122,0,0,1773328382809,False,True
0,2042.46,0.001,0,0,1773328386574,False,True
0,2041.27,0.019596,0,0,1773328387354,False,True
0,2041.12,0.00459021,0,0,1773328387449,False,True
0,2040.68,0.12785532,0,0,1773328387629,True,True
0,2040.51,0.14054447,0,0,1773328387733,True,True
0,2040.26,0.56847845,0,0,1773328388981,False,True
0,2040.26,0.24667343,0,0,1773328388985,False,True
0,2040.26,3.51728731,0,0,1773328388986,False,True
0,2040.26,0.00742435,0,0,1773328388992,False,True
0,2040.14,0.0317593,0,0,1773328388992,False,True
0,2040.02,0.00962097,0,0,1773328388992,False,True
0,2040.02,0.08363365,0,0,1773328389038,False,True
0,2040.02,1.90674538,0,0,1773328389058,False,True
0,2039.67,0.04818101,0,0,1773328394284,True,True
0,2039.67,2.4454661,0,0,1773328395158,True,True
0,2039.67,0.50635289,0,0,1773328395158,True,True
0,2040.29,0.02433019,0,0,1773328396826,True,True
0,2040.29,0.0017806,0,0,1773328396882,True,True
0,2040.24,0.05224574,0,0,1773328398480,False,True
0,2040.29,0.54879861,0,0,1773328400676,True,True
0,2040.9,0.01212738,0,0,1773328405049,True,True
0,2040.9,0.68906396,0,0,1773328405970,True,True
0,2040.9,1.00957081,0,0,1773328405973,True,True
0,2040.9,1.00957081,0,0,1773328405973,True,True
0,2040.9,0.27966704,0,0,1773328405973,True,True
0,2040.9,0.001,0,0,1773328405973,True,True
0,2040.91,0.001,0,0,1773328405973,True,True
0,2040.92,0.001,0,0,1773328405973,True,True
0,2041.49,0.020596,0,0,1773328407239,False,True
0,2041.51,0.4,0,0,1773328410054,True,True
0,2042.35,0.020337,0,0,1773328410611,False,True
0,2042.06,0.05799517,0,0,1773328412387,False,True
0,2042.28,0.27774859,0,0,1773328416941,False,True
0,2042.47,2.5,0,0,1773328420727,True,True
0,2043.47,0.65539414,0,0,1773328421143,True,True
0,2044.37,0.0034436,0,0,1773328421421,True,True
0,2044.22,0.59068495,0,0,1773328422567,False,True
0,2044.17,1.90931505,0,0,1773328422567,False,True
0,2044.23,0.019361,0,0,1773328423425,True,True
0,2044.76,0.001,0,0,1773328429707,True,True
0,2045.37,0.018361,0,0,1773328429707,True,True
0,2044.89,0.001,0,0,1773328444387,True,True
0,2044.9,0.001,0,0,1773328444387,True,True
0,2044.9,0.4,0,0,1773328444387,True,True
0,2044.91,0.001,0,0,1773328444387,True,True
0,2045.04,2.5,0,0,1773328444389,True,True
0,2045.37,0.23927108,0,0,1773328445673,True,True
0,2045.37,0.36160959,0,0,1773328445673,True,True
0,2045.37,1.20719742,0,0,1773328446334,True,True
0,2045.37,0.67356091,0,0,1773328446334,True,True
0,2046.03,0.0005535,0,0,1773328447291,False,True
0,2046.03,0.0004465,0,0,1773328447291,False,True
0,2045.93,0.01158675,0,0,1773328454028,True,True
0,2046.24,0.0005535,0,0,1773328460995,True,True
0,2046.24,0.0004465,0,0,1773328460995,True,True
0,2047.03,0.0005535,0,0,1773328462035,False,True
0,2047.03,0.00044768,0,0,1773328462035,False,True
0,2047.21,1.18177552,0,0,1773328463247,True,True
0,2047.48,0.00696799,0,0,1773328463335,True,True
0,2047.93,0.61845843,0,0,1773328464320,True,True
0,2047.93,0.06844643,0,0,1773328464346,True,True
0,2049.01,0.00055232,0,0,1773328466266,False,True
0,2049.01,0.00067361,0,0,1773328466266,False,True
0,2048.89,0.61848856,0,0,1773328469185,True,True
0,2048.89,0.38151144,0,0,1773328469186,True,True
0,2048.61,0.0007462,0,0,1773328473951,False,True
0,2048.66,0.00032639,0,0,1773328478933,True,True
0,2048.66,0.00090304,0,0,1773328478933,True,True
0,2048.81,0.44532877,0,0,1773328478933,True,True
0,2048.81,0.55467123,0,0,1773328478934,True,True
0,2049.18,1.0,0,0,1773328478936,True,True
0,2049.32,3.0,0,0,1773328478965,True,True
0,2050.39,0.092461,0,0,1773328479235,True,True
0,2049.5,0.4,0,0,1773328508884,True,True
0,2049.85,0.00586418,0,0,1773328509004,True,True
0,2050.4,0.86364978,0,0,1773328522468,True,True
0,2050.4,1.23674686,0,0,1773328522468,True,True
0,2050.4,7.89960336,0,0,1773328522472,True,True
0,2051.17,0.09390025,0,0,1773328527193,True,True
0,2051.32,0.3,0,0,1773328527193,True,True
0,2051.46,0.03987703,0,0,1773328530836,False,True
0,2050.8,0.00480204,0,0,1773328535185,True,True
0,2050.65,0.00187526,0,0,1773328538360,True,True
0,2050.58,0.37544399,0,0,1773328540164,False,True
0,2050.0,4.87804879,0,0,1773328548974,False,True
0,2049.74,0.09969686,0,0,1773328549059,True,True
0,2049.73,0.001,0,0,1773328549102,False,True
0,2048.1,0.001,0,0,1773328560496,False,True
0,2047.76,0.01809716,0,0,1773328565320,True,True
0,2048.43,0.04776958,0,0,1773328567723,True,True
0,2048.06,0.01196598,0,0,1773328592905,True,True
0,2048.06,0.00481046,0,0,1773328593739,True,True
0,2048.06,0.02518555,0,0,1773328608014,True,True
0,2048.08,0.4,0,0,1773328613633,True,True
0,2048.49,1.24887846,0,0,1773328613687,True,True
0,2048.49,1.24887846,0,0,1773328613688,True,True
0,2048.49,0.50224308,0,0,1773328613734,True,True
0,2049.34,0.02345254,0,0,1773328621821,True,True
0,2049.34,0.1408847,0,0,1773328621923,True,True
0,2049.22,0.001,0,0,1773328661140,True,True
0,2049.22,0.01168063,0,0,1773328661140,True,True
0,2049.22,0.38831937,0,0,1773328667646,True,True
0,2049.23,0.001,0,0,1773328667646,True,True
0,2050.2,9.696e-05,0,0,1773328668706,False,True
0,2051.44,0.0084662,0,0,1773328670978,True,True
0,2051.14,0.74186765,0,0,1773328674878,True,True
0,2051.14,0.25813235,0,0,1773328674879,True,True
0,2051.14,0.001,0,0,1773328674879,True,True
0,2050.8,0.00944043,0,0,1773328688896,True,True
0,2050.79,0.001,0,0,1773328689415,False,True
0,2050.78,0.001,0,0,1773328689415,False,True
0,2050.53,0.00275502,0,0,1773328689932,True,True
0,2050.52,0.001,0,0,1773328690036,False,True
0,2049.54,0.02560343,0,0,1773328693361,False,True
0,2050.39,0.00488096,0,0,1773328700723,True,True
0,2050.01,0.09969686,0,0,1773328704767,False,True
0,2049.93,1.42440763,0,0,1773328708764,True,True
0,2049.04,0.003,0,0,1773328719920,False,True
0,2047.99,0.001,0,0,1773328725133,True,True
0,2048.0,0.001,0,0,1773328725133,True,True
0,2048.01,0.001,0,0,1773328725135,True,True
0,2050.08,0.01980859,0,0,1773328744019,True,True
0,2050.08,0.38019141,0,0,1773328750272,True,True
0,2050.59,0.02902167,0,0,1773328757861,True,True
0,2050.4,0.24835575,0,0,1773328763112,False,True
0,2050.66,1.57280688,0,0,1773328764093,True,True
0,2050.66,1.42719312,0,0,1773328764099,True,True
0,2050.88,0.35495895,0,0,1773328764331,True,True
0,2050.88,2.64504105,0,0,1773328764348,True,True
0,2051.54,0.00047199,0,0,1773328766975,True,True
0,2051.98,0.54461646,0,0,1773328775435,True,True
0,2051.99,0.001,0,0,1773328775435,True,True
0,2052.13,0.04157265,0,0,1773328775435,True,True
0,2052.13,2.55274678,0,0,1773328775435,True,True
0,2052.14,1.95948759,0,0,1773328775435,True,True
0,2051.51,0.00490325,0,0,1773328777532,False,True
0,2051.68,0.00474444,0,0,1773328792658,True,True
0,2050.76,0.00253072,0,0,1773328803828,True,True
0,2050.78,0.00253072,0,0,1773328805312,False,True
0,2050.88,0.37444153,0,0,1773328806451,True,True
0,2050.76,0.1039131,0,0,1773328821061,True,True
0,2050.76,0.00478063,0,0,1773328821226,True,True
0,2050.75,0.40970784,0,0,1773328821517,False,True
0,2050.29,0.001,0,0,1773328837744,True,True
0,2050.92,0.07313862,0,0,1773328849439,True,True
0,2050.67,0.01029162,0,0,1773328849735,False,True
0,2050.03,0.16666666,0,0,1773328863117,False,True
0,2050.03,0.22365149,0,0,1773328863117,False,True
0,2049.88,0.46142595,0,0,1773328864941,True,True
0,2049.25,0.001,0,0,1773328868406,False,True
0,2049.17,3.0,0,0,1773328877812,True,True
0,2049.72,0.00073193,0,0,1773328888877,True,True
0,2049.72,0.00026807,0,0,1773328897553,True,True
0,2049.72,0.4,0,0,1773328897553,True,True
0,2049.73,0.001,0,0,1773328897553,True,True
0,2049.74,0.001,0,0,1773328897553,True,True
0,2051.0,0.00189906,0,0,1773328902118,True,True
0,2049.95,0.47223371,0,0,1773328916551,True,True
0,2049.9,0.001,0,0,1773328923170,False,True
0,2049.89,0.001,0,0,1773328923170,False,True
0,2049.88,0.001,0,0,1773328923170,False,True
0,2049.42,0.001,0,0,1773328930022,True,True
0,2049.43,0.001,0,0,1773328930022,True,True
0,2049.44,0.001,0,0,1773328930022,True,True
0,2049.68,0.01973457,0,0,1773328930022,True,True
0,2049.94,0.4,0,0,1773328954800,True,True
0,2049.94,0.001,0,0,1773328954800,True,True
0,2049.95,0.001,0,0,1773328954800,True,True
0,2050.0,62.06780255,0,0,1773328954800,True,True
0,2050.0,45.0467678,0,0,1773328954869,True,True
0,2050.0,8.22785066,0,0,1773328954878,True,True
0,2050.0,5.80774969,0,0,1773328954882,True,True
0,2050.0,0.91156237,0,0,1773328954891,True,True
0,2050.0,25.08023553,0,0,1773328954920,True,True
0,2050.0,32.79542376,0,0,1773328955122,True,True
0,2050.0,19.41595212,0,0,1773328955124,True,True
0,2050.0,0.35393407,0,0,1773328955125,True,True
0,2050.0,0.51166344,0,0,1773328955125,True,True
0,2050.0,0.07872466,0,0,1773328955147,True,True
0,2050.99,0.01154782,0,0,1773328978485,False,True
0,2051.8,0.00781138,0,0,1773328993930,True,True
0,2051.8,2.99218862,0,0,1773328995199,True,True
0,2051.8,0.4,0,0,1773328995199,True,True
0,2052.13,0.001,0,0,1773328995252,True,True
0,2053.06,0.00096623,0,0,1773328996995,False,True
0,2053.09,0.00487071,0,0,1773329008393,True,True
0,2052.42,0.00572172,0,0,1773329025439,False,True
0,2053.21,0.4,0,0,1773329045211,False,True
0,2053.33,0.00487021,0,0,1773329047585,False,True
0,2053.02,3.0,0,0,1773329054449,True,True
0,2053.14,0.73058826,0,0,1773329054449,True,True
0,2053.47,0.16323782,0,0,1773329054449,True,True
0,2053.49,19.03173387,0,0,1773329054449,True,True
0,2053.5,8.101,0,0,1773329054449,True,True
0,2053.51,17.23286342,0,0,1773329054449,True,True
0,2053.1,0.00441906,0,0,1773329057936,True,True
0,2054.49,0.01101005,0,0,1773329066177,False,True
0,2054.85,3.0,0,0,1773329067250,True,True
0,2054.96,0.31953291,0,0,1773329067250,True,True
0,2055.27,0.5737,0,0,1773329067250,True,True
0,2055.29,0.38071127,0,0,1773329067250,True,True
0,2055.36,0.001,0,0,1773329067250,True,True
0,2055.38,0.72505582,0,0,1773329067250,True,True
0,2055.38,1.82769096,0,0,1773329067251,True,True
0,2055.4,0.72978495,0,0,1773329067251,True,True
0,2055.5,0.5737,0,0,1773329067251,True,True
0,2055.55,1.86882409,0,0,1773329067251,True,True
0,2054.55,0.001,0,0,1773329073206,False,True
0,2054.51,0.001,0,0,1773329073206,False,True
0,2054.26,0.001,0,0,1773329073206,False,True
0,2054.19,0.03459838,0,0,1773329073206,False,True
0,2055.14,0.19987319,0,0,1773329080603,False,True
0,2055.15,1.0,0,0,1773329082110,True,True
0,2055.62,0.01101006,0,0,1773329082117,True,True
0,2055.68,0.09634711,0,0,1773329082117,True,True
0,2055.71,0.38067695,0,0,1773329082253,True,True
0,2056.45,0.001,0,0,1773329082253,True,True
0,2056.48,0.87607664,0,0,1773329082253,True,True
0,2056.62,0.44613792,0,0,1773329082253,True,True
0,2056.62,2.5,0,0,1773329082253,True,True
0,2056.41,0.0376051,0,0,1773329088650,False,True
0,2056.41,0.57156816,0,0,1773329089204,False,True
0,2055.84,0.001,0,0,1773329109103,False,True
0,2055.85,0.001,0,0,1773329109827,True,True
0,2055.91,0.4,0,0,1773329109827,True,True
0,2056.42,1.0,0,0,1773329110288,True,True
0,2056.6,2.55274678,0,0,1773329113061,True,True
0,2056.84,0.09367035,0,0,1773329113145,True,True
0,2057.07,0.001,0,0,1773329113272,False,True
0,2056.93,0.04519297,0,0,1773329118077,True,True
0,2056.59,0.001,0,0,1773329118876,False,True
0,2056.58,0.001,0,0,1773329118876,False,True
0,2055.96,0.001,0,0,1773329121179,False,True
0,2055.47,0.001,0,0,1773329124507,True,True
0,2055.48,0.001,0,0,1773329124507,True,True
0,2055.6,2.19773247,0,0,1773329124507,True,True
0,2056.07,0.42,0,0,1773329124511,True,True
0,2056.18,0.02066845,0,0,1773329124511,True,True
0,2056.18,7.41791887,0,0,1773329124511,True,True
0,2056.26,5.34026757,0,0,1773329124532,True,True
0,2056.26,13.13990599,0,0,1773329124549,True,True
0,2056.77,0.001,0,0,1773329124616,True,True
0,2057.54,0.729,0,0,1773329127779,True,True
0,2058.01,0.00115568,0,0,1773329129255,True,True
0,2057.89,0.00678322,0,0,1773329134729,True,True
0,2057.19,0.01541166,0,0,1773329138467,False,True
0,2057.57,0.4,0,0,1773329156734,True,True
0,2059.42,0.0014351,0,0,1773329162228,True,True
0,2060.39,0.49577699,0,0,1773329162759,True,True
0,2060.39,0.5737,0,0,1773329162759,True,True
0,2060.4,0.5737,0,0,1773329162759,True,True
0,2060.45,3.35682301,0,0,1773329162759,True,True
0,2060.45,4.72417699,0,0,1773329162759,True,True
0,2060.53,0.27582301,0,0,1773329162759,True,True
0,2060.53,0.27751677,0,0,1773329162759,True,True
0,2060.62,0.001,0,0,1773329165758,True,True
0,2061.06,4.999,0,0,1773329165758,True,True
0,2060.91,0.01072251,0,0,1773329167491,False,True
0,2061.24,0.01067411,0,0,1773329169097,True,True
0,2061.24,0.30594598,0,0,1773329170177,True,True
0,2063.0,0.03286424,0,0,1773329173760,True,True
0,2063.26,0.5875236,0,0,1773329173760,True,True
0,2063.26,2.55274678,0,0,1773329173760,True,True
0,2063.27,0.5737,0,0,1773329173760,True,True
0,2063.32,1.25316538,0,0,1773329173760,True,True
0,2063.33,0.00120373,0,0,1773329174868,True,True
0,2063.62,0.00484585,0,0,1773329177757,True,True
0,2064.08,0.23711493,0,0,1773329177757,True,True
0,2064.08,0.00313725,0,0,1773329177757,True,True
0,2064.08,0.04809294,0,0,1773329177757,True,True
0,2064.25,0.07108327,0,0,1773329180132,True,True
0,2064.42,2.0,0,0,1773329182327,False,True
0,2064.2,1.35966797,0,0,1773329182328,False,True
0,2064.03,2.0,0,0,1773329182384,False,True
0,2063.74,0.04749387,0,0,1773329185485,True,True
0,2063.74,0.95250613,0,0,1773329185571,True,True
0,2064.3,0.00698904,0,0,1773329187660,True,True
0,2064.02,0.02690272,0,0,1773329195211,False,True
0,2064.24,1.30847887,0,0,1773329197696,True,True
0,2064.24,1.69152113,0,0,1773329197696,True,True
0,2064.24,0.11194358,0,0,1773329197696,True,True
0,2064.24,0.28805642,0,0,1773329197696,True,True
0,2064.58,3.0,0,0,1773329197717,True,True
0,2066.06,0.019596,0,0,1773329198613,True,True
0,2066.06,0.019596,0,0,1773329198613,True,True
0,2066.06,0.019596,0,0,1773329198613,True,True
0,2066.06,0.019596,0,0,1773329198613,True,True
0,2066.06,0.019596,0,0,1773329198613,True,True
0,2066.15,0.14070289,0,0,1773329198613,True,True
0,2066.15,2.85929711,0,0,1773329198655,True,True
0,2066.41,0.48395683,0,0,1773329198655,True,True
0,2067.15,0.00155247,0,0,1773329198765,True,True
0,2067.54,0.04757467,0,0,1773329198822,False,True
0,2067.55,0.31758769,0,0,1773329198862,True,True
0,2067.77,0.00257052,0,0,1773329198862,True,True
0,2067.96,0.86709295,0,0,1773329198862,True,True
0,2068.14,0.27268234,0,0,1773329198862,True,True
0,2068.16,0.00407896,0,0,1773329198862,True,True
0,2068.31,0.5737,0,0,1773329198862,True,True
0,2067.45,3.50402606,0,0,1773329200263,True,True
0,2067.45,0.45521927,0,0,1773329200263,True,True
0,2067.45,1.23674685,0,0,1773329200263,True,True
0,2067.45,0.49198616,0,0,1773329200263,True,True
0,2066.34,0.0090141,0,0,1773329202671,True,True
0,2066.53,0.00210825,0,0,1773329204957,True,True
0,2068.62,0.00517347,0,0,1773329208821,False,True
0,2068.65,0.01144045,0,0,1773329213832,True,True
0,2068.4,0.00339622,0,0,1773329217418,False,True
0,2068.4,0.00244806,0,0,1773329217555,False,True
0,2068.16,0.00491321,0,0,1773329228252,True,True
0,2067.6,0.02394296,0,0,1773329240860,True,True
0,2067.59,0.05113485,0,0,1773329241321,False,True
0,2067.6,0.001543,0,0,1773329248998,True,True
0,2067.6,0.4,0,0,1773329254263,True,True
0,2069.1,0.001,0,0,1773329263154,True,True
0,2069.11,0.001,0,0,1773329263155,True,True
0,2069.12,0.0421,0,0,1773329263155,True,True
0,2069.81,0.7247,0,0,1773329267740,True,True
0,2070.0,0.00807416,0,0,1773329267740,True,True
0,2070.0,1.05522815,0,0,1773329267740,True,True
0,2070.0,0.15953498,0,0,1773329273303,False,True
0,2070.0,0.02149169,0,0,1773329283735,False,True
0,2070.0,0.3871011,0,0,1773329283735,False,True
0,2069.92,0.001,0,0,1773329284275,False,True
0,2069.91,0.001,0,0,1773329284275,False,True
0,2069.4,0.001,0,0,1773329284995,False,True
0,2068.3,0.1737865,0,0,1773329286666,False,True
0,2069.51,0.4,0,0,1773329308286,True,True
0,2070.03,0.00175869,0,0,1773329308449,False,True
0,2069.96,1.14e-06,0,0,1773329309345,True,True
0,2069.43,0.00186884,0,0,1773329309586,False,True
0,2069.75,0.01637827,0,0,1773329327363,False,True
0,2069.56,0.00095618,0,0,1773329331900,False,True
0,2069.89,0.001,0,0,1773329335335,True,True
0,2070.29,0.01084111,0,0,1773329335335,True,True
0,2069.74,1.87402415,0,0,1773329339205,False,True
0,2069.73,26.572,0,0,1773329339205,False,True
0,2069.72,0.5737,0,0,1773329339205,False,True
0,2069.7,1.87402415,0,0,1773329339205,False,True
0,2069.61,3.5,0,0,1773329339205,False,True
0,2069.58,16.57534758,0,0,1773329339205,False,True
0,2069.58,0.35265242,0,0,1773329339205,False,True
0,2069.57,31.98330218,0,0,1773329339205,False,True
0,2070.16,0.00177633,0,0,1773329339749,True,True
0,2069.83,0.03332802,0,0,1773329345636,False,True
0,2069.77,0.001,0,0,1773329348984,False,True
0,2068.79,0.09370695,0,0,1773329349253,False,True
0,2068.78,0.001,0,0,1773329349253,False,True
0,2068.77,0.001,0,0,1773329349253,False,True
0,2068.52,3.5,0,0,1773329349253,False,True
0,2068.36,13.94,0,0,1773329349253,False,True
0,2068.36,24.17369768,0,0,1773329349253,False,True
0,2068.33,26.571,0,0,1773329349253,False,True
0,2068.3,15.02464585,0,0,1773329349253,False,True
0,2069.27,0.04491354,0,0,1773329350385,True,True
0,2067.5,0.04,0,0,1773329356364,False,True
0,2067.51,0.0031,0,0,1773329356499,False,True
0,2067.97,0.00150452,0,0,1773329361274,False,True
0,2068.12,0.001,0,0,1773329369074,True,True
0,2069.26,0.00472628,0,0,1773329372468,True,True
0,2068.19,0.0028615,0,0,1773329387697,False,True
0,2067.76,0.00243622,0,0,1773329391474,False,True
0,2068.02,0.01891189,0,0,1773329392035,True,True
0,2068.55,0.00093528,0,0,1773329395958,True,True
0,2068.06,0.0456361,0,0,1773329397318,False,True
0,2068.6,0.4,0,0,1773329399229,False,True
0,2068.6,0.33395801,0,0,1773329401487,False,True
0,2068.34,0.02580813,0,0,1773329404219,False,True
0,2067.21,0.00095658,0,0,1773329408847,False,True
0,2067.82,0.00857441,0,0,1773329409104,True,True
0,2068.52,0.22,0,0,1773329418953,False,True
0,2068.4,10.0,0,0,1773329420867,False,True
0,2068.4,4.231,0,0,1773329420867,False,True
0,2068.38,0.5737,0,0,1773329420867,False,True
0,2068.22,4.83336837,0,0,1773329420867,False,True
0,2068.2,5.36193163,0,0,1773329420867,False,True
0,2068.53,0.1170887,0,0,1773329429163,True,True
0,2068.65,0.001,0,0,1773329429163,True,True
0,2068.71,0.11097642,0,0,1773329429163,True,True
0,2068.69,0.00100847,0,0,1773329433154,False,True
0,2068.7,0.001,0,0,1773329433215,True,True
0,2069.02,0.0093626,0,0,1773329440846,True,True
0,2068.12,0.00238193,0,0,1773329445037,True,True
0,2068.35,0.00240536,0,0,1773329455055,True,True
0,2068.35,0.39759464,0,0,1773329465487,True,True
0,2069.03,0.04469688,0,0,1773329467265,True,True
0,2069.14,2.45530312,0,0,1773329467265,True,True
0,2068.12,0.1190396,0,0,1773329475030,True,True
0,2068.12,0.001,0,0,1773329483725,True,True
0,2068.8,0.00096194,0,0,1773329484459,False,True
0,2069.32,4.33986354,0,0,1773329488160,True,True
0,2070.4,0.00087403,0,0,1773329490116,False,True
0,2070.45,3.0,0,0,1773329491138,True,True
0,2070.47,0.00706055,0,0,1773329491138,True,True
0,2070.83,0.04828981,0,0,1773329494200,False,True
0,2070.81,0.27026985,0,0,1773329494200,False,True
0,2070.1,0.00119104,0,0,1773329498507,True,True
0,2069.26,0.0071772,0,0,1773329506034,True,True
0,2068.81,0.00077889,0,0,1773329511622,False,True
0,2069.32,0.41677136,0,0,1773329511811,True,True
0,2068.87,0.22460843,0,0,1773329516225,False,True
0,2069.34,0.001,0,0,1773329516515,True,True
0,2069.4,0.00439376,0,0,1773329516515,True,True
0,2069.01,0.001,0,0,1773329521040,True,True
0,2069.21,0.05387261,0,0,1773329521040,True,True
0,2070.25,2.41515852,0,0,1773329526470,False,True
0,2070.17,7.58484148,0,0,1773329526470,False,True
0,2070.09,0.001,0,0,1773329536798,True,True
0,2070.09,0.001,0,0,1773329536881,True,True
0,2070.08,0.001,0,0,1773329544129,False,True
0,2069.94,0.001,0,0,1773329544129,False,True
0,2069.7,0.00083941,0,0,1773329544129,False,True
0,2069.76,0.03561669,0,0,1773329545284,False,True
0,2069.55,0.00051912,0,0,1773329550320,False,True
0,2069.56,0.00947394,0,0,1773329551502,True,True
0,2069.56,0.00539331,0,0,1773329551757,True,True
0,2069.56,0.02250569,0,0,1773329553610,True,True
0,2069.55,0.00048088,0,0,1773329559844,False,True
0,2069.54,0.001,0,0,1773329559844,False,True
0,2069.53,0.001,0,0,1773329559854,False,True
0,2068.13,0.001,0,0,1773329566393,False,True
0,2068.12,0.001,0,0,1773329566393,False,True
0,2068.11,0.04835332,0,0,1773329566413,False,True
0,2068.11,0.001,0,0,1773329566413,False,True
0,2067.95,0.01196957,0,0,1773329570036,True,True
0,2067.24,0.06264673,0,0,1773329571683,False,True
0,2067.08,0.19435758,0,0,1773329573299,False,True
0,2067.52,0.00094145,0,0,1773329580304,True,True
0,2066.06,0.019361,0,0,1773329590105,False,True
0,2065.72,0.00471838,0,0,1773329591717,True,True
0,2065.7,0.487749,0,0,1773329592305,False,True
0,2067.0,0.00238322,0,0,1773329595034,True,True
0,2066.5,0.04839099,0,0,1773329616145,False,True
0,2066.06,0.019361,0,0,1773329616284,False,True
0,2066.3,0.00046868,0,0,1773329630055,True,True
0,2066.98,0.15,0,0,1773329642324,True,True
0,2066.98,0.25,0,0,1773329642583,True,True
0,2067.0,0.24247477,0,0,1773329642583,True,True
0,2067.28,0.001,0,0,1773329642583,True,True
0,2067.29,0.001,0,0,1773329642583,True,True
0,2067.52,5.855e-05,0,0,1773329642583,True,True
0,2067.68,0.02858984,0,0,1773329642583,True,True
0,2067.72,1.35312672,0,0,1773329642583,True,True
0,2066.65,0.00980318,0,0,1773329657594,True,True
0,2067.05,0.00046978,0,0,1773329662068,True,True
0,2067.05,0.39953022,0,0,1773329671416,True,True
0,2067.13,0.001,0,0,1773329674751,True,True
0,2067.14,0.001,0,0,1773329674751,True,True
0,2067.56,1.87179054,0,0,1773329674751,True,True
0,2067.16,0.001,0,0,1773329682825,True,True
0,2067.18,0.001,0,0,1773329682825,True,True
0,2067.37,0.001,0,0,1773329682825,True,True
0,2067.38,0.001,0,0,1773329682825,True,True
0,2067.41,0.00038966,0,0,1773329682825,True,True
0,2067.36,0.04562367,0,0,1773329687268,True,True
0,2067.54,0.001,0,0,1773329691454,True,True
0,2069.83,0.00474227,0,0,1773329692524,True,True
0,2069.58,0.00081953,0,0,1773329703037,True,True
0,2069.58,0.4,0,0,1773329705173,True,True
0,2070.89,1.86978261,0,0,1773329705465,True,True
0,2070.87,0.001,0,0,1773329711174,False,True
0,2070.21,0.00144779,0,0,1773329716291,True,True
0,2070.7,0.48303345,0,0,1773329723698,True,True
0,2070.74,0.21703924,0,0,1773329723698,True,True
0,2070.74,3.12955518,0,0,1773329724167,True,True
0,2070.35,0.001,0,0,1773329726919,False,True
0,2070.13,0.001,0,0,1773329726993,False,True
0,2070.12,0.001,0,0,1773329726993,False,True
0,2069.92,0.14222701,0,0,1773329728402,False,True
0,2069.93,0.001,0,0,1773329741833,True,True
0,2070.42,0.04449099,0,0,1773329741833,True,True
0,2070.49,0.00139627,0,0,1773329742758,False,True
0,2069.66,0.00564214,0,0,1773329762351,True,True
0,2069.66,0.05059372,0,0,1773329764159,True,True
0,2069.65,0.001,0,0,1773329765449,False,True
0,2069.58,0.005801,0,0,1773329765458,False,True
0,2068.33,0.11439505,0,0,1773329767462,True,True
0,2068.0,0.00399418,0,0,1773329776524,False,True
0,2068.0,0.001,0,0,1773329803595,False,True
0,2068.0,0.27005669,0,0,1773329803857,False,True
0,2068.01,0.00899753,0,0,1773329810694,True,True
0,2068.01,0.00078756,0,0,1773329831835,True,True
0,2068.0,0.001,0,0,1773329833618,False,True
0,2068.0,8.19859293,0,0,1773329848305,False,True
0,2068.0,8.19700518,0,0,1773329849248,False,True
0,2068.0,10.41077458,0,0,1773329849277,False,True
0,2068.0,7.33549068,0,0,1773329849277,False,True
0,2068.0,0.99610813,0,0,1773329849278,False,True
0,2068.0,0.55958038,0,0,1773329849279,False,True
0,2068.0,1.15716428,0,0,1773329849279,False,True
0,2068.0,0.26699541,0,0,1773329849280,False,True
0,2068.0,0.96957131,0,0,1773329849282,False,True
0,2068.0,1.00778714,0,0,1773329849282,False,True
0,2068.0,0.14426672,0,0,1773329849283,False,True
0,2068.0,3.16589281,0,0,1773329849286,False,True
0,2068.0,24.52053673,0,0,1773329849296,False,True
0,2068.0,0.21764792,0,0,1773329849308,False,True
0,2068.0,0.1633603,0,0,1773329849309,False,True
0,2068.0,0.12812053,0,0,1773329849309,False,True
0,2068.0,80.2572262,0,0,1773329849315,False,True
0,2067.49,0.001,0,0,1773329853793,True,True
0,2067.49,0.001,0,0,1773329853793,True,True
0,2068.28,0.4,0,0,1773329854131,False,True
0,2068.26,0.03367314,0,0,1773329856692,False,True
0,2068.17,0.11609622,0,0,1773329856692,False,True
0,2070.16,0.902817,0,0,1773329859233,True,True
0,2070.64,0.59937983,0,0,1773329859259,True,True
0,2070.64,0.49525199,0,0,1773329859261,True,True
0,2070.64,0.10960997,0,0,1773329859261,True,True
0,2070.64,0.32879789,0,0,1773329859262,True,True
0,2070.64,0.15256347,0,0,1773329859262,True,True
0,2071.07,0.00139149,0,0,1773329859511,True,True
0,2071.31,0.02,0,0,1773329859514,True,True
0,2071.51,0.02669449,0,0,1773329859514,True,True
0,2070.86,0.001,0,0,1773329865392,False,True
0,2071.17,0.001,0,0,1773329873580,False,True
0,2070.95,0.001,0,0,1773329873580,False,True
0,2070.93,0.04067385,0,0,1773329873580,False,True
0,2071.76,0.001,0,0,1773329882355,False,True
0,2071.6,0.001,0,0,1773329882365,False,True
0,2070.45,0.001,0,0,1773329885879,False,True
0,2070.44,0.001,0,0,1773329885879,False,True
0,2070.43,0.001,0,0,1773329886749,False,True
0,2069.71,0.001,0,0,1773329890397,False,True
0,2070.19,0.4,0,0,1773329904590,False,True
0,2069.67,0.11696177,0,0,1773329935355,True,True
0,2069.66,0.001,0,0,1773329941623,True,True
0,2069.69,0.001,0,0,1773329941645,True,True
0,2069.8,0.001,0,0,1773329942553,True,True
0,2070.95,5.0,0,0,1773329944476,False,True
0,2070.95,5.0,0,0,1773329944476,False,True
0,2070.66,0.00099541,0,0,1773329953197,False,True
0,2070.67,0.06576478,0,0,1773329960344,True,True
0,2070.67,0.101741,0,0,1773329960344,True,True
0,2070.67,0.23249422,0,0,1773329960346,True,True
0,2070.67,0.001,0,0,1773329960346,True,True
0,2070.69,0.001,0,0,1773329960346,True,True
0,2071.07,0.001,0,0,1773329961122,True,True
0,2072.0,0.71105054,0,0,1773329961587,True,True
0,2072.16,1.0,0,0,1773329961597,True,True
0,2072.44,0.001,0,0,1773329961863,True,True
0,2073.7,0.01456235,0,0,1773329963332,False,True
0,2073.82,1.08494624,0,0,1773329965523,False,True
0,2073.87,0.31565379,0,0,1773329967121,True,True
0,2073.9,0.001,0,0,1773329967121,True,True
0,2073.91,0.001,0,0,1773329967137,True,True
0,2073.92,0.001,0,0,1773329967137,True,True
0,2074.06,0.00114673,0,0,1773329967172,True,True
0,2074.42,3.0,0,0,1773329967172,True,True
0,2074.58,1.0,0,0,1773329969030,True,True
0,2075.0,4.87804879,0,0,1773329969121,True,True
0,2075.2,0.03776828,0,0,1773329969181,True,True
0,2075.58,0.00978014,0,0,1773329969353,False,True
0,2075.59,0.00164648,0,0,1773329969366,True,True
0,2076.18,0.0011617,0,0,1773329970242,True,True
0,2076.23,0.00356566,0,0,1773329970242,True,True
0,2076.23,0.0185878,0,0,1773329971071,True,True
0,2076.66,0.05672901,0,0,1773329971072,True,True
0,2077.56,0.00481333,0,0,1773329971142,True,True
0,2077.87,0.02438342,0,0,1773329971326,False,True
0,2077.47,0.53712196,0,0,1773329972358,False,True
0,2077.46,0.07144213,0,0,1773329972358,False,True
0,2077.88,0.45383915,0,0,1773329973342,True,True
0,2078.92,0.0134266,0,0,1773329974920,True,True
0,2079.17,0.00172581,0,0,1773329975879,True,True
0,2079.65,0.25193423,0,0,1773329975879,True,True
0,2079.65,0.08268758,0,0,1773329975882,True,True
0,2079.65,0.22118597,0,0,1773329975882,True,True
0,2079.13,0.001,0,0,1773329976354,False,True
0,2079.12,0.001,0,0,1773329976354,False,True
0,2079.06,2.69223244,0,0,1773329976354,False,True
0,2079.22,0.001,0,0,1773329979080,False,True
0,2079.17,0.00599199,0,0,1773329979080,False,True
0,2079.77,0.00140659,0,0,1773329983760,True,True
0,2080.0,0.00240384,0,0,1773329983760,True,True
0,2080.0,0.2254997,0,0,1773329983760,True,True
0,2080.0,0.00897751,0,0,1773329988294,True,True
0,2080.0,0.00102105,0,0,1773329990210,True,True
0,2080.0,1.04362193,0,0,1773329990283,True,True
0,2080.0,1.0,0,0,1773329990283,True,True
0,2080.09,0.5737,0,0,1773329991290,False,True
0,2080.09,0.60432144,0,0,1773329991290,False,True
0,2080.1,0.01055428,0,0,1773329991424,True,True
0,2080.8,0.0083646,0,0,1773329992099,True,True
0,2080.8,1.0,0,0,1773329992099,True,True
0,2081.57,0.24980177,0,0,1773329992758,True,True
0,2082.02,0.5737,0,0,1773330000006,True,True
0,2082.06,0.5737,0,0,1773330000006,True,True
0,2082.07,0.7204,0,0,1773330000006,True,True
0,2082.07,1.0,0,0,1773330000006,True,True
0,2082.21,7.994,0,0,1773330000006,True,True
0,2082.25,0.00300894,0,0,1773330000006,True,True
0,2082.27,0.5737,0,0,1773330000006,True,True
0,2082.49,0.5737,0,0,1773330000006,True,True
0,2082.49,15.91020058,0,0,1773330000006,True,True
0,2082.35,0.00174452,0,0,1773330000396,True,True
0,2081.62,0.42403674,0,0,1773330001586,False,True
0,2081.57,0.001,0,0,1773330002376,False,True
0,2081.17,0.001,0,0,1773330002926,False,True
0,2080.67,0.001,0,0,1773330002926,False,True
0,2080.09,0.9166631,0,0,1773330002926,False,True
0,2079.96,1.0669858,0,0,1773330002926,False,True
0,2080.15,0.4,0,0,1773330005492,False,True
0,2081.61,0.42690839,0,0,1773330008742,True,True
0,2081.43,0.00465271,0,0,1773330009439,True,True
0,2080.41,0.001,0,0,1773330019017,False,True
0,2080.4,0.001,0,0,1773330019085,False,True
0,2079.85,0.03611798,0,0,1773330019299,False,True
0,2079.26,0.001,0,0,1773330019487,False,True
0,2079.24,0.001,0,0,1773330019487,False,True
0,2078.92,0.68457075,0,0,1773330019487,False,True
0,2078.92,1.31542925,0,0,1773330019492,False,True
0,2078.65,0.001,0,0,1773330022297,False,True
0,2078.28,0.00197906,0,0,1773330023813,False,True
0,2078.3,2.0,0,0,1773330029509,False,True
0,2078.63,0.00049679,0,0,1773330032263,False,True
0,2078.64,0.00046821,0,0,1773330034771,True,True
0,2077.74,0.11847344,0,0,1773330047186,True,True
0,2077.21,0.001,0,0,1773330050026,True,True
0,2077.21,0.00035261,0,0,1773330050026,True,True
0,2077.02,0.001,0,0,1773330052069,False,True
0,2076.67,0.00467274,0,0,1773330052581,True,True
0,2076.09,0.00064739,0,0,1773330068198,True,True
0,2076.09,0.00071057,0,0,1773330068198,True,True
0,2076.26,0.001,0,0,1773330072295,False,True
0,2076.27,0.00053179,0,0,1773330073035,True,True
0,2076.27,0.00017649,0,0,1773330073035,True,True
0,2076.27,0.00082351,0,0,1773330073228,True,True
0,2076.53,0.001,0,0,1773330073232,True,True
0,2076.59,0.4,0,0,1773330073232,True,True
0,2077.34,0.001,0,0,1773330073297,False,True
0,2076.78,0.06104027,0,0,1773330077160,True,True
0,2077.0,0.001,0,0,1773330080426,False,True
0,2076.35,0.001,0,0,1773330081302,False,True
0,2076.52,0.00028943,0,0,1773330086260,True,True
0,2076.52,0.001,0,0,1773330086260,True,True
0,2076.52,7.232e-05,0,0,1773330086260,True,True
0,2075.89,0.00194561,0,0,1773330091874,False,True
0,2075.52,0.50811334,0,0,1773330095350,False,True
0,2075.52,0.5737,0,0,1773330095350,False,True
0,2075.52,0.02696666,0,0,1773330095350,False,True
0,2075.36,0.00092768,0,0,1773330103344,True,True
0,2075.36,0.00043905,0,0,1773330103344,True,True
0,2075.35,0.0013136,0,0,1773330104621,False,True
0,2074.19,0.0463672,0,0,1773330104621,False,True
0,2072.86,0.00141942,0,0,1773330109801,True,True
0,2072.65,0.779591,0,0,1773330111040,False,True
0,2072.31,2.0,0,0,1773330111042,False,True
0,2072.22,0.76900756,0,0,1773330111042,False,True
0,2072.22,1.96444029,0,0,1773330111045,False,True
0,2072.22,0.00818415,0,0,1773330111046,False,True
0,2072.13,3.7954128,0,0,1773330111048,False,True
0,2071.69,0.03093698,0,0,1773330111056,False,True
0,2071.69,0.10583043,0,0,1773330111058,False,True
0,2071.69,0.24232115,0,0,1773330111058,False,True
0,2071.68,2.791773,0,0,1773330111058,False,True
0,2071.62,0.10981225,0,0,1773330111059,False,True
0,2071.59,0.00948537,0,0,1773330111076,False,True
0,2071.19,0.00482814,0,0,1773330111076,False,True
0,2071.14,2.991671,0,0,1773330111076,False,True
0,2071.09,0.02321631,0,0,1773330111076,False,True
0,2070.78,0.5737,0,0,1773330111104,False,True
0,2070.57,0.1271,0,0,1773330111104,False,True
0,2072.15,2.0,0,0,1773330111110,False,True
0,2070.26,0.07343402,0,0,1773330114571,True,True
0,2069.95,0.00083265,0,0,1773330114913,False,True
0,2069.95,0.01172421,0,0,1773330114913,False,True
0,2070.26,0.02976686,0,0,1773330115522,True,True
0,2070.26,2.89679912,0,0,1773330116408,True,True
0,2071.52,0.0928428,0,0,1773330116791,True,True
0,2071.71,0.5544,0,0,1773330117457,True,True
0,2073.11,2.94800786,0,0,1773330118092,True,True
0,2073.11,0.05199214,0,0,1773330118106,True,True
0,2073.47,0.13798823,0,0,1773330118469,True,True
0,2073.47,0.16155192,0,0,1773330118469,True,True
0,2073.47,0.10089502,0,0,1773330118469,True,True
0,2073.47,0.13377252,0,0,1773330118469,True,True
0,2073.47,0.38283203,0,0,1773330118470,True,True
0,2073.47,0.10543489,0,0,1773330118470,True,True
0,2073.47,0.80447774,0,0,1773330118470,True,True
0,2073.47,0.17588328,0,0,1773330118472,True,True
0,2073.47,0.21330301,0,0,1773330118472,True,True
0,2073.47,0.26681109,0,0,1773330118472,True,True
0,2073.47,0.1589103,0,0,1773330118472,True,True
0,2073.47,0.10318964,0,0,1773330118474,True,True
0,2073.47,0.1187276,0,0,1773330118474,True,True
0,2073.47,0.07418769,0,0,1773330118484,True,True
0,2073.47,0.02709046,0,0,1773330118485,True,True
0,2073.47,0.13336914,0,0,1773330118486,True,True
0,2073.47,6.3898026,0,0,1773330118487,True,True
0,2075.08,0.001,0,0,1773330121429,False,True
0,2075.08,0.001,0,0,1773330121431,False,True
0,2075.35,0.0013745,0,0,1773330123350,False,True
0,2075.35,0.001,0,0,1773330123943,True,True
0,2075.36,0.00176087,0,0,1773330124907,True,True
0,2075.36,0.39823913,0,0,1773330125937,True,True
0,2075.52,0.0226,0,0,1773330131752,False,True
0,2075.09,0.001,0,0,1773330136593,False,True
0,2074.68,0.0008709,0,0,1773330136593,False,True
0,2074.49,0.001,0,0,1773330145306,False,True
0,2074.84,0.001,0,0,1773330148535,True,True
0,2076.48,0.00476816,0,0,1773330149032,True,True
0,2076.06,0.4,0,0,1773330156968,False,True
0,2076.09,0.5985,0,0,1773330158999,True,True
0,2076.58,0.001,0,0,1773330160326,True,True
0,2076.58,0.00036801,0,0,1773330167675,True,True
0,2077.01,0.001,0,0,1773330169898,True,True
0,2077.53,0.00579344,0,0,1773330169898,True,True
0,2077.11,0.00446553,0,0,1773330172303,True,True
0,2077.1,0.009451,0,0,1773330173519,True,True
0,2076.77,0.001,0,0,1773330180055,False,True
0,2076.76,0.001,0,0,1773330180055,False,True
0,2076.73,0.0230691,0,0,1773330180055,False,True
0,2076.84,0.001,0,0,1773330184693,True,True
0,2076.85,0.001,0,0,1773330184693,True,True
0,2077.79,0.00136173,0,0,1773330187535,True,True
0,2078.69,0.001,0,0,1773330195246,False,True
0,2077.98,0.001,0,0,1773330196283,False,True
0,2077.97,0.001,0,0,1773330196283,False,True
0,2076.93,0.00258591,0,0,1773330204629,False,True
0,2078.56,0.00135654,0,0,1773330205871,True,True
0,2078.7,0.10447893,0,0,1773330205871,True,True
0,2078.4,0.61306473,0,0,1773330206786,False,True
0,2076.77,0.015,0,0,1773330232098,False,True
0,2075.97,0.00097902,0,0,1773330242200,True,True
0,2075.12,0.001,0,0,1773330243522,False,True
0,2075.11,0.001,0,0,1773330243522,False,True
0,2074.76,0.02626295,0,0,1773330243522,False,True
0,2074.78,0.00807631,0,0,1773330248832,False,True
0,2074.89,0.001,0,0,1773330257297,False,True
0,2074.9,0.5019,0,0,1773330264740,True,True
0,2074.9,0.001,0,0,1773330264740,True,True
0,2074.9,0.4,0,0,1773330264740,True,True
0,2074.92,0.001,0,0,1773330264740,True,True
0,2076.0,0.09423008,0,0,1773330278738,True,True
0,2075.95,1.5,0,0,1773330282809,True,True
0,2075.36,0.01059755,0,0,1773330290449,True,True
0,2074.83,0.001,0,0,1773330292454,False,True
0,2074.82,0.001,0,0,1773330292454,False,True
0,2074.81,0.001,0,0,1773330292454,False,True
0,2074.8,0.00433218,0,0,1773330292454,False,True
0,2074.81,0.00279275,0,0,1773330301235,True,True
0,2074.83,0.07229612,0,0,1773330303883,True,True
0,2074.7,0.4,0,0,1773330308494,False,True
0,2075.74,0.00097517,0,0,1773330317984,False,True
0,2075.99,0.001,0,0,1773330323989,True,True
0,2076.0,1.00271,0,0,1773330323989,True,True
0,2076.75,0.116435,0,0,1773330330182,True,True
0,2076.74,0.41434944,0,0,1773330332901,False,True
0,2075.21,0.41965,0,0,1773330340173,False,True
0,2075.55,0.001,0,0,1773330347133,True,True
0,2075.56,0.001,0,0,1773330347164,True,True
0,2075.57,0.001,0,0,1773330347164,True,True
0,2076.59,0.001,0,0,1773330347211,False,True
0,2076.56,0.00107781,0,0,1773330348650,False,True
0,2076.78,0.02567203,0,0,1773330354390,True,True
0,2076.79,0.01270151,0,0,1773330357542,True,True
0,2076.79,0.01270151,0,0,1773330357542,True,True
0,2076.79,0.48919849,0,0,1773330357980,True,True
0,2077.64,0.4,0,0,1773330358879,False,True
0,2077.96,0.0124,0,0,1773330365313,True,True
0,2077.94,0.5014,0,0,1773330368886,False,True
0,2077.42,0.00086039,0,0,1773330370100,False,True
0,2077.43,0.00070084,0,0,1773330370333,True,True
0,2077.96,0.4895,0,0,1773330378101,True,True
0,2078.22,0.13740073,0,0,1773330379438,True,True
0,2077.88,0.00113297,0,0,1773330380495,False,True
0,2077.58,0.001,0,0,1773330385050,False,True
0,2077.57,0.001,0,0,1773330385050,False,True
0,2077.23,0.00470781,0,0,1773330387998,True,True
0,2076.36,0.001,0,0,1773330392403,False,True
0,2076.35,0.001,0,0,1773330392403,False,True
0,2076.34,0.001,0,0,1773330392406,False,True
0,2075.25,0.01,0,0,1773330393940,False,True
0,2074.99,0.01,0,0,1773330398770,False,True
0,2074.08,0.01501735,0,0,1773330400683,True,True
0,2074.07,0.02516597,0,0,1773330401026,False,True
0,2073.92,0.00056095,0,0,1773330401051,False,True
0,2073.92,0.00043905,0,0,1773330401051,False,True
0,2071.9,0.00046729,0,0,1773330418879,True,True
0,2071.89,0.00056095,0,0,1773330420516,False,True
0,2071.89,0.00043905,0,0,1773330420516,False,True
0,2071.46,0.04195492,0,0,1773330420728,False,True
0,2071.14,2.0,0,0,1773330420785,False,True
0,2070.71,0.001,0,0,1773330420935,True,True
0,2070.41,0.01,0,0,1773330422083,True,True
0,2070.0,0.04830917,0,0,1773330425967,False,True
0,2069.8,0.7247,0,0,1773330425971,False,True
0,2070.0,0.00475952,0,0,1773330426037,True,True
0,2069.76,0.00099605,0,0,1773330426041,False,True
0,2069.76,0.00014942,0,0,1773330426041,False,True
0,2069.38,0.58939835,0,0,1773330426084,True,True
0,2068.83,0.5737,0,0,1773330426407,False,True
0,2068.82,2.0,0,0,1773330426407,False,True
0,2068.82,7.6263,0,0,1773330426407,False,True
0,2069.14,1.09055608,0,0,1773330426974,True,True
0,2068.8,0.00459333,0,0,1773330427087,True,True
0,2068.58,0.01236659,0,0,1773330428190,False,True
0,2069.0,0.001,0,0,1773330434677,True,True
0,2069.02,0.001,0,0,1773330434677,True,True
0,2069.85,0.00232346,0,0,1773330436236,True,True
0,2071.44,0.00289996,0,0,1773330441151,True,True
0,2071.75,0.5875236,0,0,1773330445490,False,True
0,2071.75,1.64119663,0,0,1773330445490,False,True
0,2071.75,0.23282752,0,0,1773330445490,False,True
0,2071.57,0.07021675,0,0,1773330448505,True,True
0,2070.37,1.0,0,0,1773330464725,False,True
0,2070.25,0.01,0,0,1773330464774,False,True
0,2069.77,0.001,0,0,1773330465031,False,True
0,2069.76,0.001,0,0,1773330465031,False,True
0,2069.32,0.00803,0,0,1773330465031,False,True
0,2069.09,0.001,0,0,1773330465293,False,True
0,2069.09,0.001,0,0,1773330465303,False,True
0,2069.02,0.001,0,0,1773330481920,True,True
0,2069.03,0.001,0,0,1773330481920,True,True
0,2069.55,1.02320092,0,0,1773330481941,True,True
0,2069.55,0.26465615,0,0,1773330481943,True,True
0,2069.55,0.35523097,0,0,1773330481943,True,True
0,2069.55,0.17282441,0,0,1773330481945,True,True
0,2069.55,0.11425458,0,0,1773330481946,True,True
0,2070.25,3.0,0,0,1773330487554,True,True
0,2071.08,0.4,0,0,1773330489471,True,True
0,2072.37,0.5,0,0,1773330490000,True,True
0,2072.88,0.5,0,0,1773330492017,True,True
0,2073.04,0.5,0,0,1773330494033,True,True
0,2072.29,0.5,0,0,1773330496049,True,True
0,2072.51,0.5,0,0,1773330498065,True,True
0,2072.72,0.00075032,0,0,1773330498530,True,True
0,2072.97,0.5,0,0,1773330500081,True,True
0,2073.2,0.001,0,0,1773330502097,True,True
0,2074.08,0.03204578,0,0,1773330502612,True,True
0,2074.08,0.20160249,0,0,1773330505275,False,True
0,2074.08,0.10596123,0,0,1773330505275,False,True
0,2074.08,0.12083883,0,0,1773330505276,False,True
0,2074.08,0.03855167,0,0,1773330505277,False,True
0,2073.19,0.5,0,0,1773330507294,True,True
0,2073.75,0.4,0,0,1773330510397,False,True
0,2074.03,0.1,0,0,1773330510729,True,True
0,2074.09,0.5,0,0,1773330512746,True,True
0,2073.06,0.00062588,0,0,1773330521538,False,True
0,2073.32,0.52180999,0,0,1773330537087,True,True
0,2073.33,0.001,0,0,1773330537087,True,True
0,2073.35,0.001,0,0,1773330537087,True,True
0,2073.45,0.41044906,0,0,1773330537087,True,True
0,2073.01,0.01447179,0,0,1773330537722,False,True
0,2073.33,0.06028919,0,0,1773330539423,True,True
0,2073.35,2.31551006,0,0,1773330539423,True,True
0,2073.19,0.0066565,0,0,1773330548476,False,True
0,2073.18,0.001,0,0,1773330555842,True,True
0,2073.34,0.00475484,0,0,1773330562113,False,True
0,2073.58,1.80091406,0,0,1773330575345,False,True
0,2073.58,0.00101944,0,0,1773330590082,False,True
0,2073.58,8.16247555,0,0,1773330590740,False,True
0,2073.58,0.29675281,0,0,1773330590974,False,True
0,2073.17,0.001,0,0,1773330591047,False,True
0,2073.0,0.97312108,0,0,1773330591058,False,True
0,2073.0,8.78727909,0,0,1773330591058,False,True
0,2073.0,1.51272091,0,0,1773330591150,False,True
0,2072.99,0.001,0,0,1773330591150,False,True
0,2072.98,0.001,0,0,1773330591283,False,True
0,2072.71,0.00847151,0,0,1773330603991,True,True
0,2072.97,0.0243519,0,0,1773330610375,False,True
0,2072.97,0.00052979,0,0,1773330615808,False,True
0,2072.98,0.001,0,0,1773330616574,True,True
0,2072.98,0.4,0,0,1773330616574,True,True
0,2074.08,0.09647947,0,0,1773330617465,True,True
0,2073.67,0.04918815,0,0,1773330640933,False,True
0,2073.67,0.2814937,0,0,1773330646976,False,True
0,2073.67,0.58222864,0,0,1773330646976,False,True
0,2073.13,0.001,0,0,1773330647471,False,True
0,2073.12,0.001,0,0,1773330647471,False,True
0,2072.65,0.00849646,0,0,1773330647481,True,True
0,2072.59,0.001,0,0,1773330655264,False,True
0,2072.58,0.001,0,0,1773330655264,False,True
0,2072.67,0.4,0,0,1773330667370,True,True
0,2072.67,0.04710987,0,0,1773330667370,True,True
0,2072.75,0.001,0,0,1773330667560,True,True
0,2072.76,0.001,0,0,1773330667560,True,True
0,2072.77,0.001,0,0,1773330667560,True,True
0,2072.97,0.00108008,0,0,1773330672590,True,True
0,2072.61,0.001,0,0,1773330675539,False,True
0,2072.6,0.001,0,0,1773330675539,False,True
0,2071.37,0.001,0,0,1773330682660,True,True
0,2071.38,0.001,0,0,1773330682660,True,True
0,2071.39,0.001,0,0,1773330682660,True,True
0,2072.37,0.00241242,0,0,1773330684168,True,True
0,2072.36,0.00107534,0,0,1773330692191,True,True
0,2070.11,0.00085058,0,0,1773330703439,True,True
0,2070.11,0.00014942,0,0,1773330703439,True,True
0,2071.08,0.4,0,0,1773330712274,False,True
0,2071.17,0.61740531,0,0,1773330713607,False,True
0,2071.09,24.14183382,0,0,1773330713607,False,True
0,2071.08,13.534,0,0,1773330713607,False,True
0,2071.07,24.147,0,0,1773330713607,False,True
0,2071.07,12.07102063,0,0,1773330713607,False,True
0,2071.03,21.214,0,0,1773330713607,False,True
0,2070.93,0.77334785,0,0,1773330713607,False,True
0,2070.91,1.44454008,0,0,1773330713607,False,True
0,2071.19,0.001,0,0,1773330723663,True,True
0,2071.2,0.001,0,0,1773330723665,True,True
0,2072.95,0.001,0,0,1773330745580,False,True
0,2072.53,0.0165,0,0,1773330746500,True,True
0,2072.43,0.001,0,0,1773330758722,False,True
0,2072.04,1.27607294,0,0,1773330762449,True,True
0,2072.04,0.5875236,0,0,1773330762449,True,True
0,2072.04,0.72449061,0,0,1773330762449,True,True
0,2072.04,0.5737,0,0,1773330762449,True,True
0,2072.15,0.04893722,0,0,1773330762449,True,True
0,2072.16,2.55274678,0,0,1773330762449,True,True
0,2072.17,7.294,0,0,1773330762449,True,True
0,2072.28,0.11297494,0,0,1773330762449,True,True
0,2072.03,0.001,0,0,1773330762948,False,True
0,2072.03,8.008e-05,0,0,1773330762948,False,True
0,2072.03,0.001,0,0,1773330765281,True,True
0,2072.04,0.04723554,0,0,1773330765281,True,True
0,2072.02,0.001,0,0,1773330772191,True,True
0,2072.04,0.0003996,0,0,1773330772191,True,True
0,2072.04,0.35236486,0,0,1773330776380,True,True
0,2072.76,0.11422454,0,0,1773330777335,True,True
0,2073.48,15.094,0,0,1773330785221,False,True
0,2073.35,24.11556177,0,0,1773330785221,False,True
0,2073.34,0.5875236,0,0,1773330785221,False,True
0,2073.27,6.52678275,0,0,1773330785221,False,True
0,2074.09,0.09642783,0,0,1773330787710,True,True
0,2074.33,0.5737,0,0,1773330791584,True,True
0,2074.33,0.12918699,0,0,1773330791584,True,True
0,2074.32,0.001,0,0,1773330792150,False,True
0,2074.31,0.001,0,0,1773330792150,False,True
0,2073.85,0.5737,0,0,1773330792446,True,True
0,2073.9,3.57333153,0,0,1773330792446,True,True
0,2073.8,0.00099285,0,0,1773330800650,False,True
0,2074.24,0.08897317,0,0,1773330819844,False,True
0,2074.25,0.00696431,0,0,1773330820115,True,True
0,2073.81,0.04822042,0,0,1773330825071,False,True
0,2073.8,0.001,0,0,1773330825249,False,True
0,2073.79,0.001,0,0,1773330825249,False,True
0,2073.78,0.001,0,0,1773330825249,False,True
0,2073.37,7.29,0,0,1773330827226,True,True
0,2073.39,17.71,0,0,1773330827226,True,True
0,2073.37,0.006,0,0,1773330827540,True,True
0,2072.47,0.001,0,0,1773330831071,False,True
0,2072.46,0.001,0,0,1773330831071,False,True
0,2071.73,0.5737,0,0,1773330833698,False,True
0,2071.73,0.61074524,0,0,1773330833698,False,True
0,2071.73,0.19250476,0,0,1773330833698,False,True
0,2071.73,0.00053877,0,0,1773330835825,False,True
0,2071.74,0.001,0,0,1773330840850,True,True
0,2071.75,0.001,0,0,1773330840850,True,True
0,2071.76,0.001,0,0,1773330840850,True,True
0,2072.3,0.001,0,0,1773330847292,False,True
0,2071.61,0.58101044,0,0,1773330848849,True,True
0,2071.62,0.00571796,0,0,1773330848849,True,True
0,2071.71,18.86172469,0,0,1773330848849,True,True
0,2071.79,24.124,0,0,1773330848849,True,True
0,2071.83,7.294,0,0,1773330848849,True,True
0,2071.86,18.091,0,0,1773330848849,True,True
0,2071.88,0.5737,0,0,1773330848849,True,True
0,2072.02,0.20137379,0,0,1773330848849,True,True
0,2071.38,0.4,0,0,1773330867336,True,True
0,2072.23,0.00960741,0,0,1773330869528,True,True
0,2072.83,0.5,0,0,1773330883179,False,True
0,2073.88,0.00719892,0,0,1773330886541,True,True
0,2073.87,0.3417291,0,0,1773330887221,True,True
0,2073.53,0.36191036,0,0,1773330902068,False,True
0,2073.07,0.00477406,0,0,1773330906352,True,True
0,2072.3,0.001,0,0,1773330919454,False,True
0,2071.9,0.07976524,0,0,1773330928668,True,True
0,2071.89,0.13011308,0,0,1773330934314,False,True
0,2071.46,0.001,0,0,1773330962705,True,True
0,2071.62,0.001,0,0,1773330984909,True,True
0,2071.63,0.001,0,0,1773330984909,True,True
0,2071.66,0.05240938,0,0,1773330984909,True,True
0,2071.66,0.00211163,0,0,1773331004406,True,True
0,2071.66,0.34547899,0,0,1773331008422,True,True
0,2071.66,0.001,0,0,1773331008422,True,True
0,2071.67,0.001,0,0,1773331008422,True,True
0,2071.68,0.001,0,0,1773331008422,True,True
0,2071.9,0.04124031,0,0,1773331009000,True,True
0,2072.01,0.001,0,0,1773331010019,True,True
0,2072.64,0.35453075,0,0,1773331010019,True,True
0,2072.71,0.85616925,0,0,1773331010019,True,True
0,2072.24,0.01190929,0,0,1773331014743,False,True
0,2072.57,0.01172575,0,0,1773331020808,False,True
0,2072.61,0.4,0,0,1773331034339,True,True
0,2073.39,0.001,0,0,1773331042581,False,True
0,2073.17,0.001,0,0,1773331043017,False,True
0,2072.44,0.08287532,0,0,1773331071660,True,True
0,2071.89,0.30374985,0,0,1773331072118,False,True
0,2071.58,0.001,0,0,1773331074693,False,True
0,2071.57,0.001,0,0,1773331074704,False,True
0,2071.09,0.0099899,0,0,1773331078488,False,True
0,2071.0,0.017,0,0,1773331079246,True,True
0,2070.99,0.00999039,0,0,1773331082013,False,True
0,2070.29,0.001,0,0,1773331082786,False,True
0,2070.28,0.001,0,0,1773331082786,False,True
0,2070.04,0.001,0,0,1773331082860,False,True
0,2069.9,5.431e-05,0,0,1773331082929,True,True
0,2069.9,0.00094569,0,0,1773331082929,True,True
0,2069.89,0.0099957,0,0,1773331094529,False,True
0,2069.89,0.23270507,0,0,1773331094529,False,True
0,2069.29,0.04000048,0,0,1773331096280,True,True
0,2069.4,0.5737,0,0,1773331097020,True,True
0,2069.41,0.677394,0,0,1773331097020,True,True
0,2069.07,0.00070389,0,0,1773331105737,False,True
0,2068.96,0.00676491,0,0,1773331120278,False,True
0,2069.3,0.001,0,0,1773331121715,True,True
0,2069.3,0.12038404,0,0,1773331121715,True,True
0,2069.24,0.00250494,0,0,1773331125158,True,True
0,2069.3,0.017,0,0,1773331132820,True,True
0,2069.3,0.26261596,0,0,1773331140580,True,True
0,2069.31,0.001,0,0,1773331140580,True,True
0,2069.32,0.001,0,0,1773331140580,True,True
0,2070.0,2.5,0,0,1773331140916,True,True
0,2071.17,0.32260904,0,0,1773331143301,True,True
0,2072.15,0.001,0,0,1773331145899,True,True
0,2074.14,0.01,0,0,1773331153258,True,True
0,2073.23,0.11880275,0,0,1773331166181,True,True
0,2073.22,0.00109432,0,0,1773331168857,False,True
0,2073.22,0.001,0,0,1773331170295,False,True
0,2073.21,0.001,0,0,1773331175993,True,True
0,2073.23,0.0034309,0,0,1773331175993,True,True
0,2073.21,0.001,0,0,1773331180474,True,True
0,2073.23,0.13982895,0,0,1773331180474,True,True
0,2072.73,0.001,0,0,1773331194086,True,True
0,2073.06,0.00022992,0,0,1773331194086,True,True
0,2072.86,0.01182409,0,0,1773331200149,True,True
0,2072.85,0.23857431,0,0,1773331202861,False,True
0,2072.52,0.22050923,0,0,1773331204141,False,True
0,2072.47,0.001,0,0,1773331205120,False,True
0,2071.99,0.002,0,0,1773331205344,True,True
0,2071.99,0.753,0,0,1773331205344,True,True
0,2071.99,0.00475296,0,0,1773331206361,True,True
0,2072.87,0.01284576,0,0,1773331210049,True,True
0,2072.34,0.01648482,0,0,1773331212517,False,True
0,2072.56,0.02416288,0,0,1773331212945,True,True
0,2072.23,0.001,0,0,1773331216211,False,True
0,2072.02,0.005118,0,0,1773331216485,True,True
0,2072.02,0.05943606,0,0,1773331217036,True,True
0,2072.02,0.00950734,0,0,1773331217226,True,True
0,2072.01,0.001,0,0,1773331219331,False,True
0,2071.73,0.019479,0,0,1773331219331,False,True
0,2071.62,0.001,0,0,1773331222646,False,True
0,2071.33,0.01922,0,0,1773331222646,False,True
0,2071.66,0.019969,0,0,1773331225938,False,True
0,2071.67,0.0711998,0,0,1773331227759,True,True
0,2072.04,0.24914652,0,0,1773331227759,True,True
0,2071.68,0.019723,0,0,1773331229239,False,True
0,2072.02,0.00936581,0,0,1773331229629,True,True
0,2071.65,0.00123916,0,0,1773331230432,False,True
0,2071.86,0.001,0,0,1773331230779,True,True
0,2071.93,0.00367303,0,0,1773331230779,True,True
0,2071.43,0.00095512,0,0,1773331236648,False,True
0,2070.95,0.0047334,0,0,1773331248212,True,True
0,2071.61,0.0469704,0,0,1773331253825,True,True
0,2070.61,0.07229612,0,0,1773331262101,False,True
0,2070.62,0.001,0,0,1773331266336,True,True
0,2070.63,0.001,0,0,1773331266336,True,True
0,2070.64,0.001,0,0,1773331266336,True,True
0,2071.45,0.1522574,0,0,1773331266336,True,True
0,2071.23,0.4,0,0,1773331267496,False,True
0,2071.53,0.00101351,0,0,1773331280785,False,True
0,2071.78,0.20362152,0,0,1773331283414,False,True
0,2071.96,0.001,0,0,1773331288342,True,True
0,2072.63,0.00872202,0,0,1773331291772,False,True
0,2073.0,0.04771084,0,0,1773331294343,True,True
0,2072.69,0.10274356,0,0,1773331304641,True,True
0,2072.78,0.001,0,0,1773331312481,False,True
0,2072.77,0.001,0,0,1773331312499,False,True
0,2072.76,0.001,0,0,1773331312499,False,True
0,2071.31,0.001,0,0,1773331319223,True,True
0,2071.54,0.01094716,0,0,1773331319223,True,True
0,2071.63,0.001,0,0,1773331320487,True,True
0,2071.66,0.12710184,0,0,1773331320487,True,True
0,2071.73,0.4,0,0,1773331320682,True,True
0,2072.36,0.0022004,0,0,1773331323304,False,True
0,2072.8,0.07240326,0,0,1773331325455,True,True
0,2073.0,0.00072073,0,0,1773331331201,True,True
0,2072.35,0.001,0,0,1773331339510,False,True
0,2071.51,0.001,0,0,1773331346365,False,True
0,2071.5,0.001,0,0,1773331346365,False,True
0,2071.18,0.00106142,0,0,1773331346732,True,True
0,2070.72,0.001,0,0,1773331355032,True,True
0,2071.21,0.00015076,0,0,1773331355032,True,True
0,2070.18,0.09974448,0,0,1773331365709,False,True
0,2070.03,0.001,0,0,1773331367728,True,True
0,2070.03,0.001,0,0,1773331367728,True,True
0,2070.03,0.001,0,0,1773331367730,True,True
0,2070.53,0.0491,0,0,1773331376437,True,True
0,2070.53,0.3509,0,0,1773331380284,True,True
0,2070.69,0.00084924,0,0,1773331380450,True,True
0,2071.0,6.9498216,0,0,1773331380533,True,True
0,2071.0,0.1265588,0,0,1773331381219,True,True
0,2071.0,0.28678006,0,0,1773331383095,True,True
0,2071.0,0.28880267,0,0,1773331383095,True,True
0,2071.0,0.10901421,0,0,1773331383096,True,True
0,2071.0,0.19342564,0,0,1773331383096,True,True
0,2071.0,0.10536025,0,0,1773331383096,True,True
0,2071.0,0.12339738,0,0,1773331383097,True,True
0,2071.0,0.15611316,0,0,1773331383098,True,True
0,2071.0,0.10405624,0,0,1773331383101,True,True
0,2071.0,0.10929631,0,0,1773331383101,True,True
0,2071.0,1.39894211,0,0,1773331383176,True,True
0,2072.11,0.04486694,0,0,1773331396679,True,True
0,2072.45,0.00241292,0,0,1773331420570,False,True
0,2072.46,0.001,0,0,1773331424222,True,True
0,2072.46,0.4,0,0,1773331424222,True,True
0,2072.47,0.0482516,0,0,1773331424222,True,True
0,2072.47,0.001,0,0,1773331424222,True,True
0,2072.48,0.001,0,0,1773331424222,True,True
0,2073.36,0.0011436,0,0,1773331425032,True,True
0,2073.38,0.00358488,0,0,1773331425032,True,True
0,2073.47,0.048631,0,0,1773331430342,True,True
0,2073.43,0.001,0,0,1773331431307,False,True
0,2073.4,0.0004982,0,0,1773331456990,False,True
0,2073.58,0.00113717,0,0,1773331457660,True,True
0,2073.6,0.001,0,0,1773331464276,True,True
0,2074.02,0.00338824,0,0,1773331464276,True,True
0,2074.1,0.08800531,0,0,1773331467497,False,True
0,2073.78,0.00369203,0,0,1773331476916,False,True
0,2073.82,0.17012138,0,0,1773331477810,False,True
0,2074.17,0.61551423,0,0,1773331490800,True,True
0,2074.18,0.04180496,0,0,1773331490800,True,True
0,2074.2,0.15514706,0,0,1773331490800,True,True
0,2074.25,0.4,0,0,1773331501270,True,True
0,2075.0,24.95160627,0,0,1773331504873,True,True
0,2075.0,0.02902,0,0,1773331504873,True,True
0,2075.58,0.10057495,0,0,1773331511665,False,True
0,2076.35,0.043672,0,0,1773331519104,False,True
0,2076.64,0.4,0,0,1773331519614,False,True
0,2077.29,0.01198677,0,0,1773331523846,True,True
0,2077.35,0.00415068,0,0,1773331524998,False,True
0,2077.47,0.001,0,0,1773331532447,False,True
0,2076.07,0.11248671,0,0,1773331542745,False,True
0,2075.42,0.001,0,0,1773331543892,False,True
0,2075.41,0.001,0,0,1773331543892,False,True
0,2075.06,0.001,0,0,1773331543907,False,True
0,2074.6,0.001,0,0,1773331550479,True,True
0,2074.61,0.00252553,0,0,1773331550479,True,True
0,2074.15,0.00330337,0,0,1773331555554,True,True
0,2073.79,0.00469138,0,0,1773331560499,True,True
0,2073.78,0.02081394,0,0,1773331561151,False,True
0,2073.74,0.001,0,0,1773331561228,False,True
0,2073.53,0.001,0,0,1773331566809,False,True
0,2073.02,0.4,0,0,1773331570058,False,True
0,2074.16,0.01545009,0,0,1773331575703,False,True
0,2073.56,0.001,0,0,1773331583489,False,True
0,2073.14,0.001,0,0,1773331583940,False,True
0,2072.81,0.00079576,0,0,1773331584375,False,True
0,2072.81,0.00020424,0,0,1773331585754,False,True
0,2071.82,0.11342456,0,0,1773331587914,True,True
0,2071.81,0.16193252,0,0,1773331588088,True,True
0,2071.81,0.01282983,0,0,1773331588088,True,True
0,2071.05,0.001,0,0,1773331593746,False,True
0,2070.03,0.12907179,0,0,1773331595577,False,True
0,2069.59,0.00062483,0,0,1773331595597,False,True
0,2069.59,0.00037517,0,0,1773331595597,False,True
0,2069.37,0.25560108,0,0,1773331595612,False,True
0,2069.37,0.06871003,0,0,1773331595651,False,True
0,2068.77,0.5737,0,0,1773331595919,True,True
0,2068.78,0.51422765,0,0,1773331596112,True,True
0,2068.77,0.12543841,0,0,1773331596274,False,True
0,2068.77,0.69913841,0,0,1773331596274,False,True
0,2068.19,0.00483514,0,0,1773331596542,False,True
0,2068.07,0.00115824,0,0,1773331596542,False,True
0,2067.89,10.29400662,0,0,1773331596542,False,True
0,2067.68,0.60239727,0,0,1773331601623,True,True
0,2067.69,0.48219141,0,0,1773331603126,False,True
0,2067.55,0.31565379,0,0,1773331603140,False,True
0,2067.36,0.57341315,0,0,1773331603143,True,True
0,2067.35,0.001,0,0,1773331606312,True,True
0,2067.56,0.00388613,0,0,1773331606312,True,True
0,2067.71,0.001,0,0,1773331614140,True,True
0,2067.72,0.00055703,0,0,1773331614140,True,True
0,2067.32,0.02596023,0,0,1773331621284,False,True
0,2067.02,0.00095797,0,0,1773331623668,False,True
0,2067.38,0.05,0,0,1773331625546,True,True
0,2067.02,4.203e-05,0,0,1773331626760,False,True
0,2066.54,0.0297986,0,0,1773331626802,False,True
0,2065.74,0.00474243,0,0,1773331628302,True,True
0,2065.73,0.00057484,0,0,1773331629232,False,True
0,2065.73,0.00085236,0,0,1773331629232,False,True
0,2065.08,0.00419543,0,0,1773331631380,False,True
0,2065.09,0.03898,0,0,1773331631431,False,True
0,2065.04,0.53795902,0,0,1773331634235,True,True
0,2065.04,0.5657153,0,0,1773331634235,True,True
0,2065.0,0.04926876,0,0,1773331634846,False,True
0,2064.52,1.8044342,0,0,1773331634975,True,True
0,2064.4,0.001,0,0,1773331635082,False,True
0,2064.39,0.001,0,0,1773331635082,False,True
0,2064.0,0.74476069,0,0,1773331636047,False,True
0,2064.0,0.51904176,0,0,1773331636047,False,True
0,2064.02,0.00044297,0,0,1773331642980,True,True
0,2064.4,0.001,0,0,1773331645164,True,True
0,2065.47,0.049,0,0,1773331645164,True,True
0,2064.01,0.00940678,0,0,1773331657837,True,True
0,2064.01,0.001,0,0,1773331664194,True,True
0,2064.02,0.001,0,0,1773331664194,True,True
0,2064.03,0.001,0,0,1773331664194,True,True
0,2064.75,0.00084787,0,0,1773331664324,False,True
0,2064.69,0.03049888,0,0,1773331666575,True,True
0,2064.19,0.00895823,0,0,1773331675547,True,True
0,2064.0,0.71770509,0,0,1773331677794,False,True
0,2064.0,1.02193982,0,0,1773331677794,False,True
0,2064.0,0.5005787,0,0,1773331677794,False,True
0,2063.78,0.001,0,0,1773331679489,False,True
0,2063.53,0.001,0,0,1773331679869,False,True
0,2063.51,0.001,0,0,1773331679869,False,True
0,2062.29,0.13083105,0,0,1773331684591,False,True
0,2062.07,0.00054391,0,0,1773331684996,False,True
0,2062.07,0.00045609,0,0,1773331684996,False,True
0,2061.54,0.01798329,0,0,1773331684996,False,True
0,2061.24,0.29584727,0,0,1773331691445,False,True
0,2061.24,0.02077282,0,0,1773331691448,False,True
0,2061.22,5.55715685,0,0,1773331691448,False,True
0,2061.22,2.2682325,0,0,1773331691451,False,True
0,2061.19,0.0009354,0,0,1773331691451,False,True
0,2061.19,6.46e-05,0,0,1773331691451,False,True
0,2060.99,0.27032729,0,0,1773331691463,False,True
0,2060.99,0.81901887,0,0,1773331691467,False,True
0,2060.99,5.89324305,0,0,1773331691471,False,True
0,2060.99,0.84552622,0,0,1773331691473,False,True
0,2061.06,1.31381291,0,0,1773331692094,True,True
0,2060.95,0.00241292,0,0,1773331692556,True,True
0,2060.45,0.01452362,0,0,1773331695848,True,True
0,2060.36,0.06133991,0,0,1773331701433,False,True
0,2060.88,0.35986026,0,0,1773331704187,False,True
0,2061.36,0.00047446,0,0,1773331707414,True,True
0,2061.21,0.004803,0,0,1773331720366,True,True
0,2060.92,0.001,0,0,1773331722258,False,True
0,2059.74,0.0009354,0,0,1773331722935,True,True
0,2059.74,6.46e-05,0,0,1773331722935,True,True
0,2059.66,0.0009354,0,0,1773331722936,False,True
0,2059.66,6.46e-05,0,0,1773331722936,False,True
0,2059.14,0.43694626,0,0,1773331722936,False,True
0,2059.14,0.116435,0,0,1773331722936,False,True
0,2059.08,0.00123092,0,0,1773331725188,False,True
0,2059.12,0.001,0,0,1773331732292,False,True
0,2059.13,0.001,0,0,1773331735255,True,True
0,2059.14,0.001,0,0,1773331735255,True,True
0,2059.15,0.001,0,0,1773331735255,True,True
0,2059.49,0.00172584,0,0,1773331735255,True,True
0,2059.07,0.02108032,0,0,1773331736640,False,True
0,2058.83,0.001,0,0,1773331737160,True,True
0,2058.76,0.01068301,0,0,1773331738249,False,True
0,2058.51,0.001,0,0,1773331741278,False,True
0,2058.12,8.16247555,0,0,1773331742425,False,True
0,2058.12,0.67861291,0,0,1773331742896,False,True
0,2058.12,5.53179247,0,0,1773331742896,False,True
0,2058.12,1.28294505,0,0,1773331742896,False,True
0,2058.01,0.00114673,0,0,1773331742896,False,True
0,2057.9,9.76040017,0,0,1773331742905,False,True
0,2057.9,0.1590006,0,0,1773331742908,False,True
0,2057.9,0.23874639,0,0,1773331742909,False,True
0,2057.9,0.10281206,0,0,1773331742909,False,True
0,2057.9,1.96917433,0,0,1773331742958,False,True
0,2057.9,3.42895829,0,0,1773331743033,False,True
0,2057.88,0.001,0,0,1773331743033,False,True
0,2057.61,0.001,0,0,1773331743839,False,True
0,2057.54,0.729,0,0,1773331743852,False,True
0,2057.79,9.71e-05,0,0,1773331745098,True,True
0,2057.79,0.00109752,0,0,1773331745098,True,True
0,2057.41,0.06174537,0,0,1773331750639,False,True
0,2057.41,0.10344552,0,0,1773331750639,False,True
0,2057.41,0.18243206,0,0,1773331750639,False,True
0,2057.41,0.12649133,0,0,1773331750639,False,True
0,2057.41,0.11340932,0,0,1773331750640,False,True
0,2057.4,0.0195859,0,0,1773331750640,False,True
0,2057.4,0.21949654,0,0,1773331750640,False,True
0,2057.4,0.31124686,0,0,1773331750640,False,True
0,2057.4,0.10726335,0,0,1773331750640,False,True
0,2057.4,0.05276679,0,0,1773331750641,False,True
0,2057.11,0.001,0,0,1773331751478,True,True
0,2057.52,0.001,0,0,1773331751478,True,True
0,2057.7,0.001,0,0,1773331751478,True,True
0,2057.82,0.99835967,0,0,1773331751478,True,True
0,2057.17,0.04752348,0,0,1773331753727,True,True
0,2056.71,0.0297986,0,0,1773331763350,False,True
0,2056.71,0.01501735,0,0,1773331763351,False,True
0,2056.71,0.13740073,0,0,1773331763351,False,True
0,2058.13,0.24796443,0,0,1773331771653,True,True
0,2058.55,0.4,0,0,1773331771914,False,True
0,2059.65,1.45655815,0,0,1773331772319,True,True
0,2058.72,0.001,0,0,1773331780345,False,True
0,2058.71,0.001,0,0,1773331780356,False,True
0,2058.7,0.001,0,0,1773331780356,False,True
0,2057.89,0.001,0,0,1773331783044,True,True
0,2058.04,0.00376365,0,0,1773331783044,True,True
0,2058.53,0.00961425,0,0,1773331785409,True,True
0,2059.2,0.74482774,0,0,1773331797367,False,True
0,2059.13,0.02007637,0,0,1773331805693,False,True
0,2059.13,0.19965838,0,0,1773331806041,False,True
0,2059.13,0.59247284,0,0,1773331806041,False,True
0,2059.08,0.001,0,0,1773331806060,False,True
0,2059.71,0.01130276,0,0,1773331808107,True,True
0,2059.14,0.001,0,0,1773331812126,True,True
0,2059.37,0.00612589,0,0,1773331812126,True,True
0,2059.95,0.001,0,0,1773331818980,True,True
0,2060.0,0.04892368,0,0,1773331818980,True,True
0,2060.0,15.61955293,0,0,1773331818980,True,True
0,2060.0,25.56109471,0,0,1773331818984,True,True
0,2060.0,8.81935236,0,0,1773331818985,True,True
0,2061.13,0.61306473,0,0,1773331819569,True,True
0,2061.19,0.00177274,0,0,1773331823798,True,True
0,2061.19,0.39822726,0,0,1773331825708,True,True
0,2061.22,0.001,0,0,1773331825708,True,True
0,2061.76,1.00015289,0,0,1773331826027,True,True
0,2061.86,0.001,0,0,1773331826027,True,True
0,2062.48,23.99884711,0,0,1773331826027,True,True
0,2061.94,0.00693069,0,0,1773331829639,False,True
0,2062.08,0.11996817,0,0,1773331830747,False,True
0,2062.08,1.40541064,0,0,1773331832656,False,True
0,2062.13,0.001,0,0,1773331834232,True,True
0,2062.43,0.11294447,0,0,1773331840279,False,True
0,2062.25,0.001,0,0,1773331841987,False,True
0,2062.24,0.0003996,0,0,1773331841987,False,True
0,2062.42,0.00960133,0,0,1773331843039,True,True
0,2062.34,0.00132374,0,0,1773331851417,True,True
0,2062.56,0.06760668,0,0,1773331865887,True,True
0,2062.09,0.00476544,0,0,1773331874683,True,True
0,2062.09,0.39523456,0,0,1773331877793,True,True
0,2062.2,0.001,0,0,1773331879539,True,True
0,2062.44,0.001,0,0,1773331879539,True,True
0,2062.57,0.001,0,0,1773331879539,True,True
0,2062.99,0.02059829,0,0,1773331879539,True,True
0,2062.81,0.007271,0,0,1773331884074,True,True
0,2062.91,0.04838143,0,0,1773331885143,False,True
0,2062.77,0.01211963,0,0,1773331886835,False,True
0,2062.29,0.00932448,0,0,1773331887687,True,True
0,2062.16,0.11899154,0,0,1773331895970,True,True
0,2062.14,0.001,0,0,1773331903465,True,True
0,2062.14,0.0003235,0,0,1773331903465,True,True
0,2062.08,7.55872073,0,0,1773331905431,False,True
0,2061.48,0.001,0,0,1773331906182,False,True
0,2061.47,0.001,0,0,1773331906182,False,True
0,2061.46,0.001,0,0,1773331906182,False,True
0,2061.26,0.4,0,0,1773331929666,True,True
0,2061.62,0.00472156,0,0,1773331937662,True,True
0,2062.75,0.0179678,0,0,1773331953136,True,True
0,2062.67,0.044381,0,0,1773331957960,True,True
0,2061.39,0.4,0,0,1773331973597,False,True
0,2061.49,0.5875236,0,0,1773331981750,False,True
0,2061.45,2.0,0,0,1773331981750,False,True
0,2061.24,0.0454327,0,0,1773331981750,False,True
0,2061.51,0.00455294,0,0,1773331983419,False,True
0,2062.88,0.0721539,0,0,1773331986754,True,True
0,2063.9,1.0,0,0,1773332020375,True,True
0,2064.15,1.0,0,0,1773332021024,True,True
0,2065.08,0.4,0,0,1773332023978,False,True
0,2064.67,0.00474913,0,0,1773332041940,True,True
0,2064.24,0.00106425,0,0,1773332046656,False,True
0,2064.2,0.00128854,0,0,1773332049188,True,True
0,2065.36,0.05,0,0,1773332062268,True,True
0,2065.36,0.04503449,0,0,1773332062659,True,True
0,2065.47,0.00324182,0,0,1773332065559,False,True
0,2065.04,0.03015521,0,0,1773332073923,False,True
0,2065.14,0.014,0,0,1773332078351,False,True
0,2065.48,0.07630298,0,0,1773332116026,True,True
0,2064.62,0.02819959,0,0,1773332122855,False,True
0,2064.85,0.0012424,0,0,1773332128755,True,True
0,2064.85,0.3987576,0,0,1773332130227,True,True
0,2066.8,0.005997,0,0,1773332131482,False,True
0,2066.46,0.12610969,0,0,1773332143605,True,True
0,2067.02,0.9165,0,0,1773332163437,True,True
0,2067.08,0.40915137,0,0,1773332163439,True,True
0,2067.16,0.61299673,0,0,1773332163972,True,True
0,2067.16,0.38700327,0,0,1773332163992,True,True
0,2068.3,0.001,0,0,1773332166562,True,True
0,2068.3,1.0,0,0,1773332166562,True,True
0,2068.33,0.04834817,0,0,1773332175513,False,True
0,2068.32,0.35165183,0,0,1773332175513,False,True
0,2068.4,0.001,0,0,1773332176917,True,True
0,2069.0,0.00042201,0,0,1773332176917,True,True
0,2068.65,0.001,0,0,1773332179401,True,True
0,2068.83,0.04900828,0,0,1773332179401,True,True
0,2069.66,1.0,0,0,1773332182980,True,True
0,2069.81,0.7247,0,0,1773332183041,True,True
0,2069.91,1.0,0,0,1773332183065,True,True
0,2070.0,8.76737701,0,0,1773332183065,True,True
0,2070.0,1.9586915,0,0,1773332183065,True,True
0,2070.18,0.001,0,0,1773332185139,True,True
0,2071.71,0.00118012,0,0,1773332185233,True,True
0,2070.31,0.02348289,0,0,1773332192789,True,True
0,2070.26,0.01183654,0,0,1773332195277,True,True
0,2070.33,0.001,0,0,1773332200918,True,True
0,2070.37,0.00080556,0,0,1773332200918,True,True
0,2070.37,0.00019444,0,0,1773332203109,True,True
0,2070.32,0.00947225,0,0,1773332224060,True,True
0,2070.21,0.4,0,0,1773332225898,False,True
0,2071.55,0.05623199,0,0,1773332252791,True,True
0,2071.49,0.00238982,0,0,1773332255031,True,True
0,2071.22,0.00190824,0,0,1773332255190,False,True
0,2071.47,0.04834817,0,0,1773332257932,True,True
0,2071.47,0.45165183,0,0,1773332261086,False,True
0,2071.22,0.05314133,0,0,1773332262935,False,True
0,2070.89,0.5,0,0,1773332263107,True,True
0,2070.52,0.5,0,0,1773332265122,True,True
0,2071.01,0.5,0,0,1773332267139,True,True
0,2070.55,0.5,0,0,1773332269156,True,True
0,2070.55,0.01534573,0,0,1773332270857,True,True
0,2070.55,0.5,0,0,1773332271172,True,True
0,2070.65,0.5,0,0,1773332273189,True,True
0,2069.24,0.5,0,0,1773332275206,True,True
0,2069.03,0.5,0,0,1773332277222,True,True
0,2069.22,0.5,0,0,1773332279239,True,True
0,2069.55,0.07240326,0,0,1773332282011,False,True
0,2069.14,0.5737,0,0,1773332285765,False,True
0,2069.11,7.1214526,0,0,1773332285765,False,True
0,2069.65,0.72476022,0,0,1773332289337,True,True
0,2069.65,0.57343107,0,0,1773332289337,True,True
0,2069.67,0.53462039,0,0,1773332289337,True,True
0,2069.86,0.00670067,0,0,1773332293287,True,True
0,2069.83,0.5875236,0,0,1773332310690,False,True
0,2069.82,10.252,0,0,1773332310690,False,True
0,2069.81,9.50156332,0,0,1773332310690,False,True
0,2069.48,0.00476065,0,0,1773332317186,True,True
0,2069.48,0.00473738,0,0,1773332318035,True,True
0,2069.4,0.00088356,0,0,1773332324913,True,True
0,2069.04,0.01170404,0,0,1773332340450,True,True
0,2069.41,0.00184588,0,0,1773332342377,True,True
0,2068.97,0.00047619,0,0,1773332344034,True,True
0,2068.6,0.00468105,0,0,1773332345740,False,True
0,2068.63,0.07249739,0,0,1773332347265,True,True
0,2068.58,0.01404593,0,0,1773332350228,True,True
0,2069.3,0.02408364,0,0,1773332354685,True,True
0,2068.54,0.00444875,0,0,1773332358219,False,True
0,2069.09,0.09666085,0,0,1773332369481,False,True
0,2068.95,0.5875236,0,0,1773332369481,False,True
0,2068.94,8.805,0,0,1773332369481,False,True
0,2068.94,2.41669577,0,0,1773332369481,False,True
0,2068.88,0.16195224,0,0,1773332369481,False,True
0,2068.88,0.3258452,0,0,1773332369481,False,True
0,2069.47,0.01209881,0,0,1773332377536,False,True
0,2069.46,0.529853,0,0,1773332396190,True,True
0,2069.47,0.00187657,0,0,1773332397709,True,True
0,2069.47,0.030041,0,0,1773332399216,True,True
0,2069.46,0.00095713,0,0,1773332399574,False,True
0,2069.47,0.35598362,0,0,1773332402938,True,True
0,2069.89,0.000754,0,0,1773332418634,False,True
0,2070.43,0.06301353,0,0,1773332428629,True,True
0,2070.15,0.00396231,0,0,1773332432421,False,True
0,2070.36,0.17542063,0,0,1773332436926,True,True
0,2070.43,0.33698647,0,0,1773332447847,True,True
0,2071.72,0.05059999,0,0,1773332453414,True,True
0,2072.76,0.00388758,0,0,1773332460750,True,True
0,2073.9,0.001,0,0,1773332461616,True,True
0,2074.06,0.00114673,0,0,1773332461616,True,True
0,2075.37,0.001,0,0,1773332467038,True,True
0,2076.05,0.00376946,0,0,1773332467038,True,True
0,2075.76,0.40168685,0,0,1773332467318,False,True
0,2075.74,0.00476995,0,0,1773332474325,True,True
0,2075.74,1.0,0,0,1773332474973,True,True
0,2076.59,0.00073774,0,0,1773332477336,False,True
0,2077.17,0.39031815,0,0,1773332479646,True,True
0,2077.17,0.06264673,0,0,1773332479646,True,True
0,2077.05,0.00136684,0,0,1773332480013,False,True
0,2076.82,0.55143565,0,0,1773332480471,False,True
0,2076.81,0.50431092,0,0,1773332480471,False,True
0,2076.77,0.20104491,0,0,1773332481471,False,True
0,2076.4,0.11611343,0,0,1773332482016,True,True
0,2076.14,0.001,0,0,1773332496241,True,True
0,2077.27,0.087907,0,0,1773332499253,True,True
0,2077.02,0.00483557,0,0,1773332508938,False,True
0,2077.17,0.00246839,0,0,1773332519996,False,True
0,2077.47,0.57202626,0,0,1773332521432,True,True
0,2077.47,0.21146394,0,0,1773332521433,True,True
0,2077.47,0.1797033,0,0,1773332521433,True,True
0,2077.47,0.06385429,0,0,1773332521434,True,True
0,2077.47,0.48065108,0,0,1773332521434,True,True
0,2077.47,0.22845285,0,0,1773332521435,True,True
0,2077.47,0.12185952,0,0,1773332521439,True,True
0,2077.48,0.07128704,0,0,1773332521513,True,True
0,2077.48,0.4,0,0,1773332521513,True,True
0,2077.67,1.0,0,0,1773332521515,True,True
0,2077.92,1.0,0,0,1773332521562,True,True
0,2077.96,0.019483,0,0,1773332521562,True,True
0,2077.66,0.4,0,0,1773332528874,False,True
0,2077.71,0.00346125,0,0,1773332531321,False,True
0,2077.98,0.18120777,0,0,1773332534236,True,True
0,2077.51,0.0107608,0,0,1773332539528,False,True
0,2077.67,0.00470631,0,0,1773332562950,True,True
0,2076.94,0.00047196,0,0,1773332572032,True,True
0,2076.98,0.00233161,0,0,1773332573369,True,True
0,2075.45,0.02007637,0,0,1773332592009,True,True
0,2075.46,0.00205857,0,0,1773332596955,True,True
0,2074.91,0.58077612,0,0,1773332597993,True,True
0,2074.92,0.00205865,0,0,1773332599163,True,True
0,2076.3,0.16319807,0,0,1773332610841,True,True
0,2076.56,2.57702732,0,0,1773332610841,True,True
0,2075.82,0.96264985,0,0,1773332613908,False,True
0,2074.98,0.00476631,0,0,1773332622144,False,True
0,2074.89,0.01931882,0,0,1773332622144,False,True
0,2075.31,0.04784866,0,0,1773332622475,True,True
0,2074.96,0.00117083,0,0,1773332623003,True,True
0,2073.65,0.00030907,0,0,1773332627160,False,True
0,2073.65,0.00069093,0,0,1773332627160,False,True
0,2073.27,0.5737,0,0,1773332627160,False,True
0,2073.08,2.42918392,0,0,1773332627160,False,True
0,2073.04,0.3670546,0,0,1773332627164,False,True
0,2073.04,1.18180967,0,0,1773332627165,False,True
0,2073.04,0.45113573,0,0,1773332627166,False,True
0,2073.02,0.56596794,0,0,1773332627167,False,True
0,2072.82,2.0,0,0,1773332627235,False,True
0,2072.7,0.36207658,0,0,1773332627649,False,True
0,2072.71,0.00774352,0,0,1773332629033,True,True
0,2072.18,0.00053785,0,0,1773332636439,False,True
0,2072.58,0.13547037,0,0,1773332645804,True,True
0,2072.57,0.04690429,0,0,1773332647567,True,True
0,2072.51,0.001,0,0,1773332648708,False,True
0,2072.14,2.0,0,0,1773332648723,False,True
0,2071.32,0.00076821,0,0,1773332651980,False,True
0,2071.32,0.14365447,0,0,1773332652729,False,True
0,2071.32,0.52369668,0,0,1773332657256,False,True
0,2071.32,3.12357868,0,0,1773332673512,False,True
0,2070.69,0.57034035,0,0,1773332673724,True,True
0,2070.69,7.66589197,0,0,1773332673724,True,True
0,2070.69,3.65355282,0,0,1773332673724,True,True
0,2070.27,0.11891172,0,0,1773332678790,True,True
0,2070.26,0.01207577,0,0,1773332689507,False,True
0,2070.26,0.13400061,0,0,1773332691979,False,True
0,2069.34,0.00478461,0,0,1773332695038,True,True
0,2069.33,0.02587999,0,0,1773332695290,False,True
0,2069.33,0.02412829,0,0,1773332695290,False,True
0,2069.14,0.00164771,0,0,1773332696599,False,True
0,2069.64,0.06077688,0,0,1773332702120,False,True
0,2068.79,2.41686578,0,0,1773332704174,False,True
0,2068.79,0.54879018,0,0,1773332704174,False,True
0,2068.7,6.1181385,0,0,1773332704174,False,True
0,2068.7,0.03581106,0,0,1773332707298,False,True
0,2068.59,2.052721,0,0,1773332714974,False,True
0,2068.79,0.00078016,0,0,1773332723679,False,True
0,2068.79,0.00021984,0,0,1773332723679,False,True
0,2068.16,0.0048337,0,0,1773332724304,True,True
0,2068.6,0.48340472,0,0,1773332734381,False,True
0,2068.25,0.001,0,0,1773332740434,False,True
0,2067.42,0.00015466,0,0,1773332766799,False,True
0,2067.42,0.00084534,0,0,1773332766799,False,True
0,2066.9,0.02994339,0,0,1773332769572,True,True
0,2064.84,0.02408513,0,0,1773332777684,True,True
0,2065.11,0.25554293,0,0,1773332779068,True,True
0,2064.14,0.09835033,0,0,1773332787652,False,True
0,2064.68,0.0234541,0,0,1773332791691,True,True
0,2064.67,0.00096466,0,0,1773332803466,False,True
0,2064.75,0.11016167,0,0,1773332813164,False,True
0,2064.89,0.00360234,0,0,1773332817434,True,True
0,2064.64,2.0,0,0,1773332819156,False,True
0,2064.38,2.3226,0,0,1773332819218,False,True
0,2064.74,0.48348885,0,0,1773332827695,True,True
0,2065.27,0.4,0,0,1773332829768,True,True
0,2065.29,0.4,0,0,1773332832501,True,True
0,2065.83,0.06301353,0,0,1773332833406,False,True
0,2066.12,0.1298587,0,0,1773332844819,True,True
0,2065.96,0.00944672,0,0,1773332845727,False,True
0,2066.52,0.00476631,0,0,1773332863003,False,True
0,2066.17,0.00476835,0,0,1773332877030,True,True
0,2065.87,0.00132068,0,0,1773332877311,False,True
0,2065.13,1.72009381,0,0,1773332887608,True,True
0,2065.13,0.27383315,0,0,1773332887610,True,True
0,2065.13,0.12890649,0,0,1773332887612,True,True
0,2065.82,0.00246786,0,0,1773332889610,False,True
0,2065.99,0.00482666,0,0,1773332902159,False,True
0,2065.96,0.00931704,0,0,1773332916566,False,True
0,2064.64,0.11811912,0,0,1773332953858,True,True
0,2064.56,0.00083095,0,0,1773332959928,False,True
0,2064.56,1.34804014,0,0,1773332961246,False,True
0,2065.38,0.23497144,0,0,1773332982693,True,True
0,2065.19,0.4,0,0,1773332982952,False,True
0,2064.01,0.31469185,0,0,1773332987576,True,True
0,2064.01,0.00047589,0,0,1773332989729,True,True
0,2064.01,0.005,0,0,1773332991766,True,True
0,2064.0,0.00479699,0,0,1773333000049,True,True
0,2063.99,0.0679494,0,0,1773333001905,False,True
0,2063.99,0.34611409,0,0,1773333001905,False,True
0,2063.99,0.07440737,0,0,1773333001905,False,True
0,2063.84,0.15582422,0,0,1773333013714,True,True
0,2063.84,0.15902477,0,0,1773333013716,True,True
0,2063.84,0.14509543,0,0,1773333013717,True,True
0,2063.84,0.07659393,0,0,1773333013718,True,True
0,2063.84,0.07994191,0,0,1773333013731,True,True
0,2063.84,0.10070397,0,0,1773333013747,True,True
0,2063.84,0.06819762,0,0,1773333013752,True,True
0,2063.84,0.07425835,0,0,1773333013752,True,True
0,2063.84,0.09895328,0,0,1773333013753,True,True
0,2063.84,2.04140652,0,0,1773333013763,True,True
0,2064.05,0.00527656,0,0,1773333034169,True,True
0,2064.06,0.00719214,0,0,1773333034190,True,True
0,2064.07,0.31469185,0,0,1773333042873,True,True
0,2064.06,0.00090099,0,0,1773333046192,False,True
0,2064.07,0.0047498,0,0,1773333050794,True,True
0,2064.07,0.08055835,0,0,1773333054768,True,True
0,2064.97,0.08788224,0,0,1773333060814,True,True
0,2065.06,0.0664322,0,0,1773333061782,True,True
0,2064.6,0.07495955,0,0,1773333080335,True,True
0,2065.11,0.09381095,0,0,1773333089155,True,True
0,2065.11,0.30618905,0,0,1773333091606,True,True
0,2065.29,0.02402064,0,0,1773333117705,True,True
0,2064.95,0.00469009,0,0,1773333131246,True,True
0,2064.94,0.00447047,0,0,1773333131967,True,True
0,2064.08,0.01856752,0,0,1773333132381,True,True
0,2063.85,0.4,0,0,1773333136754,True,True
0,2065.01,0.00871788,0,0,1773333148255,True,True
0,2065.26,0.00474617,0,0,1773333158819,True,True
0,2066.25,0.01192399,0,0,1773333166468,True,True
0,2066.22,0.00820059,0,0,1773333170321,True,True
0,2067.58,0.00143194,0,0,1773333179354,False,True
0,2068.0,1.0,0,0,1773333185313,True,True
0,2068.0,0.4,0,0,1773333185313,True,True
0,2068.16,1.0,0,0,1773333185317,True,True
0,2068.63,0.00163326,0,0,1773333185634,True,True
0,2068.75,0.351,0,0,1773333194674,False,True
0,2068.65,0.31663161,0,0,1773333204233,False,True
0,2068.65,2.02958032,0,0,1773333204233,False,True
0,2068.65,1.9797718,0,0,1773333204235,False,True
0,2068.65,0.22046465,0,0,1773333204238,False,True
0,2068.65,0.127566,0,0,1773333204255,False,True
0,2068.65,6.14261723,0,0,1773333209808,False,True
0,2070.72,0.00504229,0,0,1773333241161,True,True
0,2070.72,0.2144329,0,0,1773333241742,True,True
0,2070.72,0.18052481,0,0,1773333251553,True,True
0,2071.37,0.00889107,0,0,1773333258616,True,True
0,2071.71,0.00338428,0,0,1773333259201,True,True
0,2071.85,0.00233086,0,0,1773333267267,False,True
0,2071.92,0.51592211,0,0,1773333271221,True,True
0,2071.93,0.42741334,0,0,1773333271221,True,True
0,2071.95,2.05666455,0,0,1773333271221,True,True
0,2070.8,0.003496,0,0,1773333275154,False,True
0,2071.82,0.0423251,0,0,1773333278727,True,True
0,2071.95,0.12249388,0,0,1773333278727,True,True
0,2071.99,0.33,0,0,1773333278727,True,True
0,2072.0,0.01158301,0,0,1773333278727,True,True
0,2072.17,0.00119452,0,0,1773333280535,True,True
0,2069.72,0.00094737,0,0,1773333300032,True,True
0,2069.07,0.07249739,0,0,1773333302082,False,True
0,2069.67,0.5737,0,0,1773333309166,False,True
0,2069.66,3.21344799,0,0,1773333309166,False,True
0,2069.99,0.33,0,0,1773333330138,True,True
0,2070.02,1.92175602,0,0,1773333330138,True,True
0,2069.66,0.029772,0,0,1773333332185,False,True
0,2069.06,0.4,0,0,1773333354754,True,True
0,2070.03,0.00620571,0,0,1773333356027,True,True
0,2070.53,0.31842737,0,0,1773333372561,True,True
0,2070.47,0.04678222,0,0,1773333379823,True,True
0,2071.22,0.04734044,0,0,1773333385340,True,True
0,2071.76,0.4,0,0,1773333386820,False,True
0,2072.35,0.48348885,0,0,1773333400609,True,True
0,2072.96,0.00098151,0,0,1773333412191,True,True
0,2071.1,0.00235967,0,0,1773333416448,True,True
0,2071.29,0.00439199,0,0,1773333470272,True,True
0,2071.29,0.39560801,0,0,1773333471428,True,True
0,2073.05,0.00573179,0,0,1773333478544,True,True
0,2072.79,0.00477617,0,0,1773333482961,True,True
0,2072.79,0.46120359,0,0,1773333483127,True,True
0,2073.23,0.04869454,0,0,1773333487386,True,True
0,2071.74,0.13456315,0,0,1773333503571,False,True
0,2071.72,0.00489425,0,0,1773333509202,False,True
0,2071.49,0.75294315,0,0,1773333523783,False,True
0,2071.14,0.09138704,0,0,1773333527375,False,True
0,2072.02,0.0209781,0,0,1773333531616,False,True
0,2072.03,0.04119442,0,0,1773333534573,True,True
0,2073.23,0.09439329,0,0,1773333535253,True,True
0,2073.07,0.00847073,0,0,1773333537326,True,True
0,2073.21,0.4,0,0,1773333541468,True,True
0,2074.99,0.02415674,0,0,1773333543819,False,True
0,2075.0,0.00046721,0,0,1773333545566,True,True
0,2075.0,0.00850987,0,0,1773333545566,True,True
0,2074.98,0.04690294,0,0,1773333561651,True,True
0,2075.0,0.00057588,0,0,1773333565539,True,True
0,2075.0,0.95430246,0,0,1773333569827,True,True
0,2075.98,0.2694374,0,0,1773333570352,True,True
0,2075.4,1.63745547,0,0,1773333575306,True,True
0,2075.51,0.36254453,0,0,1773333575306,True,True
0,2075.16,0.03614179,0,0,1773333582430,False,True
0,2074.85,0.12200476,0,0,1773333602430,False,True
0,2074.85,1.91993468,0,0,1773333602430,False,True
0,2074.86,0.4,0,0,1773333604638,True,True
0,2075.19,0.5875236,0,0,1773333610543,False,True
0,2075.18,0.05360634,0,0,1773333610543,False,True
0,2075.31,0.38554216,0,0,1773333647792,False,True
0,2075.95,0.53459597,0,0,1773333660248,True,True
0,2075.99,0.51708242,0,0,1773333660248,True,True
0,2075.64,0.04638023,0,0,1773333663380,True,True
0,2075.33,0.00477138,0,0,1773333677561,True,True
0,2075.15,0.00481852,0,0,1773333683370,True,True
0,2074.54,0.51577858,0,0,1773333685516,False,True
0,2074.53,0.5875236,0,0,1773333685516,False,True
0,2074.53,0.04820368,0,0,1773333685516,False,True
0,2074.52,1.40769183,0,0,1773333685516,False,True
0,2074.73,0.00423171,0,0,1773333691754,True,True
0,2074.81,0.07950496,0,0,1773333693013,False,True
0,2073.0,0.00085594,0,0,1773333702439,False,True
0,2074.01,0.00233563,0,0,1773333712012,True,True
0,2074.82,0.0777,0,0,1773333724030,True,True
0,2074.82,0.00307453,0,0,1773333729789,True,True
0,2074.81,0.00550272,0,0,1773333732018,False,True
0,2074.81,0.00480605,0,0,1773333737085,True,True
0,2074.81,0.02409859,0,0,1773333737161,True,True
0,2074.82,0.31922547,0,0,1773333738101,True,True
0,2074.82,0.16513542,0,0,1773333738101,True,True
0,2074.41,0.01205121,0,0,1773333742665,True,True
0,2074.34,0.00825507,0,0,1773333763563,False,True
0,2074.4,0.0073,0,0,1773333771209,False,True
0,2074.4,0.05027373,0,0,1773333779387,False,True
0,2073.26,0.00477557,0,0,1773333825034,True,True
0,2073.78,0.29188967,0,0,1773333828585,False,True
0,2071.9,0.02412301,0,0,1773333847302,False,True
0,2072.28,0.48256027,0,0,1773333851067,True,True
0,2072.14,1.1520942,0,0,1773333851426,False,True
0,2072.14,0.01343796,0,0,1773333851428,False,True
0,2071.69,0.00015466,0,0,1773333853618,True,True
0,2071.69,0.00036801,0,0,1773333853618,True,True
0,2071.69,0.00109815,0,0,1773333853618,True,True
0,2071.69,0.50318072,0,0,1773333859006,True,True
0,2071.54,0.00026358,0,0,1773333860967,False,True
0,2071.54,0.00135654,0,0,1773333860967,False,True
0,2071.54,7.84e-06,0,0,1773333860967,False,True
0,2071.54,8.45831452,0,0,1773333860967,False,True
0,2071.55,0.00046978,0,0,1773333861863,True,True
0,2071.26,0.6156557,0,0,1773333875089,True,True
0,2071.26,0.18076133,0,0,1773333875090,True,True
0,2071.26,0.14789927,0,0,1773333875091,True,True
0,2071.26,1.78739696,0,0,1773333875243,True,True
0,2071.26,0.07023049,0,0,1773333875289,True,True
0,2071.26,0.09873149,0,0,1773333875291,True,True
0,2071.98,0.02349382,0,0,1773333876290,True,True
0,2073.18,0.00114166,0,0,1773333882116,True,True
0,2072.93,0.00235885,0,0,1773333887314,True,True
0,2072.93,0.04599248,0,0,1773333887884,True,True
0,2071.54,0.0020854,0,0,1773333891981,False,True
0,2071.54,0.00240169,0,0,1773333896059,True,True
0,2071.2,0.00083958,0,0,1773333901901,False,True
0,2071.03,0.10743318,0,0,1773333903345,False,True
0,2071.28,0.012071,0,0,1773333903617,True,True
0,2071.28,1.01733921,0,0,1773333921629,True,True
0,2071.91,0.01684432,0,0,1773333924555,False,True
0,2071.92,0.4,0,0,1773333926053,True,True
0,2072.0,0.01317429,0,0,1773333926200,True,True
0,2072.0,0.00138671,0,0,1773333926200,True,True
0,2072.0,0.95068996,0,0,1773333926200,True,True
0,2073.0,0.00093583,0,0,1773333929517,True,True
0,2073.0,0.0245046,0,0,1773333929970,True,True
0,2073.0,0.03552788,0,0,1773333929970,True,True
0,2073.0,0.24798474,0,0,1773333930146,True,True
0,2073.0,0.21661701,0,0,1773333930146,True,True
0,2073.0,0.43921527,0,0,1773333930146,True,True
0,2072.08,0.21488109,0,0,1773333943054,False,True
0,2071.36,0.12249388,0,0,1773333945016,False,True
0,2071.36,0.72400049,0,0,1773333945016,False,True
0,2071.35,0.72410514,0,0,1773333945016,False,True
0,2071.35,0.72389584,0,0,1773333945017,False,True
0,2071.05,2.0,0,0,1773333945069,False,True
0,2071.02,0.04828538,0,0,1773333945069,False,True
0,2071.01,0.31,0,0,1773333945069,False,True
0,2071.05,0.1188618,0,0,1773333945610,True,True
0,2070.08,0.00234447,0,0,1773333952408,True,True
0,2069.74,0.00099216,0,0,1773333958804,False,True
0,2069.74,0.00064402,0,0,1773333958804,False,True
0,2069.47,0.06040193,0,0,1773333961115,True,True
0,2069.48,22.91650487,0,0,1773333961115,True,True
0,2069.48,22.91650487,0,0,1773333961115,True,True
0,2069.65,2.41587553,0,0,1773333961115,True,True
0,2069.7,22.14122198,0,0,1773333961115,True,True
0,2068.65,1.0,0,0,1773333964332,False,True
0,2068.03,0.00035598,0,0,1773333965683,False,True
0,2068.03,0.001,0,0,1773333965683,False,True
0,2068.03,0.00065038,0,0,1773333965683,False,True
0,2068.18,0.02412301,0,0,1773333965821,True,True
0,2066.84,10.5,0,0,1773333966821,False,True
0,2067.8,0.00034962,0,0,1773333971184,True,True
0,2067.8,0.001,0,0,1773333971184,True,True
0,2067.8,0.00066756,0,0,1773333971184,True,True
0,2067.71,0.04592102,0,0,1773333973359,False,True
0,2066.97,0.00142063,0,0,1773334002488,False,True
0,2067.17,0.00892144,0,0,1773334003311,True,True
0,2067.19,0.00801521,0,0,1773334004627,True,True
0,2065.83,0.01024335,0,0,1773334020219,False,True
0,2065.83,0.01024335,0,0,1773334020220,False,True
0,2065.83,0.00235968,0,0,1773334022091,False,True
0,2065.83,0.07046145,0,0,1773334024007,False,True
0,2065.83,0.02741105,0,0,1773334024095,False,True
0,2065.83,0.02294218,0,0,1773334024095,False,True
0,2066.45,0.00067942,0,0,1773334043893,False,True
0,2066.47,0.00047439,0,0,1773334055045,True,True
0,2066.44,0.23661592,0,0,1773334055157,True,True
0,2066.11,0.46024273,0,0,1773334055858,False,True
0,2066.62,0.43,0,0,1773334057241,True,True
0,2066.63,0.4,0,0,1773334057241,True,True
0,2067.33,0.14694072,0,0,1773334070523,False,True
0,2067.46,0.00266443,0,0,1773334073969,False,True
0,2067.7,0.11865243,0,0,1773334081823,True,True
0,2068.22,0.00471775,0,0,1773334094967,True,True
0,2068.22,0.00093658,0,0,1773334096611,True,True
0,2068.22,0.00155268,0,0,1773334098964,True,True
0,2068.22,0.39844732,0,0,1773334105296,True,True
0,2069.56,0.00707356,0,0,1773334110903,True,True
0,2069.03,0.00052123,0,0,1773334118033,True,True
0,2069.14,0.4,0,0,1773334145682,True,True
0,2069.71,0.02,0,0,1773334145682,True,True
0,2069.87,0.01952431,0,0,1773334145682,True,True
0,2069.97,0.005997,0,0,1773334146041,False,True
0,2070.65,1.87402415,0,0,1773334152123,False,True
0,2070.65,0.5875236,0,0,1773334152123,False,True
0,2070.63,2.41471809,0,0,1773334152123,False,True
0,2070.63,0.04829448,0,0,1773334152123,False,True
0,2071.14,0.96315148,0,0,1773334157172,True,True
0,2071.14,0.03684852,0,0,1773334157293,True,True
0,2071.86,0.00165774,0,0,1773334157293,True,True
0,2072.06,0.00923247,0,0,1773334157293,True,True
0,2071.69,0.4826977,0,0,1773334162589,True,True
0,2071.48,0.47452175,0,0,1773334171357,True,True
0,2071.72,0.1521873,0,0,1773334174831,True,True
0,2072.35,0.46880121,0,0,1773334182239,True,True
0,2072.35,0.15637596,0,0,1773334182240,True,True
0,2072.35,0.30847524,0,0,1773334182241,True,True
0,2072.35,0.12319005,0,0,1773334182242,True,True
0,2072.36,0.07621644,0,0,1773334182244,True,True
0,2072.36,0.06789555,0,0,1773334182247,True,True
0,2072.38,0.00165002,0,0,1773334185011,True,True
0,2073.0,1.40656178,0,0,1773334201404,False,True
0,2073.0,8.16247555,0,0,1773334201423,False,True
0,2073.0,0.93096267,0,0,1773334201814,False,True
0,2073.0,0.32452909,0,0,1773334201814,False,True
0,2072.31,0.25,0,0,1773334203027,False,True
0,2072.98,0.48256027,0,0,1773334203284,True,True
0,2072.48,0.00473238,0,0,1773334219616,True,True
0,2072.12,0.00046741,0,0,1773334256646,True,True
0,2070.86,0.05396494,0,0,1773334288864,True,True
0,2069.66,0.00033244,0,0,1773334301095,False,True
0,2069.66,0.001,0,0,1773334301095,False,True
0,2069.66,0.00031336,0,0,1773334301095,False,True
0,2069.44,0.5875236,0,0,1773334301095,False,True
0,2069.43,2.0,0,0,1773334301095,False,True
0,2069.35,1.574577,0,0,1773334301095,False,True
0,2069.31,0.36,0,0,1773334301095,False,True
0,2069.22,0.5737,0,0,1773334301095,False,True
0,2069.22,1.87402415,0,0,1773334301095,False,True
0,2069.19,0.38296879,0,0,1773334301095,False,True
0,2069.18,1.64240784,0,0,1773334301095,False,True
0,2068.96,0.30220394,0,0,1773334301095,False,True
0,2069.55,0.00507357,0,0,1773334302447,True,True
0,2069.54,0.00507357,0,0,1773334302711,False,True
0,2069.55,0.00507357,0,0,1773334303076,True,True
0,2069.54,0.00507357,0,0,1773334303336,False,True
0,2070.22,0.00507357,0,0,1773334303702,True,True
0,2070.15,0.00507357,0,0,1773334303957,False,True
0,2069.84,0.00046912,0,0,1773334304953,True,True
0,2069.82,0.04678448,0,0,1773334306733,True,True
0,2069.36,0.00507404,0,0,1773334308019,True,True
0,2069.25,0.00068664,0,0,1773334308281,False,True
0,2069.25,0.00096628,0,0,1773334308281,False,True
0,2069.13,0.00342112,0,0,1773334308281,False,True
0,2069.36,0.00507404,0,0,1773334308669,True,True
0,2069.35,0.00507404,0,0,1773334308932,False,True
0,2069.36,0.00507404,0,0,1773334309297,True,True
0,2069.36,0.00947166,0,0,1773334309393,True,True
0,2069.35,0.00507404,0,0,1773334309562,False,True
0,2069.36,0.04490313,0,0,1773334310587,True,True
0,2069.35,0.00073349,0,0,1773334313330,False,True
0,2069.36,0.00507404,0,0,1773334314243,True,True
0,2069.35,0.00507404,0,0,1773334314504,False,True
0,2070.05,0.11968817,0,0,1773334325569,True,True
0,2070.59,0.00507102,0,0,1773334326778,True,True
0,2070.59,0.00507102,0,0,1773334326985,True,True
0,2070.58,0.00507102,0,0,1773334327249,False,True
0,2070.58,0.00507102,0,0,1773334327415,False,True
0,2070.54,0.00507115,0,0,1773334329143,True,True
0,2070.46,0.00507115,0,0,1773334329503,False,True
0,2070.54,0.00507115,0,0,1773334332407,True,True
0,2070.53,0.00507115,0,0,1773334332664,False,True
0,2070.54,0.00381638,0,0,1773334336030,True,True
0,2070.24,0.00507115,0,0,1773334338999,True,True
0,2070.57,0.00507115,0,0,1773334344314,False,True
0,2070.42,0.00507144,0,0,1773334346130,True,True
0,2070.05,0.00478214,0,0,1773334349171,True,True
0,2069.97,0.00105543,0,0,1773334349480,True,True
0,2069.96,0.00507144,0,0,1773334351453,False,True
0,2069.97,0.00507254,0,0,1773334352774,True,True
0,2069.96,0.00507254,0,0,1773334353035,False,True
0,2069.97,0.00507254,0,0,1773334353406,True,True
0,2069.96,0.00507254,0,0,1773334353660,False,True
0,2070.08,0.2351202,0,0,1773334360204,True,True
0,2069.79,0.101841,0,0,1773334373104,True,True
0,2070.64,0.4,0,0,1773334396996,False,True
0,2070.8,1.70047911,0,0,1773334408444,False,True
0,2069.84,0.00152444,0,0,1773334438655,True,True
0,2069.39,0.00047845,0,0,1773334442037,True,True
0,2068.92,0.72501595,0,0,1773334446168,True,True
0,2068.92,0.65573046,0,0,1773334446168,True,True
0,2068.92,0.00507512,0,0,1773334449659,True,True
0,2068.91,0.00507512,0,0,1773334452592,False,True
0,2069.14,0.4,0,0,1773334462200,True,True
0,2069.59,3.0,0,0,1773334462252,True,True
0,2069.61,0.01149477,0,0,1773334462252,True,True
0,2070.19,0.00049505,0,0,1773334462411,False,True
0,2069.79,0.023869,0,0,1773334473006,False,True
0,2070.52,0.00233945,0,0,1773334477544,True,True
0,2070.52,0.00915532,0,0,1773334483495,True,True
0,2070.92,0.03652376,0,0,1773334483495,True,True
0,2070.61,0.00724424,0,0,1773334502184,True,True
0,2070.61,0.39275576,0,0,1773334502679,True,True
0,2071.06,0.14208874,0,0,1773334511800,False,True
0,2071.0,8.83313489,0,0,1773334524548,True,True
0,2071.0,3.16686511,0,0,1773334524550,True,True
0,2071.2,0.72421784,0,0,1773334534385,True,True
0,2071.2,0.51654138,0,0,1773334534385,True,True
0,2071.23,0.36150132,0,0,1773334534385,True,True
0,2071.37,0.5737,0,0,1773334534385,True,True
0,2071.46,2.41375984,0,0,1773334534385,True,True
0,2071.48,0.72411995,0,0,1773334534385,True,True
0,2071.59,10.61988261,0,0,1773334534385,True,True
0,2071.62,20.27407238,0,0,1773334534385,True,True
0,2071.63,0.5737,0,0,1773334534385,True,True
0,2071.63,10.28653423,0,0,1773334534385,True,True
0,2071.27,0.00095603,0,0,1773334535036,True,True
0,2071.18,0.00467542,0,0,1773334543036,True,True
0,2071.04,0.00047223,0,0,1773334549440,True,True
0,2070.21,0.00093551,0,0,1773334574286,True,True
0,2070.24,0.16596364,0,0,1773334593659,True,True
0,2070.52,0.4,0,0,1773334598997,False,True
0,2070.54,0.24149922,0,0,1773334600198,False,True
0,2070.69,0.00088721,0,0,1773334600585,True,True
0,2070.12,0.06038297,0,0,1773334611993,True,True
0,2070.14,0.24807984,0,0,1773334611993,True,True
0,2070.67,0.00888806,0,0,1773334615918,True,True
0,2069.61,0.00121759,0,0,1773334620188,False,True
0,2069.85,0.05368053,0,0,1773334622069,True,True
0,2068.91,0.11576145,0,0,1773334630876,False,True
0,2068.45,0.00021384,0,0,1773334631601,True,True
0,2068.45,0.001,0,0,1773334631601,True,True
0,2068.45,0.00044636,0,0,1773334631601,True,True
0,2068.94,0.000503,0,0,1773334644664,False,True
0,2068.24,0.5737,0,0,1773334653478,True,True
0,2068.29,0.44544326,0,0,1773334653478,True,True
0,2068.31,0.35163054,0,0,1773334653478,True,True
0,2068.73,0.12634004,0,0,1773334658907,True,True
0,2068.73,0.07440042,0,0,1773334658907,True,True
0,2068.73,0.0724116,0,0,1773334658907,True,True
0,2068.73,0.05922463,0,0,1773334658910,True,True
0,2068.73,0.06762331,0,0,1773334658913,True,True
0,2070.27,0.00425811,0,0,1773334676529,True,True
0,2070.38,0.00442207,0,0,1773334682616,True,True
0,2069.76,0.00289801,0,0,1773334687377,True,True
0,2069.75,0.03843029,0,0,1773334704133,False,True
0,2069.56,0.00156971,0,0,1773334704133,False,True
0,2069.27,0.00093685,0,0,1773334736769,True,True
0,2068.94,0.14787976,0,0,1773334744898,True,True
0,2069.3,0.00137125,0,0,1773334749636,False,True
0,2069.31,0.00204338,0,0,1773334751675,True,True
0,2069.31,0.00232738,0,0,1773334759018,True,True
0,2069.3,0.15783813,0,0,1773334772585,False,True
0,2069.3,0.02345194,0,0,1773334772585,False,True
0,2069.3,0.04307562,0,0,1773334772585,False,True
0,2069.3,0.06051878,0,0,1773334772585,False,True
0,2069.3,0.00546758,0,0,1773334774199,False,True
0,2069.31,0.4,0,0,1773334785702,True,True
0,2069.88,0.61091764,0,0,1773334785708,False,True
0,2070.1,0.00470326,0,0,1773334788733,True,True
0,2070.13,0.00047359,0,0,1773334800076,True,True
0,2070.13,0.01932246,0,0,1773334800140,True,True
0,2070.13,0.00052095,0,0,1773334800161,True,True
0,2069.69,0.00383329,0,0,1773334801102,False,True
0,2070.14,0.00717425,0,0,1773334810171,True,True
0,2070.14,0.004832,0,0,1773334817167,True,True
0,2070.14,0.38799375,0,0,1773334818520,True,True
0,2070.81,0.00141326,0,0,1773334819133,True,True
0,2070.81,0.00127854,0,0,1773334820131,True,True
0,2071.08,0.00473434,0,0,1773334821289,True,True
0,2070.96,0.1697246,0,0,1773334822076,False,True
0,2070.73,0.00742791,0,0,1773334827681,True,True
0,2070.86,0.00473388,0,0,1773334830526,True,True
0,2070.72,0.09571482,0,0,1773334843044,False,True
0,2070.61,0.0165718,0,0,1773334844811,True,True
0,2069.77,0.01190013,0,0,1773334858031,True,True
0,2069.77,0.71281807,0,0,1773334864329,True,True
0,2069.91,0.72466918,0,0,1773334865180,True,True
0,2070.09,0.00097144,0,0,1773334884761,False,True
0,2070.15,0.016049,0,0,1773334891604,False,True
0,2070.65,0.00046774,0,0,1773334899644,True,True
0,2070.31,0.14498987,0,0,1773334900217,False,True
0,2070.65,1.87355641,0,0,1773334900805,True,True
0,2071.0,0.4,0,0,1773334900805,True,True
0,2071.01,0.72428428,0,0,1773334900805,True,True
0,2071.02,2.55274678,0,0,1773334900805,True,True
0,2071.07,0.5737,0,0,1773334900805,True,True
0,2071.15,1.27607294,0,0,1773334900805,True,True
0,2071.15,0.72423532,0,0,1773334900805,True,True
0,2071.17,0.02,0,0,1773334900805,True,True
0,2071.36,0.5737,0,0,1773334900805,True,True
0,2071.63,1.41002033,0,0,1773334900805,True,True
0,2071.66,1.25999316,0,0,1773334900805,True,True
0,2071.67,0.5737,0,0,1773334900805,True,True
0,2071.67,6.336278,0,0,1773334900805,True,True
0,2071.7,15.3049,0,0,1773334900805,True,True
0,2071.74,0.36970435,0,0,1773334900805,True,True
0,2071.81,0.01080509,0,0,1773334900805,True,True
0,2071.85,0.84904988,0,0,1773334900805,True,True
0,2071.88,0.5737,0,0,1773334900805,True,True
0,2071.92,4.835,0,0,1773334900805,True,True
0,2071.99,1.87402415,0,0,1773334900805,True,True
0,2072.09,0.5737,0,0,1773334900805,True,True
0,2072.1,1.64005902,0,0,1773334900805,True,True
0,2072.11,0.00166379,0,0,1773334900805,True,True
0,2072.22,3.22389821,0,0,1773334900805,True,True
0,2070.24,0.24151789,0,0,1773334907910,False,True
0,2070.24,0.96607156,0,0,1773334907919,False,True
0,2069.49,1.64213996,0,0,1773334909754,False,True
0,2069.39,1.87402415,0,0,1773334911437,False,True
0,2070.06,0.04830777,0,0,1773334926694,False,True
0,2070.03,2.0,0,0,1773334926694,False,True
0,2070.02,2.0,0,0,1773334926694,False,True
0,2070.0,0.4966417,0,0,1773334926694,False,True
0,2069.7,0.42871389,0,0,1773334926694,False,True
0,2069.53,0.00095761,0,0,1773334956073,False,True
0,2069.53,0.19745711,0,0,1773334959670,False,True
0,2069.4,0.00140462,0,0,1773334971936,False,True
0,2069.54,0.06219195,0,0,1773334999691,True,True
0,2068.92,0.04283655,0,0,1773335019488,False,True
0,2069.47,0.4,0,0,1773335040441,True,True
0,2071.96,0.00165755,0,0,1773335051084,True,True
0,2072.68,0.00309023,0,0,1773335051084,True,True
0,2072.68,0.01194226,0,0,1773335061652,True,True
0,2071.08,0.00477995,0,0,1773335073752,True,True
0,2071.29,0.00956022,0,0,1773335093749,True,True
0,2071.29,0.02411983,0,0,1773335104154,True,True
0,2071.29,0.4,0,0,1773335104154,True,True
0,2071.72,0.01057267,0,0,1773335113887,False,True
0,2071.89,0.01440743,0,0,1773335114038,True,True
0,2072.46,0.07355997,0,0,1773335119681,True,True
0,2072.11,0.009652,0,0,1773335134172,True,True
0,2072.22,1.12418159,0,0,1773335134839,True,True
0,2072.12,0.00132729,0,0,1773335139176,True,True
0,2073.2,0.4,0,0,1773335154468,False,True
0,2073.36,0.00046826,0,0,1773335160024,True,True
0,2071.78,0.00238752,0,0,1773335176171,False,True
0,2073.17,0.4,0,0,1773335204914,False,True
0,2073.68,0.00948416,0,0,1773335207821,True,True
0,2073.67,0.0014702,0,0,1773335208676,True,True
0,2073.68,0.00113954,0,0,1773335211771,True,True
0,2073.68,2.9893763,0,0,1773335215177,True,True
0,2073.87,0.05816493,0,0,1773335215241,True,True
0,2073.87,0.10724701,0,0,1773335215243,True,True
0,2073.87,0.14850756,0,0,1773335215317,True,True
0,2073.87,0.00173429,0,0,1773335215325,True,True
0,2074.0,0.03865021,0,0,1773335215325,True,True
0,2074.0,0.04805924,0,0,1773335215325,True,True
0,2074.0,0.24094076,0,0,1773335215325,True,True
0,2074.0,0.03417809,0,0,1773335215325,True,True
0,2074.0,0.60249185,0,0,1773335215903,True,True
0,2074.8,0.00164748,0,0,1773335219438,False,True
0,2074.86,0.00602723,0,0,1773335224976,True,True
0,2075.0,0.05280364,0,0,1773335229769,True,True
0,2075.0,0.32936493,0,0,1773335229769,True,True
0,2075.0,0.58168685,0,0,1773335230838,True,True
0,2075.0,23.11978553,0,0,1773335230838,True,True
0,2075.0,1.88021447,0,0,1773335230838,True,True
0,2073.22,0.00154724,0,0,1773335257371,True,True
0,2073.2,0.01193845,0,0,1773335257857,True,True
0,2072.26,0.02932715,0,0,1773335268185,True,True
0,2072.63,0.01091955,0,0,1773335269556,False,True
0,2072.65,0.029772,0,0,1773335270429,False,True
0,2072.87,0.00529155,0,0,1773335278204,True,True
0,2072.38,0.5875236,0,0,1773335280295,False,True
0,2072.26,2.41282345,0,0,1773335280295,False,True
0,2072.23,0.02412859,0,0,1773335280295,False,True
0,2072.17,2.0,0,0,1773335280295,False,True
0,2072.16,2.06072243,0,0,1773335280295,False,True
0,2072.45,0.00059201,0,0,1773335286535,False,True
0,2071.86,2.786,0,0,1773335297884,True,True
0,2070.06,0.00529778,0,0,1773335316601,True,True
0,2070.64,0.00890994,0,0,1773335345034,True,True
0,2070.64,0.00893037,0,0,1773335348530,True,True
0,2070.38,0.05629327,0,0,1773335360230,True,True
0,2069.37,0.08150306,0,0,1773335363563,True,True
0,2070.06,1.51609888,0,0,1773335374465,False,True
0,2070.0,0.00893602,0,0,1773335376283,True,True
0,2069.7,0.50095204,0,0,1773335388199,False,True
0,2069.47,0.01129126,0,0,1773335400863,False,True
0,2069.84,1.015303,0,0,1773335411394,False,True
0,2069.84,2.0,0,0,1773335411394,False,True
0,2069.84,2.17356321,0,0,1773335411394,False,True
0,2069.85,0.4,0,0,1773335415426,True,True
0,2070.0,0.00893373,0,0,1773335418661,True,True
0,2070.0,0.09106627,0,0,1773335421926,True,True
0,2070.65,2.0,0,0,1773335422078,True,True
0,2071.41,0.00139352,0,0,1773335429455,True,True
0,2071.41,0.00073587,0,0,1773335441626,True,True
0,2071.4,0.19102529,0,0,1773335442309,False,True
0,2071.4,0.10304191,0,0,1773335442309,False,True
0,2071.4,2.41382639,0,0,1773335446546,False,True
0,2071.4,1.26356842,0,0,1773335446546,False,True
0,2071.4,6.85301561,0,0,1773335446551,False,True
0,2071.37,12.06929163,0,0,1773335446551,False,True
0,2071.34,24.13889736,0,0,1773335446551,False,True
0,2071.31,24.13920108,0,0,1773335446551,False,True
0,2071.29,24.13949614,0,0,1773335446552,False,True
0,2071.18,24.14075731,0,0,1773335446552,False,True
0,2071.13,0.04828282,0,0,1773335446559,False,True
0,2070.95,2.0,0,0,1773335446559,False,True
0,2070.89,0.72416777,0,0,1773335446559,False,True
0,2070.88,1.44833555,0,0,1773335446559,False,True
0,2071.02,0.0361067,0,0,1773335446562,False,True
0,2070.92,1.36987151,0,0,1773335446583,False,True
0,2070.95,0.871549,0,0,1773335446598,False,True
0,2070.92,0.49832251,0,0,1773335446598,False,True
0,2070.92,0.13180598,0,0,1773335446619,False,True
0,2070.53,0.00046994,0,0,1773335447289,True,True
0,2070.53,0.00892697,0,0,1773335447509,True,True
0,2070.53,0.0064723,0,0,1773335447736,True,True
0,2070.3,0.39221369,0,0,1773335476434,False,True
0,2070.53,0.01964305,0,0,1773335487502,True,True
0,2070.52,0.00071084,0,0,1773335491157,False,True
0,2070.52,1.0,0,0,1773335491247,False,True
0,2070.53,0.0004887,0,0,1773335491637,True,True
0,2070.53,0.03363957,0,0,1773335494747,True,True
0,2070.53,0.00119776,0,0,1773335495755,True,True
0,2071.12,0.4,0,0,1773335507757,False,True
0,2071.13,0.00956095,0,0,1773335510037,True,True
0,2071.09,0.00072671,0,0,1773335512385,False,True
0,2071.09,0.00139558,0,0,1773335523448,True,True
0,2069.71,0.09349817,0,0,1773335528748,False,True
0,2070.48,0.00478209,0,0,1773335539518,True,True
0,2069.99,0.00113938,0,0,1773335548693,True,True
0,2070.11,0.21980585,0,0,1773335554673,False,True
0,2070.12,1.47670254,0,0,1773335558968,True,True
0,2070.12,0.44659492,0,0,1773335558971,True,True
0,2070.12,0.44659492,0,0,1773335558971,True,True
0,2070.12,0.44659492,0,0,1773335558971,True,True
0,2070.12,0.07776119,0,0,1773335558971,True,True
0,2070.12,0.06687917,0,0,1773335558972,True,True
0,2070.12,0.03887234,0,0,1773335558973,True,True
0,2070.12,0.00863686,0,0,1773335558973,True,True
0,2070.12,0.39136314,0,0,1773335558975,True,True
0,2070.74,0.00480517,0,0,1773335571041,True,True
0,2070.73,0.18386974,0,0,1773335572946,True,True
0,2070.74,0.71957355,0,0,1773335572946,True,True
0,2070.77,0.25802371,0,0,1773335572946,True,True
0,2070.77,0.00248902,0,0,1773335572947,True,True
0,2070.72,0.02691287,0,0,1773335588126,True,True
0,2071.1,2.0,0,0,1773335609798,True,True
0,2071.1,0.4,0,0,1773335609798,True,True
0,2071.41,0.00613009,0,0,1773335610833,True,True
0,2070.78,0.15,0,0,1773335631249,False,True
0,2070.95,0.0019896,0,0,1773335635982,False,True
0,2070.72,0.001,0,0,1773335644504,False,True
0,2070.7,0.00615349,0,0,1773335644504,False,True
0,2070.08,2.41536122,0,0,1773335662480,False,True
0,2069.88,0.00136981,0,0,1773335666527,False,True
0,2070.21,5.12646608,0,0,1773335673179,False,True
0,2070.26,0.0023678,0,0,1773335685036,True,True
0,2070.04,0.00188488,0,0,1773335693867,True,True
0,2069.69,0.0045659,0,0,1773335703143,False,True
0,2069.13,0.05239424,0,0,1773335707216,True,True
0,2069.13,0.4,0,0,1773335716090,True,True
0,2069.71,0.03764063,0,0,1773335718186,True,True
0,2069.71,0.00140766,0,0,1773335728094,True,True
0,2069.71,0.14979464,0,0,1773335737285,True,True
0,2069.71,0.023869,0,0,1773335737285,True,True
0,2069.42,0.00469153,0,0,1773335758451,True,True
0,2067.67,0.05884557,0,0,1773335767667,False,True
0,2067.84,0.01191124,0,0,1773335769036,True,True
0,2067.55,0.00934758,0,0,1773335781369,False,True
0,2067.55,0.30630621,0,0,1773335781962,False,True
0,2067.13,2.41881219,0,0,1773335782533,False,True
0,2067.01,8.08118781,0,0,1773335782533,False,True
0,2067.57,0.0983948,0,0,1773335797727,True,True
0,2068.4,0.4,0,0,1773335810820,False,True
0,2068.19,0.10296976,0,0,1773335820363,True,True
0,2066.64,0.7254529,0,0,1773335826002,True,True
0,2066.54,0.03148941,0,0,1773335829051,True,True
0,2066.64,0.00036291,0,0,1773335832557,True,True
0,2067.0,0.06745651,0,0,1773335832557,True,True
0,2068.35,0.049975,0,0,1773335845842,False,True
0,2068.19,0.4,0,0,1773335868763,True,True
0,2067.18,0.0239359,0,0,1773335916526,True,True
0,2067.38,0.02873489,0,0,1773335935319,True,True
0,2066.62,0.0003592,0,0,1773335954199,True,True
0,2066.62,0.00019444,0,0,1773335954199,True,True
0,2066.62,0.001,0,0,1773335954199,True,True
0,2066.62,9.518e-05,0,0,1773335954199,True,True
0,2064.47,0.34585627,0,0,1773335957448,False,True
0,2064.4,0.00090482,0,0,1773335957448,False,True
0,2064.4,0.00110883,0,0,1773335957448,False,True
0,2064.37,0.65213008,0,0,1773335957448,False,True
0,2062.23,0.00025801,0,0,1773336000464,False,True
0,2062.23,0.001,0,0,1773336000464,False,True
0,2062.23,0.00041018,0,0,1773336000464,False,True
0,2061.86,2.0,0,0,1773336000465,False,True
0,2061.59,1.0,0,0,1773336000468,False,True
0,2061.31,0.00122308,0,0,1773336000471,False,True
0,2061.31,0.00081302,0,0,1773336000471,False,True
0,2061.24,0.27118739,0,0,1773336000471,False,True
0,2061.29,2.42566036,0,0,1773336000480,False,True
0,2061.12,0.76268395,0,0,1773336000489,False,True
0,2061.12,6.07788369,0,0,1773336000493,False,True
0,2061.12,6.07788369,0,0,1773336000507,False,True
0,2061.12,6.07788369,0,0,1773336000509,False,True
0,2061.12,1.41861895,0,0,1773336000509,False,True
0,2060.73,0.00950445,0,0,1773336000516,False,True
0,2061.0,2.0,0,0,1773336000553,False,True
0,2059.99,0.33002603,0,0,1773336000727,False,True
0,2061.16,0.4,0,0,1773336013065,True,True
0,2061.87,0.00177279,0,0,1773336030547,True,True
0,2061.68,0.11225782,0,0,1773336038675,False,True
0,2061.68,0.26356329,0,0,1773336039275,False,True
0,2061.16,0.00472156,0,0,1773336040736,True,True
0,2061.88,0.02360069,0,0,1773336049460,True,True
0,2061.88,0.00084472,0,0,1773336054253,True,True
0,2061.88,0.00083876,0,0,1773336054253,True,True
0,2061.88,0.03955668,0,0,1773336060631,True,True
0,2063.29,0.00157427,0,0,1773336064368,True,True
0,2063.41,0.4,0,0,1773336076246,True,True
0,2063.59,0.00120044,0,0,1773336091905,False,True
0,2063.11,0.00139845,0,0,1773336120576,True,True
0,2062.96,0.02773536,0,0,1773336138894,True,True
0,2063.11,0.39860155,0,0,1773336144936,True,True
0,2063.47,1.87402415,0,0,1773336144936,True,True
0,2063.57,0.5875236,0,0,1773336144936,True,True
0,2063.59,1.27607294,0,0,1773336144936,True,True
0,2063.64,2.55274678,0,0,1773336144936,True,True
0,2063.65,3.0,0,0,1773336144936,True,True
0,2063.67,13.93523586,0,0,1773336144936,True,True
0,2063.69,7.317,0,0,1773336144936,True,True
0,2063.8,1.23271375,0,0,1773336144936,True,True
0,2064.23,0.00085144,0,0,1773336152065,False,True
0,2064.24,1.645794,0,0,1773336152974,True,True
0,2064.24,0.32430622,0,0,1773336152982,True,True
0,2064.24,1.02989978,0,0,1773336152984,True,True
0,2064.47,2.30880072,0,0,1773336153960,True,True
0,2067.03,0.00168584,0,0,1773336164950,True,True
0,2067.03,0.12402107,0,0,1773336164950,True,True
0,2067.03,0.11044677,0,0,1773336164951,True,True
0,2067.03,0.09418964,0,0,1773336164953,True,True
0,2067.03,0.07134252,0,0,1773336164963,True,True
0,2068.16,0.00730477,0,0,1773336167432,False,True
0,2067.81,0.0018756,0,0,1773336178290,True,True
0,2067.81,0.9981244,0,0,1773336180907,True,True
0,2067.81,0.00187,0,0,1773336180907,True,True
0,2069.14,0.41069928,0,0,1773336199374,False,True
0,2068.47,0.00209187,0,0,1773336216144,True,True
0,2068.01,0.03853,0,0,1773336216801,False,True
0,2068.47,0.00121687,0,0,1773336225862,False,True
0,2068.19,0.47398577,0,0,1773336238006,True,True
0,2067.86,0.00081126,0,0,1773336247201,False,True
0,2067.86,0.00086632,0,0,1773336247201,False,True
0,2066.59,0.01883752,0,0,1773336258195,True,True
0,2066.58,0.00079747,0,0,1773336260025,False,True
0,2066.58,0.00077839,0,0,1773336260025,False,True
0,2066.75,0.00169214,0,0,1773336269424,True,True
0,2066.75,0.00069781,0,0,1773336275104,True,True
0,2066.75,0.39930219,0,0,1773336279386,True,True
0,2067.02,0.08325247,0,0,1773336291741,True,True
0,2066.62,0.00053053,0,0,1773336329968,True,True
0,2066.15,0.04839054,0,0,1773336336027,False,True
0,2066.62,0.05288692,0,0,1773336345618,True,True
0,2066.62,0.05132241,0,0,1773336346505,True,True
0,2066.76,0.03883681,0,0,1773336346505,True,True
0,2066.76,0.03286374,0,0,1773336348037,True,True
0,2066.32,0.0142622,0,0,1773336356911,False,True
0,2067.09,0.02418859,0,0,1773336361492,True,True
0,2066.86,0.00076623,0,0,1773336362792,False,True
0,2067.11,0.17781101,0,0,1773336363797,True,True
0,2067.11,2.34771513,0,0,1773336363803,True,True
0,2067.11,0.47447386,0,0,1773336363805,True,True
0,2067.2,0.26727192,0,0,1773336363805,True,True
0,2067.2,0.45834727,0,0,1773336363806,True,True
0,2067.25,0.33992233,0,0,1773336363806,True,True
0,2067.3,0.72574359,0,0,1773336363806,True,True
0,2067.37,0.43,0,0,1773336363806,True,True
0,2067.38,0.51902206,0,0,1773336363806,True,True
0,2067.43,0.4,0,0,1773336363886,True,True
0,2067.46,0.09120705,0,0,1773336363886,True,True
0,2067.46,0.41900249,0,0,1773336363892,True,True
0,2067.63,0.03874052,0,0,1773336372407,True,True
0,2067.61,0.00468178,0,0,1773336378384,False,True
0,2067.31,0.00287168,0,0,1773336392730,False,True
0,2066.82,0.01668397,0,0,1773336404224,True,True
0,2066.82,0.4,0,0,1773336426335,True,True
0,2067.15,0.30672117,0,0,1773336456201,True,True
0,2067.15,0.0014369,0,0,1773336464036,True,True
0,2066.11,0.00252035,0,0,1773336477128,False,True
0,2064.62,0.01198975,0,0,1773336501809,True,True
0,2064.62,0.6,0,0,1773336502214,True,True
0,2064.69,0.30672117,0,0,1773336505158,False,True
0,2063.6,0.00167754,0,0,1773336508483,False,True
0,2064.18,0.55124823,0,0,1773336514744,True,True
0,2064.19,0.05381136,0,0,1773336514744,True,True
0,2064.19,0.5737,0,0,1773336514744,True,True
0,2064.22,0.48451256,0,0,1773336514744,True,True
0,2064.34,2.42209125,0,0,1773336514744,True,True
0,2064.35,0.72662097,0,0,1773336514744,True,True
0,2064.41,0.31,0,0,1773336514744,True,True
0,2064.42,0.72659633,0,0,1773336514744,True,True
0,2064.46,0.5737,0,0,1773336514744,True,True
0,2064.46,4.84559817,0,0,1773336514744,True,True
0,2064.47,11.38307016,0,0,1773336514744,True,True
0,2064.53,0.1221344,0,0,1773336514744,True,True
0,2064.57,1.87402415,0,0,1773336514744,True,True
0,2064.58,22.28061973,0,0,1773336514744,True,True
0,2064.63,22.28006139,0,0,1773336514744,True,True
0,2064.66,14.09726178,0,0,1773336514744,True,True
0,2063.98,0.0758147,0,0,1773336519738,True,True
0,2063.64,0.00540485,0,0,1773336538538,False,True
0,2063.14,0.00595679,0,0,1773336544487,True,True
0,2062.17,0.00087916,0,0,1773336545899,False,True
0,2062.17,0.00081659,0,0,1773336545899,False,True
0,2062.08,0.00127455,0,0,1773336545899,False,True
0,2062.84,0.026434,0,0,1773336557609,True,True
0,2062.12,0.10647376,0,0,1773336561298,True,True
0,2062.23,0.001,0,0,1773336582254,False,True
0,2062.38,0.02376847,0,0,1773336586109,True,True
0,2061.8,0.0029703,0,0,1773336600496,False,True
0,2062.38,0.37623153,0,0,1773336604597,True,True
0,2062.81,0.00484776,0,0,1773336614034,True,True
0,2062.81,0.00287986,0,0,1773336614044,True,True
0,2062.54,0.00081953,0,0,1773336618597,False,True
0,2062.81,0.05694712,0,0,1773336624227,True,True
0,2062.81,0.34305288,0,0,1773336633385,True,True
0,2063.05,0.01188037,0,0,1773336647033,True,True
0,2062.91,0.02358891,0,0,1773336649424,True,True
0,2063.52,0.0029703,0,0,1773336654211,False,True
0,2063.52,0.10647376,0,0,1773336655723,False,True
0,2064.18,0.4,0,0,1773336668786,False,True
0,2065.46,0.1162427,0,0,1773336682974,False,True
0,2064.78,0.0029703,0,0,1773336691438,False,True
0,2064.63,0.06506816,0,0,1773336699014,False,True
0,2063.84,0.013251,0,0,1773336699771,True,True
0,2063.5,0.03879959,0,0,1773336704146,True,True
0,2063.14,0.00070923,0,0,1773336707663,True,True
0,2063.79,0.06417465,0,0,1773336709710,True,True
0,2063.08,0.00893921,0,0,1773336716428,True,True
0,2063.04,0.4,0,0,1773336719349,False,True
0,2063.2,0.5737,0,0,1773336720326,False,True
0,2063.13,1.0,0,0,1773336720326,False,True
0,2063.1,0.36830793,0,0,1773336720326,False,True
0,2063.09,0.5737,0,0,1773336720326,False,True
0,2063.06,0.5737,0,0,1773336720326,False,True
0,2063.05,0.5737,0,0,1773336720326,False,True
0,2062.95,10.1699,0,0,1773336720326,False,True
0,2062.88,4.84664378,0,0,1773336720326,False,True
0,2062.87,9.24858898,0,0,1773336720326,False,True
0,2063.08,0.00081335,0,0,1773336721605,False,True
0,2063.0,0.02358537,0,0,1773336725122,True,True
0,2063.0,0.01179268,0,0,1773336725477,True,True
0,2063.23,0.02765211,0,0,1773336744763,False,True
0,2063.22,0.00159799,0,0,1773336747041,True,True
0,2063.42,0.00066374,0,0,1773336757310,False,True
0,2063.81,0.00173567,0,0,1773336765308,False,True
0,2063.78,0.00943159,0,0,1773336791982,True,True
0,2063.78,0.00237542,0,0,1773336795580,True,True
0,2063.75,0.00298863,0,0,1773336796984,False,True
0,2063.77,0.53167992,0,0,1773336799976,False,True
0,2063.78,0.01586409,0,0,1773336806174,True,True
0,2063.64,0.04516173,0,0,1773336808622,True,True
0,2063.38,0.00127248,0,0,1773336808739,False,True
0,2063.32,0.002123,0,0,1773336813397,True,True
0,2063.32,0.01117588,0,0,1773336814562,True,True
0,2063.82,0.4,0,0,1773336820486,False,True
0,2063.03,0.5875236,0,0,1773336830210,False,True
0,2063.03,2.0,0,0,1773336830210,False,True
0,2062.95,2.42370494,0,0,1773336830210,False,True
0,2062.93,1.64744088,0,0,1773336830210,False,True
0,2062.92,8.32278988,0,0,1773336830210,False,True
0,2063.13,0.01813024,0,0,1773336838246,True,True
0,2063.12,0.01989933,0,0,1773336840784,False,True
0,2062.68,0.00119975,0,0,1773336862645,True,True
0,2061.68,0.00064913,0,0,1773336878498,False,True
0,2061.68,0.047855,0,0,1773336878648,False,True
0,2061.66,0.48497546,0,0,1773336878648,False,True
0,2061.62,1.34822378,0,0,1773336878648,False,True
0,2061.62,1.07704631,0,0,1773336878651,False,True
0,2061.56,1.55125814,0,0,1773336878651,False,True
0,2062.24,2.425504,0,0,1773336897972,False,True
0,2062.42,0.4,0,0,1773336901470,True,True
0,2064.07,0.00053877,0,0,1773336919899,False,True
0,2064.08,0.08070025,0,0,1773336921084,True,True
0,2064.78,0.4,0,0,1773336921518,False,True
0,2064.79,0.09686216,0,0,1773336921677,True,True
0,2065.27,0.00170074,0,0,1773336927121,False,True
0,2065.76,0.42949964,0,0,1773336932109,True,True
0,2066.21,0.00958581,0,0,1773336950008,True,True
0,2065.87,1.0,0,0,1773336962696,True,True
0,2065.47,0.11924909,0,0,1773336978491,True,True
0,2065.47,0.05526481,0,0,1773336981159,True,True
0,2065.46,0.00242076,0,0,1773336985436,False,True
0,2065.3,1.07215744,0,0,1773336985455,False,True
0,2063.56,0.00077674,0,0,1773336988517,False,True
0,2063.65,0.00314395,0,0,1773336995435,True,True
0,2063.39,0.00047159,0,0,1773336997207,True,True
0,2063.22,0.96935858,0,0,1773337006928,True,True
0,2063.03,0.10444469,0,0,1773337016699,True,True
0,2063.98,0.00453938,0,0,1773337023115,True,True
0,2063.98,0.4,0,0,1773337023703,True,True
0,2063.98,1.0,0,0,1773337023703,True,True
0,2065.02,0.00512348,0,0,1773337025232,True,True
0,2065.02,1.0,0,0,1773337035549,True,True
0,2065.49,0.13495797,0,0,1773337041209,True,True
0,2065.66,0.00084167,0,0,1773337047433,False,True
0,2065.22,0.00522187,0,0,1773337061037,True,True
0,2065.22,0.09922189,0,0,1773337061982,True,True
0,2065.24,0.00136051,0,0,1773337072186,True,True
0,2065.44,0.4,0,0,1773337073075,False,True
0,2065.62,0.0470002,0,0,1773337075622,True,True
0,2065.46,0.04757806,0,0,1773337086244,True,True
0,2065.5,0.01930601,0,0,1773337088555,True,True
0,2065.2,0.09698192,0,0,1773337092577,True,True
0,2065.21,1.0,0,0,1773337094032,True,True
0,2066.47,0.00097264,0,0,1773337094889,False,True
0,2066.42,0.00476989,0,0,1773337096911,True,True
0,2066.43,3.0,0,0,1773337099333,True,True
0,2066.48,1.0,0,0,1773337099333,True,True
0,2066.83,0.04741733,0,0,1773337099349,False,True
0,2066.57,0.02371167,0,0,1773337116897,True,True
0,2066.59,0.04697723,0,0,1773337127505,True,True
0,2066.5,0.00140418,0,0,1773337128459,True,True
0,2066.38,0.05033527,0,0,1773337131967,True,True
0,2066.17,0.00895177,0,0,1773337133965,True,True
0,2065.95,0.0479244,0,0,1773337194215,True,True
0,2065.98,0.00161503,0,0,1773337197515,False,True
0,2065.99,0.06995314,0,0,1773337197638,True,True
0,2066.01,2.42012035,0,0,1773337202428,False,True
0,2065.91,0.20847726,0,0,1773337202428,False,True
0,2066.08,0.5875236,0,0,1773337202600,True,True
0,2066.11,0.08784426,0,0,1773337202600,True,True
0,2066.08,0.09698192,0,0,1773337203821,False,True
0,2066.11,0.31215574,0,0,1773337205468,True,True
0,2066.11,0.09086234,0,0,1773337205468,True,True
0,2066.11,0.28329216,0,0,1773337207485,True,True
0,2066.11,0.21670784,0,0,1773337207485,True,True
0,2066.11,0.5,0,0,1773337209500,True,True
0,2066.38,0.5,0,0,1773337211516,True,True
0,2066.34,0.5,0,0,1773337213532,True,True
0,2066.32,0.5,0,0,1773337215548,True,True
0,2066.35,0.5,0,0,1773337217564,True,True
0,2066.38,0.04839381,0,0,1773337218728,True,True
0,2066.61,0.33844257,0,0,1773337219591,True,True
0,2066.61,0.16155743,0,0,1773337219591,True,True
0,2066.78,0.04741804,0,0,1773337220635,False,True
0,2067.44,0.00483689,0,0,1773337221607,True,True
0,2067.44,0.00159199,0,0,1773337222034,False,True
0,2067.44,0.49357112,0,0,1773337222103,False,True
0,2067.44,0.66565515,0,0,1773337222103,False,True
0,2067.46,0.02412139,0,0,1773337222327,True,True
0,2067.17,0.06046914,0,0,1773337224118,True,True
0,2067.17,0.43953086,0,0,1773337224118,True,True
0,2066.24,0.003,0,0,1773337227918,False,True
0,2066.8,1.0,0,0,1773337232524,True,True
0,2067.18,0.00235402,0,0,1773337237945,True,True
0,2067.15,0.00483778,0,0,1773337243029,True,True
0,2067.18,0.39764598,0,0,1773337247431,True,True
0,2067.18,1.0,0,0,1773337247431,True,True
0,2067.22,2.0,0,0,1773337247432,True,True
0,2067.55,0.31662009,0,0,1773337250205,True,True
0,2067.55,1.0,0,0,1773337250205,True,True
0,2067.6,2.0,0,0,1773337250216,True,True
0,2067.81,0.00718202,0,0,1773337262206,True,True
0,2067.63,0.02415877,0,0,1773337267502,False,True
0,2067.43,1.44268684,0,0,1773337274400,True,True
0,2067.34,0.19197796,0,0,1773337278340,True,True
0,2067.34,0.20802204,0,0,1773337279373,True,True
0,2067.47,1.0,0,0,1773337279373,True,True
0,2067.89,0.22200996,0,0,1773337279373,True,True
0,2066.8,0.00360216,0,0,1773337299140,False,True
0,2067.27,0.70347737,0,0,1773337316433,False,True
0,2065.93,1.0,0,0,1773337324068,True,True
0,2066.69,0.4,0,0,1773337325967,False,True
0,2066.65,0.0684548,0,0,1773337332527,True,True
0,2066.3,0.02135133,0,0,1773337333431,False,True
0,2066.41,0.01321425,0,0,1773337334375,True,True
0,2066.85,0.00894899,0,0,1773337349824,True,True
0,2066.47,0.0082019,0,0,1773337360055,True,True
0,2066.56,0.03030862,0,0,1773337371183,True,True
0,2066.21,0.03629835,0,0,1773337384638,False,True
0,2064.78,0.00273441,0,0,1773337389759,True,True
0,2064.65,0.00095785,0,0,1773337412806,False,True
0,2064.66,1.0,0,0,1773337414144,True,True
0,2065.38,0.00612708,0,0,1773337416249,True,True
0,2064.93,1.0,0,0,1773337444622,True,True
0,2064.93,0.4,0,0,1773337444622,True,True
0,2065.71,0.57962228,0,0,1773337452755,True,True
0,2065.74,0.29279365,0,0,1773337452755,True,True
0,2065.45,0.00495045,0,0,1773337454594,False,True
0,2065.76,0.01481129,0,0,1773337460706,False,True
0,2065.88,1.0,0,0,1773337462615,True,True
0,2065.92,2.0,0,0,1773337462615,True,True
0,2066.47,0.00469816,0,0,1773337467723,True,True
0,2064.47,0.0094905,0,0,1773337519880,True,True
0,2064.23,0.05393854,0,0,1773337520143,True,True
0,2063.3,0.5875236,0,0,1773337527383,False,True
0,2063.19,2.2575119,0,0,1773337527383,False,True
0,2063.53,0.11930628,0,0,1773337528514,True,True
0,2063.81,0.04583403,0,0,1773337533367,True,True
0,2062.7,0.33008528,0,0,1773337560509,True,True
0,2062.6,0.00083089,0,0,1773337560898,False,True
0,2062.6,0.00086435,0,0,1773337560898,False,True
0,2061.34,0.00082149,0,0,1773337563611,False,True
0,2061.34,0.00124797,0,0,1773337563611,False,True
0,2060.0,0.03629835,0,0,1773337564740,False,True
0,2060.01,0.1,0,0,1773337564741,True,True
0,2060.0,8.20655989,0,0,1773337565305,False,True
0,2060.0,0.01941743,0,0,1773337565559,False,True
0,2060.0,0.08461801,0,0,1773337565632,False,True
0,2060.0,1.65310632,0,0,1773337565690,False,True
0,2060.0,0.04771084,0,0,1773337565690,False,True
0,2060.0,0.00072073,0,0,1773337565690,False,True
0,2060.0,2.24893053,0,0,1773337565690,False,True
0,2060.0,0.4161806,0,0,1773337565696,False,True
0,2060.0,1.30950185,0,0,1773337565702,False,True
0,2060.0,0.150657,0,0,1773337565708,False,True
0,2060.0,1.3049241,0,0,1773337565709,False,True
0,2060.0,1.51962752,0,0,1773337565745,False,True
0,2060.0,0.1265588,0,0,1773337565745,False,True
0,2060.0,0.28678006,0,0,1773337565745,False,True
0,2060.0,0.28880267,0,0,1773337565745,False,True
0,2060.0,0.10901421,0,0,1773337565745,False,True
0,2060.0,0.19342564,0,0,1773337565745,False,True
0,2060.0,0.10536025,0,0,1773337565745,False,True
0,2060.0,0.12339738,0,0,1773337565745,False,True
0,2060.0,0.15611316,0,0,1773337565745,False,True
0,2060.0,0.10405624,0,0,1773337565745,False,True
0,2060.0,0.10929631,0,0,1773337565745,False,True
0,2060.0,1.39894211,0,0,1773337565745,False,True
0,2059.68,0.00045277,0,0,1773337565797,False,True
0,2059.68,0.00207412,0,0,1773337565797,False,True
0,2059.42,0.05254055,0,0,1773337567148,True,True
0,2059.41,0.00485575,0,0,1773337567148,False,True
0,2059.03,0.08305125,0,0,1773337567148,False,True
0,2058.45,0.13366765,0,0,1773337569372,True,True
0,2058.41,1.0,0,0,1773337572987,False,True
0,2058.42,0.16012871,0,0,1773337579135,True,True
0,2058.42,0.4,0,0,1773337579135,True,True
0,2059.93,1.0,0,0,1773337602736,True,True
0,2060.94,0.03858115,0,0,1773337616544,True,True
0,2060.5,1.0,0,0,1773337623180,True,True
0,2061.34,1.0,0,0,1773337627887,True,True
0,2061.72,0.4,0,0,1773337628529,False,True
0,2062.18,1.0,0,0,1773337638096,True,True
0,2062.43,0.4847689,0,0,1773337638096,True,True
0,2063.28,0.00122085,0,0,1773337646475,True,True
0,2062.75,0.47981765,0,0,1773337651655,True,True
0,2062.75,0.13827913,0,0,1773337651661,True,True
0,2062.75,0.12334916,0,0,1773337651663,True,True
0,2062.75,0.06997177,0,0,1773337651663,True,True
0,2062.75,0.84620618,0,0,1773337651726,True,True
0,2062.75,0.09602222,0,0,1773337651727,True,True
0,2062.75,0.0577716,0,0,1773337651751,True,True
0,2063.34,1.07877267,0,0,1773337662680,False,True
0,2063.38,0.00170367,0,0,1773337669003,False,True
0,2063.38,0.02293223,0,0,1773337669380,False,True
0,2063.59,0.4,0,0,1773337682575,True,True
0,2064.57,0.00037045,0,0,1773337695167,True,True
0,2064.57,0.00171457,0,0,1773337695167,True,True
0,2064.57,0.00266363,0,0,1773337695167,True,True
0,2064.69,0.00474768,0,0,1773337703953,True,True
0,2064.88,0.00207792,0,0,1773337708066,True,True
0,2064.99,1.0,0,0,1773337708066,True,True
0,2063.89,0.04501966,0,0,1773337732799,True,True
0,2063.36,0.05822956,0,0,1773337743792,True,True
0,2063.15,1.0,0,0,1773337746964,True,True
0,2063.5,0.23112857,0,0,1773337746964,True,True
0,2063.15,0.19606236,0,0,1773337747142,True,True
0,2063.14,0.02378516,0,0,1773337748100,True,True
0,2063.14,0.01882359,0,0,1773337752515,True,True
0,2063.14,0.23556363,0,0,1773337771491,True,True
0,2063.25,0.04808433,0,0,1773337775938,True,True
0,2062.63,0.1411229,0,0,1773337790490,True,True
0,2062.64,0.00084498,0,0,1773337793448,True,True
0,2063.25,0.02404458,0,0,1773337795520,True,True
0,2063.24,0.14236311,0,0,1773337802685,True,True
0,2063.25,0.37595542,0,0,1773337803563,True,True
0,2063.25,0.13731947,0,0,1773337803563,True,True
0,2063.25,1.0,0,0,1773337803563,True,True
0,2064.08,3.14355618,0,0,1773337804341,False,True
0,2064.09,1.0,0,0,1773337807736,True,True
0,2065.25,0.0154628,0,0,1773337808244,False,True
0,2065.62,0.11477954,0,0,1773337815522,True,True
0,2064.94,0.00197392,0,0,1773337823142,False,True
0,2065.13,0.09693444,0,0,1773337823320,True,True
0,2065.27,0.4,0,0,1773337830470,False,True
0,2065.28,0.00779945,0,0,1773337830957,True,True
0,2065.27,0.06761721,0,0,1773337835700,False,True
0,2065.28,0.0012008,0,0,1773337840966,True,True
0,2065.36,0.0458703,0,0,1773337858857,True,True
0,2065.44,0.04551674,0,0,1773337858857,True,True
0,2065.44,0.14694072,0,0,1773337858857,True,True
0,2065.44,0.00243532,0,0,1773337858873,True,True
0,2066.5,0.06790074,0,0,1773337868752,True,True
0,2066.5,0.38296303,0,0,1773337868752,True,True
0,2066.49,0.09693444,0,0,1773337872168,False,True
0,2066.5,0.09693444,0,0,1773337883827,True,True
0,2066.49,0.00099562,0,0,1773337884985,False,True
0,2066.5,0.42002177,0,0,1773337885189,True,True
0,2066.5,1.0,0,0,1773337885189,True,True
0,2066.5,0.4,0,0,1773337885189,True,True
0,2066.92,2.0,0,0,1773337885189,True,True
0,2067.0,0.07951268,0,0,1773337885189,True,True
0,2067.0,0.12113237,0,0,1773337885189,True,True
0,2067.0,0.76694082,0,0,1773337885189,True,True
0,2067.12,1.27607294,0,0,1773337885189,True,True
0,2067.16,7.317,0,0,1773337885189,True,True
0,2067.17,2.55274678,0,0,1773337885189,True,True
0,2067.19,1.03967116,0,0,1773337885189,True,True
0,2067.25,5.13506231,0,0,1773337885189,True,True
0,2067.27,3.5,0,0,1773337885189,True,True
0,2067.41,0.5737,0,0,1773337885189,True,True
0,2067.42,1.87402415,0,0,1773337885189,True,True
0,2067.42,11.36686383,0,0,1773337885189,True,True
0,2067.43,7.7633312,0,0,1773337885189,True,True
0,2066.72,0.0042214,0,0,1773337886160,False,True
0,2066.42,0.009051,0,0,1773337904580,True,True
0,2066.36,0.08848438,0,0,1773337906679,False,True
0,2065.89,0.00718706,0,0,1773337907015,True,True
0,2066.63,0.04608816,0,0,1773337926743,True,True
0,2066.57,0.0016493,0,0,1773337932147,True,True
0,2066.56,0.09693444,0,0,1773337933074,False,True
0,2065.52,0.06844637,0,0,1773337945934,True,True
0,2065.52,0.004841,0,0,1773337958045,True,True
0,2065.85,0.00165575,0,0,1773337958867,True,True
0,2064.54,0.0016949,0,0,1773337969372,False,True
0,2064.23,0.57908122,0,0,1773337969372,False,True
0,2064.23,0.58077612,0,0,1773337969372,False,True
0,2064.54,6.39133936,0,0,1773337973681,False,True
0,2065.34,0.00058448,0,0,1773337978814,True,True
0,2064.9,0.06844637,0,0,1773337994911,False,True
0,2064.5,0.07831407,0,0,1773338004865,True,True
0,2064.8,0.00621942,0,0,1773338005194,True,True
0,2064.5,0.00439296,0,0,1773338007411,True,True
0,2064.26,0.00161792,0,0,1773338011371,True,True
0,2064.26,0.15407638,0,0,1773338019793,True,True
0,2064.48,0.00242192,0,0,1773338025548,True,True
0,2064.37,0.0004703,0,0,1773338050130,True,True
0,2064.33,0.04844186,0,0,1773338055806,False,True
0,2064.33,0.02987221,0,0,1773338055806,False,True
0,2063.97,1.71758885,0,0,1773338060126,False,True
0,2063.97,0.28241115,0,0,1773338060129,False,True
0,2063.25,0.07474139,0,0,1773338067623,True,True
0,2063.22,0.14519548,0,0,1773338072412,True,True
0,2063.21,0.00072057,0,0,1773338086064,False,True
0,2063.22,0.00380326,0,0,1773338095982,True,True
0,2063.21,0.04606574,0,0,1773338101736,False,True
0,2061.79,0.05175272,0,0,1773338107744,True,True
0,2061.14,1.967e-05,0,0,1773338115275,False,True
0,2061.14,0.00168496,0,0,1773338115275,False,True
0,2058.89,0.00039296,0,0,1773338122315,False,True
0,2058.89,0.00168908,0,0,1773338122315,False,True
0,2058.41,0.07265935,0,0,1773338122315,False,True
0,2058.19,1.0,0,0,1773338124881,False,True
0,2058.02,0.0026884,0,0,1773338125774,True,True
0,2058.01,0.00114673,0,0,1773338127693,False,True
0,2057.55,0.09693585,0,0,1773338133431,True,True
0,2057.54,0.729,0,0,1773338134624,False,True
0,2057.02,0.02079927,0,0,1773338134684,False,True
0,2056.91,2.0,0,0,1773338134684,False,True
0,2056.83,0.00955646,0,0,1773338134831,True,True
0,2056.76,7.47755989,0,0,1773338134968,False,True
0,2056.76,7.11577833,0,0,1773338134971,False,True
0,2056.7,0.01941743,0,0,1773338134971,False,True
0,2057.3,0.00486215,0,0,1773338164843,True,True
0,2057.3,0.11917561,0,0,1773338165862,True,True
0,2057.3,0.001,0,0,1773338169807,True,True
0,2057.3,0.08835579,0,0,1773338169935,True,True
0,2057.3,0.4925643,0,0,1773338169935,True,True
0,2057.3,0.18427688,0,0,1773338169937,True,True
0,2057.3,0.18871362,0,0,1773338169939,True,True
0,2057.3,0.06726018,0,0,1773338169942,True,True
0,2057.54,0.03050465,0,0,1773338170522,False,True
0,2057.55,0.4,0,0,1773338170704,True,True
0,2057.55,1.0,0,0,1773338170704,True,True
0,2057.72,0.82915878,0,0,1773338170705,True,True
0,2057.72,0.78213037,0,0,1773338170705,True,True
0,2057.72,0.38871085,0,0,1773338170705,True,True
0,2057.71,0.49243163,0,0,1773338179054,False,True
0,2057.71,0.00167477,0,0,1773338179482,False,True
0,2057.62,0.09693585,0,0,1773338191404,False,True
0,2057.53,0.01656451,0,0,1773338194889,False,True
0,2057.85,0.09693585,0,0,1773338208028,True,True
0,2057.85,0.03534156,0,0,1773338212439,True,True
0,2057.84,0.00131908,0,0,1773338220216,False,True
0,2057.92,1.0,0,0,1773338221055,True,True
0,2057.92,0.4,0,0,1773338221055,True,True
0,2059.2,0.003811,0,0,1773338232794,False,True
0,2059.21,0.4,0,0,1773338249368,True,True
0,2060.16,0.09693585,0,0,1773338267193,False,True
0,2060.17,0.00675861,0,0,1773338268527,False,True
0,2060.18,0.0012377,0,0,1773338276284,True,True
0,2060.18,0.0337443,0,0,1773338285646,True,True
0,2060.18,0.4,0,0,1773338286860,True,True
0,2060.18,1.0,0,0,1773338286860,True,True
0,2060.18,1.0,0,0,1773338286881,True,True
0,2060.81,1.0,0,0,1773338292872,True,True
0,2061.02,2.0,0,0,1773338292877,True,True
0,2061.23,2.0,0,0,1773338292952,True,True
0,2061.29,2.0173146,0,0,1773338311373,False,True
0,2060.71,0.02350134,0,0,1773338329516,True,True
0,2060.61,0.14558796,0,0,1773338334697,True,True
0,2060.61,0.4,0,0,1773338335253,False,True
0,2059.82,0.0575645,0,0,1773338353966,True,True
0,2059.81,0.18371286,0,0,1773338354650,True,True
0,2059.37,0.0337443,0,0,1773338364837,False,True
0,2059.59,0.02250881,0,0,1773338367572,True,True
0,2058.84,0.04844186,0,0,1773338379531,True,True
0,2058.85,1.87402415,0,0,1773338379531,True,True
0,2058.86,0.18269862,0,0,1773338379531,True,True
0,2058.89,1.0,0,0,1773338379531,True,True
0,2058.89,18.193,0,0,1773338379531,True,True
0,2058.92,3.0,0,0,1773338379531,True,True
0,2058.96,3.5,0,0,1773338379531,True,True
0,2059.04,7.335,0,0,1773338379531,True,True
0,2059.06,24.279,0,0,1773338379531,True,True
0,2059.09,0.5737,0,0,1773338379531,True,True
0,2059.1,22.33992969,0,0,1773338379531,True,True
0,2059.12,22.33973139,0,0,1773338379531,True,True
0,2059.12,3.83447429,0,0,1773338379531,True,True
0,2058.67,0.00476226,0,0,1773338394673,True,True
0,2058.67,0.0238113,0,0,1773338400092,True,True
0,2058.67,0.00047623,0,0,1773338400105,True,True
0,2058.66,0.00576035,0,0,1773338401097,False,True
0,2058.67,0.009455,0,0,1773338403720,True,True
0,2058.67,0.390545,0,0,1773338404462,True,True
0,2058.67,0.06325444,0,0,1773338404462,True,True
0,2058.67,0.00478572,0,0,1773338406163,True,True
0,2058.67,0.0228608,0,0,1773338407306,True,True
0,2058.85,0.00118625,0,0,1773338407306,True,True
0,2058.86,0.00476101,0,0,1773338414548,True,True
0,2058.95,0.004858,0,0,1773338420113,True,True
0,2059.57,0.00483123,0,0,1773338433036,True,True
0,2059.57,1.0,0,0,1773338436686,True,True
0,2059.57,0.4,0,0,1773338436686,True,True
0,2060.29,0.01207384,0,0,1773338440032,True,True
0,2060.28,0.0012377,0,0,1773338443780,False,True
0,2060.29,0.00063224,0,0,1773338444133,True,True
0,2060.28,0.08101435,0,0,1773338446443,False,True
0,2059.45,0.01538872,0,0,1773338447645,False,True
0,2059.23,0.024,0,0,1773338450497,False,True
0,2059.41,0.00821372,0,0,1773338451044,True,True
0,2059.42,0.01709607,0,0,1773338452569,True,True
0,2059.41,0.0028002,0,0,1773338457655,False,True
0,2059.42,0.04807659,0,0,1773338459149,True,True
0,2058.54,0.00708867,0,0,1773338462442,True,True
0,2058.52,0.0971501,0,0,1773338462631,True,True
0,2058.3,0.06903282,0,0,1773338468221,True,True
0,2058.14,0.00485875,0,0,1773338468423,False,True
0,2057.65,0.00728813,0,0,1773338471749,True,True
0,2057.19,0.4,0,0,1773338486800,False,True
0,2057.19,0.00456394,0,0,1773338487150,False,True
0,2057.2,1.0,0,0,1773338496851,True,True
0,2057.87,0.88924652,0,0,1773338500403,True,True
0,2058.12,0.02275247,0,0,1773338504945,True,True
0,2057.89,1.0,0,0,1773338521105,True,True
0,2058.49,0.07776597,0,0,1773338522530,True,True
0,2058.49,0.05871563,0,0,1773338522531,True,True
0,2058.49,0.06337661,0,0,1773338522532,True,True
0,2058.49,0.08362385,0,0,1773338522532,True,True
0,2058.49,1.41381115,0,0,1773338522537,True,True
0,2058.49,0.24912681,0,0,1773338522537,True,True
0,2058.49,0.96790908,0,0,1773338522537,True,True
0,2058.49,0.0856709,0,0,1773338522537,True,True
0,2059.04,0.50874488,0,0,1773338522656,True,True
0,2059.04,0.96765053,0,0,1773338522657,True,True
0,2059.04,0.48382526,0,0,1773338522671,True,True
0,2059.04,0.48382526,0,0,1773338522671,True,True
0,2059.67,0.00168908,0,0,1773338525995,True,True
0,2059.67,7.16e-06,0,0,1773338525995,True,True
0,2061.15,0.07408107,0,0,1773338527620,True,True
0,2061.15,0.07580748,0,0,1773338527621,True,True
0,2061.15,0.08075732,0,0,1773338527621,True,True
0,2061.15,0.1157593,0,0,1773338527625,True,True
0,2061.15,0.65359483,0,0,1773338527627,True,True
0,2061.84,0.00206725,0,0,1773338527970,True,True
0,2062.2,0.10015375,0,0,1773338527970,True,True
0,2060.67,0.00117135,0,0,1773338554639,True,True
0,2060.54,0.90700451,0,0,1773338556517,False,True
0,2059.97,2.17430988,0,0,1773338556517,False,True
0,2059.85,0.00949584,0,0,1773338577140,True,True
0,2059.56,0.03155968,0,0,1773338585000,True,True
0,2059.56,0.05763424,0,0,1773338587215,True,True
0,2059.55,0.00288079,0,0,1773338611016,False,True
0,2057.99,0.02424684,0,0,1773338620233,True,True
0,2057.99,0.70851739,0,0,1773338623061,True,True
0,2059.24,0.07065702,0,0,1773338631348,True,True
0,2058.37,0.00131419,0,0,1773338658947,False,True
0,2058.24,0.75590528,0,0,1773338676504,True,True
0,2058.24,0.24409472,0,0,1773338676505,True,True
0,2058.31,0.00340098,0,0,1773338682844,False,True
0,2056.71,0.02585405,0,0,1773338703583,True,True
0,2056.7,0.01941743,0,0,1773338703639,False,True
0,2056.0,0.00405317,0,0,1773338707697,False,True
0,2055.67,0.16567433,0,0,1773338708669,True,True
0,2055.87,0.00191232,0,0,1773338718917,False,True
0,2055.87,0.0971501,0,0,1773338720541,False,True
0,2055.66,0.02215346,0,0,1773338742499,False,True
0,2055.48,0.02669449,0,0,1773338749051,False,True
0,2055.1,2.0,0,0,1773338754402,False,True
0,2055.0,1.24052811,0,0,1773338754402,False,True
0,2055.0,0.30425047,0,0,1773338754408,False,True
0,2055.0,0.03395133,0,0,1773338754408,False,True
0,2055.0,0.00973236,0,0,1773338754408,False,True
0,2055.0,0.24330901,0,0,1773338754408,False,True
0,2054.96,0.1725881,0,0,1773338754408,False,True
0,2054.96,0.01689159,0,0,1773338754410,False,True
0,2054.96,0.01689159,0,0,1773338754411,False,True
0,2054.96,0.11121641,0,0,1773338754443,False,True
0,2054.63,2.0,0,0,1773338754465,False,True
0,2054.52,0.36506387,0,0,1773338754956,False,True
0,2054.52,0.7301544,0,0,1773338755022,False,True
0,2054.58,0.97354394,0,0,1773338755087,False,True
0,2054.76,0.73012774,0,0,1773338759855,False,True
0,2054.76,0.36507986,0,0,1773338759985,False,True
0,2054.76,0.9047924,0,0,1773338760572,False,True
0,2054.77,0.02526076,0,0,1773338766941,True,True
0,2054.77,0.09381168,0,0,1773338772122,True,True
0,2054.97,0.01173534,0,0,1773338777812,False,True
0,2055.22,0.00484183,0,0,1773338782450,True,True
0,2055.02,0.03357304,0,0,1773338789022,True,True
0,2054.98,0.0121622,0,0,1773338792223,True,True
0,2054.97,1.98826466,0,0,1773338793877,False,True
0,2054.92,1.21321852,0,0,1773338793877,False,True
0,2055.22,1.0,0,0,1773338839124,True,True
0,2055.22,0.4,0,0,1773338839124,True,True
0,2055.34,6.9433783,0,0,1773338839124,True,True
0,2055.23,0.04865635,0,0,1773338840160,False,True
0,2055.23,0.35134365,0,0,1773338840160,False,True
0,2055.34,0.00608021,0,0,1773338845890,True,True
0,2055.4,1.0,0,0,1773338856752,True,True
0,2056.03,0.00047816,0,0,1773338857462,True,True
0,2056.38,0.00093558,0,0,1773338857596,True,True
0,2056.56,0.0019195,0,0,1773338860693,False,True
0,2057.17,0.5875236,0,0,1773338866212,True,True
0,2057.18,0.50091143,0,0,1773338866212,True,True
0,2057.06,0.00135825,0,0,1773338879229,True,True
0,2057.02,0.00096093,0,0,1773338879660,False,True
0,2057.18,1.0,0,0,1773338881552,True,True
0,2057.81,0.00061399,0,0,1773338882807,True,True
0,2057.81,0.00109902,0,0,1773338882807,True,True
0,2057.81,1.0,0,0,1773338882807,True,True
0,2057.99,1.36582074,0,0,1773338882807,True,True
0,2057.99,1.0,0,0,1773338888611,True,True
0,2058.02,2.0,0,0,1773338888611,True,True
0,2058.28,0.00171264,0,0,1773338889094,True,True
0,2058.28,0.01184236,0,0,1773338889094,True,True
0,2058.71,0.4,0,0,1773338890572,False,True
0,2058.82,0.028562,0,0,1773338893293,False,True
0,2058.83,1.0,0,0,1773338895773,True,True
0,2059.66,0.04683739,0,0,1773338898324,True,True
0,2059.66,0.00857144,0,0,1773338898844,True,True
0,2059.31,0.04855995,0,0,1773338901594,True,True
0,2059.2,0.00724211,0,0,1773338903842,True,True
0,2059.31,2.95144005,0,0,1773338907413,True,True
0,2059.31,1.0,0,0,1773338907413,True,True
0,2059.31,1.0,0,0,1773338907592,True,True
0,2059.53,0.0017025,0,0,1773338909028,True,True
0,2059.53,1.0,0,0,1773338909028,True,True
0,2059.8,0.97120381,0,0,1773338917544,False,True
0,2058.97,0.073001,0,0,1773338927476,True,True
0,2058.99,0.001543,0,0,1773338932114,False,True
0,2059.0,0.02024761,0,0,1773338932199,True,True
0,2058.84,0.05426808,0,0,1773338948020,True,True
0,2058.84,0.49926091,0,0,1773338948751,True,True
0,2058.85,0.50073909,0,0,1773338948751,True,True
0,2058.12,1.0,0,0,1773338971254,True,True
0,2058.54,0.01337975,0,0,1773338975321,False,True
0,2058.55,0.02513735,0,0,1773338975985,True,True
0,2058.55,0.00663024,0,0,1773338975985,True,True
0,2058.55,16.01318244,0,0,1773338983815,True,True
0,2058.55,3.95504997,0,0,1773338983816,True,True
0,2058.55,1.0,0,0,1773338983816,True,True
0,2059.0,0.01435799,0,0,1773338986273,True,True
0,2059.0,0.31662009,0,0,1773338991180,True,True
0,2059.0,0.0044835,0,0,1773338996946,True,True
0,2059.0,0.00670252,0,0,1773338997247,True,True
0,2059.0,0.00472674,0,0,1773338999906,True,True
0,2059.0,0.04885813,0,0,1773339006989,True,True
0,2059.0,8.885147,0,0,1773339009675,True,True
0,2059.0,7.28016726,0,0,1773339009676,True,True
0,2059.0,3.43893677,0,0,1773339009678,True,True
0,2059.0,0.4,0,0,1773339009678,True,True
0,2059.0,0.13964548,0,0,1773339009678,True,True
0,2059.0,1.0,0,0,1773339009678,True,True
0,2059.72,0.04832564,0,0,1773339012661,True,True
0,2059.81,0.00626077,0,0,1773339013808,True,True
0,2059.74,0.05667024,0,0,1773339022295,True,True
0,2059.65,0.09713453,0,0,1773339046410,True,True
0,2059.63,0.19520716,0,0,1773339048317,True,True
0,2059.32,1.0,0,0,1773339057528,True,True
0,2059.5,0.04865635,0,0,1773339057528,True,True
0,2059.51,0.36531367,0,0,1773339057528,True,True
0,2059.52,7.342,0,0,1773339057528,True,True
0,2059.53,3.0,0,0,1773339057528,True,True
0,2059.59,18.21,0,0,1773339057528,True,True
0,2059.67,24.28,0,0,1773339057528,True,True
0,2059.74,2.0,0,0,1773339057528,True,True
0,2059.74,0.5737,0,0,1773339057528,True,True
0,2059.79,2.91365798,0,0,1773339057528,True,True
0,2059.79,2.42743369,0,0,1773339057528,True,True
0,2059.8,0.4,0,0,1773339057528,True,True
0,2059.81,19.99373923,0,0,1773339057528,True,True
0,2059.87,7.00642755,0,0,1773339057528,True,True
0,2058.16,0.06986877,0,0,1773339068372,True,True
0,2058.01,0.01501069,0,0,1773339103531,True,True
0,2058.01,0.01979919,0,0,1773339108528,True,True
0,2058.01,0.16937384,0,0,1773339109585,True,True
0,2057.82,2.0,0,0,1773339120544,False,True
0,2057.09,0.00073253,0,0,1773339131873,False,True
0,2057.18,0.00109902,0,0,1773339136053,False,True
0,2057.18,0.00059858,0,0,1773339136053,False,True
0,2056.99,0.08242726,0,0,1773339136053,False,True
0,2057.41,0.00247746,0,0,1773339141824,True,True
0,2056.94,0.00111406,0,0,1773339145718,True,True
0,2056.94,0.00059032,0,0,1773339145718,True,True
0,2056.8,0.00114186,0,0,1773339152593,False,True
0,2056.8,0.00076118,0,0,1773339161286,False,True
0,2056.64,0.01226372,0,0,1773339162132,True,True
0,2056.65,0.15455752,0,0,1773339168329,True,True
0,2056.93,0.00107308,0,0,1773339170462,True,True
0,2056.92,0.00228204,0,0,1773339190307,True,True
0,2057.03,0.4,0,0,1773339193711,False,True
0,2057.32,0.00047194,0,0,1773339205556,True,True
0,2058.15,0.00210409,0,0,1773339225425,False,True
0,2058.16,0.05725583,0,0,1773339226413,True,True
0,2058.88,0.05442026,0,0,1773339236091,True,True
0,2058.56,0.00071335,0,0,1773339248205,False,True
0,2058.65,0.00120459,0,0,1773339249738,True,True
0,2058.65,0.00240473,0,0,1773339250037,True,True
0,2057.95,0.0006363,0,0,1773339258247,True,True
0,2057.72,0.00457157,0,0,1773339261060,False,True
0,2057.94,0.24235552,0,0,1773339267705,True,True
0,2057.9,0.5737,0,0,1773339268218,True,True
0,2057.91,0.52932113,0,0,1773339268218,True,True
0,2057.3,0.5737,0,0,1773339298229,False,True
0,2057.29,0.0376753,0,0,1773339298229,False,True
0,2057.52,0.12009099,0,0,1773339308440,True,True
0,2057.51,0.00091392,0,0,1773339310483,False,True
0,2057.52,0.0048121,0,0,1773339313692,True,True
0,2057.52,0.27509691,0,0,1773339318290,True,True
0,2058.32,1.0,0,0,1773339321357,True,True
0,2058.68,0.01279741,0,0,1773339327039,False,True
0,2058.62,2.01820637,0,0,1773339358122,True,True
0,2058.74,1.0,0,0,1773339361394,True,True
0,2058.74,0.4,0,0,1773339361394,True,True
0,2059.11,0.00170953,0,0,1773339364446,True,True
0,2059.65,0.04630956,0,0,1773339364446,True,True
0,2059.64,0.47465858,0,0,1773339367117,False,True
0,2059.65,0.00472525,0,0,1773339385560,True,True
0,2059.65,9.19904472,0,0,1773339385878,True,True
0,2059.65,9.19904472,0,0,1773339386836,True,True
0,2059.65,0.50592294,0,0,1773339386951,True,True
0,2059.65,0.14584777,0,0,1773339386953,True,True
0,2059.65,0.1440149,0,0,1773339386954,True,True
0,2059.65,0.12388147,0,0,1773339386966,True,True
0,2059.65,0.11150373,0,0,1773339386968,True,True
0,2059.65,0.08273267,0,0,1773339386972,True,True
0,2059.65,0.43697227,0,0,1773339387864,True,True
0,2059.99,0.0021124,0,0,1773339396485,True,True
0,2059.99,0.00480633,0,0,1773339397042,True,True
0,2059.99,0.00129126,0,0,1773339407192,True,True
0,2059.62,0.00094714,0,0,1773339413558,True,True
0,2059.55,0.13574217,0,0,1773339417927,True,True
0,2059.36,0.00113839,0,0,1773339421397,False,True
0,2059.2,0.00184984,0,0,1773339429439,False,True
0,2059.02,0.00476145,0,0,1773339434033,True,True
0,2058.61,0.04067307,0,0,1773339443613,False,True
0,2057.69,0.23000749,0,0,1773339460136,False,True
0,2057.69,0.00250126,0,0,1773339463393,False,True
0,2057.03,0.00111218,0,0,1773339464517,False,True
0,2057.03,0.00059213,0,0,1773339464517,False,True
0,2057.64,0.00238188,0,0,1773339473326,True,True
0,2056.61,0.06056859,0,0,1773339491601,True,True
0,2055.95,0.07067585,0,0,1773339508055,True,True
0,2055.75,0.089411,0,0,1773339526942,True,True
0,2055.35,0.04865351,0,0,1773339529619,False,True
0,2055.34,0.5737,0,0,1773339529619,False,True
0,2055.33,0.37764649,0,0,1773339529619,False,True
0,2055.15,0.00081127,0,0,1773339556777,False,True
0,2055.15,1.99918873,0,0,1773339558733,False,True
0,2055.16,0.4,0,0,1773339567567,True,True
0,2055.29,0.6,0,0,1773339567567,True,True
0,2055.1,0.111621,0,0,1773339581736,True,True
0,2055.15,0.03,0,0,1773339588151,True,True
0,2055.15,0.5737,0,0,1773339594021,False,True
0,2055.14,0.4263,0,0,1773339594021,False,True
0,2055.14,1.5737,0,0,1773339599436,False,True
0,2054.55,0.00486724,0,0,1773339601184,False,True
0,2053.82,0.09150042,0,0,1773339602734,False,True
0,2053.6,0.0838,0,0,1773339602784,False,True
0,2053.02,0.019483,0,0,1773339603926,False,True
0,2052.61,0.0011174,0,0,1773339604017,False,True
0,2052.61,0.00059749,0,0,1773339604017,False,True
0,2052.57,0.05956923,0,0,1773339604017,False,True
0,2052.23,0.37346521,0,0,1773339604019,False,True
0,2052.05,1.55801134,0,0,1773339604029,False,True
0,2052.05,0.28730107,0,0,1773339604029,False,True
0,2052.05,0.15468759,0,0,1773339604044,False,True
0,2052.0,2.43664717,0,0,1773339604044,False,True
0,2051.81,0.86709295,0,0,1773339604184,False,True
0,2051.82,3.5,0,0,1773339604239,True,True
0,2051.89,13.0,0,0,1773339604239,True,True
0,2051.4,0.04826455,0,0,1773339605036,True,True
0,2051.39,0.01030994,0,0,1773339605275,False,True
0,2051.39,0.00431429,0,0,1773339607254,False,True
0,2051.16,0.00209256,0,0,1773339608522,True,True
0,2051.16,0.00096065,0,0,1773339609038,True,True
0,2051.15,0.03781365,0,0,1773339610559,False,True
0,2050.95,0.08897317,0,0,1773339610596,False,True
0,2050.9,0.24149922,0,0,1773339611040,False,True
0,2050.57,0.00485231,0,0,1773339611560,True,True
0,2050.91,0.02610395,0,0,1773339614699,True,True
0,2050.56,0.00172926,0,0,1773339617980,False,True
0,2050.38,0.00208639,0,0,1773339617980,False,True
0,2050.34,0.00826012,0,0,1773339617980,False,True
0,2050.34,0.08273169,0,0,1773339617980,False,True
0,2050.0,0.00243902,0,0,1773339617980,False,True
0,2050.0,0.0488299,0,0,1773339617980,False,True
0,2050.0,0.49379302,0,0,1773339617980,False,True
0,2050.0,1.0,0,0,1773339620869,False,True
0,2050.01,0.01264066,0,0,1773339626397,False,True
0,2050.16,0.00965994,0,0,1773339631529,True,True
0,2050.15,0.12610969,0,0,1773339631724,False,True
0,2050.15,0.16117262,0,0,1773339633481,False,True
0,2050.15,0.14358222,0,0,1773339633629,False,True
0,2050.15,0.12458417,0,0,1773339633629,False,True
0,2050.15,0.14358328,0,0,1773339633629,False,True
0,2050.15,1.30096802,0,0,1773339633635,False,True
0,2050.0,8.20655989,0,0,1773339633647,False,True
0,2050.0,9.81311467,0,0,1773339633664,False,True
0,2050.0,5.74258056,0,0,1773339633670,False,True
0,2050.0,0.00893309,0,0,1773339633670,False,True
0,2049.59,2.0,0,0,1773339633670,False,True
0,2049.6,0.27286889,0,0,1773339636087,True,True
0,2049.6,1.0,0,0,1773339637426,True,True
0,2050.16,0.00484352,0,0,1773339638538,True,True
0,2050.15,0.021,0,0,1773339645095,False,True
0,2050.15,0.20433501,0,0,1773339647776,False,True
0,2050.15,0.23898623,0,0,1773339647777,False,True
0,2050.15,0.1102379,0,0,1773339647778,False,True
0,2050.15,0.11373983,0,0,1773339647781,False,True
0,2050.15,0.06004355,0,0,1773339647781,False,True
0,2050.15,0.07878344,0,0,1773339647781,False,True
0,2050.15,0.06737285,0,0,1773339647787,False,True
0,2050.15,0.07100489,0,0,1773339647790,False,True
0,2050.15,0.08914014,0,0,1773339647793,False,True
0,2050.15,0.42863912,0,0,1773339647881,False,True
0,2050.15,0.3463121,0,0,1773339648006,False,True
0,2050.15,0.07179196,0,0,1773339648008,False,True
0,2050.15,0.11961298,0,0,1773339648012,False,True
0,2050.15,0.002,0,0,1773339648012,False,True
0,2049.6,0.06975065,0,0,1773339648501,True,True
0,2049.59,1.5,0,0,1773339655029,False,True
0,2049.59,0.011,0,0,1773339655304,False,True
0,2049.59,0.00102512,0,0,1773339661192,False,True
0,2049.59,1e-08,0,0,1773339662550,False,True
0,2049.59,0.1874575,0,0,1773339667318,False,True
0,2049.59,0.1874575,0,0,1773339667318,False,True
0,2049.59,0.11305987,0,0,1773339667319,False,True
0,2049.25,0.00959181,0,0,1773339667376,True,True
0,2049.24,0.02439928,0,0,1773339667446,False,True
0,2048.76,0.00207743,0,0,1773339668985,False,True
0,2048.69,0.29230398,0,0,1773339668985,False,True
0,2048.69,0.02625568,0,0,1773339668985,False,True
0,2048.69,0.02806672,0,0,1773339668985,False,True
0,2048.57,0.25319125,0,0,1773339668985,False,True
0,2048.15,1.95436269,0,0,1773339668985,False,True
0,2048.21,0.0012061,0,0,1773339669119,True,True
0,2048.65,0.01830545,0,0,1773339671913,True,True
0,2049.09,0.01,0,0,1773339681522,True,True
0,2048.5,0.00132374,0,0,1773339686393,False,True
0,2048.5,0.00074348,0,0,1773339689487,False,True
0,2047.97,0.24925652,0,0,1773339689487,False,True
0,2047.97,1.25,0,0,1773339689487,False,True
0,2047.97,0.00451513,0,0,1773339690036,False,True
0,2047.4,0.00117188,0,0,1773339701890,True,True
0,2047.72,0.01572969,0,0,1773339706470,True,True
0,2047.97,0.07584,0,0,1773339727835,False,True
0,2047.98,0.4,0,0,1773339728894,True,True
0,2047.98,0.0516368,0,0,1773339728894,True,True
0,2048.0,6.73751171,0,0,1773339728894,True,True
0,2049.47,0.00485873,0,0,1773339730716,True,True
0,2049.83,0.00059749,0,0,1773339738191,True,True
0,2049.83,0.00108726,0,0,1773339738191,True,True
0,2049.86,0.04865351,0,0,1773339738191,True,True
0,2049.87,0.06622556,0,0,1773339738191,True,True
0,2049.96,0.42967642,0,0,1773339745065,True,True
0,2049.96,2.57032358,0,0,1773339745073,True,True
0,2049.94,3.0,0,0,1773339745145,True,True
0,2050.27,0.00608811,0,0,1773339748538,True,True
0,2050.43,0.55615913,0,0,1773339758327,True,True
0,2050.43,1.48971967,0,0,1773339758327,True,True
0,2050.33,0.00236147,0,0,1773339761784,False,True
0,2050.92,0.4,0,0,1773339767106,True,True
0,2051.03,0.0010053,0,0,1773339767133,True,True
0,2051.03,0.00068538,0,0,1773339767133,True,True
0,2051.83,0.00182546,0,0,1773339768836,False,True
0,2052.0,0.0229154,0,0,1773339772212,True,True
0,2051.93,0.00140101,0,0,1773339772640,False,True
0,2051.93,0.00066165,0,0,1773339772640,False,True
0,2050.79,0.00141578,0,0,1773339791372,True,True
0,2050.79,0.00029037,0,0,1773339791372,True,True
0,2051.53,0.00108349,0,0,1773339791372,True,True
0,2051.05,0.01173966,0,0,1773339805791,True,True
0,2051.04,7.17283402,0,0,1773339806210,True,True
0,2051.05,0.38826034,0,0,1773339807605,True,True
0,2051.12,0.83062754,0,0,1773339807605,True,True
0,2049.59,0.00299084,0,0,1773339828992,False,True
0,2051.19,0.00610083,0,0,1773339845356,True,True
0,2051.19,0.00970586,0,0,1773339845385,True,True
0,2051.45,0.4,0,0,1773339849311,False,True
0,2051.47,0.00591458,0,0,1773339851130,False,True
0,2051.47,0.00094766,0,0,1773339861269,True,True
0,2051.47,0.36972951,0,0,1773339861847,True,True
0,2051.48,0.04057139,0,0,1773339871524,True,True
0,2052.15,1.0,0,0,1773339873192,True,True
0,2052.19,5.77280007,0,0,1773339873192,True,True
0,2053.13,0.03848739,0,0,1773339886759,True,True
0,2052.31,0.05331471,0,0,1773339896899,False,True
0,2052.32,0.00361055,0,0,1773339897008,True,True
0,2052.2,0.01213332,0,0,1773339909363,True,True
0,2051.95,0.01730503,0,0,1773339910464,False,True
0,2052.03,0.00096024,0,0,1773339913035,True,True
0,2052.32,0.00243627,0,0,1773339918064,True,True
0,2052.32,0.39756373,0,0,1773339933181,True,True
0,2053.15,0.01140197,0,0,1773339933518,True,True
0,2053.49,0.97124895,0,0,1773339956746,True,True
0,2053.33,0.00189592,0,0,1773339958393,True,True
0,2053.33,0.00171048,0,0,1773339960344,True,True
0,2053.51,0.4,0,0,1773339972254,True,True
0,2053.91,0.09388902,0,0,1773339986838,True,True
0,2054.15,0.00486215,0,0,1773339992572,False,True
0,2054.25,0.0012225,0,0,1773339997899,False,True
0,2054.4,0.00284932,0,0,1773340001259,True,True
0,2054.43,0.01757659,0,0,1773340028536,True,True
0,2054.43,0.00936016,0,0,1773340030253,True,True
0,2054.43,0.01050279,0,0,1773340041287,True,True
0,2054.64,0.4,0,0,1773340051171,False,True
0,2054.42,0.05664635,0,0,1773340056296,False,True
0,2054.23,1.23327069,0,0,1773340056296,False,True
0,2054.23,0.00075841,0,0,1773340061923,False,True
0,2053.44,0.37519267,0,0,1773340062652,True,True
0,2053.25,0.01149562,0,0,1773340079361,False,True
0,2053.47,0.03144468,0,0,1773340084015,False,True
0,2053.45,0.00026512,0,0,1773340100902,False,True
0,2053.32,0.20097361,0,0,1773340108985,False,True
0,2052.96,0.09548546,0,0,1773340111627,True,True
0,2052.95,0.5875236,0,0,1773340112003,True,True
0,2052.96,0.02115341,0,0,1773340112003,True,True
0,2053.51,0.4,0,0,1773340132655,True,True
0,2054.21,0.01266333,0,0,1773340137770,True,True
0,2054.52,0.19231247,0,0,1773340141478,True,True
0,2054.01,0.26176885,0,0,1773340145709,False,True
0,2054.0,0.4,0,0,1773340152062,False,True
0,2053.98,0.02247042,0,0,1773340156343,False,True
0,2053.57,0.00024194,0,0,1773340163624,False,True
0,2053.57,0.09647947,0,0,1773340165314,False,True
0,2052.56,0.1694313,0,0,1773340187789,False,True
0,2052.41,0.02140534,0,0,1773340188162,False,True
0,2053.38,0.00034469,0,0,1773340197262,False,True
0,2053.62,1.00328567,0,0,1773340210122,False,True
0,2053.64,0.00541934,0,0,1773340212593,True,True
0,2053.64,0.04348832,0,0,1773340234569,True,True
0,2053.64,0.4,0,0,1773340234569,True,True
0,2053.98,5.35580797,0,0,1773340234569,True,True
0,2053.98,1.47641236,0,0,1773340234569,True,True
0,2053.98,0.52977967,0,0,1773340234569,True,True
0,2054.09,1.17172144,0,0,1773340234569,True,True
0,2054.09,2.25835535,0,0,1773340234569,True,True
0,2054.09,1.67422176,0,0,1773340234569,True,True
0,2054.09,5.79929629,0,0,1773340234569,True,True
0,2054.23,0.004471,0,0,1773340250088,True,True
0,2054.9,0.00959526,0,0,1773340252313,True,True
0,2054.95,0.4,0,0,1773340253017,False,True
0,2054.96,0.02294519,0,0,1773340255464,True,True
0,2054.96,0.00071563,0,0,1773340275792,True,True
0,2054.96,0.29489884,0,0,1773340279105,True,True
0,2055.26,2.13792643,0,0,1773340279105,True,True
0,2055.72,0.00396333,0,0,1773340285545,True,True
0,2055.56,0.15953415,0,0,1773340292725,True,True
0,2055.6,0.04601331,0,0,1773340296118,True,True
0,2055.17,0.00968314,0,0,1773340318144,True,True
0,2055.58,0.4,0,0,1773340323173,True,True
0,2056.14,0.00130266,0,0,1773340352772,False,True
0,2056.14,0.00582676,0,0,1773340359884,False,True
0,2056.15,1.0,0,0,1773340379436,True,True
0,2056.15,0.4,0,0,1773340379436,True,True
0,2057.35,1.42349773,0,0,1773340386672,False,True
0,2057.33,0.02340679,0,0,1773340391113,True,True
0,2057.36,5.45642286,0,0,1773340407437,True,True
0,2057.36,4.1533622,0,0,1773340407437,True,True
0,2057.36,0.4,0,0,1773340407437,True,True
0,2057.36,0.02165326,0,0,1773340407437,True,True
0,2056.62,0.01944939,0,0,1773340433391,True,True
0,2056.17,0.00124628,0,0,1773340439708,True,True
0,2055.62,2.0,0,0,1773340452031,False,True
0,2054.82,1.77300436,0,0,1773340455885,False,True
0,2054.82,0.08739842,0,0,1773340456479,False,True
0,2054.82,0.06410937,0,0,1773340456484,False,True
0,2054.82,0.0582266,0,0,1773340456517,False,True
0,2054.82,1.82337078,0,0,1773340456541,False,True
0,2054.16,0.15375278,0,0,1773340462318,False,True
0,2053.3,0.00954441,0,0,1773340465740,True,True
0,2053.51,0.00900473,0,0,1773340477178,True,True
0,2054.16,0.01092242,0,0,1773340510115,False,True
0,2054.16,0.01092242,0,0,1773340510115,False,True
0,2054.16,0.00983017,0,0,1773340511308,False,True
0,2054.16,0.00983017,0,0,1773340511308,False,True
0,2054.17,1.86051865,0,0,1773340517161,True,True
0,2054.17,0.93328278,0,0,1773340517162,True,True
0,2054.17,0.20619857,0,0,1773340517204,True,True
0,2054.38,0.73030862,0,0,1773340517218,True,True
0,2054.54,0.00103337,0,0,1773340517228,True,True
0,2054.54,0.00067651,0,0,1773340517228,True,True
0,2054.74,0.4,0,0,1773340518375,True,True
0,2054.9,0.26379118,0,0,1773340519118,True,True
0,2054.2,0.03649831,0,0,1773340527632,True,True
0,2054.97,0.06186454,0,0,1773340558950,False,True
0,2055.05,0.09912793,0,0,1773340560172,True,True
0,2055.3,0.00442754,0,0,1773340565744,True,True
0,2055.3,0.01037023,0,0,1773340582255,True,True
0,2055.3,0.38520223,0,0,1773340584535,True,True
0,2056.79,0.00056097,0,0,1773340603573,True,True
0,2056.79,0.0099127,0,0,1773340612386,True,True
0,2056.79,0.01350723,0,0,1773340612876,True,True
0,2056.79,0.37658007,0,0,1773340623633,True,True
0,2057.9,1.0,0,0,1773340626643,True,True
0,2058.38,0.012071,0,0,1773340626643,True,True
0,2058.38,1.01733921,0,0,1773340626643,True,True
0,2058.38,1.97058979,0,0,1773340626784,True,True
0,2058.48,6.697e-05,0,0,1773340635447,True,True
0,2058.48,0.00164647,0,0,1773340635447,True,True
0,2058.48,0.00017773,0,0,1773340635447,True,True
0,2058.48,0.04679077,0,0,1773340645208,True,True
0,2058.48,0.0757117,0,0,1773340651071,True,True
0,2058.47,0.00170721,0,0,1773340654851,False,True
0,2058.48,1.0,0,0,1773340662190,True,True
0,2058.48,0.04538818,0,0,1773340675098,True,True
0,2058.47,0.0190162,0,0,1773340680307,False,True
0,2058.39,1.1575019,0,0,1773340680307,False,True
0,2058.48,0.01279599,0,0,1773340687394,True,True
0,2058.48,0.38720401,0,0,1773340691759,True,True
0,2058.76,0.00048092,0,0,1773340709032,True,True
0,2058.75,0.16311851,0,0,1773340715120,True,True
0,2058.39,0.00166597,0,0,1773340727832,False,True
0,2058.36,0.02229,0,0,1773340742159,False,True
0,2058.72,0.00582886,0,0,1773340746931,True,True
0,2058.37,0.09851752,0,0,1773340760843,False,True
0,2058.44,0.00287175,0,0,1773340764041,True,True
0,2057.76,0.04859653,0,0,1773340769473,True,True
0,2056.87,1.7280928,0,0,1773340802432,False,True
0,2056.02,0.00972754,0,0,1773340813657,False,True
0,2056.02,0.0024028,0,0,1773340814720,False,True
0,2056.02,0.8074732,0,0,1773340819774,False,True
0,2055.7,0.06380065,0,0,1773340819774,False,True
0,2055.71,0.03244043,0,0,1773340820155,True,True
0,2055.87,0.00481596,0,0,1773340831039,True,True
0,2055.87,0.0004816,0,0,1773340831048,True,True
0,2055.75,0.31350219,0,0,1773340831943,False,True
0,2055.74,2.0,0,0,1773340839323,True,True
0,2055.74,0.5015172,0,0,1773340839323,True,True
0,2055.74,0.48457292,0,0,1773340839323,True,True
0,2055.73,0.0097289,0,0,1773340850893,False,True
0,2055.08,0.00691465,0,0,1773340851888,False,True
0,2054.52,0.07944256,0,0,1773340871058,False,True
0,2054.92,0.06858982,0,0,1773340900434,True,True
0,2054.91,0.06883557,0,0,1773340902593,True,True
0,2054.17,0.09911104,0,0,1773340910076,True,True
0,2054.16,0.00117188,0,0,1773340913259,False,True
0,2054.17,0.02542633,0,0,1773340913442,True,True
0,2054.22,0.02642785,0,0,1773340924634,True,True
0,2054.8,0.0025,0,0,1773340933089,False,True
0,2054.61,0.04867103,0,0,1773340936468,False,True
0,2054.6,0.98449666,0,0,1773340936468,False,True
0,2054.8,0.00175857,0,0,1773340943447,False,True
0,2054.6,0.00170373,0,0,1773340955140,False,True
0,2054.61,0.02899981,0,0,1773340956871,True,True
0,2054.61,0.00094739,0,0,1773340959509,True,True
0,2054.6,0.01125,0,0,1773340969078,False,True
0,2054.6,8.20655989,0,0,1773340977063,False,True
0,2054.6,0.15434146,0,0,1773340978642,False,True
0,2054.6,1.93026727,0,0,1773340981989,False,True
0,2054.6,0.43074805,0,0,1773340981990,False,True
0,2054.6,0.7651296,0,0,1773340981995,False,True
0,2054.16,0.12053236,0,0,1773340984383,False,True
0,2052.68,0.05052221,0,0,1773340987873,True,True
0,2053.1,0.00189198,0,0,1773341001718,False,True
0,2053.91,0.04660827,0,0,1773341013121,False,True
0,2053.93,0.01617159,0,0,1773341014621,True,True
0,2054.04,0.00849868,0,0,1773341022541,True,True
0,2054.12,0.4,0,0,1773341038492,True,True
0,2054.96,0.06617059,0,0,1773341041237,True,True
0,2054.93,0.00473875,0,0,1773341043387,True,True
0,2054.96,0.01300249,0,0,1773341045057,True,True
0,2055.19,0.01216433,0,0,1773341053971,True,True
0,2055.39,0.00169646,0,0,1773341057863,False,True
0,2055.58,0.03889938,0,0,1773341063492,True,True
0,2055.21,0.04770347,0,0,1773341085855,True,True
0,2054.57,0.46871791,0,0,1773341091295,True,True
0,2054.58,0.01192732,0,0,1773341091841,True,True
0,2053.12,0.00097542,0,0,1773341107665,False,True
0,2052.94,0.00511048,0,0,1773341108372,False,True
0,2053.11,0.0243533,0,0,1773341117996,True,True
0,2053.11,0.3756467,0,0,1773341121506,True,True
0,2053.92,1.23,0,0,1773341140209,True,True
0,2054.85,0.4,0,0,1773341161836,False,True
0,2053.94,0.00180286,0,0,1773341193488,False,True
0,2053.94,0.04176608,0,0,1773341193716,False,True
0,2053.95,0.00270332,0,0,1773341195142,True,True
0,2053.94,0.04186502,0,0,1773341197211,False,True
0,2053.94,0.04186502,0,0,1773341197211,False,True
0,2053.82,0.00471574,0,0,1773341201943,True,True
0,2054.47,0.00105964,0,0,1773341204127,True,True
0,2054.23,0.00057182,0,0,1773341211122,True,True
0,2054.0,0.00451653,0,0,1773341219115,True,True
0,2053.7,0.00105066,0,0,1773341223057,False,True
0,2053.33,0.12171,0,0,1773341226536,True,True
0,2052.8,0.01181457,0,0,1773341228282,True,True
0,2052.79,1.87402415,0,0,1773341228479,True,True
0,2052.8,2.54093221,0,0,1773341228479,True,True
0,2052.82,0.5875236,0,0,1773341228481,True,True
0,2052.85,1.27607294,0,0,1773341228481,True,True
0,2052.89,0.73084654,0,0,1773341228481,True,True
0,2052.91,3.0,0,0,1773341228481,True,True
0,2052.91,1.46169309,0,0,1773341228481,True,True
0,2053.15,1.73675385,0,0,1773341228486,True,True
0,2053.15,0.05408222,0,0,1773341228487,True,True
0,2053.15,0.09760965,0,0,1773341228487,True,True
0,2053.15,7.304,0,0,1773341228489,True,True
0,2053.15,0.16723815,0,0,1773341228490,True,True
0,2053.15,0.04659883,0,0,1773341228493,True,True
0,2053.15,0.30538179,0,0,1773341228504,True,True
0,2053.15,0.37788921,0,0,1773341228523,True,True
0,2052.56,0.00144188,0,0,1773341249020,False,True
0,2052.56,0.37976987,0,0,1773341254632,False,True
0,2052.11,0.23338191,0,0,1773341254647,False,True
0,2052.11,0.23338191,0,0,1773341254648,False,True
0,2052.11,0.23338191,0,0,1773341254648,False,True
0,2052.11,0.04873223,0,0,1773341254648,False,True
0,2052.11,1.25112204,0,0,1773341254650,False,True
0,2051.79,0.43352332,0,0,1773341254654,False,True
0,2051.8,0.04873769,0,0,1773341254676,False,True
0,2051.63,0.07329529,0,0,1773341254694,False,True
0,2051.63,0.37976987,0,0,1773341254702,False,True
0,2051.63,0.11762444,0,0,1773341254714,False,True
0,2051.63,0.14364775,0,0,1773341254717,False,True
0,2051.63,0.04873769,0,0,1773341254718,False,True
0,2051.63,0.14364775,0,0,1773341254719,False,True
0,2051.63,1.09327721,0,0,1773341254765,False,True
0,2050.76,0.0121296,0,0,1773341255048,True,True
0,2050.57,0.00484743,0,0,1773341260985,True,True
0,2050.57,0.0293,0,0,1773341263474,True,True
0,2050.57,0.4,0,0,1773341263474,True,True
0,2051.22,0.0544,0,0,1773341274765,True,True
0,2052.7,0.00769101,0,0,1773341280075,False,True
0,2053.18,0.45519297,0,0,1773341305937,False,True
0,2051.86,0.00241269,0,0,1773341310041,True,True
0,2051.83,0.02389021,0,0,1773341322460,True,True
0,2050.84,0.00051739,0,0,1773341334593,False,True
0,2050.96,0.00203548,0,0,1773341337915,True,True
0,2050.83,0.46306553,0,0,1773341341238,False,True
0,2050.01,0.24195004,0,0,1773341354852,True,True
0,2050.0,0.00146341,0,0,1773341355656,False,True
0,2050.0,8.20509648,0,0,1773341355656,False,True
0,2050.0,42.03880108,0,0,1773341357553,False,True
0,2049.46,0.4,0,0,1773341363875,False,True
0,2049.63,0.01,0,0,1773341371479,True,True
0,2049.63,0.04614554,0,0,1773341379025,True,True
0,2049.64,0.01027103,0,0,1773341392222,True,True
0,2049.63,0.5875236,0,0,1773341393135,False,True
0,2049.63,0.28645187,0,0,1773341393135,False,True
0,2049.63,0.1398978,0,0,1773341393135,False,True
0,2049.64,0.01952897,0,0,1773341395417,True,True
0,2049.98,2.92291698,0,0,1773341401746,True,True
0,2049.98,4.82521092,0,0,1773341401746,True,True
0,2050.01,0.949113,0,0,1773341401752,True,True
0,2050.03,3.0,0,0,1773341401752,True,True
0,2050.06,0.1465,0,0,1773341421788,True,True
0,2050.06,0.4,0,0,1773341421788,True,True
0,2051.25,0.10673342,0,0,1773341429934,False,True
0,2050.56,0.0688771,0,0,1773341434287,True,True
0,2050.55,0.00095566,0,0,1773341440189,False,True
0,2050.55,0.00808752,0,0,1773341445463,False,True
0,2050.55,0.00169326,0,0,1773341450614,False,True
0,2050.56,0.0565,0,0,1773341460344,True,True
0,2052.37,0.0635,0,0,1773341465361,True,True
0,2052.37,0.4,0,0,1773341465361,True,True
0,2053.28,0.00168382,0,0,1773341471438,True,True
0,2052.91,0.011321,0,0,1773341486792,True,True
0,2052.91,1.065,0,0,1773341491539,True,True
0,2052.9,0.0105,0,0,1773341491632,False,True
0,2052.9,0.02502557,0,0,1773341496335,False,True
0,2052.91,0.00118702,0,0,1773341504505,True,True
0,2052.9,0.18914415,0,0,1773341505835,False,True
0,2052.9,0.11266173,0,0,1773341505835,False,True
0,2052.9,0.042,0,0,1773341505835,False,True
0,2052.09,0.00247659,0,0,1773341510262,True,True
0,2052.62,0.4,0,0,1773341544349,True,True
0,2052.62,0.0308,0,0,1773341544349,True,True
0,2052.95,2.12545753,0,0,1773341544349,True,True
0,2052.83,0.00371949,0,0,1773341547069,False,True
0,2051.96,0.4,0,0,1773341566128,False,True
0,2051.97,0.0009371,0,0,1773341568096,True,True
0,2051.96,2.03669467,0,0,1773341569664,False,True
0,2051.96,0.5737,0,0,1773341569664,False,True
0,2051.96,0.58885411,0,0,1773341569664,False,True
0,2051.96,0.16057394,0,0,1773341569664,False,True
0,2051.96,0.5875236,0,0,1773341569664,False,True
0,2051.96,2.0,0,0,1773341569664,False,True
0,2051.96,6.83763346,0,0,1773341569664,False,True
0,2051.96,2.92332238,0,0,1773341569664,False,True
0,2051.96,4.87298563,0,0,1773341569664,False,True
0,2051.96,0.41871221,0,0,1773341569664,False,True
0,2051.97,0.00093714,0,0,1773341576508,True,True
0,2051.97,0.00119996,0,0,1773341585621,True,True
0,2051.97,0.1076258,0,0,1773341596281,True,True
0,2051.56,0.0919,0,0,1773341626949,True,True
0,2051.65,0.4,0,0,1773341626951,True,True
0,2052.56,0.00964708,0,0,1773341633651,True,True
0,2052.56,0.04065292,0,0,1773341638301,True,True
0,2052.7,0.00152322,0,0,1773341638301,True,True
0,2052.64,0.58611203,0,0,1773341652429,False,True
0,2052.56,0.5875236,0,0,1773341652429,False,True
0,2052.48,2.09636437,0,0,1773341652429,False,True
0,2052.42,0.00729927,0,0,1773341683095,True,True
0,2051.86,7.80940062,0,0,1773341703173,True,True
0,2051.86,15.61880125,0,0,1773341703173,True,True
0,2051.87,3.0,0,0,1773341703173,True,True
0,2051.87,0.609007,0,0,1773341703173,True,True
0,2051.48,0.3476027,0,0,1773341732687,False,True
0,2051.48,0.11527606,0,0,1773341732687,False,True
0,2050.86,0.00719591,0,0,1773341737950,True,True
0,2051.03,0.04291837,0,0,1773341749940,True,True
0,2051.02,0.00946737,0,0,1773341769046,True,True
0,2051.01,0.00096543,0,0,1773341769497,False,True
0,2049.96,0.00976292,0,0,1773341790099,True,True
0,2049.96,0.00970775,0,0,1773341792033,True,True
0,2049.96,0.01172933,0,0,1773341798717,True,True
0,2051.0,0.1465,0,0,1773341815809,True,True
0,2051.0,0.03783707,0,0,1773341815809,True,True
0,2050.96,0.00273937,0,0,1773341820240,False,True
0,2050.25,0.00204959,0,0,1773341869441,False,True
0,2050.22,0.3134573,0,0,1773341877679,False,True
0,2048.7,0.12790735,0,0,1773341905182,True,True
0,2048.7,0.0013386,0,0,1773341927097,True,True
0,2048.7,0.00525405,0,0,1773341931001,True,True
0,2048.7,0.18999172,0,0,1773341931001,True,True
0,2048.69,0.25885925,0,0,1773341936799,False,True
0,2048.69,0.00070216,0,0,1773341947694,False,True
0,2048.69,0.00145605,0,0,1773341948143,False,True
0,2048.7,0.01297594,0,0,1773341952369,True,True
0,2048.7,0.00483282,0,0,1773341955036,True,True
0,2048.7,0.01435631,0,0,1773341973604,True,True
0,2048.7,0.00450604,0,0,1773341985120,True,True
0,2048.7,0.00480901,0,0,1773342000144,True,True
0,2048.69,0.00522316,0,0,1773342001128,False,True
0,2048.7,0.00478544,0,0,1773342001851,True,True
0,2048.7,0.00476199,0,0,1773342008170,True,True
0,2048.7,0.11328121,0,0,1773342008422,True,True
0,2048.7,0.04767235,0,0,1773342008422,True,True
0,2048.7,0.0485686,0,0,1773342009647,True,True
0,2048.69,0.0133006,0,0,1773342009871,False,True
0,2048.7,0.30375905,0,0,1773342009982,True,True
0,2048.7,0.09762289,0,0,1773342009982,True,True
0,2049.66,0.1465,0,0,1773342015588,True,True
0,2050.0,0.012831,0,0,1773342018299,False,True
0,2050.52,0.15666039,0,0,1773342020290,False,True
0,2050.5,0.24333961,0,0,1773342020290,False,True
0,2050.21,0.05608074,0,0,1773342026123,True,True
0,2050.0,0.00931875,0,0,1773342038653,True,True
0,2050.0,0.058,0,0,1773342049251,True,True
0,2051.32,0.00167895,0,0,1773342050506,True,True
0,2051.71,0.675927,0,0,1773342050572,True,True
0,2051.79,4.80843529,0,0,1773342050572,True,True
0,2051.91,0.0131516,0,0,1773342051723,True,True
0,2051.74,0.754859,0,0,1773342056163,True,True
0,2051.91,0.0619,0,0,1773342056169,True,True
0,2052.0,30.76473658,0,0,1773342060719,True,True
0,2052.0,23.74594791,0,0,1773342060721,True,True
0,2052.0,4.66631043,0,0,1773342060723,True,True
0,2052.0,0.89325478,0,0,1773342060726,True,True
0,2052.0,0.4427244,0,0,1773342061049,True,True
0,2052.0,0.13325408,0,0,1773342061054,True,True
0,2052.0,0.10626623,0,0,1773342061058,True,True
0,2052.0,0.10501077,0,0,1773342061112,True,True
0,2052.0,0.04947505,0,0,1773342061115,True,True
0,2052.0,0.24948989,0,0,1773342061116,True,True
0,2052.0,2.69876978,0,0,1773342061133,True,True
0,2052.0,1.45185976,0,0,1773342061134,True,True
0,2052.0,50.25639581,0,0,1773342061134,True,True
0,2052.0,1.45186444,0,0,1773342061134,True,True
0,2052.0,0.09318925,0,0,1773342061135,True,True
0,2052.0,16.19831804,0,0,1773342061140,True,True
0,2052.0,0.07343893,0,0,1773342061141,True,True
0,2052.0,0.04619378,0,0,1773342061142,True,True
0,2052.0,33.8056171,0,0,1773342061142,True,True
0,2052.0,0.05674711,0,0,1773342061143,True,True
0,2052.0,0.05976099,0,0,1773342061144,True,True
0,2052.0,3.4,0,0,1773342061145,True,True
0,2052.0,3.4,0,0,1773342061147,True,True
0,2052.0,3.4,0,0,1773342061148,True,True
0,2052.0,0.07118979,0,0,1773342061148,True,True
0,2052.0,33.73748921,0,0,1773342061150,True,True
0,2052.62,0.38104272,0,0,1773342061252,True,True
0,2053.05,0.0016702,0,0,1773342061740,True,True
0,2052.0,0.26686647,0,0,1773342071038,False,True
0,2052.0,0.05302667,0,0,1773342071038,False,True
0,2052.0,0.10324485,0,0,1773342071038,False,True
0,2052.0,0.03434475,0,0,1773342077956,False,True
0,2052.0,0.00480125,0,0,1773342083035,True,True
0,2051.34,2.0,0,0,1773342090826,False,True
0,2051.19,0.17900215,0,0,1773342090831,False,True
0,2051.19,1.79331756,0,0,1773342090832,False,True
0,2051.19,0.07009525,0,0,1773342090833,False,True
0,2051.19,0.10918783,0,0,1773342090833,False,True
0,2051.19,0.0493089,0,0,1773342090833,False,True
0,2050.36,0.876779,0,0,1773342131976,True,True
0,2050.44,3.0,0,0,1773342131976,True,True
0,2050.64,2.55274678,0,0,1773342131976,True,True
0,2050.65,0.03,0,0,1773342131976,True,True
0,2050.65,0.4,0,0,1773342131976,True,True
0,2050.67,1.27607294,0,0,1773342131976,True,True
0,2050.68,7.394,0,0,1773342131976,True,True
0,2050.71,0.1564513,0,0,1773342131976,True,True
0,2050.74,24.38,0,0,1773342131976,True,True
0,2050.75,3.3854,0,0,1773342131976,True,True
0,2050.77,0.5737,0,0,1773342131976,True,True
0,2050.82,18.285,0,0,1773342131976,True,True
0,2050.86,1.87402415,0,0,1773342131976,True,True
0,2050.9,0.15406015,0,0,1773342131976,True,True
0,2050.94,16.57783242,0,0,1773342131976,True,True
0,2050.96,0.73136482,0,0,1773342131976,True,True
0,2050.96,16.5776236,0,0,1773342131976,True,True
0,2050.98,2.05117521,0,0,1773342131976,True,True
0,2050.06,0.00981922,0,0,1773342136534,True,True
0,2050.39,0.0101376,0,0,1773342146527,True,True
0,2050.38,0.07207568,0,0,1773342147302,True,True
0,2050.3,0.26142408,0,0,1773342153805,False,True
0,2049.53,0.00118992,0,0,1773342156623,True,True
0,2049.22,0.00483037,0,0,1773342175128,True,True
0,2048.69,0.03901844,0,0,1773342196381,False,True
0,2048.69,0.15843571,0,0,1773342196381,False,True
0,2048.7,0.1233624,0,0,1773342197510,True,True
0,2049.12,0.5875236,0,0,1773342197510,True,True
0,2049.12,2.55274678,0,0,1773342197510,True,True
0,2049.23,1.27607294,0,0,1773342197510,True,True
0,2049.25,0.18652193,0,0,1773342197510,True,True
0,2049.2,0.00448395,0,0,1773342197906,True,True
0,2049.01,0.02346223,0,0,1773342202280,True,True
0,2048.75,0.00224944,0,0,1773342203864,False,True
0,2048.7,0.00478415,0,0,1773342205632,True,True
0,2049.24,0.23946903,0,0,1773342219380,True,True
0,2049.24,0.00049837,0,0,1773342220361,True,True
0,2049.23,0.12727923,0,0,1773342222600,False,True
0,2049.24,0.00478417,0,0,1773342225710,True,True
0,2049.23,0.46190982,0,0,1773342227197,False,True
0,2049.23,0.5737,0,0,1773342227197,False,True
0,2049.23,0.16219161,0,0,1773342227197,False,True
0,2049.23,0.5875236,0,0,1773342227197,False,True
0,2049.23,2.92896823,0,0,1773342227197,False,True
0,2049.23,0.28570674,0,0,1773342227197,False,True
0,2049.24,0.12241583,0,0,1773342229448,True,True
0,2049.24,0.4,0,0,1773342229448,True,True
0,2050.06,0.00121766,0,0,1773342242278,True,True
0,2050.1,0.0666,0,0,1773342252375,True,True
0,2051.11,0.01131073,0,0,1773342269563,True,True
0,2051.11,0.00684488,0,0,1773342275495,True,True
0,2051.1,0.324,0,0,1773342280201,False,True
0,2051.11,0.02414439,0,0,1773342282247,True,True
0,2051.11,0.4,0,0,1773342282247,True,True
0,2051.73,0.1657664,0,0,1773342282247,True,True
0,2051.86,1.41008921,0,0,1773342282247,True,True
0,2051.16,0.00616175,0,0,1773342286838,False,True
0,2051.25,0.00094658,0,0,1773342289497,True,True
0,2051.36,0.0601,0,0,1773342291725,True,True
0,2051.36,0.05874285,0,0,1773342291725,True,True
0,2051.36,0.00095117,0,0,1773342293706,True,True
0,2051.1,0.00110658,0,0,1773342298287,False,True
0,2051.24,0.0236653,0,0,1773342299359,True,True
0,2049.96,0.0297,0,0,1773342328174,True,True
0,2049.96,0.4,0,0,1773342328174,True,True
0,2050.17,0.0016662,0,0,1773342328188,True,True
0,2050.51,0.05165651,0,0,1773342328212,True,True
0,2050.79,0.01219042,0,0,1773342330273,True,True
0,2050.51,0.0923,0,0,1773342340909,True,True
0,2050.51,0.20090527,0,0,1773342340909,True,True
0,2050.51,0.1011177,0,0,1773342340913,True,True
0,2050.51,0.07488018,0,0,1773342340913,True,True
0,2051.0,0.28712651,0,0,1773342341111,True,True
0,2051.0,0.27016275,0,0,1773342341158,True,True
0,2051.0,7.56424147,0,0,1773342341211,True,True
0,2051.0,0.69907078,0,0,1773342341212,True,True
0,2051.0,2.67939849,0,0,1773342341221,True,True
0,2051.08,0.45408927,0,0,1773342344780,True,True
0,2051.03,0.0009655,0,0,1773342351340,False,True
0,2051.27,0.00094529,0,0,1773342351570,True,True
0,2050.89,0.10762587,0,0,1773342357401,False,True
0,2051.35,0.0095118,0,0,1773342375543,False,True
0,2051.06,0.00142406,0,0,1773342376621,False,True
0,2051.35,7.72312567,0,0,1773342385935,True,True
0,2051.35,2.27687433,0,0,1773342385935,True,True
0,2050.1,0.00975685,0,0,1773342414017,True,True
0,2050.1,0.11004315,0,0,1773342416652,True,True
0,2050.19,0.02323634,0,0,1773342435770,False,True
0,2049.81,0.00482912,0,0,1773342442083,True,True
0,2049.79,0.00371284,0,0,1773342442609,False,True
0,2049.02,2.44019783,0,0,1773342460441,True,True
0,2049.02,0.4263054,0,0,1773342460441,True,True
0,2048.69,1.53,0,0,1773342461894,False,True
0,2048.69,0.00186394,0,0,1773342462139,False,True
0,2048.41,0.30813606,0,0,1773342462139,False,True
0,2048.38,0.0048335,0,0,1773342463033,True,True
0,2047.98,0.14648581,0,0,1773342471939,True,True
0,2047.97,0.48,0,0,1773342475975,False,True
0,2047.97,0.00828841,0,0,1773342482228,False,True
0,2047.48,0.5737,0,0,1773342482389,True,True
0,2047.29,19.83,0,0,1773342482625,False,True
0,2047.37,0.00250915,0,0,1773342483174,True,True
0,2047.29,0.0090484,0,0,1773342483415,False,True
0,2046.82,0.00101685,0,0,1773342483415,False,True
0,2047.34,0.0096027,0,0,1773342484605,True,True
0,2047.35,2.015596,0,0,1773342489050,True,True
0,2047.28,0.01109443,0,0,1773342489597,True,True
0,2047.43,0.0095783,0,0,1773342502418,True,True
0,2047.18,0.01377565,0,0,1773342510598,True,True
0,2047.46,0.0474,0,0,1773342511107,True,True
0,2048.01,0.01396815,0,0,1773342515207,False,True
0,2048.1,0.1465,0,0,1773342525535,True,True
0,2048.1,0.4,0,0,1773342525535,True,True
0,2049.8,0.005997,0,0,1773342528376,False,True
0,2051.31,0.00206507,0,0,1773342540187,True,True
0,2051.2,0.02369441,0,0,1773342543489,True,True
0,2051.31,0.33793497,0,0,1773342555284,True,True
0,2051.73,0.00473295,0,0,1773342556245,True,True
0,2051.73,0.000951,0,0,1773342570058,True,True
0,2051.46,0.010171,0,0,1773342583717,True,True
0,2051.49,0.04720818,0,0,1773342584265,True,True
0,2050.91,0.06050451,0,0,1773342602222,False,True
0,2050.84,0.42614879,0,0,1773342602222,False,True
0,2050.41,0.00708237,0,0,1773342609786,True,True
0,2050.63,0.00130266,0,0,1773342622232,True,True
0,2049.63,2.0,0,0,1773342626241,False,True
0,2049.08,0.18097106,0,0,1773342628137,False,True
0,2049.45,0.00745036,0,0,1773342632070,False,True
0,2048.48,0.00101154,0,0,1773342647040,False,True
0,2048.75,0.01198766,0,0,1773342647731,True,True
0,2049.36,0.04096267,0,0,1773342657026,True,True
0,2048.99,0.01432079,0,0,1773342667412,True,True
0,2048.73,0.02392601,0,0,1773342670166,True,True
0,2048.4,0.00478614,0,0,1773342671035,True,True
0,2048.4,0.00139556,0,0,1773342672248,True,True
0,2048.4,0.03179589,0,0,1773342674113,True,True
0,2047.7,0.00047409,0,0,1773342696853,True,True
0,2047.7,0.00239396,0,0,1773342696860,True,True
0,2047.71,0.00125984,0,0,1773342702810,True,True
0,2046.78,2.0,0,0,1773342721228,False,True
0,2046.73,0.5,0,0,1773342721228,False,True
0,2046.21,0.03649831,0,0,1773342721843,False,True
0,2046.21,0.14642507,0,0,1773342721869,False,True
0,2046.19,0.0134266,0,0,1773342722454,False,True
0,2046.0,0.01221896,0,0,1773342722454,False,True
0,2046.0,1.99435444,0,0,1773342722454,False,True
0,2045.83,0.08678485,0,0,1773342723004,True,True
0,2045.82,0.00164977,0,0,1773342723221,False,True
0,2045.82,0.00164647,0,0,1773342724041,True,True
0,2045.82,1.714e-05,0,0,1773342724041,True,True
0,2045.5,0.01772789,0,0,1773342725240,False,True
0,2045.77,0.00073225,0,0,1773342725831,False,True
0,2046.09,0.4,0,0,1773342727138,False,True
0,2046.43,0.03853,0,0,1773342727952,True,True
0,2046.43,0.0621175,0,0,1773342740899,True,True
0,2046.43,0.14751303,0,0,1773342740899,True,True
0,2047.18,0.00101418,0,0,1773342749802,False,True
0,2047.49,0.00142931,0,0,1773342754511,True,True
0,2047.36,0.57989484,0,0,1773342755388,True,True
0,2047.37,0.83927659,0,0,1773342755388,True,True
0,2046.97,0.00125984,0,0,1773342765956,False,True
0,2047.07,0.00730906,0,0,1773342769519,True,True
0,2047.13,0.147,0,0,1773342776091,True,True
0,2047.98,0.00467692,0,0,1773342780339,True,True
0,2047.98,0.00101117,0,0,1773342780481,True,True
0,2047.98,0.00370463,0,0,1773342781145,True,True
0,2047.98,0.39060728,0,0,1773342784170,True,True
0,2048.8,0.00948124,0,0,1773342786105,True,True
0,2048.8,0.11372208,0,0,1773342789772,True,True
0,2048.8,0.02329668,0,0,1773342793770,True,True
0,2049.58,5.0,0,0,1773342794976,False,True
0,2049.13,0.11512084,0,0,1773342837276,True,True
0,2049.13,0.28487916,0,0,1773342841139,True,True
0,2049.13,0.1465,0,0,1773342841139,True,True
0,2050.0,0.00057107,0,0,1773342847119,True,True
0,2049.99,0.01015676,0,0,1773342848699,False,True
0,2049.85,0.24425853,0,0,1773342852685,False,True
0,2049.41,0.01299697,0,0,1773342859809,True,True
0,2049.48,0.01265657,0,0,1773342867110,False,True
0,2049.61,0.1465,0,0,1773342887837,True,True
0,2049.61,0.4,0,0,1773342887837,True,True
0,2050.11,0.02397255,0,0,1773342903660,False,True
0,2050.12,0.00960568,0,0,1773342904207,True,True
0,2050.12,0.16585045,0,0,1773342905368,True,True
0,2050.41,0.1149,0,0,1773342910487,True,True
0,2051.55,0.00120088,0,0,1773342914466,True,True
0,2051.64,1.0,0,0,1773342920636,True,True
0,2051.64,0.0615,0,0,1773342920636,True,True
0,2051.9,1.0,0,0,1773342920636,True,True
0,2052.5,0.03946595,0,0,1773342920636,True,True
0,2052.51,2.89903405,0,0,1773342920636,True,True
0,2052.03,0.05611704,0,0,1773342925428,True,True
0,2052.44,0.005997,0,0,1773342927266,False,True
0,2052.03,0.01934182,0,0,1773342932054,True,True
0,2051.11,0.04489238,0,0,1773342960037,True,True
0,2051.81,0.00255634,0,0,1773342965287,True,True
0,2051.79,0.5,0,0,1773342966639,False,True
0,2051.81,0.0635,0,0,1773342972734,True,True
0,2052.02,0.01989667,0,0,1773342976081,False,True
0,2051.71,0.00197304,0,0,1773342981922,True,True
0,2051.69,0.00944113,0,0,1773342983115,True,True
0,2051.41,0.00149982,0,0,1773342983118,False,True
0,2051.69,0.00176091,0,0,1773342983916,True,True
0,2051.64,0.00829219,0,0,1773343017789,False,True
0,2051.68,0.00955697,0,0,1773343023565,True,True
0,2051.68,0.008,0,0,1773343025291,True,True
0,2051.91,0.00590633,0,0,1773343029123,False,True
0,2052.31,0.4,0,0,1773343029802,False,True
0,2052.35,0.1465,0,0,1773343054110,True,True
0,2052.88,0.00096641,0,0,1773343069936,False,True
0,2052.89,0.0728,0,0,1773343079272,True,True
0,2053.84,0.4,0,0,1773343080304,False,True
0,2053.85,0.0048689,0,0,1773343081609,True,True
0,2054.6,0.005997,0,0,1773343082168,False,True
0,2054.89,0.03200644,0,0,1773343084565,False,True
0,2054.92,0.00094263,0,0,1773343088458,True,True
0,2054.95,0.00124729,0,0,1773343093325,True,True
0,2054.95,0.5737,0,0,1773343113401,False,True
0,2054.95,0.53208546,0,0,1773343113401,False,True
0,2054.96,0.31855966,0,0,1773343114895,True,True
0,2054.96,0.0695,0,0,1773343114895,True,True
0,2055.56,0.26229745,0,0,1773343114926,False,True
0,2055.56,2.43121967,0,0,1773343114927,False,True
0,2055.58,0.02555249,0,0,1773343136312,True,True
0,2055.58,0.02237664,0,0,1773343136312,True,True
0,2055.58,0.4,0,0,1773343140648,True,True
0,2055.58,0.0696,0,0,1773343140648,True,True
0,2056.1,0.41808122,0,0,1773343140663,False,True
0,2056.26,0.00650999,0,0,1773343140663,True,True
0,2056.26,2.99349001,0,0,1773343140696,True,True
0,2056.26,0.779624,0,0,1773343140696,True,True
0,2056.47,3.0,0,0,1773343140737,True,True
0,2056.88,3.267259,0,0,1773343140737,True,True
0,2057.0,1.029741,0,0,1773343140737,True,True
0,2056.88,0.07561336,0,0,1773343140761,True,True
0,2056.88,0.14349122,0,0,1773343140761,True,True
0,2056.79,0.00096348,0,0,1773343145389,False,True
0,2056.55,0.00526715,0,0,1773343162547,True,True
0,2056.14,0.866886,0,0,1773343178178,True,True
0,2056.94,0.00965169,0,0,1773343192427,True,True
0,2056.39,0.00188645,0,0,1773343195871,True,True
0,2056.39,0.01172231,0,0,1773343195919,True,True
0,2055.03,0.16185233,0,0,1773343207345,True,True
0,2055.03,0.01194221,0,0,1773343208062,True,True
0,2054.97,0.54192598,0,0,1773343209470,True,True
0,2054.98,0.66560274,0,0,1773343209470,True,True
0,2054.64,0.5875236,0,0,1773343210911,False,True
0,2054.63,0.02115341,0,0,1773343210911,False,True
0,2054.75,0.00481859,0,0,1773343221031,True,True
0,2055.1,0.0052892,0,0,1773343229819,True,True
0,2055.1,0.0052892,0,0,1773343229819,True,True
0,2055.1,0.00941717,0,0,1773343247867,True,True
0,2055.1,0.13507279,0,0,1773343251143,True,True
0,2055.1,0.4,0,0,1773343251143,True,True
0,2055.67,0.06804046,0,0,1773343251143,True,True
0,2055.54,0.02454214,0,0,1773343264098,True,True
0,2055.18,0.01485028,0,0,1773343291599,False,True
0,2055.69,0.00194833,0,0,1773343307849,False,True
0,2055.83,0.00923042,0,0,1773343317906,False,True
0,2055.84,0.4,0,0,1773343318733,True,True
0,2056.99,0.56003822,0,0,1773343337609,False,True
0,2056.99,1.87402415,0,0,1773343337609,False,True
0,2056.99,0.39470707,0,0,1773343337609,False,True
0,2056.99,2.92005632,0,0,1773343337609,False,True
0,2056.99,0.5875236,0,0,1773343337609,False,True
0,2056.99,2.0,0,0,1773343337609,False,True
0,2056.99,22.14057955,0,0,1773343337609,False,True
0,2057.0,0.63065295,0,0,1773343343389,True,True
0,2057.0,0.4,0,0,1773343343389,True,True
0,2057.28,0.00556973,0,0,1773343365994,False,True
0,2058.41,5.39000175,0,0,1773343391380,False,True
0,2058.41,0.00309112,0,0,1773343393226,False,True
0,2058.42,0.4,0,0,1773343395700,True,True
0,2058.64,1.17993687,0,0,1773343395700,True,True
0,2059.0,0.01165614,0,0,1773343406366,True,True
0,2059.7,0.00109543,0,0,1773343406515,False,True
0,2059.98,0.01535683,0,0,1773343407471,True,True
0,2059.69,0.02,0,0,1773343409594,True,True
0,2059.17,0.3,0,0,1773343415874,False,True
0,2059.18,0.00527996,0,0,1773343416684,True,True
0,2059.17,1.7,0,0,1773343417468,False,True
0,2058.99,0.5875236,0,0,1773343420411,True,True
0,2059.0,0.8836024,0,0,1773343420411,True,True
0,2058.67,0.00071786,0,0,1773343427042,True,True
0,2058.41,0.02,0,0,1773343429145,False,True
0,2058.41,0.00439805,0,0,1773343434438,False,True
0,2057.35,0.00692719,0,0,1773343453287,False,True
0,2057.22,0.0019413,0,0,1773343511842,False,True
0,2057.24,0.00898596,0,0,1773343512882,True,True
0,2057.24,0.94657904,0,0,1773343513006,True,True
0,2057.46,1.7912018,0,0,1773343513006,True,True
0,2057.15,0.02,0,0,1773343515478,True,True
0,2057.11,0.17400715,0,0,1773343532265,True,True
0,2057.58,0.34391648,0,0,1773343533019,True,True
0,2057.58,1.65608352,0,0,1773343533220,True,True
0,2057.82,0.4,0,0,1773343533716,True,True
0,2058.06,0.4,0,0,1773343534527,False,True
0,2058.07,0.0057,0,0,1773343535598,True,True
0,2058.07,3.979e-05,0,0,1773343535618,True,True
0,2059.53,0.02514061,0,0,1773343542110,False,True
0,2059.29,0.04817679,0,0,1773343549700,True,True
0,2059.95,0.04839054,0,0,1773343558441,True,True
0,2059.81,0.01096483,0,0,1773343593718,False,True
0,2059.79,0.02289634,0,0,1773343599576,True,True
0,2059.72,0.1,0,0,1773343637813,False,True
0,2059.82,0.47248595,0,0,1773343648382,True,True
0,2059.82,0.00089309,0,0,1773343650448,True,True
0,2059.82,0.4,0,0,1773343651336,True,True
0,2059.83,0.04854769,0,0,1773343663756,False,True
0,2059.83,2.42738478,0,0,1773343663756,False,True
0,2059.82,2.15056131,0,0,1773343663756,False,True
0,2059.48,0.00531437,0,0,1773343689479,True,True
0,2059.47,0.06608017,0,0,1773343695984,False,True
0,2059.47,0.00531608,0,0,1773343700177,False,True
0,2059.48,0.39468563,0,0,1773343706602,True,True
0,2060.65,1.0,0,0,1773343713759,True,True
0,2061.17,0.005997,0,0,1773343713807,False,True
0,2061.24,0.31758769,0,0,1773343714936,True,True
0,2061.51,0.36451079,0,0,1773343735529,False,True
0,2061.38,3.89150128,0,0,1773343735529,False,True
0,2061.37,8.97305823,0,0,1773343735529,False,True
0,2061.39,0.659958,0,0,1773343737013,True,True
0,2061.55,0.4,0,0,1773343737013,True,True
0,2061.64,3.0,0,0,1773343737013,True,True
0,2061.66,16.54446815,0,0,1773343737013,True,True
0,2061.59,0.54317104,0,0,1773343738883,True,True
0,2061.61,0.5737,0,0,1773343738883,True,True
0,2061.62,0.05004751,0,0,1773343738883,True,True
0,2061.62,0.5875236,0,0,1773343738883,True,True
0,2061.63,0.62202,0,0,1773343738883,True,True
0,2061.79,1.85629302,0,0,1773343738887,True,True
0,2061.86,0.16198014,0,0,1773343738892,True,True
0,2061.89,0.72765223,0,0,1773343738898,True,True
0,2061.96,1.87402415,0,0,1773343738898,True,True
0,2062.61,2.1,0,0,1773343754925,False,True
0,2062.05,0.99009901,0,0,1773343759161,False,True
0,2061.74,0.17058855,0,0,1773343760226,False,True
0,2062.11,0.0129988,0,0,1773343767538,True,True
0,2061.6,0.04850601,0,0,1773343767640,False,True
0,2061.59,0.01749975,0,0,1773343767640,False,True
0,2062.13,0.0161305,0,0,1773343778915,True,True
0,2061.88,0.09117626,0,0,1773343790964,True,True
0,2061.88,0.00727491,0,0,1773343798832,True,True
0,2062.16,0.4,0,0,1773343802447,True,True
0,2062.16,0.29584502,0,0,1773343802447,True,True
0,2062.84,0.00852618,0,0,1773343804638,True,True
0,2063.15,0.03761239,0,0,1773343823194,True,True
0,2063.99,0.005997,0,0,1773343827608,False,True
0,2064.46,0.00238615,0,0,1773343829036,True,True
0,2063.57,0.00252268,0,0,1773343834655,True,True
0,2063.89,0.4,0,0,1773343837091,False,True
0,2064.2,0.00096024,0,0,1773343838232,False,True
0,2064.21,1.000088,0,0,1773343841925,True,True
0,2064.67,0.00893774,0,0,1773343844520,True,True
0,2063.22,0.00242076,0,0,1773343855107,False,True
0,2065.0,2.0,0,0,1773343870466,True,True
0,2065.0,1.9168461,0,0,1773343870466,True,True
0,2065.0,0.43967491,0,0,1773343870467,True,True
0,2065.0,0.35261843,0,0,1773343870469,True,True
0,2065.0,7.29086056,0,0,1773343879276,True,True
0,2065.0,0.01210653,0,0,1773343879276,True,True
0,2065.0,1.23,0,0,1773343879276,True,True
0,2065.63,0.48708769,0,0,1773343879336,False,True
0,2065.63,0.01343632,0,0,1773343889735,False,True
0,2065.85,0.00327232,0,0,1773343890452,True,True
0,2065.95,0.00476886,0,0,1773343930036,True,True
0,2065.95,0.4,0,0,1773343945640,True,True
0,2066.99,0.23785691,0,0,1773343945978,True,True
0,2066.96,0.01928036,0,0,1773343946409,False,True
0,2066.96,0.104748,0,0,1773343954223,True,True
0,2067.32,0.00070845,0,0,1773343970378,False,True
0,2067.45,0.00233346,0,0,1773343970619,True,True
0,2067.55,0.31662009,0,0,1773343970619,True,True
0,2067.59,0.45356541,0,0,1773343970619,True,True
0,2067.6,0.19475339,0,0,1773343970619,True,True
0,2066.88,0.01209353,0,0,1773343991599,False,True
0,2067.38,0.00444344,0,0,1773344005660,True,True
0,2067.38,0.376,0,0,1773344019807,True,True
0,2067.38,0.01955656,0,0,1773344019987,True,True
0,2067.76,0.5875236,0,0,1773344019987,True,True
0,2067.76,2.182632,0,0,1773344019987,True,True
0,2067.77,1.83428784,0,0,1773344019987,True,True
0,2067.37,0.00487165,0,0,1773344020573,False,True
0,2067.07,0.02281504,0,0,1773344040784,True,True
0,2066.81,0.0785649,0,0,1773344042715,True,True
0,2067.33,0.23527853,0,0,1773344048169,True,True
0,2067.28,0.91623,0,0,1773344051272,False,True
0,2067.36,0.00095773,0,0,1773344053283,False,True
0,2067.1,2.41917535,0,0,1773344060529,False,True
0,2067.0,0.51790418,0,0,1773344070248,True,True
0,2067.01,0.93032438,0,0,1773344070248,True,True
0,2067.02,0.804698,0,0,1773344070248,True,True
0,2067.02,0.10996,0,0,1773344083445,False,True
0,2067.02,7.1,0,0,1773344083472,False,True
0,2067.02,20.89,0,0,1773344083683,False,True
0,2067.03,0.026215,0,0,1773344085311,True,True
0,2067.02,0.00030305,0,0,1773344088832,False,True
0,2066.93,0.00101805,0,0,1773344094460,True,True
0,2066.89,0.00453057,0,0,1773344113954,True,True
0,2066.89,0.08277512,0,0,1773344114613,True,True
0,2066.89,0.22934256,0,0,1773344132623,True,True
0,2066.94,0.58838639,0,0,1773344132623,True,True
0,2066.94,23.25763064,0,0,1773344132623,True,True
0,2066.84,0.02393492,0,0,1773344135718,True,True
0,2066.71,0.4,0,0,1773344140061,False,True
0,2066.68,0.072,0,0,1773344141649,False,True
0,2066.19,0.02291619,0,0,1773344141652,False,True
0,2065.7,0.00120131,0,0,1773344147245,True,True
0,2065.39,0.02396881,0,0,1773344152035,True,True
0,2066.56,0.01822912,0,0,1773344162368,True,True
0,2065.57,2.0,0,0,1773344170749,False,True
0,2065.68,0.033717,0,0,1773344182379,True,True
0,2065.68,0.23153088,0,0,1773344185082,True,True
0,2066.6,0.07,0,0,1773344203209,False,True
0,2066.6,0.0009,0,0,1773344205588,False,True
0,2066.14,0.50369011,0,0,1773344205588,False,True
0,2066.25,2.41984271,0,0,1773344221296,False,True
0,2066.25,0.58258287,0,0,1773344221296,False,True
0,2066.25,0.18057169,0,0,1773344221296,False,True
0,2066.26,0.0016484,0,0,1773344221436,True,True
0,2066.61,0.01576574,0,0,1773344221436,True,True
0,2066.61,0.32890649,0,0,1773344228858,True,True
0,2066.6,0.0696,0,0,1773344237665,False,True
0,2066.6,2.41943288,0,0,1773344237665,False,True
0,2066.6,0.58198737,0,0,1773344237665,False,True
0,2066.6,8.92897975,0,0,1773344237665,False,True
0,2066.61,0.00071692,0,0,1773344238968,True,True
0,2066.99,0.4,0,0,1773344240979,False,True
0,2066.45,0.00105413,0,0,1773344248617,False,True
0,2066.69,0.04766433,0,0,1773344248973,True,True
0,2066.64,0.00158639,0,0,1773344266922,False,True
0,2067.0,0.00474307,0,0,1773344274178,True,True
0,2066.99,0.11716497,0,0,1773344285970,True,True
0,2067.0,0.00047084,0,0,1773344293564,True,True
0,2067.0,1.78723717,0,0,1773344303189,True,True
0,2067.0,0.73590443,0,0,1773344303191,True,True
0,2067.0,0.52621799,0,0,1773344303206,True,True
0,2067.0,0.29037652,0,0,1773344303208,True,True
0,2067.0,0.29849467,0,0,1773344304096,True,True
0,2067.0,0.55426789,0,0,1773344304100,True,True
0,2067.0,2.4567798,0,0,1773344304173,True,True
0,2067.0,0.69907129,0,0,1773344304176,True,True
0,2067.0,1.00296849,0,0,1773344304186,True,True
0,2067.0,0.94762749,0,0,1773344304187,True,True
0,2067.0,0.69584035,0,0,1773344304187,True,True
0,2067.0,0.4,0,0,1773344304187,True,True
0,2067.95,0.01161108,0,0,1773344305570,False,True
0,2067.96,0.07535587,0,0,1773344318161,True,True
0,2067.33,2.0,0,0,1773344323342,False,True
0,2067.2,0.01209365,0,0,1773344344148,True,True
0,2067.2,0.37717734,0,0,1773344359920,True,True
0,2067.2,0.02282266,0,0,1773344363724,True,True
0,2067.95,0.00096242,0,0,1773344371184,False,True
0,2067.95,0.13548995,0,0,1773344379792,False,True
0,2067.95,0.0510001,0,0,1773344400118,False,True
0,2067.95,0.0944999,0,0,1773344402409,False,True
0,2067.95,1.06554462,0,0,1773344402409,False,True
0,2067.51,0.02382629,0,0,1773344404036,True,True
0,2067.45,0.00123281,0,0,1773344413784,False,True
0,2067.45,0.14426719,0,0,1773344415859,False,True
0,2067.39,0.40281768,0,0,1773344429395,True,True
0,2067.39,1.01965388,0,0,1773344429395,True,True
0,2067.34,0.07,0,0,1773344445653,False,True
0,2067.35,0.46039387,0,0,1773344446761,True,True
0,2067.35,0.47883268,0,0,1773344446761,True,True
0,2067.34,0.006,0,0,1773344447597,False,True
0,2066.22,0.00239592,0,0,1773344470032,True,True
0,2066.22,0.00619769,0,0,1773344472080,True,True
0,2066.21,0.0611,0,0,1773344489585,False,True
0,2065.59,0.00186137,0,0,1773344490457,True,True
0,2065.56,0.04688981,0,0,1773344493463,True,True
0,2065.57,0.04874181,0,0,1773344502180,True,True
0,2065.57,0.35125819,0,0,1773344515723,True,True
0,2066.22,0.00444593,0,0,1773344523444,True,True
0,2066.21,0.00975685,0,0,1773344523736,False,True
0,2066.22,0.02562619,0,0,1773344527055,True,True
0,2066.22,5.5407953,0,0,1773344527055,True,True
0,2066.88,0.04724156,0,0,1773344537406,True,True
0,2067.28,0.00237123,0,0,1773344537406,True,True
0,2067.11,0.02371672,0,0,1773344544613,True,True
0,2067.02,0.05079776,0,0,1773344550675,False,True
0,2065.62,0.00094396,0,0,1773344555325,True,True
0,2066.21,0.00475266,0,0,1773344587602,True,True
0,2066.19,0.00474493,0,0,1773344590032,True,True
0,2066.21,2.0,0,0,1773344603184,True,True
0,2066.21,0.4,0,0,1773344603184,True,True
0,2067.14,0.72593348,0,0,1773344603249,False,True
0,2067.15,0.5737,0,0,1773344603315,False,True
0,2067.15,0.39421131,0,0,1773344603315,False,True
0,2067.79,0.00224413,0,0,1773344607926,False,True
0,2067.79,0.06529193,0,0,1773344621031,True,True
0,2067.96,0.79173708,0,0,1773344649788,True,True
0,2067.96,0.4,0,0,1773344649788,True,True
0,2068.0,0.09183861,0,0,1773344649788,True,True
0,2068.0,0.87527937,0,0,1773344649788,True,True
0,2068.14,0.04747158,0,0,1773344651114,False,True
0,2068.14,0.00121757,0,0,1773344652346,False,True
0,2068.0,0.00142065,0,0,1773344661438,False,True
0,2068.16,0.00329406,0,0,1773344664447,True,True
0,2068.28,0.996706,0,0,1773344675031,True,True
0,2068.34,0.00405317,0,0,1773344675031,True,True
0,2068.6,0.01295869,0,0,1773344675102,True,True
0,2068.66,0.00474013,0,0,1773344675405,True,True
0,2069.0,0.00857129,0,0,1773344678940,True,True
0,2069.0,0.00442069,0,0,1773344689693,True,True
0,2068.99,0.1455,0,0,1773344700562,False,True
0,2068.14,0.01449128,0,0,1773344707378,False,True
0,2067.6,0.00942049,0,0,1773344718134,True,True
0,2067.76,0.09391493,0,0,1773344720002,True,True
0,2068.87,0.03157453,0,0,1773344768489,True,True
0,2068.86,0.03838436,0,0,1773344770472,False,True
0,2068.86,0.1,0,0,1773344778858,False,True
0,2068.86,0.00711564,0,0,1773344779276,False,True
0,2067.59,0.92865532,0,0,1773344779545,True,True
0,2067.83,0.01411257,0,0,1773344780322,True,True
0,2068.46,0.4,0,0,1773344809385,True,True
0,2068.46,0.39101768,0,0,1773344809385,True,True
0,2068.87,0.00478665,0,0,1773344812490,True,True
0,2068.65,0.09408382,0,0,1773344821211,True,True
0,2068.87,23.16819856,0,0,1773344827307,True,True
0,2069.0,0.0921208,0,0,1773344827714,True,True
0,2069.0,0.04241836,0,0,1773344827714,True,True
0,2069.0,0.08201978,0,0,1773344827714,True,True
0,2069.0,0.00871941,0,0,1773344827714,True,True
0,2069.0,0.11137357,0,0,1773344827714,True,True
0,2069.0,0.24113142,0,0,1773344827714,True,True
0,2069.0,0.10427336,0,0,1773344827714,True,True
0,2069.0,0.27160187,0,0,1773344827714,True,True
0,2069.42,0.0831,0,0,1773344841612,True,True
0,2069.81,0.7247,0,0,1773344841650,True,True
0,2070.0,0.1193352,0,0,1773344841660,True,True
0,2070.0,0.84684837,0,0,1773344841660,True,True
0,2070.0,0.509978,0,0,1773344841660,True,True
0,2070.0,18.19712234,0,0,1773344841660,True,True
0,2070.0,6.80287766,0,0,1773344841662,True,True
0,2070.0,2.56800711,0,0,1773344841662,True,True
0,2070.0,0.43199289,0,0,1773344841668,True,True
0,2070.5,0.04900955,0,0,1773344842738,False,True
0,2070.81,0.00163732,0,0,1773344847999,True,True
0,2070.81,0.4,0,0,1773344847999,True,True
0,2071.0,0.00592244,0,0,1773344848023,True,True
0,2071.0,0.00421758,0,0,1773344848023,True,True
0,2070.67,0.03466594,0,0,1773344855157,True,True
0,2070.59,0.00048817,0,0,1773344861999,True,True
0,2070.47,0.134731,0,0,1773344875569,True,True
0,2070.46,0.1455,0,0,1773344878276,False,True
0,2070.29,0.0076231,0,0,1773344883210,False,True
0,2070.65,0.23778167,0,0,1773344887701,True,True
0,2070.63,0.00942144,0,0,1773344887815,True,True
0,2070.38,0.38061306,0,0,1773344894241,True,True
0,2070.37,0.04468145,0,0,1773344904913,False,True
0,2069.78,0.145,0,0,1773344912301,False,True
0,2070.06,0.01285811,0,0,1773344925855,True,True
0,2070.38,0.4,0,0,1773344941769,True,True
0,2070.51,2.55834674,0,0,1773344941812,True,True
0,2071.26,0.07731,0,0,1773344951477,False,True
0,2071.27,0.01810274,0,0,1773344951909,True,True
0,2071.26,0.06769,0,0,1773344961114,False,True
0,2070.97,0.69769133,0,0,1773344961114,False,True
0,2071.09,0.04663104,0,0,1773344962575,False,True
0,2071.1,0.145,0,0,1773344978288,False,True
0,2070.74,0.12350657,0,0,1773344984273,True,True
0,2071.05,0.00147301,0,0,1773344984836,True,True
0,2071.48,0.4,0,0,1773344994531,True,True
0,2071.51,0.02669449,0,0,1773344994531,True,True
0,2071.6,0.00162923,0,0,1773344994558,True,True
0,2072.16,1.0,0,0,1773344994664,True,True
0,2072.63,0.3384504,0,0,1773344994767,True,True
0,2072.66,1.0,0,0,1773344994767,True,True
0,2073.0,5.0,0,0,1773344994767,True,True
0,2073.54,0.1694313,0,0,1773344995608,True,True
0,2073.57,0.00169444,0,0,1773344997974,True,True
0,2073.56,0.20258,0,0,1773344998090,False,True
0,2073.56,0.4,0,0,1773344998420,False,True
0,2073.56,0.145,0,0,1773345001385,False,True
0,2072.82,0.01,0,0,1773345011317,True,True
0,2073.26,0.14,0,0,1773345036345,False,True
0,2073.26,0.00162031,0,0,1773345037099,False,True
0,2073.27,0.04823298,0,0,1773345037444,True,True
0,2073.27,0.50902406,0,0,1773345037444,True,True
0,2073.27,7.63107096,0,0,1773345037444,True,True
0,2073.27,0.51821657,0,0,1773345037444,True,True
0,2073.27,0.5737,0,0,1773345037444,True,True
0,2073.27,0.5875236,0,0,1773345037444,True,True
0,2073.27,2.0,0,0,1773345037444,True,True
0,2073.27,1.87402415,0,0,1773345037444,True,True
0,2073.27,0.44694667,0,0,1773345037444,True,True
0,2073.27,2.55274678,0,0,1773345037444,True,True
0,2073.27,1.27607294,0,0,1773345037444,True,True
0,2073.27,18.086,0,0,1773345037444,True,True
0,2073.27,0.3,0,0,1773345037444,True,True
0,2073.27,2.41164923,0,0,1773345037444,True,True
0,2073.29,18.80503769,0,0,1773345037444,True,True
0,2073.3,11.03103507,0,0,1773345037444,True,True
0,2073.31,24.115,0,0,1773345037444,True,True
0,2073.31,10.61109858,0,0,1773345037444,True,True
0,2073.38,0.72345638,0,0,1773345037444,True,True
0,2073.39,7.292,0,0,1773345037444,True,True
0,2073.48,0.5737,0,0,1773345037444,True,True
0,2073.48,10.60126071,0,0,1773345037444,True,True
0,2073.36,1.0287277,0,0,1773345039467,False,True
0,2073.37,0.00337969,0,0,1773345045668,False,True
0,2073.18,0.15192685,0,0,1773345045668,False,True
0,2072.25,0.0133589,0,0,1773345055426,True,True
0,2071.99,0.04934869,0,0,1773345059552,False,True
0,2072.21,0.00467633,0,0,1773345061853,True,True
0,2071.99,0.09,0,0,1773345064083,False,True
0,2072.0,0.05791506,0,0,1773345065299,True,True
0,2071.99,0.00565131,0,0,1773345075563,False,True
0,2071.29,2.0,0,0,1773345075873,False,True
0,2071.96,0.5737,0,0,1773345090619,True,True
0,2071.98,2.985,0,0,1773345090619,True,True
0,2071.98,1.80722829,0,0,1773345090619,True,True
0,2071.98,0.5737,0,0,1773345090619,True,True
0,2071.99,0.03384642,0,0,1773345090619,True,True
0,2071.99,7.299,0,0,1773345090619,True,True
0,2072.0,10.0,0,0,1773345090619,True,True
0,2072.0,0.9137294,0,0,1773345090619,True,True
0,2072.01,0.64804624,0,0,1773345090619,True,True
0,2072.09,2.41302377,0,0,1773345090619,True,True
0,2072.1,8.50033686,0,0,1773345090619,True,True
0,2072.11,10.61722121,0,0,1773345090619,True,True
0,2072.13,18.85609855,0,0,1773345090619,True,True
0,2072.21,0.5737,0,0,1773345090619,True,True
0,2072.22,18.103,0,0,1773345090619,True,True
0,2072.22,0.72386136,0,0,1773345090619,True,True
0,2072.27,0.36,0,0,1773345090619,True,True
0,2072.28,24.137,0,0,1773345090619,True,True
0,2072.3,13.55825626,0,0,1773345090619,True,True
0,2071.45,0.14,0,0,1773345101035,False,True
0,2071.45,0.005,0,0,1773345101530,False,True
0,2071.13,0.0611272,0,0,1773345107507,True,True
0,2071.13,7.45330695,0,0,1773345107507,True,True
0,2071.37,0.00475638,0,0,1773345142239,True,True
0,2071.37,0.00132068,0,0,1773345147738,True,True
0,2071.37,0.00246786,0,0,1773345147738,True,True
0,2071.37,0.00482666,0,0,1773345147738,True,True
0,2071.37,0.00931704,0,0,1773345147738,True,True
0,2071.36,0.00500848,0,0,1773345159141,False,True
0,2071.36,0.13999152,0,0,1773345162448,False,True
0,2070.92,0.03153642,0,0,1773345163005,True,True
0,2071.15,0.00079013,0,0,1773345183468,False,True
0,2071.13,0.145,0,0,1773345188976,False,True
0,2070.66,0.10722703,0,0,1773345192476,False,True
0,2071.17,3.0,0,0,1773345199381,True,True
0,2071.37,0.02387477,0,0,1773345199381,True,True
0,2071.37,0.4,0,0,1773345199381,True,True
0,2071.62,0.89582078,0,0,1773345199381,True,True
0,2071.76,7.301,0,0,1773345199381,True,True
0,2071.77,31.41849114,0,0,1773345199381,True,True
0,2071.87,2.41328034,0,0,1773345199381,True,True
0,2071.89,18.79406508,0,0,1773345199381,True,True
0,2071.94,10.61811108,0,0,1773345199381,True,True
0,2071.96,1.87402415,0,0,1773345199381,True,True
0,2071.96,2.55274678,0,0,1773345199381,True,True
0,2071.99,1.27607294,0,0,1773345199381,True,True
0,2072.0,0.5737,0,0,1773345199381,True,True
0,2072.04,24.144,0,0,1773345199381,True,True
0,2072.04,0.63313367,0,0,1773345199381,True,True
0,2072.06,0.02,0,0,1773345199381,True,True
0,2072.09,16.76329832,0,0,1773345199381,True,True
0,2071.51,0.4,0,0,1773345200079,False,True
0,2071.42,2.612646,0,0,1773345205609,True,True
0,2071.25,0.01485149,0,0,1773345213458,False,True
0,2071.49,0.04759241,0,0,1773345214040,True,True
0,2071.51,0.5737,0,0,1773345229836,True,True
0,2071.51,0.59497985,0,0,1773345229836,True,True
0,2071.52,2.0,0,0,1773345229836,True,True
0,2071.53,2.0,0,0,1773345229836,True,True
0,2071.56,2.0,0,0,1773345229836,True,True
0,2071.57,2.0,0,0,1773345229836,True,True
0,2071.58,18.78311179,0,0,1773345229836,True,True
0,2071.58,2.0,0,0,1773345229836,True,True
0,2071.59,7.299,0,0,1773345229836,True,True
0,2071.61,2.0,0,0,1773345229836,True,True
0,2071.64,2.41355141,0,0,1773345229836,True,True
0,2071.67,10.61949712,0,0,1773345229836,True,True
0,2071.72,0.12662673,0,0,1773345229836,True,True
0,2071.72,0.5737,0,0,1773345229836,True,True
0,2071.77,4.82824444,0,0,1773345229836,True,True
0,2071.77,0.72401859,0,0,1773345229836,True,True
0,2071.77,20.27258734,0,0,1773345229836,True,True
0,2071.79,0.5875236,0,0,1773345229836,True,True
0,2071.8,20.27230457,0,0,1773345229836,True,True
0,2071.82,2.89693393,0,0,1773345229836,True,True
0,2071.82,1.87402415,0,0,1773345229836,True,True
0,2071.92,18.104,0,0,1773345229836,True,True
0,2071.92,0.12616624,0,0,1773345229836,True,True
0,2071.31,0.1475,0,0,1773345230252,False,True
0,2071.61,0.00775518,0,0,1773345232304,True,True
0,2070.84,0.1585,0,0,1773345250177,False,True
0,2069.72,0.02898312,0,0,1773345254500,True,True
0,2069.56,0.02209942,0,0,1773345262854,True,True
0,2069.39,30.32090544,0,0,1773345267574,True,True
0,2069.39,0.5875236,0,0,1773345267574,True,True
0,2069.53,0.02532535,0,0,1773345267574,True,True
0,2069.55,2.89787878,0,0,1773345267574,True,True
0,2069.55,7.304,0,0,1773345267574,True,True
0,2069.57,2.41596437,0,0,1773345267574,True,True
0,2069.61,24.155,0,0,1773345267574,True,True
0,2069.62,0.5737,0,0,1773345267574,True,True
0,2069.62,1.27607294,0,0,1773345267574,True,True
0,2069.62,18.78311179,0,0,1773345267574,True,True
0,2069.63,0.72476722,0,0,1773345267574,True,True
0,2069.64,10.62988051,0,0,1773345267574,True,True
0,2069.67,23.08736889,0,0,1773345267574,True,True
0,2069.38,0.1575,0,0,1773345269150,False,True
0,2069.66,0.04535849,0,0,1773345277829,True,True
0,2070.34,0.00047587,0,0,1773345294033,True,True
0,2070.34,0.00155096,0,0,1773345294864,True,True
0,2070.86,0.27496218,0,0,1773345297264,True,True
0,2070.86,0.12503782,0,0,1773345300166,True,True
0,2071.05,0.01138974,0,0,1773345300177,False,True
0,2071.63,0.4,0,0,1773345300957,False,True
0,2071.63,0.01252687,0,0,1773345301347,False,True
0,2071.64,0.45752054,0,0,1773345303900,True,True
0,2072.63,0.5875236,0,0,1773345307975,True,True
0,2072.64,0.00895821,0,0,1773345307975,True,True
0,2072.66,0.577365,0,0,1773345307975,True,True
0,2072.77,2.55274678,0,0,1773345307975,True,True
0,2072.78,18.38283438,0,0,1773345307975,True,True
0,2072.81,18.82513296,0,0,1773345307975,True,True
0,2072.89,0.00506507,0,0,1773345307975,True,True
0,2072.93,0.24,0,0,1773345307975,True,True
0,2072.94,10.61299629,0,0,1773345307975,True,True
0,2073.02,0.72358202,0,0,1773345307975,True,True
0,2073.03,0.5737,0,0,1773345307975,True,True
0,2073.05,18.107,0,0,1773345307975,True,True
0,2073.06,0.72356805,0,0,1773345307975,True,True
0,2073.08,43.43320928,0,0,1773345307975,True,True
0,2073.09,7.36924137,0,0,1773345307975,True,True
0,2072.25,0.0458779,0,0,1773345322970,False,True
0,2072.25,0.1071221,0,0,1773345324334,False,True
0,2071.56,0.1535,0,0,1773345328739,False,True
0,2071.24,12.83960713,0,0,1773345329094,False,True
0,2071.24,5.23202335,0,0,1773345329094,False,True
0,2071.24,0.5737,0,0,1773345329094,False,True
0,2072.22,0.51735906,0,0,1773345339228,True,True
0,2072.23,0.00101301,0,0,1773345339228,True,True
0,2072.24,2.82241747,0,0,1773345339228,True,True
0,2072.25,0.5875236,0,0,1773345339228,True,True
0,2072.25,10.61647967,0,0,1773345339228,True,True
0,2072.3,2.55274678,0,0,1773345339228,True,True
0,2072.31,0.764047,0,0,1773345339228,True,True
0,2072.31,0.86440047,0,0,1773345339228,True,True
0,2072.35,2.89581397,0,0,1773345339228,True,True
0,2072.43,7.298,0,0,1773345339228,True,True
0,2072.43,5.66326524,0,0,1773345339228,True,True
0,2072.43,5.8825883,0,0,1773345339228,True,True
0,2072.44,20.26601764,0,0,1773345339228,True,True
0,2072.46,0.5737,0,0,1773345339228,True,True
0,2072.5,20.26544431,0,0,1773345339228,True,True
0,2072.52,0.75749606,0,0,1773345339228,True,True
0,2072.54,0.7237496,0,0,1773345339228,True,True
0,2072.56,0.72374261,0,0,1773345339228,True,True
0,2072.56,2.77698107,0,0,1773345339228,True,True
0,2072.57,20.26479043,0,0,1773345339228,True,True
0,2072.62,3.61114347,0,0,1773345339228,True,True
0,2072.62,1.87402415,0,0,1773345339228,True,True
0,2072.63,10.36697826,0,0,1773345339228,True,True
0,2071.7,0.145,0,0,1773345341788,False,True
0,2071.14,0.65552147,0,0,1773345343155,False,True
0,2070.94,2.30551799,0,0,1773345345321,True,True
0,2071.16,0.48370718,0,0,1773345346122,False,True
0,2070.87,0.5737,0,0,1773345347664,False,True
0,2070.86,1.2863,0,0,1773345347664,False,True
0,2070.87,0.57873721,0,0,1773345347875,False,True
0,2070.87,0.5737,0,0,1773345347875,False,True
0,2070.86,2.46756279,0,0,1773345347875,False,True
0,2070.85,0.145,0,0,1773345353238,False,True
0,2070.78,1.01989613,0,0,1773345368408,True,True
0,2070.78,0.5737,0,0,1773345368408,True,True
0,2070.79,2.89581397,0,0,1773345368408,True,True
0,2070.8,0.5737,0,0,1773345368408,True,True
0,2070.8,1.41427699,0,0,1773345368408,True,True
0,2070.8,0.53991311,0,0,1773345368408,True,True
0,2070.81,0.5737,0,0,1773345368408,True,True
0,2070.83,2.41449122,0,0,1773345368408,True,True
0,2070.84,0.5875236,0,0,1773345368408,True,True
0,2070.84,2.55274678,0,0,1773345368408,True,True
0,2070.85,1.023976,0,0,1773345368408,True,True
0,2070.96,0.3,0,0,1773345368408,True,True
0,2070.96,1.70730339,0,0,1773345368408,True,True
0,2070.97,10.62307342,0,0,1773345368408,True,True
0,2071.08,10.62249297,0,0,1773345368408,True,True
0,2071.1,0.13,0,0,1773345368408,True,True
0,2071.11,57.955,0,0,1773345368408,True,True
0,2071.11,0.5737,0,0,1773345368408,True,True
0,2071.12,7.302,0,0,1773345368408,True,True
0,2071.15,19.35996027,0,0,1773345368408,True,True
0,2070.75,1.39,0,0,1773345370207,False,True
0,2070.52,0.0445,0,0,1773345370454,False,True
0,2070.87,0.145,0,0,1773345378475,False,True
0,2070.85,22.435,0,0,1773345378475,False,True
0,2070.7,0.00139975,0,0,1773345389443,False,True
0,2070.68,0.1088,0,0,1773345392738,False,True
0,2070.01,29.84982597,0,0,1773345400292,True,True
0,2070.01,2.89833878,0,0,1773345400292,True,True
0,2070.01,0.5875236,0,0,1773345400292,True,True
0,2070.01,1.27607294,0,0,1773345400292,True,True
0,2070.17,2.41526536,0,0,1773345400292,True,True
0,2070.19,0.3,0,0,1773345400292,True,True
0,2070.2,10.62699747,0,0,1773345400292,True,True
0,2070.22,2.55274678,0,0,1773345400292,True,True
0,2070.22,0.5737,0,0,1773345400292,True,True
0,2070.32,20.94446898,0,0,1773345400292,True,True
0,2070.33,20.28666756,0,0,1773345400292,True,True
0,2070.33,10.62635557,0,0,1773345400292,True,True
0,2070.37,7.303,0,0,1773345400292,True,True
0,2070.52,12.47046625,0,0,1773345400292,True,True
0,2070.01,0.4,0,0,1773345401746,False,True
0,2070.0,0.5,0,0,1773345401815,False,True
0,2070.0,0.0477,0,0,1773345401815,False,True
0,2069.95,1.4023,0,0,1773345401815,False,True
0,2070.17,0.26494221,0,0,1773345404932,True,True
0,2070.25,13.13714022,0,0,1773345406783,False,True
0,2070.24,0.00117089,0,0,1773345420215,False,True
0,2070.21,1.13,0,0,1773345422412,False,True
0,2070.51,2.55274678,0,0,1773345429668,True,True
0,2070.51,1.27607294,0,0,1773345429668,True,True
0,2070.51,0.5875236,0,0,1773345429668,True,True
0,2070.51,7.3501398,0,0,1773345429668,True,True
0,2070.51,14.7002796,0,0,1773345429668,True,True
0,2070.52,0.881321,0,0,1773345429668,True,True
0,2070.68,7.303,0,0,1773345429668,True,True
0,2070.71,0.3,0,0,1773345429668,True,True
0,2070.73,9.89992121,0,0,1773345429668,True,True
0,2070.8,24.156,0,0,1773345429668,True,True
0,2070.8,18.3504571,0,0,1773345429668,True,True
0,2070.84,0.72434374,0,0,1773345429668,True,True
0,2070.87,18.112,0,0,1773345429668,True,True
0,2070.89,0.72432625,0,0,1773345429668,True,True
0,2070.9,0.5737,0,0,1773345429668,True,True
0,2070.9,15.27042509,0,0,1773345429668,True,True
0,2070.18,0.04830497,0,0,1773345431340,False,True
0,2070.01,0.04830894,0,0,1773345431590,False,True
0,2070.0,0.0425,0,0,1773345431902,False,True
0,2070.0,24.4,0,0,1773345431902,False,True
0,2070.13,0.5737,0,0,1773345434042,False,True
0,2070.12,7.38151695,0,0,1773345434042,False,True
0,2070.11,18.66343309,0,0,1773345434042,False,True
0,2070.32,0.06037713,0,0,1773345434720,True,True
0,2070.32,0.4091616,0,0,1773345434720,True,True
0,2070.33,0.00473617,0,0,1773345435561,True,True
0,2070.87,0.96792771,0,0,1773345444243,False,True
0,2071.03,0.02266088,0,0,1773345446693,True,True
0,2070.88,0.01195079,0,0,1773345456103,True,True
0,2070.88,2.98804921,0,0,1773345461218,True,True
0,2070.88,0.57424243,0,0,1773345461218,True,True
0,2070.88,0.5737,0,0,1773345461218,True,True
0,2070.88,2.41443251,0,0,1773345461218,True,True
0,2070.88,0.770801,0,0,1773345461218,True,True
0,2070.88,2.0,0,0,1773345461218,True,True
0,2070.88,2.89936424,0,0,1773345461218,True,True
0,2070.88,2.55274678,0,0,1773345461218,True,True
0,2070.88,0.5875236,0,0,1773345461218,True,True
0,2070.89,2.66429752,0,0,1773345461218,True,True
0,2070.89,2.79902484,0,0,1773345461218,True,True
0,2070.97,0.13,0,0,1773345461218,True,True
0,2070.97,7.302,0,0,1773345461218,True,True
0,2070.98,9.8986953,0,0,1773345461218,True,True
0,2070.99,2.0,0,0,1773345461218,True,True
0,2070.99,0.17071899,0,0,1773345461218,True,True
0,2071.0,2.8127612,0,0,1773345461218,True,True
0,2071.0,0.72428778,0,0,1773345461218,True,True
0,2071.01,18.34860542,0,0,1773345461218,True,True
0,2071.04,18.34829106,0,0,1773345461218,True,True
0,2071.11,24.149,0,0,1773345461218,True,True
0,2071.14,3.008069,0,0,1773345461218,True,True
0,2071.17,14.99824487,0,0,1773345461218,True,True
0,2070.88,0.02390527,0,0,1773345474908,True,True
0,2070.88,0.19546363,0,0,1773345486424,True,True
0,2070.88,0.07457702,0,0,1773345486427,True,True
0,2070.88,0.28746733,0,0,1773345486428,True,True
0,2070.88,0.03911849,0,0,1773345486428,True,True
0,2070.88,0.04591223,0,0,1773345486428,True,True
0,2070.88,0.15056085,0,0,1773345486429,True,True
0,2070.88,0.15947696,0,0,1773345486429,True,True
0,2070.88,0.06930553,0,0,1773345486430,True,True
0,2070.88,0.17791903,0,0,1773345486430,True,True
0,2070.88,0.45753245,0,0,1773345486492,True,True
0,2070.88,0.28478323,0,0,1773345486493,True,True
0,2070.88,0.52150135,0,0,1773345486494,True,True
0,2070.88,0.16942239,0,0,1773345486501,True,True
0,2070.88,0.32660219,0,0,1773345486502,True,True
0,2070.88,0.01645205,0,0,1773345486564,True,True
0,2071.58,0.089981,0,0,1773345493758,True,True
0,2071.58,0.310019,0,0,1773345494289,True,True
0,2072.3,2.89936424,0,0,1773345494289,True,True
0,2072.37,9.89207107,0,0,1773345494289,True,True
0,2072.4,2.41266318,0,0,1773345494289,True,True
0,2072.42,2.55274678,0,0,1773345494289,True,True
0,2072.49,1.27607294,0,0,1773345494289,True,True
0,2072.59,3.0,0,0,1773345494289,True,True
0,2072.62,18.33432623,0,0,1773345494289,True,True
0,2072.63,0.5737,0,0,1773345494289,True,True
0,2072.72,9.89042264,0,0,1773345494289,True,True
0,2072.77,7.301,0,0,1773345494289,True,True
0,2072.78,0.7236658,0,0,1773345494289,True,True
0,2072.79,1.87402415,0,0,1773345494289,True,True
0,2072.79,18.33279515,0,0,1773345494289,True,True
0,2072.86,18.33218968,0,0,1773345494289,True,True
0,2072.88,0.72363089,0,0,1773345494289,True,True
0,2072.9,0.5737,0,0,1773345494289,True,True
0,2073.02,0.02,0,0,1773345494289,True,True
0,2073.08,23.68124428,0,0,1773345494289,True,True
0,2072.23,3.0,0,0,1773345496043,True,True
0,2072.92,3.0,0,0,1773345497394,True,True
0,2073.14,0.37328727,0,0,1773345497394,True,True
0,2073.16,1.0,0,0,1773345497394,True,True
0,2073.5,0.1141,0,0,1773345516412,False,True
0,2073.0,0.0224135,0,0,1773345521034,True,True
0,2072.8,2.55274678,0,0,1773345527349,True,True
0,2072.8,0.5875236,0,0,1773345527349,True,True
0,2072.81,2.89418387,0,0,1773345527349,True,True
0,2072.82,9.88992123,0,0,1773345527349,True,True
0,2072.82,18.82069984,0,0,1773345527349,True,True
0,2072.94,0.3,0,0,1773345527349,True,True
0,2072.97,18.33118665,0,0,1773345527349,True,True
0,2073.01,18.33083294,0,0,1773345527349,True,True
0,2073.01,18.33083294,0,0,1773345527349,True,True
0,2073.02,18.82069984,0,0,1773345527349,True,True
0,2073.16,0.15,0,0,1773345527349,True,True
0,2073.18,0.5737,0,0,1773345527349,True,True
0,2073.2,7.294,0,0,1773345527349,True,True
0,2073.26,5.68139865,0,0,1773345527349,True,True
0,2072.69,0.162,0,0,1773345534346,False,True
0,2072.37,0.05,0,0,1773345544308,False,True
0,2072.52,0.0036,0,0,1773345544478,True,True
0,2072.12,0.171,0,0,1773345546123,False,True
0,2072.44,0.00119461,0,0,1773345550221,True,True
0,2072.28,0.02939865,0,0,1773345558892,True,True
0,2072.3,2.55274678,0,0,1773345561099,True,True
0,2072.31,9.89234236,0,0,1773345561099,True,True
0,2072.31,2.41277273,0,0,1773345561099,True,True
0,2072.33,2.89418387,0,0,1773345561099,True,True
0,2072.38,0.4,0,0,1773345561099,True,True
0,2072.41,18.33614108,0,0,1773345561099,True,True
0,2072.47,18.83857487,0,0,1773345561099,True,True
0,2072.48,9.89153824,0,0,1773345561099,True,True
0,2072.48,0.3,0,0,1773345561099,True,True
0,2072.51,0.5737,0,0,1773345561099,True,True
0,2072.63,18.33419911,0,0,1773345561099,True,True
0,2072.64,7.297,0,0,1773345561099,True,True
0,2072.71,0.5875236,0,0,1773345561099,True,True
0,2072.71,18.33354621,0,0,1773345561099,True,True
0,2072.76,0.72367278,0,0,1773345561099,True,True
0,2072.77,0.5737,0,0,1773345561099,True,True
0,2072.77,10.64565133,0,0,1773345561099,True,True
0,2072.21,0.0945,0,0,1773345562168,False,True
0,2071.57,0.72022531,0,0,1773345568385,True,True
0,2071.26,0.01291782,0,0,1773345582333,True,True
0,2071.01,13.15109524,0,0,1773345587615,True,True
0,2071.2,2.41406372,0,0,1773345587615,True,True
0,2071.2,9.89765016,0,0,1773345587615,True,True
0,2071.23,0.3,0,0,1773345587615,True,True
0,2071.31,0.05,0,0,1773345587615,True,True
0,2071.32,1.0,0,0,1773345587615,True,True
0,2071.33,2.55274678,0,0,1773345587615,True,True
0,2071.34,18.34567399,0,0,1773345587615,True,True
0,2071.41,0.5737,0,0,1773345587615,True,True
0,2071.52,0.17071899,0,0,1773345587615,True,True
0,2071.61,3.01179,0,0,1773345587615,True,True
0,2071.61,18.34323789,0,0,1773345587615,True,True
0,2071.62,0.5737,0,0,1773345587615,True,True
0,2071.68,18.34261671,0,0,1773345587615,True,True
0,2071.71,0.72403956,0,0,1773345587615,True,True
0,2071.75,1.87402415,0,0,1773345587615,True,True
0,2071.8,31.36048337,0,0,1773345587615,True,True
0,2071.09,0.01398651,0,0,1773345589021,False,True
0,2070.93,0.0087,0,0,1773345591212,False,True
0,2070.87,0.12065943,0,0,1773345592778,False,True
0,2070.87,0.2676,0,0,1773345592778,False,True
0,2070.97,2.46261413,0,0,1773345594877,True,True
0,2071.04,2.55274678,0,0,1773345594877,True,True
0,2071.33,16.41458541,0,0,1773345594877,True,True
0,2071.45,7.301,0,0,1773345594877,True,True
0,2071.49,14.03738184,0,0,1773345594877,True,True
0,2070.4,0.0004806,0,0,1773345600152,True,True
0,2070.46,0.00307414,0,0,1773345601141,False,True
0,2070.81,0.00186524,0,0,1773345607792,True,True
0,2070.8,0.01,0,0,1773345613206,False,True
0,2070.81,0.004829,0,0,1773345616386,True,True
0,2070.81,0.004829,0,0,1773345616996,True,True
0,2070.81,0.0234386,0,0,1773345619565,True,True
0,2070.81,0.41371219,0,0,1773345619569,True,True
0,2070.81,0.4,0,0,1773345619569,True,True
0,2071.29,1.05248092,0,0,1773345619569,True,True
0,2071.37,18.87510957,0,0,1773345619569,True,True
0,2071.52,7.301,0,0,1773345619569,True,True
0,2071.65,0.5737,0,0,1773345619569,True,True
0,2071.72,24.144,0,0,1773345619569,True,True
0,2071.86,0.5737,0,0,1773345619569,True,True
0,2071.86,2.55274678,0,0,1773345619569,True,True
0,2072.0,18.87510957,0,0,1773345619569,True,True
0,2072.02,47.91772401,0,0,1773345619569,True,True
0,2071.6,0.2262041,0,0,1773345630336,False,True
0,2071.6,0.0123,0,0,1773345630336,False,True
0,2070.63,0.00801562,0,0,1773345635201,False,True
0,2070.63,0.00930182,0,0,1773345635201,False,True
0,2070.63,0.01268256,0,0,1773345635201,False,True
0,2070.66,0.58515068,0,0,1773345636718,False,True
0,2070.66,0.5737,0,0,1773345636718,False,True
0,2070.66,0.40323066,0,0,1773345636718,False,True
0,2071.08,0.02174834,0,0,1773345642596,True,True
0,2071.08,0.02174834,0,0,1773345642596,True,True
0,2071.54,0.02930037,0,0,1773345642596,True,True
0,2071.54,0.06440986,0,0,1773345642596,True,True
0,2070.71,0.01200787,0,0,1773345648237,True,True
0,2071.23,0.24110213,0,0,1773345659084,True,True
0,2071.23,0.15889787,0,0,1773345659825,True,True
0,2071.69,0.07981689,0,0,1773345659825,True,True
0,2071.25,0.00152457,0,0,1773345659951,True,True
0,2071.0,0.00233506,0,0,1773345662976,False,True
0,2071.0,0.1143,0,0,1773345668131,False,True
0,2070.75,23.34,0,0,1773345671157,False,True
0,2070.71,2.51234473,0,0,1773345677114,True,True
0,2070.71,2.55274678,0,0,1773345677114,True,True
0,2070.71,2.51526838,0,0,1773345677114,True,True
0,2070.89,0.3,0,0,1773345677114,True,True
0,2070.9,0.5875236,0,0,1773345677114,True,True
0,2070.91,1.43533185,0,0,1773345677114,True,True
0,2070.92,0.5737,0,0,1773345677114,True,True
0,2070.98,7.302,0,0,1773345677114,True,True
0,2071.0,0.06,0,0,1773345677114,True,True
0,2071.01,0.24330901,0,0,1773345677114,True,True
0,2071.1,24.145,0,0,1773345677114,True,True
0,2071.11,0.1705672,0,0,1773345677114,True,True
0,2071.13,0.5737,0,0,1773345677114,True,True
0,2071.14,16.41614316,0,0,1773345677114,True,True
0,2071.16,9.17360962,0,0,1773345677114,True,True
0,2071.2,18.108,0,0,1773345677114,True,True
0,2071.28,0.72418987,0,0,1773345677114,True,True
0,2071.3,1.87402415,0,0,1773345677114,True,True
0,2071.32,33.43576346,0,0,1773345677114,True,True
0,2070.99,0.07176659,0,0,1773345686309,False,True
0,2070.99,0.07176659,0,0,1773345686310,False,True
0,2071.55,0.00155156,0,0,1773345695596,True,True
0,2071.54,0.01815075,0,0,1773345698270,True,True
0,2071.16,0.4,0,0,1773345709727,True,True
0,2071.38,2.55274678,0,0,1773345709727,True,True
0,2071.39,2.21188699,0,0,1773345709727,True,True
0,2071.5,2.41371035,0,0,1773345709727,True,True
0,2071.58,9.17178254,0,0,1773345709727,True,True
0,2071.61,16.41238937,0,0,1773345709727,True,True
0,2071.77,16.41109113,0,0,1773345709727,True,True
0,2071.77,7.301,0,0,1773345709727,True,True
0,2071.78,0.1705672,0,0,1773345709727,True,True
0,2071.78,16.41108521,0,0,1773345709727,True,True
0,2071.79,0.5737,0,0,1773345709727,True,True
0,2071.86,0.8532377,0,0,1773345709727,True,True
0,2071.87,0.36947274,0,0,1773345709727,True,True
0,2071.87,2.923446,0,0,1773345709727,True,True
0,2071.94,24.145,0,0,1773345709727,True,True
0,2071.95,16.40973332,0,0,1773345709727,True,True
0,2071.96,0.02,0,0,1773345709727,True,True
0,2071.96,3.92659506,0,0,1773345709727,True,True
0,2071.54,0.5737,0,0,1773345709973,False,True
0,2071.49,16.1963,0,0,1773345709973,False,True
0,2071.16,0.00214724,0,0,1773345721852,True,True
0,2071.37,0.009561,0,0,1773345731961,True,True
0,2071.37,0.00515113,0,0,1773345735832,True,True
0,2071.37,0.04288903,0,0,1773345737552,True,True
0,2071.37,0.53948344,0,0,1773345738740,True,True
0,2071.38,0.964052,0,0,1773345738740,True,True
0,2071.51,0.06,0,0,1773345738740,True,True
0,2071.51,2.41370893,0,0,1773345738740,True,True
0,2071.52,0.85132165,0,0,1773345738740,True,True
0,2071.58,9.17178257,0,0,1773345738740,True,True
0,2071.65,7.301,0,0,1773345738740,True,True
0,2071.66,0.39722523,0,0,1773345738740,True,True
0,2071.67,15.7196,0,0,1773345738740,True,True
0,2071.67,16.41191738,0,0,1773345738740,True,True
0,2071.67,0.1705672,0,0,1773345738740,True,True
0,2071.73,16.41143785,0,0,1773345738740,True,True
0,2071.75,2.771594,0,0,1773345738740,True,True
0,2071.75,0.72402558,0,0,1773345738740,True,True
0,2071.76,1.87402415,0,0,1773345738740,True,True
0,2071.8,0.00302152,0,0,1773345738740,True,True
0,2071.81,0.5737,0,0,1773345738740,True,True
0,2071.84,16.4105877,0,0,1773345738740,True,True
0,2071.85,24.146,0,0,1773345738740,True,True
0,2071.88,5.79738757,0,0,1773345738740,True,True
0,2071.46,0.00373929,0,0,1773345745388,True,True
0,2070.19,0.20533831,0,0,1773345764463,True,True
0,2070.19,0.09125951,0,0,1773345764463,True,True
0,2070.51,0.006295,0,0,1773345769449,True,True
0,2071.14,0.39708139,0,0,1773345776260,True,True
0,2071.46,2.41375714,0,0,1773345776556,True,True
0,2071.48,0.4,0,0,1773345776556,True,True
0,2071.48,2.55274678,0,0,1773345776556,True,True
0,2071.59,9.17172422,0,0,1773345776556,True,True
0,2071.69,16.4117618,0,0,1773345776556,True,True
0,2071.7,15.65750493,0,0,1773345776556,True,True
0,2071.5,0.00722595,0,0,1773345793748,True,True
0,2071.63,0.4,0,0,1773345805607,False,True
0,2071.88,0.3989376,0,0,1773345812739,True,True
0,2072.81,0.17991,0,0,1773345818463,False,True
0,2072.64,0.0272526,0,0,1773345823124,False,True
0,2072.64,1.15972215,0,0,1773345840175,False,True
0,2072.64,1.18697475,0,0,1773345840175,False,True
0,2072.64,1.18697475,0,0,1773345840175,False,True
0,2072.64,1.18697475,0,0,1773345840175,False,True
0,2072.64,1.18697475,0,0,1773345840175,False,True
0,2072.64,1.18697475,0,0,1773345840175,False,True
0,2072.64,0.46934984,0,0,1773345840175,False,True
0,2072.64,0.64261415,0,0,1773345840181,False,True
0,2072.64,0.07501076,0,0,1773345840233,False,True
0,2072.64,0.02744596,0,0,1773345840233,False,True
0,2072.64,0.72400636,0,0,1773345840298,False,True
0,2072.64,0.43552243,0,0,1773345840355,False,True
0,2072.64,1.18697475,0,0,1773345840358,False,True
0,2072.64,1.18697475,0,0,1773345840358,False,True
0,2072.64,1.18697475,0,0,1773345840358,False,True
0,2072.64,0.59485506,0,0,1773345840365,False,True
0,2072.64,0.59211969,0,0,1773345840389,False,True
0,2072.64,1.18697475,0,0,1773345840389,False,True
0,2072.64,0.63303181,0,0,1773345840389,False,True
0,2072.64,0.11977948,0,0,1773345840399,False,True
0,2072.64,0.43416346,0,0,1773345840400,False,True
0,2072.64,0.11977948,0,0,1773345840400,False,True
0,2072.64,0.55394294,0,0,1773345840401,False,True
0,2072.64,0.51325224,0,0,1773345840401,False,True
0,2071.26,0.09372635,0,0,1773345852907,True,True
0,2071.36,0.01449352,0,0,1773345861105,False,True
0,2071.57,0.4,0,0,1773345877182,True,True
0,2071.91,0.64304272,0,0,1773345877287,True,True
0,2072.31,0.00235965,0,0,1773345897593,True,True
0,2072.31,0.10428684,0,0,1773345897821,True,True
0,2072.61,0.0047311,0,0,1773345900827,True,True
0,2071.94,0.02243254,0,0,1773345915491,True,True
0,2072.14,0.4,0,0,1773345920348,True,True
0,2072.66,0.55155424,0,0,1773345922227,True,True
0,2073.0,0.02371443,0,0,1773345923273,True,True
0,2073.28,0.3672712,0,0,1773345923308,True,True
0,2073.87,0.00356026,0,0,1773345926901,True,True
0,2073.87,0.04287223,0,0,1773345927955,True,True
0,2073.09,0.03312328,0,0,1773345952221,True,True
0,2073.09,0.00622995,0,0,1773345952693,True,True
0,2072.63,0.1067821,0,0,1773345967520,True,True
0,2072.77,2.26100509,0,0,1773345977028,True,True
0,2073.17,0.29385327,0,0,1773345977028,True,True
0,2072.37,0.01433285,0,0,1773345995036,True,True
0,2071.25,0.00115895,0,0,1773346035733,True,True
0,2071.25,0.04828002,0,0,1773346044365,False,True
0,2071.0,0.0006402,0,0,1773346055271,True,True
0,2070.99,0.07592399,0,0,1773346055502,False,True
0,2070.63,0.0049008,0,0,1773346056732,True,True
0,2070.42,0.00069112,0,0,1773346059667,True,True
0,2070.42,0.03304678,0,0,1773346061340,True,True
0,2070.11,0.12076652,0,0,1773346065734,False,True
0,2069.53,12.53,0,0,1773346065734,False,True
0,2069.36,3.84178,0,0,1773346065734,False,True
0,2069.35,8.50745348,0,0,1773346065734,False,True
0,2069.65,0.96151998,0,0,1773346107399,False,True
0,2069.76,0.01184186,0,0,1773346109036,True,True
0,2069.76,0.00190895,0,0,1773346113921,True,True
0,2069.76,0.4,0,0,1773346132072,True,True
0,2069.97,0.00478316,0,0,1773346145201,True,True
0,2069.96,0.04576996,0,0,1773346164377,False,True
0,2069.97,4.783e-05,0,0,1773346173803,True,True
0,2069.97,0.4,0,0,1773346173803,True,True
0,2070.84,0.00123308,0,0,1773346186516,True,True
0,2070.83,0.00610753,0,0,1773346192355,False,True
0,2070.84,0.09657917,0,0,1773346210385,True,True
0,2070.83,0.00081901,0,0,1773346210570,False,True
0,2070.83,0.12972675,0,0,1773346213353,False,True
0,2068.79,2.0,0,0,1773346240421,False,True
0,2068.57,0.34344636,0,0,1773346240459,False,True
0,2068.74,0.00240926,0,0,1773346240765,True,True
0,2068.73,0.67488123,0,0,1773346241791,True,True
0,2068.74,0.51503112,0,0,1773346241791,True,True
0,2068.74,2.48255962,0,0,1773346243113,True,True
0,2068.74,0.90902,0,0,1773346243113,True,True
0,2068.84,0.3,0,0,1773346243113,True,True
0,2068.96,7.302,0,0,1773346243113,True,True
0,2068.98,2.41664987,0,0,1773346243113,True,True
0,2069.05,11.78063141,0,0,1773346243113,True,True
0,2068.92,0.09657917,0,0,1773346259810,False,True
0,2068.23,2.0,0,0,1773346268595,False,True
0,2067.86,0.00482158,0,0,1773346276203,False,True
0,2067.86,1.432e-05,0,0,1773346276268,False,True
0,2067.46,0.00161959,0,0,1773346278566,True,True
0,2067.23,7.048e-05,0,0,1773346284980,True,True
0,2067.23,0.00170373,0,0,1773346284980,True,True
0,2067.23,0.00078714,0,0,1773346284980,True,True
0,2067.49,0.0160084,0,0,1773346298745,True,True
0,2066.97,0.00474238,0,0,1773346303806,True,True
0,2067.28,0.02342358,0,0,1773346307206,True,True
0,2067.28,0.02382894,0,0,1773346334139,True,True
0,2067.28,0.01410549,0,0,1773346356898,True,True
0,2067.27,0.02118584,0,0,1773346358160,False,True
0,2067.0,0.07373097,0,0,1773346392618,True,True
0,2067.06,0.00164391,0,0,1773346407219,True,True
0,2067.06,0.00439085,0,0,1773346409856,True,True
0,2067.06,0.51713374,0,0,1773346412723,True,True
0,2067.06,0.4,0,0,1773346412723,True,True
0,2067.18,0.00163744,0,0,1773346413882,True,True
0,2067.18,0.00072848,0,0,1773346435942,True,True
0,2067.69,0.4,0,0,1773346461123,False,True
0,2067.62,0.00072848,0,0,1773346466085,False,True
0,2067.63,0.48366971,0,0,1773346474247,True,True
0,2067.63,0.01197142,0,0,1773346477091,True,True
0,2067.57,0.0128862,0,0,1773346489950,True,True
0,2067.57,0.4,0,0,1773346511609,False,True
0,2067.57,0.16027598,0,0,1773346512101,False,True
0,2067.58,0.00125714,0,0,1773346536394,True,True
0,2067.57,0.17508145,0,0,1773346537853,False,True
0,2067.58,0.00941425,0,0,1773346552915,True,True
0,2067.57,0.00123991,0,0,1773346556133,False,True
0,2067.58,0.02253301,0,0,1773346564349,True,True
0,2067.57,0.00244388,0,0,1773346565362,False,True
0,2067.58,0.00953019,0,0,1773346572121,True,True
0,2067.57,1.82123476,0,0,1773346573177,False,True
0,2067.57,0.001,0,0,1773346573177,False,True
0,2067.3,1.27607294,0,0,1773346582888,True,True
0,2067.3,0.5875236,0,0,1773346582888,True,True
0,2067.31,2.55274678,0,0,1773346582888,True,True
0,2067.32,3.0,0,0,1773346582888,True,True
0,2067.39,0.7255525,0,0,1773346582888,True,True
0,2067.47,0.72552443,0,0,1773346582888,True,True
0,2067.57,2.13257975,0,0,1773346582888,True,True
0,2066.94,0.0767973,0,0,1773346590545,True,True
0,2066.94,0.00200533,0,0,1773346591417,True,True
0,2067.55,0.4,0,0,1773346612451,False,True
0,2067.58,0.13196481,0,0,1773346624386,True,True
0,2067.57,0.072856,0,0,1773346629878,False,True
0,2067.58,0.41083429,0,0,1773346630342,True,True
0,2067.58,0.5021306,0,0,1773346630342,True,True
0,2068.0,0.00192815,0,0,1773346630342,True,True
0,2068.14,0.02653221,0,0,1773346630342,True,True
0,2068.0,4.78730367,0,0,1773346653377,False,True
0,2067.56,0.23825709,0,0,1773346661450,True,True
0,2067.56,0.00241831,0,0,1773346679030,True,True
0,2067.23,0.04837391,0,0,1773346686599,False,True
0,2066.62,0.01102486,0,0,1773346731360,True,True
0,2066.62,0.0452094,0,0,1773346736962,True,True
0,2066.62,0.34376574,0,0,1773346749469,True,True
0,2068.03,0.02353051,0,0,1773346766370,True,True
0,2068.03,0.00129418,0,0,1773346771911,True,True
0,2068.03,0.02353051,0,0,1773346781145,True,True
0,2068.02,0.0079854,0,0,1773346788020,False,True
0,2068.02,0.00108124,0,0,1773346789045,False,True
0,2067.52,0.00097539,0,0,1773346789244,False,True
0,2066.61,0.10956648,0,0,1773346806477,False,True
0,2065.82,0.00788432,0,0,1773346815143,True,True
0,2065.82,1.44252645,0,0,1773346831902,True,True
0,2065.82,0.00240824,0,0,1773346833435,True,True
0,2065.82,0.00479277,0,0,1773346836066,True,True
0,2065.82,0.00481661,0,0,1773346852882,True,True
0,2065.82,0.00481661,0,0,1773346852882,True,True
0,2065.82,0.09939869,0,0,1773346864869,True,True
0,2065.82,0.47720767,0,0,1773346898250,True,True
0,2065.82,0.39279233,0,0,1773346898250,True,True
0,2065.82,0.00720767,0,0,1773346898255,True,True
0,2066.0,0.04830918,0,0,1773346898334,True,True
0,2066.62,0.001,0,0,1773346908355,True,True
0,2066.79,0.00031961,0,0,1773346908355,True,True
0,2066.75,0.00402579,0,0,1773346912837,True,True
0,2066.74,0.04871351,0,0,1773346918670,True,True
0,2066.74,0.04692739,0,0,1773346929253,False,True
0,2066.75,0.00479061,0,0,1773346933016,True,True
0,2066.75,0.39520939,0,0,1773346937067,True,True
0,2067.0,9.99479061,0,0,1773346937067,True,True
0,2067.0,0.00520939,0,0,1773346943719,True,True
0,2068.72,0.4,0,0,1773346965468,False,True
0,2068.41,0.72519471,0,0,1773346972123,True,True
0,2068.54,0.79523382,0,0,1773346972123,True,True
0,2068.89,0.48912419,0,0,1773346995753,False,True
0,2068.84,0.48912419,0,0,1773346995762,False,True
0,2069.57,0.02708262,0,0,1773347007019,True,True
0,2069.28,0.47761995,0,0,1773347010365,True,True
0,2069.19,0.14,0,0,1773347022600,False,True
0,2069.2,0.72491784,0,0,1773347027458,True,True
0,2069.2,0.4,0,0,1773347027458,True,True
0,2069.2,0.45395816,0,0,1773347027458,True,True
0,2069.18,0.00758815,0,0,1773347040064,False,True
0,2069.18,0.11142986,0,0,1773347042288,False,True
0,2069.18,9.5557952,0,0,1773347042888,False,True
0,2068.8,0.00049851,0,0,1773347050394,False,True
0,2068.81,0.00978753,0,0,1773347057375,True,True
0,2069.14,0.0352632,0,0,1773347059008,False,True
0,2069.03,0.00077591,0,0,1773347089792,True,True
0,2069.14,0.00609619,0,0,1773347094905,True,True
0,2069.14,0.0556541,0,0,1773347095009,True,True
0,2069.28,0.06174611,0,0,1773347095009,True,True
0,2069.28,0.0016437,0,0,1773347095009,True,True
0,2069.28,0.3983563,0,0,1773347104810,True,True
0,2069.28,0.54622004,0,0,1773347104810,True,True
0,2069.99,0.5737,0,0,1773347123945,False,True
0,2069.99,0.20486317,0,0,1773347123945,False,True
0,2070.0,0.03338152,0,0,1773347124499,True,True
0,2070.0,0.00478309,0,0,1773347132248,True,True
0,2070.0,0.01571753,0,0,1773347139854,True,True
0,2070.0,0.0006912,0,0,1773347154203,True,True
0,2069.39,0.04784474,0,0,1773347187812,True,True
0,2069.13,12.26354911,0,0,1773347208069,False,True
0,2067.82,0.14130015,0,0,1773347233371,False,True
0,2068.39,3.0,0,0,1773347285339,True,True
0,2068.43,0.4,0,0,1773347285343,True,True
0,2068.44,0.53656327,0,0,1773347285343,True,True
0,2068.52,0.04375569,0,0,1773347285373,True,True
0,2068.52,2.41192008,0,0,1773347285373,True,True
0,2068.52,0.1408267,0,0,1773347285373,True,True
0,2068.53,0.20341442,0,0,1773347285373,True,True
0,2068.53,0.16942908,0,0,1773347285374,True,True
0,2068.53,0.57487156,0,0,1773347285375,True,True
0,2068.53,0.55635882,0,0,1773347285376,True,True
0,2068.53,0.99590477,0,0,1773347285377,True,True
0,2068.53,0.29691117,0,0,1773347285381,True,True
0,2068.53,0.12117643,0,0,1773347285386,True,True
0,2068.53,0.08193375,0,0,1773347285386,True,True
0,2068.28,0.001,0,0,1773347311882,True,True
0,2068.28,0.17999611,0,0,1773347327418,True,True
0,2068.28,0.00235277,0,0,1773347336664,True,True
0,2068.28,0.23527666,0,0,1773347342001,True,True
0,2068.28,0.48108809,0,0,1773347345873,True,True
0,2068.28,0.16335007,0,0,1773347366473,True,True
0,2068.27,0.09798331,0,0,1773347390142,False,True
0,2068.27,1.90201669,0,0,1773347390293,False,True
0,2067.71,0.00446338,0,0,1773347391651,True,True
0,2067.63,0.01290324,0,0,1773347397310,True,True
0,2066.17,0.15413393,0,0,1773347416150,False,True
0,2065.74,0.00237633,0,0,1773347421373,True,True
0,2065.74,2.99762367,0,0,1773347424602,True,True
0,2065.74,0.4,0,0,1773347424602,True,True
0,2065.74,0.57237633,0,0,1773347424602,True,True
0,2065.05,0.00090932,0,0,1773347428308,False,True
0,2065.05,0.00166255,0,0,1773347428308,False,True
0,2065.0,0.11752058,0,0,1773347428308,False,True
0,2064.7,0.09146528,0,0,1773347430974,True,True
0,2064.44,0.00538058,0,0,1773347434079,True,True
0,2064.4,0.170811,0,0,1773347434515,True,True
0,2064.44,0.27287,0,0,1773347434515,True,True
0,2063.94,0.01606503,0,0,1773347435037,True,True
0,2063.2,0.02143016,0,0,1773347438039,True,True
0,2064.78,0.4843131,0,0,1773347448425,True,True
0,2064.74,0.00479523,0,0,1773347459012,True,True
0,2064.98,0.00705379,0,0,1773347469978,True,True
0,2064.98,0.39294621,0,0,1773347469978,True,True
0,2064.98,0.00118951,0,0,1773347470473,True,True
0,2064.96,0.00593001,0,0,1773347492751,False,True
0,2064.97,0.00235081,0,0,1773347501617,True,True
0,2064.63,0.02451719,0,0,1773347509195,False,True
0,2064.24,0.00227915,0,0,1773347556348,True,True
0,2064.05,0.004844,0,0,1773347560270,True,True
0,2063.99,0.53482224,0,0,1773347577397,False,True
0,2063.99,0.5737,0,0,1773347577397,False,True
0,2063.98,0.9378852,0,0,1773347577397,False,True
0,2063.98,0.04845008,0,0,1773347577397,False,True
0,2063.91,0.15806904,0,0,1773347577397,False,True
0,2063.91,0.10996,0,0,1773347577397,False,True
0,2063.91,7.1,0,0,1773347577397,False,True
0,2063.91,4.74488228,0,0,1773347577397,False,True
0,2063.9,2.42259065,0,0,1773347577397,False,True
0,2063.88,13.72252707,0,0,1773347577397,False,True
0,2063.88,0.00030305,0,0,1773347577397,False,True
0,2063.88,9.53616988,0,0,1773347577397,False,True
0,2063.85,14.53918971,0,0,1773347577397,False,True
0,2063.66,0.0009587,0,0,1773347601996,False,True
0,2063.84,0.00687012,0,0,1773347611569,False,True
0,2063.97,0.00439685,0,0,1773347647667,True,True
0,2064.0,0.02790941,0,0,1773347648725,True,True
0,2063.79,0.00242267,0,0,1773347651205,False,True
0,2063.66,0.00274129,0,0,1773347654883,False,True
0,2063.59,0.00709143,0,0,1773347663872,True,True
0,2063.48,0.00500368,0,0,1773347671743,False,True
0,2063.59,0.00234657,0,0,1773347674554,True,True
0,2063.68,4.44894279,0,0,1773347679410,False,True
0,2063.81,0.14438907,0,0,1773347682750,True,True
0,2063.8,2.2,0,0,1773347690230,True,True
0,2063.8,0.00132691,0,0,1773347691287,True,True
0,2063.82,0.04560402,0,0,1773347691287,True,True
0,2063.82,0.00796754,0,0,1773347698902,True,True
0,2063.81,0.00242296,0,0,1773347704658,False,True
0,2063.81,0.01648534,0,0,1773347727818,False,True
0,2063.82,0.54858605,0,0,1773347736104,True,True
0,2063.82,0.39141395,0,0,1773347736104,True,True
0,2063.81,0.02312729,0,0,1773347745407,False,True
0,2063.81,0.00108932,0,0,1773347755154,False,True
0,2063.81,0.00232683,0,0,1773347760099,False,True
0,2063.82,0.00512072,0,0,1773347767922,True,True
0,2064.03,0.4,0,0,1773347772351,False,True
0,2064.11,0.12574083,0,0,1773347782782,True,True
0,2064.1,0.00059027,0,0,1773347783128,False,True
0,2064.11,0.04749709,0,0,1773347786678,True,True
0,2064.1,0.13423569,0,0,1773347787593,False,True
0,2064.11,0.09430079,0,0,1773347788719,True,True
0,2064.11,0.02422352,0,0,1773347789831,True,True
0,2064.11,0.026071,0,0,1773347795196,True,True
0,2064.11,0.14130015,0,0,1773347797198,True,True
0,2064.11,0.09053209,0,0,1773347804849,True,True
0,2063.99,0.14154404,0,0,1773347807461,False,True
0,2064.07,0.04844796,0,0,1773347818326,False,True
0,2064.06,0.06588341,0,0,1773347818326,False,True
0,2064.21,0.4,0,0,1773347822727,False,True
0,2063.82,0.011251,0,0,1773347843347,True,True
0,2063.81,0.00806275,0,0,1773347871495,False,True
0,2063.44,0.09193725,0,0,1773347871495,False,True
0,2063.75,0.05,0,0,1773347899364,False,True
0,2063.76,1.0,0,0,1773347902643,True,True
0,2063.82,0.1157756,0,0,1773347908060,True,True
0,2063.81,0.5737,0,0,1773347908728,False,True
0,2063.81,0.21963944,0,0,1773347908728,False,True
0,2063.81,0.5875236,0,0,1773347917385,False,True
0,2063.81,1.4024764,0,0,1773347917385,False,True
0,2064.07,0.4,0,0,1773347923518,False,True
0,2064.07,2.72472213,0,0,1773347924569,False,True
0,2063.17,0.4,0,0,1773347986117,True,True
0,2063.65,0.72474977,0,0,1773348003503,False,True
0,2063.58,0.53145618,0,0,1773348003503,False,True
0,2063.58,0.79073116,0,0,1773348003503,False,True
0,2063.5,0.05947808,0,0,1773348012662,True,True
0,2063.5,0.01,0,0,1773348048294,True,True
0,2063.49,0.00313016,0,0,1773348048547,False,True
0,2063.5,0.01352344,0,0,1773348053978,True,True
0,2063.5,0.12861931,0,0,1773348057014,True,True
0,2063.5,0.02711949,0,0,1773348064885,True,True
0,2063.49,0.28421117,0,0,1773348075757,False,True
0,2062.97,4.63429264,0,0,1773348076931,False,True
0,2062.97,0.72712994,0,0,1773348077053,False,True
0,2062.97,0.69907471,0,0,1773348092507,False,True
0,2062.97,7.37857566,0,0,1773348092508,False,True
0,2062.97,0.17568624,0,0,1773348092509,False,True
0,2062.97,4.12718637,0,0,1773348092510,False,True
0,2062.97,0.86149557,0,0,1773348092510,False,True
0,2062.97,0.69907326,0,0,1773348092510,False,True
0,2062.71,0.09785275,0,0,1773348092523,False,True
0,2062.43,0.01499734,0,0,1773348092555,False,True
0,2062.42,2.0,0,0,1773348092555,False,True
0,2061.58,0.01323137,0,0,1773348110875,False,True
0,2061.76,0.00236564,0,0,1773348112190,True,True
0,2061.24,0.31662009,0,0,1773348121974,False,True
0,2060.87,0.13424368,0,0,1773348121974,False,True
0,2061.01,0.46327351,0,0,1773348135407,True,True
0,2061.03,0.4,0,0,1773348135407,True,True
0,2061.21,0.19889245,0,0,1773348135407,True,True
0,2061.65,0.02062664,0,0,1773348157226,True,True
0,2061.85,0.00487647,0,0,1773348163543,True,True
0,2061.47,0.0153,0,0,1773348174873,False,True
0,2061.26,0.0011747,0,0,1773348190979,False,True
0,2061.52,0.00058812,0,0,1773348215027,True,True
0,2061.52,0.10859178,0,0,1773348218719,True,True
0,2061.54,0.4,0,0,1773348225911,False,True
0,2061.55,0.23659413,0,0,1773348226232,False,True
0,2061.57,0.05510363,0,0,1773348237547,True,True
0,2061.66,4.7970984,0,0,1773348240654,True,True
0,2061.97,0.35377751,0,0,1773348241206,True,True
0,2062.41,0.02376812,0,0,1773348256839,True,True
0,2062.41,0.01200172,0,0,1773348259735,True,True
0,2062.41,0.0066879,0,0,1773348269593,True,True
0,2062.24,0.03,0,0,1773348291144,False,True
0,2062.0,0.00100417,0,0,1773348299901,False,True
0,2062.15,0.01123576,0,0,1773348300023,True,True
0,2062.14,0.00523489,0,0,1773348320485,False,True
0,2062.14,0.14829199,0,0,1773348325278,False,True
0,2062.14,0.00663758,0,0,1773348335793,False,True
0,2062.15,0.05564915,0,0,1773348336296,True,True
0,2062.15,0.00471952,0,0,1773348342918,True,True
0,2062.14,0.44391135,0,0,1773348346768,False,True
0,2062.14,0.59179619,0,0,1773348346768,False,True
0,2062.14,0.53007467,0,0,1773348346768,False,True
0,2062.15,0.0235976,0,0,1773348349331,True,True
0,2062.14,1.53596808,0,0,1773348351708,False,True
0,2062.15,0.01124001,0,0,1773348352240,True,True
0,2062.15,0.31628824,0,0,1773348353182,True,True
0,2062.15,0.4,0,0,1773348353182,True,True
0,2062.62,0.00606059,0,0,1773348354595,True,True
0,2062.62,0.00047195,0,0,1773348359666,True,True
0,2062.97,3.0,0,0,1773348375764,True,True
0,2063.0,0.48473802,0,0,1773348375764,True,True
0,2063.21,2.55274678,0,0,1773348375764,True,True
0,2063.23,3.12812441,0,0,1773348375764,True,True
0,2063.21,0.4,0,0,1773348377067,False,True
0,2063.22,0.34604696,0,0,1773348382739,True,True
0,2063.26,0.2733115,0,0,1773348393907,True,True
0,2064.44,0.5875236,0,0,1773348410166,True,True
0,2064.45,1.27607294,0,0,1773348410166,True,True
0,2064.47,2.55274678,0,0,1773348410166,True,True
0,2064.48,2.42191828,0,0,1773348410166,True,True
0,2064.5,0.48443745,0,0,1773348410166,True,True
0,2064.66,1.0,0,0,1773348410542,True,True
0,2064.89,0.4,0,0,1773348443859,True,True
0,2065.0,0.01,0,0,1773348443859,True,True
0,2065.0,0.00678884,0,0,1773348445661,True,True
0,2065.72,0.00049998,0,0,1773348451179,False,True
0,2065.83,1.27607294,0,0,1773348451333,True,True
0,2065.84,0.00440938,0,0,1773348460499,True,True
0,2065.84,0.01451479,0,0,1773348460499,True,True
0,2065.83,0.36318645,0,0,1773348466853,False,True
0,2065.83,3.32722381,0,0,1773348467497,False,True
0,2065.17,0.5875236,0,0,1773348479604,True,True
0,2065.17,0.63924534,0,0,1773348479604,True,True
0,2064.92,0.00232771,0,0,1773348489657,True,True
0,2064.92,0.00093127,0,0,1773348501137,True,True
0,2065.18,0.00497535,0,0,1773348512583,False,True
0,2065.19,0.00142636,0,0,1773348517462,True,True
0,2065.19,0.10049385,0,0,1773348525085,True,True
0,2065.19,0.4,0,0,1773348540605,True,True
0,2065.26,0.00895389,0,0,1773348548943,True,True
0,2065.3,0.4700885,0,0,1773348552204,True,True
0,2065.34,0.00164584,0,0,1773348558192,False,True
0,2065.28,0.5875236,0,0,1773348565426,True,True
0,2065.29,1.27607294,0,0,1773348565426,True,True
0,2065.29,0.5875236,0,0,1773348565426,True,True
0,2065.64,0.06051393,0,0,1773348565426,True,True
0,2065.65,2.22303669,0,0,1773348565426,True,True
0,2065.4,0.22553232,0,0,1773348578839,True,True
0,2065.43,0.00141659,0,0,1773348579802,True,True
0,2065.37,0.00949348,0,0,1773348591662,True,True
0,2065.33,0.00299094,0,0,1773348602101,True,True
0,2065.11,0.07601999,0,0,1773348621455,False,True
0,2065.0,0.0189247,0,0,1773348621455,False,True
0,2065.0,9.93086196,0,0,1773348622055,False,True
0,2065.0,4.63429264,0,0,1773348622207,False,True
0,2065.0,0.30702002,0,0,1773348622210,False,True
0,2065.0,2.16586363,0,0,1773348622245,False,True
0,2065.0,0.36336064,0,0,1773348622323,False,True
0,2065.0,7.3908738,0,0,1773348622655,False,True
0,2065.0,9.97749273,0,0,1773348628902,False,True
0,2065.0,0.33623481,0,0,1773348631175,False,True
0,2064.65,0.21887109,0,0,1773348635974,False,True
0,2064.65,0.24050866,0,0,1773348639888,False,True
0,2064.71,0.09149761,0,0,1773348645656,True,True
0,2064.71,0.00178763,0,0,1773348648528,False,True
0,2064.72,0.01670094,0,0,1773348649743,True,True
0,2064.72,0.45,0,0,1773348658024,True,True
0,2064.72,0.00411009,0,0,1773348667702,True,True
0,2064.24,0.03461836,0,0,1773348727630,True,True
0,2064.25,0.01120052,0,0,1773348727630,True,True
0,2064.1,0.4700885,0,0,1773348728587,False,True
0,2063.74,0.1155209,0,0,1773348739040,False,True
0,2064.0,0.5875236,0,0,1773348739420,True,True
0,2064.0,1.27607294,0,0,1773348739420,True,True
0,2064.01,1.5806588,0,0,1773348739420,True,True
0,2064.02,0.0091142,0,0,1773348761289,True,True
0,2064.02,0.00094998,0,0,1773348767212,True,True
0,2064.02,0.02081127,0,0,1773348772520,True,True
0,2064.01,0.00488359,0,0,1773348773444,False,True
0,2064.02,2.96912455,0,0,1773348782474,True,True
0,2064.02,0.39087545,0,0,1773348782474,True,True
0,2064.02,0.00441818,0,0,1773348792692,True,True
0,2064.02,0.00470637,0,0,1773348794384,True,True
0,2064.79,0.19570034,0,0,1773348794384,True,True
0,2065.19,0.04525287,0,0,1773348801094,True,True
0,2065.19,0.01157544,0,0,1773348802036,True,True
0,2065.18,0.0011865,0,0,1773348802175,True,True
0,2064.43,0.00101117,0,0,1773348810283,False,True
0,2064.52,0.00455019,0,0,1773348822640,True,True
0,2064.34,0.10943554,0,0,1773348823721,False,True
0,2064.03,0.00047733,0,0,1773348838031,True,True
0,2063.69,0.0046951,0,0,1773348840041,False,True
0,2063.44,0.60745858,0,0,1773348851258,True,True
0,2063.44,0.5737,0,0,1773348851258,True,True
0,2063.45,2.42313238,0,0,1773348851258,True,True
0,2063.48,1.87402415,0,0,1773348851258,True,True
0,2063.49,7.326,0,0,1773348851258,True,True
0,2063.57,8.4804562,0,0,1773348851258,True,True
0,2063.58,14.53790448,0,0,1773348851258,True,True
0,2063.58,7.14690401,0,0,1773348851258,True,True
0,2063.48,0.010891,0,0,1773348851629,True,True
0,2062.86,0.00479841,0,0,1773348855814,True,True
0,2062.14,0.03425204,0,0,1773348857553,False,True
0,2061.53,3.071e-05,0,0,1773348864708,True,True
0,2061.53,0.00161633,0,0,1773348864708,True,True
0,2061.21,0.47094589,0,0,1773348866731,True,True
0,2061.54,0.00710995,0,0,1773348870713,True,True
0,2061.54,1.36,0,0,1773348879652,True,True
0,2062.25,0.03587758,0,0,1773348882136,True,True
0,2062.25,0.02376996,0,0,1773348887032,True,True
0,2062.25,0.00447643,0,0,1773348890469,True,True
0,2062.25,0.00124287,0,0,1773348892445,True,True
0,2062.25,0.01519699,0,0,1773348898035,True,True
0,2062.24,0.01995582,0,0,1773348900040,False,True
0,2062.25,0.31943617,0,0,1773348902420,True,True
0,2062.25,0.46730441,0,0,1773348902420,True,True
0,2063.0,25.0,0,0,1773348910728,True,True
0,2062.99,0.12307429,0,0,1773348925958,False,True
0,2063.0,0.00314935,0,0,1773348927626,True,True
0,2063.57,0.00950314,0,0,1773348932388,True,True
0,2063.57,0.00348904,0,0,1773348934232,True,True
0,2063.57,0.24377586,0,0,1773348934567,True,True
0,2063.31,0.04750975,0,0,1773348945224,True,True
0,2062.93,0.03774129,0,0,1773348958761,False,True
0,2062.95,0.5737,0,0,1773348960035,False,True
0,2062.94,0.13124837,0,0,1773348960035,False,True
0,2063.56,0.61362594,0,0,1773348977688,False,True
0,2063.56,0.29977008,0,0,1773348977688,False,True
0,2063.56,0.5737,0,0,1773348977688,False,True
0,2063.56,0.04845994,0,0,1773348977688,False,True
0,2063.56,1.43244404,0,0,1773348977688,False,True
0,2063.56,0.00998046,0,0,1773348987450,False,True
0,2063.56,0.12391123,0,0,1773348990012,False,True
0,2063.56,0.00050006,0,0,1773348999110,False,True
0,2063.56,0.0435755,0,0,1773349005036,False,True
0,2063.28,0.05375112,0,0,1773349007911,True,True
0,2063.28,0.01685792,0,0,1773349018853,True,True
0,2063.27,0.00557696,0,0,1773349020263,False,True
0,2063.28,0.15878151,0,0,1773349023028,True,True
0,2063.07,0.04482311,0,0,1773349058614,False,True
0,2062.91,0.00668913,0,0,1773349066027,True,True
0,2062.9,0.02291871,0,0,1773349074094,False,True
0,2063.27,0.00143001,0,0,1773349077887,True,True
0,2063.45,0.4,0,0,1773349083001,False,True
0,2063.46,0.02787064,0,0,1773349093861,False,True
0,2063.46,0.52517302,0,0,1773349093861,False,True
0,2063.45,5.65391709,0,0,1773349093861,False,True
0,2063.51,0.00479813,0,0,1773349094017,True,True
0,2063.51,0.0299264,0,0,1773349097120,True,True
0,2063.45,0.04244769,0,0,1773349106121,True,True
0,2063.45,0.00047983,0,0,1773349108036,True,True
0,2063.45,0.04725285,0,0,1773349120660,True,True
0,2063.34,0.5875236,0,0,1773349134245,True,True
0,2063.34,1.27607294,0,0,1773349134245,True,True
0,2063.34,2.55274678,0,0,1773349134245,True,True
0,2063.34,0.39365668,0,0,1773349134245,True,True
0,2063.18,0.01651008,0,0,1773349178633,True,True
0,2063.09,0.01137039,0,0,1773349196634,True,True
0,2063.16,0.00479894,0,0,1773349200231,True,True
0,2063.18,0.4,0,0,1773349202375,True,True
0,2064.15,0.0031895,0,0,1773349203381,False,True
0,2064.39,0.004849,0,0,1773349204936,True,True
0,2064.22,0.00445024,0,0,1773349208803,True,True
0,2064.02,0.00175445,0,0,1773349214601,False,True
0,2064.22,0.04193769,0,0,1773349225329,True,True
0,2064.22,0.09429576,0,0,1773349228465,True,True
0,2064.22,0.02380563,0,0,1773349234227,True,True
0,2064.22,0.4201328,0,0,1773349240288,True,True
0,2064.22,0.4,0,0,1773349240288,True,True
0,2064.22,0.00380326,0,0,1773349251672,False,True
0,2064.23,0.01034681,0,0,1773349254578,True,True
0,2064.23,0.00065064,0,0,1773349256067,True,True
0,2064.91,0.00107202,0,0,1773349274426,True,True
0,2065.34,0.4,0,0,1773349292200,True,True
0,2065.38,0.72,0,0,1773349292200,True,True
0,2065.93,0.10175223,0,0,1773349319965,True,True
0,2065.87,0.00097865,0,0,1773349322164,False,True
0,2065.89,0.01186404,0,0,1773349330461,True,True
0,2066.0,0.4,0,0,1773349335201,False,True
0,2066.26,0.00095835,0,0,1773349349035,True,True
0,2066.77,0.01186192,0,0,1773349356118,True,True
0,2066.4,0.44367946,0,0,1773349362762,True,True
0,2066.4,0.06191584,0,0,1773349367289,True,True
0,2066.4,0.0958284,0,0,1773349367544,True,True
0,2066.4,0.03057486,0,0,1773349367721,True,True
0,2066.39,0.06742635,0,0,1773349379019,False,True
0,2066.39,0.10717106,0,0,1773349379620,False,True
0,2065.82,0.01269879,0,0,1773349391203,True,True
0,2065.15,0.03850621,0,0,1773349439128,True,True
0,2065.11,0.00902008,0,0,1773349447780,True,True
0,2065.15,0.4,0,0,1773349454226,True,True
0,2066.01,0.00481617,0,0,1773349471034,True,True
0,2065.75,0.0080213,0,0,1773349492028,True,True
0,2065.72,0.5875236,0,0,1773349498216,True,True
0,2065.73,0.72613555,0,0,1773349498216,True,True
0,2065.74,0.68634085,0,0,1773349498216,True,True
0,2065.76,0.00155182,0,0,1773349510929,True,True
0,2065.74,0.12465387,0,0,1773349512987,False,True
0,2065.74,0.00094798,0,0,1773349517517,True,True
0,2065.76,0.00341641,0,0,1773349527728,True,True
0,2065.77,0.4,0,0,1773349527728,True,True
0,2065.77,0.35613121,0,0,1773349527728,True,True
0,2065.96,0.020803,0,0,1773349539044,True,True
0,2065.94,1.0,0,0,1773349539683,False,True
0,2065.52,0.72620938,0,0,1773349556202,True,True
0,2065.52,0.58379062,0,0,1773349556202,True,True
0,2065.48,0.00204684,0,0,1773349571276,False,True
0,2065.46,2.0,0,0,1773349578018,False,True
0,2065.3,0.22603705,0,0,1773349579944,True,True
0,2064.98,0.5875236,0,0,1773349594729,True,True
0,2064.99,0.5875236,0,0,1773349594729,True,True
0,2064.68,0.5875236,0,0,1773349623378,True,True
0,2064.68,1.2724764,0,0,1773349623378,True,True
0,2064.81,0.00978396,0,0,1773349631922,True,True
0,2064.53,0.06546921,0,0,1773349641019,False,True
0,2064.53,3.89375376,0,0,1773349641620,False,True
0,2064.33,0.31322408,0,0,1773349644023,False,True
0,2064.26,0.44367946,0,0,1773349646014,False,True
0,2064.2,0.00769014,0,0,1773349647019,False,True
0,2064.21,1.1782385,0,0,1773349647620,False,True
0,2064.2,0.12179083,0,0,1773349648821,False,True
0,2064.08,0.00164533,0,0,1773349649990,False,True
0,2064.08,0.00975539,0,0,1773349650495,False,True
0,2064.08,0.00191843,0,0,1773349651999,False,True
0,2064.08,1.43935537,0,0,1773349652600,False,True
0,2064.08,0.14508182,0,0,1773349654019,False,True
0,2064.08,0.01450818,0,0,1773349656033,False,True
0,2064.08,1.18146228,0,0,1773349656633,False,True
0,2064.08,0.12548205,0,0,1773349658018,False,True
0,2063.97,0.00482065,0,0,1773349662480,True,True
0,2063.97,1.27607294,0,0,1773349663957,True,True
0,2063.97,0.58392706,0,0,1773349663957,True,True
0,2064.25,0.00170525,0,0,1773349665983,True,True
0,2064.22,0.00479648,0,0,1773349681900,True,True
0,2064.21,0.05771235,0,0,1773349702090,False,True
0,2064.22,0.4,0,0,1773349721412,True,True
0,2064.41,3.0,0,0,1773349721624,True,True
0,2064.82,0.02386426,0,0,1773349722035,True,True
0,2064.42,4.67049064,0,0,1773349738024,False,True
0,2064.32,0.00481967,0,0,1773349740338,True,True
0,2064.29,1.85574096,0,0,1773349742085,False,True
0,2064.28,13.4421113,0,0,1773349742588,False,True
0,2064.28,0.86625354,0,0,1773349743594,False,True
0,2064.28,9.88563516,0,0,1773349744097,False,True
0,2064.22,3.97566335,0,0,1773349744097,False,True
0,2064.22,4.46621231,0,0,1773349744608,False,True
0,2064.23,3.35722246,0,0,1773349746215,False,True
0,2064.5,1.27607294,0,0,1773349761819,True,True
0,2064.5,0.58392706,0,0,1773349761819,True,True
0,2064.51,0.01132024,0,0,1773349766969,True,True
0,2064.51,0.38867976,0,0,1773349769868,True,True
0,2064.68,3.0,0,0,1773349770078,True,True
0,2065.18,4.68258941,0,0,1773349775043,True,True
0,2065.18,0.02250455,0,0,1773349777907,True,True
0,2065.18,4.36,0,0,1773349778575,True,True
0,2065.17,0.1992619,0,0,1773349779259,False,True
0,2065.17,1.62743404,0,0,1773349779259,False,True
0,2065.43,0.02419276,0,0,1773349800251,False,True
0,2065.54,0.34817326,0,0,1773349802034,True,True
0,2065.55,0.00978396,0,0,1773349806202,False,True
0,2065.56,0.4,0,0,1773349807009,True,True
0,2066.38,0.03080822,0,0,1773349810132,True,True
0,2066.37,0.04523304,0,0,1773349810260,True,True
0,2066.37,0.06049255,0,0,1773349825797,True,True
0,2066.37,0.39353914,0,0,1773349825797,True,True
0,2066.01,0.15208741,0,0,1773349840090,False,True
0,2065.49,0.1,0,0,1773349844506,False,True
0,2065.49,0.55489886,0,0,1773349849032,False,True
0,2065.58,0.00476955,0,0,1773349854439,True,True
0,2066.02,0.00068787,0,0,1773349876317,True,True
0,2066.02,0.39,0,0,1773349881049,True,True
0,2066.66,0.4,0,0,1773349889970,False,True
0,2067.0,0.1301912,0,0,1773349897193,True,True
0,2067.0,0.1598088,0,0,1773349897193,True,True
0,2067.0,0.00027576,0,0,1773349900166,True,True
0,2067.55,0.31662009,0,0,1773349900247,True,True
0,2068.0,0.33849129,0,0,1773349901210,True,True
0,2068.0,0.00150871,0,0,1773349901210,True,True
0,2067.98,0.00201018,0,0,1773349903992,False,True
0,2067.75,0.05026114,0,0,1773349929754,True,True
0,2067.14,0.28147872,0,0,1773349940383,True,True
0,2067.13,0.00476613,0,0,1773349952256,True,True
0,2067.14,0.4,0,0,1773349957793,True,True
0,2068.0,0.00048115,0,0,1773349975033,True,True
0,2067.75,0.01105346,0,0,1773349980378,True,True
0,2068.0,0.00816488,0,0,1773349983733,True,True
0,2068.86,0.4,0,0,1773349991052,True,True
0,2069.0,0.38666022,0,0,1773349991052,True,True
0,2069.15,0.16507897,0,0,1773349991058,True,True
0,2067.2,0.00064078,0,0,1773350004666,True,True
0,2067.14,0.00187462,0,0,1773350007943,False,True
0,2066.97,0.00100501,0,0,1773350057333,False,True
0,2066.63,0.00053074,0,0,1773350077373,False,True
0,2066.64,0.00476726,0,0,1773350083520,True,True
0,2066.64,0.00241939,0,0,1773350099951,True,True
0,2066.64,0.4,0,0,1773350101338,True,True
0,2066.64,0.38896268,0,0,1773350101338,True,True
0,2066.86,0.03466594,0,0,1773350106367,False,True
0,2066.22,0.18840898,0,0,1773350127444,True,True
0,2066.21,0.00564921,0,0,1773350127554,False,True
0,2066.05,0.04768232,0,0,1773350129421,True,True
0,2066.01,0.00057981,0,0,1773350138157,True,True
0,2065.72,0.02832422,0,0,1773350148019,True,True
0,2065.58,0.04840271,0,0,1773350161162,True,True
0,2065.58,0.00976783,0,0,1773350161712,True,True
0,2065.58,0.40018784,0,0,1773350163194,True,True
0,2065.58,0.00479332,0,0,1773350165367,True,True
0,2065.56,0.22900208,0,0,1773350171924,True,True
0,2065.56,0.05430216,0,0,1773350175555,True,True
0,2065.55,0.15501242,0,0,1773350176345,False,True
0,2066.35,0.4,0,0,1773350192977,False,True
0,2065.65,0.01788858,0,0,1773350245028,True,True
0,2065.21,0.0093067,0,0,1773350261751,True,True
0,2065.2,0.01472699,0,0,1773350263244,False,True
0,2065.07,0.00951833,0,0,1773350294380,True,True
0,2065.07,0.00235642,0,0,1773350312015,True,True
0,2064.24,1.27607294,0,0,1773350340773,True,True
0,2064.24,0.5875236,0,0,1773350340773,True,True
0,2064.25,0.72665617,0,0,1773350340773,True,True
0,2064.25,0.72665617,0,0,1773350340773,True,True
0,2064.44,0.0605491,0,0,1773350340773,True,True
0,2064.45,0.28904852,0,0,1773350340773,True,True
0,2064.47,1.00089588,0,0,1773350340773,True,True
0,2064.46,0.03048155,0,0,1773350351418,True,True
0,2064.45,0.06408971,0,0,1773350351789,False,True
0,2064.46,0.00484261,0,0,1773350360948,True,True
0,2064.46,0.00444972,0,0,1773350365687,True,True
0,2064.46,0.06860936,0,0,1773350370408,True,True
0,2064.45,0.09139965,0,0,1773350392418,False,True
0,2064.23,0.00606,0,0,1773350400549,False,True
0,2064.23,0.00976783,0,0,1773350406287,False,True
0,2064.24,0.00996018,0,0,1773350413771,True,True
0,2064.24,0.0036875,0,0,1773350420941,True,True
0,2064.24,0.00904605,0,0,1773350421162,True,True
0,2064.24,0.01193201,0,0,1773350424032,True,True
0,2064.23,0.03135915,0,0,1773350448992,False,True
0,2064.23,0.14179079,0,0,1773350451677,False,True
0,2063.8,0.0005687,0,0,1773350452540,True,True
0,2063.22,0.00475167,0,0,1773350473094,True,True
0,2062.99,0.02858378,0,0,1773350516326,True,True
0,2062.98,0.00108966,0,0,1773350516872,False,True
0,2062.99,0.3227306,0,0,1773350523843,True,True
0,2062.98,6.30859125,0,0,1773350553029,False,True
0,2062.98,0.01441227,0,0,1773350559673,True,True
0,2062.97,2.0,0,0,1773350581023,False,True
0,2062.54,1.64797043,0,0,1773350601036,False,True
0,2062.54,0.0484839,0,0,1773350601036,False,True
0,2062.53,17.9054943,0,0,1773350601636,False,True
0,2062.52,8.66673582,0,0,1773350603215,False,True
0,2062.52,0.058,0,0,1773350614737,False,True
0,2062.53,0.00471865,0,0,1773350619617,True,True
0,2062.52,0.00233847,0,0,1773350625611,False,True
0,2062.53,0.09071607,0,0,1773350632673,True,True
0,2062.52,0.00199748,0,0,1773350640047,False,True
0,2062.52,0.72880454,0,0,1773350645700,False,True
0,2062.53,0.33784262,0,0,1773350655534,True,True
0,2062.53,0.4,0,0,1773350655534,True,True
0,2062.98,0.72880454,0,0,1773350675688,False,True
0,2062.98,1.00650623,0,0,1773350678036,False,True
0,2062.98,0.26468923,0,0,1773350678636,False,True
0,2062.76,1.33968034,0,0,1773350679237,False,True
0,2062.98,0.44353453,0,0,1773350679820,True,True
0,2062.76,6.23080038,0,0,1773350680439,False,True
0,2062.76,0.0301334,0,0,1773350692446,False,True
0,2062.76,0.030983,0,0,1773350698093,False,True
0,2062.48,0.00139556,0,0,1773350705479,False,True
0,2062.48,0.00169444,0,0,1773350705479,False,True
0,2062.32,0.73194273,0,0,1773350721781,False,True
0,2061.33,0.01708828,0,0,1773350758717,False,True
0,2061.33,1.9,0,0,1773350766279,False,True
0,2061.34,0.00124172,0,0,1773350772651,True,True
0,2061.26,10.43987052,0,0,1773350777144,False,True
0,2061.24,0.31662009,0,0,1773350777746,False,True
0,2061.23,23.41720567,0,0,1773350777746,False,True
0,2060.98,1.46877368,0,0,1773350796070,False,True
0,2060.98,0.86833077,0,0,1773350796070,False,True
0,2060.97,14.86678477,0,0,1773350796070,False,True
0,2060.97,0.22229598,0,0,1773350796669,False,True
0,2060.97,9.17091925,0,0,1773350797270,False,True
0,2060.97,0.6365217,0,0,1773350797270,False,True
0,2060.98,1.30834457,0,0,1773350809024,False,True
0,2060.98,0.57848853,0,0,1773350809624,False,True
0,2060.98,0.41312803,0,0,1773350810225,False,True
0,2060.98,11.13246436,0,0,1773350810825,False,True
0,2060.95,4.66973219,0,0,1773350812365,False,True
0,2060.95,0.46697322,0,0,1773350821439,False,True
0,2061.0,0.00410869,0,0,1773350822699,True,True
0,2061.0,0.00399347,0,0,1773350848028,True,True
0,2060.99,0.00689377,0,0,1773350858540,False,True
0,2061.0,0.00064444,0,0,1773350896460,True,True
0,2061.0,0.10416787,0,0,1773350904186,True,True
0,2061.0,0.00094443,0,0,1773350904267,True,True
0,2060.99,0.00496452,0,0,1773350947831,False,True
0,2061.0,0.23887424,0,0,1773350958985,True,True
0,2060.99,0.01684186,0,0,1773350962019,False,True
0,2060.99,1.98315814,0,0,1773350962621,False,True
0,2060.99,0.87336668,0,0,1773350962621,False,True
0,2060.99,4.54526069,0,0,1773350962621,False,True
0,2061.0,0.03026982,0,0,1773350983036,True,True
0,2061.0,0.06628766,0,0,1773350983036,True,True
0,2061.28,0.4,0,0,1773350999650,False,True
0,2061.42,0.01200749,0,0,1773351006032,True,True
0,2061.42,0.39379981,0,0,1773351012500,True,True
0,2061.65,0.5875236,0,0,1773351012500,True,True
0,2061.66,0.46893107,0,0,1773351012500,True,True
0,2061.7,0.93486526,0,0,1773351012500,True,True
0,2061.72,3.0,0,0,1773351012500,True,True
0,2061.77,0.72753022,0,0,1773351012500,True,True
0,2061.77,0.72753022,0,0,1773351012500,True,True
0,2061.93,1.27607294,0,0,1773351012500,True,True
0,2061.95,1.64809381,0,0,1773351012500,True,True
0,2062.04,0.14944913,0,0,1773351012500,True,True
0,2061.33,0.23583457,0,0,1773351033621,False,True
0,2060.98,0.00242603,0,0,1773351039037,False,True
0,2060.59,0.40617361,0,0,1773351039887,False,True
0,2060.0,0.02427184,0,0,1773351057160,False,True
0,2060.0,0.03827487,0,0,1773351057160,False,True
0,2060.0,0.02657102,0,0,1773351057160,False,True
0,2060.0,0.00078801,0,0,1773351057160,False,True
0,2060.0,0.07281553,0,0,1773351057160,False,True
0,2060.0,0.83727873,0,0,1773351057160,False,True
0,2060.01,0.00954171,0,0,1773351069611,True,True
0,2060.0,0.49971275,0,0,1773351072455,False,True
0,2060.0,0.50028725,0,0,1773351072455,False,True
0,2059.79,0.00480628,0,0,1773351084293,True,True
0,2059.79,0.58271732,0,0,1773351084798,True,True
0,2059.79,1.27607294,0,0,1773351084798,True,True
0,2059.91,0.27984083,0,0,1773351084798,True,True
0,2059.93,0.72818008,0,0,1773351084798,True,True
0,2059.96,0.04859594,0,0,1773351084798,True,True
0,2059.97,0.72816594,0,0,1773351084798,True,True
0,2060.01,0.39045829,0,0,1773351084798,True,True
0,2060.18,0.64706819,0,0,1773351084798,True,True
0,2059.74,0.06898695,0,0,1773351091331,False,True
0,2059.75,0.00095664,0,0,1773351097055,True,True
0,2059.54,0.14743583,0,0,1773351113592,True,True
0,2059.47,0.00485561,0,0,1773351128373,False,True
0,2059.47,0.33682259,0,0,1773351128373,False,True
0,2059.47,0.06434105,0,0,1773351139740,True,True
0,2058.86,0.01388535,0,0,1773351166460,False,True
0,2058.86,50.0,0,0,1773351166460,False,True
0,2058.86,8.26411465,0,0,1773351166460,False,True
0,2058.85,2.4285305,0,0,1773351166460,False,True
0,2058.81,26.588,0,0,1773351166460,False,True
0,2058.8,24.282,0,0,1773351166460,False,True
0,2058.79,23.506,0,0,1773351166460,False,True
0,2058.7,12.14353445,0,0,1773351166460,False,True
0,2058.69,0.47165744,0,0,1773351166460,False,True
0,2058.61,1.11832976,0,0,1773351166460,False,True
0,2058.61,0.51789782,0,0,1773351166460,False,True
0,2058.6,11.06170615,0,0,1773351166460,False,True
0,2058.6,6.24189306,0,0,1773351166460,False,True
0,2058.6,6.98464038,0,0,1773351166460,False,True
0,2058.59,2.0,0,0,1773351166460,False,True
0,2058.58,0.3757159,0,0,1773351166460,False,True
0,2058.58,1.91397979,0,0,1773351166460,False,True
0,2058.57,5.02339366,0,0,1773351166460,False,True
0,2058.57,17.07860644,0,0,1773351166460,False,True
0,2058.57,2.1866307,0,0,1773351166462,False,True
0,2058.56,24.28871154,0,0,1773351166462,False,True
0,2058.45,0.55939621,0,0,1773351166462,False,True
0,2058.44,1.87402415,0,0,1773351166462,False,True
0,2058.37,21.0912374,0,0,1773351166462,False,True
0,2058.37,1.99222301,0,0,1773351166462,False,True
0,2058.37,1.20758651,0,0,1773351166462,False,True
0,2058.19,2.71040175,0,0,1773351166462,False,True
0,2058.19,2.14662015,0,0,1773351166462,False,True
0,2058.18,10.3779,0,0,1773351166462,False,True
0,2058.15,4.87177665,0,0,1773351166462,False,True
0,2058.14,2.689617,0,0,1773351166462,False,True
0,2058.14,1.68768034,0,0,1773351166462,False,True
0,2058.14,22.31619459,0,0,1773351166462,False,True
0,2058.14,19.70874835,0,0,1773351166462,False,True
0,2058.13,80.29125165,0,0,1773351166462,False,True
0,2058.83,0.50621699,0,0,1773351169572,False,True
0,2058.83,0.02466419,0,0,1773351190681,True,True
0,2058.67,0.02368128,0,0,1773351194064,True,True
0,2058.44,0.00575963,0,0,1773351224881,True,True
0,2058.44,0.14574143,0,0,1773351258113,True,True
0,2058.43,0.97161428,0,0,1773351259131,False,True
0,2058.43,1.02838572,0,0,1773351259133,False,True
0,2058.43,0.87428721,0,0,1773351259133,False,True
0,2058.36,0.00830564,0,0,1773351259238,True,True
0,2058.24,0.04826389,0,0,1773351259627,True,True
0,2057.74,0.09479881,0,0,1773351271184,True,True
0,2058.44,0.00709325,0,0,1773351277760,True,True
0,2058.44,0.39290675,0,0,1773351286010,True,True
0,2059.17,0.00490207,0,0,1773351288571,False,True
0,2058.89,0.00700129,0,0,1773351314702,True,True
0,2058.86,0.04325699,0,0,1773351320219,False,True
0,2058.28,0.00570493,0,0,1773351331530,False,True
0,2058.29,0.5875236,0,0,1773351346417,True,True
0,2058.29,1.27607294,0,0,1773351346417,True,True
0,2058.42,0.21642086,0,0,1773351346420,True,True
0,2058.42,0.20588328,0,0,1773351346421,True,True
0,2058.42,4.43471776,0,0,1773351346421,True,True
0,2058.43,0.9692828,0,0,1773351346421,True,True
0,2058.43,0.3791308,0,0,1773351346421,True,True
0,2058.45,2.55274678,0,0,1773351346421,True,True
0,2058.44,0.19264367,0,0,1773351346427,True,True
0,2058.44,0.09416969,0,0,1773351346427,True,True
0,2058.44,0.08257773,0,0,1773351346429,True,True
0,2058.44,0.05914565,0,0,1773351346431,True,True
0,2058.44,0.04645171,0,0,1773351346431,True,True
0,2058.44,0.16694944,0,0,1773351346431,True,True
0,2058.44,0.1126589,0,0,1773351346431,True,True
0,2058.44,0.05248983,0,0,1773351346435,True,True
0,2058.44,0.05427555,0,0,1773351346435,True,True
0,2058.44,0.1420458,0,0,1773351346436,True,True
0,2058.44,0.10151481,0,0,1773351346436,True,True
0,2058.44,0.08018174,0,0,1773351346436,True,True
0,2058.44,0.15792451,0,0,1773351346436,True,True
0,2059.21,0.4,0,0,1773351346585,True,True
0,2060.45,3.84178,0,0,1773351346733,True,True
0,2060.69,0.00164748,0,0,1773351346737,True,True
0,2060.81,0.46782718,0,0,1773351355621,False,True
0,2060.14,0.04854039,0,0,1773351384018,False,True
0,2060.95,0.00895266,0,0,1773351397530,True,True
0,2060.95,0.39025692,0,0,1773351401674,True,True
0,2060.83,0.04704948,0,0,1773351411043,True,True
0,2060.0,0.00098519,0,0,1773351442678,False,True
0,2060.05,0.02861145,0,0,1773351446513,True,True
0,2059.51,0.34798762,0,0,1773351453559,False,True
0,2059.69,0.02089048,0,0,1773351492575,False,True
0,2059.69,0.06975065,0,0,1773351492575,False,True
0,2059.53,0.00448206,0,0,1773351521515,True,True
0,2059.45,0.00201054,0,0,1773351524269,False,True
0,2059.66,0.02403678,0,0,1773351530781,True,True
0,2059.09,0.01419,0,0,1773351551744,False,True
0,2059.03,1.33914117,0,0,1773351552507,False,True
0,2059.09,0.01500408,0,0,1773351558461,False,True
0,2059.36,0.0023684,0,0,1773351592443,True,True
0,2059.35,0.11158003,0,0,1773351592893,False,True
0,2059.35,1.69691247,0,0,1773351602241,False,True
0,2059.36,0.00186752,0,0,1773351606421,True,True
0,2059.36,0.37091471,0,0,1773351611988,True,True
0,2059.36,0.4,0,0,1773351611988,True,True
0,2060.07,14.56101704,0,0,1773351613941,False,True
0,2060.07,7.28050852,0,0,1773351613941,False,True
0,2060.03,0.64030111,0,0,1773351613941,False,True
0,2060.02,1.79001799,0,0,1773351613941,False,True
0,2060.6,0.01409998,0,0,1773351651912,True,True
0,2060.58,0.02355826,0,0,1773351670262,True,True
0,2060.6,0.00047231,0,0,1773351678639,True,True
0,2060.6,0.39952769,0,0,1773351684548,True,True
0,2061.48,0.04721055,0,0,1773351692004,True,True
0,2061.47,0.14945306,0,0,1773351696336,False,True
0,2061.26,0.36,0,0,1773351696525,False,True
0,2059.59,0.00048073,0,0,1773351713095,True,True
0,2059.43,0.00961527,0,0,1773351718030,True,True
0,2059.74,0.4,0,0,1773351721025,True,True
0,2060.16,0.00144197,0,0,1773351742465,False,True
0,2060.26,1.18188831,0,0,1773351743238,False,True
0,2060.27,0.66638652,0,0,1773351743838,False,True
0,2060.26,8.9098461,0,0,1773351743838,False,True
0,2060.28,2.42684435,0,0,1773351746775,False,True
0,2060.26,1.16679719,0,0,1773351746775,False,True
0,2060.59,0.58224378,0,0,1773351749533,False,True
0,2060.6,0.01933408,0,0,1773351750945,True,True
0,2060.6,0.00112714,0,0,1773351751661,True,True
0,2060.57,0.025,0,0,1773351774875,False,True
0,2060.57,0.00072659,0,0,1773351780468,False,True
0,2060.14,0.2048347,0,0,1773351794418,False,True
0,2059.27,0.06193085,0,0,1773351803026,False,True
0,2059.27,1.93806915,0,0,1773351803568,False,True
0,2058.73,0.01445135,0,0,1773351808025,False,True
0,2058.73,1.98554865,0,0,1773351808547,False,True
0,2058.55,0.01191443,0,0,1773351813715,True,True
0,2058.4,6.749e-05,0,0,1773351817314,False,True
0,2058.4,0.00157507,0,0,1773351817314,False,True
0,2058.38,0.03979756,0,0,1773351819019,False,True
0,2059.15,0.00164196,0,0,1773351830780,True,True
0,2059.3,0.4,0,0,1773351830953,True,True
0,2060.29,0.00579884,0,0,1773351844654,False,True
0,2060.3,0.00194908,0,0,1773351844999,True,True
0,2060.29,0.02379246,0,0,1773351851033,True,True
0,2060.08,1.98882718,0,0,1773351851376,False,True
0,2060.3,0.11370193,0,0,1773351858729,True,True
0,2060.3,0.4,0,0,1773351858729,True,True
0,2061.15,0.00075473,0,0,1773351874132,True,True
0,2061.18,0.5875236,0,0,1773351874824,True,True
0,2061.18,0.41636361,0,0,1773351874824,True,True
0,2061.01,0.00442616,0,0,1773351881248,True,True
0,2061.01,1.27164678,0,0,1773351890524,True,True
0,2061.01,0.5875236,0,0,1773351890524,True,True
0,2061.01,5.22262778,0,0,1773351890524,True,True
0,2061.01,1.08010335,0,0,1773351890524,True,True
0,2061.23,3.0,0,0,1773351890524,True,True
0,2061.32,7.337,0,0,1773351890524,True,True
0,2061.33,2.42562902,0,0,1773351890524,True,True
0,2061.43,9.21692259,0,0,1773351890524,True,True
0,2061.45,18.198,0,0,1773351890524,True,True
0,2061.47,0.16606796,0,0,1773351890524,True,True
0,2061.49,24.264,0,0,1773351890524,True,True
0,2061.49,16.49296945,0,0,1773351890524,True,True
0,2061.5,16.49288801,0,0,1773351890524,True,True
0,2061.57,1.87402415,0,0,1773351890524,True,True
0,2061.59,0.72759375,0,0,1773351890524,True,True
0,2061.59,2.55274678,0,0,1773351890524,True,True
0,2061.66,16.49160257,0,0,1773351890524,True,True
0,2061.67,16.49153976,0,0,1773351890524,True,True
0,2061.71,0.01012979,0,0,1773351890524,True,True
0,2061.74,0.28200122,0,0,1773351890524,True,True
0,2061.74,55.81498344,0,0,1773351890524,True,True
0,2061.05,0.06930693,0,0,1773351891976,False,True
0,2060.27,0.07425743,0,0,1773351933105,False,True
0,2060.42,0.43317497,0,0,1773351970978,True,True
0,2060.42,0.4,0,0,1773351970978,True,True
0,2061.28,0.5875236,0,0,1773351981914,True,True
0,2061.28,1.27607294,0,0,1773351981914,True,True
0,2061.29,3.0,0,0,1773351981914,True,True
0,2061.68,2.42520926,0,0,1773351981914,True,True
0,2061.72,7.338,0,0,1773351981914,True,True
0,2061.77,2.55274678,0,0,1773351981914,True,True
0,2061.79,14.55048387,0,0,1773351981914,True,True
0,2061.8,8.48776069,0,0,1773351981914,True,True
0,2061.87,0.02,0,0,1773351981914,True,True
0,2061.87,0.72749494,0,0,1773351981914,True,True
0,2061.88,0.16603982,0,0,1773351981914,True,True
0,2061.92,24.271,0,0,1773351981914,True,True
0,2061.95,18.203,0,0,1773351981914,True,True
0,2061.95,1.87402415,0,0,1773351981914,True,True
0,2061.96,14.52064395,0,0,1773351981914,True,True
0,2061.24,0.00299148,0,0,1773351986587,False,True
0,2061.18,0.01196723,0,0,1773351992629,True,True
0,2061.18,7.36082442,0,0,1773351992629,True,True
0,2061.19,0.5875236,0,0,1773351992629,True,True
0,2061.2,2.42577139,0,0,1773351992629,True,True
0,2061.33,8.48970152,0,0,1773351992629,True,True
0,2061.39,3.0,0,0,1773351992629,True,True
0,2061.49,14.55262557,0,0,1773351992629,True,True
0,2061.51,7.336,0,0,1773351992629,True,True
0,2061.52,14.55236912,0,0,1773351992629,True,True
0,2061.54,0.72761139,0,0,1773351992629,True,True
0,2061.57,1.27607294,0,0,1773351992629,True,True
0,2061.63,0.3,0,0,1773351992629,True,True
0,2061.65,18.196,0,0,1773351992629,True,True
0,2061.68,0.72756198,0,0,1773351992629,True,True
0,2061.69,2.55274678,0,0,1773351992629,True,True
0,2061.71,17.90322406,0,0,1773351992629,True,True
0,2061.13,0.02927217,0,0,1773351994046,True,True
0,2061.06,0.0008401,0,0,1773352088166,True,True
0,2061.05,0.00119189,0,0,1773352100564,False,True
0,2060.56,0.05196649,0,0,1773352107390,False,True
0,2060.54,0.89321473,0,0,1773352117846,False,True
0,2060.52,0.08902698,0,0,1773352127707,True,True
0,2060.37,0.14168772,0,0,1773352136606,True,True
0,2061.19,0.4,0,0,1773352158955,False,True
0,2061.59,0.01183038,0,0,1773352166231,True,True
0,2061.39,20.40245997,0,0,1773352173287,False,True
0,2061.4,0.4855952,0,0,1773352173888,False,True
0,2061.39,14.07854003,0,0,1773352173888,False,True
0,2061.57,0.00242555,0,0,1773352175842,True,True
0,2061.32,0.00569651,0,0,1773352180308,False,True
0,2061.6,3.0,0,0,1773352182432,True,True
0,2062.6,0.00794135,0,0,1773352185506,True,True
0,2062.62,0.5875236,0,0,1773352196594,True,True
0,2062.63,0.6312104,0,0,1773352196594,True,True
0,2062.62,0.41377027,0,0,1773352213608,True,True
0,2062.62,0.4,0,0,1773352213608,True,True
0,2062.65,0.7655557,0,0,1773352213608,True,True
0,2062.65,0.2344443,0,0,1773352213628,True,True
0,2062.99,0.5273016,0,0,1773352213686,True,True
0,2063.01,0.34863023,0,0,1773352213686,True,True
0,2063.85,3.0,0,0,1773352223141,True,True
0,2063.97,0.00163666,0,0,1773352223145,True,True
0,2064.11,3.0,0,0,1773352223164,True,True
0,2064.07,0.04525495,0,0,1773352234164,True,True
0,2063.79,0.00306418,0,0,1773352240956,True,True
0,2063.73,0.01143218,0,0,1773352249017,False,True
0,2063.73,0.01143218,0,0,1773352249017,False,True
0,2063.73,1.97713564,0,0,1773352249023,False,True
0,2063.02,0.04847262,0,0,1773352255003,False,True
0,2063.28,0.01799395,0,0,1773352255825,True,True
0,2063.03,0.01572309,0,0,1773352260856,False,True
0,2063.04,0.04847215,0,0,1773352261456,False,True
0,2063.03,0.40256878,0,0,1773352261456,False,True
0,2063.02,1.11414381,0,0,1773352261456,False,True
0,2063.02,0.72346081,0,0,1773352261456,False,True
0,2063.04,0.01853811,0,0,1773352262056,False,True
0,2063.03,0.27886125,0,0,1773352262056,False,True
0,2063.04,0.1859075,0,0,1773352262657,False,True
0,2063.02,0.15770574,0,0,1773352263257,False,True
0,2063.02,0.15770574,0,0,1773352263859,False,True
0,2063.02,0.15770574,0,0,1773352264459,False,True
0,2062.17,0.03184994,0,0,1773352318259,True,True
0,2061.34,0.08028249,0,0,1773352334551,True,True
0,2061.05,0.12284973,0,0,1773352339027,False,True
0,2061.06,0.04943434,0,0,1773352343374,False,True
0,2061.06,34.026,0,0,1773352343974,False,True
0,2061.05,0.23610313,0,0,1773352347560,True,True
0,2060.41,0.00222267,0,0,1773352362646,False,True
0,2060.41,0.09713453,0,0,1773352362646,False,True
0,2060.27,27.65523045,0,0,1773352370247,False,True
0,2059.47,0.09696358,0,0,1773352390365,True,True
0,2059.47,0.0272526,0,0,1773352392825,True,True
0,2059.47,1.15972215,0,0,1773352392825,True,True
0,2059.47,1.12463895,0,0,1773352392825,True,True
0,2059.47,0.0623358,0,0,1773352392832,True,True
0,2059.47,1.18697475,0,0,1773352392832,True,True
0,2059.47,0.71218482,0,0,1773352392832,True,True
0,2060.79,0.4,0,0,1773352410988,False,True
0,2060.71,1.87402415,0,0,1773352434866,False,True
0,2060.7,2.0,0,0,1773352434866,False,True
0,2060.53,2.0,0,0,1773352434924,False,True
0,2061.85,0.4,0,0,1773352467182,True,True
0,2061.97,3.0,0,0,1773352467182,True,True
0,2063.46,0.72195186,0,0,1773352469075,True,True
0,2063.46,0.18988068,0,0,1773352469076,True,True
0,2063.46,0.23335135,0,0,1773352469076,True,True
0,2063.46,0.15626092,0,0,1773352469078,True,True
0,2063.46,0.2956386,0,0,1773352469080,True,True
0,2063.65,0.04520576,0,0,1773352469573,True,True
0,2065.11,0.49164444,0,0,1773352471208,False,True
0,2065.16,0.00163003,0,0,1773352471800,False,True
0,2063.71,0.01335871,0,0,1773352483065,False,True
0,2063.86,0.05715475,0,0,1773352485436,True,True
0,2063.48,0.0023991,0,0,1773352500051,True,True
0,2063.35,0.01217747,0,0,1773352502800,False,True
0,2062.84,3.73371994,0,0,1773352509114,False,True
0,2062.85,30.94451298,0,0,1773352509714,False,True
0,2062.84,4.69950337,0,0,1773352510916,False,True
0,2062.83,1.59992022,0,0,1773352511419,False,True
0,2062.83,1.92100878,0,0,1773352512019,False,True
0,2062.76,0.14539322,0,0,1773352515110,True,True
0,2062.52,0.02353611,0,0,1773352530085,True,True
0,2062.33,0.00475381,0,0,1773352554033,True,True
0,2062.31,0.11,0,0,1773352559424,True,True
0,2062.28,0.02713539,0,0,1773352564026,False,True
0,2062.25,0.00205731,0,0,1773352564159,True,True
0,2062.26,0.01939563,0,0,1773352564276,True,True
0,2062.22,19.12374836,0,0,1773352564627,False,True
0,2062.05,0.12864725,0,0,1773352578289,True,True
0,2062.05,0.18728929,0,0,1773352578291,True,True
0,2062.05,0.66033273,0,0,1773352578291,True,True
0,2062.05,0.48542737,0,0,1773352578296,True,True
0,2062.05,0.88697489,0,0,1773352578296,True,True
0,2062.05,0.50178517,0,0,1773352578300,True,True
0,2062.05,0.1495433,0,0,1773352578308,True,True
0,2062.31,0.4,0,0,1773352579041,True,True
0,2062.33,0.41005632,0,0,1773352579041,True,True
0,2063.24,0.05,0,0,1773352580307,True,True
0,2064.4,0.00110946,0,0,1773352582771,True,True
0,2064.37,0.00533319,0,0,1773352583367,True,True
0,2063.91,0.00392645,0,0,1773352603925,False,True
0,2063.98,1.65202636,0,0,1773352615655,True,True
0,2063.99,0.4,0,0,1773352615707,True,True
0,2064.56,0.15381479,0,0,1773352615774,False,True
0,2064.35,0.87258343,0,0,1773352633029,False,True
0,2063.93,0.02422563,0,0,1773352635822,True,True
0,2063.92,0.0317,0,0,1773352636683,False,True
0,2063.93,0.00484513,0,0,1773352642043,True,True
0,2064.22,0.0039084,0,0,1773352656254,True,True
0,2063.97,0.10175223,0,0,1773352666699,False,True
0,2063.92,0.05624699,0,0,1773352670889,False,True
0,2063.92,0.22612526,0,0,1773352674024,False,True
0,2063.31,0.00125161,0,0,1773352680197,False,True
0,2064.07,0.35835532,0,0,1773352682693,True,True
0,2063.99,0.00949997,0,0,1773352697835,True,True
0,2063.95,0.0010882,0,0,1773352705303,True,True
0,2063.93,0.4,0,0,1773352726899,True,True
0,2065.41,0.00224879,0,0,1773352731827,True,True
0,2064.38,0.24752475,0,0,1773352733940,False,True
0,2064.92,0.10654166,0,0,1773352752986,True,True
0,2064.41,0.06054998,0,0,1773352764707,True,True
0,2064.42,0.0077385,0,0,1773352764707,True,True
0,2064.34,0.00281335,0,0,1773352770707,True,True
0,2063.6,0.00094064,0,0,1773352782133,True,True
0,2063.9,0.00479792,0,0,1773352786860,True,True
0,2063.76,0.00071844,0,0,1773352795541,True,True
0,2063.05,0.02507761,0,0,1773352799314,False,True
0,2063.24,0.00048226,0,0,1773352800117,True,True
0,2063.12,0.0014256,0,0,1773352800316,True,True
0,2063.06,0.07184342,0,0,1773352800367,False,True
0,2062.86,0.01163559,0,0,1773352800418,False,True
0,2062.86,2.41218095,0,0,1773352800854,False,True
0,2062.76,8.15683947,0,0,1773352801003,False,True
0,2062.76,2.26000522,0,0,1773352801009,False,True
0,2062.76,0.2108066,0,0,1773352801010,False,True
0,2062.76,0.11098234,0,0,1773352801010,False,True
0,2062.76,0.24239368,0,0,1773352801021,False,True
0,2062.76,1.13863866,0,0,1773352801033,False,True
0,2062.64,3.84178,0,0,1773352801049,False,True
0,2062.63,3.58560763,0,0,1773352801049,False,True
0,2062.63,5.0740208,0,0,1773352801053,False,True
0,2062.63,0.846508,0,0,1773352801058,False,True
0,2062.63,0.30241389,0,0,1773352801116,False,True
0,2062.63,0.43890557,0,0,1773352801117,False,True
0,2062.63,0.25941808,0,0,1773352801117,False,True
0,2062.63,0.26944404,0,0,1773352801117,False,True
0,2062.63,0.26944404,0,0,1773352801117,False,True
0,2062.63,0.12994549,0,0,1773352801118,False,True
0,2062.63,0.07184342,0,0,1773352801207,False,True
0,2063.27,0.43401408,0,0,1773352803976,True,True
0,2063.78,0.1316648,0,0,1773352810043,False,True
0,2062.84,0.00528773,0,0,1773352828622,True,True
0,2063.59,0.00284614,0,0,1773352833868,False,True
0,2063.64,0.00676977,0,0,1773352839728,True,True
0,2063.2,0.00121037,0,0,1773352860197,False,True
0,2063.19,0.0008257,0,0,1773352860768,False,True
0,2063.73,0.4,0,0,1773352893905,True,True
0,2064.62,0.09805484,0,0,1773352896149,True,True
0,2064.61,0.0039593,0,0,1773352906458,False,True
0,2064.61,0.00396331,0,0,1773352906460,False,True
0,2064.53,0.02256532,0,0,1773352919309,True,True
0,2063.84,0.01122374,0,0,1773352929048,True,True
0,2064.21,0.02745545,0,0,1773352958180,True,True
0,2063.98,0.4,0,0,1773352975147,True,True
0,2064.38,0.0497827,0,0,1773352976726,False,True
0,2063.85,0.00732046,0,0,1773352980599,False,True
0,2065.6,0.02272508,0,0,1773353001710,True,True
0,2065.29,0.1037374,0,0,1773353008883,True,True
0,2065.13,0.02040335,0,0,1773353016183,True,True
0,2065.13,0.02385351,0,0,1773353016704,True,True
0,2064.79,0.16338,0,0,1773353016721,False,True
0,2065.13,0.01202408,0,0,1773353018648,True,True
0,2065.18,0.01415104,0,0,1773353029755,True,True
0,2064.84,0.00954284,0,0,1773353080289,True,True
0,2064.68,0.04843365,0,0,1773353090806,False,True
0,2064.67,0.11495635,0,0,1773353090806,False,True
0,2064.95,0.00048912,0,0,1773353099595,True,True
0,2064.95,0.00680207,0,0,1773353106325,True,True
0,2064.94,0.00496075,0,0,1773353110915,False,True
0,2064.95,0.00449271,0,0,1773353111577,True,True
0,2064.94,0.00072276,0,0,1773353115230,False,True
0,2064.94,0.00726955,0,0,1773353125978,False,True
0,2064.95,0.00047017,0,0,1773353126340,True,True
0,2064.95,3.78139569,0,0,1773353130133,True,True
0,2064.95,0.4314938,0,0,1773353130133,True,True
0,2064.95,0.4,0,0,1773353130133,True,True
0,2065.99,0.05485257,0,0,1773353135425,True,True
0,2065.99,0.4809543,0,0,1773353138511,True,True
0,2065.77,0.00764249,0,0,1773353150593,False,True
0,2064.85,0.05,0,0,1773353186076,True,True
0,2064.84,0.00178645,0,0,1773353192033,False,True
0,2064.85,0.09173453,0,0,1773353195978,True,True
0,2064.85,0.25826547,0,0,1773353213112,True,True
0,2065.76,0.00234407,0,0,1773353215338,True,True
0,2065.84,0.01178337,0,0,1773353216406,True,True
0,2065.82,0.4,0,0,1773353227397,True,True
0,2066.0,0.35421198,0,0,1773353227494,True,True
0,2065.51,0.01164361,0,0,1773353257253,True,True
0,2065.57,0.93738961,0,0,1773353261136,True,True
0,2065.57,0.40604332,0,0,1773353261138,True,True
0,2065.57,0.18171101,0,0,1773353261139,True,True
0,2065.57,0.09287534,0,0,1773353261140,True,True
0,2065.57,0.05017406,0,0,1773353261141,True,True
0,2065.57,0.2280595,0,0,1773353261141,True,True
0,2065.57,0.06468297,0,0,1773353261143,True,True
0,2065.57,0.50718967,0,0,1773353261144,True,True
0,2065.57,0.06236396,0,0,1773353261144,True,True
0,2066.05,1.27607294,0,0,1773353264408,True,True
0,2066.05,0.5875236,0,0,1773353264408,True,True
0,2066.05,7.31719475,0,0,1773353264408,True,True
0,2065.79,0.00720789,0,0,1773353283166,True,True
0,2066.21,0.000715,0,0,1773353290823,False,True
0,2066.22,0.00236015,0,0,1773353292100,True,True
0,2066.22,0.39763985,0,0,1773353292310,True,True
0,2066.7,0.00185565,0,0,1773353292360,False,True
0,2066.72,0.00063373,0,0,1773353300435,False,True
0,2066.42,0.70305,0,0,1773353316090,False,True
0,2066.43,0.00475532,0,0,1773353320255,True,True
0,2066.42,1.29695,0,0,1773353322019,False,True
0,2066.22,0.0120557,0,0,1773353332795,True,True
0,2066.21,0.01947655,0,0,1773353347435,False,True
0,2066.21,0.01947655,0,0,1773353347436,False,True
0,2066.21,3.02009773,0,0,1773353347437,False,True
0,2066.21,1.55802585,0,0,1773353348020,False,True
0,2065.64,0.00894943,0,0,1773353349245,True,True
0,2065.57,0.96824636,0,0,1773353352631,True,True
0,2064.92,0.00471022,0,0,1773353356922,True,True
0,2064.84,0.01308209,0,0,1773353358018,False,True
0,2064.84,0.4451278,0,0,1773353359658,True,True
0,2065.33,0.1220627,0,0,1773353369927,True,True
0,2065.21,0.01177556,0,0,1773353373338,True,True
0,2064.98,0.01251248,0,0,1773353380123,False,True
0,2065.04,0.02420061,0,0,1773353400087,False,True
0,2065.04,0.06126652,0,0,1773353403468,False,True
0,2064.53,0.599,0,0,1773353406341,True,True
0,2064.53,0.09241284,0,0,1773353406382,False,True
0,2064.53,0.69141284,0,0,1773353406382,False,True
0,2064.52,2.0,0,0,1773353406382,False,True
0,2064.51,0.19729332,0,0,1773353406403,True,True
0,2064.47,0.02250553,0,0,1773353406620,True,True
0,2064.46,1.52610898,0,0,1773353406961,False,True
0,2064.35,3.48459417,0,0,1773353406961,False,True
0,2064.38,0.07483543,0,0,1773353408692,False,True
0,2064.38,0.09978928,0,0,1773353409037,False,True
0,2063.89,1.80770386,0,0,1773353423068,False,True
0,2063.45,0.08333148,0,0,1773353435821,False,True
0,2063.57,0.48117926,0,0,1773353458410,True,True
0,2063.57,0.00487129,0,0,1773353458410,True,True
0,2064.37,0.01803975,0,0,1773353462148,True,True
0,2064.33,0.00598342,0,0,1773353464147,False,True
0,2064.38,0.02721882,0,0,1773353475201,True,True
0,2064.38,0.02328558,0,0,1773353481142,True,True
0,2064.38,0.3494956,0,0,1773353493939,True,True
0,2065.0,0.02355112,0,0,1773353497008,True,True
0,2065.0,0.01186915,0,0,1773353512990,True,True
0,2065.0,0.01082485,0,0,1773353520789,True,True
0,2065.0,0.4,0,0,1773353520789,True,True
0,2065.96,0.00481892,0,0,1773353556987,False,True
0,2065.95,0.02355397,0,0,1773353568017,True,True
0,2065.95,0.02619717,0,0,1773353587362,True,True
0,2065.94,0.05685677,0,0,1773353588941,False,True
0,2065.95,0.00137912,0,0,1773353607484,True,True
0,2065.95,0.0471084,0,0,1773353624274,True,True
0,2065.32,2.53,0,0,1773353641335,True,True
0,2065.31,1.6973287,0,0,1773353649016,False,True
0,2065.32,0.00189094,0,0,1773353649146,True,True
0,2065.31,0.08539522,0,0,1773353661512,False,True
0,2065.31,0.21727608,0,0,1773353677519,False,True
0,2064.76,0.01186732,0,0,1773353683095,True,True
0,2064.86,0.08531836,0,0,1773353689018,False,True
0,2064.86,18.15286724,0,0,1773353689619,False,True
0,2064.87,0.0093994,0,0,1773353704772,False,True
0,2064.88,0.23739688,0,0,1773353714034,True,True
0,2064.84,0.01204724,0,0,1773353734040,True,True
0,2064.83,2.42150685,0,0,1773353747948,False,True
0,2064.83,0.5875236,0,0,1773353747948,False,True
0,2064.81,0.04030731,0,0,1773353747948,False,True
0,2064.8,12.10768672,0,0,1773353747948,False,True
0,2064.83,7.23468728,0,0,1773353747954,False,True
0,2064.75,0.06890399,0,0,1773353748027,False,True
0,2063.9,0.02419795,0,0,1773353751022,False,True
0,2063.9,0.40263903,0,0,1773353752223,False,True
0,2063.32,0.02332577,0,0,1773353781082,True,True
0,2063.31,13.49855,0,0,1773353799255,False,True
0,2063.2,2.0,0,0,1773353799260,False,True
0,2062.73,0.00130472,0,0,1773353822739,False,True
0,2062.73,1.37695,0,0,1773353831558,False,True
0,2062.74,0.20189735,0,0,1773353845901,True,True
0,2062.74,0.4,0,0,1773353845901,True,True
0,2063.16,0.00515113,0,0,1773353869282,False,True
0,2062.69,0.01817763,0,0,1773353880956,False,True
0,2063.01,0.01211821,0,0,1773353889571,True,True
0,2063.17,0.02308471,0,0,1773353918561,False,True
0,2063.17,0.4,0,0,1773353940225,True,True
0,2063.64,8.32415,0,0,1773353944785,False,True
0,2063.64,12.30653,0,0,1773353944785,False,True
0,2063.64,1.45150703,0,0,1773353944818,False,True
0,2063.24,0.00484578,0,0,1773353945070,True,True
0,2063.82,0.17215773,0,0,1773353960200,False,True
0,2063.85,0.02422657,0,0,1773353975622,True,True
0,2063.85,0.03101,0,0,1773353982105,True,True
0,2063.43,0.00055009,0,0,1773353997061,True,True
0,2063.25,0.01802297,0,0,1773354000192,False,True
0,2062.8,0.14330317,0,0,1773354029237,False,True
0,2062.57,0.03479085,0,0,1773354093049,False,True
0,2062.58,0.47566795,0,0,1773354097460,True,True
0,2062.58,0.4,0,0,1773354097460,True,True
0,2063.18,0.00330736,0,0,1773354099053,False,True
0,2063.18,0.01767489,0,0,1773354099188,False,True
0,2063.24,0.02171148,0,0,1773354123512,True,True
0,2063.23,0.04780853,0,0,1773354126623,False,True
0,2062.88,0.04362833,0,0,1773354171770,True,True
0,2062.92,0.03067454,0,0,1773354184736,False,True
0,2063.01,0.09181279,0,0,1773354209541,True,True
0,2063.01,0.06648982,0,0,1773354211789,True,True
0,2063.01,0.0013,0,0,1773354217533,True,True
0,2063.01,0.00113746,0,0,1773354220713,True,True
0,2063.36,0.4,0,0,1773354228481,False,True
0,2063.68,0.01152114,0,0,1773354229366,True,True
0,2063.76,3.0,0,0,1773354229379,True,True
0,2064.87,2.0,0,0,1773354257317,False,True
0,2064.87,0.0009691,0,0,1773354259295,False,True
0,2064.69,0.15316957,0,0,1773354272244,True,True
0,2064.86,0.06053679,0,0,1773354272244,True,True
0,2064.87,0.09529628,0,0,1773354272244,True,True
0,2064.52,10.89270779,0,0,1773354277732,False,True
0,2064.26,0.00850566,0,0,1773354286228,True,True
0,2064.61,0.00378075,0,0,1773354302780,True,True
0,2064.61,0.39621925,0,0,1773354310579,True,True
0,2064.61,0.50728023,0,0,1773354310579,True,True
0,2064.88,0.14633934,0,0,1773354310580,True,True
0,2064.88,0.00487682,0,0,1773354310580,True,True
0,2064.97,1.45914199,0,0,1773354310580,True,True
0,2064.97,1.54085801,0,0,1773354310580,True,True
0,2065.49,0.39177269,0,0,1773354310584,True,True
0,2066.11,0.3,0,0,1773354310737,True,True
0,2066.57,0.36222018,0,0,1773354310737,True,True
0,2066.58,0.599,0,0,1773354310737,True,True
0,2066.79,0.599,0,0,1773354310737,True,True
0,2067.05,0.01616413,0,0,1773354315810,False,True
0,2067.54,0.4,0,0,1773354329631,False,True
0,2067.55,0.0360477,0,0,1773354329822,True,True
0,2067.54,2.0,0,0,1773354334831,False,True
0,2066.59,0.05109372,0,0,1773354365549,False,True
0,2066.59,0.78981618,0,0,1773354369413,False,True
0,2066.35,0.00593518,0,0,1773354401191,False,True
0,2066.35,0.00093052,0,0,1773354420940,True,True
0,2066.34,0.15369697,0,0,1773354422585,False,True
0,2065.32,0.01021002,0,0,1773354441904,False,True
0,2065.05,0.00376115,0,0,1773354459979,True,True
0,2064.88,0.04794947,0,0,1773354474032,True,True
0,2064.21,0.01325,0,0,1773354499957,False,True
0,2064.21,0.15355496,0,0,1773354504020,False,True
0,2064.21,0.70571079,0,0,1773354504539,False,True
0,2064.21,0.05106829,0,0,1773354504539,False,True
0,2063.76,0.00010388,0,0,1773354507535,True,True
0,2063.76,0.00151867,0,0,1773354507535,True,True
0,2064.48,0.01909198,0,0,1773354521625,False,True
0,2064.58,6.52119,0,0,1773354522145,False,True
0,2064.57,6.52119,0,0,1773354522745,False,True
0,2064.53,1.09477473,0,0,1773354522745,False,True
0,2064.57,6.52119,0,0,1773354523345,False,True
0,2064.55,0.00447145,0,0,1773354538891,True,True
0,2064.25,0.5875236,0,0,1773354573692,True,True
0,2064.26,0.14138181,0,0,1773354573692,True,True
0,2064.26,0.00781331,0,0,1773354595687,True,True
0,2064.26,0.04272581,0,0,1773354607819,True,True
0,2064.26,0.00175597,0,0,1773354608080,True,True
0,2064.25,0.00485,0,0,1773354615841,False,True
0,2064.26,0.04570592,0,0,1773354629485,True,True
0,2064.25,0.09331639,0,0,1773354639969,False,True
0,2064.15,0.16326956,0,0,1773354639969,False,True
0,2064.26,0.42432272,0,0,1773354659410,True,True
0,2064.26,0.00602298,0,0,1773354667292,True,True
0,2064.26,0.12671488,0,0,1773354672772,True,True
0,2064.26,0.4,0,0,1773354672772,True,True
0,2064.87,0.02200207,0,0,1773354684137,True,True
0,2064.87,0.0237398,0,0,1773354694376,True,True
0,2064.58,0.0032657,0,0,1773354701735,True,True
0,2063.95,0.04703777,0,0,1773354711048,True,True
0,2063.92,0.02377133,0,0,1773354715695,True,True
0,2064.41,0.00047607,0,0,1773354728179,True,True
0,2064.41,0.04014625,0,0,1773354739126,True,True
0,2064.4,0.06351569,0,0,1773354747453,False,True
0,2064.41,0.00931491,0,0,1773354756187,True,True
0,2064.41,0.39068509,0,0,1773354767387,True,True
0,2065.66,0.4,0,0,1773354798266,True,True
0,2066.24,0.5875236,0,0,1773354798266,True,True
0,2066.25,2.31786765,0,0,1773354798266,True,True
0,2065.71,0.0141276,0,0,1773354821978,True,True
0,2065.67,0.00939818,0,0,1773354824045,True,True
0,2065.32,0.01452314,0,0,1773354845984,True,True
0,2064.58,0.35052224,0,0,1773354854094,False,True
0,2064.58,0.13412161,0,0,1773354869027,False,True
0,2064.58,0.34809951,0,0,1773354869185,False,True
0,2063.98,0.09477064,0,0,1773354873464,True,True
0,2063.85,0.00015153,0,0,1773354876326,True,True
0,2063.85,0.00147725,0,0,1773354876326,True,True
0,2063.81,0.00475024,0,0,1773354877827,True,True
0,2063.84,0.06876869,0,0,1773354879699,True,True
0,2061.98,0.0027532,0,0,1773354895307,False,True
0,2062.04,0.02100239,0,0,1773354900045,False,True
0,2062.18,0.61287455,0,0,1773354944948,True,True
0,2062.18,0.4,0,0,1773354944948,True,True
0,2062.92,5.38108,0,0,1773354945071,False,True
0,2062.91,15.61474046,0,0,1773354945071,False,True
0,2062.95,0.00504637,0,0,1773354960046,False,True
0,2062.99,0.02663906,0,0,1773354967817,True,True
0,2062.53,0.1340009,0,0,1773354983788,False,True
0,2061.96,0.4,0,0,1773355039371,True,True
0,2063.22,0.00098048,0,0,1773355072361,False,True
0,2063.24,0.078757,0,0,1773355089359,True,True
0,2063.24,0.321243,0,0,1773355100863,True,True
0,2064.02,0.00723122,0,0,1773355106742,True,True
0,2064.02,0.01213691,0,0,1773355108031,True,True
0,2064.44,0.00715445,0,0,1773355118516,True,True
0,2064.42,0.00068189,0,0,1773355122050,True,True
0,2064.42,0.00047143,0,0,1773355128227,True,True
0,2064.16,2.0,0,0,1773355129306,False,True
0,2063.43,0.01667536,0,0,1773355135461,True,True
0,2063.23,0.06053874,0,0,1773355145652,True,True
0,2063.23,0.5875236,0,0,1773355145652,True,True
0,2063.23,0.15361323,0,0,1773355145652,True,True
0,2063.23,0.10739638,0,0,1773355145652,True,True
0,2063.23,0.00054585,0,0,1773355154866,True,True
0,2063.23,0.02031162,0,0,1773355165236,True,True
0,2063.23,0.0112313,0,0,1773355173688,True,True
0,2063.43,0.4,0,0,1773355177696,True,True
0,2064.24,0.0125933,0,0,1773355183525,True,True
0,2063.99,0.04844984,0,0,1773355195349,False,True
0,2063.22,0.10425833,0,0,1773355201805,False,True
0,2063.22,0.26854238,0,0,1773355201805,False,True
0,2062.71,0.82209911,0,0,1773355201805,False,True
0,2062.14,0.00707188,0,0,1773355220125,True,True
0,2062.38,0.02359772,0,0,1773355226946,True,True
0,2062.45,0.02423396,0,0,1773355246322,True,True
0,2062.45,0.5159104,0,0,1773355251796,True,True
0,2062.45,0.01200149,0,0,1773355261282,True,True
0,2062.45,0.09126927,0,0,1773355275359,True,True
0,2062.45,0.4,0,0,1773355275359,True,True
0,2062.78,0.94182908,0,0,1773355275359,True,True
0,2063.24,0.00707825,0,0,1773355279141,True,True
0,2063.63,0.02422915,0,0,1773355284241,True,True
0,2063.6,1.27607294,0,0,1773355286781,True,True
0,2063.61,0.16330621,0,0,1773355286781,True,True
0,2063.63,0.5875236,0,0,1773355286781,True,True
0,2063.68,6.01704926,0,0,1773355286781,True,True
0,2061.76,0.01270541,0,0,1773355303038,False,True
0,2061.76,0.01587508,0,0,1773355303038,False,True
0,2061.76,0.01447164,0,0,1773355303038,False,True
0,2061.76,0.01014198,0,0,1773355303038,False,True
0,2061.76,0.01719429,0,0,1773355303038,False,True
0,2061.76,0.01442537,0,0,1773355303038,False,True
0,2061.76,0.01010689,0,0,1773355303038,False,True
0,2061.76,0.02696294,0,0,1773355306450,False,True
0,2062.32,0.42360653,0,0,1773355315415,False,True
0,2063.05,0.4,0,0,1773355343777,True,True
0,2063.65,1.02041335,0,0,1773355376366,False,True
0,2063.66,0.24776697,0,0,1773355393848,True,True
0,2063.66,0.4,0,0,1773355393848,True,True
0,2063.96,0.00564478,0,0,1773355434124,True,True
0,2063.72,0.0047972,0,0,1773355445493,True,True
0,2063.5,0.00723167,0,0,1773355449722,True,True
0,2063.77,1.63266354,0,0,1773355482905,False,True
0,2063.77,0.36733646,0,0,1773355482906,False,True
0,2063.64,0.72323697,0,0,1773355482906,False,True
0,2063.63,2.42290442,0,0,1773355482906,False,True
0,2063.49,0.8849033,0,0,1773355482906,False,True
0,2063.48,2.0,0,0,1773355482933,False,True
0,2063.14,0.9540291,0,0,1773355482933,False,True
0,2063.12,19.6943221,0,0,1773355482933,False,True
0,2062.44,0.01532165,0,0,1773355493487,False,True
0,2062.29,2.59221383,0,0,1773355493489,False,True
0,2062.26,2.0,0,0,1773355493489,False,True
0,2061.86,0.28467421,0,0,1773355493526,False,True
0,2061.76,0.14428099,0,0,1773355493531,False,True
0,2061.77,0.04850201,0,0,1773355493734,False,True
0,2060.91,0.96150535,0,0,1773355494011,False,True
0,2061.53,0.49631386,0,0,1773355502173,False,True
0,2061.57,0.044651,0,0,1773355502360,True,True
0,2061.48,0.0995589,0,0,1773355505255,True,True
0,2061.48,0.00018895,0,0,1773355524420,True,True
0,2061.48,0.00144924,0,0,1773355524420,True,True
0,2061.47,0.1198092,0,0,1773355531674,False,True
0,2061.48,0.6363197,0,0,1773355536573,True,True
0,2062.19,0.0457518,0,0,1773355559850,True,True
0,2062.19,0.04200388,0,0,1773355569519,True,True
0,2062.19,0.2274974,0,0,1773355577057,True,True
0,2062.19,0.08474692,0,0,1773355586546,True,True
0,2062.36,0.06000573,0,0,1773355586546,True,True
0,2061.99,1.61309599,0,0,1773355597376,False,True
0,2061.99,0.38690401,0,0,1773355597379,False,True
0,2061.93,0.02993568,0,0,1773355597379,False,True
0,2061.75,0.80390165,0,0,1773355597405,False,True
0,2060.72,0.03662159,0,0,1773355599030,False,True
0,2060.34,0.10024457,0,0,1773355601620,False,True
0,2060.34,0.09696358,0,0,1773355601621,False,True
0,2060.92,2.0,0,0,1773355615201,False,True
0,2061.09,0.46884187,0,0,1773355621330,False,True
0,2061.14,0.37814765,0,0,1773355632682,False,True
0,2061.36,0.01347749,0,0,1773355643060,True,True
0,2061.14,0.04736588,0,0,1773355643955,False,True
0,2061.14,1.95263412,0,0,1773355643983,False,True
0,2061.05,4.88949,0,0,1773355644037,False,True
0,2061.01,0.01364172,0,0,1773355646588,True,True
0,2060.68,0.01060415,0,0,1773355650168,False,True
0,2060.38,0.00019916,0,0,1773355650768,False,True
0,2060.38,0.00144674,0,0,1773355650768,False,True
0,2060.32,0.06067018,0,0,1773355653158,True,True
0,2060.33,2.54969525,0,0,1773355653158,True,True
0,2060.33,0.45030475,0,0,1773355653159,True,True
0,2060.39,0.35948572,0,0,1773355653168,True,True
0,2060.39,0.0826634,0,0,1773355653171,True,True
0,2060.39,0.24788506,0,0,1773355653172,True,True
0,2060.39,0.14649998,0,0,1773355653173,True,True
0,2060.39,1.369958,0,0,1773355657003,True,True
0,2060.39,0.09596811,0,0,1773355659437,True,True
0,2060.17,0.599,0,0,1773355663336,False,True
0,2060.09,4.45315,0,0,1773355663336,False,True
0,2060.0,0.00654854,0,0,1773355663408,False,True
0,2059.73,2.42750217,0,0,1773355671567,False,True
0,2059.47,0.01736854,0,0,1773355681178,False,True
0,2059.46,0.004855,0,0,1773355684906,True,True
0,2059.45,0.00457799,0,0,1773355688868,True,True
0,2059.47,0.599,0,0,1773355689840,False,True
0,2059.47,2.42780909,0,0,1773355689840,False,True
0,2059.38,0.09908891,0,0,1773355689859,False,True
0,2059.38,3.09286976,0,0,1773355689859,False,True
0,2059.38,0.08146628,0,0,1773355689859,False,True
0,2059.38,0.08399344,0,0,1773355689879,False,True
0,2059.38,8.22868289,0,0,1773355689896,False,True
0,2058.96,0.00510228,0,0,1773355693848,True,True
0,2058.59,0.03918624,0,0,1773355699312,False,True
0,2058.5,11.21982376,0,0,1773355699913,False,True
0,2058.52,0.00102646,0,0,1773355705198,True,True
0,2059.09,0.4,0,0,1773355713178,True,True
0,2059.47,0.26121256,0,0,1773355716471,False,True
0,2059.48,0.0118141,0,0,1773355748856,True,True
0,2059.48,0.00144226,0,0,1773355751032,True,True
0,2059.47,0.49222009,0,0,1773355767026,False,True
0,2059.47,0.50877991,0,0,1773355767027,False,True
0,2058.0,0.71103564,0,0,1773355777327,False,True
0,2057.98,2.0,0,0,1773355777327,False,True
0,2057.79,0.36,0,0,1773355777327,False,True
0,2058.08,0.00876328,0,0,1773355783436,False,True
0,2058.08,1.99123672,0,0,1773355783467,False,True
0,2057.89,0.02180978,0,0,1773355783537,True,True
0,2057.64,7.60054861,0,0,1773355783951,False,True
0,2057.62,0.02181244,0,0,1773355788223,True,True
0,2057.61,0.04527801,0,0,1773355788273,True,True
0,2057.55,0.11321455,0,0,1773355788934,False,True
0,2057.55,2.80269,0,0,1773355788935,False,True
0,2057.55,0.07031783,0,0,1773355788935,False,True
0,2057.55,2.30438129,0,0,1773355788936,False,True
0,2057.55,1.57617262,0,0,1773355788937,False,True
0,2057.55,0.00790724,0,0,1773355788940,False,True
0,2057.54,0.7008,0,0,1773355788963,False,True
0,2057.54,0.0282,0,0,1773355788973,False,True
0,2057.0,5.44966,0,0,1773355789520,False,True
0,2056.96,0.94509756,0,0,1773355789520,False,True
0,2056.9,7.69748262,0,0,1773355789520,False,True
0,2056.99,0.02181883,0,0,1773355792248,True,True
0,2056.96,0.76342764,0,0,1773355792248,False,True
0,2057.01,0.02430713,0,0,1773355795359,True,True
0,2057.01,0.02181854,0,0,1773355802358,True,True
0,2057.01,0.35387433,0,0,1773355802750,True,True
0,2057.01,0.61758559,0,0,1773355802750,True,True
0,2057.61,0.00680207,0,0,1773355806358,False,True
0,2058.25,0.02263526,0,0,1773355827729,True,True
0,2058.25,0.06242425,0,0,1773355847419,False,True
0,2058.26,0.4,0,0,1773355851095,True,True
0,2059.13,0.00480834,0,0,1773355878233,True,True
0,2059.13,0.0047612,0,0,1773355878647,True,True
0,2059.11,0.01400911,0,0,1773355890153,True,True
0,2059.04,0.25951885,0,0,1773355894428,False,True
0,2058.26,0.36,0,0,1773355920682,False,True
0,2058.17,0.47226774,0,0,1773355920682,False,True
0,2056.86,0.597,0,0,1773355927805,False,True
0,2056.85,1.18183046,0,0,1773355927805,False,True
0,2056.86,3.96839435,0,0,1773355928309,False,True
0,2056.82,1.45349311,0,0,1773355929688,False,True
0,2056.64,0.006047,0,0,1773355932566,False,True
0,2056.22,0.00239037,0,0,1773355932566,False,True
0,2056.41,2.0,0,0,1773355932636,False,True
0,2056.67,0.01561592,0,0,1773355955833,True,True
0,2056.67,0.38438408,0,0,1773355972971,True,True
0,2057.3,0.5875236,0,0,1773355979753,True,True
0,2057.3,0.15815146,0,0,1773355979753,True,True
0,2056.67,0.00166157,0,0,1773355991609,False,True
0,2056.79,0.04787543,0,0,1773355994046,True,True
0,2056.79,0.00473182,0,0,1773356005183,True,True
0,2056.79,0.03631672,0,0,1773356036903,True,True
0,2056.79,1.27607294,0,0,1773356049081,True,True
0,2056.79,0.0629116,0,0,1773356049081,True,True
0,2056.79,0.00473182,0,0,1773356054277,True,True
0,2056.78,0.60115624,0,0,1773356075165,False,True
0,2056.74,0.287294,0,0,1773356075165,False,True
0,2056.78,0.02022187,0,0,1773356075799,True,True
0,2056.79,0.39526818,0,0,1773356093833,True,True
0,2056.79,0.01001043,0,0,1773356093833,True,True
0,2057.3,0.4,0,0,1773356095807,False,True
0,2057.23,0.61630909,0,0,1773356102169,True,True
0,2057.93,3.0,0,0,1773356109741,True,True
0,2057.93,1.27607294,0,0,1773356109741,True,True
0,2058.23,0.04709508,0,0,1773356109741,True,True
0,2058.37,2.65028638,0,0,1773356109741,True,True
0,2058.37,1.76906202,0,0,1773356109742,True,True
0,2058.37,0.04709508,0,0,1773356109743,True,True
0,2058.38,2.55274678,0,0,1773356109743,True,True
0,2058.39,2.42909173,0,0,1773356109743,True,True
0,2058.44,1.05038508,0,0,1773356109746,True,True
0,2058.44,3.5,0,0,1773356109749,True,True
0,2058.5,0.15734792,0,0,1773356109751,True,True
0,2058.64,0.02,0,0,1773356109751,True,True
0,2058.68,0.70784478,0,0,1773356109751,True,True
0,2058.68,7.35269556,0,0,1773356109753,True,True
0,2058.72,0.27337991,0,0,1773356109767,True,True
0,2058.76,0.24160173,0,0,1773356109767,True,True
0,2058.76,3.29877107,0,0,1773356109767,True,True
0,2058.76,0.44235527,0,0,1773356109774,True,True
0,2058.76,12.77370584,0,0,1773356109780,True,True
0,2058.98,0.44235527,0,0,1773356109795,True,True
0,2058.98,3.55,0,0,1773356109809,True,True
0,2058.98,1.50764473,0,0,1773356109813,True,True
0,2059.13,4.8653,0,0,1773356109860,True,True
0,2059.41,0.00165468,0,0,1773356109916,True,True
0,2059.48,0.03612544,0,0,1773356109916,True,True
0,2059.48,0.31528988,0,0,1773356109916,True,True
0,2059.48,1.90956488,0,0,1773356110010,True,True
0,2059.48,0.10631562,0,0,1773356110023,True,True
0,2059.48,0.526718,0,0,1773356110035,True,True
0,2059.61,3.84178,0,0,1773356110109,True,True
0,2059.8,0.35926469,0,0,1773356110122,True,True
0,2060.3,0.20867871,0,0,1773356110134,True,True
0,2060.3,0.14055252,0,0,1773356110145,True,True
0,2060.3,1.34106842,0,0,1773356110224,True,True
0,2060.44,2.3505,0,0,1773356110224,True,True
0,2060.51,9.5694946,0,0,1773356110224,True,True
0,2061.05,2.15791874,0,0,1773356110224,True,True
0,2060.92,1.0,0,0,1773356110263,True,True
0,2059.86,0.02,0,0,1773356110309,True,True
0,2060.92,1.46487294,0,0,1773356110442,True,True
0,2061.39,0.00201677,0,0,1773356110442,True,True
0,2061.67,0.001,0,0,1773356110442,True,True
0,2062.07,0.599,0,0,1773356110442,True,True
0,2062.13,4.29981,0,0,1773356110442,True,True
0,2061.71,0.01354036,0,0,1773356111102,False,True
0,2061.72,0.00502398,0,0,1773356111947,True,True
0,2061.11,0.04851754,0,0,1773356115471,False,True
0,2061.1,0.45660246,0,0,1773356115471,False,True
0,2060.97,2.0,0,0,1773356115473,False,True
0,2061.93,0.00199599,0,0,1773356126352,False,True
0,2061.68,0.00162817,0,0,1773356130551,False,True
0,2061.84,0.003063,0,0,1773356132218,True,True
0,2061.67,1.99111,0,0,1773356139172,False,True
0,2061.69,0.00501671,0,0,1773356141872,True,True
0,2061.69,0.00051236,0,0,1773356142386,True,True
0,2061.67,0.0038382,0,0,1773356162725,True,True
0,2061.66,0.29444431,0,0,1773356165670,False,True
0,2061.66,0.0016215,0,0,1773356168677,False,True
0,2061.67,0.04651135,0,0,1773356172785,True,True
0,2061.68,0.4,0,0,1773356172785,True,True
0,2062.98,0.00500634,0,0,1773356174742,True,True
0,2062.98,0.09348228,0,0,1773356175805,True,True
0,2062.83,0.00673927,0,0,1773356198475,True,True
0,2062.82,1.16875,0,0,1773356203680,False,True
0,2062.82,1.56019,0,0,1773356203681,False,True
0,2062.82,2.13636,0,0,1773356203683,False,True
0,2062.76,2.0,0,0,1773356203683,False,True
0,2062.46,0.04848578,0,0,1773356203719,False,True
0,2062.45,0.31151422,0,0,1773356203719,False,True
0,2062.45,0.04848578,0,0,1773356203721,False,True
0,2062.48,0.00189162,0,0,1773356204957,True,True
0,2062.36,0.73953,0,0,1773356207558,False,True
0,2062.36,1.00216,0,0,1773356207558,False,True
0,2062.36,0.25831,0,0,1773356207562,False,True
0,2062.18,3.23332291,0,0,1773356207567,False,True
0,2062.18,0.15570193,0,0,1773356207569,False,True
0,2062.18,0.15332739,0,0,1773356207570,False,True
0,2062.3,0.00969791,0,0,1773356208579,True,True
0,2062.27,3.49e-06,0,0,1773356211454,False,True
0,2062.31,0.22735454,0,0,1773356213582,True,True
0,2062.3,0.00127096,0,0,1773356220201,False,True
0,2062.31,0.061198,0,0,1773356225724,True,True
0,2062.3,0.01167825,0,0,1773356230267,True,True
0,2062.15,2.0,0,0,1773356238333,False,True
0,2061.95,0.00108184,0,0,1773356250826,True,True
0,2061.96,0.0068344,0,0,1773356259645,True,True
0,2061.96,0.3931656,0,0,1773356279883,True,True
0,2062.59,0.50807517,0,0,1773356283503,False,True
0,2062.64,0.01513726,0,0,1773356289751,False,True
0,2062.58,0.36,0,0,1773356294624,False,True
0,2062.41,0.01299806,0,0,1773356298164,False,True
0,2062.46,2.0,0,0,1773356329069,False,True
0,2062.46,7.69715776,0,0,1773356329069,False,True
0,2062.46,0.1384747,0,0,1773356334683,False,True
0,2062.59,0.4,0,0,1773356347785,False,True
0,2062.97,2.4236882,0,0,1773356361566,False,True
0,2062.87,0.36,0,0,1773356361566,False,True
0,2062.79,1.7159218,0,0,1773356361566,False,True
0,2062.79,1.90412,0,0,1773356361567,False,True
0,2062.8,0.01509744,0,0,1773356361580,False,True
0,2062.8,0.00908667,0,0,1773356361583,False,True
0,2063.07,0.00047059,0,0,1773356376480,True,True
0,2063.0,0.5875236,0,0,1773356385968,True,True
0,2063.01,0.07031531,0,0,1773356385969,True,True
0,2063.01,2.83875149,0,0,1773356385970,True,True
0,2063.02,0.06059078,0,0,1773356385970,True,True
0,2063.02,7.33017988,0,0,1773356385970,True,True
0,2063.18,3.0,0,0,1773356385974,True,True
0,2063.43,0.46754358,0,0,1773356385985,True,True
0,2063.43,2.09505642,0,0,1773356385995,True,True
0,2063.65,1.0,0,0,1773356386016,True,True
0,2063.66,0.15734792,0,0,1773356386016,True,True
0,2064.0,13.22688,0,0,1773356386058,True,True
0,2064.0,6.77312,0,0,1773356386090,True,True
0,2064.31,2.868412,0,0,1773356386124,True,True
0,2064.32,14.475988,0,0,1773356386124,True,True
0,2064.37,0.2890255,0,0,1773356386250,True,True
0,2064.37,0.03601561,0,0,1773356386251,True,True
0,2064.41,0.0256,0,0,1773356386251,True,True
0,2064.59,0.42373255,0,0,1773356386251,True,True
0,2064.59,7.271,0,0,1773356386260,True,True
0,2064.59,0.72929726,0,0,1773356386261,True,True
0,2064.59,43.629,0,0,1773356386267,True,True
0,2064.59,0.535131,0,0,1773356386269,True,True
0,2064.59,0.37871167,0,0,1773356386286,True,True
0,2066.18,0.00161022,0,0,1773356386567,True,True
0,2066.29,0.00544876,0,0,1773356386567,True,True
0,2066.55,0.00508603,0,0,1773356387134,False,True
0,2066.59,0.54471732,0,0,1773356387421,True,True
0,2066.65,1.35528268,0,0,1773356387421,True,True
0,2066.44,0.13847471,0,0,1773356387681,False,True
0,2065.55,2.0,0,0,1773356400644,False,True
0,2065.52,0.36,0,0,1773356400644,False,True
0,2065.51,2.36,0,0,1773356400646,False,True
0,2065.51,4.29672577,0,0,1773356400823,False,True
0,2065.51,4.29672577,0,0,1773356400824,False,True
0,2065.67,0.00891925,0,0,1773356402046,True,True
0,2065.67,0.05075502,0,0,1773356411868,True,True
0,2065.92,0.02255385,0,0,1773356415408,True,True
0,2065.92,0.47126581,0,0,1773356419227,True,True
0,2065.95,0.4,0,0,1773356419230,True,True
0,2066.86,0.18976314,0,0,1773356426807,True,True
0,2066.86,0.07031726,0,0,1773356426811,True,True
0,2066.86,0.21095047,0,0,1773356426814,True,True
0,2066.86,0.16213217,0,0,1773356426818,True,True
0,2066.86,0.13766356,0,0,1773356426819,True,True
0,2066.86,0.10706124,0,0,1773356426819,True,True
0,2066.86,0.08768216,0,0,1773356426820,True,True
0,2066.95,0.00160178,0,0,1773356426856,True,True
0,2067.55,0.02281084,0,0,1773356430909,True,True
0,2067.55,0.00047418,0,0,1773356432032,True,True
0,2067.54,2.0,0,0,1773356438152,False,True
0,2066.49,0.06012606,0,0,1773356450168,True,True
0,2066.5,0.08046304,0,0,1773356450168,True,True
0,2066.52,2.41952654,0,0,1773356454750,False,True
0,2066.47,0.0483917,0,0,1773356454750,False,True
0,2066.45,0.70666322,0,0,1773356454750,False,True
0,2066.46,0.04839193,0,0,1773356454753,False,True
0,2066.42,0.04839193,0,0,1773356454765,False,True
0,2066.42,0.04839193,0,0,1773356454767,False,True
0,2066.42,1.90321614,0,0,1773356454773,False,True
0,2066.27,0.36,0,0,1773356454773,False,True
0,2065.85,0.00352672,0,0,1773356460168,False,True
0,2066.65,13.09403,0,0,1773356465731,False,True
0,2066.65,3.52984356,0,0,1773356465735,False,True
0,2066.65,0.06279583,0,0,1773356465738,False,True
0,2066.23,0.00194908,0,0,1773356477737,True,True
0,2066.23,0.11370193,0,0,1773356477737,True,True
0,2066.65,0.024199,0,0,1773356483190,True,True
0,2066.64,0.5875236,0,0,1773356486063,True,True
0,2066.66,1.69847175,0,0,1773356486063,True,True
0,2066.66,0.70316222,0,0,1773356486065,True,True
0,2066.66,0.24871932,0,0,1773356486067,True,True
0,2066.66,9.91781967,0,0,1773356486068,True,True
0,2066.67,0.4,0,0,1773356486068,True,True
0,2066.87,0.93867395,0,0,1773356486072,True,True
0,2067.22,0.0936,0,0,1773356486127,True,True
0,2067.22,0.06339904,0,0,1773356486127,True,True
0,2067.42,0.29752336,0,0,1773356486127,True,True
0,2067.55,0.25728737,0,0,1773356486203,True,True
0,2067.57,0.30524263,0,0,1773356486203,True,True
0,2067.57,4.05348667,0,0,1773356486213,True,True
0,2067.57,3.69080741,0,0,1773356486226,True,True
0,2067.57,0.77347845,0,0,1773356486227,True,True
0,2068.3,0.0130542,0,0,1773356486320,True,True
0,2068.29,0.06043639,0,0,1773356486450,True,True
0,2068.64,0.00159351,0,0,1773356486450,True,True
0,2068.68,1.62555922,0,0,1773356486450,True,True
0,2068.87,0.00194387,0,0,1773356486686,True,True
0,2069.41,0.35565147,0,0,1773356487155,False,True
0,2069.24,0.0016721,0,0,1773356487862,True,True
0,2068.97,0.024167,0,0,1773356496909,True,True
0,2068.8,11.6796887,0,0,1773356500337,False,True
0,2068.54,0.00124474,0,0,1773356503071,False,True
0,2068.96,0.08670953,0,0,1773356508647,False,True
0,2068.97,0.4,0,0,1773356508881,True,True
0,2069.42,0.024161,0,0,1773356510966,True,True
0,2068.76,0.04737544,0,0,1773356524614,True,True
0,2068.35,3.0,0,0,1773356528102,True,True
0,2068.35,14.69619497,0,0,1773356528102,True,True
0,2069.15,3.0,0,0,1773356534846,True,True
0,2068.64,0.04636865,0,0,1773356575613,True,True
0,2068.98,0.0444665,0,0,1773356580281,True,True
0,2068.98,0.00282963,0,0,1773356581627,True,True
0,2068.98,0.00475017,0,0,1773356591413,True,True
0,2068.98,0.3479537,0,0,1773356592684,True,True
0,2069.64,0.5875236,0,0,1773356592717,True,True
0,2069.81,0.7247,0,0,1773356592863,True,True
0,2069.81,3.0,0,0,1773356592863,True,True
0,2070.0,0.0918035,0,0,1773356592881,True,True
0,2070.0,0.3429791,0,0,1773356592881,True,True
0,2070.0,1.16266762,0,0,1773356592881,True,True
0,2070.95,2.052721,0,0,1773356594457,True,True
0,2070.42,0.01739299,0,0,1773356598487,False,True
0,2070.67,0.4,0,0,1773356599727,False,True
0,2071.0,0.48285852,0,0,1773356602905,True,True
0,2071.51,0.005997,0,0,1773356631723,False,True
0,2071.64,1.74101,0,0,1773356637206,True,True
0,2071.64,1.25899,0,0,1773356637207,True,True
0,2071.89,0.95602,0,0,1773356637207,True,True
0,2071.89,1.45724449,0,0,1773356637208,True,True
0,2072.0,0.01363731,0,0,1773356637208,True,True
0,2072.0,0.00758815,0,0,1773356637208,True,True
0,2072.0,0.11142986,0,0,1773356637208,True,True
0,2072.0,3.73795019,0,0,1773356637208,True,True
0,2071.79,3.0,0,0,1773356637256,True,True
0,2072.0,5.33410434,0,0,1773356637256,True,True
0,2072.11,0.06,0,0,1773356637256,True,True
0,2071.99,0.00095801,0,0,1773356640595,False,True
0,2072.46,3.15178656,0,0,1773356643413,True,True
0,2072.46,5.29230524,0,0,1773356643424,True,True
0,2072.54,3.0,0,0,1773356643424,True,True
0,2072.58,2.6590109,0,0,1773356643424,True,True
0,2072.58,8.75371051,0,0,1773356643424,True,True
0,2072.58,3.06202014,0,0,1773356643429,True,True
0,2072.7,8.98527726,0,0,1773356643455,True,True
0,2073.38,0.3,0,0,1773356643542,True,True
0,2073.37,0.04821789,0,0,1773356643548,False,True
0,2073.48,1.0,0,0,1773356648203,True,True
0,2073.6,0.0169383,0,0,1773356648203,True,True
0,2073.66,1.0,0,0,1773356648203,True,True
0,2073.7,0.79604034,0,0,1773356648213,True,True
0,2073.7,1.08826109,0,0,1773356648222,True,True
0,2073.87,0.2692213,0,0,1773356648297,True,True
0,2074.06,0.00114673,0,0,1773356648297,True,True
0,2074.13,5.98869469,0,0,1773356648297,True,True
0,2074.18,0.001,0,0,1773356648297,True,True
0,2074.77,0.4,0,0,1773356652108,True,True
0,2075.0,0.008,0,0,1773356652117,True,True
0,2075.0,1.0,0,0,1773356652117,True,True
0,2075.0,25.0,0,0,1773356652117,True,True
0,2075.2,0.03776828,0,0,1773356652131,True,True
0,2075.52,0.55738747,0,0,1773356652158,False,True
0,2075.52,0.55738747,0,0,1773356652158,False,True
0,2074.72,0.26819071,0,0,1773356653204,False,True
0,2074.78,1.00507974,0,0,1773356654182,True,True
0,2074.78,1.00507974,0,0,1773356654183,True,True
0,2074.78,0.39973566,0,0,1773356654183,True,True
0,2074.83,3.14303645,0,0,1773356654183,True,True
0,2074.83,1.07598814,0,0,1773356654184,True,True
0,2074.83,2.06850312,0,0,1773356654185,True,True
0,2074.83,1.07598814,0,0,1773356654185,True,True
0,2074.83,1.0709101,0,0,1773356654186,True,True
0,2075.04,14.45755262,0,0,1773356654202,True,True
0,2075.04,3.0,0,0,1773356654202,True,True
0,2075.07,14.4573436,0,0,1773356654202,True,True
0,2075.08,14.45729904,0,0,1773356654202,True,True
0,2075.39,0.24098359,0,0,1773356654212,True,True
0,2075.56,0.00157011,0,0,1773356654269,True,True
0,2075.59,0.00164647,0,0,1773356654312,True,True
0,2076.0,0.15167948,0,0,1773356654405,True,True
0,2076.0,0.41522639,0,0,1773356654405,True,True
0,2076.0,0.39648526,0,0,1773356654405,True,True
0,2076.0,0.16580545,0,0,1773356654405,True,True
0,2076.0,0.03964832,0,0,1773356654405,True,True
0,2076.0,0.75793736,0,0,1773356654405,True,True
0,2076.08,0.02,0,0,1773356654423,True,True
0,2076.21,3.0,0,0,1773356654423,True,True
0,2076.23,0.02215346,0,0,1773356654423,True,True
0,2076.97,0.01926527,0,0,1773356654536,True,True
0,2076.67,0.48154016,0,0,1773356655902,True,True
0,2076.53,0.02351756,0,0,1773356656023,False,True
0,2076.97,0.04553,0,0,1773356656261,True,True
0,2076.97,8.2e-06,0,0,1773356656264,True,True
0,2077.0,0.18040943,0,0,1773356656264,True,True
0,2077.0,0.78251786,0,0,1773356656264,True,True
0,2077.25,0.15699904,0,0,1773356656264,True,True
0,2077.42,0.00191382,0,0,1773356656264,True,True
0,2077.63,0.00481317,0,0,1773356656264,True,True
0,2078.0,0.19643466,0,0,1773356656279,True,True
0,2078.0,0.55607984,0,0,1773356656279,True,True
0,2078.0,0.2099494,0,0,1773356656279,True,True
0,2078.02,0.37674478,0,0,1773356656279,True,True
0,2078.42,0.32278735,0,0,1773356656279,True,True
0,2078.44,0.11547121,0,0,1773356656279,True,True
0,2078.71,0.26514851,0,0,1773356656279,True,True
0,2078.92,0.0134266,0,0,1773356656312,True,True
0,2079.0,0.0105734,0,0,1773356656312,True,True
0,2079.0,0.20282928,0,0,1773356656328,True,True
0,2079.0,0.03815431,0,0,1773356656328,True,True
0,2079.0,0.71044397,0,0,1773356656437,True,True
0,2079.16,0.26819071,0,0,1773356656472,True,True
0,2079.15,0.48172282,0,0,1773356656584,True,True
0,2079.15,0.599,0,0,1773356656584,True,True
0,2079.16,0.05446942,0,0,1773356656584,True,True
0,2079.16,0.599,0,0,1773356656584,True,True
0,2079.17,0.0017258,0,0,1773356656584,True,True
0,2079.57,0.05956923,0,0,1773356656584,True,True
0,2079.57,2.0,0,0,1773356656673,False,True
0,2078.97,2.62993779,0,0,1773356656693,False,True
0,2078.89,0.2958,0,0,1773356656693,False,True
0,2078.54,0.00950533,0,0,1773356657754,False,True
0,2077.35,0.04049467,0,0,1773356657754,False,True
0,2077.35,0.1,0,0,1773356657755,False,True
0,2077.35,0.12,0,0,1773356657816,False,True
0,2077.37,0.00950531,0,0,1773356657938,False,True
0,2078.14,0.15699904,0,0,1773356660673,True,True
0,2079.01,0.00726,0,0,1773356661320,False,True
0,2078.97,0.48091721,0,0,1773356665833,False,True
0,2079.45,0.4267727,0,0,1773356666054,True,True
0,2079.45,0.599,0,0,1773356666054,True,True
0,2079.49,0.599,0,0,1773356666055,True,True
0,2079.49,1.27607294,0,0,1773356666055,True,True
0,2080.0,7.09056586,0,0,1773356666058,True,True
0,2079.96,0.03634724,0,0,1773356666095,True,True
0,2080.0,3.01409188,0,0,1773356666095,True,True
0,2080.0,0.16017228,0,0,1773356666096,True,True
0,2080.0,0.51542235,0,0,1773356666105,True,True
0,2080.0,7.222,0,0,1773356666105,True,True
0,2080.0,12.99774763,0,0,1773356666107,True,True
0,2080.0,0.23131352,0,0,1773356666107,True,True
0,2080.0,0.00893309,0,0,1773356666107,True,True
0,2080.0,0.00240384,0,0,1773356666107,True,True
0,2080.0,0.11667307,0,0,1773356666107,True,True
0,2080.21,0.31469185,0,0,1773356666126,True,True
0,2080.33,0.001,0,0,1773356666126,True,True
0,2080.34,0.00232888,0,0,1773356666126,True,True
0,2080.62,1.0,0,0,1773356666911,False,True
0,2081.29,0.25255827,0,0,1773356667351,True,True
0,2082.0,0.05,0,0,1773356667358,True,True
0,2082.07,0.7204,0,0,1773356667358,True,True
0,2082.43,0.32100244,0,0,1773356667372,True,True
0,2082.6,0.01926527,0,0,1773356667386,True,True
0,2083.11,0.24038461,0,0,1773356667396,True,True
0,2082.65,0.0048798,0,0,1773356667967,False,True
0,2082.05,0.46746585,0,0,1773356668573,False,True
0,2080.91,0.14189,0,0,1773356668848,False,True
0,2080.91,0.9026118,0,0,1773356668966,False,True
0,2080.9,2.89893039,0,0,1773356668966,False,True
0,2080.92,2.5551997,0,0,1773356669440,False,True
0,2080.94,0.15812664,0,0,1773356670589,False,True
0,2080.91,0.48046432,0,0,1773356670589,False,True
0,2080.38,0.04806814,0,0,1773356670637,False,True
0,2080.38,0.599,0,0,1773356670637,False,True
0,2080.37,20.889,0,0,1773356670637,False,True
0,2080.28,0.599,0,0,1773356670638,False,True
0,2080.4,0.599,0,0,1773356670652,False,True
0,2080.24,0.04807137,0,0,1773356671206,False,True
0,2080.24,1.37098682,0,0,1773356671206,False,True
0,2080.06,1.05243424,0,0,1773356671453,False,True
0,2080.06,0.599,0,0,1773356671453,False,True
0,2079.98,0.19604101,0,0,1773356671456,False,True
0,2079.98,6.29170067,0,0,1773356671458,False,True
0,2079.98,0.10004801,0,0,1773356671458,False,True
0,2079.98,0.45026314,0,0,1773356671460,False,True
0,2079.98,0.02969724,0,0,1773356671460,False,True
0,2079.98,0.11314035,0,0,1773356671460,False,True
0,2079.98,0.32736372,0,0,1773356671460,False,True
0,2079.98,0.17067599,0,0,1773356671461,False,True
0,2079.98,0.14415666,0,0,1773356671463,False,True
0,2079.98,0.23288743,0,0,1773356671463,False,True
0,2079.98,0.18113157,0,0,1773356671464,False,True
0,2080.33,0.6255,0,0,1773356674653,False,True
0,2080.5,0.0356817,0,0,1773356675076,True,True
0,2080.12,0.15812664,0,0,1773356675924,False,True
0,2080.05,0.6695,0,0,1773356675960,False,True
0,2080.45,3.1514397,0,0,1773356677770,True,True
0,2080.45,2.1009598,0,0,1773356677774,True,True
0,2080.45,2.47212888,0,0,1773356677776,True,True
0,2080.45,1.52238922,0,0,1773356677776,True,True
0,2080.45,4.05964334,0,0,1773356677777,True,True
0,2080.45,3.92039796,0,0,1773356677778,True,True
0,2080.45,2.1009598,0,0,1773356677779,True,True
0,2080.45,0.20355528,0,0,1773356677780,True,True
0,2080.7,0.15699904,0,0,1773356677830,True,True
0,2081.29,0.15812664,0,0,1773356681529,False,True
0,2081.29,1.87402415,0,0,1773356681529,False,True
0,2080.63,2.0,0,0,1773356683188,False,True
0,2080.27,3.0,0,0,1773356686574,True,True
0,2080.27,1.0,0,0,1773356686574,True,True
0,2081.29,0.00360331,0,0,1773356691015,False,True
0,2081.37,2.40226389,0,0,1773356692501,False,True
0,2081.37,19.22318586,0,0,1773356692501,False,True
0,2081.37,0.36,0,0,1773356692501,False,True
0,2081.37,24.029,0,0,1773356692501,False,True
0,2081.33,12.01150689,0,0,1773356692501,False,True
0,2081.3,0.15879193,0,0,1773356692501,False,True
0,2081.29,0.599,0,0,1773356692501,False,True
0,2081.29,0.634213,0,0,1773356692501,False,True
0,2081.26,0.15071616,0,0,1773356692501,False,True
0,2081.25,24.02402402,0,0,1773356692501,False,True
0,2081.24,5.96822672,0,0,1773356692501,False,True
0,2081.85,0.00885151,0,0,1773356695830,True,True
0,2081.23,0.0239806,0,0,1773356697128,False,True
0,2081.22,1.315,0,0,1773356697131,False,True
0,2080.96,2.0,0,0,1773356697142,False,True
0,2080.87,0.00614373,0,0,1773356699323,True,True
0,2080.86,0.01198528,0,0,1773356702439,True,True
0,2080.77,0.004855,0,0,1773356707034,False,True
0,2080.84,0.0115735,0,0,1773356708508,True,True
0,2080.68,1.87402415,0,0,1773356711106,False,True
0,2080.66,1.87402415,0,0,1773356711106,False,True
0,2080.65,2.40051154,0,0,1773356711106,False,True
0,2080.65,2.40309113,0,0,1773356711106,False,True
0,2080.64,0.13501887,0,0,1773356711106,False,True
0,2080.51,1.23616341,0,0,1773356711106,False,True
0,2080.51,0.69745547,0,0,1773356711106,False,True
0,2080.5,0.024199,0,0,1773356717730,False,True
0,2080.85,6.9834911,0,0,1773356733785,False,True
0,2080.85,0.18090719,0,0,1773356733785,False,True
0,2080.85,0.49745648,0,0,1773356733788,False,True
0,2080.85,0.16299481,0,0,1773356733788,False,True
0,2080.85,0.51986093,0,0,1773356733788,False,True
0,2080.85,0.1745964,0,0,1773356733792,False,True
0,2080.85,4.87740116,0,0,1773356733792,False,True
0,2080.43,0.02021963,0,0,1773356742919,False,True
0,2079.83,1.0645,0,0,1773356749160,False,True
0,2079.82,2.0,0,0,1773356749160,False,True
0,2079.59,0.9785,0,0,1773356749615,False,True
0,2079.28,2.0,0,0,1773356749710,False,True
0,2078.95,0.01132122,0,0,1773356750249,True,True
0,2079.25,0.00046678,0,0,1773356751078,True,True
0,2078.7,2.0,0,0,1773356751841,False,True
0,2078.67,57.675,0,0,1773356751841,False,True
0,2078.58,23.569,0,0,1773356751841,False,True
0,2078.35,0.599,0,0,1773356751841,False,True
0,2078.32,1.87402415,0,0,1773356751841,False,True
0,2078.21,0.02,0,0,1773356751841,False,True
0,2078.12,4.91844894,0,0,1773356751841,False,True
0,2078.11,4.72764401,0,0,1773356751841,False,True
0,2078.79,0.00155704,0,0,1773356753903,False,True
0,2078.63,2.87952182,0,0,1773356779337,True,True
0,2078.63,0.12047818,0,0,1773356779338,True,True
0,2078.82,0.11100878,0,0,1773356779351,True,True
0,2078.82,0.10928951,0,0,1773356779351,True,True
0,2078.82,0.18307066,0,0,1773356779353,True,True
0,2078.95,2.04355826,0,0,1773356781672,True,True
0,2078.95,0.79717368,0,0,1773356781674,True,True
0,2078.95,0.15926806,0,0,1773356781674,True,True
0,2078.96,0.07970432,0,0,1773356781674,True,True
0,2078.96,0.2120625,0,0,1773356781675,True,True
0,2078.96,0.10823318,0,0,1773356781676,True,True
0,2080.32,0.00046814,0,0,1773356782759,True,True
0,2079.93,1.93576616,0,0,1773356786981,True,True
0,2079.93,0.07696257,0,0,1773356786987,True,True
0,2079.93,0.98727127,0,0,1773356787000,True,True
0,2080.5,1.28541529,0,0,1773356790385,True,True
0,2080.5,0.42190125,0,0,1773356790386,True,True
0,2080.5,0.35158489,0,0,1773356790386,True,True
0,2080.5,0.53589597,0,0,1773356790386,True,True
0,2080.5,0.4052026,0,0,1773356790387,True,True
0,2080.76,1.56545637,0,0,1773356790450,True,True
0,2080.76,1.43454363,0,0,1773356790463,True,True
0,2082.0,0.00960615,0,0,1773356796287,True,True
0,2081.99,0.00485231,0,0,1773356798521,False,True
0,2082.0,0.19568867,0,0,1773356798989,True,True
0,2081.96,0.06003957,0,0,1773356810118,True,True
0,2082.0,14.79470518,0,0,1773356810118,True,True
0,2082.0,0.4,0,0,1773356810118,True,True
0,2082.95,0.00152059,0,0,1773356812586,True,True
0,2083.1,0.09099181,0,0,1773356812992,False,True
0,2083.11,0.04886542,0,0,1773356813458,True,True
0,2083.59,0.00104568,0,0,1773356813458,True,True
0,2084.0,0.1958,0,0,1773356813458,True,True
0,2084.06,4.7542889,0,0,1773356813458,True,True
0,2083.94,0.035513,0,0,1773356813767,False,True
0,2083.87,0.02121148,0,0,1773356815529,False,True
0,2083.57,0.00621942,0,0,1773356815746,False,True
0,2084.23,0.01055692,0,0,1773356816424,True,True
0,2084.22,0.14574143,0,0,1773356818211,False,True
0,2084.22,0.09596811,0,0,1773356830453,False,True
0,2084.22,0.040632,0,0,1773356831594,False,True
0,2084.22,0.01051469,0,0,1773356837946,False,True
0,2084.22,0.01987419,0,0,1773356840215,False,True
0,2084.22,1.83301101,0,0,1773356840327,False,True
0,2082.98,0.0220764,0,0,1773356853650,False,True
0,2082.32,28.64759127,0,0,1773356868287,False,True
0,2082.32,57.614,0,0,1773356868287,False,True
0,2082.32,13.73840873,0,0,1773356868287,False,True
0,2082.32,0.15059127,0,0,1773356868287,False,True
0,2082.32,24.006,0,0,1773356868287,False,True
0,2082.32,2.40116792,0,0,1773356868287,False,True
0,2082.32,2.87908071,0,0,1773356868287,False,True
0,2082.31,21.685,0,0,1773356868287,False,True
0,2082.21,12.00646621,0,0,1773356868287,False,True
0,2082.2,2.0,0,0,1773356868287,False,True
0,2082.2,24.01297168,0,0,1773356868287,False,True
0,2082.16,4.80103318,0,0,1773356868287,False,True
0,2082.15,6.05768903,0,0,1773356868287,False,True
0,2083.13,0.4,0,0,1773356874693,True,True
0,2083.9,0.03389695,0,0,1773356887685,True,True
0,2082.64,0.00065064,0,0,1773356913569,False,True
0,2082.52,0.05024734,0,0,1773356915373,False,True
0,2082.74,0.06948962,0,0,1773356916719,True,True
0,2082.74,0.05030447,0,0,1773356916719,True,True
0,2082.74,0.12813815,0,0,1773356916719,True,True
0,2081.45,0.0094168,0,0,1773356923181,True,True
0,2081.15,0.02324928,0,0,1773356926102,True,True
0,2080.29,0.04800793,0,0,1773356931832,True,True
0,2080.42,0.00105537,0,0,1773356934195,True,True
0,2080.38,0.00982268,0,0,1773356935474,True,True
0,2080.16,2.0,0,0,1773356941556,False,True
0,2080.14,0.49845961,0,0,1773356941556,False,True
0,2080.14,0.76197963,0,0,1773356941556,False,True
0,2080.11,24.03711801,0,0,1773356941556,False,True
0,2079.59,3.40575937,0,0,1773356961255,False,True
0,2079.17,0.06008054,0,0,1773356970379,True,True
0,2079.17,0.05286046,0,0,1773356970379,True,True
0,2079.32,0.00047382,0,0,1773356978033,True,True
0,2079.04,0.00675213,0,0,1773357004737,False,True
0,2079.04,0.00130336,0,0,1773357011273,False,True
0,2079.04,0.01317252,0,0,1773357014086,False,True
0,2078.65,0.00080093,0,0,1773357014215,False,True
0,2078.76,0.02210855,0,0,1773357015309,True,True
0,2078.85,0.033398,0,0,1773357034285,True,True
0,2078.85,0.07119495,0,0,1773357037344,True,True
0,2078.29,0.01184139,0,0,1773357051788,True,True
0,2078.23,2.0,0,0,1773357059044,False,True
0,2078.02,20.691,0,0,1773357059044,False,True
0,2077.93,0.02257669,0,0,1773357059044,False,True
0,2077.92,0.86640606,0,0,1773357059044,False,True
0,2077.91,24.06260038,0,0,1773357059044,False,True
0,2077.88,24.056,0,0,1773357059044,False,True
0,2077.84,0.81504722,0,0,1773357059044,False,True
0,2077.84,0.1888124,0,0,1773357059044,False,True
0,2077.84,0.42307766,0,0,1773357059044,False,True
0,2077.84,24.06336982,0,0,1773357059044,False,True
0,2077.81,57.734,0,0,1773357059044,False,True
0,2077.81,23.677,0,0,1773357059044,False,True
0,2077.74,0.88033362,0,0,1773357059044,False,True
0,2077.73,20.51977615,0,0,1773357059044,False,True
0,2078.24,0.00469405,0,0,1773357059421,True,True
0,2078.22,0.00050291,0,0,1773357059994,False,True
0,2078.25,0.07599512,0,0,1773357060118,True,True
0,2078.25,0.07599512,0,0,1773357060118,True,True
0,2078.22,0.00296511,0,0,1773357062138,False,True
0,2078.04,0.12284539,0,0,1773357066982,True,True
0,2078.03,0.00943479,0,0,1773357068178,True,True
0,2078.02,0.00093432,0,0,1773357070431,True,True
0,2077.91,0.00174547,0,0,1773357083631,True,True
0,2077.89,0.00282783,0,0,1773357090667,False,True
0,2077.91,0.44788477,0,0,1773357097285,True,True
0,2078.08,2.70244275,0,0,1773357097303,True,True
0,2078.24,0.00743089,0,0,1773357102768,False,True
0,2078.9,0.4,0,0,1773357104352,False,True
0,2079.0,0.00193018,0,0,1773357110755,True,True
0,2078.98,0.09478067,0,0,1773357111949,True,True
0,2078.73,0.02714716,0,0,1773357115381,True,True
0,2078.79,2.26978451,0,0,1773357117964,False,True
0,2078.79,0.13545875,0,0,1773357117965,False,True
0,2078.71,2.28926465,0,0,1773357117969,False,True
0,2078.71,0.1495477,0,0,1773357117972,False,True
0,2078.71,0.17536041,0,0,1773357117972,False,True
0,2078.71,0.27886628,0,0,1773357117973,False,True
0,2079.11,0.04669997,0,0,1773357123141,True,True
0,2078.94,0.048041,0,0,1773357134376,True,True
0,2078.94,0.039571,0,0,1773357134652,True,True
0,2079.11,0.00929964,0,0,1773357150514,True,True
0,2079.11,0.22556727,0,0,1773357150514,True,True
0,2079.24,0.019351,0,0,1773357172670,False,True
0,2079.26,0.0048839,0,0,1773357177433,True,True
0,2079.27,0.01210566,0,0,1773357179032,False,True
0,2079.68,0.00049407,0,0,1773357220658,False,True
0,2079.68,0.00123725,0,0,1773357228504,False,True
0,2079.69,0.4,0,0,1773357232715,True,True
0,2080.5,0.19316705,0,0,1773357232857,False,True
0,2080.51,0.00046779,0,0,1773357240900,True,True
0,2080.51,0.00085998,0,0,1773357241121,True,True
0,2080.37,0.12065642,0,0,1773357242239,True,True
0,2080.62,2.40326844,0,0,1773357242992,False,True
0,2080.71,0.00117221,0,0,1773357243859,True,True
0,2080.71,0.04758925,0,0,1773357246154,True,True
0,2080.71,3.0,0,0,1773357248223,True,True
0,2080.72,0.08604679,0,0,1773357251002,True,True
0,2080.72,0.16897321,0,0,1773357252242,True,True
0,2080.72,1.41615932,0,0,1773357252287,True,True
0,2080.72,1.32882068,0,0,1773357252334,True,True
0,2080.3,0.00098766,0,0,1773357256724,False,True
0,2080.31,0.0208,0,0,1773357263562,True,True
0,2080.3,0.45540805,0,0,1773357272676,False,True
0,2079.88,0.55908605,0,0,1773357272686,False,True
0,2079.68,0.00507401,0,0,1773357274071,False,True
0,2079.73,0.00098813,0,0,1773357278315,False,True
0,2079.74,0.00467832,0,0,1773357286838,True,True
0,2079.73,1.92046093,0,0,1773357288014,False,True
0,2079.73,1.69961719,0,0,1773357294968,True,True
0,2079.74,0.05930255,0,0,1773357294984,True,True
0,2079.74,0.09631114,0,0,1773357294984,True,True
0,2079.74,0.07268489,0,0,1773357294994,True,True
0,2079.74,0.83274161,0,0,1773357295003,True,True
0,2079.74,0.19596914,0,0,1773357295005,True,True
0,2079.74,0.13030473,0,0,1773357295009,True,True
0,2079.74,0.08650954,0,0,1773357295015,True,True
0,2079.74,0.52538143,0,0,1773357295030,True,True
0,2079.74,0.99611665,0,0,1773357295034,True,True
0,2080.67,0.00098766,0,0,1773357304553,False,True
0,2080.84,0.4,0,0,1773357306175,False,True
0,2080.86,0.00160191,0,0,1773357309111,True,True
0,2080.87,0.54751947,0,0,1773357311396,True,True
0,2081.0,0.1,0,0,1773357311396,True,True
0,2081.0,9.61076405,0,0,1773357311396,True,True
0,2081.0,0.49847715,0,0,1773357311396,True,True
0,2081.31,0.65749,0,0,1773357311432,True,True
0,2082.0,0.96061479,0,0,1773357312745,True,True
0,2083.0,0.00076951,0,0,1773357323587,True,True
0,2082.38,0.039,0,0,1773357334396,False,True
0,2082.39,3.69301494,0,0,1773357336878,True,True
0,2082.48,0.03819141,0,0,1773357336898,True,True
0,2082.78,3.0,0,0,1773357336973,True,True
0,2082.99,0.03821734,0,0,1773357342798,False,True
0,2083.0,0.95938411,0,0,1773357345970,True,True
0,2083.76,3.0,0,0,1773357345970,True,True
0,2084.0,0.52421855,0,0,1773357345970,True,True
0,2084.0,0.01454292,0,0,1773357353453,True,True
0,2084.0,0.00487021,0,0,1773357353453,True,True
0,2082.57,0.01023151,0,0,1773357360250,False,True
0,2082.75,0.16666666,0,0,1773357361687,True,True
0,2082.96,0.07339316,0,0,1773357361687,True,True
0,2082.93,0.01188383,0,0,1773357362032,True,True
0,2082.51,0.112931,0,0,1773357397981,True,True
0,2082.42,0.01533401,0,0,1773357402784,False,True
0,2082.43,8.0,0,0,1773357404254,False,True
0,2082.28,0.4,0,0,1773357408434,True,True
0,2083.92,2.03146403,0,0,1773357410099,False,True
0,2083.93,2.03146403,0,0,1773357410222,True,True
0,2084.0,0.41606121,0,0,1773357410222,True,True
0,2084.23,0.84976436,0,0,1773357410223,True,True
0,2084.29,0.16598551,0,0,1773357410223,True,True
0,2084.29,2.51871725,0,0,1773357410223,True,True
0,2084.31,0.599,0,0,1773357410223,True,True
0,2084.58,0.40118914,0,0,1773357410223,True,True
0,2083.9,0.001,0,0,1773357410223,False,True
0,2084.58,0.19781086,0,0,1773357410224,True,True
0,2084.59,2.54991384,0,0,1773357410224,True,True
0,2084.59,1.04898944,0,0,1773357410225,True,True
0,2084.6,0.64831398,0,0,1773357410225,True,True
0,2084.6,0.44404402,0,0,1773357410226,True,True
0,2084.6,1.6567458,0,0,1773357410226,True,True
0,2084.6,0.17408087,0,0,1773357410227,True,True
0,2084.6,0.56233554,0,0,1773357410233,True,True
0,2084.6,0.06934886,0,0,1773357410266,True,True
0,2084.92,1.0,0,0,1773357410391,True,True
0,2085.0,0.2400309,0,0,1773357410391,True,True
0,2085.0,0.95923261,0,0,1773357410391,True,True
0,2084.84,0.02754525,0,0,1773357411023,False,True
0,2085.49,0.06537953,0,0,1773357413851,False,True
0,2085.49,0.04795036,0,0,1773357413851,False,True
0,2085.48,0.05198212,0,0,1773357413851,False,True
0,2085.5,0.00096271,0,0,1773357414342,True,True
0,2085.5,0.0028992,0,0,1773357416205,True,True
0,2085.55,0.1278,0,0,1773357416205,True,True
0,2085.67,1.0,0,0,1773357416205,True,True
0,2085.89,0.00667698,0,0,1773357416228,False,True
0,2086.0,0.45750888,0,0,1773357416573,True,True
0,2086.0,0.95877277,0,0,1773357416573,True,True
0,2086.38,0.32348278,0,0,1773357416573,True,True
0,2086.58,0.31662009,0,0,1773357416573,True,True
0,2086.67,8.95571409,0,0,1773357416573,True,True
0,2086.67,2.61414532,0,0,1773357416575,True,True
0,2086.67,4.4433449,0,0,1773357416576,True,True
0,2086.67,5.75803735,0,0,1773357416578,True,True
0,2086.67,2.32193856,0,0,1773357416578,True,True
0,2086.68,0.599,0,0,1773357416578,True,True
0,2086.89,0.599,0,0,1773357416578,True,True
0,2086.93,0.95911786,0,0,1773357416578,True,True
0,2086.94,0.49657952,0,0,1773357416587,True,True
0,2086.94,1.30934346,0,0,1773357416588,True,True
0,2086.94,1.80662228,0,0,1773357416592,True,True
0,2086.94,1.80647814,0,0,1773357416593,True,True
0,2086.94,1.80662228,0,0,1773357416595,True,True
0,2086.6,0.04888563,0,0,1773357416597,False,True
0,2086.41,2.80447328,0,0,1773357418826,False,True
0,2086.41,0.53038848,0,0,1773357418826,False,True
0,2086.39,1.69307526,0,0,1773357418826,False,True
0,2086.32,0.53620615,0,0,1773357418826,False,True
0,2086.11,0.00150821,0,0,1773357419376,False,True
0,2086.11,2.52973223,0,0,1773357420099,False,True
0,2086.08,5.58952688,0,0,1773357420099,False,True
0,2086.02,4.72240783,0,0,1773357420099,False,True
0,2086.02,1.8899265,0,0,1773357420099,False,True
0,2086.0,0.76771329,0,0,1773357420102,False,True
0,2085.92,0.62843104,0,0,1773357420182,False,True
0,2085.79,4.55085813,0,0,1773357420182,False,True
0,2085.91,1.87402415,0,0,1773357420843,True,True
0,2085.91,0.599,0,0,1773357420843,True,True
0,2085.92,23.986,0,0,1773357420843,True,True
0,2085.95,0.15569392,0,0,1773357420843,True,True
0,2085.95,19.53862054,0,0,1773357420843,True,True
0,2085.95,6.04852628,0,0,1773357420843,True,True
0,2085.96,43.15929557,0,0,1773357420843,True,True
0,2085.97,34.63883954,0,0,1773357420843,True,True
0,2085.67,0.71703416,0,0,1773357421021,False,True
0,2085.52,1.45828977,0,0,1773357421232,False,True
0,2085.51,0.89103001,0,0,1773357421232,False,True
0,2085.5,2.21068022,0,0,1773357421232,False,True
0,2085.5,0.00396259,0,0,1773357421972,False,True
0,2085.35,0.597,0,0,1773357421972,False,True
0,2085.14,2.02,0,0,1773357422312,False,True
0,2085.14,0.00800896,0,0,1773357422569,False,True
0,2085.14,0.00494744,0,0,1773357424130,True,True
0,2084.79,5.0,0,0,1773357437820,True,True
0,2084.75,0.0359745,0,0,1773357448945,False,True
0,2084.97,0.01296869,0,0,1773357449582,True,True
0,2085.06,10.45940392,0,0,1773357450963,True,True
0,2085.36,0.27451,0,0,1773357451531,False,True
0,2085.48,0.00493867,0,0,1773357457544,True,True
0,2084.84,0.00047921,0,0,1773357483604,True,True
0,2085.19,0.00493282,0,0,1773357500468,True,True
0,2084.99,0.00059825,0,0,1773357506349,False,True
0,2085.17,0.00139682,0,0,1773357518014,True,True
0,2085.03,0.00492603,0,0,1773357538869,True,True
0,2085.02,0.05537,0,0,1773357542428,False,True
0,2085.03,0.30049268,0,0,1773357543612,True,True
0,2085.18,0.4,0,0,1773357543612,True,True
0,2086.0,0.04867909,0,0,1773357547834,True,True
0,2086.0,5.93444642,0,0,1773357547834,True,True
0,2086.0,2.13045402,0,0,1773357547935,True,True
0,2086.0,1.93509956,0,0,1773357547935,True,True
0,2086.88,0.03450246,0,0,1773357551642,True,True
0,2087.0,0.50859975,0,0,1773357551683,True,True
0,2087.0,0.44971361,0,0,1773357551705,True,True
0,2087.0,2.56949989,0,0,1773357551705,True,True
0,2087.0,9.38899584,0,0,1773357551712,True,True
0,2087.0,13.04150427,0,0,1773357551717,True,True
0,2087.02,0.005,0,0,1773357551717,True,True
0,2087.02,0.63262575,0,0,1773357551717,True,True
0,2087.17,0.008536,0,0,1773357551756,True,True
0,2087.37,0.00700339,0,0,1773357551838,True,True
0,2087.47,4.59612,0,0,1773357552040,True,True
0,2087.67,0.02648792,0,0,1773357552040,True,True
0,2087.38,7.13596996,0,0,1773357553171,True,True
0,2087.38,1.69353496,0,0,1773357553171,True,True
0,2087.44,1.37194182,0,0,1773357553171,True,True
0,2087.44,1.37194182,0,0,1773357553171,True,True
0,2087.44,2.20602257,0,0,1773357553171,True,True
0,2087.44,1.72384373,0,0,1773357553171,True,True
0,2088.0,1.76854541,0,0,1773357563328,True,True
0,2088.0,0.9578544,0,0,1773357563328,True,True
0,2088.0,0.4,0,0,1773357563328,True,True
0,2087.04,0.00620571,0,0,1773357567148,False,True
0,2086.85,1.98968057,0,0,1773357572832,False,True
0,2086.84,1.433397,0,0,1773357572832,False,True
0,2086.78,2.40823538,0,0,1773357572832,False,True
0,2086.08,0.17587042,0,0,1773357573896,False,True
0,2086.08,1.53029712,0,0,1773357576783,False,True
0,2085.77,0.00491698,0,0,1773357578534,True,True
0,2085.85,3.0,0,0,1773357586924,True,True
0,2085.97,7.248,0,0,1773357586924,True,True
0,2086.06,2.24844493,0,0,1773357586924,True,True
0,2086.07,17.976,0,0,1773357586924,True,True
0,2086.16,1.3647149,0,0,1773357586924,True,True
0,2086.16,0.98646314,0,0,1773357586924,True,True
0,2086.17,23.968,0,0,1773357586924,True,True
0,2086.25,0.16060763,0,0,1773357586924,True,True
0,2086.37,3.95094046,0,0,1773357586924,True,True
0,2086.38,1.27607294,0,0,1773357586924,True,True
0,2086.38,37.820756,0,0,1773357586924,True,True
0,2087.22,0.0447984,0,0,1773357599019,True,True
0,2086.96,3.5,0,0,1773357599061,False,True
0,2086.88,0.41021469,0,0,1773357599061,False,True
0,2086.88,0.1328055,0,0,1773357603080,False,True
0,2087.01,0.01980198,0,0,1773357613074,False,True
0,2086.68,0.00443741,0,0,1773357624540,True,True
0,2086.63,0.04511439,0,0,1773357627897,True,True
0,2086.62,0.05156652,0,0,1773357637227,True,True
0,2086.61,0.00060855,0,0,1773357638331,False,True
0,2086.62,0.58153269,0,0,1773357638750,True,True
0,2087.02,0.4,0,0,1773357638856,True,True
0,2088.0,0.9578544,0,0,1773357644276,True,True
0,2088.5,2.1987,0,0,1773357657899,False,True
0,2088.5,1.6313,0,0,1773357657899,False,True
0,2088.5,0.00599144,0,0,1773357659674,False,True
0,2088.51,0.00522392,0,0,1773357670163,True,True
0,2088.51,0.0021938,0,0,1773357670163,True,True
0,2088.51,0.11054408,0,0,1773357670163,True,True
0,2088.51,0.12221648,0,0,1773357679042,True,True
0,2088.51,0.16723944,0,0,1773357692364,True,True
0,2088.8,0.001015,0,0,1773357699734,True,True
0,2089.0,0.95739588,0,0,1773357699734,True,True
0,2089.0,0.95739588,0,0,1773357699734,True,True
0,2089.0,0.86835483,0,0,1773357699734,True,True
0,2089.0,0.35773639,0,0,1773357699735,True,True
0,2089.43,0.599,0,0,1773357699735,True,True
0,2089.58,0.00315222,0,0,1773357699738,True,True
0,2089.62,0.08889659,0,0,1773357699740,True,True
0,2089.82,0.23925491,0,0,1773357699745,True,True
0,2090.0,0.18309572,0,0,1773357699750,True,True
0,2090.0,9.81690428,0,0,1773357699768,True,True
0,2090.0,0.00781771,0,0,1773357699768,True,True
0,2090.0,2.19586801,0,0,1773357699768,True,True
0,2090.0,3.8579,0,0,1773357699771,True,True
0,2090.0,1.70944186,0,0,1773357699782,True,True
0,2090.0,3.55,0,0,1773357699783,True,True
0,2090.0,1.23439089,0,0,1773357699786,True,True
0,2090.0,8.56362681,0,0,1773357699787,True,True
0,2090.0,0.74132461,0,0,1773357699791,True,True
0,2090.0,28.14744782,0,0,1773357699798,True,True
0,2090.0,2.82,0,0,1773357699798,True,True
0,2090.0,0.17981423,0,0,1773357699798,True,True
0,2090.0,0.95693779,0,0,1773357699798,True,True
0,2090.24,0.00113786,0,0,1773357699798,True,True
0,2090.39,0.02321034,0,0,1773357699842,True,True
0,2090.73,0.02,0,0,1773357699842,True,True
0,2091.04,0.31935195,0,0,1773357699980,True,True
0,2091.05,0.37397113,0,0,1773357699980,True,True
0,2091.11,0.04782149,0,0,1773357699980,True,True
0,2091.28,0.00163412,0,0,1773357700026,True,True
0,2090.93,0.12,0,0,1773357700984,False,True
0,2091.24,0.56348613,0,0,1773357701966,True,True
0,2091.27,0.77698468,0,0,1773357701966,True,True
0,2091.27,4.19475648,0,0,1773357701966,True,True
0,2091.27,2.46159434,0,0,1773357701966,True,True
0,2091.31,5.57637414,0,0,1773357701966,True,True
0,2091.31,2.31120212,0,0,1773357701966,True,True
0,2091.49,0.18942622,0,0,1773357702721,False,True
0,2091.49,0.01726519,0,0,1773357702722,False,True
0,2091.5,4.53350539,0,0,1773357703090,True,True
0,2091.6,4.984353,0,0,1773357703104,True,True
0,2091.73,0.56265442,0,0,1773357703104,True,True
0,2092.0,0.3,0,0,1773357703112,True,True
0,2092.38,0.00774352,0,0,1773357703932,False,True
0,2092.48,0.4,0,0,1773357709546,False,True
0,2092.17,0.5875236,0,0,1773357709663,False,True
0,2092.16,0.4124764,0,0,1773357709663,False,True
0,2092.5,0.00163944,0,0,1773357709797,True,True
0,2092.36,0.06550563,0,0,1773357709810,False,True
0,2092.36,1.6,0,0,1773357709977,False,True
0,2092.37,0.04779269,0,0,1773357710131,False,True
0,2092.36,0.92670168,0,0,1773357710131,False,True
0,2092.24,0.04,0,0,1773357712036,False,True
0,2091.66,0.57987625,0,0,1773357715435,False,True
0,2091.51,3.582,0,0,1773357715490,False,True
0,2091.55,0.599,0,0,1773357719667,True,True
0,2091.6,0.01655782,0,0,1773357719667,True,True
0,2091.6,0.02760784,0,0,1773357719667,True,True
0,2091.6,0.02239976,0,0,1773357719667,True,True
0,2091.6,0.02039605,0,0,1773357719667,True,True
0,2091.6,0.599,0,0,1773357719667,True,True
0,2091.61,0.47810292,0,0,1773357719667,True,True
0,2091.98,0.00260281,0,0,1773357722935,True,True
0,2091.98,0.00235476,0,0,1773357723038,True,True
0,2091.3,0.01056054,0,0,1773357740149,True,True
0,2092.49,0.84210563,0,0,1773357744614,False,True
0,2092.49,0.10869565,0,0,1773357744734,False,True
0,2092.49,0.57046,0,0,1773357744991,False,True
0,2092.49,0.31357,0,0,1773357745088,False,True
0,2092.49,0.05791506,0,0,1773357745092,False,True
0,2092.5,1.22235076,0,0,1773357745599,True,True
0,2092.93,0.00453787,0,0,1773357750996,True,True
0,2091.84,0.0064451,0,0,1773357760698,False,True
0,2092.12,0.01501348,0,0,1773357761376,True,True
0,2091.3,3.0,0,0,1773357767935,True,True
0,2091.65,2.61104272,0,0,1773357768003,True,True
0,2091.65,0.38895728,0,0,1773357768052,True,True
0,2091.64,0.04779269,0,0,1773357768066,True,True
0,2091.58,1.19477726,0,0,1773357775356,False,True
0,2090.88,0.00932673,0,0,1773357777210,True,True
0,2090.06,0.1134397,0,0,1773357803117,False,True
0,2089.58,0.16437359,0,0,1773357803497,True,True
0,2088.58,0.00019058,0,0,1773357807291,False,True
0,2088.58,0.00131082,0,0,1773357807291,False,True
0,2087.92,0.01127081,0,0,1773357809290,True,True
0,2087.71,0.01127437,0,0,1773357810636,True,True
0,2087.22,0.00031841,0,0,1773357812464,False,True
0,2087.22,0.00162031,0,0,1773357812464,False,True
0,2087.22,0.00044103,0,0,1773357812464,False,True
0,2086.94,0.0125977,0,0,1773357812464,False,True
0,2087.91,2.39473766,0,0,1773357821399,False,True
0,2087.91,1.35933576,0,0,1773357821399,False,True
0,2087.91,2.12806654,0,0,1773357821400,False,True
0,2087.86,23.94786256,0,0,1773357821400,False,True
0,2087.85,11.9739839,0,0,1773357821400,False,True
0,2087.68,0.30885795,0,0,1773357821405,False,True
0,2087.68,0.65444926,0,0,1773357821406,False,True
0,2087.68,0.11574059,0,0,1773357821407,False,True
0,2087.68,0.11256242,0,0,1773357821408,False,True
0,2087.68,0.0826061,0,0,1773357821412,False,True
0,2087.68,0.16636345,0,0,1773357821412,False,True
0,2087.68,0.07319971,0,0,1773357821413,False,True
0,2087.68,0.18624704,0,0,1773357821414,False,True
0,2087.68,22.24990784,0,0,1773357821435,False,True
0,2087.68,3.5,0,0,1773357821435,False,True
0,2087.41,2.0,0,0,1773357821435,False,True
0,2087.19,3.5,0,0,1773357821456,False,True
0,2086.69,0.04792278,0,0,1773357821555,False,True
0,2085.49,0.00932451,0,0,1773357823670,False,True
0,2085.5,0.04745735,0,0,1773357823933,False,True
0,2086.0,0.01128746,0,0,1773357824640,True,True
0,2085.42,0.00525544,0,0,1773357826695,False,True
0,2084.75,0.024161,0,0,1773357831099,False,True
0,2085.63,0.02103336,0,0,1773357831851,True,True
0,2085.64,0.11962667,0,0,1773357831851,True,True
0,2085.0,0.02450212,0,0,1773357833763,False,True
0,2085.31,2.6359,0,0,1773357835442,False,True
0,2084.62,21.562,0,0,1773357835523,False,True
0,2085.02,0.0261,0,0,1773357835551,False,True
0,2084.57,1.69537891,0,0,1773357835668,False,True
0,2084.57,0.30462109,0,0,1773357835675,False,True
0,2084.48,0.00119641,0,0,1773357835676,False,True
0,2084.48,0.00032736,0,0,1773357835676,False,True
0,2083.72,0.08349653,0,0,1773357835694,False,True
0,2083.23,0.02149746,0,0,1773357835947,True,True
0,2082.64,0.599,0,0,1773357835950,False,True
0,2082.65,0.43738271,0,0,1773357836037,False,True
0,2082.65,18.88624742,0,0,1773357836050,False,True
0,2082.65,0.43738271,0,0,1773357836051,False,True
0,2082.96,0.02150024,0,0,1773357836119,True,True
0,2082.38,0.29009402,0,0,1773357836201,False,True
0,2082.38,0.29009402,0,0,1773357836202,False,True
0,2082.38,0.01881196,0,0,1773357836205,False,True
0,2082.69,11.67735276,0,0,1773357838103,False,True
0,2082.7,2.62305449,0,0,1773357838308,True,True
0,2082.7,0.37694551,0,0,1773357838308,True,True
0,2082.97,3.0,0,0,1773357838324,True,True
0,2083.73,0.112571,0,0,1773357838566,True,True
0,2083.71,0.00168282,0,0,1773357841332,True,True
0,2083.71,0.000731,0,0,1773357841332,True,True
0,2083.34,0.07518,0,0,1773357841773,False,True
0,2083.15,0.01439733,0,0,1773357846120,True,True
0,2082.89,0.10006855,0,0,1773357846704,False,True
0,2083.51,0.11822906,0,0,1773357848150,True,True
0,2082.86,1.0,0,0,1773357849506,False,True
0,2082.69,0.787104,0,0,1773357849506,False,True
0,2082.58,1.0,0,0,1773357849506,False,True
0,2082.26,2.0,0,0,1773357849528,False,True
0,2081.97,0.99506625,0,0,1773357849772,False,True
0,2081.54,0.02646126,0,0,1773357850009,False,True
0,2081.04,0.00091648,0,0,1773357853679,True,True
0,2081.04,0.00151669,0,0,1773357853679,True,True
0,2081.04,0.11,0,0,1773357859771,True,True
0,2081.36,0.48048048,0,0,1773357859771,True,True
0,2081.61,0.40951952,0,0,1773357859771,True,True
0,2081.39,0.30062368,0,0,1773357864233,True,True
0,2081.39,0.09937632,0,0,1773357864234,True,True
0,2082.27,0.00012527,0,0,1773357866740,True,True
0,2082.27,0.00163666,0,0,1773357866740,True,True
0,2082.27,0.00068426,0,0,1773357866740,True,True
0,2082.55,1.0,0,0,1773357880627,False,True
0,2082.07,0.09089629,0,0,1773357881795,True,True
0,2082.59,0.00094577,0,0,1773357893222,True,True
0,2082.59,0.00061638,0,0,1773357893222,True,True
0,2082.56,0.03497266,0,0,1773357895516,True,True
0,2082.23,0.01123624,0,0,1773357905469,True,True
0,2082.25,0.0010383,0,0,1773357911708,True,True
0,2082.25,0.00143302,0,0,1773357911708,True,True
0,2082.25,0.19455863,0,0,1773357911712,True,True
0,2082.25,0.11434763,0,0,1773357911712,True,True
0,2082.25,0.07125645,0,0,1773357911712,True,True
0,2082.25,0.17391095,0,0,1773357911714,True,True
0,2082.25,0.24442084,0,0,1773357911714,True,True
0,2082.25,0.07817704,0,0,1773357911714,True,True
0,2082.25,0.07740212,0,0,1773357911714,True,True
0,2082.98,0.00504083,0,0,1773357923854,True,True
0,2082.98,0.0009322,0,0,1773357927561,True,True
0,2082.88,0.00588363,0,0,1773357967030,True,True
0,2081.11,2.23811217,0,0,1773358051654,True,True
0,2080.89,0.0959973,0,0,1773358061818,False,True
0,2080.72,0.02157289,0,0,1773358061826,True,True
0,2080.13,0.51332995,0,0,1773358071389,True,True
0,2080.13,1.77781625,0,0,1773358071391,True,True
0,2080.13,0.7088538,0,0,1773358071393,True,True
0,2080.61,0.02157385,0,0,1773358071399,True,True
0,2080.89,2.0,0,0,1773358071808,False,True
0,2080.89,0.10153454,0,0,1773358091506,False,True
0,2080.89,0.00196271,0,0,1773358104088,False,True
0,2080.9,0.0047817,0,0,1773358105040,True,True
0,2080.9,0.3952183,0,0,1773358107890,True,True
0,2081.91,0.04489916,0,0,1773358119514,True,True
0,2081.9,1.99500343,0,0,1773358120716,False,True
0,2081.12,0.04534043,0,0,1773358121670,True,True
0,2081.76,0.01026601,0,0,1773358126281,False,True
0,2081.76,1.86375814,0,0,1773358128407,False,True
0,2081.76,0.04803627,0,0,1773358128407,False,True
0,2081.75,34.345,0,0,1773358128407,False,True
0,2081.71,1.09036386,0,0,1773358128407,False,True
0,2081.7,23.87,0,0,1773358128407,False,True
0,2081.66,8.78284173,0,0,1773358128407,False,True
0,2081.66,3.22679803,0,0,1773358128407,False,True
0,2081.58,0.97645712,0,0,1773358128407,False,True
0,2081.55,24.02,0,0,1773358128407,False,True
0,2081.52,0.15676756,0,0,1773358128407,False,True
0,2081.52,1.61997729,0,0,1773358128407,False,True
0,2081.9,0.01735,0,0,1773358171100,True,True
0,2081.9,1.98265,0,0,1773358174859,True,True
0,2081.9,0.4,0,0,1773358174859,True,True
0,2081.91,1.27089403,0,0,1773358174859,True,True
0,2083.77,0.11080398,0,0,1773358182809,True,True
0,2083.36,0.04084713,0,0,1773358184282,False,True
0,2083.35,0.00192186,0,0,1773358184282,False,True
0,2083.8,0.023998,0,0,1773358186692,True,True
0,2083.35,0.02352719,0,0,1773358202039,True,True
0,2083.35,0.00598113,0,0,1773358204849,True,True
0,2083.34,0.42197772,0,0,1773358206764,False,True
0,2082.63,0.01446272,0,0,1773358215378,True,True
0,2082.63,0.01615395,0,0,1773358224821,True,True
0,2082.0,1.04148414,0,0,1773358235259,False,True
0,2082.0,1.87402415,0,0,1773358235259,False,True
0,2081.89,2.40165394,0,0,1773358235259,False,True
0,2081.88,12.0083623,0,0,1773358235259,False,True
0,2081.85,2.67447547,0,0,1773358235259,False,True
0,2081.88,0.00242603,0,0,1773358236044,False,True
0,2082.11,0.11771618,0,0,1773358236267,True,True
0,2081.93,0.00755586,0,0,1773358248617,True,True
0,2082.01,0.01389446,0,0,1773358249281,True,True
0,2082.0,2.40153698,0,0,1773358257227,False,True
0,2082.0,0.21133302,0,0,1773358257227,False,True
0,2082.0,3.28866698,0,0,1773358257229,False,True
0,2082.0,1.87402415,0,0,1773358257229,False,True
0,2082.0,2.0,0,0,1773358257229,False,True
0,2082.0,0.36,0,0,1773358257229,False,True
0,2082.0,0.639986,0,0,1773358257229,False,True
0,2080.98,0.02156983,0,0,1773358257577,True,True
0,2080.52,0.02157441,0,0,1773358261526,True,True
0,2080.02,0.00263497,0,0,1773358271787,True,True
0,2080.02,0.00163,0,0,1773358272940,True,True
0,2079.99,3.0,0,0,1773358284946,True,True
0,2080.23,0.00942581,0,0,1773358306512,True,True
0,2080.23,0.00046671,0,0,1773358311524,True,True
0,2080.23,0.00480076,0,0,1773358314367,True,True
0,2080.23,0.01520811,0,0,1773358322207,True,True
0,2080.23,1.21129617,0,0,1773358328380,True,True
0,2080.23,0.74490798,0,0,1773358328380,True,True
0,2080.23,0.14217207,0,0,1773358328380,True,True
0,2080.23,0.24306998,0,0,1773358328381,True,True
0,2080.23,0.4,0,0,1773358328381,True,True
0,2080.59,0.00496838,0,0,1773358335853,False,True
0,2082.69,0.14065425,0,0,1773358353689,False,True
0,2082.69,3.55186189,0,0,1773358353692,False,True
0,2082.69,2.65265853,0,0,1773358353696,False,True
0,2082.69,0.2174479,0,0,1773358353697,False,True
0,2082.69,0.27765688,0,0,1773358353698,False,True
0,2082.69,0.10436015,0,0,1773358353698,False,True
0,2082.69,1.96604664,0,0,1773358353700,False,True
0,2081.67,0.12009588,0,0,1773358353946,False,True
0,2080.94,0.00465406,0,0,1773358358450,True,True
0,2080.59,0.40495988,0,0,1773358359986,False,True
0,2080.58,0.55647226,0,0,1773358359986,False,True
0,2080.61,0.05,0,0,1773358371795,False,True
0,2080.76,0.00259889,0,0,1773358378594,True,True
0,2080.6,0.01631457,0,0,1773358422067,False,True
0,2080.35,12.01720355,0,0,1773358422068,False,True
0,2080.34,0.599,0,0,1773358422068,False,True
0,2080.31,3.5,0,0,1773358422068,False,True
0,2080.55,0.25,0,0,1773358440230,True,True
0,2080.54,0.00259966,0,0,1773358447247,True,True
0,2080.68,0.00216323,0,0,1773358449259,True,True
0,2080.4,0.25,0,0,1773358451830,True,True
0,2080.55,0.00471193,0,0,1773358462973,True,True
0,2080.45,0.25,0,0,1773358478607,True,True
0,2080.55,0.0233888,0,0,1773358480215,True,True
0,2080.44,0.25,0,0,1773358496840,False,True
0,2080.44,0.25,0,0,1773358496840,False,True
0,2080.44,0.25,0,0,1773358496840,False,True
0,2080.43,0.25,0,0,1773358496840,False,True
0,2080.21,0.31373274,0,0,1773358498085,False,True
0,2079.94,0.00091089,0,0,1773358499800,False,True
0,2080.13,0.00960515,0,0,1773358506427,True,True
0,2080.13,0.25,0,0,1773358507016,True,True
0,2080.12,0.00104817,0,0,1773358508023,False,True
0,2080.13,0.05296965,0,0,1773358513759,True,True
0,2080.13,0.00780089,0,0,1773358531882,True,True
0,2080.13,0.00490329,0,0,1773358541082,True,True
0,2080.12,0.25,0,0,1773358542030,False,True
0,2080.12,0.25,0,0,1773358542030,False,True
0,2079.89,0.02,0,0,1773358542978,False,True
0,2079.06,0.11997348,0,0,1773358552007,False,True
0,2079.57,0.1139078,0,0,1773358554467,True,True
0,2079.64,0.01399043,0,0,1773358565545,False,True
0,2079.65,0.1,0,0,1773358586482,True,True
0,2079.63,0.06588159,0,0,1773358600855,True,True
0,2079.58,0.1,0,0,1773358652383,False,True
0,2079.26,0.01114294,0,0,1773358655073,True,True
0,2078.94,0.32281766,0,0,1773358664541,False,True
0,2078.92,0.00086663,0,0,1773358674857,True,True
0,2079.07,0.4,0,0,1773358683714,True,True
0,2079.07,0.12653991,0,0,1773358683714,True,True
0,2079.28,0.32645356,0,0,1773358683714,True,True
0,2079.11,0.00091098,0,0,1773358692405,False,True
0,2079.59,0.0096195,0,0,1773358702665,True,True
0,2079.51,0.00473776,0,0,1773358705037,True,True
0,2079.41,0.00924762,0,0,1773358706754,True,True
0,2079.27,0.00491754,0,0,1773358709011,False,True
0,2079.37,0.01184519,0,0,1773358762036,True,True
0,2079.37,0.00131886,0,0,1773358767675,True,True
0,2079.86,0.4,0,0,1773358768943,False,True
0,2079.91,0.1,0,0,1773358787039,False,True
0,2080.3,1.54848116,0,0,1773358802262,False,True
0,2080.55,0.50894511,0,0,1773358818799,True,True
0,2081.36,0.4,0,0,1773358819350,False,True
0,2081.37,0.01950679,0,0,1773358828684,False,True
0,2081.37,0.01950679,0,0,1773358828684,False,True
0,2081.37,0.48407318,0,0,1773358828721,False,True
0,2080.96,0.62067472,0,0,1773358828737,False,True
0,2080.69,0.15113665,0,0,1773358832357,True,True
0,2080.74,0.08158628,0,0,1773358832357,True,True
0,2080.08,0.48528296,0,0,1773358836825,False,True
0,2079.4,0.0005981,0,0,1773358862201,False,True
0,2079.01,0.00518714,0,0,1773358867059,True,True
0,2079.0,50.0,0,0,1773358868007,False,True
0,2078.84,0.00373918,0,0,1773358877307,True,True
0,2078.84,0.01238314,0,0,1773358883842,True,True
0,2079.0,0.033398,0,0,1773358891788,False,True
0,2079.01,0.033376,0,0,1773358892611,True,True
0,2079.01,0.366624,0,0,1773358895606,True,True
0,2080.02,0.15909126,0,0,1773358909025,True,True
0,2080.07,0.06673155,0,0,1773358909025,True,True
0,2079.5,0.024167,0,0,1773358918864,False,True
0,2079.52,0.01735,0,0,1773358919575,False,True
0,2079.62,0.4,0,0,1773358920493,True,True
0,2079.65,0.72127521,0,0,1773358920493,True,True
0,2079.9,0.04315643,0,0,1773358920493,True,True
0,2079.82,0.019234,0,0,1773358920537,True,True
0,2080.17,0.01442432,0,0,1773358926441,True,True
0,2079.7,0.00190669,0,0,1773358939086,False,True
0,2080.94,0.4,0,0,1773358988871,True,True
0,2081.27,0.02683581,0,0,1773359010481,True,True
0,2081.43,0.00440188,0,0,1773359011853,False,True
0,2081.89,0.24133093,0,0,1773359026524,True,True
0,2081.78,0.37031278,0,0,1773359035552,False,True
0,2082.0,0.00473212,0,0,1773359052427,True,True
0,2081.94,0.04839169,0,0,1773359069398,False,True
0,2081.92,0.01183052,0,0,1773359078561,True,True
0,2081.95,0.01110329,0,0,1773359082376,True,True
0,2081.85,0.04349668,0,0,1773359090473,False,True
0,2081.95,0.02299287,0,0,1773359093595,True,True
0,2081.95,0.36590384,0,0,1773359100119,True,True
0,2082.13,0.06003467,0,0,1773359100119,True,True
0,2082.13,0.57406149,0,0,1773359100119,True,True
0,2082.37,0.00960515,0,0,1773359106439,False,True
0,2082.38,0.43561693,0,0,1773359122943,True,True
0,2081.88,0.01832547,0,0,1773359127033,True,True
0,2081.88,0.00467367,0,0,1773359131977,True,True
0,2081.87,0.00983063,0,0,1773359134453,False,True
0,2081.87,0.59,0,0,1773359136724,False,True
0,2082.07,0.08538953,0,0,1773359138130,False,True
0,2081.97,0.00467479,0,0,1773359140632,True,True
0,2081.87,0.00798181,0,0,1773359148778,False,True
0,2081.87,2.01219545,0,0,1773359148778,False,True
0,2081.87,4.9321772,0,0,1773359153886,False,True
0,2081.87,3.53945235,0,0,1773359153888,False,True
0,2081.87,0.85701773,0,0,1773359153889,False,True
0,2081.87,0.15915727,0,0,1773359153890,False,True
0,2081.62,0.10321288,0,0,1773359161031,True,True
0,2080.01,0.00330141,0,0,1773359189157,False,True
0,2079.52,6.84,0,0,1773359193888,False,True
0,2079.52,0.00146952,0,0,1773359194485,False,True
0,2078.67,0.00058375,0,0,1773359204250,False,True
0,2078.67,0.00099896,0,0,1773359204250,False,True
0,2078.51,0.02,0,0,1773359204256,False,True
0,2078.02,1.51245,0,0,1773359204282,False,True
0,2077.22,0.01284928,0,0,1773359205061,True,True
0,2077.21,0.00099703,0,0,1773359205061,False,True
0,2077.21,0.00093557,0,0,1773359205061,False,True
0,2077.05,4.89533365,0,0,1773359205061,False,True
0,2077.0,0.15,0,0,1773359205061,False,True
0,2076.87,1.80129715,0,0,1773359205061,False,True
0,2076.85,0.03611239,0,0,1773359205407,False,True
0,2076.4,4.32019,0,0,1773359205501,False,True
0,2076.46,2.0,0,0,1773359205512,False,True
0,2076.4,9.37059226,0,0,1773359205512,False,True
0,2076.2,1.36907114,0,0,1773359205555,False,True
0,2076.04,0.01926736,0,0,1773359206054,False,True
0,2076.05,0.45734045,0,0,1773359208182,False,True
0,2076.05,0.599,0,0,1773359208182,False,True
0,2076.05,0.84365955,0,0,1773359208182,False,True
0,2076.06,0.09796782,0,0,1773359208282,True,True
0,2076.34,0.98772566,0,0,1773359215756,False,True
0,2076.59,3.0,0,0,1773359217393,True,True
0,2077.15,0.01442432,0,0,1773359217628,False,True
0,2077.51,0.0006926,0,0,1773359220044,True,True
0,2077.51,0.0016215,0,0,1773359220044,True,True
0,2077.51,0.0002056,0,0,1773359220044,True,True
0,2077.66,0.57140866,0,0,1773359222575,False,True
0,2078.05,0.4,0,0,1773359222810,False,True
0,2077.81,0.01443661,0,0,1773359235922,True,True
0,2077.93,0.001,0,0,1773359248738,False,True
0,2078.15,0.02405986,0,0,1773359255323,True,True
0,2078.04,0.02359116,0,0,1773359260477,True,True
0,2077.98,0.13981,0,0,1773359264459,False,True
0,2077.98,0.52488159,0,0,1773359265204,False,True
0,2078.18,0.012386,0,0,1773359270759,True,True
0,2078.13,0.01128782,0,0,1773359271722,True,True
0,2078.06,0.00467233,0,0,1773359272183,True,True
0,2077.97,0.96,0,0,1773359288395,False,True
0,2077.08,0.11853118,0,0,1773359289851,True,True
0,2077.73,0.025119,0,0,1773359295133,True,True
0,2077.73,0.00953058,0,0,1773359296032,True,True
0,2077.74,0.00060605,0,0,1773359298104,False,True
0,2076.62,0.00240717,0,0,1773359341727,False,True
0,2076.78,0.02337416,0,0,1773359364952,True,True
0,2077.18,0.00247606,0,0,1773359370771,False,True
0,2077.4,0.4,0,0,1773359374464,False,True
0,2077.79,0.00761842,0,0,1773359384054,True,True
0,2077.65,0.0009198,0,0,1773359385320,False,True
0,2077.72,1.46640117,0,0,1773359402278,True,True
0,2077.71,0.58267194,0,0,1773359411355,False,True
0,2077.72,0.66824964,0,0,1773359418637,True,True
0,2078.21,0.25917796,0,0,1773359422282,False,True
0,2078.25,1.27607294,0,0,1773359423595,True,True
0,2078.26,0.46312368,0,0,1773359423595,True,True
0,2078.26,0.02078806,0,0,1773359423595,True,True
0,2078.34,0.04829046,0,0,1773359423596,True,True
0,2078.34,1.36670045,0,0,1773359423596,True,True
0,2078.34,0.3463158,0,0,1773359423596,True,True
0,2078.35,0.31742011,0,0,1773359423597,True,True
0,2078.23,0.07286685,0,0,1773359423599,True,True
0,2078.23,0.16319358,0,0,1773359423599,True,True
0,2078.23,0.07320248,0,0,1773359423599,True,True
0,2078.23,0.26940145,0,0,1773359423600,True,True
0,2078.23,0.09814629,0,0,1773359423600,True,True
0,2078.23,0.10959203,0,0,1773359423601,True,True
0,2078.23,0.09542398,0,0,1773359423602,True,True
0,2078.23,0.13157846,0,0,1773359423602,True,True
0,2078.23,0.15987608,0,0,1773359423603,True,True
0,2078.23,0.05132726,0,0,1773359423604,True,True
0,2078.34,0.4,0,0,1773359424853,False,True
0,2077.75,0.00468409,0,0,1773359435969,True,True
0,2077.75,0.23186561,0,0,1773359441606,True,True
0,2078.68,0.00158176,0,0,1773359472053,True,True
0,2078.66,0.01133313,0,0,1773359493829,False,True
0,2078.66,0.01133313,0,0,1773359493829,False,True
0,2078.66,0.38079364,0,0,1773359495271,False,True
0,2076.84,0.00971763,0,0,1773359507550,False,True
0,2076.61,0.0018,0,0,1773359514765,False,True
0,2077.17,0.60618052,0,0,1773359519714,True,True
0,2078.25,0.01202935,0,0,1773359521830,True,True
0,2077.43,0.00163944,0,0,1773359528365,False,True
0,2077.38,0.00957402,0,0,1773359539738,False,True
0,2077.31,0.00185705,0,0,1773359550324,False,True
0,2077.17,0.16022972,0,0,1773359556257,False,True
0,2077.17,0.45824914,0,0,1773359556815,False,True
0,2076.43,0.01443661,0,0,1773359570518,False,True
0,2076.68,0.01133676,0,0,1773359572195,True,True
0,2076.67,0.00046638,0,0,1773359575486,True,True
0,2076.67,0.0144462,0,0,1773359584367,True,True
0,2076.64,0.71871253,0,0,1773359584708,False,True
0,2076.63,0.44013342,0,0,1773359584708,False,True
0,2076.64,0.00098957,0,0,1773359586297,False,True
0,2076.45,0.02798418,0,0,1773359592315,True,True
0,2076.66,0.01127186,0,0,1773359603843,True,True
0,2076.66,1.54379427,0,0,1773359603843,True,True
0,2076.67,0.3855538,0,0,1773359603843,True,True
0,2076.84,2.55274678,0,0,1773359603843,True,True
0,2076.86,0.5875236,0,0,1773359603843,True,True
0,2076.87,18.31953896,0,0,1773359603843,True,True
0,2077.61,0.00467422,0,0,1773359614215,True,True
0,2077.35,0.4,0,0,1773359626462,False,True
0,2076.21,0.012386,0,0,1773359656639,False,True
0,2076.21,0.00095213,0,0,1773359659845,False,True
0,2076.03,0.00890722,0,0,1773359671180,True,True
0,2076.0,0.00965994,0,0,1773359688418,False,True
0,2076.0,0.01787674,0,0,1773359708520,False,True
0,2076.0,0.01787674,0,0,1773359708520,False,True
0,2076.0,0.05458658,0,0,1773359708988,False,True
0,2075.44,0.01895,0,0,1773359710010,True,True
0,2075.01,0.04807236,0,0,1773359714132,True,True
0,2075.0,0.02,0,0,1773359715375,False,True
0,2074.42,0.12249891,0,0,1773359716822,False,True
0,2074.42,0.599,0,0,1773359716822,False,True
0,2074.42,0.60789913,0,0,1773359716822,False,True
0,2074.42,1.04570773,0,0,1773359716822,False,True
0,2074.43,0.11087383,0,0,1773359718048,True,True
0,2075.01,0.02362197,0,0,1773359723869,True,True
0,2074.86,0.00139278,0,0,1773359729657,False,True
0,2074.33,0.003063,0,0,1773359751876,False,True
0,2074.34,0.67312544,0,0,1773359776137,True,True
0,2074.96,0.4,0,0,1773359780550,True,True
0,2075.05,0.36283338,0,0,1773359780550,True,True
0,2075.05,0.00562846,0,0,1773359782910,True,True
0,2075.04,0.32148,0,0,1773359783079,False,True
0,2075.05,0.68559957,0,0,1773359787269,True,True
0,2074.25,0.14313639,0,0,1773359802831,False,True
0,2074.07,0.01246614,0,0,1773359802902,True,True
0,2074.07,0.00954547,0,0,1773359806163,True,True
0,2074.06,0.00113786,0,0,1773359806424,False,True
0,2074.0,0.02,0,0,1773359806435,False,True
0,2073.87,0.31469185,0,0,1773359806437,False,True
0,2073.59,0.00114995,0,0,1773359820210,False,True
0,2073.98,0.01782029,0,0,1773359830790,False,True
0,2074.01,0.00439678,0,0,1773359840363,True,True
0,2073.37,0.0019611,0,0,1773359871550,True,True
0,2073.35,2.41155617,0,0,1773359881961,False,True
0,2073.35,1.87402415,0,0,1773359881961,False,True
0,2073.32,0.599,0,0,1773359881961,False,True
0,2073.32,7.47904264,0,0,1773359881961,False,True
0,2073.29,0.00358013,0,0,1773359884623,True,True
0,2073.19,0.0144462,0,0,1773359890054,False,True
0,2073.03,0.01447045,0,0,1773359902522,True,True
0,2073.0,0.0439266,0,0,1773359902712,False,True
0,2073.0,0.0560734,0,0,1773359903107,False,True
0,2072.75,0.58150064,0,0,1773359903344,False,True
0,2072.75,0.599,0,0,1773359903344,False,True
0,2072.72,0.01926736,0,0,1773359903344,False,True
0,2072.72,3.08297456,0,0,1773359903344,False,True
0,2072.71,7.21725744,0,0,1773359903344,False,True
0,2072.72,0.92862322,0,0,1773359903392,False,True
0,2072.72,0.599,0,0,1773359903392,False,True
0,2072.71,3.11096555,0,0,1773359903392,False,True
0,2072.66,0.36141123,0,0,1773359903392,False,True
0,2072.94,0.09457813,0,0,1773359904380,True,True
0,2072.94,0.23413054,0,0,1773359904914,True,True
0,2072.24,0.4799198,0,0,1773359908249,False,True
0,2072.26,0.00104459,0,0,1773359908709,False,True
0,2072.76,0.99394825,0,0,1773359914403,True,True
0,2073.02,0.22502339,0,0,1773359960000,True,True
0,2073.16,0.4,0,0,1773359979328,False,True
0,2073.41,0.00477612,0,0,1773359981780,True,True
0,2073.47,1.9,0,0,1773359987721,True,True
0,2073.35,0.05148163,0,0,1773359993986,True,True
0,2073.83,0.004779,0,0,1773359996001,True,True
