0,1.39907,146.52590649,0,0,1773446402236,False,True
0,1.39843,6.93828,0,0,1773446403393,True,True
0,1.39832,21.12578,0,0,1773446407515,True,True
0,1.39832,35.03703,0,0,1773446410899,True,True
0,1.39832,133.73404,0,0,1773446413804,True,True
0,1.39831,10277.22374437,0,0,1773446431140,False,True
0,1.39831,76.7152048,0,0,1773446431644,False,True
0,1.39831,30.0355591,0,0,1773446431647,False,True
0,1.39831,6227.29910059,0,0,1773446431647,False,True
0,1.39831,17.87872503,0,0,1773446431647,False,True
0,1.39758,90.201799,0,0,1773446431744,True,True
0,1.39738,0.70159,0,0,1773446433039,True,True
0,1.39778,1253.34818,0,0,1773446439165,True,True
0,1.39779,2.22222222,0,0,1773446446722,True,True
0,1.3978,17.53481,0,0,1773446447174,True,True
0,1.39743,14.02955,0,0,1773446485377,True,True
0,1.39695,23.13427387,0,0,1773446493094,False,True
0,1.39642,21.29688,0,0,1773446503840,False,True
0,1.39642,280.0,0,0,1773446506028,False,True
0,1.39647,69.51546,0,0,1773446517096,True,True
0,1.39615,668.97757,0,0,1773446533159,True,True
0,1.39602,231.5718525,0,0,1773446536115,True,True
0,1.39617,34.76246,0,0,1773446537466,True,True
0,1.39612,15.17739,0,0,1773446552386,True,True
0,1.39599,135.0,0,0,1773446557990,True,True
0,1.39607,13.94201,0,0,1773446564247,True,True
0,1.39587,337.5,0,0,1773446576905,True,True
0,1.39595,224.33016,0,0,1773446576905,True,True
0,1.39593,13.34392,0,0,1773446578185,True,True
0,1.39562,7.37933,0,0,1773446586836,False,True
0,1.39562,55.24832598,0,0,1773446586836,False,True
0,1.39572,337.5,0,0,1773446596832,True,True
0,1.39573,266.38766,0,0,1773446596832,True,True
0,1.39553,13.94691,0,0,1773446613721,True,True
0,1.39562,5.56514,0,0,1773446634550,True,True
0,1.39579,17.56169,0,0,1773446645977,True,True
0,1.3961,7022.57047,0,0,1773446658948,True,True
0,1.39552,9.04337453,0,0,1773446665305,False,True
0,1.39574,7.10734091,0,0,1773446670464,True,True
0,1.39571,60.6691,0,0,1773446678686,True,True
0,1.39552,0.95662547,0,0,1773446692300,False,True
0,1.39533,35.29489,0,0,1773446696498,True,True
0,1.3955,22665.13448966,0,0,1773446702526,True,True
0,1.3955,13903.64571527,0,0,1773446702550,True,True
0,1.3955,10784.9794639,0,0,1773446702572,True,True
0,1.3955,20875.45408266,0,0,1773446702574,True,True
0,1.3955,12794.79562039,0,0,1773446702580,True,True
0,1.3955,581.64511453,0,0,1773446702584,True,True
0,1.3955,263.44645155,0,0,1773446702586,True,True
0,1.3955,650.14221862,0,0,1773446702590,True,True
0,1.3955,10919.45680304,0,0,1773446702591,True,True
0,1.3955,263.44645155,0,0,1773446702595,True,True
0,1.3955,7559.99672828,0,0,1773446702596,True,True
0,1.3955,13747.59033023,0,0,1773446702627,True,True
0,1.3955,77881.47437283,0,0,1773446703319,True,True
0,1.39612,14.05268,0,0,1773446703424,True,True
0,1.39612,111.83406728,0,0,1773446715977,True,True
0,1.39617,188.10392272,0,0,1773446715977,True,True
0,1.3962,3.52823,0,0,1773446734056,True,True
0,1.39604,3.3,0,0,1773446742432,False,True
0,1.39565,461.0,0,0,1773446752249,False,True
0,1.39566,7.10774831,0,0,1773446758630,True,True
0,1.39567,7.18014,0,0,1773446760641,False,True
0,1.39644,33.20099,0,0,1773446777363,True,True
0,1.39644,69.5548,0,0,1773446777987,True,True
0,1.39644,10.72133116,0,0,1773446810669,False,True
0,1.39619,1.58013,0,0,1773446823578,True,True
0,1.39635,2.75423243,0,0,1773446850449,True,True
0,1.39635,7.02116,0,0,1773446850834,True,True
0,1.39644,67.06229,0,0,1773446853533,True,True
0,1.39646,3.55253,0,0,1773446863565,False,True
0,1.39646,26.87348,0,0,1773446870290,False,True
0,1.39646,16.92362051,0,0,1773446880098,False,True
0,1.39647,69.69258,0,0,1773446890580,True,True
0,1.39647,55.75407,0,0,1773446905984,True,True
0,1.39647,3.666085,0,0,1773446910870,True,True
0,1.39647,3.423875,0,0,1773446910870,True,True
0,1.39647,16.5938,0,0,1773446924706,True,True
0,1.39647,17.59438,0,0,1773446932596,True,True
0,1.39647,104.53887,0,0,1773446942397,True,True
0,1.39647,17.05013355,0,0,1773446956104,True,True
0,1.39646,50.0,0,0,1773446958667,False,True
0,1.39632,190.0,0,0,1773446958667,False,True
0,1.39644,210.10164,0,0,1773446970468,True,True
0,1.39642,10.42874,0,0,1773446975271,True,True
0,1.3966,358.01231562,0,0,1773446985524,True,True
0,1.39673,7.05377,0,0,1773447011774,True,True
0,1.39672,14.71304,0,0,1773447028361,False,True
0,1.39717,13.89523,0,0,1773447053230,True,True
0,1.39723,34.65422,0,0,1773447054800,True,True
0,1.39665,18.4843449,0,0,1773447099848,False,True
0,1.39665,7141.50563111,0,0,1773447099888,False,True
0,1.39631,150.23855391,0,0,1773447101918,False,True
0,1.39631,66.57704,0,0,1773447110191,True,True
0,1.39634,69.50302,0,0,1773447116864,True,True
0,1.39641,0.87256,0,0,1773447126432,False,True
0,1.39658,173.34428,0,0,1773447126753,True,True
0,1.39651,70.54884,0,0,1773447139037,True,True
0,1.39633,8.73745462,0,0,1773447140306,False,True
0,1.39634,15.5672,0,0,1773447152398,True,True
0,1.39634,35.19204,0,0,1773447161256,True,True
0,1.39633,12469.40882886,0,0,1773447165882,False,True
0,1.3963,25.7571892,0,0,1773447165902,False,True
0,1.3963,14.6486048,0,0,1773447167050,False,True
0,1.3963,3540.48656437,0,0,1773447167081,False,True
0,1.39621,320.61573,0,0,1773447176073,True,True
0,1.3962,15.5043688,0,0,1773447185122,False,True
0,1.3962,1098.66802408,0,0,1773447185230,False,True
0,1.3962,1113.30218096,0,0,1773447185231,False,True
0,1.39574,68.30791,0,0,1773447189730,True,True
0,1.396,34.6855,0,0,1773447217196,True,True
0,1.39585,0.75,0,0,1773447221170,False,True
0,1.39601,14.1848,0,0,1773447229926,True,True
0,1.39601,33.30189,0,0,1773447236130,True,True
0,1.39664,34.76819,0,0,1773447266321,True,True
0,1.3967,26.58871,0,0,1773447276187,True,True
0,1.39671,61.0,0,0,1773447282834,True,True
0,1.39711,153.71971,0,0,1773447287900,False,True
0,1.39742,106.75865,0,0,1773447308394,False,True
0,1.39742,70.85193,0,0,1773447312571,True,True
0,1.39715,35.08543,0,0,1773447322750,True,True
0,1.39773,86.345807,0,0,1773447337138,True,True
0,1.39775,1.16308696,0,0,1773447337633,True,True
0,1.39781,6.99712,0,0,1773447354667,True,True
0,1.39708,17.8944656,0,0,1773447366408,False,True
0,1.39653,173.78243,0,0,1773447370295,True,True
0,1.39653,1.29019784,0,0,1773447396212,True,True
0,1.39713,13.86754,0,0,1773447416299,True,True
0,1.39743,35.00015,0,0,1773447427924,True,True
0,1.39721,33.7565,0,0,1773447442773,True,True
0,1.3972,21.25893,0,0,1773447447838,True,True
0,1.3966,554.28107,0,0,1773447495392,False,True
0,1.39653,12.76763,0,0,1773447522364,False,True
0,1.39683,666.98225,0,0,1773447526860,True,True
0,1.39671,1.18880217,0,0,1773447533131,True,True
0,1.39696,1.98019802,0,0,1773447564999,False,True
0,1.39719,103.97828,0,0,1773447589467,True,True
0,1.39729,6.57416,0,0,1773447600806,True,True
0,1.39797,6.57115,0,0,1773447629948,True,True
0,1.39785,14.09675,0,0,1773447644825,True,True
0,1.39743,41.88639144,0,0,1773447658195,True,True
0,1.39741,337.5,0,0,1773447658861,True,True
0,1.39748,102.9733025,0,0,1773447658861,True,True
0,1.39748,72.8533985,0,0,1773447658861,True,True
0,1.39731,500.0,0,0,1773447679020,False,True
0,1.39739,27.79027,0,0,1773447681908,True,True
0,1.3972,80.0,0,0,1773447683237,False,True
0,1.39743,70.23776223,0,0,1773447692897,False,True
0,1.3978,39.5221,0,0,1773447735692,False,True
0,1.39784,491.27618,0,0,1773447736719,True,True
0,1.39774,153.71971,0,0,1773447755966,False,True
0,1.39783,14.23661,0,0,1773447764620,True,True
0,1.39783,47.0444845,0,0,1773447778807,True,True
0,1.39783,337.5,0,0,1773447778807,True,True
0,1.39784,531.5080455,0,0,1773447778807,True,True
0,1.39765,23.67225,0,0,1773447789129,False,True
0,1.39782,20.78718,0,0,1773447791891,True,True
0,1.39779,337.5,0,0,1773447793346,True,True
0,1.39784,477.2157745,0,0,1773447793346,True,True
0,1.39785,814.3904055,0,0,1773447793346,True,True
0,1.39785,25.0,0,0,1773447802551,True,True
0,1.39793,67.16567,0,0,1773447823786,True,True
0,1.39786,2.79155608,0,0,1773447828819,True,True
0,1.39773,2.14492546,0,0,1773447833625,False,True
0,1.3979,34.72516,0,0,1773447866555,True,True
0,1.39803,7.01352,0,0,1773447870140,True,True
0,1.39802,739.96278,0,0,1773447874471,True,True
0,1.39803,6.60324,0,0,1773447885577,True,True
0,1.39765,20.83361,0,0,1773447896873,True,True
0,1.39764,142.0,0,0,1773447906745,False,True
0,1.3975,625.0,0,0,1773447915022,False,True
0,1.39708,162.62145,0,0,1773447921610,True,True
0,1.39709,13.89861,0,0,1773447923964,True,True
0,1.39694,128.809635,0,0,1773447932770,True,True
0,1.39703,23.27856,0,0,1773447989814,True,True
0,1.39722,6.67281,0,0,1773448001041,True,True
0,1.39722,7.01754,0,0,1773448009714,True,True
0,1.39708,609.24686,0,0,1773448018801,True,True
0,1.39704,103.97679,0,0,1773448024625,True,True
0,1.39718,100.0,0,0,1773448033343,True,True
0,1.39725,337.5,0,0,1773448051540,True,True
0,1.39729,329.51594,0,0,1773448051540,True,True
0,1.39702,1.85519,0,0,1773448060342,False,True
0,1.39754,33.58406,0,0,1773448092658,True,True
0,1.39783,7.0,0,0,1773448103583,True,True
0,1.39802,3.4998,0,0,1773448119415,True,True
0,1.39813,133.99767,0,0,1773448126909,False,True
0,1.39827,14.09171,0,0,1773448133760,True,True
0,1.39776,5.53913,0,0,1773448137222,True,True
0,1.39793,1.53679,0,0,1773448156784,True,True
0,1.398,50.0,0,0,1773448175475,True,True
0,1.39894,19.8348771,0,0,1773448202532,True,True
0,1.39906,14.08365,0,0,1773448222315,True,True
0,1.39872,2000.0,0,0,1773448229239,False,True
0,1.39804,1.61586,0,0,1773448231900,True,True
0,1.39818,21.094491,0,0,1773448253598,True,True
0,1.39819,45.443159,0,0,1773448253598,True,True
0,1.39819,20.07861,0,0,1773448255461,True,True
0,1.39821,0.80437,0,0,1773448276318,True,True
0,1.39829,33.72464,0,0,1773448334547,True,True
0,1.39854,1500.0,0,0,1773448343141,True,True
0,1.39867,1709.80082,0,0,1773448343141,True,True
0,1.39868,62.23648,0,0,1773448348121,True,True
0,1.39855,3.87372,0,0,1773448349838,True,True
0,1.39855,33.72175,0,0,1773448351639,True,True
0,1.39933,103.869,0,0,1773448355422,True,True
0,1.39897,730.88442,0,0,1773448370212,False,True
0,1.39897,500.34327943,0,0,1773448370613,False,True
0,1.39932,27.89122355,0,0,1773448384429,True,True
0,1.39925,625.0,0,0,1773448404231,True,True
0,1.39934,1500.0,0,0,1773448416186,True,True
0,1.39937,775.92667,0,0,1773448416186,True,True
0,1.39938,61.50517,0,0,1773448424618,True,True
0,1.39938,625.0,0,0,1773448435295,True,True
0,1.39939,625.0,0,0,1773448444710,True,True
0,1.39928,625.0,0,0,1773448459494,True,True
0,1.39957,35.37078,0,0,1773448472582,True,True
0,1.39975,10.67465,0,0,1773448496211,False,True
0,1.39993,6.82891287,0,0,1773448496540,True,True
0,1.40004,7.07264,0,0,1773448500568,True,True
0,1.39972,2000.0,0,0,1773448518057,False,True
0,1.39958,337.5,0,0,1773448518057,False,True
0,1.39949,3572.7231943,0,0,1773448518057,False,True
0,1.39945,100.0,0,0,1773448518057,False,True
0,1.39944,337.5,0,0,1773448518057,False,True
0,1.39937,7146.03406525,0,0,1773448518057,False,True
0,1.39937,644.05085797,0,0,1773448518057,False,True
0,1.39925,337.5,0,0,1773448518057,False,True
0,1.39919,7144.58325685,0,0,1773448518057,False,True
0,1.39918,960.72158004,0,0,1773448518057,False,True
0,1.39917,8345.6,0,0,1773448518057,False,True
0,1.39915,9.03405639,0,0,1773448518057,False,True
0,1.39913,335.05278792,0,0,1773448518057,False,True
0,1.39908,337.5,0,0,1773448518057,False,True
0,1.39906,357.38281417,0,0,1773448518057,False,True
0,1.39905,4466.9282625,0,0,1773448518057,False,True
0,1.399,625.0,0,0,1773448518057,False,True
0,1.39894,7148.25987457,0,0,1773448518057,False,True
0,1.39893,2745.57302836,0,0,1773448518057,False,True
0,1.39892,35.741858,0,0,1773448518057,False,True
0,1.39892,337.5,0,0,1773448518057,False,True
0,1.39888,5716.8991539,0,0,1773448518057,False,True
0,1.39887,12674.95104421,0,0,1773448518057,False,True
0,1.3992,51.35606299,0,0,1773448548814,True,True
0,1.3993,13.37755,0,0,1773448572821,True,True
0,1.39933,337.5,0,0,1773448576133,True,True
0,1.39937,44.12187,0,0,1773448576133,True,True
0,1.39937,21.80267,0,0,1773448577375,True,True
0,1.39873,13.87746,0,0,1773448622662,True,True
0,1.3986,67.62327,0,0,1773448633777,True,True
0,1.39853,209.77866,0,0,1773448643137,True,True
0,1.39869,20.97817,0,0,1773448654451,True,True
0,1.39873,7.14934,0,0,1773448663034,True,True
0,1.39814,128.70625084,0,0,1773448687968,True,True
0,1.39805,5.0,0,0,1773448692100,True,True
0,1.39805,80.89839419,0,0,1773448692172,True,True
0,1.39805,17.40345,0,0,1773448720451,True,True
0,1.39804,73.9892993,0,0,1773448740046,False,True
0,1.39743,212.46,0,0,1773448741205,True,True
0,1.39697,37.06672359,0,0,1773448761549,False,True
0,1.39697,27.89122,0,0,1773448762647,False,True
0,1.39692,23.73793774,0,0,1773448775056,False,True
0,1.3969,100.0,0,0,1773448775070,False,True
0,1.3969,100.0,0,0,1773448775070,False,True
0,1.39607,1412.95045133,0,0,1773448779909,True,True
0,1.39607,282.38565958,0,0,1773448779928,True,True
0,1.39602,86.345807,0,0,1773448784024,False,True
0,1.3961,268.22672,0,0,1773448786717,True,True
0,1.39602,442.94481661,0,0,1773448806498,False,True
0,1.39603,138.76384,0,0,1773448811109,True,True
0,1.39603,1.3974628,0,0,1773448817443,True,True
0,1.39603,70.2941,0,0,1773448821515,True,True
0,1.39638,7.12554,0,0,1773448853229,True,True
0,1.39642,168.08612,0,0,1773448855351,True,True
0,1.39651,14.0408,0,0,1773448871767,True,True
0,1.39642,35.11358,0,0,1773448902611,True,True
0,1.39602,19.85388913,0,0,1773448908204,False,True
0,1.3966,14.04231,0,0,1773448934782,True,True
0,1.39666,1.19975,0,0,1773448944685,True,True
0,1.39699,13.30153191,0,0,1773448957592,True,True
0,1.39726,55.69846809,0,0,1773448957592,True,True
0,1.39725,58.0,0,0,1773448975962,False,True
0,1.39707,14.28985,0,0,1773449007437,False,True
0,1.39707,143.15674948,0,0,1773449011711,False,True
0,1.39702,450.0,0,0,1773449019204,False,True
0,1.39702,1550.0,0,0,1773449019206,False,True
0,1.39695,337.5,0,0,1773449019231,False,True
0,1.39695,112.5,0,0,1773449019283,False,True
0,1.3966,71.60246312,0,0,1773449019313,False,True
0,1.39653,1131.65843688,0,0,1773449019313,False,True
0,1.39692,275.1367,0,0,1773449019458,False,True
0,1.39692,62.3633,0,0,1773449019464,False,True
0,1.39692,1662.5,0,0,1773449019471,False,True
0,1.39682,214.77355707,0,0,1773449019474,False,True
0,1.39682,235.22644293,0,0,1773449019503,False,True
0,1.39648,25.0,0,0,1773449019658,False,True
0,1.39602,0.26043587,0,0,1773449020154,False,True
0,1.39501,20.92966,0,0,1773449030594,True,True
0,1.39501,17.56963,0,0,1773449034360,True,True
0,1.39501,35.22559,0,0,1773449037144,True,True
0,1.39513,16.0,0,0,1773449039336,False,True
0,1.39513,25.88,0,0,1773449039382,False,True
0,1.39531,69.5897,0,0,1773449043884,True,True
0,1.395,17.92114696,0,0,1773449062459,False,True
0,1.395,26.53661204,0,0,1773449062459,False,True
0,1.395,1973.46338796,0,0,1773449062515,False,True
0,1.3945,69.76552,0,0,1773449064582,True,True
0,1.39449,3585.54023334,0,0,1773449076095,False,True
0,1.39439,71.71594747,0,0,1773449096588,False,True
0,1.39422,1074.21410507,0,0,1773449096588,False,True
0,1.39411,337.5,0,0,1773449096588,False,True
0,1.3941,3586.54307885,0,0,1773449096588,False,True
0,1.39405,7173.33035884,0,0,1773449096588,False,True
0,1.39403,638.15773711,0,0,1773449096588,False,True
0,1.394,51.44,0,0,1773449096588,False,True
0,1.39397,337.5,0,0,1773449096588,False,True
0,1.39394,2000.0,0,0,1773449096588,False,True
0,1.3938,625.0,0,0,1773449096588,False,True
0,1.39377,968.27443803,0,0,1773449096588,False,True
0,1.39376,7172.57209476,0,0,1773449096588,False,True
0,1.39375,416.53254992,0,0,1773449096588,False,True
0,1.39374,337.5,0,0,1773449096588,False,True
0,1.39371,6851.0,0,0,1773449096588,False,True
0,1.3936,337.5,0,0,1773449096588,False,True
0,1.39356,1577.72440351,0,0,1773449096588,False,True
0,1.39356,1615.2092352,0,0,1773449096588,False,True
0,1.39356,340.24513338,0,0,1773449096588,False,True
0,1.39356,1904.84218077,0,0,1773449096588,False,True
0,1.39356,1540.64331665,0,0,1773449096588,False,True
0,1.39356,2081.54009936,0,0,1773449096588,False,True
0,1.39356,516.0,0,0,1773449096588,False,True
0,1.39356,1289.14487632,0,0,1773449096588,False,True
0,1.39356,1510.72535211,0,0,1773449096588,False,True
0,1.39356,1017.67392832,0,0,1773449096588,False,True
0,1.39356,1237.73651016,0,0,1773449096588,False,True
0,1.39356,1508.46390179,0,0,1773449096588,False,True
0,1.39356,404.54227812,0,0,1773449096588,False,True
0,1.39356,1889.98609179,0,0,1773449096588,False,True
0,1.39356,3519.95862068,0,0,1773449096588,False,True
0,1.39417,70.482,0,0,1773449101523,True,True
0,1.39413,1.39592,0,0,1773449102587,True,True
0,1.39402,3.88974379,0,0,1773449103038,False,True
0,1.39415,1.74926298,0,0,1773449112221,True,True
0,1.39418,25.0,0,0,1773449114542,True,True
0,1.39403,11.75479,0,0,1773449139184,True,True
0,1.39406,40.0,0,0,1773449157353,True,True
0,1.39326,10.0,0,0,1773449194023,True,True
0,1.39379,37.85,0,0,1773449221016,False,True
0,1.39363,195.071026,0,0,1773449222521,True,True
0,1.3934,71.76690111,0,0,1773449227412,True,True
0,1.39324,1.09297618,0,0,1773449242006,True,True
0,1.39357,109.55305,0,0,1773449266780,False,True
0,1.39369,423.78675234,0,0,1773449293937,False,True
0,1.39378,14.50661,0,0,1773449294185,True,True
0,1.39379,69.65711,0,0,1773449303092,True,True
0,1.39379,10207.56663437,0,0,1773449304544,True,True
0,1.39379,76.7152048,0,0,1773449304544,True,True
0,1.39379,30.0355591,0,0,1773449304544,True,True
0,1.39379,530.0894553,0,0,1773449304544,True,True
0,1.39379,5697.20964529,0,0,1773449305013,True,True
0,1.39379,8.73745462,0,0,1773449305013,True,True
0,1.39379,7105.32477626,0,0,1773449305013,True,True
0,1.39343,7.034,0,0,1773449310673,True,True
0,1.393,100.0,0,0,1773449328770,False,True
0,1.39289,14.43972,0,0,1773449328770,False,True
0,1.39303,7.03461,0,0,1773449335935,True,True
0,1.39303,18.0,0,0,1773449341389,True,True
0,1.39262,272.76086551,0,0,1773449341462,True,True
0,1.39273,660.65864,0,0,1773449358668,False,True
0,1.39276,71.08031,0,0,1773449371516,True,True
0,1.3929,13.37305,0,0,1773449382294,True,True
0,1.39292,466.64560779,0,0,1773449384693,True,True
0,1.39277,7.19204325,0,0,1773449399705,False,True
0,1.39335,17.67823,0,0,1773449408986,True,True
0,1.39343,17.3776,0,0,1773449412200,True,True
0,1.39337,155.18913,0,0,1773449423712,False,True
0,1.39325,70.46078,0,0,1773449432837,True,True
0,1.39325,4.53515,0,0,1773449436069,True,True
0,1.39344,93.7317,0,0,1773449450450,True,True
0,1.39296,40.24787234,0,0,1773449455388,False,True
0,1.39324,15.623297,0,0,1773449463533,True,True
0,1.39378,34.8318,0,0,1773449486631,True,True
0,1.39378,97.93511171,0,0,1773449492950,True,True
0,1.39378,13.23495,0,0,1773449501318,True,True
0,1.39378,17.58513,0,0,1773449511340,True,True
0,1.39353,215.20803444,0,0,1773449522373,True,True
0,1.39356,10.210116,0,0,1773449522413,True,True
0,1.39357,350.89306,0,0,1773449538859,True,True
0,1.39339,3588.36199498,0,0,1773449549398,False,True
0,1.39339,337.5,0,0,1773449549398,False,True
0,1.3933,1438.22205762,0,0,1773449549398,False,True
0,1.39339,1.70767,0,0,1773449554369,False,True
0,1.39338,5.0,0,0,1773449561147,False,True
0,1.39284,255.33243,0,0,1773449586557,True,True
0,1.39281,2.33379282,0,0,1773449588633,True,True
0,1.39342,5.0,0,0,1773449610338,False,True
0,1.39364,21.5480436,0,0,1773449621617,True,True
0,1.39364,6.96726,0,0,1773449632808,True,True
0,1.39364,16.54698,0,0,1773449640155,True,True
0,1.39363,337.5,0,0,1773449651155,False,True
0,1.39359,1875.56255,0,0,1773449651155,False,True
0,1.39364,486.47147,0,0,1773449652408,True,True
0,1.39364,6.52757,0,0,1773449662494,True,True
0,1.39348,42.12921,0,0,1773449665918,False,True
0,1.39348,22.29923,0,0,1773449667630,False,True
0,1.39364,35.78955,0,0,1773449699216,True,True
0,1.39402,17.84452,0,0,1773449731772,True,True
0,1.39414,96.15493,0,0,1773449758371,True,True
0,1.39414,33.74602,0,0,1773449764690,True,True
0,1.39462,71.37195,0,0,1773449777924,True,True
0,1.39476,71.69692277,0,0,1773449781319,True,True
0,1.39453,14.19975,0,0,1773449809598,True,True
0,1.39463,790.47047231,0,0,1773449821487,False,True
0,1.3946,697.89536,0,0,1773449830914,True,True
0,1.39483,21.03577,0,0,1773449840184,True,True
0,1.39483,3140.39428237,0,0,1773449842530,True,True
0,1.39484,35.18518,0,0,1773449848836,True,True
0,1.39484,21.81157,0,0,1773449859729,True,True
0,1.39484,509.01895558,0,0,1773449860319,True,True
0,1.39483,7.65662,0,0,1773449883648,True,True
0,1.39483,13.26326506,0,0,1773449883691,True,True
0,1.39475,24.40116288,0,0,1773449891213,False,True
0,1.39476,336.82542177,0,0,1773449895224,False,True
0,1.39477,336.82542177,0,0,1773449895381,False,True
0,1.39475,430.6825513,0,0,1773449901622,False,True
0,1.39483,3.44651319,0,0,1773449903035,True,True
0,1.39482,660.75941815,0,0,1773449904115,False,True
0,1.39476,135.80033,0,0,1773449938772,True,True
0,1.39484,35.14555,0,0,1773449943827,True,True
0,1.39473,7.09886,0,0,1773449982924,True,True
0,1.39451,25.0,0,0,1773450001844,True,True
0,1.39401,14.06094,0,0,1773450006723,True,True
0,1.39444,690.39825889,0,0,1773450041841,True,True
0,1.39473,25.52602,0,0,1773450049764,True,True
0,1.39473,8.0,0,0,1773450054500,True,True
0,1.39473,2.32321246,0,0,1773450058750,True,True
0,1.39479,635.74890483,0,0,1773450058750,True,True
0,1.39484,6400.85275271,0,0,1773450058750,True,True
0,1.39482,337.5,0,0,1773450059740,True,True
0,1.39484,334.30031,0,0,1773450059740,True,True
0,1.39458,48.53705,0,0,1773450064023,True,True
0,1.39434,7.02871,0,0,1773450066453,True,True
0,1.39452,69.60467,0,0,1773450078965,True,True
0,1.39459,70.29967,0,0,1773450098522,True,True
0,1.39463,13.91894,0,0,1773450120138,True,True
0,1.39474,70.47543,0,0,1773450126719,True,True
0,1.39511,25.0,0,0,1773450133053,True,True
0,1.39501,34.88276,0,0,1773450137359,True,True
0,1.39501,7.06212,0,0,1773450138018,True,True
0,1.395,216.91260415,0,0,1773450146351,False,True
0,1.39501,69.76552,0,0,1773450151085,True,True
0,1.39501,13.25545,0,0,1773450153421,True,True
0,1.39518,336.82542177,0,0,1773450157228,False,True
0,1.39563,78.73128,0,0,1773450191605,True,True
0,1.39569,7.02458,0,0,1773450193387,True,True
0,1.39568,44.53422,0,0,1773450195126,True,True
0,1.39558,92.645649,0,0,1773450234879,False,True
0,1.39607,13.04572,0,0,1773450261655,False,True
0,1.39575,104.05648,0,0,1773450281529,True,True
0,1.39552,14.0,0,0,1773450308119,False,True
0,1.39553,2.29561528,0,0,1773450310105,True,True
0,1.39553,33.44616,0,0,1773450316144,True,True
0,1.39527,2.61844528,0,0,1773450333637,True,True
0,1.39529,139.47905,0,0,1773450336382,True,True
0,1.39529,174.67181,0,0,1773450340595,True,True
0,1.39548,13.91644,0,0,1773450346341,True,True
0,1.39557,19.87363,0,0,1773450366617,True,True
0,1.39551,17.34921,0,0,1773450388233,True,True
0,1.39561,13.41264,0,0,1773450392974,True,True
0,1.3956,88.0,0,0,1773450394173,False,True
0,1.39561,200.0,0,0,1773450403269,True,True
0,1.39542,63.96471,0,0,1773450432384,True,True
0,1.39557,174.36256,0,0,1773450440972,True,True
0,1.39564,28.13181,0,0,1773450453864,True,True
0,1.39589,191.28805,0,0,1773450514649,True,True
0,1.39596,50.0,0,0,1773450531733,True,True
0,1.39596,47.0,0,0,1773450535617,True,True
0,1.39646,25.0,0,0,1773450580666,True,True
0,1.39631,13.96471,0,0,1773450592831,False,True
0,1.39656,69.52691,0,0,1773450610172,True,True
0,1.39651,1971.01854312,0,0,1773450613746,False,True
0,1.39657,14.21971,0,0,1773450621173,True,True
0,1.39657,351.41595,0,0,1773450626555,True,True
0,1.39657,1134.36434,0,0,1773450628122,True,True
0,1.39661,2380.85398,0,0,1773450628122,True,True
0,1.39619,1.65,0,0,1773450638965,False,True
0,1.39621,33.19291,0,0,1773450645927,True,True
0,1.39624,16.36411,0,0,1773450658641,True,True
0,1.39578,1586.92224,0,0,1773450662901,True,True
0,1.39581,1445.61654439,0,0,1773450662901,True,True
0,1.39578,472.17456899,0,0,1773450673700,True,True
0,1.39577,10.0,0,0,1773450687682,False,True
0,1.39577,140.0,0,0,1773450690118,False,True
0,1.39568,143.29932362,0,0,1773450691604,False,True
0,1.39568,179.12415453,0,0,1773450691604,False,True
0,1.39517,6.94192,0,0,1773450707514,True,True
0,1.39501,7.25999,0,0,1773450712124,False,True
0,1.39472,14.12292,0,0,1773450713956,True,True
0,1.39469,10.0,0,0,1773450718847,False,True
0,1.39472,39.93,0,0,1773450720362,False,True
0,1.39514,2.53145,0,0,1773450759908,True,True
0,1.39514,172.94858861,0,0,1773450767277,True,True
0,1.39514,141.93543,0,0,1773450786074,True,True
0,1.39502,3.56635,0,0,1773450795040,True,True
0,1.39502,34.87951,0,0,1773450795650,True,True
0,1.39497,111.28019415,0,0,1773450809547,True,True
0,1.39497,23.07997585,0,0,1773450809547,True,True
0,1.39464,71.69126872,0,0,1773450813929,True,True
0,1.39471,14.12656,0,0,1773450824883,True,True
0,1.39471,28.53711,0,0,1773450830614,True,True
0,1.39489,66.82671,0,0,1773450841000,True,True
0,1.39492,223.45182,0,0,1773450843248,True,True
0,1.39498,60.48718,0,0,1773450857754,False,True
0,1.39514,14.05661,0,0,1773450861613,True,True
0,1.39514,50.0,0,0,1773450863487,True,True
0,1.39547,14.79788,0,0,1773450869160,False,True
0,1.39568,105.66692,0,0,1773450873438,True,True
0,1.39584,35.03651,0,0,1773450881115,True,True
0,1.39584,7.5,0,0,1773450890207,True,True
0,1.39568,64.14019,0,0,1773450892873,False,True
0,1.39584,35.03249,0,0,1773450898673,True,True
0,1.39597,7.0,0,0,1773450904268,False,True
0,1.39606,14.1846,0,0,1773450918882,True,True
0,1.39601,8.25466,0,0,1773450920309,False,True
0,1.39612,207.2362,0,0,1773450928094,True,True
0,1.39612,7.09169,0,0,1773450930125,True,True
0,1.39601,36.62223,0,0,1773450942603,False,True
0,1.39609,10.40565,0,0,1773450945877,True,True
0,1.39609,21.27689,0,0,1773450947632,True,True
0,1.39609,19.86835,0,0,1773450949506,True,True
0,1.39604,776.22077648,0,0,1773450963620,False,True
0,1.39602,28.25,0,0,1773450973680,False,True
0,1.39611,347.71922,0,0,1773450976540,True,True
0,1.39555,16.72049,0,0,1773450999986,True,True
0,1.39552,36.0,0,0,1773451004690,False,True
0,1.39555,7.02513,0,0,1773451004741,True,True
0,1.39564,14.04976,0,0,1773451017464,True,True
0,1.39567,337.5,0,0,1773451020470,True,True
0,1.39578,370.89536305,0,0,1773451020470,True,True
0,1.39581,615.09108972,0,0,1773451020470,True,True
0,1.39582,7.51354723,0,0,1773451020470,True,True
0,1.39553,104.34716,0,0,1773451038615,True,True
0,1.39552,13.93946,0,0,1773451050574,False,True
0,1.39567,13.34363424,0,0,1773451059629,True,True
0,1.39567,120.14647576,0,0,1773451059629,True,True
0,1.39564,337.5,0,0,1773451060977,True,True
0,1.39568,648.5,0,0,1773451060977,True,True
0,1.3961,8.05142893,0,0,1773451088125,True,True
0,1.39638,2.35556107,0,0,1773451088125,True,True
0,1.3962,13.21731,0,0,1773451109603,True,True
0,1.39643,7.05615,0,0,1773451142549,True,True
0,1.39643,2.00496981,0,0,1773451143212,True,True
0,1.39644,650.0,0,0,1773451152085,True,True
0,1.39653,1440.0,0,0,1773451182424,True,True
0,1.39653,1331.0,0,0,1773451184548,True,True
0,1.39653,13.86883,0,0,1773451184838,True,True
0,1.39662,1331.0,0,0,1773451198167,True,True
0,1.3966,337.5,0,0,1773451210176,True,True
0,1.39664,0.70279,0,0,1773451216606,True,True
0,1.39674,1360.0,0,0,1773451221201,True,True
0,1.39715,34.8423,0,0,1773451225484,True,True
0,1.39703,133.4146,0,0,1773451229474,True,True
0,1.39693,35.26356,0,0,1773451238893,True,True
0,1.39707,3.46629,0,0,1773451249981,True,True
0,1.39707,346.67816,0,0,1773451249987,True,True
0,1.39743,7.01563,0,0,1773451278173,True,True
0,1.39742,10.60816,0,0,1773451279854,False,True
0,1.39743,1240.0,0,0,1773451280500,True,True
0,1.39744,21.01126,0,0,1773451282134,True,True
0,1.39744,1295.28612303,0,0,1773451287930,True,True
0,1.39799,12.11643428,0,0,1773451306512,True,True
0,1.39794,1600.0,0,0,1773451403930,True,True
0,1.39837,8.66964615,0,0,1773451424692,True,True
0,1.39842,7.01162,0,0,1773451451597,True,True
0,1.39842,3.50536,0,0,1773451452033,True,True
0,1.39815,13.32293,0,0,1773451474653,True,True
0,1.39802,9.0,0,0,1773451483141,False,True
0,1.39767,550.0,0,0,1773451524277,True,True
0,1.39803,133.66154,0,0,1773451535924,True,True
0,1.39826,7.01187,0,0,1773451543653,True,True
0,1.39802,998.27433,0,0,1773451575927,False,True
0,1.39802,82.341716,0,0,1773451577812,False,True
0,1.39819,50.0,0,0,1773451579818,True,True
0,1.39824,21.03515,0,0,1773451631507,True,True
0,1.39811,14.02323,0,0,1773451636130,True,True
0,1.39808,337.5,0,0,1773451653969,True,True
0,1.39811,12.25614,0,0,1773451653969,True,True
0,1.39812,133.25238,0,0,1773451659661,True,True
0,1.39817,1357.07245,0,0,1773451661738,True,True
0,1.39804,1980.0,0,0,1773451676875,True,True
0,1.39804,16.4929,0,0,1773451689328,True,True
0,1.39804,6.68637,0,0,1773451695313,True,True
0,1.39804,7.11728,0,0,1773451713118,True,True
0,1.39803,1.83724,0,0,1773451724861,False,True
0,1.39804,1500.0,0,0,1773451740394,True,True
0,1.39805,14.02524,0,0,1773451742738,True,True
0,1.39803,3.0,0,0,1773451747355,False,True
0,1.39809,7.01262,0,0,1773451771466,True,True
0,1.39804,1.4955223,0,0,1773451801210,True,True
0,1.39804,34.80716,0,0,1773451847772,True,True
0,1.39804,59.6809,0,0,1773451848669,True,True
0,1.39804,143.05742325,0,0,1773451858111,True,True
0,1.39863,35.05031,0,0,1773451873046,True,True
0,1.39867,53.0,0,0,1773451881406,False,True
0,1.39861,29.33821372,0,0,1773451887312,False,True
0,1.39853,337.5,0,0,1773451893316,False,True
0,1.39852,14.82887478,0,0,1773451897849,False,True
0,1.39845,200.0,0,0,1773451903025,True,True
0,1.39847,6.50512,0,0,1773451945196,True,True
0,1.39847,34.62374,0,0,1773452003660,True,True
0,1.39832,2000.0,0,0,1773452016332,False,True
0,1.39803,31.6569697,0,0,1773452019341,False,True
0,1.39803,31.6569697,0,0,1773452019341,False,True
0,1.39803,35.04931939,0,0,1773452019341,False,True
0,1.39803,600.0,0,0,1773452019341,False,True
0,1.39803,70.81393103,0,0,1773452019341,False,True
0,1.398,1.65,0,0,1773452019341,False,True
0,1.39763,17.61237,0,0,1773452023599,True,True
0,1.39762,286.376,0,0,1773452025636,False,True
0,1.39762,1713.624,0,0,1773452025660,False,True
0,1.3972,20.12393617,0,0,1773452025987,False,True
0,1.39663,13.2306,0,0,1773452029880,True,True
0,1.39657,436.26162772,0,0,1773452032456,True,True
0,1.3967,563.73837228,0,0,1773452032456,True,True
0,1.39682,2000.0,0,0,1773452070961,False,True
0,1.39688,98.94283,0,0,1773452118256,True,True
0,1.39663,1626.98066774,0,0,1773452136088,False,True
0,1.39648,1.65,0,0,1773452136650,False,True
0,1.39609,14.21023321,0,0,1773452168097,False,True
0,1.39624,1331.0,0,0,1773452169064,True,True
0,1.39624,565.80530568,0,0,1773452176200,True,True
0,1.39623,1331.0,0,0,1773452180372,True,True
0,1.39621,16.55602,0,0,1773452181925,True,True
0,1.39621,618.35139875,0,0,1773452192404,True,True
0,1.39621,400.0,0,0,1773452192404,True,True
0,1.39622,294.64860125,0,0,1773452192404,True,True
0,1.39633,20.0,0,0,1773452199611,False,True
0,1.39632,2000.0,0,0,1773452210558,False,True
0,1.3963,731.0,0,0,1773452210558,False,True
0,1.3962,179.05744163,0,0,1773452210558,False,True
0,1.396,1.65,0,0,1773452210568,False,True
0,1.39553,15.377869,0,0,1773452217514,True,True
0,1.39554,1331.0,0,0,1773452220236,True,True
0,1.39563,1335.0,0,0,1773452230659,True,True
0,1.39553,73.04772,0,0,1773452231752,True,True
0,1.39553,1.30998359,0,0,1773452232854,True,True
0,1.39553,950.0,0,0,1773452234256,True,True
0,1.39553,6.96698,0,0,1773452235515,True,True
0,1.39553,2551.54347402,0,0,1773452242678,True,True
0,1.39553,17.63963774,0,0,1773452242678,True,True
0,1.39553,226.2,0,0,1773452242678,True,True
0,1.39553,337.5,0,0,1773452242678,True,True
0,1.39553,182.11688824,0,0,1773452242678,True,True
0,1.39553,3315.0,0,0,1773452251285,True,True
0,1.39553,3315.0,0,0,1773452260243,True,True
0,1.39552,17.91446915,0,0,1773452263497,False,True
0,1.39473,71.84186187,0,0,1773452265553,True,True
0,1.39472,3331.0,0,0,1773452270462,True,True
0,1.39472,3331.0,0,0,1773452278980,True,True
0,1.3945,1.65,0,0,1773452282312,False,True
0,1.394,17.93400287,0,0,1773452283543,False,True
0,1.39344,1335.0,0,0,1773452301652,True,True
0,1.39369,6.52851,0,0,1773452303419,True,True
0,1.39352,2000.0,0,0,1773452307180,False,True
0,1.39334,1335.0,0,0,1773452310060,True,True
0,1.39301,1335.0,0,0,1773452317859,True,True
0,1.39304,5.22699893,0,0,1773452321087,True,True
0,1.39338,1335.0,0,0,1773452325409,True,True
0,1.39344,14.03824,0,0,1773452331139,True,True
0,1.39344,1335.0,0,0,1773452332996,True,True
0,1.39387,15.28625,0,0,1773452337305,True,True
0,1.39389,1335.0,0,0,1773452338835,True,True
0,1.39394,1097.9729376,0,0,1773452342422,True,True
0,1.39394,402.0270624,0,0,1773452342424,True,True
0,1.39402,526.82427159,0,0,1773452342439,True,True
0,1.39408,4000.0,0,0,1773452342474,True,True
0,1.39404,1500.0,0,0,1773452342611,True,True
0,1.39431,71.60246312,0,0,1773452342723,True,True
0,1.39441,13.20669,0,0,1773452342903,True,True
0,1.39514,1335.0,0,0,1773452347088,True,True
0,1.39514,160.0,0,0,1773452348172,True,True
0,1.39562,17.76357,0,0,1773452354883,True,True
0,1.39564,1500.0,0,0,1773452356004,True,True
0,1.39564,198.93604023,0,0,1773452356004,True,True
0,1.39565,1416.06395977,0,0,1773452356004,True,True
0,1.39573,3115.0,0,0,1773452362905,True,True
0,1.39615,100.0,0,0,1773452367063,False,True
0,1.39641,337.5,0,0,1773452368774,True,True
0,1.39644,28.66928333,0,0,1773452368774,True,True
0,1.39644,395.12124268,0,0,1773452368778,True,True
0,1.39644,658.53540445,0,0,1773452368783,True,True
0,1.39644,197.56062133,0,0,1773452368783,True,True
0,1.39644,87.49925149,0,0,1773452368793,True,True
0,1.39644,132.61419672,0,0,1773452368798,True,True
0,1.39668,30.57403367,0,0,1773452368798,True,True
0,1.39668,253.8656928,0,0,1773452368830,True,True
0,1.39668,53.06027353,0,0,1773452368830,True,True
0,1.39644,1500.0,0,0,1773452368923,True,True
0,1.39681,1035.30789547,0,0,1773452369265,True,True
0,1.39666,140.37737,0,0,1773452376508,False,True
0,1.39696,7.08819,0,0,1773452384664,True,True
0,1.39662,2000.0,0,0,1773452391502,False,True
0,1.39652,518.90051903,0,0,1773452406670,False,True
0,1.39664,1335.0,0,0,1773452435283,True,True
0,1.39653,1000.0,0,0,1773452437190,True,True
0,1.39692,7.42234217,0,0,1773452453351,False,True
0,1.39717,142.9422359,0,0,1773452475089,False,True
0,1.39871,6.94662,0,0,1773452495099,True,True
0,1.39887,20.0,0,0,1773452498759,False,True
0,1.39869,25783.0,0,0,1773452501590,True,True
0,1.39869,195.89736085,0,0,1773452501590,True,True
0,1.39876,3574.60707922,0,0,1773452501590,True,True
0,1.39881,7148.93373653,0,0,1773452501590,True,True
0,1.39885,337.5,0,0,1773452501590,True,True
0,1.39894,647.24459225,0,0,1773452501590,True,True
0,1.399,337.5,0,0,1773452501590,True,True
0,1.39913,6249.17491457,0,0,1773452501590,True,True
0,1.39914,27209.87165625,0,0,1773452501590,True,True
0,1.39875,18.75078,0,0,1773452503610,True,True
0,1.39809,220.26981436,0,0,1773452536479,True,True
0,1.3981,126.04833564,0,0,1773452536479,True,True
0,1.39814,46.66275,0,0,1773452561711,True,True
0,1.39814,43.31877,0,0,1773452561945,True,True
0,1.39814,99.82975,0,0,1773452564419,True,True
0,1.3985,7.01212,0,0,1773452566550,True,True
0,1.3985,6.56871,0,0,1773452567481,True,True
0,1.39854,1.74493,0,0,1773452572314,True,True
0,1.39809,214.5144628,0,0,1773452586004,True,True
0,1.3981,1573.65216571,0,0,1773452586004,True,True
0,1.39792,16.29167214,0,0,1773452594849,False,True
0,1.3978,23.7875,0,0,1773452620003,True,True
0,1.39791,20.0,0,0,1773452635043,False,True
0,1.39791,268.58425003,0,0,1773452636902,False,True
0,1.39804,168.27240252,0,0,1773452641956,True,True
0,1.39863,14.09433,0,0,1773452644060,True,True
0,1.39822,7.04414,0,0,1773452653149,True,True
0,1.39874,9.81275,0,0,1773452670407,True,True
0,1.39874,6.97749403,0,0,1773452670449,True,True
0,1.39855,1513.15348048,0,0,1773452676185,False,True
0,1.39839,20.0,0,0,1773452685605,False,True
0,1.39833,375.0,0,0,1773452703584,False,True
0,1.39849,15.0,0,0,1773452712651,True,True
0,1.39843,3.0,0,0,1773452735671,False,True
0,1.39926,173.08653,0,0,1773452750968,True,True
0,1.39916,31.2312,0,0,1773452754183,True,True
0,1.39887,337.5,0,0,1773452760176,False,True
0,1.39887,162.5,0,0,1773452760176,False,True
0,1.39905,17.81923448,0,0,1773452762256,True,True
0,1.3989,166.0,0,0,1773452784144,True,True
0,1.39893,14.01652,0,0,1773452787807,True,True
0,1.39882,3.0,0,0,1773452791088,False,True
0,1.39882,501.0,0,0,1773452799064,False,True
0,1.39885,4.20513,0,0,1773452800595,True,True
0,1.39884,17.35128,0,0,1773452815061,True,True
0,1.39951,14.01712,0,0,1773452832105,True,True
0,1.39917,50.0,0,0,1773452852424,False,True
0,1.39925,4.44913,0,0,1773452856063,True,True
0,1.39911,6.51918,0,0,1773452867799,True,True
0,1.39979,116.43758307,0,0,1773452901922,False,True
0,1.39996,35.01401,0,0,1773452922046,True,True
0,1.4,19.84814,0,0,1773452925740,True,True
0,1.39996,133.09055,0,0,1773452935768,True,True
0,1.39994,10.7152807,0,0,1773452954753,True,True
0,1.39994,16.5125,0,0,1773452960139,True,True
0,1.39994,2.13646,0,0,1773452969629,True,True
0,1.39986,551.36575452,0,0,1773452972428,False,True
0,1.39971,1468.74560548,0,0,1773452972428,False,True
0,1.39994,7.07279,0,0,1773452974562,True,True
0,1.39994,70.72439,0,0,1773452984007,True,True
0,1.39994,17.17052159,0,0,1773453018925,True,True
0,1.39993,77.05385269,0,0,1773453020192,False,True
0,1.39993,10.0,0,0,1773453020192,False,True
0,1.39972,177.44019731,0,0,1773453020192,False,True
0,1.39994,7.16397,0,0,1773453037006,True,True
0,1.4,29.0,0,0,1773453052179,True,True
0,1.4,66.65471,0,0,1773453057003,True,True
0,1.39988,272.72833307,0,0,1773453065934,False,True
0,1.39958,149.33891069,0,0,1773453066757,False,True
0,1.4,33.19695,0,0,1773453070227,True,True
0,1.39999,76.3311,0,0,1773453091553,False,True
0,1.4,137.01448571,0,0,1773453093361,True,True
0,1.4,37.5,0,0,1773453093361,True,True
0,1.4003,123.13794,0,0,1773453095777,True,True
0,1.4003,146.5018934,0,0,1773453101628,True,True
0,1.40045,100.0,0,0,1773453112644,True,True
0,1.40047,28.99679,0,0,1773453123033,True,True
0,1.40043,195.33791,0,0,1773453125407,True,True
0,1.40023,141.08072,0,0,1773453129644,True,True
0,1.40026,1.63378957,0,0,1773453131679,False,True
0,1.40041,12.60117,0,0,1773453142700,True,True
0,1.40024,50.40541,0,0,1773453145988,True,True
0,1.40045,5.73793,0,0,1773453157602,True,True
0,1.40046,202.296749,0,0,1773453182618,True,True
0,1.40056,103.9609795,0,0,1773453189201,True,True
0,1.40057,71.0352505,0,0,1773453189201,True,True
0,1.40058,423.5,0,0,1773453201641,False,True
0,1.40031,13.91053,0,0,1773453207314,False,True
0,1.40032,190.20988858,0,0,1773453269081,True,True
0,1.40032,1486.66835722,0,0,1773453269081,True,True
0,1.40032,500.13457709,0,0,1773453269096,True,True
0,1.40032,114.51492739,0,0,1773453269103,True,True
0,1.40054,92.570869,0,0,1773453273133,True,True
0,1.40055,282.429131,0,0,1773453273133,True,True
0,1.40055,69.50097,0,0,1773453274850,True,True
0,1.40046,337.5,0,0,1773453284866,True,True
0,1.4005,1724.250625,0,0,1773453284866,True,True
0,1.40082,16.78673,0,0,1773453303274,True,True
0,1.40081,1.01596,0,0,1773453314701,True,True
0,1.40072,22.0,0,0,1773453320326,False,True
0,1.40082,50.0,0,0,1773453340053,True,True
0,1.40072,53.54389171,0,0,1773453374981,False,True
0,1.40071,1129.47722628,0,0,1773453374981,False,True
0,1.40071,870.52277372,0,0,1773453374982,False,True
0,1.40033,70.3574,0,0,1773453376862,True,True
0,1.40006,13.924725,0,0,1773453382444,False,True
0,1.40035,35.0085,0,0,1773453389821,True,True
0,1.40048,3.29014,0,0,1773453402545,True,True
0,1.40048,107.92648,0,0,1773453406041,True,True
0,1.40048,66.35166,0,0,1773453409561,True,True
0,1.4008,6.16617,0,0,1773453452291,True,True
0,1.40076,63.87752,0,0,1773453459065,True,True
0,1.40076,1318.14304,0,0,1773453477544,True,True
0,1.40082,401.87087252,0,0,1773453509980,True,True
0,1.40082,363.09798589,0,0,1773453509982,True,True
0,1.40082,156.07520538,0,0,1773453509988,True,True
0,1.401,13.29583,0,0,1773453513071,True,True
0,1.40099,56.27465,0,0,1773453516454,False,True
0,1.40064,13.89692,0,0,1773453542168,True,True
0,1.40064,14.53628,0,0,1773453550497,True,True
0,1.40063,71.75342525,0,0,1773453550620,False,True
0,1.40048,7471.6,0,0,1773453550620,False,True
0,1.40042,3570.33494594,0,0,1773453550620,False,True
0,1.40032,2000.0,0,0,1773453550620,False,True
0,1.40029,337.5,0,0,1773453550620,False,True
0,1.40029,2256.02909523,0,0,1773453550620,False,True
0,1.40047,2.819125,0,0,1773453581407,True,True
0,1.40031,10.08729,0,0,1773453597413,False,True
0,1.40046,24.50175,0,0,1773453600177,True,True
0,1.40046,8.92281,0,0,1773453600203,True,True
0,1.40001,17.76247,0,0,1773453606192,True,True
0,1.40001,14.00699,0,0,1773453607601,True,True
0,1.4,30.09587787,0,0,1773453608965,False,True
0,1.4,1233.54240807,0,0,1773453609439,False,True
0,1.4,2136.36171406,0,0,1773453609478,False,True
0,1.39994,13.30684,0,0,1773453619514,True,True
0,1.39993,6.93511,0,0,1773453626362,True,True
0,1.40023,2.17360565,0,0,1773453642217,True,True
0,1.40064,13.99193,0,0,1773453663037,True,True
0,1.401,1.65,0,0,1773453691874,True,True
0,1.401,1.65,0,0,1773453691876,True,True
0,1.401,20.84017,0,0,1773453704742,True,True
0,1.40094,1.8055352,0,0,1773453711536,True,True
0,1.401,13.95898,0,0,1773453721812,True,True
0,1.401,1.65,0,0,1773453731650,True,True
0,1.401,1.65,0,0,1773453741574,True,True
0,1.401,347.33619,0,0,1773453744961,True,True
0,1.40093,8.473115,0,0,1773453755860,True,True
0,1.40092,17.49451,0,0,1773453756660,True,True
0,1.40092,38.701144,0,0,1773453756837,True,True
0,1.40092,28.642816,0,0,1773453756837,True,True
0,1.40094,34.7356,0,0,1773453758571,True,True
0,1.40091,5.45311,0,0,1773453762888,False,True
0,1.4007,265.0,0,0,1773453790833,False,True
0,1.40076,10.37037,0,0,1773453799130,True,True
0,1.40077,265.0,0,0,1773453809001,False,True
0,1.40095,1500.0,0,0,1773453826914,True,True
0,1.40095,337.5,0,0,1773453826914,True,True
0,1.401,4710.87972178,0,0,1773453826914,True,True
0,1.40101,364.86516822,0,0,1773453826914,True,True
0,1.40105,138.59231,0,0,1773453855170,True,True
0,1.40105,332.50745,0,0,1773453858459,True,True
0,1.40105,38.11289,0,0,1773453871845,True,True
0,1.40105,175.80185,0,0,1773453877359,True,True
0,1.40149,14.41159,0,0,1773453900104,True,True
0,1.40155,227.393337,0,0,1773453905328,True,True
0,1.40171,6.8606717,0,0,1773453908709,True,True
0,1.40177,35.48768,0,0,1773453917023,True,True
0,1.40138,13.29535,0,0,1773453926721,True,True
0,1.40117,2.71851739,0,0,1773453927737,False,True
0,1.40143,67.32618,0,0,1773453935155,True,True
0,1.40141,337.5,0,0,1773453936402,True,True
0,1.40142,2399.25177,0,0,1773453936402,True,True
0,1.40228,7.06064,0,0,1773453953032,True,True
0,1.40227,30.0,0,0,1773453969125,False,True
0,1.40235,33.06107,0,0,1773453970837,True,True
0,1.40218,6.99107,0,0,1773453984471,True,True
0,1.4022,12.53769,0,0,1773454006313,False,True
0,1.40232,65.0,0,0,1773454007530,True,True
0,1.40235,2.0,0,0,1773454028309,True,True
0,1.40235,10.53826,0,0,1773454034263,True,True
0,1.40235,333.00702,0,0,1773454044600,True,True
0,1.40235,69.91066,0,0,1773454093810,True,True
0,1.40235,416.41703,0,0,1773454098673,True,True
0,1.40235,7.0255,0,0,1773454106190,True,True
0,1.40235,3.47002,0,0,1773454149796,True,True
0,1.40234,34.94159761,0,0,1773454163674,False,True
0,1.40229,71.31192549,0,0,1773454163674,False,True
0,1.4018,70.08243,0,0,1773454164371,True,True
0,1.40174,20.0,0,0,1773454172850,False,True
0,1.40166,4.33915,0,0,1773454198395,False,True
0,1.40159,958.46183915,0,0,1773454232196,False,True
0,1.4018,258.3567465,0,0,1773454249845,True,True
0,1.4018,337.5,0,0,1773454249845,True,True
0,1.40181,104.1432535,0,0,1773454249845,True,True
0,1.40158,337.5,0,0,1773454269671,True,True
0,1.4016,2624.96200771,0,0,1773454269671,True,True
0,1.40163,107.03966097,0,0,1773454274397,True,True
0,1.40164,3.73044241,0,0,1773454275729,True,True
0,1.40152,337.5,0,0,1773454278146,True,True
0,1.40155,217.50311,0,0,1773454278146,True,True
0,1.40155,736.96978345,0,0,1773454278210,True,True
0,1.40154,93.9574,0,0,1773454280274,True,True
0,1.40155,91.58643,0,0,1773454288757,True,True
0,1.40155,10.0,0,0,1773454294664,True,True
0,1.40155,3.472,0,0,1773454311394,True,True
0,1.40155,33.56761,0,0,1773454316162,True,True
0,1.40185,12.84017548,0,0,1773454344370,True,True
0,1.40185,714.39673432,0,0,1773454358011,True,True
0,1.40185,249.07250769,0,0,1773454358022,True,True
0,1.40185,131.72323862,0,0,1773454358087,True,True
0,1.40185,211.9590017,0,0,1773454358089,True,True
0,1.40185,131.72323863,0,0,1773454358089,True,True
0,1.40255,1006.24903,0,0,1773454359140,False,True
0,1.40254,34.71256,0,0,1773454369819,True,True
0,1.40232,2.20884,0,0,1773454372964,False,True
0,1.40232,10.0,0,0,1773454375413,False,True
0,1.4025,1.7,0,0,1773454408780,False,True
0,1.40231,5.5267,0,0,1773454412653,False,True
0,1.40225,759.75753254,0,0,1773454461516,True,True
0,1.40191,100.78687,0,0,1773454477038,True,True
0,1.40182,1.39874,0,0,1773454484033,True,True
0,1.40207,14.26462302,0,0,1773454490190,True,True
0,1.40201,13.85063,0,0,1773454491337,True,True
0,1.40181,561.12527904,0,0,1773454504283,False,True
0,1.40181,1438.87472096,0,0,1773454504291,False,True
0,1.40155,279.80226,0,0,1773454512314,True,True
0,1.40154,3.53896428,0,0,1773454512479,False,True
0,1.40152,1424.53508571,0,0,1773454512479,False,True
0,1.40155,1.55861,0,0,1773454524936,True,True
0,1.40154,78.94173551,0,0,1773454531960,True,True
0,1.40141,32.0,0,0,1773454534503,False,True
0,1.40155,0.69951,0,0,1773454550036,True,True
0,1.4018,34.63572,0,0,1773454562992,True,True
0,1.4018,27.98023,0,0,1773454564243,True,True
0,1.4018,35.31527,0,0,1773454566023,True,True
0,1.4018,33.47936,0,0,1773454575979,True,True
0,1.4018,6.92591,0,0,1773454585630,True,True
0,1.40174,33.0657328,0,0,1773454600705,False,True
0,1.4018,10.0,0,0,1773454621211,True,True
0,1.40183,155.0,0,0,1773454624064,True,True
0,1.40174,6.78628,0,0,1773454632043,False,True
0,1.40193,10.0,0,0,1773454638705,True,True
0,1.40169,353.49679,0,0,1773454666516,False,True
0,1.4018,7.06311,0,0,1773454675681,True,True
0,1.4018,7.06305,0,0,1773454687561,True,True
0,1.4018,41.55545,0,0,1773454689593,True,True
0,1.4018,294.3183901,0,0,1773454689800,True,True
0,1.40216,34.7138,0,0,1773454695181,True,True
0,1.4022,42.06596,0,0,1773454696918,True,True
0,1.40221,332.23238,0,0,1773454715274,True,True
0,1.40221,139.83429,0,0,1773454728301,True,True
0,1.40212,559.32566,0,0,1773454733779,True,True
0,1.40222,6.48763,0,0,1773454743610,True,True
0,1.40228,17.47929,0,0,1773454757086,True,True
0,1.40213,10.7152807,0,0,1773454762088,False,True
0,1.40228,3.49571,0,0,1773454781033,True,True
0,1.40228,3.5656,0,0,1773454784616,True,True
0,1.40228,27.62709,0,0,1773454788353,True,True
0,1.40211,36.08312,0,0,1773454790104,False,True
0,1.40228,6.55096,0,0,1773454793420,True,True
0,1.40148,69.95406,0,0,1773454813859,True,True
0,1.40148,7.09982,0,0,1773454815561,True,True
0,1.40096,19.91491548,0,0,1773454848998,True,True
0,1.40096,69.98002,0,0,1773454856596,True,True
0,1.40094,0.69301,0,0,1773454860755,True,True
0,1.40065,142.75572126,0,0,1773454862190,True,True
0,1.40061,156.16053005,0,0,1773454874122,True,True
0,1.40061,103.70662,0,0,1773454875999,True,True
0,1.40065,6.99975,0,0,1773454891230,True,True
0,1.40095,71.3230308,0,0,1773454908078,True,True
0,1.40134,10.3916,0,0,1773454920172,True,True
0,1.40137,6.99576,0,0,1773454931861,True,True
0,1.40121,1.02987,0,0,1773454946425,True,True
0,1.40124,35.06797,0,0,1773454950569,True,True
0,1.40123,3.6610692,0,0,1773454956205,True,True
0,1.40115,1.21555,0,0,1773454961889,True,True
0,1.40077,7.03343,0,0,1773454999508,True,True
0,1.40077,142.67268745,0,0,1773455004428,True,True
0,1.40076,1.75837,0,0,1773455043034,True,True
0,1.40075,18.89865,0,0,1773455048060,True,True
0,1.40076,63.0,0,0,1773455055261,True,True
0,1.40076,1.38019,0,0,1773455056460,True,True
0,1.40076,50.05,0,0,1773455072180,True,True
0,1.40076,2.78584482,0,0,1773455073874,True,True
0,1.40076,380.28818,0,0,1773455083709,True,True
0,1.40076,7644.6078886,0,0,1773455096188,True,True
0,1.40073,13.29858,0,0,1773455122622,True,True
0,1.40072,200.20261,0,0,1773455124101,True,True
0,1.40064,2.19869,0,0,1773455145676,True,True
0,1.40064,67.19186,0,0,1773455146885,True,True
0,1.40064,64.90584,0,0,1773455153300,True,True
0,1.40061,71.39746253,0,0,1773455162638,False,True
0,1.40006,13.17012,0,0,1773455165293,True,True
0,1.40007,2.94985,0,0,1773455195911,False,True
0,1.40025,130.621,0,0,1773455206899,True,True
0,1.40024,4.82774382,0,0,1773455219512,True,True
0,1.40024,13.30304,0,0,1773455223602,True,True
0,1.40051,117.2745455,0,0,1773455254850,True,True
0,1.40052,3570.10253334,0,0,1773455254850,True,True
0,1.40054,230.22171333,0,0,1773455254850,True,True
0,1.40059,300.0,0,0,1773455254850,True,True
0,1.4006,5841.84074223,0,0,1773455254850,True,True
0,1.40062,316.7133356,0,0,1773455254850,True,True
0,1.40054,30.928314,0,0,1773455270663,True,True
0,1.40055,122.595576,0,0,1773455270663,True,True
0,1.40051,9.92614,0,0,1773455273048,True,True
0,1.40053,7.28301,0,0,1773455305088,False,True
0,1.40054,46.979305,0,0,1773455315598,True,True
0,1.40055,92.000145,0,0,1773455315598,True,True
0,1.40054,15.495573,0,0,1773455322220,True,True
0,1.40055,1285.404279,0,0,1773455322220,True,True
0,1.40074,41.2891945,0,0,1773455336612,True,True
0,1.40075,28.0321955,0,0,1773455336612,True,True
0,1.40075,6.55835,0,0,1773455338653,True,True
0,1.40075,138.62199,0,0,1773455362381,True,True
0,1.40075,19.42873,0,0,1773455375959,True,True
0,1.40066,354.91222583,0,0,1773455402443,False,True
0,1.40001,0.70028,0,0,1773455406040,True,True
0,1.40001,29.68876,0,0,1773455413117,True,True
0,1.4,3.57142857,0,0,1773455419711,False,True
0,1.39993,10.0,0,0,1773455419711,False,True
0,1.39969,86.42857143,0,0,1773455419711,False,True
0,1.4002,6.04366,0,0,1773455459622,False,True
0,1.40031,3.48354245,0,0,1773455492123,True,True
0,1.40018,6.04366,0,0,1773455500094,True,True
0,1.40021,17.33307,0,0,1773455500960,True,True
0,1.40021,6.2533,0,0,1773455525696,True,True
0,1.4002,3.95634,0,0,1773455551409,False,True
0,1.39989,21.48228,0,0,1773455551409,False,True
0,1.39963,7.46961,0,0,1773455589593,True,True
0,1.40045,34.8449455,0,0,1773455657674,True,True
0,1.40046,35.2014045,0,0,1773455657674,True,True
0,1.40031,7.30195,0,0,1773455689899,False,True
0,1.40051,1016.7014593,0,0,1773455693908,True,True
0,1.40051,34.74577,0,0,1773455698501,True,True
0,1.40051,42.1047,0,0,1773455711877,True,True
0,1.4005,149.1394,0,0,1773455713710,False,True
0,1.4005,7.26526,0,0,1773455721333,False,True
0,1.4005,325.0,0,0,1773455721570,False,True
0,1.40051,70.17451,0,0,1773455728562,True,True
0,1.4005,142.695277,0,0,1773455757627,False,True
0,1.40051,2838.2735457,0,0,1773455765226,True,True
0,1.40075,0.88992,0,0,1773455765243,True,True
0,1.40074,5.32879,0,0,1773455784478,False,True
0,1.40043,34.73982,0,0,1773455793396,True,True
0,1.40062,15.67877083,0,0,1773455794818,True,True
0,1.40068,74.24425,0,0,1773455801372,True,True
0,1.40035,675.65032036,0,0,1773455819163,False,True
0,1.40001,722.06618322,0,0,1773455833698,True,True
0,1.39993,34.76017,0,0,1773455845894,True,True
0,1.39973,609.88944353,0,0,1773455846910,False,True
0,1.39962,406.92319647,0,0,1773455846910,False,True
0,1.39962,159.97535,0,0,1773455852029,False,True
0,1.39912,54.4989886,0,0,1773455925740,True,True
0,1.39912,54.4989886,0,0,1773455925740,True,True
0,1.39924,69.9331,0,0,1773455940752,True,True
0,1.39964,50.76036,0,0,1773455991587,True,True
0,1.39963,145.261232,0,0,1773455993100,True,True
0,1.39964,211.88162514,0,0,1773455993100,True,True
0,1.39954,1.81525817,0,0,1773455993124,False,True
0,1.39923,33.61062,0,0,1773456005904,False,True
0,1.39925,413.68246021,0,0,1773456006542,False,True
0,1.39954,1429.0409706,0,0,1773456020500,True,True
0,1.39954,70.9590294,0,0,1773456021774,True,True
0,1.39964,236.2601806,0,0,1773456021774,True,True
0,1.39964,6.9361,0,0,1773456052470,True,True
0,1.39964,23.86189,0,0,1773456065258,True,True
0,1.39964,5.0,0,0,1773456111235,True,True
0,1.39933,337.5,0,0,1773456120758,True,True
0,1.39933,512.5,0,0,1773456120758,True,True
0,1.39932,337.5,0,0,1773456120908,True,True
0,1.39932,1000.0,0,0,1773456120908,True,True
0,1.39933,127.02202028,0,0,1773456120908,True,True
0,1.39939,2421.47797972,0,0,1773456120908,True,True
0,1.39912,502.0,0,0,1773456121038,True,True
0,1.39923,601.76931025,0,0,1773456121215,True,True
0,1.39928,3573.28593032,0,0,1773456121215,True,True
0,1.39933,1928.94475943,0,0,1773456121215,True,True
0,1.39927,5004.8915,0,0,1773456121589,True,True
0,1.39903,125.70841,0,0,1773456124292,False,True
0,1.39914,50.0,0,0,1773456131960,True,True
0,1.39912,7.00665,0,0,1773456137408,True,True
0,1.39914,101.3452,0,0,1773456144586,True,True
0,1.39914,463.62427,0,0,1773456146094,True,True
0,1.39902,120.23552,0,0,1773456168436,True,True
0,1.39911,34.61211,0,0,1773456185956,True,True
0,1.39911,73.29209,0,0,1773456195871,True,True
0,1.39907,12.93978,0,0,1773456210153,True,True
0,1.39911,129.4700375,0,0,1773456213826,True,True
0,1.39914,701.2038225,0,0,1773456213826,True,True
0,1.39914,10.0,0,0,1773456229674,True,True
0,1.39914,70.07105,0,0,1773456309836,True,True
0,1.39914,2.42795,0,0,1773456341353,True,True
0,1.39914,101.3277075,0,0,1773456348852,True,True
0,1.39914,3573.63523607,0,0,1773456348852,True,True
0,1.39926,593.93136643,0,0,1773456348852,True,True
0,1.39913,1.3541272,0,0,1773456360956,True,True
0,1.39913,10.56251,0,0,1773456363386,True,True
0,1.39913,97.38412,0,0,1773456367064,True,True
0,1.39913,16.59294,0,0,1773456370815,True,True
0,1.39913,71.47298678,0,0,1773456372817,True,True
0,1.39912,3.67195,0,0,1773456377689,False,True
0,1.39913,70.07156,0,0,1773456404034,True,True
0,1.39912,296.32805,0,0,1773456418414,False,True
0,1.39908,1429.55370672,0,0,1773456418434,False,True
0,1.39904,57.1820677,0,0,1773456418521,False,True
0,1.39861,3.53958,0,0,1773456427035,True,True
0,1.3986,14.3000143,0,0,1773456453094,False,True
0,1.39839,985.6999857,0,0,1773456453094,False,True
0,1.39861,167.26374,0,0,1773456453201,True,True
0,1.39872,2.76614,0,0,1773456485925,True,True
0,1.39872,92.47486,0,0,1773456523872,True,True
0,1.39867,1.40189,0,0,1773456553034,True,True
0,1.39867,66.46808,0,0,1773456569928,True,True
0,1.39867,5.25,0,0,1773456572613,True,True
0,1.39893,349.11116,0,0,1773456595610,False,True
0,1.39871,0.72930058,0,0,1773456598939,False,True
0,1.39875,5.0,0,0,1773456625524,False,True
0,1.39867,13.91659,0,0,1773456644655,True,True
0,1.39867,3.0,0,0,1773456644803,True,True
0,1.39866,14.97303,0,0,1773456649985,False,True
0,1.39867,25.7457,0,0,1773456672154,True,True
0,1.39867,33.30936,0,0,1773456677776,True,True
0,1.39867,74.99277,0,0,1773456678271,True,True
0,1.39867,6.51992,0,0,1773456685303,True,True
0,1.39867,8.665939,0,0,1773456694889,True,True
0,1.39866,1.46926,0,0,1773456715004,False,True
0,1.39867,35.0473,0,0,1773456762146,True,True
0,1.39867,14.05336,0,0,1773456767763,True,True
0,1.39867,34.79148,0,0,1773456771486,True,True
0,1.39867,34.79148,0,0,1773456772142,True,True
0,1.39867,758.1277399,0,0,1773456784744,True,True
0,1.39867,193.23705721,0,0,1773456784748,True,True
0,1.39866,1413.49779551,0,0,1773456788219,False,True
0,1.39866,481.09948097,0,0,1773456788219,False,True
0,1.39838,7.00946,0,0,1773456788785,True,True
0,1.39838,186.52981,0,0,1773456789160,True,True
0,1.39837,383.16754507,0,0,1773456814185,False,True
0,1.39826,1.65,0,0,1773456814185,False,True
0,1.39804,143.05742325,0,0,1773456814185,False,True
0,1.39794,476.60143675,0,0,1773456814185,False,True
0,1.39798,285.60208489,0,0,1773456828628,True,True
0,1.39814,13.19547,0,0,1773456833043,True,True
0,1.39806,46.44824,0,0,1773456834829,False,True
0,1.39864,210.28831,0,0,1773456862704,True,True
0,1.39864,7.07901,0,0,1773456865213,True,True
0,1.39863,61.12454,0,0,1773456865550,False,True
0,1.39864,50.0,0,0,1773456865983,True,True
0,1.39863,3.13096,0,0,1773456873695,False,True
0,1.39904,17.30692,0,0,1773456890592,True,True
0,1.39853,6.48663,0,0,1773456895987,True,True
0,1.39853,69.95377,0,0,1773456897460,True,True
0,1.39874,346.13842,0,0,1773456901695,True,True
0,1.39857,2450.47439,0,0,1773456907996,True,True
0,1.39857,1163.2452,0,0,1773456910081,True,True
0,1.39859,7150.05827297,0,0,1773456910081,True,True
0,1.39861,380.373541,0,0,1773456910081,True,True
0,1.39864,891.45013164,0,0,1773456910081,True,True
0,1.39854,20.97742,0,0,1773456915448,True,True
0,1.39877,856.18880212,0,0,1773456923366,True,True
0,1.39877,92.58205572,0,0,1773456923382,True,True
0,1.39877,231.96240752,0,0,1773456923386,True,True
0,1.39877,108.98486408,0,0,1773456923386,True,True
0,1.39877,229.87830258,0,0,1773456923387,True,True
0,1.39877,329.28926062,0,0,1773456923388,True,True
0,1.39877,1725.68816712,0,0,1773456923411,True,True
0,1.39883,337.99532054,0,0,1773456923438,True,True
0,1.39883,260.3069625,0,0,1773456923440,True,True
0,1.39901,506.67159155,0,0,1773456923612,True,True
0,1.39913,6450.07336876,0,0,1773456923612,True,True
0,1.39913,964.70344472,0,0,1773456923612,True,True
0,1.39962,15.0,0,0,1773456928461,False,True
0,1.39983,17.77084,0,0,1773456945783,True,True
0,1.39993,13.83654,0,0,1773456955571,True,True
0,1.39993,36.58040045,0,0,1773456956717,True,True
0,1.40044,0.86462,0,0,1773456976877,True,True
0,1.40014,86.1727,0,0,1773456989143,True,True
0,1.40013,23.68097809,0,0,1773456993235,True,True
0,1.40013,328.23380686,0,0,1773456993651,True,True
0,1.39926,15.0,0,0,1773457015928,True,True
0,1.39914,8.6802231,0,0,1773457020245,False,True
0,1.39904,0.69228,0,0,1773457029937,True,True
0,1.3989,50.16573,0,0,1773457038727,True,True
0,1.39857,337.5,0,0,1773457047253,False,True
0,1.39851,34.25845054,0,0,1773457047253,False,True
0,1.39899,69.90723,0,0,1773457069836,True,True
0,1.39898,41.54077,0,0,1773457076313,True,True
0,1.39901,21.24198,0,0,1773457092811,True,True
0,1.39901,868.202564,0,0,1773457106582,True,True
0,1.39901,50.0,0,0,1773457109179,True,True
0,1.39886,337.5,0,0,1773457110814,False,True
0,1.39879,250.14909694,0,0,1773457110814,False,True
0,1.39893,177.0,0,0,1773457131809,False,True
0,1.39902,6.97631199,0,0,1773457136186,True,True
0,1.39902,72.54563,0,0,1773457147935,True,True
0,1.39902,69.56555,0,0,1773457161227,True,True
0,1.39902,68.7492433,0,0,1773457162840,True,True
0,1.39937,36.3663567,0,0,1773457162840,True,True
0,1.3993,7.02492,0,0,1773457165309,True,True
0,1.39897,216.60801389,0,0,1773457195244,True,True
0,1.39898,478.87627611,0,0,1773457195244,True,True
0,1.39891,1.74461,0,0,1773457196863,True,True
0,1.39881,7.04308,0,0,1773457200118,True,True
0,1.39884,6.59956,0,0,1773457201775,True,True
0,1.39881,14.01752,0,0,1773457214038,True,True
0,1.39881,67.28408,0,0,1773457227779,True,True
0,1.39881,27.1926505,0,0,1773457230197,True,True
0,1.39881,1.1199595,0,0,1773457230197,True,True
0,1.3988,9.29368029,0,0,1773457239816,False,True
0,1.3988,3.57449242,0,0,1773457239816,False,True
0,1.39835,96.0894315,0,0,1773457246010,True,True
0,1.39836,10.1190785,0,0,1773457246010,True,True
0,1.39834,23.1496,0,0,1773457249868,True,True
0,1.39836,23.33862,0,0,1773457249868,True,True
0,1.39834,21.3446722,0,0,1773457256140,True,True
0,1.39836,154.1396378,0,0,1773457256140,True,True
0,1.3984,53.957074,0,0,1773457260565,True,True
0,1.39842,15.304606,0,0,1773457260565,True,True
0,1.39854,2083.82378,0,0,1773457278842,True,True
0,1.39833,13.32026,0,0,1773457294018,True,True
0,1.3979,17.3632,0,0,1773457318768,True,True
0,1.39786,267.19971,0,0,1773457330925,False,True
0,1.39746,2083.82379,0,0,1773457343080,False,True
0,1.39749,14.58350736,0,0,1773457362809,False,True
0,1.39754,73.88193,0,0,1773457366032,False,True
0,1.39765,3.40368,0,0,1773457382472,False,True
0,1.39809,34.97611,0,0,1773457395723,True,True
0,1.39809,435.4048673,0,0,1773457412760,True,True
0,1.39825,326.8572327,0,0,1773457412760,True,True
0,1.39814,247.09086,0,0,1773457418520,False,True
0,1.39801,41.76949,0,0,1773457437454,True,True
0,1.39808,227.09437,0,0,1773457461727,False,True
0,1.39837,20.82869,0,0,1773457475544,True,True
0,1.39836,3.5756,0,0,1773457482884,True,True
0,1.3989,3.39511,0,0,1773457527943,False,True
0,1.39951,128.45482917,0,0,1773457536666,False,True
0,1.39949,337.5,0,0,1773457537390,False,True
0,1.39943,72.5,0,0,1773457537390,False,True
0,1.39937,50.57398,0,0,1773457549114,False,True
0,1.39951,60.4804105,0,0,1773457563666,True,True
0,1.39951,153.90176612,0,0,1773457563666,True,True
0,1.3997,23.93797563,0,0,1773457582326,False,True
0,1.39992,173.0148,0,0,1773457584264,True,True
0,1.39973,3.58906,0,0,1773457589452,False,True
0,1.4,7.0378,0,0,1773457595120,True,True
0,1.4,7.10783,0,0,1773457605676,True,True
0,1.39986,227.09438,0,0,1773457609497,False,True
0,1.40007,7.07229,0,0,1773457615831,True,True
0,1.39984,21.90727,0,0,1773457639903,True,True
0,1.40003,140.41619,0,0,1773457647532,True,True
0,1.40028,271.01076007,0,0,1773457649261,False,True
0,1.40027,3.7314,0,0,1773457651060,True,True
0,1.40022,337.5,0,0,1773457659406,False,True
0,1.40011,246.7374,0,0,1773457659406,False,True
0,1.40032,1.38321,0,0,1773457668901,True,True
0,1.40025,347.62402,0,0,1773457671193,True,True
0,1.40023,100.06262,0,0,1773457682445,False,True
0,1.40022,51.8733,0,0,1773457698172,True,True
0,1.40009,111.1861665,0,0,1773457709033,True,True
0,1.4001,30.9508835,0,0,1773457709033,True,True
0,1.4,100.06263,0,0,1773457717432,False,True
0,1.40065,14.74673,0,0,1773457740463,False,True
0,1.40074,451.11430954,0,0,1773457749836,True,True
0,1.40075,859.88569046,0,0,1773457749836,True,True
0,1.40075,6.93115,0,0,1773457752204,True,True
0,1.40075,4.97508459,0,0,1773457753489,True,True
0,1.40075,7.01625,0,0,1773457765804,True,True
0,1.40051,51.19116,0,0,1773457776151,False,True
0,1.40075,919.45075189,0,0,1773457792780,True,True
0,1.40075,500.0,0,0,1773457792780,True,True
0,1.40088,92.06985889,0,0,1773457815787,True,True
0,1.40088,69.1333,0,0,1773457817822,True,True
0,1.40086,138.61012,0,0,1773457824136,True,True
0,1.40075,3.45573,0,0,1773457827232,True,True
0,1.40084,412.7465855,0,0,1773457845578,True,True
0,1.40085,918.2534145,0,0,1773457845578,True,True
0,1.40077,75.650932,0,0,1773457852747,True,True
0,1.40094,277.11774847,0,0,1773457852747,True,True
0,1.40095,978.23131953,0,0,1773457852747,True,True
0,1.40101,69.84293,0,0,1773457864303,True,True
0,1.40111,0.99499646,0,0,1773457883127,True,True
0,1.40111,33.66062,0,0,1773457896959,True,True
0,1.40113,10.12040282,0,0,1773457903936,True,True
0,1.401,2.35202,0,0,1773457904779,False,True
0,1.40136,194.02093,0,0,1773457910870,True,True
0,1.40129,95.8201185,0,0,1773457912345,False,True
0,1.40139,7.09982,0,0,1773457917811,True,True
0,1.40128,0.96021675,0,0,1773457922789,False,True
0,1.40148,150.0,0,0,1773457930661,True,True
0,1.40148,170.88591748,0,0,1773457931462,True,True
0,1.40154,10.51867,0,0,1773457942850,True,True
0,1.40154,32.353,0,0,1773457945647,True,True
0,1.40151,13.85429,0,0,1773457947469,True,True
0,1.40118,219.22821257,0,0,1773457980202,True,True
0,1.40118,337.5,0,0,1773457980202,True,True
0,1.40119,329.27178743,0,0,1773457980202,True,True
0,1.4011,34.5521,0,0,1773457982554,True,True
0,1.40108,130.669631,0,0,1773457985196,True,True
0,1.40116,300.0,0,0,1773457985196,True,True
0,1.40119,90.291179,0,0,1773457985196,True,True
0,1.40119,1331.0,0,0,1773457997175,True,True
0,1.40118,1.00609,0,0,1773458003992,False,True
0,1.40119,13.89156,0,0,1773458007428,True,True
0,1.40118,6.81979,0,0,1773458007542,False,True
0,1.40119,1331.0,0,0,1773458011818,True,True
0,1.40119,1331.0,0,0,1773458019564,True,True
0,1.40119,540.0,0,0,1773458028153,True,True
0,1.40119,3568.52277432,0,0,1773458045300,True,True
0,1.40119,50.0,0,0,1773458061606,True,True
0,1.40163,18.75361,0,0,1773458063724,True,True
0,1.40167,71.34346887,0,0,1773458103069,True,True
0,1.40167,277.02668959,0,0,1773458118446,True,True
0,1.40167,0.69273,0,0,1773458118692,True,True
0,1.40167,6.9434,0,0,1773458122263,True,True
0,1.40142,1000.0,0,0,1773458154799,True,True
0,1.40142,224.13736526,0,0,1773458154799,True,True
0,1.40142,53.86263474,0,0,1773458154799,True,True
0,1.40189,59.05977,0,0,1773458186092,True,True
0,1.4023,35.38701,0,0,1773458206545,True,True
0,1.40201,8.946,0,0,1773458213189,False,True
0,1.40176,6.8972404,0,0,1773458215674,True,True
0,1.40177,29.0462025,0,0,1773458223234,True,True
0,1.40186,178.6895475,0,0,1773458223234,True,True
0,1.40175,70.62348409,0,0,1773458256324,True,True
0,1.40206,0.69262,0,0,1773458263916,True,True
0,1.40204,6.61704,0,0,1773458270587,True,True
0,1.40202,2.0,0,0,1773458271425,True,True
0,1.40202,378.87190843,0,0,1773458279726,True,True
0,1.40202,832.40347146,0,0,1773458279739,True,True
0,1.40223,69.23883,0,0,1773458293658,True,True
0,1.40211,7.79121646,0,0,1773458296173,False,True
0,1.4025,3.0,0,0,1773458301690,True,True
0,1.40218,17.26361,0,0,1773458318611,True,True
0,1.40193,1.4751,0,0,1773458328775,False,True
0,1.40255,32.12807,0,0,1773458330426,True,True
0,1.40229,14.98973,0,0,1773458348990,True,True
0,1.40229,3.0,0,0,1773458349489,True,True
0,1.40195,339.3740898,0,0,1773458358509,True,True
0,1.40199,227.368174,0,0,1773458358509,True,True
0,1.40208,130.7394362,0,0,1773458358509,True,True
0,1.40203,276.9555573,0,0,1773458376195,True,True
0,1.40141,165.71881176,0,0,1773458391547,False,True
0,1.40141,114.75585303,0,0,1773458391547,False,True
0,1.40084,45.14017,0,0,1773458394045,True,True
0,1.40067,17.67201,0,0,1773458416990,True,True
0,1.40069,6.5712124,0,0,1773458419827,True,True
0,1.40059,899.78172,0,0,1773458454582,False,True
0,1.40054,69.18387,0,0,1773458475698,True,True
0,1.40048,33.18202,0,0,1773458496434,True,True
0,1.40046,7.03549,0,0,1773458516027,True,True
0,1.40045,17.35205,0,0,1773458535666,True,True
0,1.40031,271.34233158,0,0,1773458556173,False,True
0,1.40059,35.34982,0,0,1773458579511,True,True
0,1.40071,17.07198,0,0,1773458606694,True,True
0,1.40063,559.92413,0,0,1773458626786,True,True
0,1.40108,28.84349856,0,0,1773458629490,True,True
0,1.40077,34.98901,0,0,1773458651503,True,True
0,1.40101,10.47891,0,0,1773458678975,True,True
0,1.40093,63.02955894,0,0,1773458680569,True,True
0,1.40079,0.73708,0,0,1773458683655,False,True
0,1.40073,200.0,0,0,1773458690649,False,True
0,1.4007,10.37051,0,0,1773458693154,False,True
0,1.40068,221.25300701,0,0,1773458700324,False,True
0,1.40068,337.5,0,0,1773458700324,False,True
0,1.40067,191.24699299,0,0,1773458700324,False,True
0,1.40188,13.95431,0,0,1773458712481,True,True
0,1.40172,2005.37695,0,0,1773458718886,True,True
0,1.40193,2041.01505667,0,0,1773458735351,True,True
0,1.40183,25.0,0,0,1773458735948,True,True
0,1.40191,130.50800573,0,0,1773458738443,False,True
0,1.40202,6.92482,0,0,1773458759403,True,True
0,1.40166,7003.999975,0,0,1773458771767,False,True
0,1.4019,273.12446,0,0,1773458795826,True,True
0,1.40168,6.08253,0,0,1773458813057,False,True
0,1.40198,64.12506,0,0,1773458831176,True,True
0,1.40202,1.15940168,0,0,1773458854410,True,True
0,1.40169,70.28813,0,0,1773458859034,True,True
0,1.40169,34.88604,0,0,1773458889003,True,True
0,1.40164,228.34084833,0,0,1773458900271,True,True
0,1.40164,337.5,0,0,1773458900271,True,True
0,1.40171,52.43208167,0,0,1773458900271,True,True
0,1.40115,634.42769837,0,0,1773458908842,False,True
0,1.4012,27.91002,0,0,1773458915740,True,True
0,1.40119,105.99119,0,0,1773458918226,True,True
0,1.401,12.0,0,0,1773458933617,False,True
0,1.4013,13.82439,0,0,1773458936437,True,True
0,1.40128,88.67333,0,0,1773458945346,True,True
0,1.40129,200.0,0,0,1773458949337,True,True
0,1.40105,3.15984244,0,0,1773458951091,False,True
0,1.40113,14.8235378,0,0,1773458959058,True,True
0,1.40096,69.79348,0,0,1773458976037,True,True
0,1.40106,8.00518,0,0,1773458992127,True,True
0,1.40138,211.8681059,0,0,1773459010294,True,True
0,1.40139,88.1318941,0,0,1773459010294,True,True
0,1.40137,16.65784,0,0,1773459014512,True,True
0,1.40119,13.82311,0,0,1773459026605,True,True
0,1.40133,35.1561,0,0,1773459042335,True,True
0,1.40124,3.56803893,0,0,1773459045050,True,True
0,1.40126,6.92868,0,0,1773459051330,True,True
0,1.40126,7.06588,0,0,1773459052471,True,True
0,1.40202,3.56821717,0,0,1773459084180,True,True
0,1.40192,3.56803893,0,0,1773459088638,False,True
0,1.40202,354.85402,0,0,1773459092157,True,True
0,1.40202,348.34428415,0,0,1773459113590,True,True
0,1.4022,3067.68746648,0,0,1773459113590,True,True
0,1.40224,3565.73375161,0,0,1773459113590,True,True
0,1.40232,337.5,0,0,1773459113590,True,True
0,1.40233,7130.99191632,0,0,1773459113590,True,True
0,1.40238,5549.74258144,0,0,1773459113590,True,True
0,1.40215,1000.0,0,0,1773459122787,True,True
0,1.40217,1000.0,0,0,1773459122787,True,True
0,1.40221,8366.1,0,0,1773459122787,True,True
0,1.4023,7131.18104751,0,0,1773459122787,True,True
0,1.40232,608.53865171,0,0,1773459122787,True,True
0,1.40239,1894.18030078,0,0,1773459122787,True,True
0,1.40218,3.56821717,0,0,1773459126525,False,True
0,1.40233,69.74719,0,0,1773459126773,True,True
0,1.40263,499.38690545,0,0,1773459128958,True,True
0,1.40267,300.0,0,0,1773459134530,True,True
0,1.4027,10.77268907,0,0,1773459134541,True,True
0,1.40271,508.14906683,0,0,1773459134541,True,True
0,1.4028,211.64598038,0,0,1773459146357,True,True
0,1.40282,101.3695885,0,0,1773459146357,True,True
0,1.40283,350.728515,0,0,1773459146357,True,True
0,1.40284,3564.21707008,0,0,1773459146357,True,True
0,1.40294,272.23137824,0,0,1773459146357,True,True
0,1.40294,7127.89533529,0,0,1773459146357,True,True
0,1.40296,8371.91213251,0,0,1773459146357,True,True
0,1.40338,1.91413,0,0,1773459199979,True,True
0,1.4033,40.9737075,0,0,1773459204777,False,True
0,1.40342,13.87058,0,0,1773459211697,True,True
0,1.40329,112.4291365,0,0,1773459216090,False,True
0,1.40318,112.4291365,0,0,1773459220348,True,True
0,1.40323,47.6147125,0,0,1773459220348,True,True
0,1.40325,14.156411,0,0,1773459220348,True,True
0,1.40317,0.73407,0,0,1773459229247,False,True
0,1.40373,5.7319,0,0,1773459233423,True,True
0,1.40371,34.36804,0,0,1773459234622,True,True
0,1.40359,35.27354,0,0,1773459245385,True,True
0,1.40366,3562.12751672,0,0,1773459249307,True,True
0,1.4038,337.5,0,0,1773459249307,True,True
0,1.4038,997.76158328,0,0,1773459249307,True,True
0,1.40369,37.95126,0,0,1773459255535,True,True
0,1.40371,1080.911253,0,0,1773459263646,True,True
0,1.40379,105.01417267,0,0,1773459275780,False,True
0,1.40385,6.98429,0,0,1773459278845,True,True
0,1.40365,4.82313967,0,0,1773459285594,True,True
0,1.40365,34.92321,0,0,1773459289417,True,True
0,1.40366,318.07560235,0,0,1773459293368,True,True
0,1.40327,7.09025,0,0,1773459306331,True,True
0,1.40285,52.59832,0,0,1773459312011,True,True
0,1.40282,200.0,0,0,1773459312937,False,True
0,1.40261,39.66012,0,0,1773459334638,False,True
0,1.40261,32.5599407,0,0,1773459339530,False,True
0,1.40261,224.34936423,0,0,1773459339538,False,True
0,1.40231,69.54841653,0,0,1773459354209,True,True
0,1.40231,14.19123,0,0,1773459358728,True,True
0,1.40228,10.53878,0,0,1773459430118,True,True
0,1.40227,68.70814,0,0,1773459434074,False,True
0,1.40222,14.12127,0,0,1773459452208,True,True
0,1.40221,35.74160251,0,0,1773459455993,False,True
0,1.40221,14.17959331,0,0,1773459455993,False,True
0,1.40207,21.67272382,0,0,1773459455993,False,True
0,1.40207,35.85411676,0,0,1773459455993,False,True
0,1.40175,8.58163,0,0,1773459552114,True,True
0,1.40171,13.81847,0,0,1773459572671,True,True
0,1.40171,16.45113,0,0,1773459576477,True,True
0,1.40228,1.82252,0,0,1773459589687,True,True
0,1.40222,17.82887136,0,0,1773459601582,True,True
0,1.40211,193.984647,0,0,1773459603006,True,True
0,1.40181,334.86735964,0,0,1773459605370,False,True
0,1.40164,286.89665,0,0,1773459614664,True,True
0,1.40163,44.01844,0,0,1773459618469,True,True
0,1.40164,35.14507,0,0,1773459641228,True,True
0,1.40167,66.3353,0,0,1773459649574,True,True
0,1.40163,531.78096,0,0,1773459666803,False,True
0,1.40184,8.33951,0,0,1773459688820,True,True
0,1.40174,12.92488,0,0,1773459701980,False,True
0,1.40184,1.38514,0,0,1773459729452,True,True
0,1.40183,3.53155,0,0,1773459751033,True,True
0,1.40227,116.22870338,0,0,1773459773336,False,True
0,1.40228,2.60556098,0,0,1773459774738,True,True
0,1.40227,1.36285,0,0,1773459777752,False,True
0,1.40228,0.63601145,0,0,1773459785153,True,True
0,1.40233,70.67642259,0,0,1773459785153,True,True
0,1.40232,13.31587,0,0,1773459788073,True,True
0,1.40234,13.98243,0,0,1773459790964,True,True
0,1.40234,692.52341,0,0,1773459805489,True,True
0,1.40241,2.74248755,0,0,1773459809807,True,True
0,1.40183,34.96805,0,0,1773459838810,True,True
0,1.40183,49.76726,0,0,1773459841283,True,True
0,1.40176,7.2604,0,0,1773459900733,True,True
0,1.40153,17.44215,0,0,1773459916183,True,True
0,1.40156,6.47488,0,0,1773459921103,True,True
0,1.40151,176.21194,0,0,1773459926003,True,True
0,1.40149,400.0,0,0,1773459947918,True,True
0,1.40147,159.33339,0,0,1773459952974,True,True
0,1.40148,2.25143,0,0,1773459954152,True,True
0,1.40177,1.37183703,0,0,1773460004936,True,True
0,1.40171,13.35503,0,0,1773460014658,True,True
0,1.40164,50.0,0,0,1773460019410,False,True
0,1.40153,6.92596,0,0,1773460021316,True,True
0,1.40163,19.254484,0,0,1773460023037,True,True
0,1.40147,12.45779445,0,0,1773460031263,False,True
0,1.40166,1.34953,0,0,1773460034448,True,True
0,1.40137,13.99161,0,0,1773460056406,True,True
0,1.40118,23.295558,0,0,1773460059433,False,True
0,1.40118,42.7013927,0,0,1773460061789,False,True
0,1.40118,22.2375261,0,0,1773460062307,False,True
0,1.40119,13.99191,0,0,1773460068223,True,True
0,1.40119,138.91564,0,0,1773460069116,True,True
0,1.40119,6.62092,0,0,1773460088823,True,True
0,1.40119,34.72891,0,0,1773460100613,True,True
0,1.40122,7.5264,0,0,1773460123634,True,True
0,1.40118,8.21065104,0,0,1773460131981,False,True
0,1.40118,3.55487216,0,0,1773460162926,False,True
0,1.40083,3.94512784,0,0,1773460162926,False,True
0,1.40101,6.99685,0,0,1773460164201,True,True
0,1.40132,14.02679,0,0,1773460190176,True,True
0,1.40131,67.39324,0,0,1773460190416,False,True
0,1.40131,5.25,0,0,1773460191835,False,True
0,1.40131,24.0,0,0,1773460193184,False,True
0,1.40131,3.0,0,0,1773460202667,False,True
0,1.40132,69.65621377,0,0,1773460205371,True,True
0,1.40158,2.74429823,0,0,1773460205371,True,True
0,1.40134,30.0,0,0,1773460237172,True,True
0,1.40146,10.70404042,0,0,1773460241977,True,True
0,1.40094,13.9967,0,0,1773460284095,True,True
0,1.40139,69.30407,0,0,1773460289604,True,True
0,1.40119,16.4973,0,0,1773460307924,True,True
0,1.40128,1.0,0,0,1773460340437,False,True
0,1.40129,14.02709,0,0,1773460349006,True,True
0,1.40128,15.0,0,0,1773460349352,False,True
0,1.40128,20.0,0,0,1773460382200,False,True
0,1.40139,69.95855,0,0,1773460414343,True,True
0,1.40144,6.50773,0,0,1773460415877,True,True
0,1.40114,337.5,0,0,1773460426064,False,True
0,1.40113,3233.92857142,0,0,1773460426064,False,True
0,1.40116,280.02598,0,0,1773460430984,False,True
0,1.40114,6.92863,0,0,1773460443261,True,True
0,1.40113,75.0,0,0,1773460446858,False,True
0,1.40123,70.3107,0,0,1773460476911,True,True
0,1.40123,34.64363,0,0,1773460482552,True,True
0,1.40071,286.5747295,0,0,1773460579243,True,True
0,1.40071,142.4513,0,0,1773460579243,True,True
0,1.40071,234.9253594,0,0,1773460579243,True,True
0,1.40071,3.94512784,0,0,1773460579243,True,True
0,1.40071,2806.04825326,0,0,1773460579243,True,True
0,1.4007,14.27857499,0,0,1773460581046,False,True
0,1.40039,1.656681,0,0,1773460581046,False,True
0,1.40033,9.06474401,0,0,1773460581046,False,True
0,1.40048,67.19281,0,0,1773460582784,True,True
0,1.40032,25.0,0,0,1773460582807,False,True
0,1.40037,3.32143,0,0,1773460587737,False,True
0,1.40066,245.01054,0,0,1773460596779,True,True
0,1.40059,107.45122,0,0,1773460597455,True,True
0,1.40059,34.99751,0,0,1773460599465,True,True
0,1.40059,13.86378,0,0,1773460609135,True,True
0,1.40098,14.4730707,0,0,1773460634324,True,True
0,1.401,20.5219393,0,0,1773460634324,True,True
0,1.40122,17.49463,0,0,1773460669228,True,True
0,1.40123,21.27659574,0,0,1773460688208,True,True
0,1.40123,215.5689,0,0,1773460704075,True,True
0,1.40123,138.57451,0,0,1773460722809,True,True
0,1.4012,210.41234,0,0,1773460731520,True,True
0,1.40118,6.92863,0,0,1773460739017,True,True
0,1.40122,7.06623,0,0,1773460805649,True,True
0,1.40095,34.98851,0,0,1773460807879,True,True
0,1.40044,17.76335,0,0,1773460847136,True,True
0,1.40033,13.50053,0,0,1773460877891,True,True
0,1.40033,225.5614165,0,0,1773460886398,True,True
0,1.40034,143.0535726,0,0,1773460886398,True,True
0,1.4003,34.91992,0,0,1773460889912,True,True
0,1.4,21.42857142,0,0,1773460922112,False,True
0,1.4,500.0,0,0,1773460922112,False,True
0,1.39991,1643.68814855,0,0,1773460922114,False,True
0,1.39991,24.6520882,0,0,1773460922123,False,True
0,1.39983,22.5069572,0,0,1773460929615,False,True
0,1.39983,20.4890539,0,0,1773460935419,False,True
0,1.39983,20.0341712,0,0,1773460936080,False,True
0,1.39983,19.082547,0,0,1773460938386,False,True
0,1.39983,63.54781519,0,0,1773460938429,False,True
0,1.39944,6.59659,0,0,1773460943853,True,True
0,1.39925,37.67989595,0,0,1773460962839,True,True
0,1.39918,22.76704,0,0,1773460977027,False,True
0,1.39932,14.01271,0,0,1773460985408,True,True
0,1.39933,15.95816,0,0,1773460988766,True,True
0,1.39915,337.5,0,0,1773460994115,False,True
0,1.39909,2330.00199,0,0,1773460994115,False,True
0,1.39892,16.4557613,0,0,1773460994122,False,True
0,1.39925,714.7247595,0,0,1773461007163,True,True
0,1.39926,42.868066,0,0,1773461007163,True,True
0,1.39928,714.7247595,0,0,1773461007163,True,True
0,1.39931,28.85712528,0,0,1773461007163,True,True
0,1.39935,404.46382972,0,0,1773461007163,True,True
0,1.39904,66.0,0,0,1773461025975,False,True
0,1.39908,20.0,0,0,1773461032035,False,True
0,1.39928,34.60865,0,0,1773461036015,True,True
0,1.39974,6.96951289,0,0,1773461046906,True,True
0,1.40068,128.34745001,0,0,1773461091067,False,True
0,1.39975,16.51379,0,0,1773461121011,True,True
0,1.39968,7.0386,0,0,1773461128412,True,True
0,1.39968,7.0386,0,0,1773461128412,True,True
0,1.39974,72.8249,0,0,1773461177524,True,True
0,1.39973,7.14423496,0,0,1773461234357,False,True
0,1.39916,71.36339,0,0,1773461255225,True,True
0,1.39914,77.71259,0,0,1773461258973,False,True
0,1.39914,70.07005,0,0,1773461263666,True,True
0,1.39926,73.08792,0,0,1773461292421,False,True
0,1.39939,461.00662335,0,0,1773461293953,True,True
0,1.39939,429.05695642,0,0,1773461293961,True,True
0,1.39939,65.85808905,0,0,1773461293969,True,True
0,1.39944,426.29810391,0,0,1773461294004,True,True
0,1.39944,551.21033876,0,0,1773461294030,True,True
0,1.39944,192.44465473,0,0,1773461294034,True,True
0,1.39985,69.35996,0,0,1773461300550,True,True
0,1.39993,1.38241,0,0,1773461303739,True,True
0,1.39997,23.81003,0,0,1773461323066,True,True
0,1.4,7.49994,0,0,1773461342188,True,True
0,1.40031,270.97508816,0,0,1773461347406,False,True
0,1.40039,85.63967,0,0,1773461369232,True,True
0,1.40043,1.13172,0,0,1773461372356,True,True
0,1.39987,1.56845,0,0,1773461413536,True,True
0,1.39982,8.77867,0,0,1773461416617,False,True
0,1.39985,6.51443,0,0,1773461435725,True,True
0,1.40008,1.35221,0,0,1773461455138,True,True
0,1.4,30.93955,0,0,1773461514844,True,True
0,1.39981,69.34862,0,0,1773461534068,True,True
0,1.39981,13.97156,0,0,1773461537405,True,True
0,1.39987,35.36396,0,0,1773461572038,True,True
0,1.39984,104.79717,0,0,1773461577070,True,True
0,1.39982,1.40074,0,0,1773461587677,True,True
0,1.39965,1.0,0,0,1773461598091,False,True
0,1.39982,133.49349,0,0,1773461598993,True,True
0,1.39977,35.01951,0,0,1773461606931,True,True
0,1.39978,7.10839,0,0,1773461618109,True,True
0,1.39994,337.5,0,0,1773461640204,False,True
0,1.39993,234.74333454,0,0,1773461640204,False,True
0,1.40003,7.0026,0,0,1773461655460,True,True
0,1.39987,29.50274,0,0,1773461662084,False,True
0,1.40001,257.4443475,0,0,1773461668213,True,True
0,1.40002,1407.2110025,0,0,1773461668213,True,True
0,1.39991,73.3304,0,0,1773461674698,True,True
0,1.40022,105.00826,0,0,1773461694452,True,True
0,1.40033,26.60608,0,0,1773461698397,True,True
0,1.40036,3570.5113,0,0,1773461699742,True,True
0,1.40036,9.344e-05,0,0,1773461699743,True,True
0,1.40043,917.4246,0,0,1773461699743,True,True
0,1.40043,161.06846647,0,0,1773461699744,True,True
0,1.40043,599.6132472,0,0,1773461699746,True,True
0,1.40043,711.32980949,0,0,1773461699746,True,True
0,1.40045,714.09188934,0,0,1773461699759,True,True
0,1.40048,714.09188934,0,0,1773461699759,True,True
0,1.40064,542.51971,0,0,1773461704360,True,True
0,1.40038,72.79577,0,0,1773461736065,True,True
0,1.39987,21.59045,0,0,1773461743899,True,True
0,1.39988,211.66497059,0,0,1773461745729,True,True
0,1.39989,72.154913,0,0,1773461745729,True,True
0,1.39989,144.75460622,0,0,1773461745729,True,True
0,1.39988,100.0,0,0,1773461748280,True,True
0,1.39901,0.70078,0,0,1773461754028,True,True
0,1.39901,369.48617,0,0,1773461757362,True,True
0,1.39944,7.95533,0,0,1773461768803,True,True
0,1.39931,21.36339,0,0,1773461774761,False,True
0,1.39931,2471.68684119,0,0,1773461778906,False,True
0,1.39943,34.68769,0,0,1773461799262,True,True
0,1.3993,34.72865,0,0,1773461804399,True,True
0,1.3991,13.87686,0,0,1773461827303,True,True
0,1.39917,6.97264494,0,0,1773461847636,True,True
0,1.39936,6.34877,0,0,1773461860399,False,True
0,1.39957,14.02811,0,0,1773461861002,True,True
0,1.3996,14.4792,0,0,1773461872585,True,True
0,1.3996,10.40534,0,0,1773461899728,True,True
0,1.39962,7.07406,0,0,1773461906035,True,True
0,1.40023,16.50943,0,0,1773461955166,True,True
0,1.4003,7.14285,0,0,1773461961933,False,True
0,1.40045,33.67672,0,0,1773461972990,True,True
0,1.40036,1.4002,0,0,1773461986035,True,True
0,1.40036,254.34782,0,0,1773461987331,True,True
0,1.40042,66.63472,0,0,1773462001034,True,True
0,1.40038,35.0,0,0,1773462002776,True,True
0,1.40034,310.0,0,0,1773462003936,True,True
0,1.40035,51.87182,0,0,1773462009377,True,True
0,1.40038,0.87474,0,0,1773462014311,True,True
0,1.40039,21.55479,0,0,1773462026977,True,True
0,1.40026,10.70404042,0,0,1773462047470,False,True
0,1.40047,39.43561483,0,0,1773462052066,False,True
0,1.40058,70.00801,0,0,1773462053506,True,True
0,1.40044,8.8471,0,0,1773462063269,False,True
0,1.40023,1.50479,0,0,1773462074289,False,True
0,1.40023,194.89151632,0,0,1773462084984,False,True
0,1.40023,7.14168386,0,0,1773462084984,False,True
0,1.39977,43.77376,0,0,1773462098234,True,True
0,1.39975,6.97000871,0,0,1773462101225,True,True
0,1.40009,3.57206644,0,0,1773462144548,True,True
0,1.39993,10.0,0,0,1773462146505,False,True
0,1.40014,0.70021,0,0,1773462180036,True,True
0,1.40011,125.42357,0,0,1773462200004,True,True
0,1.39987,34.60824,0,0,1773462238875,True,True
0,1.39987,49.403404,0,0,1773462242776,True,True
0,1.39986,9.8,0,0,1773462250023,False,True
0,1.39982,100.0,0,0,1773462322591,True,True
0,1.39982,121.42275435,0,0,1773462366503,True,True
0,1.39982,69.86827,0,0,1773462366851,True,True
0,1.39984,0.70119,0,0,1773462377339,True,True
0,1.39987,25.95026681,0,0,1773462401499,True,True
0,1.40024,0.70016,0,0,1773462402032,True,True
0,1.40024,13.86725,0,0,1773462412064,True,True
0,1.40029,7.14163286,0,0,1773462427710,True,True
0,1.40076,209.97005,0,0,1773462465578,True,True
0,1.40068,4.03873,0,0,1773462465695,False,True
0,1.40075,7.03333,0,0,1773462472472,True,True
0,1.40076,34.69567,0,0,1773462491311,True,True
0,1.40087,67.18034,0,0,1773462515547,True,True
0,1.40126,0.7031,0,0,1773462529035,True,True
0,1.40126,27.78174,0,0,1773462533187,True,True
0,1.40125,23.96253,0,0,1773462566847,False,True
0,1.40126,62.66137,0,0,1773462590335,True,True
0,1.40125,154.86173059,0,0,1773462590654,False,True
0,1.40084,187.35228,0,0,1773462629818,True,True
0,1.40071,12.66137,0,0,1773462640205,False,True
0,1.40022,29.988,0,0,1773462681381,False,True
0,1.40056,69.84358,0,0,1773462704617,True,True
0,1.40056,34.57603,0,0,1773462704788,True,True
0,1.40059,20.79538,0,0,1773462764195,True,True
0,1.40057,3.48274655,0,0,1773462773547,True,True
0,1.40023,3.38,0,0,1773462816601,False,True
0,1.40039,3.2423,0,0,1773462824047,True,True
0,1.40038,4.99735778,0,0,1773462825230,True,True
0,1.40037,66.63424,0,0,1773462835836,True,True
0,1.40126,1256.14095638,0,0,1773462869660,True,True
0,1.40149,11005.99850246,0,0,1773462870316,True,True
0,1.40166,34.71726,0,0,1773462882320,True,True
0,1.40166,15.74103,0,0,1773462885694,True,True
0,1.40166,13.88691,0,0,1773462888746,True,True
0,1.40166,3.48001655,0,0,1773462891250,True,True
0,1.40166,21.92976008,0,0,1773462924663,True,True
0,1.40166,13.99534,0,0,1773462931964,True,True
0,1.40166,3.47980251,0,0,1773462973025,True,True
0,1.40166,69.43453,0,0,1773462981362,True,True
0,1.40166,6.72821,0,0,1773462996616,True,True
0,1.40166,133.33100922,0,0,1773463004333,True,True
0,1.40218,214.40219078,0,0,1773463004333,True,True
0,1.40213,104.22605487,0,0,1773463011711,False,True
0,1.4022,7.02616,0,0,1773463021524,True,True
0,1.40244,6.48597,0,0,1773463032520,True,True
0,1.40245,4.1433,0,0,1773463034561,True,True
0,1.40289,50.71428572,0,0,1773463085370,False,True
0,1.4029,105.0,0,0,1773463086966,True,True
0,1.4029,4.21365,0,0,1773463095622,True,True
0,1.4029,69.37316,0,0,1773463114981,True,True
0,1.4029,575.84423002,0,0,1773463116845,True,True
0,1.4029,918.0588,0,0,1773463116920,True,True
0,1.40307,2.69801291,0,0,1773463140116,False,True
0,1.40323,9.33008,0,0,1773463145988,True,True
0,1.40299,100.0,0,0,1773463149186,True,True
0,1.40314,66.90577,0,0,1773463149976,True,True
0,1.4028,113.55144915,0,0,1773463160756,False,True
0,1.4025,106.72704085,0,0,1773463160756,False,True
0,1.40279,13.80833,0,0,1773463200721,True,True
0,1.40242,252.14473093,0,0,1773463206506,False,True
0,1.40253,686.50617,0,0,1773463219645,True,True
0,1.40263,14.18799,0,0,1773463235027,True,True
0,1.40254,6.72821,0,0,1773463239651,False,True
0,1.40264,63.0,0,0,1773463251526,False,True
0,1.40275,400.0,0,0,1773463261955,False,True
0,1.40291,13.97675,0,0,1773463275140,True,True
0,1.40276,2745.57302836,0,0,1773463299809,False,True
0,1.40275,3670.21265588,0,0,1773463299809,False,True
0,1.40287,69.20625,0,0,1773463300369,True,True
0,1.40291,20.76084,0,0,1773463348476,True,True
0,1.40291,6.92053,0,0,1773463349145,True,True
0,1.40289,65.68979,0,0,1773463364980,True,True
0,1.4028,202.0,0,0,1773463368374,False,True
0,1.40291,1.28434873,0,0,1773463373366,True,True
0,1.40308,69.20428,0,0,1773463378620,True,True
0,1.40311,20.36365,0,0,1773463382716,True,True
0,1.40311,46.0189405,0,0,1773463393754,True,True
0,1.40314,155.9810595,0,0,1773463393754,True,True
0,1.40293,10.68,0,0,1773463441533,False,True
0,1.4029,65.65,0,0,1773463474750,False,True
0,1.40306,361.93442,0,0,1773463514475,False,True
0,1.40304,46.32698298,0,0,1773463522096,True,True
0,1.40314,14.0438,0,0,1773463529476,True,True
0,1.40317,68.41651404,0,0,1773463536078,True,True
0,1.40316,20.75759,0,0,1773463540709,True,True
0,1.40334,99.70594,0,0,1773463581915,True,True
0,1.40336,109.69512,0,0,1773463590529,True,True
0,1.40291,1.9,0,0,1773463616350,False,True
0,1.40291,68.0,0,0,1773463616507,False,True
0,1.40293,351.12501,0,0,1773463649119,True,True
0,1.40294,63.57752,0,0,1773463650802,True,True
0,1.403,133.61602,0,0,1773463652651,True,True
0,1.403,25.6511,0,0,1773463659034,True,True
0,1.403,1.39066286,0,0,1773463688203,True,True
0,1.403,650.14221862,0,0,1773463689444,True,True
0,1.403,1689.19999852,0,0,1773463701014,True,True
0,1.40336,6.98783,0,0,1773463704992,True,True
0,1.40335,248.26549827,0,0,1773463720379,False,True
0,1.40335,63.0,0,0,1773463720636,False,True
0,1.40336,175.7803,0,0,1773463726239,True,True
0,1.40336,200.07595,0,0,1773463761040,True,True
0,1.40336,60.54796,0,0,1773463762926,True,True
0,1.40336,3009.79050504,0,0,1773463768904,True,True
0,1.4034,2500.0,0,0,1773463768911,True,True
0,1.40393,217.51523,0,0,1773463771429,False,True
0,1.40398,36.23601,0,0,1773463798355,False,True
0,1.404,1.78062678,0,0,1773463838032,True,True
0,1.40444,7.47629322,0,0,1773463838032,True,True
0,1.40444,21.04515,0,0,1773463856851,True,True
0,1.40432,9.89710102,0,0,1773463859209,True,True
0,1.40451,337.5,0,0,1773463867705,False,True
0,1.40403,13.85886,0,0,1773463871634,True,True
0,1.4029,4212.35,0,0,1773463887630,False,True
0,1.40259,1.30246917,0,0,1773463904358,True,True
0,1.4024,2000.0,0,0,1773463927863,False,True
0,1.4024,490.246534,0,0,1773463927910,False,True
0,1.40221,2000.0,0,0,1773463928234,False,True
0,1.40195,15.41597986,0,0,1773463928234,False,True
0,1.40195,3081.86281039,0,0,1773463928847,False,True
0,1.40141,2000.0,0,0,1773463957545,False,True
0,1.40087,1.65,0,0,1773463964440,False,True
0,1.40042,200.83803493,0,0,1773463964440,False,True
0,1.40036,2000.0,0,0,1773463964586,False,True
0,1.39962,133.3513,0,0,1773463972501,True,True
0,1.39961,113.55144915,0,0,1773463972501,False,True
0,1.39961,29.49554251,0,0,1773464000992,False,True
0,1.399,2.0,0,0,1773464016304,False,True
0,1.39898,7.14806502,0,0,1773464016304,False,True
0,1.39856,500.0,0,0,1773464025431,True,True
0,1.39845,15.74103,0,0,1773464031322,False,True
0,1.39903,64.30026455,0,0,1773464043136,False,True
0,1.39893,73.44899,0,0,1773464063108,False,True
0,1.39884,35.13668,0,0,1773464096325,True,True
0,1.39884,7.00861,0,0,1773464106153,True,True
0,1.39884,17.39363,0,0,1773464112191,True,True
0,1.39884,14.156,0,0,1773464153377,True,True
0,1.39846,7.07942,0,0,1773464166533,True,True
0,1.39821,500.0,0,0,1773464166808,False,True
0,1.398,10.0,0,0,1773464176651,False,True
0,1.39731,139.72554,0,0,1773464198531,False,True
0,1.39749,6.37302,0,0,1773464200980,True,True
0,1.39754,8.31648,0,0,1773464208167,True,True
0,1.39751,6.96392,0,0,1773464223410,True,True
0,1.39692,271.90373611,0,0,1773464230019,True,True
0,1.39686,14.31782712,0,0,1773464240052,False,True
0,1.39658,485.06907833,0,0,1773464240052,False,True
0,1.39658,3.2423,0,0,1773464241535,False,True
0,1.39759,70.3337,0,0,1773464325222,True,True
0,1.39759,2.43276,0,0,1773464333825,True,True
0,1.39759,368.94842169,0,0,1773464353241,True,True
0,1.39829,0.70453,0,0,1773464353718,True,True
0,1.39834,3.48894261,0,0,1773464366187,True,True
0,1.39829,1.27289,0,0,1773464369018,True,True
0,1.39829,3.48851844,0,0,1773464392855,True,True
0,1.39825,26.49417,0,0,1773464396682,True,True
0,1.39834,1.40913,0,0,1773464400469,True,True
0,1.39834,7.08053,0,0,1773464406232,True,True
0,1.39834,35.05557,0,0,1773464406453,True,True
0,1.39794,1.30992746,0,0,1773464416105,True,True
0,1.39805,14.164,0,0,1773464420039,True,True
0,1.39797,10.6208,0,0,1773464425306,True,True
0,1.39832,7.08063,0,0,1773464452862,True,True
0,1.39809,34.72168,0,0,1773464464770,True,True
0,1.39809,1.6216,0,0,1773464466487,True,True
0,1.398,0.73677,0,0,1773464470077,False,True
0,1.39809,35.67593,0,0,1773464483759,True,True
0,1.39808,33.38683,0,0,1773464485691,True,True
0,1.39814,213.85545746,0,0,1773464493702,True,True
0,1.39798,5.42676,0,0,1773464495760,False,True
0,1.39794,133.19781,0,0,1773464525997,True,True
0,1.39792,337.5,0,0,1773464554827,False,True
0,1.39791,237.5,0,0,1773464554827,False,True
0,1.39834,40.21534,0,0,1773464573814,True,True
0,1.39867,95.96685,0,0,1773464604451,False,True
0,1.39863,1.07536,0,0,1773464618967,True,True
0,1.39793,13.85653,0,0,1773464627045,True,True
0,1.39803,337.5,0,0,1773464641619,False,True
0,1.39803,1697.85829788,0,0,1773464641619,False,True
0,1.39803,60.0,0,0,1773464646816,False,True
0,1.39826,14.32535,0,0,1773464663884,True,True
0,1.39844,7.01131,0,0,1773464678336,True,True
0,1.39833,13.22294,0,0,1773464696843,True,True
0,1.39794,317.39136,0,0,1773464701227,True,True
0,1.398,1.37060085,0,0,1773464713123,True,True
0,1.39806,6.57092,0,0,1773464738571,True,True
0,1.39779,69.95673,0,0,1773464741128,True,True
0,1.39779,14.02724,0,0,1773464741191,True,True
0,1.39764,13.28274,0,0,1773464757197,True,True
0,1.39749,20.79134,0,0,1773464769916,True,True
0,1.39749,70.15479,0,0,1773464770135,True,True
0,1.39738,100.77374,0,0,1773464773975,True,True
0,1.3973,0.69305,0,0,1773464775005,True,True
0,1.39704,2.86266371,0,0,1773464801169,True,True
0,1.39699,7.26619,0,0,1773464804469,False,True
0,1.39755,1.65,0,0,1773464825607,True,True
0,1.39844,1.30911,0,0,1773464846104,True,True
0,1.39844,103.611,0,0,1773464847891,True,True
0,1.39844,133.62618,0,0,1773464848348,True,True
0,1.39843,218.69025,0,0,1773464854604,False,True
0,1.39844,44.70528,0,0,1773464856482,True,True
0,1.39844,26.66918,0,0,1773464857578,True,True
0,1.39844,281.44011742,0,0,1773464859961,True,True
0,1.39844,908.63913258,0,0,1773464859968,True,True
0,1.39855,34.24115144,0,0,1773464859968,True,True
0,1.39855,62.65522016,0,0,1773464859990,True,True
0,1.39855,263.41539369,0,0,1773464859991,True,True
0,1.39855,464.91685554,0,0,1773464859992,True,True
0,1.39855,1137.62923375,0,0,1773464859992,True,True
0,1.39849,11.0,0,0,1773464860187,False,True
0,1.39944,2.79039501,0,0,1773464863928,True,True
0,1.39892,17.93151,0,0,1773464910293,True,True
0,1.39858,2.0,0,0,1773464914752,False,True
0,1.39868,3.0,0,0,1773464921811,True,True
0,1.39877,69.23065,0,0,1773464922627,True,True
0,1.39877,13.18519,0,0,1773464927650,True,True
0,1.39867,3.57456908,0,0,1773464930562,True,True
0,1.39814,3.98329208,0,0,1773464952828,True,True
0,1.39808,20.78257,0,0,1773464972967,True,True
0,1.39814,115.83621,0,0,1773464989756,True,True
0,1.39863,224.059785,0,0,1773465016583,False,True
0,1.39863,75.940215,0,0,1773465016583,False,True
0,1.39843,39.71249,0,0,1773465038288,False,True
0,1.39911,7.11184,0,0,1773465086440,True,True
0,1.39852,75.89086662,0,0,1773465091666,False,True
0,1.39879,69.34564874,0,0,1773465091973,True,True
0,1.39866,5.08509165,0,0,1773465093872,True,True
0,1.3985,9.67052112,0,0,1773465122534,True,True
0,1.3985,65.59148002,0,0,1773465123374,True,True
0,1.39854,113.15486461,0,0,1773465123374,True,True
0,1.39833,1.9,0,0,1773465126228,False,True
0,1.39835,160.0,0,0,1773465133284,False,True
0,1.39849,6.92455,0,0,1773465153980,True,True
0,1.3985,20.82675,0,0,1773465195498,True,True
0,1.39849,6.56871,0,0,1773465241772,True,True
0,1.39837,23.06601,0,0,1773465326999,True,True
0,1.39852,13.3194,0,0,1773465352700,True,True
0,1.39852,86.82119,0,0,1773465362673,True,True
0,1.39852,16.52926,0,0,1773465370646,True,True
0,1.39852,121.26015,0,0,1773465388676,True,True
0,1.39898,3574.03890864,0,0,1773465388676,True,True
0,1.399,3871.42857142,0,0,1773465388676,True,True
0,1.39905,3380.87400084,0,0,1773465388676,True,True
0,1.39907,7147.61808118,0,0,1773465388676,True,True
0,1.39908,337.5,0,0,1773465388676,True,True
0,1.3991,300.0,0,0,1773465388676,True,True
0,1.39913,4466.9282625,0,0,1773465388676,True,True
0,1.39915,4365.3662499,0,0,1773465388676,True,True
0,1.39925,1500.0,0,0,1773465388676,True,True
0,1.39927,337.5,0,0,1773465388676,True,True
0,1.39935,6726.7,0,0,1773465388676,True,True
0,1.39937,4186.94719277,0,0,1773465388676,True,True
0,1.39938,5716.8991539,0,0,1773465388676,True,True
0,1.39939,2563.41612012,0,0,1773465388676,True,True
0,1.3994,16403.52330873,0,0,1773465388676,True,True
0,1.39894,7.00796,0,0,1773465406025,True,True
0,1.39898,20.81961,0,0,1773465422138,True,True
0,1.39836,3755.91373381,0,0,1773465477513,False,True
0,1.39836,3395.32056923,0,0,1773465477520,False,True
0,1.39775,239.5449,0,0,1773465479654,True,True
0,1.3978,15.04646,0,0,1773465484717,True,True
0,1.39778,337.5,0,0,1773465508988,False,True
0,1.39778,393.56946541,0,0,1773465508988,False,True
0,1.39781,100.83607,0,0,1773465529439,True,True
0,1.3976,1.62966,0,0,1773465538920,False,True
0,1.39781,2.75155781,0,0,1773465550553,True,True
0,1.39786,44.9749,0,0,1773465576834,True,True
0,1.39786,1109.45894974,0,0,1773465595384,True,True
0,1.39786,131.72317105,0,0,1773465595385,True,True
0,1.39786,131.72363798,0,0,1773465595387,True,True
0,1.39786,231.01718204,0,0,1773465595387,True,True
0,1.39786,321.66939471,0,0,1773465595388,True,True
0,1.39786,184.53420982,0,0,1773465595388,True,True
0,1.39829,3.2478,0,0,1773465595457,True,True
0,1.39837,24.24623,0,0,1773465609691,True,True
0,1.39814,24.38584281,0,0,1773465610814,False,True
0,1.39828,1005.53696,0,0,1773465646583,False,True
0,1.39856,72.89675,0,0,1773465705821,False,True
0,1.39856,0.75,0,0,1773465710445,False,True
0,1.39869,212.32695,0,0,1773465727724,True,True
0,1.39863,155.8448,0,0,1773465734405,False,True
0,1.39867,7.04419,0,0,1773465740235,True,True
0,1.39857,6.52039,0,0,1773465747517,True,True
0,1.39884,6.95879,0,0,1773465793017,True,True
0,1.39866,6.37302,0,0,1773465799196,False,True
0,1.3988,51.04029,0,0,1773465810104,False,True
0,1.39869,20.82407,0,0,1773465841776,True,True
0,1.39873,22.2532,0,0,1773465857321,True,True
0,1.39891,7.04323,0,0,1773465888700,True,True
0,1.39872,3.7,0,0,1773465934321,False,True
0,1.39874,71.4939,0,0,1773465954392,True,True
0,1.39874,106.3767,0,0,1773465955817,True,True
0,1.39873,31.73118,0,0,1773465956863,False,True
0,1.39936,2.73707,0,0,1773465987710,True,True
0,1.39936,20.0,0,0,1773465988234,True,True
0,1.39927,105.42360224,0,0,1773466047602,False,True
0,1.39894,1177.80597776,0,0,1773466047602,False,True
0,1.39896,1.9,0,0,1773466055150,False,True
0,1.39878,3.82154346,0,0,1773466071727,False,True
0,1.39901,424.64663,0,0,1773466088383,True,True
0,1.39893,100.98471,0,0,1773466089605,True,True
0,1.39873,8.0,0,0,1773466109432,False,True
0,1.39874,5.16708,0,0,1773466111573,False,True
0,1.39881,1.59028,0,0,1773466131138,True,True
0,1.39888,20.77038,0,0,1773466147267,True,True
0,1.39874,92.36058,0,0,1773466149159,False,True
0,1.39877,10.8848,0,0,1773466152141,False,True
0,1.39882,50.66684,0,0,1773466172694,True,True
0,1.39856,285.52891388,0,0,1773466202816,False,True
0,1.39851,21.45140184,0,0,1773466202965,False,True
0,1.39833,143.02775454,0,0,1773466210961,True,True
0,1.39832,4290.86332171,0,0,1773466215975,False,True
0,1.39774,4.7415468,0,0,1773466219947,False,True
0,1.39767,100.0,0,0,1773466257304,False,True
0,1.39716,0.92131534,0,0,1773466268000,True,True
0,1.39709,10.0,0,0,1773466269486,True,True
0,1.39711,33.17937,0,0,1773466273003,True,True
0,1.39685,262.28884998,0,0,1773466281111,True,True
0,1.39658,499.51941546,0,0,1773466307886,False,True
0,1.3965,35.9,0,0,1773466307890,False,True
0,1.39614,10.43195,0,0,1773466324657,True,True
0,1.3963,702.29168,0,0,1773466400835,True,True
0,1.39589,7.0,0,0,1773466401249,False,True
0,1.39548,77.92796384,0,0,1773466401678,True,True
0,1.39547,127.78626585,0,0,1773466401770,True,True
0,1.39554,142.96348,0,0,1773466401841,True,True
0,1.39545,337.33124999,0,0,1773466401943,True,True
0,1.39539,1289.36827333,0,0,1773466402286,True,True
0,1.395,10784.9794639,0,0,1773466404452,False,True
0,1.395,8278.68710748,0,0,1773466404542,False,True
0,1.395,7780.99478836,0,0,1773466404609,False,True
0,1.395,7434.11459341,0,0,1773466404701,False,True
0,1.395,11506.07439321,0,0,1773466404990,False,True
0,1.395,9458.23067373,0,0,1773466405308,False,True
0,1.395,10784.9794639,0,0,1773466405424,False,True
0,1.395,9791.03986715,0,0,1773466405443,False,True
0,1.395,15301.54359906,0,0,1773466405462,False,True
0,1.39501,35.74087,0,0,1773466406771,True,True
0,1.39501,7.14817,0,0,1773466409329,True,True
0,1.39501,250.0,0,0,1773466415295,True,True
0,1.39501,352.13977,0,0,1773466417466,True,True
0,1.39524,40.18287,0,0,1773466469505,True,True
0,1.39523,7.02669,0,0,1773466477499,True,True
0,1.39524,20.05818,0,0,1773466479622,True,True
0,1.39524,20.92621,0,0,1773466486628,True,True
0,1.39524,7.56978,0,0,1773466493526,True,True
0,1.39554,33.45311,0,0,1773466503021,True,True
0,1.39554,1.46054,0,0,1773466514365,True,True
0,1.39551,3.2478,0,0,1773466519636,False,True
0,1.39553,7.17974073,0,0,1773466525680,False,True
0,1.39554,215.00752527,0,0,1773466532560,True,True
0,1.39554,3.76569,0,0,1773466539174,True,True
0,1.39554,2.61812631,0,0,1773466542916,True,True
0,1.39502,17.78355,0,0,1773466577869,False,True
0,1.39502,340.63938907,0,0,1773466579023,False,True
0,1.395,8879.3560498,0,0,1773466579023,False,True
0,1.395,517.5985663,0,0,1773466579023,False,True
0,1.39519,158.41586,0,0,1773466590596,False,True
0,1.39558,113.66682255,0,0,1773466610839,False,True
0,1.39567,1.2,0,0,1773466615493,False,True
0,1.39584,34.6932,0,0,1773466616252,True,True
0,1.39544,245.44353,0,0,1773466656714,True,True
0,1.39544,1254.55647,0,0,1773466659737,True,True
0,1.39547,147.18656,0,0,1773466659737,True,True
0,1.39553,10.45106,0,0,1773466701775,True,True
0,1.39533,56.0,0,0,1773466707340,False,True
0,1.3952,631.18799,0,0,1773466746708,True,True
0,1.39518,41.68801,0,0,1773466759580,False,True
0,1.39644,14.00527,0,0,1773466794258,True,True
0,1.39612,479.94362186,0,0,1773466806025,False,True
0,1.39612,6.59795,0,0,1773466815622,False,True
0,1.39583,120.94392,0,0,1773466848413,False,True
0,1.39604,3581.57175414,0,0,1773466854804,True,True
0,1.3961,0.0388245,0,0,1773466854804,True,True
0,1.39593,20.91901,0,0,1773466864177,True,True
0,1.39584,42.13992,0,0,1773466871807,True,True
0,1.39589,10.53196,0,0,1773466916359,True,True
0,1.39565,1.9,0,0,1773466918998,False,True
0,1.39546,840.74972,0,0,1773466932853,True,True
0,1.39556,70.25383,0,0,1773466960299,True,True
0,1.39544,7.68485,0,0,1773466969574,False,True
0,1.39554,1065.51872,0,0,1773466987868,True,True
0,1.39555,3582.8348572,0,0,1773466987868,True,True
0,1.39564,7165.1715342,0,0,1773466987868,True,True
0,1.3957,3893.69235502,0,0,1773466987868,True,True
0,1.3957,6415.78568424,0,0,1773466987868,True,True
0,1.39571,1.95756326,0,0,1773467050755,False,True
0,1.39603,34.68798,0,0,1773467063061,True,True
0,1.39603,14.25506,0,0,1773467084039,True,True
0,1.39589,2.85697,0,0,1773467089477,False,True
0,1.39607,679.57641,0,0,1773467092073,True,True
0,1.39571,71.51387726,0,0,1773467116189,False,True
0,1.39615,12.0,0,0,1773467136587,True,True
0,1.39632,100.0,0,0,1773467169413,True,True
0,1.39609,30.60114,0,0,1773467199076,True,True
0,1.39609,104.05946,0,0,1773467203662,True,True
0,1.39612,1022.25734237,0,0,1773467220839,True,True
0,1.39612,3194.90631512,0,0,1773467220839,True,True
0,1.39612,2084.57725696,0,0,1773467230411,True,True
0,1.39612,33.22791,0,0,1773467232667,True,True
0,1.39611,703.95165,0,0,1773467237644,True,True
0,1.39625,1507.14050391,0,0,1773467257399,True,True
0,1.39626,31.29025,0,0,1773467269178,True,True
0,1.39608,111.33134,0,0,1773467283663,True,True
0,1.39587,69.72254,0,0,1773467332181,True,True
0,1.39586,2.75,0,0,1773467333236,False,True
0,1.39567,29.32992,0,0,1773467333236,False,True
0,1.39578,17.43063,0,0,1773467336465,True,True
0,1.39571,14.60797,0,0,1773467352410,True,True
0,1.39572,30.0,0,0,1773467383674,False,True
0,1.39601,70.24175,0,0,1773467395231,True,True
0,1.39578,26.41875,0,0,1773467395235,False,True
0,1.39578,43.50051,0,0,1773467469980,True,True
0,1.3955,24.83775,0,0,1773467501701,True,True
0,1.3955,14.33178072,0,0,1773467502582,True,True
0,1.3955,140.85288,0,0,1773467505185,True,True
0,1.39554,337.5,0,0,1773467514058,False,True
0,1.39554,1000.0,0,0,1773467514058,False,True
0,1.39554,199.98845552,0,0,1773467514058,False,True
0,1.39553,1000.0,0,0,1773467514058,False,True
0,1.39551,1000.0,0,0,1773467514058,False,True
0,1.3955,1000.0,0,0,1773467514058,False,True
0,1.39549,82.87737915,0,0,1773467514058,False,True
0,1.39544,500.0,0,0,1773467514058,False,True
0,1.39542,3583.14486072,0,0,1773467514058,False,True
0,1.3954,666.66666666,0,0,1773467514058,False,True
0,1.39536,337.5,0,0,1773467514058,False,True
0,1.3953,10292.32263795,0,0,1773467514058,False,True
0,1.3953,5317.17736205,0,0,1773467514058,False,True
0,1.3953,4682.82263795,0,0,1773467514058,False,True
0,1.39589,3.50383,0,0,1773467543538,False,True
0,1.39621,63.25382,0,0,1773467550545,True,True
0,1.39609,66.59233,0,0,1773467589822,True,True
0,1.39613,1.9,0,0,1773467617559,False,True
0,1.39621,263.62803,0,0,1773467642236,True,True
0,1.3966,719.73554,0,0,1773467658122,True,True
0,1.39649,24.2286,0,0,1773467679768,True,True
0,1.39619,7.91778,0,0,1773467698038,True,True
0,1.39592,337.5,0,0,1773467726158,False,True
0,1.39589,962.65226,0,0,1773467726158,False,True
0,1.39621,3.245,0,0,1773467751367,True,True
0,1.39606,409.21108,0,0,1773467757168,False,True
0,1.39594,155.50194,0,0,1773467778593,True,True
0,1.39574,10.50689,0,0,1773467782701,True,True
0,1.39578,3.245,0,0,1773467815806,False,True
0,1.3958,33.33568,0,0,1773467822597,True,True
0,1.39581,7.02387,0,0,1773467830433,True,True
0,1.39581,69.5563,0,0,1773467840171,True,True
0,1.3958,73.6137,0,0,1773467840299,False,True
0,1.39581,35.64328,0,0,1773467843397,True,True
0,1.39582,10.62383,0,0,1773467865949,True,True
0,1.39585,337.5,0,0,1773467875581,False,True
0,1.39579,194.53661,0,0,1773467875581,False,True
0,1.39592,27.82033,0,0,1773467901768,True,True
0,1.39591,82.95969,0,0,1773467942990,False,True
0,1.39603,14.01932,0,0,1773467953971,True,True
0,1.39584,20.0,0,0,1773467970433,True,True
0,1.3958,33.62087,0,0,1773467984680,True,True
0,1.39558,2.83781,0,0,1773468000377,True,True
0,1.39523,134.75854702,0,0,1773468001980,True,True
0,1.39524,10.75076151,0,0,1773468006106,True,True
0,1.39523,337.33124999,0,0,1773468006141,True,True
0,1.39511,1.74994,0,0,1773468020072,True,True
0,1.39511,1.42304191,0,0,1773468037208,True,True
0,1.39511,0.71155679,0,0,1773468038461,True,True
0,1.39511,286.71779801,0,0,1773468062961,True,True
0,1.3951,86.02967529,0,0,1773468065609,False,True
0,1.39464,1.0,0,0,1773468084034,True,True
0,1.39462,8.00574,0,0,1773468087068,True,True
0,1.3946,66.62962,0,0,1773468095906,False,True
0,1.39472,7.02866,0,0,1773468098773,True,True
0,1.39485,3.58410092,0,0,1773468170862,True,True
0,1.39469,2.08842,0,0,1773468194047,True,True
0,1.39452,226.55808,0,0,1773468197752,False,True
0,1.39476,27.77744,0,0,1773468205947,True,True
0,1.39452,40.12927,0,0,1773468241357,True,True
0,1.39451,1.65,0,0,1773468267537,False,True
0,1.39451,71.70977619,0,0,1773468267537,False,True
0,1.39413,6.36024,0,0,1773468275667,True,True
0,1.39403,3.47357,0,0,1773468279595,False,True
0,1.39401,337.5,0,0,1773468280572,False,True
0,1.39389,287.41038565,0,0,1773468280572,False,True
0,1.39412,6.62171,0,0,1773468288702,True,True
0,1.39404,39.98716677,0,0,1773468291036,True,True
0,1.39402,1737.38697042,0,0,1773468293378,True,True
0,1.39391,60.37303,0,0,1773468295553,False,True
0,1.39446,100.0,0,0,1773468308984,True,True
0,1.39469,69.64561,0,0,1773468323238,True,True
0,1.39453,350.64899,0,0,1773468369256,True,True
0,1.39446,1.56653,0,0,1773468413914,True,True
0,1.39447,85.15,0,0,1773468434821,False,True
0,1.3945,0.83043,0,0,1773468435677,True,True
0,1.39456,6.96181,0,0,1773468448618,True,True
0,1.39452,28.25819,0,0,1773468453580,True,True
0,1.39458,34.66204,0,0,1773468479318,True,True
0,1.39458,104.17213,0,0,1773468486684,True,True
0,1.39457,19.94795,0,0,1773468506021,True,True
0,1.39451,574.21942856,0,0,1773468515008,False,True
0,1.39456,6.52317,0,0,1773468524251,True,True
0,1.39488,112.0488,0,0,1773468676203,True,True
0,1.39459,41.11596,0,0,1773468744398,True,True
0,1.39459,10.597898,0,0,1773468802550,False,True
0,1.39457,29.54422,0,0,1773468807910,False,True
0,1.39463,6.186,0,0,1773468830122,True,True
0,1.39447,2847.06681,0,0,1773468922031,True,True
0,1.39441,14.06084,0,0,1773468941395,True,True
0,1.39441,40.0,0,0,1773468941733,True,True
0,1.3944,487.41396778,0,0,1773468966123,False,True
0,1.3944,220.70558048,0,0,1773468966131,False,True
0,1.39387,25.1099457,0,0,1773468978104,False,True
0,1.39375,542.75071972,0,0,1773468978104,False,True
0,1.39345,3000.6621089,0,0,1773468978104,False,True
0,1.39354,337.5,0,0,1773468989569,False,True
0,1.39346,535.23328281,0,0,1773468989569,False,True
0,1.39345,2287.13685733,0,0,1773468989569,False,True
0,1.39347,337.5,0,0,1773469017110,True,True
0,1.39348,765.49458,0,0,1773469017110,True,True
0,1.39346,206.34466151,0,0,1773469022629,True,True
0,1.39346,337.5,0,0,1773469022629,True,True
0,1.39348,891.33886258,0,0,1773469022629,True,True
0,1.39345,514.63266637,0,0,1773469023109,False,True
0,1.39332,87.18214344,0,0,1773469023109,False,True
0,1.39355,26.16850594,0,0,1773469029260,True,True
0,1.39349,9.07596,0,0,1773469032005,False,True
0,1.39367,99.07018,0,0,1773469035746,True,True
0,1.39367,66.88954,0,0,1773469039547,True,True
0,1.39308,103.80480837,0,0,1773469072268,True,True
0,1.39329,67.3705,0,0,1773469073554,True,True
0,1.39301,489.52704296,0,0,1773469102451,False,True
0,1.393,1.65,0,0,1773469102528,False,True
0,1.39237,17.4663,0,0,1773469105907,True,True
0,1.39309,54.0,0,0,1773469128386,False,True
0,1.39311,16.08735,0,0,1773469133047,False,True
0,1.39361,3.6876273,0,0,1773469165277,False,True
0,1.3935,64.05034083,0,0,1773469166008,False,True
0,1.39356,71.75969114,0,0,1773469173270,False,True
0,1.39363,70.0,0,0,1773469184401,True,True
0,1.39343,14.03774,0,0,1773469191408,True,True
0,1.39343,350.88047,0,0,1773469192200,True,True
0,1.39327,23.67111974,0,0,1773469211000,False,True
0,1.39327,27.38615195,0,0,1773469211000,False,True
0,1.39351,1.77627,0,0,1773469211037,True,True
0,1.39248,3590.72510837,0,0,1773469237024,True,True
0,1.39253,718.17927191,0,0,1773469237024,True,True
0,1.39255,6.37302,0,0,1773469237024,True,True
0,1.39256,684.72259972,0,0,1773469237024,True,True
0,1.39237,12.01756925,0,0,1773469243907,True,True
0,1.39251,3590.63848733,0,0,1773469247671,True,True
0,1.39252,374.88053545,0,0,1773469247671,True,True
0,1.39257,2984.65867722,0,0,1773469247671,True,True
0,1.39255,140.97217,0,0,1773469251188,True,True
0,1.39267,358.21917832,0,0,1773469252459,True,True
0,1.39255,107.58816579,0,0,1773469252526,True,True
0,1.39238,24.31046,0,0,1773469289113,True,True
0,1.39238,5.25,0,0,1773469292595,True,True
0,1.39341,3.15111847,0,0,1773469339201,True,True
0,1.39328,70.0694,0,0,1773469352002,True,True
0,1.39341,13.90377,0,0,1773469416333,True,True
0,1.39312,22.46874283,0,0,1773469422921,False,True
0,1.3934,43.06014066,0,0,1773469428914,True,True
0,1.39293,851.70732749,0,0,1773469440720,False,True
0,1.39236,876.67759749,0,0,1773469441674,False,True
0,1.39236,114.14713892,0,0,1773469441718,False,True
0,1.3922,10.77268907,0,0,1773469441824,False,True
0,1.39214,23.69357737,0,0,1773469441824,False,True
0,1.39214,480.81353293,0,0,1773469442074,False,True
0,1.39212,359.16443985,0,0,1773469442074,False,True
0,1.392,1.65,0,0,1773469450163,False,True
0,1.39141,216.7555129,0,0,1773469480509,False,True
0,1.39141,337.5,0,0,1773469480509,False,True
0,1.3914,6.71985051,0,0,1773469480509,False,True
0,1.3914,666.14628015,0,0,1773469480509,False,True
0,1.39136,857.4556134,0,0,1773469480509,False,True
0,1.39136,1507.14050391,0,0,1773469480509,False,True
0,1.39148,218.54595438,0,0,1773469486637,False,True
0,1.39148,337.5,0,0,1773469486637,False,True
0,1.39147,3035.67180649,0,0,1773469486637,False,True
0,1.39159,9.657,0,0,1773469504069,True,True
0,1.39148,7.06299,0,0,1773469515358,True,True
0,1.39147,3.6,0,0,1773469548359,False,True
0,1.3912,215.64117309,0,0,1773469548371,False,True
0,1.3911,496.69570745,0,0,1773469548377,False,True
0,1.39133,2.15621024,0,0,1773469574836,False,True
0,1.39118,100.0,0,0,1773469612861,False,True
0,1.39142,1.16813396,0,0,1773469627130,True,True
0,1.39142,472.02652617,0,0,1773469636907,True,True
0,1.39191,7.11324,0,0,1773469708034,True,True
0,1.39183,25.10356,0,0,1773469720751,False,True
0,1.39181,81.07527,0,0,1773469735011,False,True
0,1.39143,148.14234318,0,0,1773469748704,False,True
0,1.39154,22.56406,0,0,1773469763329,True,True
0,1.39101,49.7027,0,0,1773469807927,True,True
0,1.391,10.75076151,0,0,1773469810368,False,True
0,1.39101,13.82441535,0,0,1773469820367,True,True
0,1.39101,0.75116,0,0,1773469828655,True,True
0,1.39101,100.0,0,0,1773469829941,True,True
0,1.391,3.5770602,0,0,1773469843012,False,True
0,1.391,1.65,0,0,1773469843012,False,True
0,1.391,69.7729398,0,0,1773469843012,False,True
0,1.39101,0.72623,0,0,1773469843575,True,True
0,1.391,752.40277036,0,0,1773469860276,False,True
0,1.391,1178.22666015,0,0,1773469860291,False,True
0,1.391,1178.22666015,0,0,1773469860300,False,True
0,1.391,1178.22666015,0,0,1773469860309,False,True
0,1.391,1178.22666015,0,0,1773469860354,False,True
0,1.391,1178.22666015,0,0,1773469860354,False,True
0,1.391,1178.22666015,0,0,1773469860385,False,True
0,1.391,10784.9794639,0,0,1773469862270,False,True
0,1.391,1172.3453125,0,0,1773469864029,False,True
0,1.391,1172.3453125,0,0,1773469864032,False,True
0,1.391,1172.3453125,0,0,1773469864034,False,True
0,1.391,1172.3453125,0,0,1773469864036,False,True
0,1.391,660.01552734,0,0,1773469865128,False,True
0,1.391,660.01552734,0,0,1773469865130,False,True
0,1.391,660.01552734,0,0,1773469865132,False,True
0,1.391,660.01552734,0,0,1773469865134,False,True
0,1.391,660.01552734,0,0,1773469865135,False,True
0,1.391,660.01552734,0,0,1773469865137,False,True
0,1.391,660.01552734,0,0,1773469865139,False,True
0,1.391,660.01552734,0,0,1773469865140,False,True
0,1.391,660.01552734,0,0,1773469865142,False,True
0,1.391,660.01552734,0,0,1773469865144,False,True
0,1.391,660.01552734,0,0,1773469865146,False,True
0,1.391,660.01552734,0,0,1773469865148,False,True
0,1.391,660.01552734,0,0,1773469865150,False,True
0,1.391,660.01552734,0,0,1773469865152,False,True
0,1.391,660.01552734,0,0,1773469865153,False,True
0,1.391,660.01552734,0,0,1773469865155,False,True
0,1.391,660.01552734,0,0,1773469865157,False,True
0,1.391,660.01552734,0,0,1773469865160,False,True
0,1.391,660.01552734,0,0,1773469865162,False,True
0,1.391,660.01552734,0,0,1773469865164,False,True
0,1.391,660.01552734,0,0,1773469865166,False,True
0,1.391,660.01552734,0,0,1773469865167,False,True
0,1.391,660.01552734,0,0,1773469865169,False,True
0,1.391,660.01552734,0,0,1773469865171,False,True
0,1.391,660.01552734,0,0,1773469865173,False,True
0,1.391,660.01552734,0,0,1773469865174,False,True
0,1.391,660.01552734,0,0,1773469865176,False,True
0,1.391,660.01552734,0,0,1773469865178,False,True
0,1.391,660.01552734,0,0,1773469865180,False,True
0,1.391,660.01552734,0,0,1773469865181,False,True
0,1.391,660.01552734,0,0,1773469865183,False,True
0,1.391,10.57389,0,0,1773469891462,False,True
0,1.39101,282.61507,0,0,1773469899383,True,True
0,1.391,1.47735,0,0,1773469905993,False,True
0,1.39101,13.29357,0,0,1773469917002,True,True
0,1.391,3.52619888,0,0,1773469929567,False,True
0,1.39102,34.89741,0,0,1773469943698,True,True
0,1.39101,142.99681526,0,0,1773469964821,True,True
0,1.39101,27.98646,0,0,1773469972928,True,True
0,1.391,15.92,0,0,1773469985007,False,True
0,1.39101,70.65377,0,0,1773469998459,True,True
0,1.39101,6.60403,0,0,1773470023615,True,True
0,1.391,3880.27004788,0,0,1773470029019,False,True
0,1.391,2500.0,0,0,1773470029019,False,True
0,1.39099,269.74773259,0,0,1773470029019,False,True
0,1.39088,2.15690785,0,0,1773470029019,False,True
0,1.39087,824.80921821,0,0,1773470029019,False,True
0,1.39051,501.0,0,0,1773470031226,False,True
0,1.39025,102.40997864,0,0,1773470031226,False,True
0,1.39025,71.72263423,0,0,1773470031226,False,True
0,1.39052,200.0,0,0,1773470031226,True,True
0,1.39025,343.01231,0,0,1773470031227,False,True
0,1.39025,406.98769,0,0,1773470031227,False,True
0,1.39025,625.0,0,0,1773470031227,False,True
0,1.39025,450.86738713,0,0,1773470031227,False,True
0,1.39024,174.13261287,0,0,1773470031227,False,True
0,1.39024,625.0,0,0,1773470031227,False,True
0,1.39024,625.0,0,0,1773470031227,False,True
0,1.39024,625.0,0,0,1773470031227,False,True
0,1.39024,625.0,0,0,1773470031227,False,True
0,1.39024,203.06844593,0,0,1773470031227,False,True
0,1.39018,337.5,0,0,1773470031227,False,True
0,1.39015,84.43155407,0,0,1773470031227,False,True
0,1.39013,14.0,0,0,1773470049851,True,True
0,1.39013,495.589257,0,0,1773470110020,True,True
0,1.39012,2.11638,0,0,1773470115147,False,True
0,1.39013,582.35657341,0,0,1773470119647,True,True
0,1.39013,422.05416959,0,0,1773470119663,True,True
0,1.39013,405.45828902,0,0,1773470119663,True,True
0,1.39013,3595.07383111,0,0,1773470119701,True,True
0,1.391,50.0,0,0,1773470177524,False,True
0,1.391,6.55663,0,0,1773470180735,True,True
0,1.39074,24.91388,0,0,1773470194660,True,True
0,1.39074,57.523333,0,0,1773470210323,True,True
0,1.39074,11.68665602,0,0,1773470213197,True,True
0,1.39012,357.56479861,0,0,1773470235312,False,True
0,1.39012,7.16484907,0,0,1773470235312,False,True
0,1.39,1.65,0,0,1773470235330,False,True
0,1.39,1.65,0,0,1773470235330,False,True
0,1.39,3000.0,0,0,1773470235330,False,True
0,1.39,24.45323741,0,0,1773470235330,False,True
0,1.39,11117.51079136,0,0,1773470235330,False,True
0,1.39,5000.0,0,0,1773470235330,False,True
0,1.39,100.0,0,0,1773470235330,False,True
0,1.39,1005.0,0,0,1773470235330,False,True
0,1.39,1.74100719,0,0,1773470235330,False,True
0,1.39,3.0,0,0,1773470235330,False,True
0,1.39,100.0,0,0,1773470235330,False,True
0,1.39,50.35971223,0,0,1773470235330,False,True
0,1.39,71.94244605,0,0,1773470235330,False,True
0,1.39,359.71223022,0,0,1773470235330,False,True
0,1.39,3659.64045437,0,0,1773470235330,False,True
0,1.39,947.4982061,0,0,1773470235338,False,True
0,1.39,2716.22105176,0,0,1773470235344,False,True
0,1.39,150.0,0,0,1773470235344,False,True
0,1.39,5.0,0,0,1773470235344,False,True
0,1.39,2.0,0,0,1773470235344,False,True
0,1.39,103.5971223,0,0,1773470235344,False,True
0,1.39,3.5971223,0,0,1773470235344,False,True
0,1.39,4487.72045554,0,0,1773470235344,False,True
0,1.39,10791.81571259,0,0,1773470235370,False,True
0,1.39,3.4168929,0,0,1773470235478,False,True
0,1.39,10420.24981622,0,0,1773470235516,False,True
0,1.39,8490.68294237,0,0,1773470235517,False,True
0,1.39,8058.55561052,0,0,1773470235524,False,True
0,1.39,7847.55856986,0,0,1773470235539,False,True
0,1.39,811.84892086,0,0,1773470235539,False,True
0,1.39,1463.65951204,0,0,1773470235539,False,True
0,1.39,1684.9825341,0,0,1773470235613,False,True
0,1.39,10150.14104784,0,0,1773470236024,False,True
0,1.39,10784.9794639,0,0,1773470236679,False,True
0,1.39,317.15183105,0,0,1773470237160,False,True
0,1.39,317.15183105,0,0,1773470237199,False,True
0,1.39,317.15183105,0,0,1773470237199,False,True
0,1.39,317.15183105,0,0,1773470237200,False,True
0,1.39,317.15183105,0,0,1773470237202,False,True
0,1.39,317.15183105,0,0,1773470237204,False,True
0,1.39,317.15183105,0,0,1773470237205,False,True
0,1.39,317.15183105,0,0,1773470237292,False,True
0,1.39,317.15183105,0,0,1773470237293,False,True
0,1.39,317.15183105,0,0,1773470237293,False,True
0,1.39,317.15183105,0,0,1773470237294,False,True
0,1.39,317.15183105,0,0,1773470237344,False,True
0,1.39,317.15183105,0,0,1773470237345,False,True
0,1.39,317.15183105,0,0,1773470237347,False,True
0,1.39,317.15183105,0,0,1773470237349,False,True
0,1.39,317.15183105,0,0,1773470237351,False,True
0,1.39,317.15183105,0,0,1773470237353,False,True
0,1.39,317.15183105,0,0,1773470237355,False,True
0,1.39,317.15183105,0,0,1773470237357,False,True
0,1.39,10784.9794639,0,0,1773470237659,False,True
0,1.39,317.15183105,0,0,1773470237985,False,True
0,1.39,317.15183105,0,0,1773470237987,False,True
0,1.39,317.15183105,0,0,1773470237988,False,True
0,1.39,317.15183105,0,0,1773470237991,False,True
0,1.39,317.15183105,0,0,1773470237993,False,True
0,1.39,317.15183105,0,0,1773470237994,False,True
0,1.39,317.15183105,0,0,1773470237996,False,True
0,1.39,317.15183105,0,0,1773470237998,False,True
0,1.39,317.15183105,0,0,1773470238000,False,True
0,1.39,317.15183105,0,0,1773470238002,False,True
0,1.39,317.15183105,0,0,1773470238004,False,True
0,1.39,317.15183105,0,0,1773470238005,False,True
0,1.39,317.15183105,0,0,1773470238007,False,True
0,1.39,317.15183105,0,0,1773470238009,False,True
0,1.39,317.15183105,0,0,1773470238011,False,True
0,1.39,317.15183105,0,0,1773470238013,False,True
0,1.39,317.15183105,0,0,1773470238014,False,True
0,1.39,317.15183105,0,0,1773470238016,False,True
0,1.39,317.15183105,0,0,1773470238022,False,True
0,1.39,317.15183105,0,0,1773470238024,False,True
0,1.39,317.15183105,0,0,1773470238026,False,True
0,1.39,317.15183105,0,0,1773470238027,False,True
0,1.39,317.15183105,0,0,1773470238029,False,True
0,1.39,317.15183105,0,0,1773470238031,False,True
0,1.39,317.15183105,0,0,1773470238033,False,True
0,1.39,317.15183105,0,0,1773470238035,False,True
0,1.39,317.15183105,0,0,1773470238115,False,True
0,1.39,317.15183105,0,0,1773470238118,False,True
0,1.39,317.15183105,0,0,1773470238118,False,True
0,1.39,317.15183105,0,0,1773470238119,False,True
0,1.39,317.15183105,0,0,1773470238120,False,True
0,1.39,317.15183105,0,0,1773470238125,False,True
0,1.39,317.15183105,0,0,1773470238128,False,True
0,1.39,317.15183105,0,0,1773470238131,False,True
0,1.39,317.15183105,0,0,1773470238137,False,True
0,1.39,317.15183105,0,0,1773470238141,False,True
0,1.39,317.15183105,0,0,1773470238143,False,True
0,1.39,317.15183105,0,0,1773470238146,False,True
0,1.39,317.15183105,0,0,1773470238149,False,True
0,1.39,317.15183105,0,0,1773470238152,False,True
0,1.39,317.15183105,0,0,1773470238155,False,True
0,1.39,317.15183105,0,0,1773470238158,False,True
0,1.39,317.15183105,0,0,1773470238160,False,True
0,1.39,317.15183105,0,0,1773470238162,False,True
0,1.39,317.15183105,0,0,1773470238164,False,True
0,1.39,317.15183105,0,0,1773470238166,False,True
0,1.39,317.15183105,0,0,1773470238168,False,True
0,1.39,317.15183105,0,0,1773470238170,False,True
0,1.39,317.15183105,0,0,1773470238172,False,True
0,1.39,317.15183105,0,0,1773470238174,False,True
0,1.39,317.15183105,0,0,1773470238176,False,True
0,1.39,317.15183105,0,0,1773470238178,False,True
0,1.39,317.15183105,0,0,1773470238192,False,True
0,1.39,317.15183105,0,0,1773470238193,False,True
0,1.39,317.15183105,0,0,1773470238196,False,True
0,1.39,317.15183105,0,0,1773470238198,False,True
0,1.39,317.15183105,0,0,1773470238201,False,True
0,1.39,317.15183105,0,0,1773470238202,False,True
0,1.39,317.15183105,0,0,1773470238204,False,True
0,1.39,1017.41571165,0,0,1773470240905,False,True
0,1.39,3424.65753425,0,0,1773470241251,False,True
0,1.39,214.12073602,0,0,1773470241251,False,True
0,1.39,12257.21117796,0,0,1773470254166,False,True
0,1.39,12549.27991172,0,0,1773470254177,False,True
0,1.39,462.37082592,0,0,1773470254492,False,True
0,1.39,7389.20142724,0,0,1773470254722,False,True
0,1.39,294.08633094,0,0,1773470264070,False,True
0,1.39,2070.0,0,0,1773470285100,False,True
0,1.39,715.07150062,0,0,1773470296295,False,True
0,1.39,750.0,0,0,1773470296295,False,True
0,1.39,269.66906475,0,0,1773470296295,False,True
0,1.39,11.99040767,0,0,1773470296295,False,True
0,1.38999,82.81354542,0,0,1773470301514,False,True
0,1.38996,1.66191832,0,0,1773470301545,False,True
0,1.38954,29.74910355,0,0,1773470303253,False,True
0,1.3895,5.39092157,0,0,1773470303279,False,True
0,1.38932,35.98882907,0,0,1773470303279,False,True
0,1.38953,2.28,0,0,1773470303279,True,True
0,1.38914,83.7307632,0,0,1773470303591,False,True
0,1.389,1.65,0,0,1773470303591,False,True
0,1.389,12831.34435252,0,0,1773470303591,False,True
0,1.389,17914.22439207,0,0,1773470303598,False,True
0,1.389,10713.85060971,0,0,1773470303630,False,True
0,1.389,12793.06721034,0,0,1773470303688,False,True
0,1.389,12113.35967061,0,0,1773470303808,False,True
0,1.389,10385.03209448,0,0,1773470303812,False,True
0,1.389,71.95837243,0,0,1773470303812,False,True
0,1.389,71.95837243,0,0,1773470303812,False,True
0,1.389,71.95837243,0,0,1773470303812,False,True
0,1.389,71.95837243,0,0,1773470303812,False,True
0,1.38865,14.36656,0,0,1773470304265,True,True
0,1.38864,1.7,0,0,1773470305541,False,True
0,1.38853,13.44703,0,0,1773470306118,True,True
0,1.38852,361.10469148,0,0,1773470306259,False,True
0,1.38847,12.53914149,0,0,1773470306259,False,True
0,1.38843,124.53973903,0,0,1773470306259,False,True
0,1.38823,9.67648837,0,0,1773470306259,False,True
0,1.38815,993.82972301,0,0,1773470306259,False,True
0,1.388,1.65,0,0,1773470306259,False,True
0,1.388,50.0,0,0,1773470306259,False,True
0,1.3878,337.5,0,0,1773470306259,False,True
0,1.38778,216.17259219,0,0,1773470306259,False,True
0,1.38778,1253.30051116,0,0,1773470306259,False,True
0,1.38776,484.50864194,0,0,1773470306259,False,True
0,1.38775,108.73898135,0,0,1773470306259,False,True
0,1.38772,780.55331876,0,0,1773470306259,False,True
0,1.38804,144.33705541,0,0,1773470306899,True,True
0,1.38785,54.78673,0,0,1773470306956,False,True
0,1.38794,14.15477,0,0,1773470308909,True,True
0,1.38794,1485.84523,0,0,1773470309505,True,True
0,1.38834,1014.15477,0,0,1773470309505,True,True
0,1.38837,14.15477,0,0,1773470309967,True,True
0,1.38807,8.64341588,0,0,1773470319390,True,True
0,1.38807,202.43935825,0,0,1773470335954,False,True
0,1.38762,51.66666667,0,0,1773470336019,False,True
0,1.38762,51.66666667,0,0,1773470336019,False,True
0,1.38762,51.66666667,0,0,1773470336019,False,True
0,1.38762,51.66666667,0,0,1773470336019,False,True
0,1.38762,51.66666667,0,0,1773470336019,False,True
0,1.38762,51.66666667,0,0,1773470336019,False,True
0,1.38762,51.66666667,0,0,1773470336019,False,True
0,1.38762,51.66666667,0,0,1773470336019,False,True
0,1.38762,51.66666667,0,0,1773470336019,False,True
0,1.38762,51.66666667,0,0,1773470336019,False,True
0,1.38762,51.66666667,0,0,1773470336019,False,True
0,1.38762,51.66666667,0,0,1773470336019,False,True
0,1.38762,51.66666667,0,0,1773470336019,False,True
0,1.38762,51.66666667,0,0,1773470336019,False,True
0,1.38762,51.66666662,0,0,1773470336019,False,True
0,1.3874,48.05143603,0,0,1773470336020,False,True
0,1.38725,18.02126509,0,0,1773470336020,False,True
0,1.38714,477.69003777,0,0,1773470336020,False,True
0,1.38712,3359.03726111,0,0,1773470336020,False,True
0,1.38737,5.75193,0,0,1773470336716,True,True
0,1.38737,14.37982,0,0,1773470336722,True,True
0,1.38737,359.49539,0,0,1773470336755,True,True
0,1.38764,359.49539,0,0,1773470336772,True,True
0,1.3873,4.51468834,0,0,1773470337763,False,True
0,1.3873,15.60924783,0,0,1773470337763,False,True
0,1.3871,60.96253245,0,0,1773470337763,False,True
0,1.3871,101.35083458,0,0,1773470337763,False,True
0,1.3871,50.0,0,0,1773470338266,False,True
0,1.38731,68.00557,0,0,1773470338595,True,True
0,1.38758,71.89908,0,0,1773470342464,True,True
0,1.38758,7.08391,0,0,1773470343422,True,True
0,1.38807,3.48997,0,0,1773470350953,True,True
0,1.38796,273.4398425,0,0,1773470351959,False,True
0,1.38773,20.17633,0,0,1773470354437,True,True
0,1.38768,11.91167479,0,0,1773470376970,False,True
0,1.3879,25.0,0,0,1773470386546,True,True
0,1.38759,10000.0,0,0,1773470388628,False,True
0,1.38781,648.6862,0,0,1773470398301,True,True
0,1.38838,130.69907184,0,0,1773470406313,False,True
0,1.38838,1332.147849,0,0,1773470424521,False,True
0,1.38823,78.80814756,0,0,1773470425172,False,True
0,1.38823,4148.44264679,0,0,1773470427396,False,True
0,1.38781,273.74334419,0,0,1773470427693,True,True
0,1.388,4.44904,0,0,1773470430433,True,True
0,1.38745,3381.80063548,0,0,1773470431304,False,True
0,1.38745,3381.80063548,0,0,1773470431304,False,True
0,1.3871,505.3463514,0,0,1773470431854,False,True
0,1.3871,656.69718598,0,0,1773470431854,False,True
0,1.3871,522.93899672,0,0,1773470431854,False,True
0,1.3871,133.75818926,0,0,1773470431865,False,True
0,1.3871,656.69718598,0,0,1773470431865,False,True
0,1.3871,656.69718598,0,0,1773470431865,False,True
0,1.3871,656.69718598,0,0,1773470431865,False,True
0,1.3871,656.69718598,0,0,1773470431865,False,True
0,1.3871,656.69718598,0,0,1773470431865,False,True
0,1.3871,656.69718598,0,0,1773470431865,False,True
0,1.3871,656.69718598,0,0,1773470431865,False,True
0,1.3871,656.69718598,0,0,1773470431865,False,True
0,1.3871,656.69718598,0,0,1773470431865,False,True
0,1.3871,656.69718598,0,0,1773470431865,False,True
0,1.3871,656.69718598,0,0,1773470431865,False,True
0,1.3871,656.69718592,0,0,1773470431865,False,True
0,1.387,1.65,0,0,1773470431865,False,True
0,1.387,937.27469358,0,0,1773470431865,False,True
0,1.387,6.94304253,0,0,1773470431865,False,True
0,1.3869,30.07426634,0,0,1773470431867,False,True
0,1.38667,221.60028646,0,0,1773470431867,False,True
0,1.38667,1176.09466604,0,0,1773470431867,False,True
0,1.38659,7.2119594,0,0,1773470431867,False,True
0,1.38655,22.53795391,0,0,1773470431867,False,True
0,1.38654,21.75247843,0,0,1773470431867,False,True
0,1.38645,54.0949908,0,0,1773470431867,False,True
0,1.38637,95.43589,0,0,1773470431867,False,True
0,1.38623,1.65,0,0,1773470431894,False,True
0,1.38616,270.68765406,0,0,1773470431894,False,True
0,1.38612,337.5,0,0,1773470431894,False,True
0,1.386,1.65,0,0,1773470431894,False,True
0,1.386,721.5007215,0,0,1773470431894,False,True
0,1.386,72.09805336,0,0,1773470431894,False,True
0,1.38599,453.47662617,0,0,1773470431894,False,True
0,1.38598,337.5,0,0,1773470431894,False,True
0,1.38595,14.92592549,0,0,1773470431894,False,True
0,1.38711,105.15862,0,0,1773470431922,True,True
0,1.3859,72.15527815,0,0,1773470432215,False,True
0,1.38589,28.0,0,0,1773470432215,False,True
0,1.38569,287.15,0,0,1773470432530,False,True
0,1.38567,17.1892568,0,0,1773470432530,False,True
0,1.3856,1239.4219913,0,0,1773470432530,False,True
0,1.3858,20.12393617,0,0,1773470432623,False,True
0,1.38555,17.99524,0,0,1773470433221,True,True
0,1.38613,337.5,0,0,1773470433776,False,True
0,1.38599,337.5,0,0,1773470433776,False,True
0,1.38585,325.0,0,0,1773470433776,False,True
0,1.38585,12.5,0,0,1773470433777,False,True
0,1.38572,1221.64176,0,0,1773470433777,False,True
0,1.38571,177.8488643,0,0,1773470433777,False,True
0,1.38571,159.6511357,0,0,1773470433777,False,True
0,1.38557,194.82555036,0,0,1773470433777,False,True
0,1.38557,108.0820768,0,0,1773470433777,False,True
0,1.38557,34.59237284,0,0,1773470433777,False,True
0,1.38551,333.21166328,0,0,1773470433777,False,True
0,1.38653,337.5,0,0,1773470436369,False,True
0,1.38761,337.5,0,0,1773470437898,True,True
0,1.38762,382.40826,0,0,1773470437898,True,True
0,1.38761,7.09312,0,0,1773470438351,True,True
0,1.3878,17.54114627,0,0,1773470449666,True,True
0,1.38746,91.95821429,0,0,1773470451767,False,True
0,1.38763,32.13655166,0,0,1773470460240,False,True
0,1.38717,32.63099548,0,0,1773470502510,True,True
0,1.38715,67.17833,0,0,1773470538524,True,True
0,1.38746,6.58487,0,0,1773470568825,True,True
0,1.38754,70.6306,0,0,1773470585062,True,True
0,1.38775,67.44952,0,0,1773470597966,True,True
0,1.38831,211.33503,0,0,1773470634102,True,True
0,1.3883,103.81041562,0,0,1773470637473,True,True
0,1.38823,1000.0,0,0,1773470674316,True,True
0,1.38824,1221.64176,0,0,1773470694173,False,True
0,1.38824,337.5,0,0,1773470694173,False,True
0,1.38823,2157.56755004,0,0,1773470694173,False,True
0,1.38816,2843.39878884,0,0,1773470694173,False,True
0,1.38802,3.3,0,0,1773470711333,False,True
0,1.38831,2.50586,0,0,1773470720754,True,True
0,1.38941,336.82542177,0,0,1773470786365,False,True
0,1.38981,588.96684386,0,0,1773470788135,False,True
0,1.38985,0.86053,0,0,1773470790665,True,True
0,1.38985,73.63198,0,0,1773470791650,True,True
0,1.38994,4.83251075,0,0,1773470800543,True,True
0,1.39121,61.8708946,0,0,1773470821452,True,True
0,1.39122,764.15317228,0,0,1773470821452,True,True
0,1.39122,197.58324698,0,0,1773470821455,True,True
0,1.39122,526.88865861,0,0,1773470821456,True,True
0,1.39227,1795.719,0,0,1773470826655,True,True
0,1.39249,3591.71776087,0,0,1773470829824,True,True
0,1.39249,294.08633094,0,0,1773470829824,True,True
0,1.39277,213.25166459,0,0,1773470839213,True,True
0,1.39277,1000.0,0,0,1773470839213,True,True
0,1.39287,1950.40898046,0,0,1773470839213,True,True
0,1.39264,117.33476,0,0,1773470846146,True,True
0,1.39228,8.616728,0,0,1773470858257,True,True
0,1.392,4.51468834,0,0,1773470875710,False,True
0,1.392,41.4644188,0,0,1773470875710,False,True
0,1.39158,154.48735286,0,0,1773470875710,False,True
0,1.39209,14.923839,0,0,1773470898712,True,True
0,1.39173,10.108697,0,0,1773470900095,True,True
0,1.39142,3.47152,0,0,1773470907947,True,True
0,1.39222,700.0,0,0,1773470925190,False,True
0,1.39228,134.21547,0,0,1773470926703,True,True
0,1.39228,35.38159,0,0,1773470951032,True,True
0,1.39229,2.11258,0,0,1773470973528,True,True
0,1.39179,553.00000027,0,0,1773470979002,False,True
0,1.39172,31.21553,0,0,1773470983483,False,True
0,1.39212,66.78413,0,0,1773471018894,True,True
0,1.39212,3.85283,0,0,1773471020546,True,True
0,1.39239,26.93153,0,0,1773471174639,True,True
0,1.39232,500.0,0,0,1773471207849,True,True
0,1.39196,8.3687,0,0,1773471290299,True,True
0,1.39238,13.91696,0,0,1773471317081,True,True
0,1.39237,40.0,0,0,1773471350531,False,True
0,1.39238,2.08304,0,0,1773471392163,True,True
0,1.39276,163.57314035,0,0,1773471393459,False,True
0,1.39271,294.37599,0,0,1773471414824,False,True
0,1.39286,142.87405,0,0,1773471415877,True,True
0,1.39267,96.8454795,0,0,1773471440470,True,True
0,1.39268,85.7294905,0,0,1773471440470,True,True
0,1.39272,35.1993,0,0,1773471462691,True,True
0,1.39266,50.0,0,0,1773471488019,False,True
0,1.39261,40.76784,0,0,1773471491530,False,True
0,1.39288,842.36980559,0,0,1773471498574,False,True
0,1.39284,218.68621,0,0,1773471533954,False,True
0,1.3929,140.79977026,0,0,1773471552170,True,True
0,1.39312,28.91806876,0,0,1773471580675,False,True
0,1.39325,1.65,0,0,1773471584351,True,True
0,1.39272,250.0,0,0,1773471599043,False,True
0,1.39246,35.10593,0,0,1773471602734,True,True
0,1.39254,7.14257,0,0,1773471605706,True,True
0,1.3925,21.32409,0,0,1773471607105,True,True
0,1.39258,10.66182,0,0,1773471607338,True,True
0,1.39253,26.78465,0,0,1773471610166,True,True
0,1.39252,7.10721,0,0,1773471610498,True,True
0,1.39338,1.05541,0,0,1773471620039,True,True
0,1.39319,25.57,0,0,1773471620875,False,True
0,1.39327,40.76784,0,0,1773471622726,False,True
0,1.39354,12.19914749,0,0,1773471625260,True,True
0,1.39329,3.57077,0,0,1773471628034,True,True
0,1.39323,10.55502,0,0,1773471634047,True,True
0,1.39328,0.70712,0,0,1773471640033,True,True
0,1.39328,66.72088,0,0,1773471641844,True,True
0,1.39363,18.2434362,0,0,1773471653158,True,True
0,1.39361,14.20913,0,0,1773471688350,True,True
0,1.39361,14.35121734,0,0,1773471697117,True,True
0,1.39363,14.12774,0,0,1773471699846,True,True
0,1.39373,14.06982,0,0,1773471711665,True,True
0,1.39362,103.46065979,0,0,1773471721359,False,True
0,1.39347,114.14213926,0,0,1773471755208,False,True
0,1.39353,113.0,0,0,1773471764909,False,True
0,1.39396,35.31324,0,0,1773471770199,True,True
0,1.39433,260.20116293,0,0,1773471805036,False,True
0,1.39426,100.0,0,0,1773471806719,False,True
0,1.39463,4.53507,0,0,1773471807700,True,True
0,1.3944,66.91857,0,0,1773471819762,True,True
0,1.39439,13.2602,0,0,1773471823589,True,True
0,1.39454,40.2161125,0,0,1773471863980,True,True
0,1.39455,959.7838875,0,0,1773471863980,True,True
0,1.39453,72.8768845,0,0,1773471867824,True,True
0,1.39453,102.4488655,0,0,1773471867824,True,True
0,1.3943,17.20352,0,0,1773471875126,True,True
0,1.39382,465.71123474,0,0,1773471878692,True,True
0,1.39285,76.77139276,0,0,1773471928258,True,True
0,1.39272,81.50459,0,0,1773471929357,False,True
0,1.39277,3.58996819,0,0,1773471943946,True,True
0,1.39279,11.49441793,0,0,1773471949713,True,True
0,1.39287,337.5,0,0,1773471974251,True,True
0,1.3929,21.46073687,0,0,1773471974251,True,True
0,1.39284,940.78614401,0,0,1773472008962,True,True
0,1.39284,592.75420467,0,0,1773472008965,True,True
0,1.39284,606.33257659,0,0,1773472008971,True,True
0,1.39284,13.99973777,0,0,1773472008974,True,True
0,1.39374,117.00106278,0,0,1773472021224,False,True
0,1.39378,1.41404,0,0,1773472041982,False,True
0,1.39354,4.74174,0,0,1773472059931,False,True
0,1.3937,14.86615438,0,0,1773472063931,True,True
0,1.39391,109.3867,0,0,1773472136369,True,True
0,1.39376,1.05518,0,0,1773472164411,True,True
0,1.39369,78.0,0,0,1773472166482,False,True
0,1.39386,3.55164,0,0,1773472167034,True,True
0,1.39456,12.59493879,0,0,1773472205229,False,True
0,1.39524,25.72,0,0,1773472230263,False,True
0,1.39529,25.97,0,0,1773472244454,False,True
0,1.39544,1.59598406,0,0,1773472279158,True,True
0,1.39544,268.98339494,0,0,1773472284316,True,True
0,1.39582,89.30221043,0,0,1773472284316,True,True
0,1.39558,425.3705845,0,0,1773472316829,True,True
0,1.39559,1000.0,0,0,1773472316829,True,True
0,1.3956,7.76640906,0,0,1773472316829,True,True
0,1.39568,9.36174481,0,0,1773472360453,True,True
0,1.39557,1.40184,0,0,1773472397515,True,True
0,1.39565,33.2997,0,0,1773472488979,True,True
0,1.39566,0.78658125,0,0,1773472492137,True,True
0,1.39565,71.65120195,0,0,1773472495438,True,True
0,1.39565,22.95621,0,0,1773472507934,True,True
0,1.39566,5.5651,0,0,1773472526035,True,True
0,1.39556,42.99349365,0,0,1773472562571,False,True
0,1.39509,3.58399816,0,0,1773472564790,True,True
0,1.39507,67.46446,0,0,1773472573812,True,True
0,1.39505,6.50505,0,0,1773472575034,True,True
0,1.39502,7.65728,0,0,1773472610147,True,True
0,1.39502,70.27347,0,0,1773472612147,True,True
0,1.395,51.56272401,0,0,1773472638660,True,True
0,1.39508,1.0001,0,0,1773472694872,False,True
0,1.3951,337.26867,0,0,1773472720172,False,True
0,1.39517,26.87844,0,0,1773472726835,True,True
0,1.39517,14.05409,0,0,1773472727492,True,True
0,1.39517,2.08765,0,0,1773472732545,True,True
0,1.39526,532.4279655,0,0,1773472784112,True,True
0,1.39527,170.2207745,0,0,1773472784112,True,True
0,1.39486,5.25,0,0,1773472911925,False,True
0,1.39512,15.76925,0,0,1773472953034,True,True
0,1.39512,50.0,0,0,1773472954725,True,True
0,1.39517,20.11169,0,0,1773472969730,True,True
0,1.39511,10.10849,0,0,1773472974730,False,True
0,1.3949,214.10356111,0,0,1773472992468,False,True
0,1.39489,156.88137889,0,0,1773472992468,False,True
0,1.39505,346.0095605,0,0,1773473016391,True,True
0,1.39512,439.27570326,0,0,1773473016391,True,True
0,1.39525,5.19864,0,0,1773473035372,True,True
0,1.39573,69.41573,0,0,1773473044192,True,True
0,1.39522,13.16486,0,0,1773473051486,False,True
0,1.39541,2.98899177,0,0,1773473053236,True,True
0,1.39561,25.15473,0,0,1773473067858,True,True
0,1.39594,2.68217,0,0,1773473128372,True,True
0,1.39606,6.51626,0,0,1773473149579,True,True
0,1.39639,7.09154,0,0,1773473167909,True,True
0,1.39651,46.78034,0,0,1773473178108,False,True
0,1.39658,18.43298,0,0,1773473186077,True,True
0,1.39658,972.39175641,0,0,1773473220858,True,True
0,1.39718,259.63998517,0,0,1773473221305,False,True
0,1.39808,513.91388,0,0,1773473244164,False,True
0,1.39801,513.91388,0,0,1773473244164,False,True
0,1.39789,337.5,0,0,1773473244164,False,True
0,1.39786,634.67224,0,0,1773473244164,False,True
0,1.39822,2.69191955,0,0,1773473244165,True,True
0,1.39759,46.12342145,0,0,1773473261512,True,True
0,1.39692,106.94282674,0,0,1773473278657,True,True
0,1.39683,2147.72019501,0,0,1773473316890,True,True
0,1.3973,2.0,0,0,1773473366107,False,True
0,1.39742,2.12566,0,0,1773473400105,True,True
0,1.39735,7.12019,0,0,1773473426440,True,True
0,1.39749,168.08354504,0,0,1773473459140,True,True
0,1.39732,337.5,0,0,1773473480861,True,True
0,1.39733,1426.87684,0,0,1773473480861,True,True
0,1.39752,27.72171,0,0,1773473520035,False,True
0,1.39693,25.0,0,0,1773473574244,True,True
0,1.39693,13.32874,0,0,1773473579920,True,True
0,1.39636,3480.35054,0,0,1773473604886,True,True
0,1.39641,2.07906,0,0,1773473615026,True,True
0,1.39635,69.62743,0,0,1773473634713,True,True
0,1.39621,432.05900884,0,0,1773473651244,False,True
0,1.39618,1.16687,0,0,1773473721941,False,True
0,1.39618,726.98363,0,0,1773473743962,False,True
0,1.39619,5.36987,0,0,1773473762891,True,True
0,1.39618,39.8618137,0,0,1773473772063,False,True
0,1.39618,3057.35128408,0,0,1773473772116,False,True
0,1.3958,243.49235719,0,0,1773473772169,True,True
0,1.39572,10.74714126,0,0,1773473783123,True,True
0,1.39563,6.54478,0,0,1773473784227,False,True
0,1.39551,29.22034,0,0,1773473818118,True,True
0,1.39515,2910.66912622,0,0,1773473828603,False,True
0,1.39511,17.5235,0,0,1773473845037,False,True
0,1.39465,73.59429,0,0,1773473864457,True,True
0,1.39475,7.13132327,0,0,1773473875082,True,True
0,1.39523,11.0,0,0,1773473982562,True,True
0,1.39482,351.37205946,0,0,1773474006129,False,True
0,1.39451,3.87232791,0,0,1773474097733,False,True
0,1.39395,80.0,0,0,1773474109940,False,True
0,1.39395,2.69191955,0,0,1773474109941,False,True
0,1.39392,681.34338229,0,0,1773474111468,False,True
0,1.39392,1060.88452074,0,0,1773474111484,False,True
0,1.39392,257.77209697,0,0,1773474111501,False,True
0,1.39393,15.51116,0,0,1773474151817,True,True
0,1.39393,10.54987,0,0,1773474151995,True,True
0,1.39444,1.04928754,0,0,1773474242075,True,True
0,1.39465,2.09862113,0,0,1773474318047,True,True
0,1.39384,1.40675,0,0,1773474352034,True,True
0,1.39435,5.25,0,0,1773474392661,True,True
0,1.39402,20.02142857,0,0,1773474427516,True,True
0,1.39408,29.16944,0,0,1773474438909,False,True
0,1.39451,2.2974378,0,0,1773474479498,True,True
0,1.39395,0.91194088,0,0,1773474540214,True,True
0,1.3946,174.08906,0,0,1773474587096,True,True
0,1.39464,337.5,0,0,1773474635597,True,True
0,1.39465,10.5508,0,0,1773474635597,True,True
0,1.39423,200.0,0,0,1773474663751,False,True
0,1.39445,76.74923,0,0,1773474682529,True,True
0,1.39456,148.5226,0,0,1773474702796,True,True
0,1.39448,69.62514,0,0,1773474705429,True,True
0,1.3943,14.33178072,0,0,1773474706467,False,True
0,1.39428,13.88962,0,0,1773474726071,True,True
0,1.395,0.93495,0,0,1773474776767,True,True
0,1.39499,35.30743,0,0,1773474782370,True,True
0,1.39466,6.94431,0,0,1773474845949,True,True
0,1.39462,6.77109,0,0,1773474869070,True,True
0,1.39463,69.4456,0,0,1773474872883,True,True
0,1.39472,7.02971,0,0,1773474917215,False,True
0,1.39472,132.82577,0,0,1773474946567,True,True
0,1.39463,3.0,0,0,1773474996189,True,True
0,1.39452,10.9247958,0,0,1773475026321,True,True
0,1.39459,7.13132,0,0,1773475044764,False,True
0,1.39474,6.94436,0,0,1773475057723,True,True
0,1.39474,20.88395,0,0,1773475062029,True,True
0,1.39473,2.6758,0,0,1773475077839,True,True
0,1.39446,10.65035,0,0,1773475200204,True,True
0,1.39445,1.40613,0,0,1773475200379,True,True
0,1.39446,4.89727132,0,0,1773475200542,True,True
0,1.39435,2.53861709,0,0,1773475207059,True,True
0,1.39437,7.10023,0,0,1773475208157,True,True
0,1.39433,7.03941,0,0,1773475218036,True,True
0,1.39433,17.66479,0,0,1773475229041,True,True
0,1.39433,91.08317256,0,0,1773475235485,True,True
0,1.3944,21.30161,0,0,1773475257032,True,True
0,1.39426,1.16623645,0,0,1773475258821,False,True
0,1.39447,28.24757,0,0,1773475273831,True,True
0,1.39447,7.0389,0,0,1773475282145,True,True
0,1.39463,1.96718842,0,0,1773475345137,True,True
0,1.39467,14.12879,0,0,1773475350674,True,True
0,1.39463,10.0,0,0,1773475437258,True,True
0,1.39462,34.7232588,0,0,1773475440616,False,True
0,1.39462,34.72326,0,0,1773475440887,False,True
0,1.39462,31.4245503,0,0,1773475443837,False,True
0,1.39462,21.1048096,0,0,1773475450676,False,True
0,1.3945,140.94782,0,0,1773475479965,True,True
0,1.39477,5.49782401,0,0,1773475506817,True,True
0,1.39476,642.01616,0,0,1773475548844,False,True
0,1.39476,1000.0,0,0,1773475548844,False,True
0,1.39476,611.61779771,0,0,1773475548844,False,True
0,1.39476,337.5,0,0,1773475548844,False,True
0,1.39476,197.65176841,0,0,1773475548844,False,True
0,1.39476,3584.8461384,0,0,1773475548844,False,True
0,1.39476,2490.246534,0,0,1773475548844,False,True
0,1.39476,1371.659304,0,0,1773475548844,False,True
0,1.39476,5020.5722008,0,0,1773475548844,False,True
0,1.39476,2000.0,0,0,1773475548844,False,True
0,1.39476,7743.89009668,0,0,1773475548844,False,True
0,1.39477,5.0,0,0,1773475552002,True,True
0,1.39477,7.06369,0,0,1773475563038,True,True
0,1.39477,0.69778,0,0,1773475577848,True,True
0,1.39476,10.74714126,0,0,1773475587561,False,True
0,1.39476,23434.06276206,0,0,1773475593739,False,True
0,1.39476,1565.93723794,0,0,1773475593739,False,True
0,1.39476,100.0,0,0,1773475622737,False,True
0,1.39477,60.31111457,0,0,1773475650748,True,True
0,1.39553,2.32933252,0,0,1773475674053,True,True
0,1.39608,71.6574,0,0,1773475734211,True,True
0,1.3963,100.15849,0,0,1773475764046,True,True
0,1.39582,34.69369,0,0,1773475908786,True,True
0,1.39545,3.10678,0,0,1773476042410,False,True
0,1.39588,64.94829,0,0,1773476049014,True,True
0,1.39594,178.47454239,0,0,1773476061163,True,True
0,1.3958,139.72443,0,0,1773476117282,True,True
0,1.39594,57.30905339,0,0,1773476118490,True,True
0,1.39616,34.60824,0,0,1773476202579,True,True
0,1.39616,49.403404,0,0,1773476202579,True,True
0,1.39616,25.95026681,0,0,1773476202579,True,True
0,1.39619,4.21315,0,0,1773476244041,True,True
0,1.39614,64.5064248,0,0,1773476287269,False,True
0,1.39581,7.00645,0,0,1773476298906,True,True
0,1.39552,100.59447,0,0,1773476352956,False,True
0,1.39561,33.30113,0,0,1773476356569,True,True
0,1.39552,113.5077845,0,0,1773476359839,False,True
0,1.39529,780.0,0,0,1773476370297,True,True
0,1.39553,71.6574,0,0,1773476394357,False,True
0,1.39562,50.0,0,0,1773476409030,False,True
0,1.39533,71.6527,0,0,1773476454476,True,True
0,1.39554,33.38192,0,0,1773476482546,True,True
0,1.39615,1000.0,0,0,1773476576009,True,True
0,1.39624,2.4819,0,0,1773476576037,True,True
0,1.39621,32.9983,0,0,1773476595386,False,True
0,1.39642,100.02198,0,0,1773476627263,True,True
0,1.3964,6.49866,0,0,1773476632637,True,True
0,1.39635,2.79111,0,0,1773476652363,True,True
0,1.39645,14.31639227,0,0,1773476670830,True,True
0,1.39629,175.10601,0,0,1773476685001,True,True
0,1.39613,13.511836,0,0,1773476685436,False,True
0,1.39629,9.8429,0,0,1773476702537,True,True
0,1.39618,110.03044,0,0,1773476715394,True,True
0,1.39625,41.26699,0,0,1773476743486,True,True
0,1.39632,55.62472,0,0,1773476795741,True,True
0,1.39646,14.17972,0,0,1773476819179,True,True
0,1.39613,8.93928,0,0,1773476861760,True,True
0,1.39613,139.41911,0,0,1773476880687,True,True
0,1.39612,3.66896,0,0,1773476886316,False,True
0,1.39613,9.10538416,0,0,1773476897776,True,True
0,1.39612,32.14458039,0,0,1773476898924,False,True
0,1.39579,302.3124168,0,0,1773476898924,False,True
0,1.39658,7.63114736,0,0,1773476960037,True,True
0,1.3965,6.49866,0,0,1773476975675,False,True
0,1.39638,125.0,0,0,1773477006692,True,True
0,1.39623,107.25445307,0,0,1773477007434,False,True
0,1.39605,7.0,0,0,1773477048720,False,True
0,1.39588,21.65189439,0,0,1773477068228,True,True
0,1.39576,337.33124999,0,0,1773477068447,True,True
0,1.39574,67.76425,0,0,1773477108969,True,True
0,1.39546,15.4154,0,0,1773477122153,True,True
0,1.39538,71.6527,0,0,1773477174578,False,True
0,1.3962,2.54345941,0,0,1773477291624,True,True
0,1.39652,12.64571936,0,0,1773477298792,True,True
0,1.39658,986.19857565,0,0,1773477310580,True,True
0,1.39711,142.96168828,0,0,1773477310692,False,True
0,1.3969,20.4676,0,0,1773477342364,True,True
0,1.39673,71.5871,0,0,1773477354918,True,True
0,1.3964,128.84645,0,0,1773477380070,True,True
0,1.3964,3.99566247,0,0,1773477399204,True,True
0,1.3964,6.71201,0,0,1773477401387,True,True
0,1.39579,0.73969,0,0,1773477442199,False,True
0,1.3957,33.04897,0,0,1773477452024,True,True
0,1.39549,110.77035,0,0,1773477454544,True,True
0,1.39542,12.70945,0,0,1773477541308,False,True
0,1.39543,121.29469926,0,0,1773477558786,True,True
0,1.39543,14.20216308,0,0,1773477573857,True,True
0,1.39543,14.05147,0,0,1773477574704,True,True
0,1.39543,596.86281766,0,0,1773477578698,True,True
0,1.39614,71.5871,0,0,1773477595033,False,True
0,1.39633,336.28221082,0,0,1773477606652,False,True
0,1.39624,6.50048,0,0,1773477624276,True,True
0,1.39592,2000.0,0,0,1773477632637,False,True
0,1.39578,337.5,0,0,1773477632637,False,True
0,1.39572,3582.36439176,0,0,1773477632637,False,True
0,1.39562,7165.25899431,0,0,1773477632640,False,True
0,1.39561,1233.06816991,0,0,1773477632640,False,True
0,1.39562,2000.0,0,0,1773477632644,False,True
0,1.39545,1652.24538215,0,0,1773477632646,False,True
0,1.39545,858.4322,0,0,1773477632647,False,True
0,1.39545,60.11200533,0,0,1773477632649,False,True
0,1.39531,71.66866144,0,0,1773477632655,False,True
0,1.39544,1585.285194,0,0,1773477632663,False,True
0,1.39545,1244.189875,0,0,1773477632673,False,True
0,1.39511,5784.534403,0,0,1773477632674,False,True
0,1.39501,2838.73950724,0,0,1773477632674,False,True
0,1.395,145.0,0,0,1773477632674,False,True
0,1.39502,343.9276,0,0,1773477632699,False,True
0,1.39502,170.37639555,0,0,1773477632701,False,True
0,1.39478,1829.62360445,0,0,1773477632701,False,True
0,1.39478,2000.0,0,0,1773477632706,False,True
0,1.39511,1524.830635,0,0,1773477632712,False,True
0,1.39478,1681.91551855,0,0,1773477632712,False,True
0,1.39367,14.32439013,0,0,1773477633062,True,True
0,1.39325,534.7721649,0,0,1773477639227,False,True
0,1.39341,71.6163,0,0,1773477655156,True,True
0,1.39341,201.36249,0,0,1773477655800,True,True
0,1.39412,3.3557,0,0,1773477688450,False,True
0,1.39406,66.88858,0,0,1773477701219,True,True
0,1.39402,71.6163,0,0,1773477715273,False,True
0,1.39381,69.64262,0,0,1773477728066,True,True
0,1.39372,63.66231,0,0,1773477746293,True,True
0,1.39371,358.75469071,0,0,1773477746549,False,True
0,1.39309,140.85156,0,0,1773477820258,True,True
0,1.39308,10.76750797,0,0,1773477837531,True,True
0,1.39308,3.47619,0,0,1773477859502,True,True
0,1.393,66.91031,0,0,1773477905641,True,True
0,1.39294,722.18928,0,0,1773477945897,False,True
0,1.3929,337.5,0,0,1773477945897,False,True
0,1.39283,722.18928,0,0,1773477945897,False,True
0,1.39283,3589.81032172,0,0,1773477945897,False,True
0,1.39277,2793.50889042,0,0,1773477945897,False,True
0,1.39303,9.88333,0,0,1773477964531,True,True
0,1.39303,78.9016705,0,0,1773477977769,True,True
0,1.39304,169.3103195,0,0,1773477977769,True,True
0,1.39327,5.25,0,0,1773478011817,False,True
0,1.3935,69.5049,0,0,1773478034060,True,True
0,1.39347,34.87668,0,0,1773478043843,True,True
0,1.39347,13.24800677,0,0,1773478049749,True,True
0,1.39347,17.58904,0,0,1773478060861,True,True
0,1.39342,134.52119,0,0,1773478074733,True,True
0,1.39341,130.9090405,0,0,1773478078115,True,True
0,1.39342,8480.93367854,0,0,1773478078115,True,True
0,1.39329,13.90168,0,0,1773478107564,True,True
0,1.39296,34.75719,0,0,1773478137440,True,True
0,1.39289,13.90667,0,0,1773478143968,True,True
0,1.39292,211.15186,0,0,1773478152016,True,True
0,1.39274,25.0,0,0,1773478263077,True,True
0,1.3935,250.0,0,0,1773478314878,True,True
0,1.39387,3.36408,0,0,1773478338569,True,True
0,1.39385,33.58872,0,0,1773478377739,True,True
0,1.39343,10.66807518,0,0,1773478391321,False,True
0,1.39348,100.52928,0,0,1773478393634,True,True
0,1.39357,211.95101,0,0,1773478420193,True,True
0,1.39356,10.0,0,0,1773478490432,True,True
0,1.3934,15.0,0,0,1773478551505,True,True
0,1.39344,15.49748,0,0,1773478590743,True,True
0,1.39312,357.14286,0,0,1773478701594,False,True
0,1.39313,1.34312,0,0,1773478704796,True,True
0,1.39312,1642.85714,0,0,1773478744764,False,True
0,1.39307,5.52,0,0,1773478748604,False,True
0,1.3931,50.0,0,0,1773478767555,False,True
0,1.39343,353.55832,0,0,1773478791222,True,True
0,1.39374,3.51723098,0,0,1773478801771,True,True
0,1.39363,0.70695,0,0,1773478813039,True,True
0,1.39363,1.72470454,0,0,1773478815618,True,True
0,1.39415,21.51848797,0,0,1773478854545,True,True
0,1.39425,7.03108,0,0,1773478884885,True,True
0,1.39429,5.0,0,0,1773478917341,True,True
0,1.39429,66.92481,0,0,1773478921670,True,True
0,1.39429,1.39264,0,0,1773478927696,True,True
0,1.39427,13.92663,0,0,1773478939415,True,True
0,1.39427,74.8600945,0,0,1773478942501,True,True
0,1.39428,707.2636655,0,0,1773478942501,True,True
0,1.39457,97.90133147,0,0,1773478947578,False,True
0,1.39457,55.816851,0,0,1773478961130,True,True
0,1.39458,446.18375133,0,0,1773478961130,True,True
0,1.39496,13.9536,0,0,1773479035596,True,True
0,1.39559,259.5509488,0,0,1773479059670,False,True
0,1.39608,0.69551,0,0,1773479066833,True,True
0,1.39649,29.9644915,0,0,1773479131165,True,True
0,1.3965,20.5331185,0,0,1773479131165,True,True
0,1.39649,116.73945953,0,0,1773479131169,False,True
0,1.39672,25.96,0,0,1773479148968,False,True
0,1.39665,1.3869,0,0,1773479190325,True,True
0,1.39666,56.21797,0,0,1773479214720,True,True
0,1.39678,13.86794,0,0,1773479314892,True,True
0,1.39673,78.87268072,0,0,1773479372471,False,True
0,1.39646,14.32233855,0,0,1773479444048,False,True
0,1.39646,13.77042606,0,0,1773479546548,True,True
0,1.39654,19.36044723,0,0,1773479562927,True,True
0,1.39625,37.39855,0,0,1773479582844,True,True
0,1.39699,122.077014,0,0,1773479640907,True,True
0,1.397,1060.4366478,0,0,1773479640907,True,True
0,1.39711,13.20425,0,0,1773479659819,True,True
0,1.39705,0.89,0,0,1773479680552,False,True
0,1.39701,23.28064433,0,0,1773479688825,False,True
0,1.39684,57.26515916,0,0,1773479761640,True,True
0,1.39661,6.96826,0,0,1773479896929,True,True
0,1.3966,228.40469713,0,0,1773479909122,False,True
0,1.3964,2.32933,0,0,1773479912177,False,True
0,1.3964,105.28945,0,0,1773479929169,True,True
0,1.39643,20.56562,0,0,1773479942412,True,True
0,1.39636,5.2622,0,0,1773479981666,True,True
0,1.39636,908.47800814,0,0,1773479982045,True,True
0,1.39636,360.96964207,0,0,1773479982090,True,True
0,1.39636,225.29014979,0,0,1773479982106,True,True
0,1.3966,25.0,0,0,1773479983976,True,True
0,1.3966,138.22470737,0,0,1773479991580,True,True
0,1.3966,1251.37075018,0,0,1773479991588,True,True
0,1.3966,922.06265804,0,0,1773479991589,True,True
0,1.3966,58.41371418,0,0,1773479991592,True,True
0,1.3966,919.4255,0,0,1773479991606,True,True
0,1.3966,1455.0979731,0,0,1773479991613,True,True
0,1.39713,0.70518,0,0,1773480018035,True,True
0,1.39704,7.05175,0,0,1773480026568,True,True
0,1.39691,1.64752,0,0,1773480037766,False,True
0,1.39635,54.51861401,0,0,1773480141309,False,True
0,1.39635,54.55146154,0,0,1773480165388,False,True
0,1.39611,169.17978,0,0,1773480172905,True,True
0,1.39617,17.72884,0,0,1773480212034,True,True
0,1.3961,0.99702,0,0,1773480239147,True,True
0,1.39609,8.47249,0,0,1773480244339,False,True
0,1.3961,15.10623,0,0,1773480246197,True,True
0,1.3961,3.58140534,0,0,1773480258573,True,True
0,1.3961,1480.31534466,0,0,1773480267960,True,True
0,1.3961,3002.64635534,0,0,1773480267960,True,True
0,1.3961,153.79987106,0,0,1773480272783,True,True
0,1.39609,1056.58071308,0,0,1773480285539,False,True
0,1.39621,14.07782,0,0,1773480300983,True,True
0,1.39646,51.877391,0,0,1773480364056,True,True
0,1.39647,17.826669,0,0,1773480364056,True,True
0,1.39649,40.91487,0,0,1773480391385,False,True
0,1.39643,111.7821965,0,0,1773480413809,True,True
0,1.39644,43.92915315,0,0,1773480413809,True,True
0,1.39638,145.87304,0,0,1773480435535,False,True
0,1.39643,27.8128171,0,0,1773480442642,True,True
0,1.39644,4.4234729,0,0,1773480442642,True,True
0,1.39598,47.7302288,0,0,1773480486572,True,True
0,1.39584,897.23725492,0,0,1773480486683,True,True
0,1.39583,1.98954,0,0,1773480492435,True,True
0,1.39583,6.54978972,0,0,1773480492896,True,True
0,1.39577,5.21952,0,0,1773480537515,True,True
0,1.3955,17.73583,0,0,1773480547036,True,True
0,1.39564,7.05873,0,0,1773480561735,True,True
0,1.39559,755.62096,0,0,1773480581061,False,True
0,1.39555,728.61332865,0,0,1773480581061,False,True
0,1.39574,35.4686,0,0,1773480600050,True,True
0,1.39574,16.12764555,0,0,1773480600783,True,True
0,1.39568,23.38232,0,0,1773480603265,False,True
0,1.39561,35.47191,0,0,1773480604034,True,True
0,1.39571,14.11796,0,0,1773480652324,True,True
0,1.39604,0.70399,0,0,1773480707775,True,True
0,1.39603,3.51136,0,0,1773480711037,True,True
0,1.39603,69.54584,0,0,1773480739015,True,True
0,1.39601,400.20145102,0,0,1773480749837,False,True
0,1.39558,1205.69158283,0,0,1773480749987,False,True
0,1.39558,331.78194917,0,0,1773480749987,False,True
0,1.39539,436.95481683,0,0,1773480754480,False,True
0,1.39539,113.27395957,0,0,1773480754528,False,True
0,1.39522,22.2619177,0,0,1773480754557,False,True
0,1.39481,14.64551,0,0,1773480771873,True,True
0,1.39481,53.23838,0,0,1773480822034,True,True
0,1.39481,1.4127,0,0,1773480834033,True,True
0,1.3948,35.23064,0,0,1773480870883,False,True
0,1.39481,0.69776,0,0,1773480908934,True,True
0,1.39481,35.23064,0,0,1773480931995,True,True
0,1.3948,27.1377631,0,0,1773480937322,False,True
0,1.3948,296.10589332,0,0,1773480937328,False,True
0,1.39376,935.44184,0,0,1773480959563,False,True
0,1.39371,337.5,0,0,1773480959563,False,True
0,1.39367,7383.7,0,0,1773480959563,False,True
0,1.39365,602.00839182,0,0,1773480959563,False,True
0,1.39362,2000.0,0,0,1773480959563,False,True
0,1.39358,5021.0667548,0,0,1773480959563,False,True
0,1.39357,337.5,0,0,1773480959563,False,True
0,1.39352,3588.02537733,0,0,1773480959563,False,True
0,1.39348,1843.63051777,0,0,1773480959563,False,True
0,1.39414,33.42359,0,0,1773480991629,True,True
0,1.39457,34.90453,0,0,1773480998702,True,True
0,1.39461,14.19894,0,0,1773481042275,True,True
0,1.39467,7.04714,0,0,1773481060776,True,True
0,1.39467,168.96962,0,0,1773481063004,True,True
0,1.39462,8.69001,0,0,1773481127687,True,True
0,1.39506,70.45017,0,0,1773481164082,True,True
0,1.39515,397.9965,0,0,1773481174020,False,True
0,1.39515,140.84892352,0,0,1773481174023,False,True
0,1.39467,34.15241144,0,0,1773481174321,False,True
0,1.39441,480.5867491,0,0,1773481206529,False,True
0,1.3945,217.53317381,0,0,1773481271554,False,True
0,1.39454,1.40772,0,0,1773481291290,True,True
0,1.39464,100.0,0,0,1773481384080,True,True
0,1.39409,7.86848218,0,0,1773481429813,True,True
0,1.39409,6.52547,0,0,1773481432964,True,True
0,1.39404,100.01,0,0,1773481435963,False,True
0,1.39403,841.170801,0,0,1773481498456,True,True
0,1.39345,82.10895,0,0,1773481553876,True,True
0,1.39336,83.91536467,0,0,1773481555486,False,True
0,1.39345,35.17783,0,0,1773481574563,False,True
0,1.39324,90.0,0,0,1773481622287,False,True
0,1.39338,7.01947,0,0,1773481643099,True,True
0,1.39236,51.4030685,0,0,1773481674239,False,True
0,1.39236,939.42166791,0,0,1773481674598,False,True
0,1.3919,30.0,0,0,1773481682346,False,True
0,1.39131,0.70639,0,0,1773481683186,True,True
0,1.39131,4.57738,0,0,1773481683188,True,True
0,1.39102,94.5096971,0,0,1773481686188,False,True
0,1.39102,193.04907273,0,0,1773481687146,False,True
0,1.39,3.5971223,0,0,1773481720663,False,True
0,1.39,8.56115107,0,0,1773481720663,False,True
0,1.39,10158.18705035,0,0,1773481720663,False,True
0,1.39,398.0647482,0,0,1773481720663,False,True
0,1.38949,344.543967,0,0,1773481729140,True,True
0,1.3895,150.572353,0,0,1773481729140,True,True
0,1.38953,20.24323,0,0,1773481730592,True,True
0,1.38926,57.523333,0,0,1773481732807,False,True
0,1.38944,18.491432,0,0,1773481740363,True,True
0,1.38994,0.70708,0,0,1773481770325,True,True
0,1.38993,849.74832,0,0,1773481777770,False,True
0,1.38993,132.26056939,0,0,1773481777770,False,True
0,1.38972,337.5,0,0,1773481789471,False,True
0,1.38968,1000.0,0,0,1773481789471,False,True
0,1.38966,1000.0,0,0,1773481789471,False,True
0,1.38965,446.19626229,0,0,1773481789471,False,True
0,1.38983,40.46187,0,0,1773481792007,True,True
0,1.38973,29.62323978,0,0,1773481792921,False,True
0,1.38983,21.634976,0,0,1773481792970,True,True
0,1.38984,572.38464422,0,0,1773481803788,True,True
0,1.38984,263.44622014,0,0,1773481803794,True,True
0,1.38995,20.41187,0,0,1773481823455,False,True
0,1.39013,1910.6992,0,0,1773481843973,True,True
0,1.39023,1508.6979355,0,0,1773481854348,True,True
0,1.39023,234.14782672,0,0,1773481854348,True,True
0,1.39024,1500.0,0,0,1773481854348,True,True
0,1.39026,7192.92772037,0,0,1773481854348,True,True
0,1.39038,337.5,0,0,1773481854348,True,True
0,1.39039,640.12813104,0,0,1773481854348,True,True
0,1.39044,10654.7,0,0,1773481854348,True,True
0,1.39047,1913.74041021,0,0,1773481854348,True,True
0,1.39052,337.5,0,0,1773481854348,True,True
0,1.39054,300.0,0,0,1773481854348,True,True
0,1.39071,380.65797616,0,0,1773481854348,True,True
0,1.39071,4823.84506289,0,0,1773481854348,True,True
0,1.39072,20176.15493711,0,0,1773481854348,True,True
0,1.39072,27.36928399,0,0,1773481889684,False,True
0,1.39153,15.0,0,0,1773481897245,False,True
0,1.3918,6.90785645,0,0,1773481945207,True,True
0,1.39149,79.0,0,0,1773481956616,True,True
0,1.39144,7.05413,0,0,1773481966686,True,True
0,1.39122,527.73977,0,0,1773481990811,False,True
0,1.39076,2783.69626229,0,0,1773481998838,True,True
0,1.39023,200.0,0,0,1773482012039,False,True
0,1.39048,0.7156,0,0,1773482018043,True,True
0,1.39027,337.5,0,0,1773482019474,False,True
0,1.39026,3596.44958496,0,0,1773482019474,False,True
0,1.39026,337.5,0,0,1773482019474,False,True
0,1.39018,5031.2516306,0,0,1773482019474,False,True
0,1.39017,658.55419219,0,0,1773482019474,False,True
0,1.39016,8796.8,0,0,1773482019474,False,True
0,1.39015,7193.45434071,0,0,1773482019474,False,True
0,1.39011,337.5,0,0,1773482019474,False,True
0,1.39003,1973.43627036,0,0,1773482019474,False,True
0,1.38999,5919.15373372,0,0,1773482019474,False,True
0,1.39061,59.84793,0,0,1773482031424,False,True
0,1.39075,26.89756,0,0,1773482052988,True,True
0,1.39071,57.105993,0,0,1773482065224,True,True
0,1.3907,35.95311713,0,0,1773482085578,False,True
0,1.39043,264.04688287,0,0,1773482085578,False,True
0,1.39056,601.68303764,0,0,1773482129436,False,True
0,1.39096,104.69674,0,0,1773482230831,True,True
0,1.39091,14.78183,0,0,1773482259643,True,True
0,1.39091,33.82439,0,0,1773482280738,True,True
0,1.39126,70.48566,0,0,1773482297340,True,True
0,1.39124,69.78428,0,0,1773482310859,True,True
0,1.39091,67.17232,0,0,1773482348079,True,True
0,1.3909,50.0,0,0,1773482375338,False,True
0,1.39069,50.0,0,0,1773482379569,False,True
0,1.39045,37.8278,0,0,1773482391006,True,True
0,1.3904,1.42419,0,0,1773482400055,True,True
0,1.39024,10.73512,0,0,1773482405442,True,True
0,1.39021,0.88511807,0,0,1773482421160,True,True
0,1.39021,16.0,0,0,1773482421369,True,True
0,1.39017,2.47888,0,0,1773482428915,False,True
0,1.39023,0.96145,0,0,1773482431033,True,True
0,1.39024,1.79643,0,0,1773482438047,True,True
0,1.39021,71.22302158,0,0,1773482441839,False,True
0,1.39021,559.70654742,0,0,1773482442585,False,True
0,1.39,20.0,0,0,1773482443218,False,True
0,1.38969,71.4939,0,0,1773482454101,False,True
0,1.38949,35.97976498,0,0,1773482459725,False,True
0,1.39008,45.74082,0,0,1773482487685,True,True
0,1.39064,4.84178,0,0,1773482511393,False,True
0,1.39028,48.53879,0,0,1773482530504,True,True
0,1.39031,50.0,0,0,1773482533334,True,True
0,1.39013,14.24295,0,0,1773482558414,True,True
0,1.39013,83.95534,0,0,1773482571351,True,True
0,1.39032,175.02608,0,0,1773482602146,True,True
0,1.39011,69.78203,0,0,1773482604419,False,True
0,1.39056,60.75,0,0,1773482642697,True,True
0,1.3909,139.25,0,0,1773482642697,True,True
0,1.3909,4.22185,0,0,1773482646240,True,True
0,1.39044,200.0,0,0,1773482693612,False,True
0,1.39053,34.82192,0,0,1773482706914,True,True
0,1.39053,7.05049,0,0,1773482720418,True,True
0,1.39052,15.0,0,0,1773482746567,True,True
0,1.39053,0.91425571,0,0,1773482760144,True,True
0,1.39043,55.23653,0,0,1773482762370,False,True
0,1.39043,3.59600987,0,0,1773482788152,True,True
0,1.39043,78.9715,0,0,1773482798562,True,True
0,1.39042,13.96519,0,0,1773482807149,True,True
0,1.39041,89.84724817,0,0,1773482820093,False,True
0,1.39059,67.5448,0,0,1773482878423,True,True
0,1.39025,78.41715,0,0,1773482898339,False,True
0,1.39042,70.50483,0,0,1773482898685,True,True
0,1.39053,6.96514,0,0,1773482910633,True,True
0,1.39054,228.40469713,0,0,1773483003567,False,True
0,1.39043,8.36362,0,0,1773483008839,True,True
0,1.39059,7.19119223,0,0,1773483053202,True,True
0,1.39067,2.62749892,0,0,1773483064062,True,True
0,1.39066,6.994195,0,0,1773483070034,True,True
0,1.39067,5.4143,0,0,1773483071051,True,True
0,1.39068,2.35913,0,0,1773483086038,True,True
0,1.39024,0.84756959,0,0,1773483146254,False,True
0,1.3895,337.5,0,0,1773483201879,False,True
0,1.38941,45.15088288,0,0,1773483201879,False,True
0,1.3904,4.16943,0,0,1773483250891,False,True
0,1.39084,6.54071,0,0,1773483294512,True,True
0,1.39084,1490.0,0,0,1773483295692,True,True
0,1.39084,1.22291,0,0,1773483295915,True,True
0,1.39081,28.1891186,0,0,1773483323412,False,True
0,1.39081,19.6106247,0,0,1773483324173,False,True
0,1.39081,27.7601971,0,0,1773483324959,False,True
0,1.39081,19.9055951,0,0,1773483329097,False,True
0,1.39081,24.2843374,0,0,1773483329894,False,True
0,1.39081,24.2843461,0,0,1773483330148,False,True
0,1.39045,2.13269,0,0,1773483337839,True,True
0,1.39044,28.48304,0,0,1773483343241,True,True
0,1.39038,37.7514724,0,0,1773483352873,False,True
0,1.38987,17.267802,0,0,1773483379947,False,True
0,1.38982,3.21428,0,0,1773483382067,True,True
0,1.38972,293.6163269,0,0,1773483383290,True,True
0,1.38954,1.71476988,0,0,1773483398889,True,True
0,1.38954,14.11103,0,0,1773483405126,True,True
0,1.38924,2000.0,0,0,1773483414384,False,True
0,1.38917,10.79781452,0,0,1773483414384,False,True
0,1.38894,440.0,0,0,1773483419482,True,True
0,1.38934,3598.83109965,0,0,1773483424162,True,True
0,1.38943,904.72510035,0,0,1773483424162,True,True
0,1.38965,28.50559,0,0,1773483433709,True,True
0,1.38964,1.62909342,0,0,1773483451829,True,True
0,1.38974,1500.0,0,0,1773483468540,True,True
0,1.38994,337.5,0,0,1773483505469,False,True
0,1.38992,632.70851033,0,0,1773483505469,False,True
0,1.38981,2193.45213472,0,0,1773483505469,False,True
0,1.39002,7.40997,0,0,1773483553617,False,True
0,1.39012,1500.0,0,0,1773483557671,True,True
0,1.39034,10.0,0,0,1773483575377,True,True
0,1.39044,1.40927626,0,0,1773483594369,True,True
0,1.39044,1490.0,0,0,1773483601548,True,True
0,1.39063,20.37560258,0,0,1773483602475,False,True
0,1.3906,16.00001,0,0,1773483638974,False,True
0,1.3906,30.678065,0,0,1773483648995,False,True
0,1.39061,11.10335328,0,0,1773483649093,True,True
0,1.39061,442.21857172,0,0,1773483649093,True,True
0,1.38995,5.7929,0,0,1773483649185,False,True
0,1.38993,2.30491963,0,0,1773483682933,True,True
0,1.39006,8.64683,0,0,1773483731788,True,True
0,1.39006,210.04187,0,0,1773483746748,True,True
0,1.39006,1160.0,0,0,1773483775972,True,True
0,1.39025,70.34873,0,0,1773483799048,True,True
0,1.39022,21.15604,0,0,1773483808166,True,True
0,1.39038,50.0,0,0,1773483834652,False,True
0,1.39049,1.72864632,0,0,1773483839747,True,True
0,1.39043,126.68232,0,0,1773483859504,True,True
0,1.39023,3.02155789,0,0,1773483879827,True,True
0,1.39017,150.0,0,0,1773483880086,False,True
0,1.39024,0.99009901,0,0,1773483893377,False,True
0,1.39031,1103.17124,0,0,1773483920776,False,True
0,1.3903,163.451001,0,0,1773483941039,False,True
0,1.39031,17.51833,0,0,1773483958501,False,True
0,1.39031,360.2691,0,0,1773484005962,False,True
0,1.39032,350.63647002,0,0,1773484012887,False,True
0,1.39038,7.19571,0,0,1773484079210,True,True
0,1.39039,179.80566604,0,0,1773484087056,True,True
0,1.39058,139.65991,0,0,1773484108862,True,True
0,1.39061,22.0,0,0,1773484113643,True,True
0,1.39014,179.83800193,0,0,1773484141524,True,True
0,1.39023,7.15727,0,0,1773484242833,True,True
0,1.39005,101.17621668,0,0,1773484263700,False,True
0,1.38982,1264.82305628,0,0,1773484263700,False,True
0,1.38982,735.17694372,0,0,1773484278858,False,True
0,1.3898,104.71829602,0,0,1773484278858,False,True
0,1.38997,6.76502727,0,0,1773484303251,True,True
0,1.38997,0.20306273,0,0,1773484303251,True,True
0,1.38995,16.75305,0,0,1773484310210,True,True
0,1.38978,12.90887766,0,0,1773484380911,True,True
0,1.38978,506.9075681,0,0,1773484385317,True,True
0,1.38978,2.78593,0,0,1773484385843,True,True
0,1.38977,13.94475344,0,0,1773484420010,False,True
0,1.38876,3.52974,0,0,1773484434038,True,True
0,1.38852,2000.0,0,0,1773484444346,False,True
0,1.38838,337.5,0,0,1773484444346,False,True
0,1.38835,664.0778869,0,0,1773484444346,False,True
0,1.3883,162.08275815,0,0,1773484444346,False,True
0,1.38874,1500.0,0,0,1773484452329,True,True
0,1.38904,1500.0,0,0,1773484458522,True,True
0,1.38944,800.0,0,0,1773484470671,True,True
0,1.38974,5.25,0,0,1773484472842,True,True
0,1.38972,72.10807,0,0,1773484482040,True,True
0,1.38971,3.08162428,0,0,1773484490925,False,True
0,1.38971,13.42263,0,0,1773484516956,True,True
0,1.38971,10.5242,0,0,1773484525927,True,True
0,1.38971,62.4978025,0,0,1773484528889,True,True
0,1.38971,337.5,0,0,1773484528889,True,True
0,1.38971,3086.50650689,0,0,1773484528889,True,True
0,1.3897,21.7867868,0,0,1773484556916,False,True
0,1.3897,17.3502865,0,0,1773484560551,False,True
0,1.3897,21.2333113,0,0,1773484562650,False,True
0,1.3897,17.5444382,0,0,1773484563008,False,True
0,1.38971,16.13711,0,0,1773484563797,True,True
0,1.3897,31.3324454,0,0,1773484564923,False,True
0,1.3897,29.8441493,0,0,1773484565182,False,True
0,1.3897,19.9630974,0,0,1773484565525,False,True
0,1.3897,7.9454851,0,0,1773484579770,False,True
0,1.38944,1.39417,0,0,1773484607639,True,True
0,1.38962,10.10305,0,0,1773484639849,True,True
0,1.38954,3.10685192,0,0,1773484650713,False,True
0,1.38969,61.8029435,0,0,1773484660942,True,True
0,1.38971,23.3662365,0,0,1773484660942,True,True
0,1.3897,41.2680379,0,0,1773484663990,True,True
0,1.38971,521.7251921,0,0,1773484663990,True,True
0,1.3888,337.5,0,0,1773484683116,False,True
0,1.38872,491.687,0,0,1773484683116,False,True
0,1.38942,20.91406,0,0,1773484697881,True,True
0,1.38915,21.33897,0,0,1773484739411,True,True
0,1.38903,138.39125,0,0,1773484752153,False,True
0,1.3892,19.77204,0,0,1773484752627,True,True
0,1.38918,14.46858,0,0,1773484754530,True,True
0,1.38928,180.212492,0,0,1773484769772,True,True
0,1.38929,319.787508,0,0,1773484769772,True,True
0,1.38924,33.77646,0,0,1773484788730,True,True
0,1.38916,12.57451,0,0,1773484799601,False,True
0,1.38912,227.08414712,0,0,1773484806148,False,True
0,1.38913,34.94313,0,0,1773484811145,True,True
0,1.38913,3.6601326,0,0,1773484822139,True,True
0,1.38941,50.0,0,0,1773484871408,False,True
0,1.38967,111.7406,0,0,1773484872557,True,True
0,1.3897,17.59376,0,0,1773484910920,True,True
0,1.38952,7.05475,0,0,1773484921622,True,True
0,1.38918,442.1694968,0,0,1773484980629,True,True
0,1.38918,5.39007668,0,0,1773485040653,False,True
0,1.3894,789.5435404,0,0,1773485076287,False,True
0,1.38937,789.5435404,0,0,1773485076287,False,True
0,1.38935,337.5,0,0,1773485076287,False,True
0,1.38912,3599.40105966,0,0,1773485080521,False,True
0,1.38903,7.02288482,0,0,1773485084756,True,True
0,1.38902,60.0,0,0,1773485086071,False,True
0,1.38866,102.661104,0,0,1773485086961,True,True
0,1.38867,485.93373264,0,0,1773485086961,True,True
0,1.38862,59.11198974,0,0,1773485100166,True,True
0,1.38886,12.84107,0,0,1773485118540,False,True
0,1.38877,168.44038,0,0,1773485123940,True,True
0,1.38835,69.75821,0,0,1773485169004,True,True
0,1.38857,11.91514,0,0,1773485244324,True,True
0,1.38899,531.84955,0,0,1773485285528,True,True
0,1.38902,49.70268743,0,0,1773485374006,False,True
0,1.38902,392.09076411,0,0,1773485374030,False,True
0,1.38842,392.35107586,0,0,1773485382663,True,True
0,1.38842,1.5,0,0,1773485387448,True,True
0,1.38845,10.80364731,0,0,1773485390583,True,True
0,1.38833,10560.0,0,0,1773485395255,True,True
0,1.38876,280.27518093,0,0,1773485444696,False,True
0,1.38936,13.94682,0,0,1773485471902,True,True
0,1.38944,6.06446,0,0,1773485474382,True,True
0,1.38948,6.59557,0,0,1773485479943,True,True
0,1.38939,4.63888194,0,0,1773485481974,False,True
0,1.38944,69.73912,0,0,1773485486828,True,True
0,1.3892,252.3365205,0,0,1773485505594,True,True
0,1.38922,1000.0,0,0,1773485505594,True,True
0,1.38923,1000.0,0,0,1773485505594,True,True
0,1.38928,3599.00394869,0,0,1773485505594,True,True
0,1.38929,322.34036977,0,0,1773485505594,True,True
0,1.38912,79.53852,0,0,1773485520722,False,True
0,1.3893,422.36279,0,0,1773485522079,True,True
0,1.38959,5.89683,0,0,1773485587174,True,True
0,1.3896,251.99325398,0,0,1773485595606,False,True
0,1.38959,2.09598,0,0,1773485604457,True,True
0,1.38959,2.76772285,0,0,1773485659788,True,True
0,1.38959,34.93407,0,0,1773485671394,True,True
0,1.38983,150.0,0,0,1773485710037,True,True
0,1.3901,342.05483,0,0,1773485717228,True,True
0,1.3901,2835.55788,0,0,1773485719644,True,True
0,1.38998,7.18859,0,0,1773485783001,True,True
0,1.39012,3596.83656581,0,0,1773485786438,True,True
0,1.3902,612.49560289,0,0,1773485786438,True,True
0,1.39021,7193.19468073,0,0,1773485786438,True,True
0,1.39024,6585.54346233,0,0,1773485786438,True,True
0,1.39023,71.93054387,0,0,1773485800025,True,True
0,1.38977,17.72275,0,0,1773485859981,True,True
0,1.38974,69.69045,0,0,1773485882884,True,True
0,1.38983,70.37303,0,0,1773485908993,True,True
0,1.38982,0.98574,0,0,1773485922731,True,True
0,1.38985,7.12394,0,0,1773485962502,True,True
0,1.38986,93.8019,0,0,1773485996596,True,True
0,1.38979,3.15831888,0,0,1773486001165,True,True
0,1.3902,244.48749,0,0,1773486005430,True,True
0,1.39024,14.17748,0,0,1773486006503,True,True
0,1.39017,0.73607521,0,0,1773486010985,False,True
0,1.3902,6.64043,0,0,1773486014005,True,True
0,1.3902,14.10799,0,0,1773486015910,True,True
0,1.39019,135.57985,0,0,1773486018771,True,True
0,1.38993,139.34179,0,0,1773486033635,True,True
0,1.38988,1000.0,0,0,1773486035234,True,True
0,1.38988,337.5,0,0,1773486035234,True,True
0,1.38992,2259.62230215,0,0,1773486035234,True,True
0,1.38995,434.76795,0,0,1773486042236,False,True
0,1.38981,648.80014539,0,0,1773486073815,True,True
0,1.38981,337.5,0,0,1773486073815,True,True
0,1.38981,2604.04118886,0,0,1773486073815,True,True
0,1.38962,100.0,0,0,1773486088924,True,True
0,1.38956,2.94416825,0,0,1773486098192,False,True
0,1.38958,42.33157,0,0,1773486099581,True,True
0,1.38956,3.99928215,0,0,1773486101311,False,True
0,1.38984,0.98872,0,0,1773486142571,True,True
0,1.38972,35.18576,0,0,1773486148337,True,True
0,1.38972,105.04739,0,0,1773486148815,True,True
0,1.38972,1.86741,0,0,1773486155534,True,True
0,1.39007,110.5301,0,0,1773486179180,False,True
0,1.39068,30.6,0,0,1773486206166,False,True
0,1.39081,1.2885,0,0,1773486210155,True,True
0,1.39108,2.52171,0,0,1773486240516,False,True
0,1.39113,7.11723,0,0,1773486254075,True,True
0,1.39121,7.507742,0,0,1773486258972,True,True
0,1.39204,69.7893,0,0,1773486281736,True,True
0,1.39213,24.36511,0,0,1773486289855,True,True
0,1.39212,14.08468,0,0,1773486302630,True,True
0,1.39227,13.21665,0,0,1773486320772,True,True
0,1.3918,57.51258087,0,0,1773486352981,False,True
0,1.39168,14.08923,0,0,1773486431085,True,True
0,1.39173,35.3067,0,0,1773486489804,True,True
0,1.39175,337.5,0,0,1773486511085,True,True
0,1.39176,49.70373,0,0,1773486511085,True,True
0,1.39179,30.84067598,0,0,1773486512900,True,True
0,1.39179,0.01542805,0,0,1773486514901,True,True
0,1.39184,1.97423535,0,0,1773486552198,True,True
0,1.39208,3.59236694,0,0,1773486590623,True,True
0,1.39208,14.29551,0,0,1773486623801,True,True
0,1.39199,13.25196,0,0,1773486678748,True,True
0,1.39199,10.0,0,0,1773486685437,True,True
0,1.39195,8.40515465,0,0,1773486711095,False,True
0,1.39185,12.99131,0,0,1773486779018,False,True
0,1.39163,69.5793,0,0,1773486788552,True,True
0,1.39162,359.29348529,0,0,1773486794315,True,True
0,1.39161,1362.39837,0,0,1773486799353,True,True
0,1.39176,92.4162,0,0,1773486860754,True,True
0,1.39213,53.87427898,0,0,1773486904420,True,True
0,1.39203,160.9377,0,0,1773486905496,False,True
0,1.39206,17.3937,0,0,1773486927945,True,True
0,1.3921,70.25322,0,0,1773486967694,True,True
0,1.392,1000.0,0,0,1773486984951,True,True
0,1.39187,3.03780347,0,0,1773487023462,False,True
0,1.39199,6.51944,0,0,1773487050763,True,True
0,1.39184,402.53052,0,0,1773487110100,True,True
0,1.39175,337.5,0,0,1773487120445,True,True
0,1.39176,1054.83242,0,0,1773487120445,True,True
0,1.39154,17.78732,0,0,1773487149733,True,True
0,1.39157,17.4002,0,0,1773487167720,True,True
0,1.39157,1.23664,0,0,1773487168274,True,True
0,1.39183,25.0,0,0,1773487188770,True,True
0,1.39156,10.80364731,0,0,1773487194350,False,True
0,1.39176,10.7777203,0,0,1773487194536,True,True
0,1.39189,21.58913707,0,0,1773487238481,False,True
0,1.39189,21.58913707,0,0,1773487238481,False,True
0,1.39219,1.49607374,0,0,1773487251385,True,True
0,1.39219,1.49607374,0,0,1773487251385,True,True
0,1.39182,2.23002874,0,0,1773487271662,True,True
0,1.39182,335.26997126,0,0,1773487275792,True,True
0,1.39183,478.78236372,0,0,1773487275792,True,True
0,1.39189,374.12430502,0,0,1773487275792,True,True
0,1.39183,16.77154,0,0,1773487286380,True,True
0,1.39183,14.05337,0,0,1773487301548,True,True
0,1.39142,275.86104,0,0,1773487361627,True,True
0,1.39226,17.43341,0,0,1773487425769,True,True
0,1.39221,35.91412216,0,0,1773487464393,False,True
0,1.39203,74.08587784,0,0,1773487464393,False,True
0,1.39235,0.70413,0,0,1773487477033,True,True
0,1.39244,548.32896,0,0,1773487495087,False,True
0,1.39243,127.9301,0,0,1773487495087,False,True
0,1.39251,7.04133,0,0,1773487495426,True,True
0,1.3926,12.57315,0,0,1773487536669,False,True
0,1.39276,18.79446271,0,0,1773487548916,True,True
0,1.39293,25.0,0,0,1773487589413,True,True
0,1.39336,10.13657401,0,0,1773487653058,True,True
0,1.3929,0.91962,0,0,1773487678164,False,True
0,1.39291,66.6301,0,0,1773487678521,False,True
0,1.39305,2.42657,0,0,1773487703531,False,True
0,1.39292,13.49939,0,0,1773487707412,False,True
0,1.3929,3.66103,0,0,1773487725676,False,True
0,1.3929,2.59861627,0,0,1773487731135,False,True
0,1.3929,100.0,0,0,1773487731135,False,True
0,1.39249,2448.36305373,0,0,1773487731135,False,True
0,1.39265,26.72554,0,0,1773487732385,True,True
0,1.39266,35.2787,0,0,1773487734720,True,True
0,1.39244,46.48669,0,0,1773487781990,False,True
0,1.39242,7.07581,0,0,1773487791243,True,True
0,1.392,17.78157,0,0,1773487810848,True,True
0,1.39169,50.0,0,0,1773487815241,False,True
0,1.39154,59.3587,0,0,1773487828292,False,True
0,1.39152,8.37171,0,0,1773487841390,True,True
0,1.39162,46.48669,0,0,1773487849514,False,True
0,1.39179,3592.5113264,0,0,1773487853489,True,True
0,1.39181,1406.86929676,0,0,1773487853489,True,True
0,1.39213,337.5,0,0,1773487877791,True,True
0,1.39214,2333.92446663,0,0,1773487877791,True,True
0,1.392,150.0,0,0,1773487888004,False,True
0,1.39215,1000.0,0,0,1773487889296,True,True
0,1.39213,143.66474395,0,0,1773487890456,True,True
0,1.39179,127.93012,0,0,1773487892536,True,True
0,1.39199,337.5,0,0,1773487892536,True,True
0,1.3921,226.51244784,0,0,1773487892536,True,True
0,1.39212,2786.59767216,0,0,1773487892536,True,True
0,1.39187,4.48685,0,0,1773487920036,True,True
0,1.39212,2.09225,0,0,1773487928307,True,True
0,1.39225,422.52212,0,0,1773487971413,True,True
0,1.39213,666.66666666,0,0,1773487976508,False,True
0,1.39199,800.0,0,0,1773487976508,False,True
0,1.39198,800.0,0,0,1773487976508,False,True
0,1.39197,295.45825334,0,0,1773487976508,False,True
0,1.39204,1.40857,0,0,1773487999033,True,True
0,1.39221,133.75687,0,0,1773488019754,True,True
0,1.39205,3.01789807,0,0,1773488030100,False,True
0,1.392,33.86755,0,0,1773488046123,False,True
0,1.39262,5.25,0,0,1773488091855,False,True
0,1.39242,12.79244224,0,0,1773488103572,False,True
0,1.39207,0.70774,0,0,1773488170038,True,True
0,1.39207,32.48519,0,0,1773488177887,True,True
0,1.39207,7.06,0,0,1773488198466,True,True
0,1.39206,287.35111992,0,0,1773488212928,False,True
0,1.39182,25.86541363,0,0,1773488234391,False,True
0,1.39143,276.90244637,0,0,1773488234391,False,True
0,1.39159,34.79915,0,0,1773488236887,True,True
0,1.39158,33.16012105,0,0,1773488238896,True,True
0,1.39158,239.13055895,0,0,1773488238896,True,True
0,1.39155,53.66738,0,0,1773488239984,True,True
0,1.3914,35.23042,0,0,1773488302355,True,True
0,1.39153,13.25758,0,0,1773488355092,True,True
0,1.39152,131.76238932,0,0,1773488358574,False,True
0,1.39135,2000.0,0,0,1773488358574,False,True
0,1.39132,652.83221713,0,0,1773488358574,False,True
0,1.39128,3593.80029492,0,0,1773488358574,False,True
0,1.3912,337.5,0,0,1773488358574,False,True
0,1.39118,6380.23031987,0,0,1773488358574,False,True
0,1.39151,13.92026,0,0,1773488365500,True,True
0,1.39147,35.14201,0,0,1773488377658,True,True
0,1.39143,1.84274758,0,0,1773488397594,True,True
0,1.39143,1.38188769,0,0,1773488397926,True,True
0,1.39143,203.27515,0,0,1773488399536,True,True
0,1.39119,248.70958418,0,0,1773488405611,False,True
0,1.39139,4.63994339,0,0,1773488409108,True,True
0,1.39139,47.69149661,0,0,1773488409108,True,True
0,1.39138,70.28958,0,0,1773488417573,True,True
0,1.39124,16.39609,0,0,1773488439993,True,True
0,1.39115,14.69806,0,0,1773488490548,False,True
0,1.39117,17.46742,0,0,1773488501454,True,True
0,1.39116,7.0473,0,0,1773488532591,True,True
0,1.39115,30.0,0,0,1773488548010,False,True
0,1.39116,7.18695424,0,0,1773488554200,True,True
0,1.39172,170.22102,0,0,1773488630429,False,True
0,1.39172,50.0,0,0,1773488632204,False,True
0,1.39176,10.67101,0,0,1773488636084,True,True
0,1.39176,28.39513,0,0,1773488781850,True,True
0,1.39192,49.0,0,0,1773488790106,False,True
0,1.39254,17.39145,0,0,1773488825836,True,True
0,1.39254,10.56047,0,0,1773488850318,True,True
0,1.39297,7.14319,0,0,1773488893035,True,True
0,1.39289,144.9,0,0,1773488907177,False,True
0,1.39249,1435.0,0,0,1773488907911,True,True
0,1.39209,133.99462,0,0,1773488917739,True,True
0,1.39203,70.76878,0,0,1773488977154,True,True
0,1.39193,355.62133153,0,0,1773488981035,True,True
0,1.39223,10.7777203,0,0,1773488998532,False,True
0,1.39224,10.77400448,0,0,1773488998784,True,True
0,1.39209,8.63354,0,0,1773489023973,True,True
0,1.39192,0.99009901,0,0,1773489058760,False,True
0,1.39217,2.33526094,0,0,1773489067603,True,True
0,1.39224,0.99009901,0,0,1773489128147,False,True
0,1.39238,34.77866,0,0,1773489148010,True,True
0,1.39225,310.34839627,0,0,1773489158183,True,True
0,1.39244,6.95558,0,0,1773489183181,True,True
0,1.39234,28.02713222,0,0,1773489192287,True,True
0,1.39243,9.88695,0,0,1773489219059,True,True
0,1.39244,600.0,0,0,1773489221036,True,True
0,1.39244,69.55632,0,0,1773489234276,True,True
0,1.39243,1.70356702,0,0,1773489240077,False,True
0,1.39244,176.02054,0,0,1773489291722,True,True
0,1.39293,69.89429,0,0,1773489302793,True,True
0,1.39219,2.12599574,0,0,1773489320597,False,True
0,1.39234,14.08265,0,0,1773489322035,True,True
0,1.39229,337.5,0,0,1773489324077,False,True
0,1.39227,162.5,0,0,1773489324077,False,True
0,1.3922,9.39636,0,0,1773489340097,False,True
0,1.39226,4.02625,0,0,1773489343937,True,True
0,1.39226,21.12398,0,0,1773489345319,True,True
0,1.39217,110.97703,0,0,1773489372527,False,True
0,1.39234,96.0,0,0,1773489377281,True,True
0,1.39234,48.228428,0,0,1773489413639,True,True
0,1.39234,25.0,0,0,1773489431049,True,True
0,1.39233,32.94242,0,0,1773489534824,False,True
0,1.39234,11.58087,0,0,1773489543580,True,True
0,1.39234,7.07601,0,0,1773489553819,True,True
0,1.39276,34.07575201,0,0,1773489561338,True,True
0,1.39277,0.69690799,0,0,1773489561338,True,True
0,1.39246,72.859706,0,0,1773489578958,False,True
0,1.3925,22.25756,0,0,1773489600734,False,True
0,1.39256,2005.68102307,0,0,1773489601315,False,True
0,1.39283,6.66075,0,0,1773489602836,True,True
0,1.39264,7.14391,0,0,1773489606014,True,True
0,1.39264,330.35609,0,0,1773489606282,True,True
0,1.39266,20.72592,0,0,1773489606282,True,True
0,1.39271,1.40091901,0,0,1773489625293,True,True
0,1.39259,105.2801812,0,0,1773489661910,True,True
0,1.39253,81.08076015,0,0,1773489662260,True,True
0,1.39253,7.072,0,0,1773489663967,True,True
0,1.39253,168.74282,0,0,1773489664176,True,True
0,1.39247,10.71302,0,0,1773489675840,True,True
0,1.39294,3.07524,0,0,1773489735753,True,True
0,1.39282,38.54825,0,0,1773489741942,False,True
0,1.39338,2.98053,0,0,1773489776820,True,True
0,1.39353,69.67138,0,0,1773489780508,True,True
0,1.39353,1.85091099,0,0,1773489786225,True,True
0,1.39353,34.65868,0,0,1773489787178,True,True
0,1.39404,200.58786,0,0,1773489796636,True,True
0,1.39404,1299.41214,0,0,1773489828959,True,True
0,1.39418,337.5,0,0,1773489828959,True,True
0,1.39426,596.99721,0,0,1773489828959,True,True
0,1.39405,3.58669766,0,0,1773489829869,True,True
0,1.39403,3000.0,0,0,1773489833387,False,True
0,1.39349,7.73146,0,0,1773489834551,False,True
0,1.3935,1.3224973,0,0,1773489844960,True,True
0,1.39349,71.25739,0,0,1773489861214,False,True
0,1.3935,1.0,0,0,1773489862761,True,True
0,1.3935,34.92056,0,0,1773489874706,True,True
0,1.3935,1410.55039,0,0,1773489879769,True,True
0,1.3935,69.84112,0,0,1773489897027,True,True
0,1.3938,3.51698,0,0,1773489926042,True,True
0,1.39367,9.32357,0,0,1773489930852,False,True
0,1.3938,14.04484519,0,0,1773489936494,True,True
0,1.39382,41.81456,0,0,1773489942121,True,True
0,1.39381,16.99768,0,0,1773489954437,True,True
0,1.39381,15.2448,0,0,1773489973497,True,True
0,1.39381,209.47676,0,0,1773489986061,True,True
0,1.39381,21.2186,0,0,1773490007118,True,True
0,1.39417,2.12002,0,0,1773490030824,True,True
0,1.39381,7.0339,0,0,1773490066175,True,True
0,1.3938,251.72587681,0,0,1773490076191,False,True
0,1.3935,17.66094,0,0,1773490081423,True,True
0,1.39302,71.05124,0,0,1773490107153,True,True
0,1.39298,67.40464404,0,0,1773490109981,True,True
0,1.3928,9.95697,0,0,1773490128617,True,True
0,1.39278,14.078,0,0,1773490138777,True,True
0,1.39279,69.70662,0,0,1773490151822,True,True
0,1.39284,69.70912,0,0,1773490179100,True,True
0,1.39281,1000.0,0,0,1773490195365,True,True
0,1.3928,422.55954499,0,0,1773490199032,False,True
0,1.39262,59.72904501,0,0,1773490199105,False,True
0,1.39219,9.38980754,0,0,1773490203589,True,True
0,1.39219,252.18799246,0,0,1773490203589,True,True
0,1.39219,34.86858,0,0,1773490211931,True,True
0,1.39218,7.18297921,0,0,1773490214216,False,True
0,1.39184,2.81702079,0,0,1773490214216,False,True
0,1.39185,176.09389,0,0,1773490222756,True,True
0,1.39185,7.11181,0,0,1773490223212,True,True
0,1.39185,0.71387002,0,0,1773490228489,True,True
0,1.39212,5.00614113,0,0,1773490267382,True,True
0,1.39213,299.13082,0,0,1773490272599,True,True
0,1.39208,24.92874664,0,0,1773490289121,True,True
0,1.39218,101.49856,0,0,1773490292764,True,True
0,1.39218,69.56881,0,0,1773490298453,True,True
0,1.3922,11.97146,0,0,1773490319033,True,True
0,1.39214,34.86883,0,0,1773490321588,False,True
0,1.39247,111.57866,0,0,1773490332409,True,True
0,1.39247,66.78509,0,0,1773490334789,True,True
0,1.39258,35.9850475,0,0,1773490336715,False,True
0,1.39197,8.76175,0,0,1773490372792,False,True
0,1.39196,50.0852997,0,0,1773490374599,False,True
0,1.39212,35.56186,0,0,1773490392880,True,True
0,1.39209,697.42171,0,0,1773490407445,True,True
0,1.39184,8.76174,0,0,1773490416946,False,True
0,1.39185,287.33567991,0,0,1773490429762,True,True
0,1.39185,144.51875,0,0,1773490436437,True,True
0,1.39185,6.99239,0,0,1773490448924,True,True
0,1.39185,7.14894,0,0,1773490451878,True,True
0,1.39185,30.74801,0,0,1773490453089,True,True
0,1.39193,2.15517242,0,0,1773490463457,True,True
0,1.39198,76.17894,0,0,1773490463690,True,True
0,1.392,566.22749,0,0,1773490465349,True,True
0,1.39212,64.36228,0,0,1773490470457,False,True
0,1.39221,66.94671,0,0,1773490473447,True,True
0,1.39228,209.19646,0,0,1773490540159,True,True
0,1.3923,10.0,0,0,1773490556353,False,True
0,1.393,6.95279,0,0,1773490607082,True,True
0,1.39307,34.76443,0,0,1773490616290,True,True
0,1.39305,13.20925,0,0,1773490617193,True,True
0,1.39318,4.08571,0,0,1773490621960,True,True
0,1.39304,205.89110205,0,0,1773490623366,False,True
0,1.39303,55.53997795,0,0,1773490623366,False,True
0,1.39321,28.42702,0,0,1773490647209,True,True
0,1.39312,305.89824429,0,0,1773490652818,False,True
0,1.39312,305.89824429,0,0,1773490652828,False,True
0,1.39312,339.56752583,0,0,1773490653941,False,True
0,1.39252,3.90424,0,0,1773490660668,False,True
0,1.39248,6.59682,0,0,1773490674997,True,True
0,1.39246,13.37727,0,0,1773490690623,True,True
0,1.39258,14.08154,0,0,1773490692293,True,True
0,1.39276,34.86107,0,0,1773490704858,True,True
0,1.39272,1.95,0,0,1773490732030,False,True
0,1.39296,1.00002,0,0,1773490743907,False,True
0,1.39307,70.37587,0,0,1773490780718,True,True
0,1.39312,280.44703,0,0,1773490793807,True,True
0,1.39323,6.65932,0,0,1773490794684,True,True
0,1.39301,10.77400448,0,0,1773490802874,False,True
0,1.39311,69.68961,0,0,1773490805721,True,True
0,1.39314,215.34088462,0,0,1773490816955,True,True
0,1.39314,69.52236,0,0,1773490826371,True,True
0,1.39315,7.14232,0,0,1773490828077,True,True
0,1.39317,1.82145,0,0,1773490835628,True,True
0,1.39316,69.68861,0,0,1773490851499,True,True
0,1.39309,14.688,0,0,1773490870367,True,True
0,1.3931,70.24401,0,0,1773490890084,True,True
0,1.39251,20.26066504,0,0,1773490900641,False,True
0,1.39273,10.53551,0,0,1773490908420,True,True
0,1.39277,70.40417,0,0,1773490923957,True,True
0,1.39277,175.97883,0,0,1773490928396,True,True
0,1.39266,75.0,0,0,1773490947714,True,True
0,1.39248,79.30513,0,0,1773490950654,False,True
0,1.39258,337.5,0,0,1773490951467,True,True
0,1.39259,636.56122322,0,0,1773490951467,True,True
0,1.39271,71.64316678,0,0,1773490951467,True,True
0,1.39241,2.5454033,0,0,1773490956725,False,True
0,1.39239,2.081,0,0,1773490980214,True,True
0,1.39261,1.62683,0,0,1773490999244,True,True
0,1.39253,38.0,0,0,1773491030034,False,True
0,1.3927,3.47714,0,0,1773491038751,True,True
0,1.3927,168.79492,0,0,1773491041054,True,True
0,1.39268,4.73593,0,0,1773491063569,True,True
0,1.39271,2433.92917,0,0,1773491070718,True,True
0,1.39256,75.0,0,0,1773491071069,False,True
0,1.39273,10.1,0,0,1773491073405,True,True
0,1.39272,5.17692,0,0,1773491104946,False,True
0,1.39258,15.0,0,0,1773491114108,True,True
0,1.39257,70.228,0,0,1773491122402,True,True
0,1.39259,85.1174,0,0,1773491132721,True,True
0,1.39231,13.94613,0,0,1773491151026,True,True
0,1.39222,9.72410791,0,0,1773491161888,False,True
0,1.39222,5.39345869,0,0,1773491171462,False,True
0,1.39198,9.5235,0,0,1773491173551,True,True
0,1.39186,53.88472978,0,0,1773491207354,False,True
0,1.39184,246.11527022,0,0,1773491207354,False,True
0,1.39199,69.5758,0,0,1773491223886,True,True
0,1.39205,7.02588,0,0,1773491248960,True,True
0,1.39217,337.5,0,0,1773491256099,False,True
0,1.39203,119.14037,0,0,1773491256099,False,True
0,1.39199,2.83766406,0,0,1773491282823,True,True
0,1.39196,28.1734,0,0,1773491291843,True,True
0,1.39189,21.12975,0,0,1773491294360,True,True
0,1.39185,70.32248,0,0,1773491301390,True,True
0,1.39184,101.7222812,0,0,1773491308665,False,True
0,1.3914,17.78962,0,0,1773491321654,True,True
0,1.39118,43.70390604,0,0,1773491347322,True,True
0,1.39119,209.77174,0,0,1773491352909,True,True
0,1.39057,35.90951864,0,0,1773491400149,False,True
0,1.39081,19.22094,0,0,1773491413034,True,True
0,1.39059,2.28787602,0,0,1773491417339,False,True
0,1.39052,22.258858,0,0,1773491422171,False,True
0,1.39031,890.0,0,0,1773491441192,True,True
0,1.39031,1.3983224,0,0,1773491446231,True,True
0,1.39074,5.2242176,0,0,1773491446231,True,True
0,1.39086,36.81894655,0,0,1773491460928,True,True
0,1.39085,6.52806018,0,0,1773491476927,False,True
0,1.39103,46.29087798,0,0,1773491477955,True,True
0,1.39085,41.21207,0,0,1773491486581,False,True
0,1.39096,13.92306,0,0,1773491524224,True,True
0,1.39096,7.02966,0,0,1773491527400,True,True
0,1.39098,6.97993,0,0,1773491551129,True,True
0,1.39102,4.7786,0,0,1773491561408,True,True
0,1.39102,5.25,0,0,1773491615118,True,True
0,1.39095,208.7359,0,0,1773491624011,True,True
0,1.39097,1602.944234,0,0,1773491651158,True,True
0,1.39097,337.5,0,0,1773491651158,True,True
0,1.39098,1543.029696,0,0,1773491651158,True,True
0,1.39083,46.6140641,0,0,1773491653940,False,True
0,1.39083,44.3998923,0,0,1773491657177,False,True
0,1.39083,42.2908954,0,0,1773491659169,False,True
0,1.3905,151.736983,0,0,1773491670673,True,True
0,1.39051,611.53259677,0,0,1773491670673,True,True
0,1.39025,2.23002874,0,0,1773491674474,False,True
0,1.39047,6.35391,0,0,1773491712311,False,True
0,1.39046,6.99053,0,0,1773491733878,True,True
0,1.39046,17.45623,0,0,1773491745736,True,True
0,1.39038,132.66144,0,0,1773491755766,False,True
0,1.39048,14.1017,0,0,1773491758159,True,True
0,1.3901,70.50797,0,0,1773491765333,True,True
0,1.39001,34.92101,0,0,1773491772147,True,True
0,1.39,2.15827339,0,0,1773491772634,False,True
0,1.38988,289.800568,0,0,1773491779255,True,True
0,1.38981,2963.132555,0,0,1773491799229,True,True
0,1.38981,337.5,0,0,1773491799229,True,True
0,1.38982,3597.58817688,0,0,1773491799229,True,True
0,1.38983,170.35616812,0,0,1773491799229,True,True
0,1.38957,251.79856116,0,0,1773491821003,True,True
0,1.38957,2.29279561,0,0,1773491821922,True,True
0,1.38956,81.03164,0,0,1773491824717,False,True
0,1.38957,175.09661,0,0,1773491830083,True,True
0,1.38956,19.9727492,0,0,1773491834473,False,True
0,1.38923,45.0704308,0,0,1773491834473,False,True
0,1.38942,7.34293,0,0,1773491837235,True,True
0,1.38942,35.01932,0,0,1773491843768,True,True
0,1.38942,84.6396338,0,0,1773491845890,True,True
0,1.38941,20.83321,0,0,1773491853577,True,True
0,1.38913,337.5,0,0,1773491886907,False,True
0,1.38912,800.0,0,0,1773491886907,False,True
0,1.38911,2607.36126328,0,0,1773491886907,False,True
0,1.38934,71.26398,0,0,1773491900579,True,True
0,1.3893,34.85551,0,0,1773491916039,True,True
0,1.38888,67.2705,0,0,1773491978690,True,True
0,1.38887,2.75,0,0,1773492006000,False,True
0,1.38884,276.62263138,0,0,1773492006000,False,True
0,1.38899,7.07621,0,0,1773492012443,True,True
0,1.38901,67.0,0,0,1773492015849,False,True
0,1.38916,64.99305,0,0,1773492022176,True,True
0,1.38893,4.44444444,0,0,1773492054854,True,True
0,1.3884,1e-08,0,0,1773492072304,True,True
0,1.38829,14.26245,0,0,1773492091463,True,True
0,1.38838,7.13122,0,0,1773492097010,True,True
0,1.38834,1.17707,0,0,1773492108723,False,True
0,1.38858,24.85222,0,0,1773492108724,True,True
0,1.38859,158.01024,0,0,1773492128743,False,True
0,1.3887,13.41359,0,0,1773492132316,True,True
0,1.38849,126.0361976,0,0,1773492139036,True,True
0,1.38859,35.304,0,0,1773492166220,True,True
0,1.38853,70.95736,0,0,1773492181632,True,True
0,1.38869,385.28957,0,0,1773492188751,True,True
0,1.38846,62.46309,0,0,1773492190682,False,True
0,1.3885,14.01852,0,0,1773492198621,True,True
0,1.3885,100.0,0,0,1773492198744,True,True
0,1.38865,337.5,0,0,1773492228244,False,True
0,1.38844,211.25,0,0,1773492228244,False,True
0,1.38876,26.37834,0,0,1773492238412,True,True
0,1.38877,150.0,0,0,1773492255947,True,True
0,1.38911,1.7394,0,0,1773492274088,True,True
0,1.3891,10.80092456,0,0,1773492274566,True,True
0,1.38907,67.39707,0,0,1773492280018,True,True
0,1.38898,32.3978747,0,0,1773492286338,True,True
0,1.38884,304.1351375,0,0,1773492330443,True,True
0,1.38886,1080.02246446,0,0,1773492330443,True,True
0,1.38892,3599.9368454,0,0,1773492330443,True,True
0,1.38897,89.9947443,0,0,1773492330443,True,True
0,1.38897,720.02016056,0,0,1773492330443,True,True
0,1.38898,652.93517282,0,0,1773492330443,True,True
0,1.38898,317.18928496,0,0,1773492330443,True,True
0,1.38888,0.71642,0,0,1773492345034,True,True
0,1.38888,144.00092161,0,0,1773492346123,True,True
0,1.389,7.05816,0,0,1773492367314,True,True
0,1.389,287.21566369,0,0,1773492368677,True,True
0,1.38897,35.99789772,0,0,1773492382185,True,True
0,1.38901,58.71459,0,0,1773492404569,True,True
0,1.389,35.29129,0,0,1773492408066,True,True
0,1.389,8.894519,0,0,1773492409349,True,True
0,1.38905,174.73198,0,0,1773492438879,True,True
0,1.38904,17.64514,0,0,1773492441910,True,True
0,1.38899,7.12819,0,0,1773492454032,True,True
0,1.38899,121.47675649,0,0,1773492457595,True,True
0,1.38898,30.52445,0,0,1773492476049,False,True
0,1.38901,1.65,0,0,1773492479429,True,True
0,1.38939,7.07565,0,0,1773492487163,True,True
0,1.38941,1.65,0,0,1773492491996,True,True
0,1.3894,2972.682392,0,0,1773492500189,True,True
0,1.38943,2200.11029706,0,0,1773492500189,True,True
0,1.38931,8.48405,0,0,1773492521511,False,True
0,1.38921,10.89594,0,0,1773492527028,True,True
0,1.3892,2.76666829,0,0,1773492529713,False,True
0,1.38921,29.770853,0,0,1773492560726,True,True
0,1.38921,5.257547,0,0,1773492560726,True,True
0,1.3892,2.91349,0,0,1773492563836,False,True
0,1.38921,359.91678723,0,0,1773492566753,True,True
0,1.3892,147.65333,0,0,1773492568639,False,True
0,1.38949,10.79532778,0,0,1773492608158,True,True
0,1.38951,8.42441,0,0,1773492621768,True,True
0,1.38942,337.5,0,0,1773492624229,False,True
0,1.38929,12.45427475,0,0,1773492624229,False,True
0,1.3895,17.05041,0,0,1773492624872,True,True
0,1.3895,1465.35509742,0,0,1773492633930,True,True
0,1.38951,277.24465258,0,0,1773492633930,True,True
0,1.3895,21.8011547,0,0,1773492636231,True,True
0,1.38951,162.7124553,0,0,1773492636231,True,True
0,1.3895,31.8467072,0,0,1773492650921,True,True
0,1.38951,72.7070228,0,0,1773492650921,True,True
0,1.38948,35.2786,0,0,1773492657620,True,True
0,1.38936,240.48482755,0,0,1773492663205,True,True
0,1.38935,104.5940215,0,0,1773492670976,True,True
0,1.38936,514.66307957,0,0,1773492670976,True,True
0,1.38935,17.9458624,0,0,1773492677923,True,True
0,1.38936,1.16967524,0,0,1773492678144,True,True
0,1.38935,15.9686337,0,0,1773492686305,False,True
0,1.38935,558.90228872,0,0,1773492686331,False,True
0,1.3892,23.1116825,0,0,1773492686672,False,True
0,1.3892,327.44195849,0,0,1773492686696,False,True
0,1.38899,1079.92138172,0,0,1773492703808,True,True
0,1.38899,6095.07861828,0,0,1773492703808,True,True
0,1.38904,56.6561475,0,0,1773492732167,True,True
0,1.38905,275.3337496,0,0,1773492732167,True,True
0,1.38905,330.83762284,0,0,1773492741184,True,True
0,1.38905,35.29002,0,0,1773492741800,True,True
0,1.38902,7.81378,0,0,1773492756160,True,True
0,1.38909,7.06647,0,0,1773492761234,True,True
0,1.38908,70.58129,0,0,1773492763052,True,True
0,1.38908,35.28926,0,0,1773492763903,True,True
0,1.38899,7.16366,0,0,1773492775127,True,True
0,1.38898,673.435346,0,0,1773492780306,False,True
0,1.38916,70.06789,0,0,1773492791928,True,True
0,1.38913,161.17855,0,0,1773492796405,False,True
0,1.38918,179.96227991,0,0,1773492801039,True,True
0,1.38924,208.3252786,0,0,1773492811156,False,True
0,1.38923,311.81799224,0,0,1773492811156,False,True
0,1.38983,34.367637,0,0,1773492852722,True,True
0,1.38983,36.032523,0,0,1773492852722,True,True
0,1.38959,18.86576,0,0,1773492924433,True,True
0,1.38942,221.0,0,0,1773492932029,False,True
0,1.38969,17.81215,0,0,1773492944212,True,True
0,1.38969,6.9696,0,0,1773492944965,True,True
0,1.38969,4.9973817,0,0,1773492946632,True,True
0,1.38969,714.58238371,0,0,1773492946632,True,True
0,1.38982,8.01371,0,0,1773492956783,True,True
0,1.38979,79.99050216,0,0,1773492962529,True,True
0,1.38973,14.06668,0,0,1773492968600,False,True
0,1.38992,13.83701102,0,0,1773493000704,True,True
0,1.38972,129.21471,0,0,1773493012152,False,True
0,1.38991,90.797618,0,0,1773493016265,True,True
0,1.38992,118.774162,0,0,1773493016265,True,True
0,1.3898,16.5743423,0,0,1773493028974,True,True
0,1.38981,19.25801302,0,0,1773493028974,True,True
0,1.3899,13.98731,0,0,1773493052700,True,True
0,1.38976,7.12424,0,0,1773493070034,True,True
0,1.38975,40.93361,0,0,1773493081707,False,True
0,1.38929,143.9573,0,0,1773493097767,True,True
0,1.38918,647.9937805,0,0,1773493119224,True,True
0,1.38916,0.99009901,0,0,1773493135102,False,True
0,1.38921,2.72471,0,0,1773493143853,False,True
0,1.38931,337.5,0,0,1773493150195,False,True
0,1.38957,34.86624,0,0,1773493205748,True,True
0,1.38957,10.58305,0,0,1773493206034,True,True
0,1.38925,3.48588,0,0,1773493212346,True,True
0,1.38915,31.75645,0,0,1773493219830,True,True
0,1.3891,21.09387,0,0,1773493224398,True,True
0,1.38913,35.28875,0,0,1773493236570,True,True
0,1.38912,7.09242,0,0,1773493237754,True,True
0,1.3891,82.760694,0,0,1773493242561,True,True
0,1.3891,126.912296,0,0,1773493242561,True,True
0,1.3891,13.47578,0,0,1773493281763,True,True
0,1.3891,7.07509,0,0,1773493299242,True,True
0,1.3891,28.65236,0,0,1773493302263,True,True
0,1.3891,3.51148225,0,0,1773493342610,True,True
0,1.3891,212.45569074,0,0,1773493369356,True,True
0,1.3895,55.6745505,0,0,1773493369356,True,True
0,1.38952,82.14060876,0,0,1773493369356,True,True
0,1.38959,7.05415,0,0,1773493392292,True,True
0,1.38942,740.45285,0,0,1773493411906,False,True
0,1.38942,891.35622774,0,0,1773493420130,False,True
0,1.38942,368.19092226,0,0,1773493427965,False,True
0,1.38922,905.74210774,0,0,1773493427965,False,True
0,1.38943,2117.78417266,0,0,1773493436827,True,True
0,1.38943,26.1964,0,0,1773493456622,True,True
0,1.38921,863.70703057,0,0,1773493463504,True,True
0,1.3891,2.06574391,0,0,1773493464493,True,True
0,1.38909,1.9,0,0,1773493491154,False,True
0,1.38947,17.99247195,0,0,1773493497516,True,True
0,1.38909,25.45603884,0,0,1773493523498,False,True
0,1.38902,46.47389012,0,0,1773493523498,False,True
0,1.38903,1079.89028314,0,0,1773493528970,True,True
0,1.38903,15762.4,0,0,1773493528970,True,True
0,1.38903,3599.63427715,0,0,1773493528970,True,True
0,1.38903,33.869799,0,0,1773493528970,True,True
0,1.38908,4466.9282625,0,0,1773493528970,True,True
0,1.3891,2490.246534,0,0,1773493528970,True,True
0,1.3891,1079.83586494,0,0,1773493528970,True,True
0,1.3891,7198.93147262,0,0,1773493528970,True,True
0,1.38912,94.41137511,0,0,1773493528970,True,True
0,1.38915,1079.79699816,0,0,1773493532181,True,True
0,1.38915,1079.79699816,0,0,1773493532181,True,True
0,1.38915,617.69751138,0,0,1773493532181,True,True
0,1.38915,7.12737,0,0,1773493537894,True,True
0,1.38915,23.935402,0,0,1773493553633,True,True
0,1.38914,4212.93948993,0,0,1773493570337,False,True
0,1.38863,35.65072,0,0,1773493578988,True,True
0,1.38862,1.65164,0,0,1773493585196,False,True
0,1.38873,589.17193599,0,0,1773493590061,True,True
0,1.38874,7.06029,0,0,1773493591725,True,True
0,1.38874,91.214664,0,0,1773493592695,True,True
0,1.38884,1097.99424968,0,0,1773493592695,True,True
0,1.38884,131.71386929,0,0,1773493592702,True,True
0,1.38884,270.29188103,0,0,1773493592713,True,True
0,1.3889,119.80000305,0,0,1773493592727,True,True
0,1.38937,419.47998,0,0,1773493596984,True,True
0,1.38935,264.234995,0,0,1773493615422,True,True
0,1.38936,432.880165,0,0,1773493615422,True,True
0,1.3894,216.82740751,0,0,1773493618512,True,True
0,1.38933,139.50611,0,0,1773493623515,True,True
0,1.38902,221.0,0,0,1773493627643,False,True
0,1.38923,337.5,0,0,1773493628208,True,True
0,1.38924,366.40251,0,0,1773493628208,True,True
0,1.38924,1.58395,0,0,1773493628798,True,True
0,1.38922,337.5,0,0,1773493631333,True,True
0,1.38924,1438.71227,0,0,1773493631333,True,True
0,1.38924,7.12691,0,0,1773493650081,True,True
0,1.38914,185.87896253,0,0,1773493651044,False,True
0,1.38924,33.94846,0,0,1773493651798,True,True
0,1.38932,69.71152,0,0,1773493665471,True,True
0,1.38931,5.0,0,0,1773493670059,True,True
0,1.38936,431.86284036,0,0,1773493678113,True,True
0,1.38922,82.67171365,0,0,1773493693968,False,True
0,1.38937,17.64095,0,0,1773493730947,True,True
0,1.38937,2.30586524,0,0,1773493735118,True,True
0,1.38937,131.57113,0,0,1773493735689,True,True
0,1.38907,67.37136,0,0,1773493740400,True,True
0,1.38906,45.764445,0,0,1773493744998,True,True
0,1.38906,199.79469809,0,0,1773493744998,True,True
0,1.38908,3241.77542691,0,0,1773493744998,True,True
0,1.38905,349.47402,0,0,1773493783482,True,True
0,1.38905,450.52598,0,0,1773493792905,True,True
0,1.38905,248.41849,0,0,1773493792905,True,True
0,1.38905,3.30474,0,0,1773493793575,True,True
0,1.38911,412.66487528,0,0,1773493796110,True,True
0,1.38911,66.92498,0,0,1773493805606,True,True
0,1.38911,13.94451,0,0,1773493808102,True,True
0,1.38911,46.73297,0,0,1773493809985,True,True
0,1.38912,68.6681777,0,0,1773493809985,True,True
0,1.38893,31.10032607,0,0,1773493811718,False,True
0,1.38892,3.68757459,0,0,1773493825650,False,True
0,1.38907,337.5,0,0,1773493844673,True,True
0,1.38908,360.13599,0,0,1773493844673,True,True
0,1.38897,7.43357,0,0,1773493851367,False,True
0,1.3891,173.0,0,0,1773493872006,True,True
0,1.38908,706.60784,0,0,1773493876313,True,True
0,1.38908,93.39216,0,0,1773493885494,True,True
0,1.38909,800.0,0,0,1773493885494,True,True
0,1.38911,834.96246,0,0,1773493885494,True,True
0,1.3891,34.9464,0,0,1773493890150,True,True
0,1.3892,800.0,0,0,1773493905914,True,True
0,1.3892,33.59856,0,0,1773493906155,True,True
0,1.38919,51.72241,0,0,1773493918950,True,True
0,1.38918,229.0,0,0,1773493921616,False,True
0,1.38919,16.0680035,0,0,1773493930032,True,True
0,1.3892,17.8815565,0,0,1773493930032,True,True
0,1.3892,5.0,0,0,1773493930856,True,True
0,1.3892,35.28633,0,0,1773493931987,True,True
0,1.3892,70.57243,0,0,1773493964142,True,True
0,1.3892,1.03433,0,0,1773493974681,True,True
0,1.38913,1.36309,0,0,1773493994413,True,True
0,1.3891,34.86153,0,0,1773494023411,True,True
0,1.3892,207.52951339,0,0,1773494035978,True,True
0,1.3892,17.64311,0,0,1773494046527,True,True
0,1.3892,349.43629,0,0,1773494059629,True,True
0,1.3892,50.0,0,0,1773494073725,True,True
0,1.38913,11.86354,0,0,1773494075302,False,True
0,1.38935,337.5,0,0,1773494091567,False,True
0,1.38935,666.66666666,0,0,1773494091567,False,True
0,1.38935,800.0,0,0,1773494091567,False,True
0,1.38935,1773.59831714,0,0,1773494091567,False,True
0,1.38936,70.04923,0,0,1773494109228,True,True
0,1.38936,168.2607,0,0,1773494122544,True,True
0,1.38936,7e-05,0,0,1773494125133,True,True
0,1.39,70.04923,0,0,1773494125647,True,True
0,1.38999,8.89355,0,0,1773494128474,False,True
0,1.39,1019.87882755,0,0,1773494129319,True,True
0,1.39063,19.3527255,0,0,1773494140030,True,True
0,1.39064,51.1467645,0,0,1773494140030,True,True
0,1.39052,69.82393,0,0,1773494165186,True,True
0,1.39086,175.4076485,0,0,1773494175652,True,True
0,1.39087,1593.0766815,0,0,1773494175652,True,True
0,1.39096,34.94554,0,0,1773494183610,True,True
0,1.39096,19.92906,0,0,1773494184735,True,True
0,1.39103,125.0,0,0,1773494205166,True,True
0,1.39103,7.04796,0,0,1773494217856,True,True
0,1.3908,21.47654,0,0,1773494229495,False,True
0,1.39081,50.0,0,0,1773494266033,False,True
0,1.39102,6.91207234,0,0,1773494268366,True,True
0,1.39099,16.57719,0,0,1773494273400,True,True
0,1.39099,69.62782,0,0,1773494276272,True,True
0,1.39119,115.83571346,0,0,1773494301769,True,True
0,1.39122,1032.99114654,0,0,1773494301769,True,True
0,1.39123,17.88237,0,0,1773494302280,True,True
0,1.39122,14.09409,0,0,1773494307593,True,True
0,1.39103,1.85564,0,0,1773494316835,False,True
0,1.39144,22.1044575,0,0,1773494344801,True,True
0,1.39145,47.6687925,0,0,1773494344801,True,True
0,1.39145,246.00114,0,0,1773494345339,True,True
0,1.39196,13.44694,0,0,1773494353629,True,True
0,1.39214,336.82542177,0,0,1773494366301,False,True
0,1.39216,336.82542177,0,0,1773494366408,False,True
0,1.39216,336.82542177,0,0,1773494367116,False,True
0,1.39236,66.81193,0,0,1773494374307,True,True
0,1.39224,12.75095,0,0,1773494376684,False,True
0,1.39216,1.9,0,0,1773494383906,False,True
0,1.39298,14.35770794,0,0,1773494398635,True,True
0,1.39242,337.5,0,0,1773494403637,True,True
0,1.39246,188.69357109,0,0,1773494403637,True,True
0,1.39244,10.79532778,0,0,1773494412157,False,True
0,1.39244,50.01033,0,0,1773494414839,False,True
0,1.39242,14.93201,0,0,1773494481957,True,True
0,1.39225,13.21627,0,0,1773494491389,True,True
0,1.39222,52.79338036,0,0,1773494494691,True,True
0,1.39207,305.09521654,0,0,1773494511508,True,True
0,1.39244,2.0,0,0,1773494561058,False,True
0,1.39243,11.8531,0,0,1773494563917,True,True
0,1.39224,8.315766,0,0,1773494565896,False,True
0,1.39245,36.6282,0,0,1773494572352,True,True
0,1.39245,47.5911,0,0,1773494572352,True,True
0,1.39223,69.56631,0,0,1773494590512,True,True
0,1.3923,712.50445316,0,0,1773494595574,True,True
0,1.39235,69.55731,0,0,1773494597954,True,True
0,1.39259,50.0,0,0,1773494606810,True,True
0,1.3929,76.76396,0,0,1773494634013,True,True
0,1.39318,17.77097,0,0,1773494641790,True,True
0,1.39333,3.75139,0,0,1773494650589,True,True
0,1.39339,22.07253,0,0,1773494668399,False,True
0,1.3939,272.25706352,0,0,1773494678415,False,True
0,1.39389,234.23620022,0,0,1773494690786,False,True
0,1.39389,337.5,0,0,1773494690786,False,True
0,1.39388,128.26379978,0,0,1773494690786,False,True
0,1.39414,3586.44943419,0,0,1773494717320,True,True
0,1.39417,337.5,0,0,1773494717320,True,True
0,1.3942,2563.0459464,0,0,1773494717320,True,True
0,1.39437,80.67357,0,0,1773494718700,True,True
0,1.39438,68.46259,0,0,1773494723251,False,True
0,1.39427,138.89916,0,0,1773494737840,True,True
0,1.39416,68.68008836,0,0,1773494741297,True,True
0,1.39416,18.75344,0,0,1773494741751,True,True
0,1.39419,23.75024,0,0,1773494744850,True,True
0,1.3943,250.0,0,0,1773494760649,True,True
0,1.39428,13.89271,0,0,1773494774923,True,True
0,1.39397,49.1173,0,0,1773494781615,False,True
0,1.39397,24.1053,0,0,1773494781615,False,True
0,1.39367,0.6966,0,0,1773494829029,True,True
0,1.39452,2.3311,0,0,1773494866511,True,True
0,1.39413,21.8055,0,0,1773494875602,False,True
0,1.39413,23.1687,0,0,1773494875602,False,True
0,1.39413,24.163,0,0,1773494891787,False,True
0,1.39413,20.8112,0,0,1773494891787,False,True
0,1.39435,716.51323,0,0,1773494892158,True,True
0,1.39439,52.12569,0,0,1773494894226,True,True
0,1.39437,2249.51771717,0,0,1773494900455,True,True
0,1.39446,2.0,0,0,1773494910116,True,True
0,1.39439,24.4345,0,0,1773494920823,False,True
0,1.39439,20.5397,0,0,1773494920823,False,True
0,1.3944,24.4729,0,0,1773494923860,False,True
0,1.3944,20.5397,0,0,1773494923860,False,True
0,1.39439,24.4345,0,0,1773494926891,False,True
0,1.39439,20.8112,0,0,1773494926891,False,True
0,1.39455,2.49109,0,0,1773494931389,True,True
0,1.39452,20.8112,0,0,1773494957573,True,True
0,1.39453,75.0864,0,0,1773494963802,True,True
0,1.3945,17.83812,0,0,1773494967167,True,True
0,1.39439,23.66626266,0,0,1773494975025,False,True
0,1.39426,91.25271734,0,0,1773494975025,False,True
0,1.39426,10.44385,0,0,1773494980996,True,True
0,1.39426,130.6282715,0,0,1773494985313,True,True
0,1.39426,43.4356485,0,0,1773494985313,True,True
0,1.39427,33.74312,0,0,1773494994804,True,True
0,1.39426,69.45655,0,0,1773495022709,True,True
0,1.39426,1.27343537,0,0,1773495037228,True,True
0,1.39426,7.03143,0,0,1773495039434,True,True
0,1.39427,3586.10599094,0,0,1773495052509,True,True
0,1.39427,800.0,0,0,1773495052509,True,True
0,1.39428,94.48048293,0,0,1773495052509,True,True
0,1.39431,656.42427881,0,0,1773495052509,True,True
0,1.39399,197.63310237,0,0,1773495054009,False,True
0,1.39399,190.16689763,0,0,1773495054009,False,True
0,1.39423,7.10181,0,0,1773495065457,True,True
0,1.39429,380.22222222,0,0,1773495071414,True,True
0,1.39429,13.92643,0,0,1773495074809,True,True
0,1.39421,7.03188,0,0,1773495116891,True,True
0,1.39421,787.75517,0,0,1773495118845,True,True
0,1.39421,0.71368,0,0,1773495123036,True,True
0,1.39421,7.03188,0,0,1773495124031,True,True
0,1.39421,33.66162,0,0,1773495128383,True,True
0,1.3942,190.0,0,0,1773495185363,False,True
0,1.39423,17.57946,0,0,1773495207633,True,True
0,1.39434,69.71135,0,0,1773495228740,True,True
0,1.39431,174.07782,0,0,1773495236746,True,True
0,1.39432,206.26691506,0,0,1773495251358,False,True
0,1.39471,2.87207034,0,0,1773495262012,True,True
0,1.39469,2.79792931,0,0,1773495266195,True,True
0,1.39465,2.25652,0,0,1773495271425,False,True
0,1.39472,1.9,0,0,1773495282965,False,True
0,1.39479,7.94566,0,0,1773495298660,True,True
0,1.39469,10.0,0,0,1773495325842,False,True
0,1.39463,3.0794,0,0,1773495339221,True,True
0,1.39465,17.5724,0,0,1773495340509,True,True
0,1.39456,272.58776962,0,0,1773495368013,True,True
0,1.39454,17.8075,0,0,1773495370086,True,True
0,1.39457,13.89061,0,0,1773495385326,True,True
0,1.39457,6.92991,0,0,1773495396931,True,True
0,1.39455,7.32155,0,0,1773495427653,True,True
0,1.39433,69.267549,0,0,1773495438473,True,True
0,1.3942,35.0,0,0,1773495441970,False,True
0,1.39421,13.26306,0,0,1773495454076,True,True
0,1.39421,142.02255,0,0,1773495458690,True,True
0,1.3942,17.83812,0,0,1773495463090,False,True
0,1.39421,17.29084,0,0,1773495477783,True,True
0,1.3942,639.68701181,0,0,1773495501408,False,True
0,1.39396,11.02975878,0,0,1773495513139,True,True
0,1.39395,77.43156626,0,0,1773495516419,True,True
0,1.39368,187.09135939,0,0,1773495521894,True,True
0,1.39366,2.0,0,0,1773495530095,False,True
0,1.39367,69.65511,0,0,1773495530210,True,True
0,1.39367,64.10477372,0,0,1773495552343,True,True
0,1.39367,352.59458,0,0,1773495552839,True,True
0,1.39366,28.0,0,0,1773495555538,False,True
0,1.39301,18.52527,0,0,1773495558766,False,True
0,1.39301,9.56322,0,0,1773495559634,False,True
0,1.39359,47.45228,0,0,1773495575461,True,True
0,1.39346,6.80034,0,0,1773495583197,False,True
0,1.39356,100.0,0,0,1773495596090,True,True
0,1.39333,531.37353009,0,0,1773495605775,False,True
0,1.39353,13.93492,0,0,1773495613517,True,True
0,1.39352,687.0772,0,0,1773495617624,True,True
0,1.39349,89.25591,0,0,1773495622001,True,True
0,1.39338,100.93428,0,0,1773495673653,False,True
0,1.39334,4.5949,0,0,1773495702095,False,True
0,1.3935,100.16687,0,0,1773495711528,True,True
0,1.39352,70.18163,0,0,1773495738625,True,True
0,1.39352,1929.81837,0,0,1773495780160,True,True
0,1.39343,27.80974,0,0,1773495815508,True,True
0,1.39342,60.56321856,0,0,1773495816806,True,True
0,1.39342,9.32956323,0,0,1773495818924,True,True
0,1.39375,1.76721,0,0,1773495842033,True,True
0,1.39357,70.36425,0,0,1773495844156,True,True
0,1.3935,13.93412,0,0,1773495852350,True,True
0,1.39365,211.0458,0,0,1773495863815,True,True
0,1.39364,149.99728,0,0,1773495884238,True,True
0,1.39364,6.96646,0,0,1773495884352,True,True
0,1.39369,214.16229154,0,0,1773495897199,True,True
0,1.39369,337.5,0,0,1773495897199,True,True
0,1.39371,125.19911846,0,0,1773495897199,True,True
0,1.39362,3.55226,0,0,1773495900034,True,True
0,1.39364,20.13348,0,0,1773495904720,True,True
0,1.39364,13.93322,0,0,1773495910459,True,True
0,1.39314,104.24538,0,0,1773495963755,True,True
0,1.39305,17.94623309,0,0,1773495999229,True,True
0,1.393,390.827803,0,0,1773496020568,False,True
0,1.39233,337.5,0,0,1773496022757,False,True
0,1.39231,186.85189359,0,0,1773496022757,False,True
0,1.39254,13.24217,0,0,1773496024360,True,True
0,1.39235,236.98313801,0,0,1773496025902,True,True
0,1.39245,47.5072865,0,0,1773496049841,True,True
0,1.39245,52.0504135,0,0,1773496049841,True,True
0,1.39246,16.76179,0,0,1773496064799,True,True
0,1.39278,16.83332,0,0,1773496076337,True,True
0,1.39277,10.58498,0,0,1773496076587,True,True
0,1.39266,16.04658,0,0,1773496082201,True,True
0,1.39246,4.18818,0,0,1773496110122,True,True
0,1.39246,1.3811008,0,0,1773496110923,True,True
0,1.39239,13.452139,0,0,1773496111527,True,True
0,1.39227,250.0,0,0,1773496117051,False,True
0,1.39228,183.37391642,0,0,1773496125908,False,True
0,1.39272,4.45298727,0,0,1773496163529,False,True
0,1.39272,9.84441,0,0,1773496171991,True,True
0,1.39272,26.0190685,0,0,1773496181051,True,True
0,1.39273,183.6201315,0,0,1773496181051,True,True
0,1.39248,7.10956,0,0,1773496206297,True,True
0,1.39229,1.9,0,0,1773496220207,False,True
0,1.39226,7.04082,0,0,1773496234198,True,True
0,1.39232,14.08356,0,0,1773496249825,True,True
0,1.39223,17.52504,0,0,1773496267116,True,True
0,1.39234,268.30217,0,0,1773496289725,True,True
0,1.39258,69.72464,0,0,1773496303416,True,True
0,1.39238,28.88783595,0,0,1773496306363,False,True
0,1.39257,33.61863,0,0,1773496318591,True,True
0,1.39233,1.48304,0,0,1773496329314,False,True
0,1.39223,2.30120023,0,0,1773496342183,True,True
0,1.39226,7.14734,0,0,1773496344400,True,True
0,1.39156,14.08994,0,0,1773496375083,True,True
0,1.3917,109.43450456,0,0,1773496397664,True,True
0,1.39172,6.98421,0,0,1773496421813,True,True
0,1.39172,50.2945,0,0,1773496425927,True,True
0,1.39174,6.97607,0,0,1773496429035,True,True
0,1.39173,7.04446,0,0,1773496433807,True,True
0,1.39172,400.0,0,0,1773496441700,True,True
0,1.39203,8.22737,0,0,1773496463428,True,True
0,1.39245,139.49035,0,0,1773496470437,True,True
0,1.39231,7.67197,0,0,1773496475592,True,True
0,1.39234,10.66664,0,0,1773496494306,True,True
0,1.39252,71.9,0,0,1773496511147,False,True
0,1.39258,133.83441918,0,0,1773496511947,False,True
0,1.39217,2192.93408013,0,0,1773496543408,True,True
0,1.39221,67.75845,0,0,1773496547179,True,True
0,1.39188,71.9,0,0,1773496555817,False,True
0,1.39214,13.82199554,0,0,1773496572625,True,True
0,1.39217,56.70719,0,0,1773496573712,True,True
0,1.39217,10.0,0,0,1773496580717,True,True
0,1.39177,17.9627381,0,0,1773496617224,True,True
0,1.39177,17.43955,0,0,1773496618973,True,True
0,1.39168,134.99229,0,0,1773496626491,False,True
0,1.39168,21.61057,0,0,1773496627016,False,True
0,1.39195,11.71102,0,0,1773496650699,False,True
0,1.39202,35.21169,0,0,1773496653171,True,True
0,1.39202,35.21422,0,0,1773496653367,True,True
0,1.39198,6.97477,0,0,1773496677411,True,True
0,1.39188,11.0,0,0,1773496680318,False,True
0,1.39199,7.0431,0,0,1773496689430,True,True
0,1.392,48.82303,0,0,1773496696256,True,True
0,1.39199,70.43047,0,0,1773496700410,True,True
0,1.39162,337.5,0,0,1773496722668,False,True
0,1.39161,2.0,0,0,1773496722668,False,True
0,1.39158,775.5,0,0,1773496722668,False,True
0,1.3917,10.0,0,0,1773496726977,True,True
0,1.39159,182.07818,0,0,1773496739664,False,True
0,1.39202,104.93735,0,0,1773496756743,True,True
0,1.39225,62.7236075,0,0,1773496786310,True,True
0,1.39226,8.7447125,0,0,1773496786310,True,True
0,1.39211,2.0,0,0,1773496788247,False,True
0,1.39191,7.11298,0,0,1773496806719,True,True
0,1.39191,21.44512,0,0,1773496807246,True,True
0,1.3919,28.45194,0,0,1773496807717,True,True
0,1.39162,100.63257,0,0,1773496820596,False,True
0,1.39181,357.42633,0,0,1773496840247,True,True
0,1.3918,6.97502,0,0,1773496842205,False,True
0,1.39181,10.0,0,0,1773496845877,True,True
0,1.39181,69.92592,0,0,1773496868538,True,True
0,1.39181,3.86539,0,0,1773496887434,True,True
0,1.39181,13.28593,0,0,1773496900016,True,True
0,1.39181,6.55206,0,0,1773496902339,True,True
0,1.39181,7.11375,0,0,1773496904844,True,True
0,1.39181,34.96296,0,0,1773496905415,True,True
0,1.39181,14.08802,0,0,1773496905786,True,True
0,1.39181,6.90827052,0,0,1773496934844,True,True
0,1.39181,5.5715,0,0,1773496935206,True,True
0,1.39181,10.77733311,0,0,1773496938124,True,True
0,1.39181,10.59378,0,0,1773496943311,True,True
0,1.39238,1.86949,0,0,1773496983398,True,True
0,1.39221,7.04198,0,0,1773496994030,True,True
0,1.3922,7.04198,0,0,1773496997718,True,True
0,1.39221,3.77180002,0,0,1773496998726,True,True
0,1.39221,7.07581,0,0,1773497002920,True,True
0,1.3922,100.70111,0,0,1773497012147,True,True
0,1.3922,14.08245,0,0,1773497012690,True,True
0,1.3922,16.6043,0,0,1773497014616,True,True
0,1.39283,1.7418,0,0,1773497036224,True,True
0,1.39283,79.46383,0,0,1773497037529,True,True
0,1.39331,1117.4641767,0,0,1773497067536,True,True
0,1.3934,1076.50351657,0,0,1773497067536,True,True
0,1.39341,1076.4957909,0,0,1773497067536,True,True
0,1.39347,7176.36230725,0,0,1773497067536,True,True
0,1.39348,337.5,0,0,1773497067536,True,True
0,1.39359,7959.26805858,0,0,1773497067536,True,True
0,1.39325,129.04168847,0,0,1773497068464,False,True
0,1.39322,7.07109,0,0,1773497071283,True,True
0,1.39322,7.10665,0,0,1773497072355,True,True
0,1.39324,6.65884,0,0,1773497074573,True,True
0,1.39324,17.67886,0,0,1773497074825,True,True
0,1.39313,175.46925,0,0,1773497084417,False,True
0,1.39337,135.48166,0,0,1773497089639,True,True
0,1.39341,17.58967,0,0,1773497092507,True,True
0,1.39284,14.07184,0,0,1773497105618,True,True
0,1.39283,7.0388,0,0,1773497110809,True,True
0,1.39268,54.5605613,0,0,1773497111248,False,True
0,1.39282,22.77074,0,0,1773497116933,True,True
0,1.39283,186.34331,0,0,1773497116933,True,True
0,1.39264,1.9,0,0,1773497120791,False,True
0,1.39283,6.97056,0,0,1773497124632,True,True
0,1.39283,23.987082,0,0,1773497124953,True,True
0,1.39283,348.40552,0,0,1773497127269,True,True
0,1.3928,1.40088883,0,0,1773497133982,True,True
0,1.39256,2.25143,0,0,1773497142174,True,True
0,1.39246,67.919,0,0,1773497146594,True,True
0,1.39265,41.88508,0,0,1773497160647,True,True
0,1.39243,84.75735,0,0,1773497172596,False,True
0,1.39274,1394.33395,0,0,1773497174718,True,True
0,1.39297,3.58945275,0,0,1773497208791,True,True
0,1.39297,166.49939275,0,0,1773497211203,True,True
0,1.39298,495.79581725,0,0,1773497211203,True,True
0,1.39288,54.84744918,0,0,1773497229499,False,True
0,1.39299,14.07608,0,0,1773497230197,True,True
0,1.39302,2575.1677364,0,0,1773497240854,True,True
0,1.39308,3589.17672151,0,0,1773497240854,True,True
0,1.39312,1076.71988055,0,0,1773497240854,True,True
0,1.39318,297.21179794,0,0,1773497240854,True,True
0,1.39308,7.03789,0,0,1773497241517,True,True
0,1.39295,40.71165,0,0,1773497244773,False,True
0,1.39278,225.84764757,0,0,1773497259718,False,True
0,1.39278,74.15235243,0,0,1773497259718,False,True
0,1.39277,7.03905,0,0,1773497275536,True,True
0,1.39269,1.00385,0,0,1773497288455,True,True
0,1.39262,204.16643165,0,0,1773497295300,False,True
0,1.39248,10.83079,0,0,1773497301939,False,True
0,1.39248,34.86132,0,0,1773497327534,True,True
0,1.39227,2.80276095,0,0,1773497346116,True,True
0,1.39218,88.12659,0,0,1773497351936,True,True
0,1.39218,13.24749,0,0,1773497351939,True,True
0,1.39217,2.76429,0,0,1773497358974,False,True
0,1.39217,18.43283391,0,0,1773497368790,False,True
0,1.39181,244.667945,0,0,1773497373999,True,True
0,1.3918,5.63936,0,0,1773497381723,False,True
0,1.39181,141.22631,0,0,1773497382870,True,True
0,1.3918,95.47586285,0,0,1773497394428,False,True
0,1.3918,14.36988072,0,0,1773497394428,False,True
0,1.39129,93.73762333,0,0,1773497394428,False,True
0,1.39087,19.43451,0,0,1773497413026,True,True
0,1.39093,48.86735,0,0,1773497421228,True,True
0,1.39052,178.19066,0,0,1773497435300,False,True
0,1.39069,37.49696,0,0,1773497445499,True,True
0,1.39063,200.35595267,0,0,1773497488817,False,True
0,1.39062,34.91021,0,0,1773497489222,True,True
0,1.39069,3.90255015,0,0,1773497520070,False,True
0,1.39083,6.98033,0,0,1773497531785,True,True
0,1.39089,7.01371064,0,0,1773497543549,True,True
0,1.39084,25.6134,0,0,1773497558086,True,True
0,1.39103,800.0,0,0,1773497597268,False,True
0,1.39103,231.06968933,0,0,1773497597268,False,True
0,1.39103,337.5,0,0,1773497597268,False,True
0,1.39101,800.0,0,0,1773497597268,False,True
0,1.39099,800.0,0,0,1773497597268,False,True
0,1.39095,2031.43031067,0,0,1773497597268,False,True
0,1.39095,5000.0,0,0,1773497597268,False,True
0,1.39103,162.930909,0,0,1773497598803,True,True
0,1.39104,91.31004788,0,0,1773497598803,True,True
0,1.39104,9.54055,0,0,1773497600054,True,True
0,1.39068,5.15246,0,0,1773497622469,True,True
0,1.39062,6.60588,0,0,1773497636813,True,True
0,1.39061,22.29237528,0,0,1773497638118,False,True
0,1.39033,19.59270472,0,0,1773497638118,False,True
0,1.3906,71.76123601,0,0,1773497645651,True,True
0,1.39046,39.14701,0,0,1773497660427,True,True
0,1.39059,39.14701,0,0,1773497683320,False,True
0,1.39049,202.85989892,0,0,1773497691991,False,True
0,1.39048,337.5,0,0,1773497691991,False,True
0,1.39043,636.22504393,0,0,1773497691991,False,True
0,1.3904,800.0,0,0,1773497691991,False,True
0,1.39039,5198.41505715,0,0,1773497691991,False,True
0,1.39074,480.0,0,0,1773497703896,True,True
0,1.39099,8.37797,0,0,1773497710331,True,True
0,1.39084,44.43198,0,0,1773497717796,False,True
0,1.39049,337.5,0,0,1773497737432,False,True
0,1.39047,169.02592,0,0,1773497737432,False,True
0,1.39067,140.99769,0,0,1773497739329,True,True
0,1.39023,21.15315,0,0,1773497749665,True,True
0,1.39021,26.92556,0,0,1773497760993,True,True
0,1.39027,26.77745,0,0,1773497806025,True,True
0,1.39097,55.6465487,0,0,1773497818454,True,True
0,1.39098,49.2288513,0,0,1773497818454,True,True
0,1.39133,129.19853349,0,0,1773497821513,False,True
0,1.39181,82.6684,0,0,1773497845332,True,True
0,1.39153,13.38477,0,0,1773497853788,True,True
0,1.39155,209.3062,0,0,1773497877399,True,True
0,1.39169,3.52259,0,0,1773497890999,True,True
0,1.39155,167.69828,0,0,1773497905338,True,True
0,1.39163,365.0,0,0,1773497914810,False,True
0,1.39144,68.28157162,0,0,1773497926245,False,True
0,1.39154,13.38679,0,0,1773497943644,True,True
0,1.39144,60.3764,0,0,1773497946384,False,True
0,1.39151,71.86437755,0,0,1773497989657,True,True
0,1.39151,21.13597,0,0,1773497989801,True,True
0,1.39151,6.97712,0,0,1773497993441,True,True
0,1.39207,2.76286393,0,0,1773498042071,True,True
0,1.39176,69.75502,0,0,1773498050327,True,True
0,1.39156,1.9,0,0,1773498051095,False,True
0,1.39176,7.11385,0,0,1773498052037,True,True
0,1.39171,10.56639,0,0,1773498057414,True,True
0,1.3918,34.88061,0,0,1773498063613,True,True
0,1.39155,6.79937661,0,0,1773498073946,False,True
0,1.3917,13.54162,0,0,1773498081857,True,True
0,1.39171,0.99398,0,0,1773498090965,True,True
0,1.39173,7.04472,0,0,1773498104218,True,True
0,1.39206,437.432779,0,0,1773498127287,True,True
0,1.39206,437.432779,0,0,1773498127287,True,True
0,1.39216,15.1,0,0,1773498133737,True,True
0,1.39218,45.702714,0,0,1773498140027,True,True
0,1.39219,58.926326,0,0,1773498140027,True,True
0,1.39219,42.2010204,0,0,1773498142220,True,True
0,1.3922,6.6311296,0,0,1773498142220,True,True
0,1.39229,254.97452,0,0,1773498149508,True,True
0,1.39229,35.2079,0,0,1773498160296,True,True
0,1.39228,17.60395,0,0,1773498169698,True,True
0,1.39212,14.79757,0,0,1773498177643,False,True
0,1.39213,110.36319525,0,0,1773498185462,False,True
0,1.39235,0.71465,0,0,1773498192910,True,True
0,1.39235,69.73215,0,0,1773498199456,True,True
0,1.39236,35.85,0,0,1773498212692,True,True
0,1.39246,6.97231,0,0,1773498224666,True,True
0,1.39246,20.14967,0,0,1773498224668,True,True
0,1.39254,90.0,0,0,1773498232603,True,True
0,1.39277,36.652197,0,0,1773498235271,True,True
0,1.39277,301.987003,0,0,1773498235271,True,True
0,1.39277,7.03915,0,0,1773498250297,True,True
0,1.39254,3.48573,0,0,1773498259639,True,True
0,1.39254,34.314029,0,0,1773498259963,True,True
0,1.39255,395.613951,0,0,1773498259963,True,True
0,1.39241,13.37766,0,0,1773498280437,True,True
0,1.39222,17.43391,0,0,1773498291249,True,True
0,1.39222,136.04809,0,0,1773498292826,True,True
0,1.39222,697.35158,0,0,1773498298898,True,True
0,1.39222,1.38124721,0,0,1773498301586,True,True
0,1.39222,17.60484,0,0,1773498301907,True,True
0,1.3921,62.144,0,0,1773498318839,False,True
0,1.39229,199.01201553,0,0,1773498326785,True,True
0,1.3923,29.011423,0,0,1773498326785,True,True
0,1.39231,124.02017147,0,0,1773498326785,True,True
0,1.39213,6.97307,0,0,1773498331284,True,True
0,1.39221,3.48678,0,0,1773498356751,True,True
0,1.39223,68.0805625,0,0,1773498359559,True,True
0,1.39224,36.5234675,0,0,1773498359559,True,True
0,1.39282,35.19577,0,0,1773498392702,True,True
0,1.39271,15.0,0,0,1773498392825,False,True
0,1.39285,10.0,0,0,1773498398614,True,True
0,1.39242,10.45727,0,0,1773498426084,True,True
0,1.39234,2.15464613,0,0,1773498455240,False,True
0,1.39213,501.50871387,0,0,1773498455240,False,True
0,1.39238,207.1289655,0,0,1773498460906,True,True
0,1.39239,149.4406445,0,0,1773498460906,True,True
0,1.39253,30.1882,0,0,1773498490482,False,True
0,1.39276,3.2529,0,0,1773498495179,True,True
0,1.39276,6.97131,0,0,1773498495984,True,True
0,1.39262,9.0,0,0,1773498496603,False,True
0,1.39276,13.8080502,0,0,1773498509039,True,True
0,1.39276,69.35157528,0,0,1773498515265,True,True
0,1.3928,21.78332,0,0,1773498533012,True,True
0,1.39305,36.23188405,0,0,1773498562526,True,True
0,1.39305,1.34035,0,0,1773498566261,True,True
0,1.3931,17.59346,0,0,1773498585919,True,True
0,1.3931,2.00123457,0,0,1773498587766,True,True
0,1.39309,35.89791463,0,0,1773498600159,False,True
0,1.39323,0.0267999,0,0,1773498600556,True,True
0,1.39323,36.23188405,0,0,1773498600556,True,True
0,1.39322,3.51844,0,0,1773498606043,True,True
0,1.39323,17.59169,0,0,1773498610254,True,True
0,1.39328,7.07154,0,0,1773498611347,True,True
0,1.39341,6.96851,0,0,1773498636174,True,True
0,1.3934,52.31803,0,0,1773498639386,True,True
0,1.3934,14.07184,0,0,1773498652180,True,True
0,1.39318,73.93158,0,0,1773498657498,False,True
0,1.39343,1.400244,0,0,1773498661357,True,True
0,1.39342,8.73324242,0,0,1773498661937,True,True
0,1.39327,6.51583865,0,0,1773498666816,False,True
0,1.39342,63.08937722,0,0,1773498670189,True,True
0,1.39345,34.8378,0,0,1773498687957,True,True
0,1.39343,69.6756,0,0,1773498692712,True,True
0,1.39345,2.80041909,0,0,1773498700023,True,True
0,1.39346,14.07123,0,0,1773498705138,True,True
0,1.39352,696.73103,0,0,1773498712956,True,True
0,1.39353,9.87929,0,0,1773498716582,True,True
0,1.39288,337.5,0,0,1773498724967,False,True
0,1.39286,30.18675694,0,0,1773498724967,False,True
0,1.3922,3.58996819,0,0,1773498735411,True,True
0,1.39219,10.77733311,0,0,1773498741326,False,True
0,1.39219,14.22266689,0,0,1773498742787,False,True
0,1.39213,117.0,0,0,1773498742787,False,True
0,1.392,1.65,0,0,1773498742879,False,True
0,1.39194,1087.43012732,0,0,1773498742965,False,True
0,1.39132,337.5,0,0,1773498754653,False,True
0,1.39122,426.30174,0,0,1773498754653,False,True
0,1.39129,37.01414,0,0,1773498758196,False,True
0,1.39122,5.83406112,0,0,1773498759943,False,True
0,1.39145,13.0,0,0,1773498763322,True,True
0,1.39138,14.09136,0,0,1773498766810,True,True
0,1.39124,69.77575,0,0,1773498769308,True,True
0,1.39148,26.68865,0,0,1773498786367,True,True
0,1.39179,42.26952,0,0,1773498802970,True,True
0,1.3918,11.67783932,0,0,1773498832702,True,True
0,1.3918,2.82611,0,0,1773498840415,False,True
0,1.3918,11.07379,0,0,1773498842436,False,True
0,1.39181,1.39251,0,0,1773498876359,True,True
0,1.39267,143.43529246,0,0,1773498903728,False,True
0,1.39274,7.18009,0,0,1773498915039,True,True
0,1.39262,17.77454,0,0,1773498928887,True,True
0,1.39257,69.72243,0,0,1773498942392,True,True
0,1.39249,101.6930635,0,0,1773498976768,True,True
0,1.39249,142.7579465,0,0,1773498976768,True,True
0,1.39273,553.458505,0,0,1773498999251,True,True
0,1.39274,3590.04552177,0,0,1773498999251,True,True
0,1.39285,800.0,0,0,1773498999251,True,True
0,1.39286,64.49597323,0,0,1773498999251,True,True
0,1.39286,7.03905,0,0,1773499007435,True,True
0,1.39285,16.84182,0,0,1773499012839,True,True
0,1.3929,1.9,0,0,1773499023792,False,True
0,1.39303,52.27058,0,0,1773499026542,True,True
0,1.39288,105.036294,0,0,1773499054927,True,True
0,1.39289,45.41349026,0,0,1773499054927,True,True
0,1.39283,1.91682,0,0,1773499062940,True,True
0,1.39311,7.14375,0,0,1773499082057,True,True
0,1.39254,69.70362,0,0,1773499090643,True,True
0,1.39253,9.23827,0,0,1773499099818,False,True
0,1.39254,33.45599,0,0,1773499101577,True,True
0,1.39243,23.53578,0,0,1773499108875,True,True
0,1.39234,1.0562,0,0,1773499112032,True,True
0,1.39234,43.548,0,0,1773499117623,True,True
0,1.39226,72.74785,0,0,1773499145738,True,True
0,1.39195,6.97452,0,0,1773499168455,True,True
0,1.39159,25.0,0,0,1773499193103,True,True
0,1.39157,53.02348,0,0,1773499197952,True,True
0,1.39162,160.32009327,0,0,1773499205939,False,True
0,1.3917,13.95274,0,0,1773499219863,True,True
0,1.39157,158.80618,0,0,1773499248000,False,True
0,1.39177,20.92746,0,0,1773499254099,True,True
0,1.39141,2113.26331,0,0,1773499265527,True,True
0,1.39141,250.0,0,0,1773499279993,True,True
0,1.39141,2.80456515,0,0,1773499283144,True,True
0,1.39141,14.68867,0,0,1773499293100,True,True
0,1.39143,14.12669,0,0,1773499296109,True,True
0,1.3914,3.2529,0,0,1773499297775,False,True
0,1.39143,13.98921,0,0,1773499304037,True,True
0,1.39143,17.78923,0,0,1773499305980,True,True
0,1.39141,1.40217477,0,0,1773499317180,True,True
0,1.39143,67.64095,0,0,1773499320105,True,True
0,1.39142,39.52796424,0,0,1773499328828,True,True
0,1.39142,627.97727,0,0,1773499332809,True,True
0,1.39142,70.45983,0,0,1773499335659,True,True
0,1.39142,14.09197,0,0,1773499336033,True,True
0,1.39142,353.22721,0,0,1773499336112,True,True
0,1.3914,4.59463,0,0,1773499336229,False,True
0,1.39142,174.86507,0,0,1773499339879,True,True
0,1.39142,1000.0,0,0,1773499341395,True,True
0,1.39142,53.55289,0,0,1773499346763,True,True
0,1.39142,126.97708,0,0,1773499348270,True,True
0,1.39142,59.9614,0,0,1773499363430,True,True
0,1.3914,35.27450536,0,0,1773499368866,False,True
0,1.3914,360.0,0,0,1773499368866,False,True
0,1.3914,70.0,0,0,1773499368866,False,True
0,1.391,384.34455,0,0,1773499384862,False,True
0,1.39101,13.95916,0,0,1773499387649,True,True
0,1.391,1678.25789428,0,0,1773499390054,False,True
0,1.391,1.65,0,0,1773499390054,False,True
0,1.39091,56.92547,0,0,1773499392907,True,True
0,1.39081,71.54386,0,0,1773499411302,True,True
0,1.39058,14.10048,0,0,1773499416796,True,True
0,1.39058,35.24613,0,0,1773499417306,True,True
0,1.39057,2.14666,0,0,1773499441038,True,True
0,1.39048,337.5,0,0,1773499443112,False,True
0,1.39044,1309.80393934,0,0,1773499443112,False,True
0,1.39044,77.58523986,0,0,1773499443140,False,True
0,1.39044,2147.35317084,0,0,1773499443144,False,True
0,1.39034,553.2962,0,0,1773499443147,False,True
0,1.39034,3042.94463404,0,0,1773499443148,False,True
0,1.39023,2000.0,0,0,1773499443153,False,True
0,1.39023,7193.0073,0,0,1773499443153,False,True
0,1.3902,215.79628831,0,0,1773499443202,False,True
0,1.39014,300.0,0,0,1773499443202,False,True
0,1.39011,2.12213421,0,0,1773499443202,False,True
0,1.39022,2000.0,0,0,1773499443375,False,True
0,1.39001,5716.8991539,0,0,1773499443375,False,True
0,1.39,30.0,0,0,1773499443575,False,True
0,1.39,617.48201438,0,0,1773499443575,False,True
0,1.39,12688.211134,0,0,1773499443576,False,True
0,1.39,215.82889085,0,0,1773499443845,False,True
0,1.39,16651.16225002,0,0,1773499444287,False,True
0,1.39,863.3093525,0,0,1773499444291,False,True
0,1.39,3801.17902012,0,0,1773499444299,False,True
0,1.39,2.0,0,0,1773499444299,False,True
0,1.39,4840.37155469,0,0,1773499444299,False,True
0,1.39,15676.4326074,0,0,1773499444345,False,True
0,1.39,215.82733812,0,0,1773499444430,False,True
0,1.39,863.35904224,0,0,1773499444447,False,True
0,1.39,1295.01992891,0,0,1773499444451,False,True
0,1.39,12688.211134,0,0,1773499445064,False,True
0,1.39,31605.28917808,0,0,1773499445119,False,True
0,1.39,10288.40062206,0,0,1773499445136,False,True
0,1.39,1294.96402877,0,0,1773499445140,False,True
0,1.39,8155.14938729,0,0,1773499445144,False,True
0,1.39,863.31556341,0,0,1773499445145,False,True
0,1.39,1294.96402877,0,0,1773499445150,False,True
0,1.39,863.31556341,0,0,1773499445165,False,True
0,1.39,10055.38002285,0,0,1773499445334,False,True
0,1.39,1.65,0,0,1773499445334,False,True
0,1.39,179.8561151,0,0,1773499445334,False,True
0,1.39,250.0,0,0,1773499445334,False,True
0,1.39,213.66906474,0,0,1773499445334,False,True
0,1.38901,1e-08,0,0,1773499455156,True,True
0,1.38901,707.55501,0,0,1773499478609,True,True
0,1.389,1.65,0,0,1773499479862,False,True
0,1.38873,21.36389516,0,0,1773499482067,False,True
0,1.38841,36.01241708,0,0,1773499482300,False,True
0,1.38823,2.10319,0,0,1773499491229,True,True
0,1.38823,300.19521261,0,0,1773499494135,True,True
0,1.38865,163.54825427,0,0,1773499501031,False,True
0,1.3887,3499.57478,0,0,1773499506038,True,True
0,1.38866,10066.4,0,0,1773499518103,True,True
0,1.38872,967.6029678,0,0,1773499518103,True,True
0,1.38873,7200.82509916,0,0,1773499518103,True,True
0,1.38879,4365.3662499,0,0,1773499518103,True,True
0,1.3888,1416.44603705,0,0,1773499518103,True,True
0,1.38884,1500.0,0,0,1773499518103,True,True
0,1.38889,720.08756265,0,0,1773499518103,True,True
0,1.38892,720.08756265,0,0,1773499518103,True,True
0,1.38896,337.5,0,0,1773499518103,True,True
0,1.38907,2582.48977549,0,0,1773499518103,True,True
0,1.38908,4304.79449782,0,0,1773499518103,True,True
0,1.38845,77.202124,0,0,1773499519729,False,True
0,1.38908,1000.0,0,0,1773499538232,True,True
0,1.38906,192.42059,0,0,1773499547416,False,True
0,1.38926,104.96072,0,0,1773499547931,True,True
0,1.38884,33.63,0,0,1773499563275,False,True
0,1.38886,33.3,0,0,1773499564523,False,True
0,1.38927,32.27021,0,0,1773499572154,True,True
0,1.38967,70.55211,0,0,1773499635555,True,True
0,1.38976,118.34529876,0,0,1773499648272,True,True
0,1.38997,15.46130124,0,0,1773499648272,True,True
0,1.38978,337.5,0,0,1773499651266,False,True
0,1.38977,1678.3387329,0,0,1773499651266,False,True
0,1.3896,14.25033,0,0,1773499677331,True,True
0,1.38953,35.31862,0,0,1773499685030,True,True
0,1.38968,35.36069,0,0,1773499694529,True,True
0,1.38968,21.21642,0,0,1773499711884,True,True
0,1.38968,85.56366,0,0,1773499718598,True,True
0,1.38967,4409.34604992,0,0,1773499745523,False,True
0,1.38968,4.32108,0,0,1773499755749,True,True
0,1.38984,14.00662,0,0,1773499764055,True,True
0,1.38969,7.05475,0,0,1773499790288,True,True
0,1.38961,33.77111,0,0,1773499800409,True,True
0,1.38949,33.44516,0,0,1773499805699,True,True
0,1.38935,21.58429,0,0,1773499811265,True,True
0,1.38928,7.02293647,0,0,1773499812785,True,True
0,1.38934,1.39766,0,0,1773499830410,True,True
0,1.38929,67.82522,0,0,1773499831626,True,True
0,1.38929,0.72728,0,0,1773499848067,True,True
0,1.3893,15.99881,0,0,1773499851110,True,True
0,1.38945,6.98822,0,0,1773499864786,True,True
0,1.38945,492.50766488,0,0,1773499869505,True,True
0,1.38984,67.7427,0,0,1773499872968,True,True
0,1.39022,50.0,0,0,1773499890568,True,True
0,1.38985,1.8131453,0,0,1773499898532,True,True
0,1.3899,1.0,0,0,1773499908142,True,True
0,1.3899,71.94762213,0,0,1773499908217,True,True
0,1.38988,0.69841,0,0,1773499912084,True,True
0,1.38988,34.00067,0,0,1773499915885,True,True
0,1.38965,1.9,0,0,1773499920420,False,True
0,1.38951,5.46172869,0,0,1773499941031,False,True
0,1.38954,35.27758,0,0,1773499946463,True,True
0,1.38954,46.56646,0,0,1773499982677,True,True
0,1.38954,1.76079,0,0,1773499983968,True,True
0,1.38943,0.74131,0,0,1773499985661,False,True
0,1.38943,63.7381,0,0,1773500014368,False,True
0,1.38954,3.45956215,0,0,1773500039358,True,True
0,1.38987,1.42201438,0,0,1773500068708,True,True
0,1.3899,0.69852,0,0,1773500077234,True,True
0,1.3899,25.0,0,0,1773500081643,True,True
0,1.38964,100.80707,0,0,1773500112879,True,True
0,1.38986,0.74108,0,0,1773500165319,False,True
0,1.39,1.04775,0,0,1773500177002,True,True
0,1.38999,0.70017,0,0,1773500181916,True,True
0,1.38988,200.0,0,0,1773500182134,False,True
0,1.38999,53.91115,0,0,1773500191737,True,True
0,1.3899,107.59228,0,0,1773500201515,False,True
0,1.38999,12.0100235,0,0,1773500205549,True,True
0,1.39,21.4258365,0,0,1773500205549,True,True
0,1.39,17.89626,0,0,1773500212240,True,True
0,1.39,14.60746,0,0,1773500214865,True,True
0,1.39,14.38848921,0,0,1773500223730,True,True
0,1.38995,139.69407,0,0,1773500225734,True,True
0,1.38994,106.37666796,0,0,1773500226170,True,True
0,1.38994,209.94345204,0,0,1773500226170,True,True
0,1.38966,672.15151,0,0,1773500241164,True,True
0,1.38966,35.27453,0,0,1773500244036,True,True
0,1.38965,9.18837,0,0,1773500249672,True,True
0,1.38966,34.10621,0,0,1773500266401,True,True
0,1.38942,7.0,0,0,1773500277647,False,True
0,1.3894,85.42135366,0,0,1773500277647,False,True
0,1.38948,93.97739,0,0,1773500281116,True,True
0,1.3894,16.90036,0,0,1773500286331,False,True
0,1.38946,201.69706217,0,0,1773500303030,True,True
0,1.38949,4.0,0,0,1773500307823,True,True
0,1.3894,1.11199,0,0,1773500313809,False,True
0,1.3894,2.0,0,0,1773500335843,False,True
0,1.38927,28.36374,0,0,1773500343376,True,True
0,1.38901,103.64558966,0,0,1773500360222,True,True
0,1.38901,3.31339135,0,0,1773500360588,True,True
0,1.38901,171.44015,0,0,1773500361031,True,True
0,1.38903,67.09322,0,0,1773500369592,True,True
0,1.389,1.0,0,0,1773500381116,False,True
0,1.38904,10.87435949,0,0,1773500382330,True,True
0,1.38904,14.11611,0,0,1773500388435,True,True
0,1.38904,13.41031,0,0,1773500388756,True,True
0,1.38941,16.80209,0,0,1773500399290,True,True
0,1.38946,15.0,0,0,1773500410565,False,True
0,1.38947,6.64392,0,0,1773500414749,True,True
0,1.38901,6.70108213,0,0,1773500446080,True,True
0,1.38901,26.77232187,0,0,1773500446080,True,True
0,1.38901,2.13843,0,0,1773500447040,True,True
0,1.38901,17.73244,0,0,1773500451578,True,True
0,1.38901,0.78984312,0,0,1773500466200,True,True
0,1.389,0.65,0,0,1773500466577,False,True
0,1.38883,7.05912,0,0,1773500492838,True,True
0,1.38883,25.0,0,0,1773500496480,True,True
0,1.3888,7150.48,0,0,1773500513438,False,True
0,1.38954,40.62412606,0,0,1773500569056,True,True
0,1.38994,1500.0,0,0,1773500569121,True,True
0,1.39,930.63420429,0,0,1773500571430,True,True
0,1.39062,14.09987,0,0,1773500582057,True,True
0,1.39072,1.65,0,0,1773500583051,True,True
0,1.39118,3.2576,0,0,1773500590919,True,True
0,1.39083,17.71,0,0,1773500594722,True,True
0,1.39058,6.54024,0,0,1773500610095,True,True
0,1.39025,14.10149,0,0,1773500624468,True,True
0,1.39043,8089.72434,0,0,1773500635028,False,True
0,1.39044,14.0,0,0,1773500638318,True,True
0,1.39022,79.46979,0,0,1773500639426,False,True
0,1.39,1.65,0,0,1773500652122,False,True
0,1.38979,27.12697841,0,0,1773500652122,False,True
0,1.38979,53.09177,0,0,1773500675982,True,True
0,1.38931,5.72434696,0,0,1773500701151,True,True
0,1.38959,39.33661,0,0,1773500704141,True,True
0,1.38966,13.40471,0,0,1773500705585,True,True
0,1.38971,69.86764,0,0,1773500717911,True,True
0,1.38935,10.86490055,0,0,1773500738607,True,True
0,1.38932,497.08347,0,0,1773500744286,False,True
0,1.38933,14.79864,0,0,1773500747139,True,True
0,1.38933,3.56322,0,0,1773500756044,True,True
0,1.38933,7.05658,0,0,1773500761032,True,True
0,1.38933,14.01015,0,0,1773500776118,True,True
0,1.38933,35.02537,0,0,1773500782879,True,True
0,1.38933,2.09642,0,0,1773500783700,True,True
0,1.38932,1.0,0,0,1773500791304,False,True
0,1.38933,10.86489901,0,0,1773500793549,True,True
0,1.38933,56.53900111,0,0,1773500796558,True,True
0,1.38953,1231.82563139,0,0,1773500796558,True,True
0,1.38962,3.49331,0,0,1773500811934,True,True
0,1.38962,7.1245,0,0,1773500812736,True,True
0,1.38962,3.59810596,0,0,1773500813963,True,True
0,1.38987,40.62943,0,0,1773500817820,True,True
0,1.38966,2.56759,0,0,1773500818236,False,True
0,1.38987,70.5511,0,0,1773500820638,True,True
0,1.39018,337.5,0,0,1773500827813,False,True
0,1.39018,223.22647347,0,0,1773500827813,False,True
0,1.39016,323.48109956,0,0,1773500827813,False,True
0,1.39004,1.9,0,0,1773500838012,False,True
0,1.39028,100.63531,0,0,1773500839325,True,True
0,1.39009,0.96037525,0,0,1773500843180,False,True
0,1.39027,63.46584,0,0,1773500851301,True,True
0,1.39016,14.10261,0,0,1773500863335,True,True
0,1.39002,200.0,0,0,1773500888496,False,True
0,1.39013,71.93571824,0,0,1773500898149,True,True
0,1.39018,14.24459,0,0,1773500914424,True,True
0,1.39008,174.59498,0,0,1773500942811,True,True
0,1.39002,38.73522504,0,0,1773500948723,False,True
0,1.39008,26.54035,0,0,1773500950289,True,True
0,1.39009,15.24927529,0,0,1773500971496,True,True
0,1.39007,14.10545,0,0,1773500988219,True,True
0,1.39007,13.9685,0,0,1773500990045,True,True
0,1.39,1.65,0,0,1773501001338,False,True
0,1.38974,13.97393,0,0,1773501006878,True,True
0,1.38974,14.109,0,0,1773501008035,True,True
0,1.38972,100.0,0,0,1773501015929,False,True
0,1.38986,14.109,0,0,1773501022224,True,True
0,1.38987,7.05389,0,0,1773501026724,True,True
0,1.38976,50.0,0,0,1773501043045,False,True
0,1.38989,7.12358,0,0,1773501052898,True,True
0,1.39004,143.91077531,0,0,1773501090052,False,True
0,1.39004,444.09312644,0,0,1773501104558,True,True
0,1.39004,337.5,0,0,1773501104558,True,True
0,1.39004,215.80641059,0,0,1773501104558,True,True
0,1.39005,651.00828155,0,0,1773501104558,True,True
0,1.39003,1.67742857,0,0,1773501111958,False,True
0,1.39005,0.8822,0,0,1773501120745,True,True
0,1.39005,93.0,0,0,1773501121956,True,True
0,1.39003,14.10585,0,0,1773501123379,True,True
0,1.3898,25.0,0,0,1773501124363,False,True
0,1.39003,150.0,0,0,1773501148838,False,True
0,1.39004,3.50075,0,0,1773501153239,True,True
0,1.39004,0.7267,0,0,1773501169411,True,True
0,1.39004,55.48578,0,0,1773501173801,True,True
0,1.39004,56.01362274,0,0,1773501182331,True,True
0,1.39011,11.20017726,0,0,1773501182331,True,True
0,1.39011,70.52623,0,0,1773501194035,True,True
0,1.39011,884.17003275,0,0,1773501197633,True,True
0,1.39018,45.23155275,0,0,1773501223461,True,True
0,1.39023,69.83799,0,0,1773501253822,True,True
0,1.39019,1.98292,0,0,1773501277410,True,True
0,1.39019,2.82782,0,0,1773501284289,True,True
0,1.39004,51.913389,0,0,1773501284994,False,True
0,1.39059,7.08543,0,0,1773501337527,True,True
0,1.39055,1.39639,0,0,1773501341156,True,True
0,1.39055,28.35101224,0,0,1773501346226,True,True
0,1.39055,77.40485776,0,0,1773501346226,True,True
0,1.39071,3.07362,0,0,1773501360739,True,True
0,1.39003,35.97044669,0,0,1773501385424,False,True
0,1.39,71.94244604,0,0,1773501385613,False,True
0,1.38983,52.87413,0,0,1773501386622,True,True
0,1.38987,38.0,0,0,1773501392589,False,True
0,1.38995,61.0,0,0,1773501397379,True,True
0,1.38982,7.12389,0,0,1773501444703,True,True
0,1.38982,34.92804,0,0,1773501452255,True,True
0,1.39003,76.82953,0,0,1773501474007,True,True
0,1.3902,174.6402,0,0,1773501477995,True,True
0,1.39048,146.72459,0,0,1773501520129,False,True
0,1.39057,10.0,0,0,1773501522252,True,True
0,1.39107,70.0,0,0,1773501556760,True,True
0,1.39093,3.52282285,0,0,1773501577511,False,True
0,1.39087,1145.29450447,0,0,1773501577511,False,True
0,1.39107,7.11754,0,0,1773501578700,True,True
0,1.39108,7.11748,0,0,1773501586341,True,True
0,1.39108,91.07044,0,0,1773501588706,True,True
0,1.39108,6.83829,0,0,1773501589645,True,True
0,1.39096,6.07267,0,0,1773501621321,True,True
0,1.39107,7.17078,0,0,1773501631822,True,True
0,1.39098,70.48313,0,0,1773501642570,True,True
0,1.39103,36.11759762,0,0,1773501665611,True,True
0,1.39103,34.29191238,0,0,1773501665611,True,True
0,1.39123,1.78947,0,0,1773501674633,True,True
0,1.39123,20.87571543,0,0,1773501680551,True,True
0,1.39125,1.26314457,0,0,1773501680551,True,True
0,1.39129,773.64131399,0,0,1773501687475,True,True
0,1.39129,11.88656,0,0,1773501690012,True,True
0,1.39127,40.17161,0,0,1773501706610,True,True
0,1.39127,10.20466662,0,0,1773501707019,True,True
0,1.39127,69.78328,0,0,1773501712426,True,True
0,1.39128,16.61528,0,0,1773501725468,True,True
0,1.39113,1.9,0,0,1773501732068,False,True
0,1.39134,69.78277,0,0,1773501758129,True,True
0,1.39132,14.23292,0,0,1773501762742,True,True
0,1.39133,4.99772,0,0,1773501770875,True,True
0,1.39115,61.98673,0,0,1773501780711,False,True
0,1.39131,17.61635,0,0,1773501782810,True,True
0,1.39131,515.31227566,0,0,1773501783526,True,True
0,1.39115,6.5747,0,0,1773501785731,False,True
0,1.39133,11.5,0,0,1773501795007,True,True
0,1.39133,15.16499,0,0,1773501806568,True,True
0,1.39133,2.63253,0,0,1773501808133,True,True
0,1.39137,70.8115,0,0,1773501813579,True,True
0,1.39117,337.5,0,0,1773501820792,False,True
0,1.39112,654.1407689,0,0,1773501820792,False,True
0,1.39112,2.15653574,0,0,1773501820792,False,True
0,1.39107,3594.34389584,0,0,1773501820792,False,True
0,1.39104,2608.93377152,0,0,1773501820792,False,True
0,1.39132,70.46489,0,0,1773501840034,True,True
0,1.39101,70.46641,0,0,1773501850509,True,True
0,1.39101,17.61736,0,0,1773501855314,True,True
0,1.39101,7.08278,0,0,1773501874221,True,True
0,1.391,1.65,0,0,1773501885553,False,True
0,1.391,100.0,0,0,1773501885553,False,True
0,1.39076,98.35,0,0,1773501885553,False,True
0,1.3909,3220.0,0,0,1773501886218,True,True
0,1.3912,55.83746,0,0,1773501908430,True,True
0,1.39112,7.0126584,0,0,1773501912157,True,True
0,1.39131,7.04634,0,0,1773501924193,True,True
0,1.39109,912.86995,0,0,1773501935812,False,True
0,1.39109,311.89427,0,0,1773501940397,True,True
0,1.39105,24.38248805,0,0,1773501964805,True,True
0,1.39095,100.0,0,0,1773501971416,True,True
0,1.39095,35.41135,0,0,1773501974608,True,True
0,1.39092,10.0,0,0,1773501984237,False,True
0,1.39095,13.26187,0,0,1773501985079,True,True
0,1.391,159.71223021,0,0,1773501991904,False,True
0,1.39121,34.89967,0,0,1773501995607,True,True
0,1.39102,117.33476,0,0,1773501997016,False,True
0,1.39126,20.1907,0,0,1773502025700,False,True
0,1.3915,59.82875,0,0,1773502047927,True,True
0,1.3915,15.71422,0,0,1773502071257,True,True
0,1.39149,6.44732,0,0,1773502072428,False,True
0,1.3915,71.85508266,0,0,1773502079389,True,True
0,1.3917,33.481,0,0,1773502087599,True,True
0,1.3917,1.04658,0,0,1773502087838,True,True
0,1.3917,35.31444,0,0,1773502088603,True,True
0,1.3919,5.36151,0,0,1773502107037,True,True
0,1.39177,14.58269,0,0,1773502118861,False,True
0,1.39187,14.15681,0,0,1773502122780,True,True
0,1.39187,22.00361,0,0,1773502125017,True,True
0,1.39187,7.11365,0,0,1773502142949,True,True
0,1.39187,1.39506,0,0,1773502144001,True,True
0,1.39176,50.0,0,0,1773502151296,False,True
0,1.3917,337.5,0,0,1773502161140,False,True
0,1.39167,662.5,0,0,1773502161140,False,True
0,1.39187,7.456401,0,0,1773502161791,True,True
0,1.3919,341.713919,0,0,1773502161791,True,True
0,1.3919,698.3305,0,0,1773502167171,True,True
0,1.39176,13.95034,0,0,1773502176120,True,True
0,1.39176,13.95059,0,0,1773502177198,True,True
0,1.39185,2.07246366,0,0,1773502178110,True,True
0,1.3916,14.64838,0,0,1773502186968,True,True
0,1.39165,358.55279704,0,0,1773502189944,True,True
0,1.39173,11.75314,0,0,1773502216136,True,True
0,1.39189,37.1089,0,0,1773502219961,True,True
0,1.39192,1.42264,0,0,1773502224037,True,True
0,1.39171,69.75069,0,0,1773502234565,True,True
0,1.39152,37.78022774,0,0,1773502245171,False,True
0,1.39155,6.66683,0,0,1773502252093,True,True
0,1.39149,8198.12575009,0,0,1773502265479,False,True
0,1.39149,23.8305701,0,0,1773502265479,False,True
0,1.39073,2.12526,0,0,1773502275038,True,True
0,1.39031,359.62426456,0,0,1773502288842,False,True
0,1.39043,7.12045,0,0,1773502291131,True,True
0,1.39028,43.56368,0,0,1773502308336,True,True
0,1.39041,17.03681,0,0,1773502313456,True,True
0,1.3904,79.0,0,0,1773502321141,False,True
0,1.39003,19.0,0,0,1773502344180,False,True
0,1.39,1.65,0,0,1773502344180,False,True
0,1.39,35.97122302,0,0,1773502344180,False,True
0,1.39,7323.36690647,0,0,1773502344180,False,True
0,1.39,2665.10227812,0,0,1773502344180,False,True
0,1.39,7062.71786576,0,0,1773502344213,False,True
0,1.38973,18.94964028,0,0,1773502345993,True,True
0,1.38972,3.66980398,0,0,1773502348830,False,True
0,1.38933,9.75106024,0,0,1773502354106,True,True
0,1.38954,175.12686,0,0,1773502361975,True,True
0,1.3895,70.18052,0,0,1773502373987,True,True
0,1.3895,40.66333,0,0,1773502378030,True,True
0,1.38946,9.44415178,0,0,1773502380660,False,True
0,1.38975,35.99653,0,0,1773502401615,False,True
0,1.38976,34.59331107,0,0,1773502405157,True,True
0,1.38976,33.93576,0,0,1773502415827,True,True
0,1.39019,70.52268,0,0,1773502436399,True,True
0,1.39019,6.9838,0,0,1773502438133,True,True
0,1.38949,39.97461,0,0,1773502462400,True,True
0,1.39024,8.04250166,0,0,1773502495165,False,True
0,1.39031,66.6360115,0,0,1773502498695,True,True
0,1.39032,220.33629754,0,0,1773502498695,True,True
0,1.39032,35.60688,0,0,1773502516419,True,True
0,1.39047,3.59590642,0,0,1773502522859,True,True
0,1.39047,35.60303,0,0,1773502529036,True,True
0,1.39047,2.87672514,0,0,1773502530182,True,True
0,1.38951,17.9978,0,0,1773502541306,False,True
0,1.38932,90.172,0,0,1773502573097,False,True
0,1.38958,27.05775,0,0,1773502597446,True,True
0,1.38932,9.828,0,0,1773502602757,False,True
0,1.38932,200.0,0,0,1773502602757,False,True
0,1.38912,395.28371,0,0,1773502602757,False,True
0,1.38953,13.775346,0,0,1773502612336,True,True
0,1.38936,1.9,0,0,1773502613513,False,True
0,1.38943,231.27463583,0,0,1773502618575,False,True
0,1.38943,135.81906417,0,0,1773502618575,False,True
0,1.38944,197.70842354,0,0,1773502625779,False,True
0,1.38944,337.5,0,0,1773502625779,False,True
0,1.38942,666.63890176,0,0,1773502625779,False,True
0,1.38935,246.03798752,0,0,1773502625779,False,True
0,1.38982,33.93429,0,0,1773502632967,True,True
0,1.38992,6.62289915,0,0,1773502666900,True,True
0,1.38992,386.56725326,0,0,1773502682655,True,True
0,1.38992,83.45017078,0,0,1773502682666,True,True
0,1.39073,1.00213556,0,0,1773502687225,True,True
0,1.39056,85.96157,0,0,1773502699589,False,True
0,1.3907,0.87801545,0,0,1773502724830,True,True
0,1.3907,3.12364861,0,0,1773502732247,True,True
0,1.39066,70.57934,0,0,1773502738574,True,True
0,1.39067,69.81188,0,0,1773502758604,True,True
0,1.39067,46.9134,0,0,1773502761923,True,True
0,1.39067,2.33736256,0,0,1773502764429,True,True
0,1.39067,4.88694,0,0,1773502776475,True,True
0,1.39066,2.69511334,0,0,1773502797550,False,True
0,1.38997,476.71476826,0,0,1773502806147,False,True
0,1.39,3.2576,0,0,1773502807040,False,True
0,1.39017,13.30007,0,0,1773502819371,True,True
0,1.39001,5.05141,0,0,1773502835003,True,True
0,1.39,35.97122302,0,0,1773502845771,False,True
0,1.38982,183.65687698,0,0,1773502845771,False,True
0,1.38987,12.62320758,0,0,1773502859852,False,True
0,1.38998,67.92636,0,0,1773502884913,True,True
0,1.38964,105.79848,0,0,1773502906909,True,True
0,1.38955,18.56854019,0,0,1773502939573,False,True
0,1.38974,3.51000906,0,0,1773502940463,True,True
0,1.38973,20.0,0,0,1773502944202,True,True
0,1.38974,19.45517793,0,0,1773502951397,True,True
0,1.38975,6.67542,0,0,1773502984103,True,True
0,1.38975,565.92791,0,0,1773502985128,True,True
0,1.38978,7.0543,0,0,1773502993058,True,True
0,1.38981,200.0,0,0,1773503041610,True,True
0,1.38979,0.98272425,0,0,1773503047586,True,True
0,1.38979,10.68614,0,0,1773503053906,True,True
0,1.38982,29.68661,0,0,1773503064961,True,True
0,1.38982,35.35713,0,0,1773503066767,True,True
0,1.38981,1.93567107,0,0,1773503074294,False,True
0,1.38982,2.07537666,0,0,1773503075470,True,True
0,1.38982,70.0,0,0,1773503090898,True,True
0,1.38982,1.30376595,0,0,1773503096152,True,True
0,1.38982,359.11189073,0,0,1773503099707,True,True
0,1.38993,347.98492927,0,0,1773503099707,True,True
0,1.39,70.02605,0,0,1773503115834,True,True
0,1.39,7.05318,0,0,1773503117646,True,True
0,1.38988,1.37235,0,0,1773503129399,False,True
0,1.39,1.39694,0,0,1773503138199,True,True
0,1.39,24.8066601,0,0,1773503150676,True,True
0,1.39039,15.36215,0,0,1773503170971,True,True
0,1.39039,69.82744,0,0,1773503171860,True,True
0,1.39045,88.94133,0,0,1773503176003,True,True
0,1.39045,7.0509,0,0,1773503177030,True,True
0,1.39043,50.31653,0,0,1773503212917,True,True
0,1.39022,6.50137929,0,0,1773503237390,False,True
0,1.39051,89.89507447,0,0,1773503253582,True,True
0,1.39022,4.65261615,0,0,1773503282959,False,True
0,1.39042,14.1017,0,0,1773503298536,True,True
0,1.39024,223.17353041,0,0,1773503307751,False,True
0,1.39024,201.40338959,0,0,1773503307751,False,True
0,1.39043,70.85836,0,0,1773503317315,True,True
0,1.39031,8.90957,0,0,1773503332541,False,True
0,1.39031,45.67558793,0,0,1773503335750,False,True
0,1.39052,6.6389,0,0,1773503341577,True,True
0,1.39052,211.51934,0,0,1773503346527,True,True
0,1.39052,8.74885,0,0,1773503357943,True,True
0,1.39052,85.39970658,0,0,1773503358581,True,True
0,1.39052,16.78734,0,0,1773503362281,True,True
0,1.39078,336.82542177,0,0,1773503367773,False,True
0,1.39097,69.82091,0,0,1773503368114,True,True
0,1.39077,15080.29788363,0,0,1773503368200,False,True
0,1.3908,337.5,0,0,1773503370783,True,True
0,1.39083,370.4713,0,0,1773503370783,True,True
0,1.39061,2.2837794,0,0,1773503372995,False,True
0,1.39045,3.5952083,0,0,1773503378222,True,True
0,1.39045,719.16059575,0,0,1773503380061,True,True
0,1.39038,100.83292,0,0,1773503392359,True,True
0,1.39038,9.99868,0,0,1773503393827,True,True
0,1.39024,649.46461241,0,0,1773503398604,True,True
0,1.39025,1445.37374759,0,0,1773503398604,True,True
0,1.39025,719.16059575,0,0,1773503400478,True,True
0,1.39022,17.0,0,0,1773503406269,False,True
0,1.39047,139.64384,0,0,1773503411762,True,True
0,1.39046,2.8068333,0,0,1773503416295,True,True
0,1.39047,139.64585,0,0,1773503418244,True,True
0,1.39048,719.17611184,0,0,1773503425437,True,True
0,1.39056,85.17,0,0,1773503431512,True,True
0,1.39042,3.32502,0,0,1773503447031,False,True
0,1.3906,6.60603,0,0,1773503448760,True,True
0,1.39094,34.91146,0,0,1773503476434,True,True
0,1.39094,3.45600816,0,0,1773503514227,True,True
0,1.39094,480.3925886,0,0,1773503541152,True,True
0,1.39167,174.42309,0,0,1773503551407,True,True
0,1.39166,337.5,0,0,1773503556697,True,True
0,1.39167,91.061927,0,0,1773503556697,True,True
0,1.39168,275.909793,0,0,1773503556697,True,True
0,1.39158,17.78842,0,0,1773503558573,True,True
0,1.39158,65.98091,0,0,1773503561598,True,True
0,1.39143,5.38665,0,0,1773503574592,True,True
0,1.39144,7.04588,0,0,1773503603032,True,True
0,1.39142,10.67362,0,0,1773503612036,True,True
0,1.39125,0.90022,0,0,1773503632662,True,True
0,1.39125,1409.17991,0,0,1773503634804,True,True
0,1.39125,7.04684,0,0,1773503635187,True,True
0,1.39127,367.80064258,0,0,1773503643066,True,True
0,1.39125,105.70114,0,0,1773503645860,True,True
0,1.39122,101.55984,0,0,1773503652661,True,True
0,1.39112,4.77311,0,0,1773503666289,False,True
0,1.3912,34.8949,0,0,1773503698586,True,True
0,1.39099,800.0,0,0,1773503719459,False,True
0,1.39099,198.38436903,0,0,1773503719459,False,True
0,1.39099,101.59454097,0,0,1773503719459,False,True
0,1.39093,85.15824,0,0,1773503734291,False,True
0,1.39092,161.33091,0,0,1773503735558,False,True
0,1.39095,3.2566,0,0,1773503746324,True,True
0,1.39095,7.11815,0,0,1773503747033,True,True
0,1.39092,1.09495873,0,0,1773503754674,True,True
0,1.39084,83.76462,0,0,1773503775519,True,True
0,1.3907,4.12181636,0,0,1773503788299,False,True
0,1.3907,1995.87818364,0,0,1773503796805,False,True
0,1.39069,8641.16132235,0,0,1773503796805,False,True
0,1.39063,40.4871,0,0,1773503808686,True,True
0,1.3903,9.32356,0,0,1773503838917,False,True
0,1.39066,73.82927,0,0,1773503845156,True,True
0,1.39051,25.92981,0,0,1773503847024,False,True
0,1.39052,232.15852496,0,0,1773503847521,False,True
0,1.39052,8.37515408,0,0,1773503847521,False,True
0,1.39065,13.39488,0,0,1773503852499,True,True
0,1.39045,18.35622,0,0,1773503855511,False,True
0,1.39058,229.01475905,0,0,1773503861524,False,True
0,1.39057,800.0,0,0,1773503861524,False,True
0,1.39053,509.30764095,0,0,1773503861524,False,True
0,1.39079,718.81941099,0,0,1773503878236,True,True
0,1.39078,35.24613,0,0,1773503890656,True,True
0,1.39076,6.02982363,0,0,1773503913191,False,True
0,1.39088,2.27681556,0,0,1773503917694,True,True
0,1.39082,35.24511,0,0,1773503949006,True,True
0,1.39085,69.64219,0,0,1773503954116,True,True
0,1.39065,50.0,0,0,1773503967269,True,True
0,1.39059,3.0195187,0,0,1773503968368,False,True
0,1.39057,7.11963,0,0,1773504000198,True,True
0,1.39053,3.59575126,0,0,1773504002742,True,True
0,1.39066,2.0,0,0,1773504007242,True,True
0,1.39046,14.10099,0,0,1773504008437,True,True
0,1.39045,94.95056,0,0,1773504009721,False,True
0,1.39046,2.08432,0,0,1773504019816,True,True
0,1.39045,871.77426899,0,0,1773504038623,False,True
0,1.39001,17.80164,0,0,1773504044190,True,True
0,1.39001,9.35245,0,0,1773504049036,True,True
0,1.39001,150.0,0,0,1773504064587,True,True
0,1.39001,19.50896,0,0,1773504069737,True,True
0,1.39,155.049455,0,0,1773504077677,False,True
0,1.39,232.60869565,0,0,1773504077677,False,True
0,1.39,1.65,0,0,1773504077677,False,True
0,1.38999,18.0,0,0,1773504077677,False,True
0,1.3895,1.65,0,0,1773504079813,False,True
0,1.38927,230.95869565,0,0,1773504079813,False,True
0,1.38952,149.8241,0,0,1773504086562,True,True
0,1.38927,50.38436069,0,0,1773504109848,True,True
0,1.38913,3.66619658,0,0,1773504118958,False,True
0,1.38927,16.63932,0,0,1773504125398,True,True
0,1.38944,32.5596,0,0,1773504149498,True,True
0,1.38944,279.83612,0,0,1773504150057,True,True
0,1.38904,60.0,0,0,1773504156311,False,True
0,1.38927,3.49419,0,0,1773504163012,True,True
0,1.3893,20.0,0,0,1773504195611,True,True
0,1.3894,33.2690289,0,0,1773504195611,True,True
0,1.38924,1.06561,0,0,1773504202035,True,True
0,1.38902,134.13823,0,0,1773504245868,True,True
0,1.38902,1.57954226,0,0,1773504251418,True,True
0,1.38902,35.29079,0,0,1773504257339,True,True
0,1.38901,7.09293,0,0,1773504267827,True,True
0,1.389,1.65,0,0,1773504278457,False,True
0,1.389,359.9712023,0,0,1773504278457,False,True
0,1.389,71.99424046,0,0,1773504278457,False,True
0,1.389,201.0,0,0,1773504278457,False,True
0,1.3888,8306.08095667,0,0,1773504278479,False,True
0,1.3888,12688.211134,0,0,1773504278609,False,True
0,1.38883,87.75346,0,0,1773504293095,False,True
0,1.38883,1.0,0,0,1773504293229,False,True
0,1.3888,10185.57714895,0,0,1773504307755,False,True
0,1.3888,7864.85891065,0,0,1773504307769,False,True
0,1.3888,12688.211134,0,0,1773504307796,False,True
0,1.38881,14.25813,0,0,1773504309207,True,True
0,1.3888,8157.67976949,0,0,1773504311276,False,True
0,1.3888,13419.90275494,0,0,1773504311280,False,True
0,1.3888,9052.6631377,0,0,1773504311285,False,True
0,1.3888,15659.64785343,0,0,1773504314312,False,True
0,1.3888,864.05529953,0,0,1773504314320,False,True
0,1.3888,16409.32107289,0,0,1773504314323,False,True
0,1.3888,12688.211134,0,0,1773504314480,False,True
0,1.3888,8755.14145642,0,0,1773504315153,False,True
0,1.38834,250.0,0,0,1773504317026,False,True
0,1.38822,21.61040757,0,0,1773504317026,False,True
0,1.38815,228.38959243,0,0,1773504317026,False,True
0,1.38816,13.97926,0,0,1773504330912,True,True
0,1.38815,765.44013058,0,0,1773504333809,False,True
0,1.38801,6.61831,0,0,1773504343893,True,True
0,1.388,36.02305476,0,0,1773504346673,False,True
0,1.388,1.65,0,0,1773504346673,False,True
0,1.3875,7.2072072,0,0,1773504346673,False,True
0,1.38744,12.22573104,0,0,1773504346673,False,True
0,1.38778,3.2566,0,0,1773504362897,False,True
0,1.38794,158.9344,0,0,1773504379742,True,True
0,1.38794,48.96549,0,0,1773504380064,True,True
0,1.38783,0.80479,0,0,1773504390530,True,True
0,1.38816,35.99856694,0,0,1773504432166,True,True
0,1.38821,141.24551,0,0,1773504441991,True,True
0,1.38805,93.41993,0,0,1773504470197,True,True
0,1.38809,32.17501,0,0,1773504482076,True,True
0,1.38862,202.23027554,0,0,1773504505944,False,True
0,1.38862,279.37814434,0,0,1773504505944,False,True
0,1.38866,337.5,0,0,1773504516578,True,True
0,1.38906,7.1823,0,0,1773504538718,True,True
0,1.38904,159.62103323,0,0,1773504554355,True,True
0,1.38904,20.97563785,0,0,1773504554579,True,True
0,1.38932,1730.35164271,0,0,1773504577338,False,True
0,1.38961,23.15365,0,0,1773504613960,True,True
0,1.38962,518.0,0,0,1773504616548,True,True
0,1.38943,5.77617,0,0,1773504621287,False,True
0,1.38958,2.87441,0,0,1773504639040,False,True
0,1.38964,3.5981,0,0,1773504648585,True,True
0,1.38944,194.90540394,0,0,1773504676527,False,True
0,1.38943,622.57552005,0,0,1773504676527,False,True
0,1.38963,16.22652,0,0,1773504678612,True,True
0,1.38964,52.39885,0,0,1773504698719,True,True
0,1.38963,25.99681,0,0,1773504701599,True,True
0,1.38964,2.09597,0,0,1773504706263,True,True
0,1.38948,72.0,0,0,1773504725121,False,True
0,1.38964,33.93869,0,0,1773504725473,True,True
0,1.38964,19.384331,0,0,1773504731462,True,True
0,1.38932,269.64835729,0,0,1773504732845,False,True
0,1.38916,1946.67154271,0,0,1773504732845,False,True
0,1.38916,10.48196,0,0,1773504756068,True,True
0,1.38916,17.8183,0,0,1773504762447,True,True
0,1.3894,70.56684,0,0,1773504781649,True,True
0,1.38936,148.27907,0,0,1773504789261,True,True
0,1.38939,10.48158,0,0,1773504793842,True,True
0,1.38914,69.89028,0,0,1773504824534,True,True
0,1.38898,7.00684,0,0,1773504855816,True,True
0,1.38898,27.68967155,0,0,1773504883683,True,True
0,1.38897,35.0,0,0,1773504886214,False,True
0,1.38898,2.8093277,0,0,1773504889178,True,True
0,1.38898,7.80244,0,0,1773504921907,True,True
0,1.38898,100.0,0,0,1773504924682,True,True
0,1.38898,70.0684,0,0,1773504940221,True,True
0,1.38898,7.01982,0,0,1773504941351,True,True
0,1.38898,7.00684,0,0,1773504952449,True,True
0,1.38897,3.50342,0,0,1773504952556,False,True
0,1.38898,7.05836,0,0,1773504956301,True,True
0,1.38898,5340.49405246,0,0,1773504964508,True,True
0,1.38954,14.00803,0,0,1773505008535,True,True
0,1.38954,21.01205,0,0,1773505029542,True,True
0,1.38954,33.94113,0,0,1773505038204,True,True
0,1.38953,93.41993,0,0,1773505054065,False,True
0,1.38954,14.00803,0,0,1773505056889,True,True
0,1.38976,8.00864897,0,0,1773505069306,True,True
0,1.38984,26.71957,0,0,1773505109184,True,True
0,1.39013,6.67972,0,0,1773505122989,False,True
0,1.39014,265.1747306,0,0,1773505143786,True,True
0,1.39032,12.97679,0,0,1773505165893,True,True
0,1.39032,56.663387,0,0,1773505174181,True,True
0,1.39003,14.10606,0,0,1773505205699,True,True
0,1.39,4.5757,0,0,1773505238784,False,True
0,1.39001,101.64752,0,0,1773505257609,True,True
0,1.39001,330.20625751,0,0,1773505277427,True,True
0,1.39009,337.5,0,0,1773505308075,True,True
0,1.3901,156.18005,0,0,1773505308075,True,True
0,1.39048,13.9682,0,0,1773505322067,True,True
0,1.39001,2.0954,0,0,1773505345917,True,True
0,1.39001,6.74884,0,0,1773505354610,True,True
0,1.39014,14.10494,0,0,1773505384013,True,True
0,1.39002,110.07036,0,0,1773505402700,False,True
0,1.39014,4.0,0,0,1773505402868,True,True
0,1.39014,3.2588,0,0,1773505409239,True,True
0,1.39014,1.19526,0,0,1773505416168,True,True
0,1.39014,13.45783,0,0,1773505418206,True,True
0,1.39014,8.79286,0,0,1773505435790,True,True
0,1.39014,6.55164,0,0,1773505451421,True,True
0,1.39014,6.984,0,0,1773505453423,True,True
0,1.39014,6.54519,0,0,1773505480187,True,True
0,1.39014,13.28508,0,0,1773505486097,True,True
0,1.39014,159.77239,0,0,1773505487225,True,True
0,1.39007,63.0,0,0,1773505494752,False,True
0,1.39014,69.84,0,0,1773505509560,True,True
0,1.39003,13.43368,0,0,1773505535173,True,True
0,1.39004,5.19049,0,0,1773505541405,True,True
0,1.39003,191.88439,0,0,1773505550600,True,True
0,1.39014,35.26235,0,0,1773505557855,True,True
0,1.39014,100.66065,0,0,1773505559787,True,True
0,1.3903,7.05156,0,0,1773505586254,True,True
0,1.3902,14.24429,0,0,1773505602419,True,True
0,1.39023,69.83648,0,0,1773505607301,True,True
0,1.39021,3.22579717,0,0,1773505625269,True,True
0,1.39007,3.12364861,0,0,1773505633828,True,True
0,1.39025,13.50442139,0,0,1773505633828,True,True
0,1.39002,90.62003,0,0,1773505637946,False,True
0,1.39022,14.00128,0,0,1773505642662,True,True
0,1.39005,34.31946,0,0,1773505654692,False,True
0,1.39012,337.5,0,0,1773505661627,False,True
0,1.39012,800.0,0,0,1773505661627,False,True
0,1.39008,150.51253416,0,0,1773505661627,False,True
0,1.3908,69.80686,0,0,1773505670205,True,True
0,1.39079,6.98069,0,0,1773505678675,True,True
0,1.39058,21.96347,0,0,1773505683829,False,True
0,1.3907,28.1971,0,0,1773505718942,True,True
0,1.39057,40.0,0,0,1773505722566,False,True
0,1.39077,73.73584,0,0,1773505729863,True,True
0,1.39055,516.96293675,0,0,1773505761849,True,True
0,1.39055,187.96973325,0,0,1773505761849,True,True
0,1.3905,719.16576771,0,0,1773505769861,False,True
0,1.39032,732.40723229,0,0,1773505769861,False,True
0,1.39053,134.22878,0,0,1773505770560,True,True
0,1.39053,10.83751636,0,0,1773505774235,True,True
0,1.39058,0.70502,0,0,1773505800063,True,True
0,1.39064,30.0,0,0,1773505822331,True,True
0,1.39055,96.743551,0,0,1773505823207,False,True
0,1.39064,34.90745,0,0,1773505833071,True,True
0,1.39064,84.80708,0,0,1773505841842,True,True
0,1.39064,1350.28547,0,0,1773505847441,True,True
0,1.39075,3595.19278904,0,0,1773505847441,True,True
0,1.39075,54.52174096,0,0,1773505847441,True,True
0,1.39075,50.0,0,0,1773505853108,True,True
0,1.39077,1396.16728,0,0,1773505879760,True,True
0,1.39077,7.04928,0,0,1773505884948,True,True
0,1.39077,2191.92225974,0,0,1773505892525,True,True
0,1.39081,200.09117452,0,0,1773505892525,True,True
0,1.39087,3659.10020738,0,0,1773505892525,True,True
0,1.39089,7.04867,0,0,1773505906985,True,True
0,1.39094,95.15277,0,0,1773505941904,True,True
0,1.39093,0.73871,0,0,1773505945282,False,True
0,1.39094,1.13412512,0,0,1773505961397,True,True
0,1.39144,139.56053,0,0,1773506018188,True,True
0,1.39136,337.5,0,0,1773506026921,True,True
0,1.39137,337.5,0,0,1773506026921,True,True
0,1.39142,2488.66064505,0,0,1773506026921,True,True
0,1.39141,7.04649,0,0,1773506028285,True,True
0,1.39143,7.19403779,0,0,1773506033437,True,True
0,1.39143,1771.65218516,0,0,1773506036918,True,True
0,1.39163,129.18273893,0,0,1773506041544,False,True
0,1.39193,66.97702,0,0,1773506047849,True,True
0,1.39193,428.16134595,0,0,1773506058222,True,True
0,1.39207,663.99846093,0,0,1773506058222,True,True
0,1.39207,70.04943,0,0,1773506063464,True,True
0,1.39195,14.80466,0,0,1773506070481,False,True
0,1.39207,10.46148,0,0,1773506092316,True,True
0,1.39195,2.92076585,0,0,1773506094955,False,True
0,1.39207,17.43579,0,0,1773506095309,True,True
0,1.39207,9.81286,0,0,1773506101430,True,True
0,1.39191,56.89030224,0,0,1773506116435,False,True
0,1.39207,67.60985,0,0,1773506116493,True,True
0,1.39206,100.0,0,0,1773506129239,True,True
0,1.39207,8.53491,0,0,1773506162665,True,True
0,1.39174,7.0,0,0,1773506194603,True,True
0,1.39174,84.40319,0,0,1773506195609,True,True
0,1.39173,10.82487,0,0,1773506225437,False,True
0,1.39206,17.48236,0,0,1773506239212,True,True
0,1.3919,10.77663625,0,0,1773506255094,True,True
0,1.39189,176.04582,0,0,1773506258869,True,True
0,1.39173,26.11535,0,0,1773506265057,False,True
0,1.39186,114.62442,0,0,1773506285837,True,True
0,1.39188,7.0434,0,0,1773506302550,True,True
0,1.39181,34.87685,0,0,1773506308816,True,True
0,1.39173,10.6186,0,0,1773506320185,True,True
0,1.39173,25.0,0,0,1773506347176,True,True
0,1.39172,40.0,0,0,1773506396772,False,True
0,1.39172,60.0,0,0,1773506406369,False,True
0,1.39171,28.74162002,0,0,1773506406369,False,True
0,1.3915,215.68104063,0,0,1773506406369,False,True
0,1.39137,63.763131,0,0,1773506420423,True,True
0,1.39135,32.23104,0,0,1773506439791,True,True
0,1.3917,30.04652,0,0,1773506449687,True,True
0,1.39198,7.11288,0,0,1773506510055,True,True
0,1.39163,1.40927,0,0,1773506546246,True,True
0,1.39145,33.79221,0,0,1773506548969,False,True
0,1.39163,235.54347287,0,0,1773506555416,True,True
0,1.39165,339.31709614,0,0,1773506555416,True,True
0,1.39168,52.38457,0,0,1773506572173,True,True
0,1.39152,56.04119,0,0,1773506603728,False,True
0,1.39173,6.1649889,0,0,1773506604870,True,True
0,1.39173,71.85301747,0,0,1773506607581,True,True
0,1.39173,124.7868525,0,0,1773506607970,True,True
0,1.39174,17.4963475,0,0,1773506607970,True,True
0,1.39158,22.0,0,0,1773506611809,False,True
0,1.39174,9.89207,0,0,1773506617413,True,True
0,1.39157,29.999999,0,0,1773506621651,False,True
0,1.39157,3.96089,0,0,1773506629892,False,True
0,1.39174,2.62527483,0,0,1773506643642,True,True
0,1.39174,8.1487,0,0,1773506647861,True,True
0,1.39174,141.58128,0,0,1773506650482,True,True
0,1.3917,71.7108,0,0,1773506668396,True,True
0,1.3915,75.385259,0,0,1773506674356,False,True
0,1.3915,8.06802,0,0,1773506674715,False,True
0,1.39151,1.40214587,0,0,1773506692061,True,True
0,1.39182,6.60114,0,0,1773506703697,True,True
0,1.39163,167.70069,0,0,1773506707692,True,True
0,1.39153,33.48076,0,0,1773506708601,True,True
0,1.39153,69.76773,0,0,1773506714827,True,True
0,1.39151,13.3865,0,0,1773506747789,True,True
0,1.39151,40.0,0,0,1773506757682,True,True
0,1.39151,6.60166,0,0,1773506761858,True,True
0,1.39151,6.60166,0,0,1773506766777,True,True
0,1.3915,1000.0,0,0,1773506795363,False,True
0,1.39151,2.72737,0,0,1773506796808,True,True
0,1.39151,25.71541,0,0,1773506798033,True,True
0,1.3915,15191.18344396,0,0,1773506820774,False,True
0,1.3915,2155.94681996,0,0,1773506820775,False,True
0,1.3915,2156.08627217,0,0,1773506820784,False,True
0,1.3915,8242.74106362,0,0,1773506820786,False,True
0,1.39148,1437.31853853,0,0,1773506820807,False,True
0,1.39101,2.41744579,0,0,1773506825220,True,True
0,1.391,200.0,0,0,1773506833641,False,True
0,1.391,1.65,0,0,1773506833641,False,True
0,1.39056,226.6640077,0,0,1773506834163,True,True
0,1.39059,34.9087,0,0,1773506842024,True,True
0,1.39057,22.22366,0,0,1773506846677,False,True
0,1.39151,33.73154,0,0,1773506895432,True,True
0,1.3918,13.95676,0,0,1773506900039,True,True
0,1.3918,2.07308573,0,0,1773506910703,True,True
0,1.39179,35.22055,0,0,1773506913034,True,True
0,1.39179,13.95134,0,0,1773506913600,True,True
0,1.3918,40.1101,0,0,1773506922258,True,True
0,1.39179,505.44523543,0,0,1773506925226,True,True
0,1.39203,67.62297,0,0,1773506925485,True,True
0,1.39203,17.60724,0,0,1773506928196,True,True
0,1.39202,7.14925,0,0,1773506929338,True,True
0,1.39202,140.79459,0,0,1773506931300,True,True
0,1.39206,0.73473,0,0,1773506938776,True,True
0,1.39205,17.78157,0,0,1773506939515,True,True
0,1.39198,337.5,0,0,1773506941166,True,True
0,1.39201,800.0,0,0,1773506941166,True,True
0,1.39203,800.0,0,0,1773506941166,True,True
0,1.39204,800.0,0,0,1773506941166,True,True
0,1.39205,368.9968464,0,0,1773506941166,True,True
0,1.39209,314.76147032,0,0,1773506961531,True,True
0,1.39223,16.60585,0,0,1773506967416,True,True
0,1.39222,1.29727,0,0,1773506970448,True,True
0,1.39232,12.54022064,0,0,1773506983832,True,True
0,1.39205,56.663387,0,0,1773506987893,False,True
0,1.39205,2.0,0,0,1773507001088,False,True
0,1.39214,1.76058,0,0,1773507002031,True,True
0,1.39221,133.832463,0,0,1773507022380,False,True
0,1.39235,69.72865,0,0,1773507025357,True,True
0,1.39235,1006.54025,0,0,1773507025605,True,True
0,1.39235,22.0,0,0,1773507030040,True,True
0,1.39235,70.41327,0,0,1773507050657,True,True
0,1.39235,70.41327,0,0,1773507050657,True,True
0,1.39235,26.0,0,0,1773507060246,False,True
0,1.39235,26.0,0,0,1773507067431,False,True
0,1.39236,66.9395,0,0,1773507072543,True,True
0,1.39235,26.07,0,0,1773507074629,False,True
0,1.39235,26.24,0,0,1773507081834,False,True
0,1.39235,25.98,0,0,1773507081967,False,True
0,1.39235,26.3,0,0,1773507089188,False,True
0,1.39235,174.64741,0,0,1773507090131,False,True
0,1.39236,134.37949,0,0,1773507094620,True,True
0,1.39235,26.26,0,0,1773507103418,False,True
0,1.39235,25.65,0,0,1773507103550,False,True
0,1.39236,34.94915,0,0,1773507108071,True,True
0,1.39236,40.0,0,0,1773507121717,True,True
0,1.39234,79.40633127,0,0,1773507157500,True,True
0,1.39234,337.5,0,0,1773507157500,True,True
0,1.39235,111.1189065,0,0,1773507157500,True,True
0,1.39236,717.56158301,0,0,1773507157500,True,True
0,1.39244,383.14741,0,0,1773507157500,True,True
0,1.39248,1899.77910922,0,0,1773507157500,True,True
0,1.39247,11.3608767,0,0,1773507157726,True,True
0,1.39247,55.7414933,0,0,1773507157726,True,True
0,1.3925,139.44728,0,0,1773507179508,True,True
0,1.39234,72.47106,0,0,1773507181426,False,True
0,1.39261,0.69716,0,0,1773507191587,True,True
0,1.39275,3906.3323885,0,0,1773507205120,True,True
0,1.39276,9776.7,0,0,1773507205120,True,True
0,1.39277,734.57664303,0,0,1773507205120,True,True
0,1.39279,1938.76504197,0,0,1773507205120,True,True
0,1.3926,25.8,0,0,1773507208779,False,True
0,1.3925,65.57958,0,0,1773507236338,False,True
0,1.39269,337.5,0,0,1773507251586,True,True
0,1.3927,189.9046295,0,0,1773507251586,True,True
0,1.39271,577.6506305,0,0,1773507251586,True,True
0,1.39285,797.58930477,0,0,1773507260096,True,True
0,1.39263,52.10268,0,0,1773507281386,False,True
0,1.39275,0.9959,0,0,1773507283659,True,True
0,1.39274,10.77005924,0,0,1773507291470,True,True
0,1.39284,62.73596,0,0,1773507314851,True,True
0,1.39284,36.72408,0,0,1773507329682,True,True
0,1.39284,13.94042,0,0,1773507330034,True,True
0,1.393,1.91738718,0,0,1773507349358,True,True
0,1.39318,5.19059282,0,0,1773507349358,True,True
0,1.39296,42.22704,0,0,1773507367647,True,True
0,1.39275,25.73959,0,0,1773507369961,False,True
0,1.39297,34.84906,0,0,1773507379137,True,True
0,1.39305,1.07199,0,0,1773507380389,True,True
0,1.39304,17.59447,0,0,1773507425121,True,True
0,1.39302,272.27089297,0,0,1773507444022,True,True
0,1.39303,52.62035052,0,0,1773507444022,True,True
0,1.39302,14.9500032,0,0,1773507445542,True,True
0,1.39303,54.7456068,0,0,1773507445542,True,True
0,1.39312,13.37094,0,0,1773507453786,True,True
0,1.3931,337.5,0,0,1773507458612,True,True
0,1.39312,0.528206,0,0,1773507458612,True,True
0,1.39314,5289.76176627,0,0,1773507458612,True,True
0,1.39316,10221.2,0,0,1773507458612,True,True
0,1.39317,3588.9497221,0,0,1773507458612,True,True
0,1.3932,480.74921108,0,0,1773507458612,True,True
0,1.39321,25.8,0,0,1773507458612,True,True
0,1.39324,1076.62714248,0,0,1773507458612,True,True
0,1.39324,4365.3662499,0,0,1773507458612,True,True
0,1.39328,399.45009217,0,0,1773507458612,True,True
0,1.39292,38.81134,0,0,1773507463688,False,True
0,1.3931,60.83467325,0,0,1773507474000,True,True
0,1.3931,19.11577,0,0,1773507478201,True,True
0,1.39294,143.69666,0,0,1773507488840,False,True
0,1.39313,17.42253,0,0,1773507510894,True,True
0,1.39313,7.03733,0,0,1773507513292,True,True
0,1.39314,35.70646,0,0,1773507535662,True,True
0,1.39324,21.11155,0,0,1773507546369,True,True
0,1.39342,16.75265,0,0,1773507559479,True,True
0,1.39353,39.17719,0,0,1773507573147,True,True
0,1.39348,133.94462,0,0,1773507598434,True,True
0,1.39347,337.5,0,0,1773507601440,True,True
0,1.3934,7.03592,0,0,1773507605356,True,True
0,1.39305,666.66666,0,0,1773507606351,False,True
0,1.39305,6.66e-06,0,0,1773507606418,False,True
0,1.39304,7428.94269334,0,0,1773507606418,False,True
0,1.39304,600.0,0,0,1773507606419,False,True
0,1.39294,800.0,0,0,1773507606428,False,True
0,1.39293,1000.0,0,0,1773507606660,False,True
0,1.39293,1600.0,0,0,1773507606662,False,True
0,1.39334,4.47999,0,0,1773507612042,True,True
0,1.39334,1.39697,0,0,1773507613358,True,True
0,1.39307,174.6241,0,0,1773507630913,True,True
0,1.39306,42.93661,0,0,1773507636571,True,True
0,1.39319,67.06191,0,0,1773507658347,True,True
0,1.39319,67.06239,0,0,1773507658457,True,True
0,1.39333,27.078325,0,0,1773507670443,True,True
0,1.39333,73.921675,0,0,1773507670443,True,True
0,1.3933,22.20825,0,0,1773507674236,True,True
0,1.39325,337.5,0,0,1773507682029,True,True
0,1.39327,11.75573,0,0,1773507682029,True,True
0,1.39306,72.80786,0,0,1773507693716,False,True
0,1.39332,14.10733,0,0,1773507695232,True,True
0,1.39332,6.59308,0,0,1773507698802,True,True
0,1.39328,77.87903,0,0,1773507704547,True,True
0,1.39328,7.11928299,0,0,1773507705147,True,True
0,1.39328,17.63466,0,0,1773507712784,True,True
0,1.39307,41.46132,0,0,1773507726244,False,True
0,1.39308,64.26266896,0,0,1773507734144,True,True
0,1.39308,5.59951104,0,0,1773507734144,True,True
0,1.39308,33.68523,0,0,1773507757107,True,True
0,1.39308,10.8985,0,0,1773507760527,True,True
0,1.39307,6.87750781,0,0,1773507768485,False,True
0,1.39308,3.3934,0,0,1773507773730,True,True
0,1.39308,35.89169323,0,0,1773507774300,True,True
0,1.39307,75.47114467,0,0,1773507802170,False,True
0,1.39308,35.36127,0,0,1773507819033,True,True
0,1.39308,6.98622,0,0,1773507826636,True,True
0,1.39308,3.9251,0,0,1773507849039,True,True
0,1.39307,594.02904494,0,0,1773507873278,False,True
0,1.39288,26.08,0,0,1773507874270,False,True
0,1.39289,67.06769,0,0,1773507883933,True,True
0,1.39289,10.58376,0,0,1773507907607,True,True
0,1.39289,4.7905434,0,0,1773507938594,True,True
0,1.39289,7.03855,0,0,1773507939248,True,True
0,1.39308,38.41239553,0,0,1773507960180,True,True
0,1.39316,85.27404447,0,0,1773507960180,True,True
0,1.39335,377.31637647,0,0,1773507999641,True,True
0,1.39335,1.11093393,0,0,1773508002123,True,True
0,1.39344,1.68972634,0,0,1773508002123,True,True
0,1.39303,5.49727185,0,0,1773508022124,False,True
0,1.39288,76.73891259,0,0,1773508022124,False,True
0,1.39288,167.76381556,0,0,1773508022124,False,True
0,1.39334,10.07642,0,0,1773508035721,True,True
0,1.39334,7.03764,0,0,1773508037169,True,True
0,1.39309,38.44103195,0,0,1773508044045,False,True
0,1.39331,3.28634487,0,0,1773508055564,True,True
0,1.39332,131.37734,0,0,1773508064710,True,True
0,1.39323,73.631,0,0,1773508082576,True,True
0,1.39329,69.85014,0,0,1773508093694,True,True
0,1.39329,7.1065,0,0,1773508101569,True,True
0,1.39329,10.55487,0,0,1773508102911,True,True
0,1.39308,251.24185259,0,0,1773508109261,False,True
0,1.39308,131.36294865,0,0,1773508109261,False,True
0,1.39307,77.44000496,0,0,1773508138320,False,True
0,1.39365,6.65678,0,0,1773508158444,True,True
0,1.39364,1.00025831,0,0,1773508160632,True,True
0,1.39364,6.60966,0,0,1773508164764,True,True
0,1.3935,3588.06273002,0,0,1773508165658,False,True
0,1.39345,653.41775202,0,0,1773508165658,False,True
0,1.39345,1156.71638102,0,0,1773508165658,False,True
0,1.39365,18.3943,0,0,1773508171098,True,True
0,1.39365,2.05488,0,0,1773508180236,True,True
0,1.39364,337.5,0,0,1773508181149,False,True
0,1.39364,800.0,0,0,1773508181149,False,True
0,1.39364,207.88578885,0,0,1773508181149,False,True
0,1.39364,661.76464638,0,0,1773508181149,False,True
0,1.39363,800.0,0,0,1773508181149,False,True
0,1.39363,197.34440445,0,0,1773508181149,False,True
0,1.39365,318.44089341,0,0,1773508193887,True,True
0,1.39383,17.52469659,0,0,1773508193887,True,True
0,1.3938,145.71450541,0,0,1773508211518,True,True
0,1.39381,104.28549459,0,0,1773508211518,True,True
0,1.39389,146.02326,0,0,1773508215869,True,True
0,1.39374,21.542248,0,0,1773508224951,False,True
0,1.39392,28.78854,0,0,1773508228507,True,True
0,1.39387,2.759348,0,0,1773508239695,True,True
0,1.39394,81.171021,0,0,1773508242373,True,True
0,1.39397,276.624019,0,0,1773508242373,True,True
0,1.39377,25.4154,0,0,1773508260030,False,True
0,1.39392,7.0333,0,0,1773508265280,True,True
0,1.39392,178.82312407,0,0,1773508266722,True,True
0,1.39392,136.2142395,0,0,1773508266722,True,True
0,1.39393,1447.65729643,0,0,1773508266722,True,True
0,1.39393,1.40666,0,0,1773508268031,True,True
0,1.39391,140.88020465,0,0,1773508269777,False,True
0,1.39383,3.5385,0,0,1773508288295,False,True
0,1.39375,15.64359,0,0,1773508301684,False,True
0,1.39385,252.074482,0,0,1773508308831,True,True
0,1.39385,26.76074276,0,0,1773508308831,True,True
0,1.39386,721.16477524,0,0,1773508308831,True,True
0,1.39346,13.01848,0,0,1773508351150,True,True
0,1.39346,35.03763,0,0,1773508352102,True,True
0,1.39346,17.63239,0,0,1773508368388,True,True
0,1.39349,13.567,0,0,1773508386113,True,True
0,1.39362,17.76141,0,0,1773508395496,True,True
0,1.39362,129.0279825,0,0,1773508404390,True,True
0,1.39363,329.3590575,0,0,1773508404390,True,True
0,1.39362,5.66083418,0,0,1773508413008,True,True
0,1.39362,11.05106582,0,0,1773508413008,True,True
0,1.39359,6.59171,0,0,1773508419603,True,True
0,1.39359,13.43227,0,0,1773508419808,True,True
0,1.39359,17.63074,0,0,1773508434478,True,True
0,1.39353,3.6508,0,0,1773508463750,False,True
0,1.39358,9.90283,0,0,1773508471767,True,True
0,1.39363,46.82573,0,0,1773508489628,True,True
0,1.39352,10.95248,0,0,1773508499441,False,True
0,1.39375,17.93721973,0,0,1773508523183,True,True
0,1.39376,7.03425,0,0,1773508526513,True,True
0,1.39382,21.10125,0,0,1773508549813,True,True
0,1.39379,7.05118,0,0,1773508559140,True,True
0,1.39357,15.82632858,0,0,1773508567984,True,True
0,1.39357,5.32768142,0,0,1773508567984,True,True
0,1.39352,5.56628365,0,0,1773508573654,False,True
0,1.39352,295.07400414,0,0,1773508574452,False,True
0,1.39359,7.05134,0,0,1773508601592,True,True
0,1.39359,64.54349,0,0,1773508606963,True,True
0,1.39359,349.16551,0,0,1773508615538,True,True
0,1.39358,296.10129,0,0,1773508615869,True,True
0,1.39358,35.17531,0,0,1773508623400,True,True
0,1.39351,70.52347,0,0,1773508634429,True,True
0,1.3935,134.26185,0,0,1773508636074,True,True
0,1.3935,80.87578,0,0,1773508636877,True,True
0,1.3929,25.48065,0,0,1773508645354,True,True
0,1.39288,21.0028166,0,0,1773508655743,False,True
0,1.39288,20.5553769,0,0,1773508659149,False,True
0,1.39288,19.5789993,0,0,1773508660017,False,True
0,1.39288,19.171697,0,0,1773508662158,False,True
0,1.39288,18.2610441,0,0,1773508664698,False,True
0,1.39288,18.2610441,0,0,1773508664700,False,True
0,1.39288,48.75768475,0,0,1773508664732,False,True
0,1.3927,17.7500094,0,0,1773508665133,False,True
0,1.3927,16.5683297,0,0,1773508667302,False,True
0,1.3927,16.1341396,0,0,1773508668582,False,True
0,1.39271,35.19728,0,0,1773508672861,True,True
0,1.3927,15.1299729,0,0,1773508680090,False,True
0,1.3927,6.22052104,0,0,1773508681097,False,True
0,1.39251,122.27549,0,0,1773508682323,True,True
0,1.39251,20.96422,0,0,1773508688125,True,True
0,1.39251,1.36171373,0,0,1773508696003,True,True
0,1.3925,377.31637647,0,0,1773508700832,False,True
0,1.3925,12688.211134,0,0,1773508706763,False,True
0,1.3925,215.44759237,0,0,1773508706841,False,True
0,1.3925,2559.30496897,0,0,1773508707637,False,True
0,1.39231,7.04143,0,0,1773508734126,True,True
0,1.39271,0.91744,0,0,1773508750761,True,True
0,1.39271,223.12983,0,0,1773508752679,True,True
0,1.39276,39.068218,0,0,1773508776689,True,True
0,1.39279,0.171782,0,0,1773508776689,True,True
0,1.39282,10.0,0,0,1773508781832,True,True
0,1.39282,21.844893,0,0,1773508782158,True,True
0,1.39282,27.548117,0,0,1773508782158,True,True
0,1.39279,35.19551,0,0,1773508826846,True,True
0,1.39279,6.98772,0,0,1773508827359,True,True
0,1.39266,246.50851,0,0,1773508832894,False,True
0,1.39285,28.22417,0,0,1773508849142,True,True
0,1.39275,39.702039,0,0,1773508869158,True,True
0,1.39276,30.171661,0,0,1773508869158,True,True
0,1.39262,2000.0,0,0,1773508890417,False,True
0,1.39261,3089.91364164,0,0,1773508890417,False,True
0,1.39275,20.1758281,0,0,1773508894300,True,True
0,1.39275,49.7025419,0,0,1773508894300,True,True
0,1.39275,18.1256334,0,0,1773508904295,True,True
0,1.39276,151.8743666,0,0,1773508904295,True,True
0,1.39275,17.2646628,0,0,1773508907203,True,True
0,1.39275,192.3700172,0,0,1773508907203,True,True
0,1.39274,18.862022,0,0,1773508924453,True,True
0,1.39274,8.42212806,0,0,1773508924453,True,True
0,1.39274,46.4619,0,0,1773508931883,True,True
0,1.39271,13.97605,0,0,1773508959096,True,True
0,1.392,1.65,0,0,1773508980044,False,True
0,1.39187,1.6088,0,0,1773508980044,False,True
0,1.39223,18.737325,0,0,1773509013058,True,True
0,1.39224,16.624515,0,0,1773509013058,True,True
0,1.39233,6.09043984,0,0,1773509023118,True,True
0,1.39233,7.03192,0,0,1773509028646,True,True
0,1.39233,2.61060916,0,0,1773509039491,True,True
0,1.39234,4.43074084,0,0,1773509039491,True,True
0,1.39234,14.51592,0,0,1773509054986,True,True
0,1.39212,43.392031,0,0,1773509074717,False,True
0,1.39218,6.99083,0,0,1773509088087,True,True
0,1.39212,6.06423203,0,0,1773509092115,False,True
0,1.39212,10.77005924,0,0,1773509098816,False,True
0,1.39217,26.9879705,0,0,1773509099530,True,True
0,1.39218,8.2229095,0,0,1773509099530,True,True
0,1.39233,4.81207489,0,0,1773509110132,True,True
0,1.39233,20.96994,0,0,1773509110687,True,True
0,1.39233,698.99809,0,0,1773509120699,True,True
0,1.39232,14.14529,0,0,1773509124096,True,True
0,1.39233,225.0430395,0,0,1773509150411,True,True
0,1.39234,74.9569605,0,0,1773509150411,True,True
0,1.3925,6.62946,0,0,1773509159101,True,True
0,1.3925,43.37054,0,0,1773509159903,True,True
0,1.39287,26.53027,0,0,1773509159903,True,True
0,1.39289,1.47735,0,0,1773509170991,True,True
0,1.39263,1.29388279,0,0,1773509179020,True,True
0,1.39263,33.36851856,0,0,1773509190214,True,True
0,1.39263,28.22863,0,0,1773509197652,True,True
0,1.39236,7.11125,0,0,1773509215591,True,True
0,1.39236,35.29263,0,0,1773509218487,True,True
0,1.39195,71.14435,0,0,1773509259198,True,True
0,1.39195,80.58094,0,0,1773509273715,True,True
0,1.39183,5.0,0,0,1773509310234,False,True
0,1.39213,69.91437,0,0,1773509318551,True,True
0,1.39212,46.53738,0,0,1773509351931,False,True
0,1.39238,13.51059,0,0,1773509361142,True,True
0,1.39238,69.8973,0,0,1773509370028,True,True
0,1.39238,14.36389492,0,0,1773509370614,True,True
0,1.39238,136.03245,0,0,1773509375813,True,True
0,1.39243,17.47357,0,0,1773509423101,True,True
0,1.39243,320.02643,0,0,1773509423890,True,True
0,1.39244,370.68988,0,0,1773509423890,True,True
0,1.39244,52.42072,0,0,1773509427866,True,True
0,1.39259,34.94388,0,0,1773509453006,True,True
0,1.39242,1.00008,0,0,1773509467326,False,True
0,1.39229,300.32111,0,0,1773509469819,True,True
0,1.39227,2.39177745,0,0,1773509479448,False,True
0,1.39194,2152.36268827,0,0,1773509479448,False,True
0,1.3922,7.78395,0,0,1773509481066,True,True
0,1.3922,69.90232,0,0,1773509482104,True,True
0,1.39192,19.72894,0,0,1773509500017,False,True
0,1.39214,49.05,0,0,1773509500152,True,True
0,1.39214,35.56032,0,0,1773509501923,True,True
0,1.39192,12.39419,0,0,1773509502929,False,True
0,1.39198,7.14827,0,0,1773509517041,True,True
0,1.39194,179.15884,0,0,1773509536632,True,True
0,1.39195,14.15609,0,0,1773509541546,True,True
0,1.39191,17.60876,0,0,1773509560706,True,True
0,1.39202,17.65063,0,0,1773509584027,True,True
0,1.39202,10.01422393,0,0,1773509584589,True,True
0,1.39188,202.56038852,0,0,1773509602978,False,True
0,1.39187,70.37517148,0,0,1773509602978,False,True
0,1.39202,3.77994928,0,0,1773509617165,True,True
0,1.39202,4.69416579,0,0,1773509621278,True,True
0,1.39202,12.91319421,0,0,1773509621278,True,True
0,1.3918,7.439,0,0,1773509629486,True,True
0,1.39182,51.0,0,0,1773509637660,True,True
0,1.39162,122.15988,0,0,1773509644757,True,True
0,1.39162,38.40856,0,0,1773509649016,True,True
0,1.39139,35.2769,0,0,1773509708475,True,True
0,1.39139,67.14915,0,0,1773509749754,True,True
0,1.39139,34.44731924,0,0,1773509758083,True,True
0,1.39138,21.5613276,0,0,1773509758170,False,True
0,1.39128,616.65396944,0,0,1773509758170,False,True
0,1.39139,1398.40353076,0,0,1773509761138,True,True
0,1.39151,501.59646924,0,0,1773509761138,True,True
0,1.39115,7.04735,0,0,1773509770036,True,True
0,1.39114,104.9115,0,0,1773509772637,True,True
0,1.39106,17.70517,0,0,1773509776016,True,True
0,1.39101,221.62532,0,0,1773509801386,False,True
0,1.3911,69.96161,0,0,1773509801507,True,True
0,1.391,1.65,0,0,1773509806001,False,True
0,1.391,42.67063,0,0,1773509806001,False,True
0,1.391,3.51814,0,0,1773509807335,False,True
0,1.3911,211.94759,0,0,1773509817096,True,True
0,1.391,4.28993,0,0,1773509821668,False,True
0,1.39115,21.2462,0,0,1773509829477,True,True
0,1.39115,35.41033,0,0,1773509833341,True,True
0,1.39114,20.98773,0,0,1773509851264,True,True
0,1.39114,35.32358,0,0,1773509861767,True,True
0,1.39114,174.89901,0,0,1773509867445,True,True
0,1.39117,3.89416342,0,0,1773509870893,False,True
0,1.39128,70.64017,0,0,1773509887213,True,True
0,1.39121,20.0,0,0,1773509893606,False,True
0,1.39122,54.71855,0,0,1773509898762,False,True
0,1.39128,1429.35983,0,0,1773509929039,True,True
0,1.39146,5695.64017,0,0,1773509929039,True,True
0,1.3915,16.99352686,0,0,1773509948802,True,True
0,1.3915,333.37191314,0,0,1773509948802,True,True
0,1.39123,3.55836,0,0,1773509965039,True,True
0,1.39123,0.96590786,0,0,1773509971398,True,True
0,1.39118,7.11697,0,0,1773509979148,True,True
0,1.391,613.84255456,0,0,1773510006562,False,True
0,1.39101,20.02431,0,0,1773510029348,True,True
0,1.39101,6.55583,0,0,1773510035048,True,True
0,1.39101,101.4509,0,0,1773510050531,True,True
0,1.39101,10.0,0,0,1773510083892,True,True
0,1.39101,171.94278,0,0,1773510093974,True,True
0,1.39101,13.42422,0,0,1773510102642,True,True
0,1.39101,35.32688,0,0,1773510103216,True,True
0,1.39101,107.0,0,0,1773510104538,True,True
0,1.39101,84.0,0,0,1773510139780,True,True
0,1.39101,7.04806,0,0,1773510146400,True,True
0,1.39101,10.49492,0,0,1773510158609,True,True
0,1.39101,14.09612,0,0,1773510181464,True,True
0,1.391,10.0,0,0,1773510195412,False,True
0,1.39101,13.45728,0,0,1773510195809,True,True
0,1.391,44.5860064,0,0,1773510209799,False,True
0,1.391,28.5628036,0,0,1773510209799,False,True
0,1.39101,64.85934681,0,0,1773510223318,True,True
0,1.39101,4.56876657,0,0,1773510227719,True,True
0,1.39101,10.31301,0,0,1773510251715,True,True
0,1.391,46.20355154,0,0,1773510254222,False,True
0,1.39098,41.73367846,0,0,1773510254222,False,True
0,1.39101,35.24587,0,0,1773510307878,True,True
0,1.39101,10.4485932,0,0,1773510313471,True,True
0,1.3913,3.6481368,0,0,1773510313471,True,True
0,1.39118,39.53268,0,0,1773510322951,False,True
0,1.39129,68.65693,0,0,1773510324655,True,True
0,1.39129,97.93288,0,0,1773510336866,True,True
0,1.39102,17.52381,0,0,1773510355146,True,True
0,1.39102,134.4838,0,0,1773510357110,True,True
0,1.391,9.261679,0,0,1773510365687,True,True
0,1.39082,25.0,0,0,1773510368459,False,True
0,1.39113,13.96534,0,0,1773510378654,True,True
0,1.39091,17.0,0,0,1773510389620,False,True
0,1.39108,4.41348773,0,0,1773510396007,True,True
0,1.3909,369.28816,0,0,1773510396993,False,True
0,1.39116,23.08634,0,0,1773510424819,True,True
0,1.39093,5.0,0,0,1773510428454,False,True
0,1.39114,337.5,0,0,1773510438882,True,True
0,1.39115,409.39528448,0,0,1773510438882,True,True
0,1.39089,5.0,0,0,1773510449925,False,True
0,1.39099,6.99616,0,0,1773510468320,True,True
0,1.39099,52.47121,0,0,1773510470202,True,True
0,1.3909,13.66022,0,0,1773510495156,False,True
0,1.39083,18.33978,0,0,1773510495156,False,True
0,1.39098,174.91787,0,0,1773510507007,True,True
0,1.39098,14.09642,0,0,1773510507937,True,True
0,1.39098,14.23599,0,0,1773510512283,True,True
0,1.39082,9.47654442,0,0,1773510527217,False,True
0,1.39095,14.02796649,0,0,1773510539011,True,True
0,1.39094,807.96548,0,0,1773510542236,True,True
0,1.39094,71.88663781,0,0,1773510544343,True,True
0,1.39082,31.70235,0,0,1773510545263,False,True
0,1.39096,24.79062,0,0,1773510566419,True,True
0,1.39096,3.70794,0,0,1773510570779,True,True
0,1.39096,10.24,0,0,1773510576889,True,True
0,1.39015,43.77255,0,0,1773510603795,False,True
0,1.39015,5.0,0,0,1773510607247,False,True
0,1.39025,14.1733,0,0,1773510609367,True,True
0,1.39025,1.87,0,0,1773510610836,True,True
0,1.39025,71.21734,0,0,1773510614012,True,True
0,1.39007,140.02691,0,0,1773510630093,True,True
0,1.39006,27.4728343,0,0,1773510632498,False,True
0,1.39007,20.03526,0,0,1773510633924,True,True
0,1.39006,47.5271657,0,0,1773510634916,False,True
0,1.39,1.65,0,0,1773510636715,False,True
0,1.39,107.91366906,0,0,1773510636715,False,True
0,1.39,359.71223021,0,0,1773510636715,False,True
0,1.39,359.71223021,0,0,1773510636715,False,True
0,1.38999,9.0,0,0,1773510636715,False,True
0,1.3894,746.32526218,0,0,1773510636715,False,True
0,1.38945,12.31472372,0,0,1773510637121,True,True
0,1.38952,17.53579,0,0,1773510640271,True,True
0,1.38943,110.0,0,0,1773510642803,True,True
0,1.38945,33.79252825,0,0,1773510646382,True,True
0,1.38942,13.43387,0,0,1773510648295,True,True
0,1.38933,337.5,0,0,1773510653960,False,True
0,1.3892,682.49001,0,0,1773510653960,False,True
0,1.38948,10.69695,0,0,1773510706188,False,True
0,1.38957,7.1245,0,0,1773510717104,True,True
0,1.38959,10.68837,0,0,1773510730452,True,True
0,1.38945,145.0,0,0,1773510739051,False,True
0,1.38962,17.68175,0,0,1773510739390,True,True
0,1.38955,7.05511,0,0,1773510745414,True,True
0,1.38959,10.08175,0,0,1773510747177,True,True
0,1.38943,44.28675,0,0,1773510760308,False,True
0,1.38953,68.02297,0,0,1773510768844,True,True
0,1.38943,153.79987106,0,0,1773510779551,False,True
0,1.38956,14.00783,0,0,1773510799130,True,True
0,1.38961,2.33592,0,0,1773510812732,True,True
0,1.38951,7.01714,0,0,1773510840281,True,True
0,1.38932,201.53744277,0,0,1773510843930,False,True
0,1.38932,800.0,0,0,1773510843930,False,True
0,1.3893,520.64601197,0,0,1773510843930,False,True
0,1.38952,14367.3,0,0,1773510845453,True,True
0,1.38952,2923.7440023,0,0,1773510853400,False,True
0,1.38952,40.0,0,0,1773510855637,False,True
0,1.38953,1.99676,0,0,1773510858021,True,True
0,1.38953,13.40558,0,0,1773510866929,True,True
0,1.38953,134.89195,0,0,1773510869613,True,True
0,1.38953,67.23904,0,0,1773510871941,True,True
0,1.38953,119.96667,0,0,1773510872379,True,True
0,1.38953,820.81947401,0,0,1773510872379,True,True
0,1.38953,592.75420467,0,0,1773510872379,True,True
0,1.38953,606.33257659,0,0,1773510872379,True,True
0,1.38953,13.99973777,0,0,1773510872379,True,True
0,1.38952,15.10107537,0,0,1773510886080,False,True
0,1.38952,0.9,0,0,1773510892042,False,True
0,1.38954,2923.7440023,0,0,1773510897511,True,True
0,1.38952,200.0,0,0,1773510908275,False,True
0,1.38953,337.5,0,0,1773510911979,True,True
0,1.38954,2465.8435766,0,0,1773510911979,True,True
0,1.38955,14.39314886,0,0,1773510920750,True,True
0,1.38979,6.5613,0,0,1773510937643,True,True
0,1.39001,13.53451,0,0,1773510961512,True,True
0,1.39009,8.88819,0,0,1773510977379,True,True
0,1.39009,56.15328719,0,0,1773510977505,True,True
0,1.38994,27.16664029,0,0,1773510991218,True,True
0,1.39003,13.40008,0,0,1773511006551,True,True
0,1.39003,7.23317,0,0,1773511006585,True,True
0,1.39003,67.2192,0,0,1773511018231,True,True
0,1.39003,7.93881,0,0,1773511021878,True,True
0,1.39019,1699.34579439,0,0,1773511064172,True,True
0,1.39039,140.01482,0,0,1773511079740,True,True
0,1.39041,3.59081,0,0,1773511091761,True,True
0,1.39029,8.40367589,0,0,1773511102586,False,True
0,1.3905,7.01848256,0,0,1773511108812,True,True
0,1.39012,246.94829,0,0,1773511123230,False,True
0,1.39016,2.66666666,0,0,1773511134005,True,True
0,1.39015,2.83497,0,0,1773511134895,True,True
0,1.39012,192.17765,0,0,1773511139185,False,True
0,1.39002,1.41062,0,0,1773511142038,True,True
0,1.39007,68.87463,0,0,1773511182775,True,True
0,1.39004,1.0,0,0,1773511196036,True,True
0,1.3893,28.28062,0,0,1773511216410,True,True
0,1.38929,80.72361,0,0,1773511217684,True,True
0,1.38901,17.80779,0,0,1773511223262,True,True
0,1.38916,31.7570655,0,0,1773511243081,True,True
0,1.38917,312.5179745,0,0,1773511243081,True,True
0,1.38917,0.92839609,0,0,1773511244170,True,True
0,1.38936,337.5,0,0,1773511251308,True,True
0,1.3894,623.87786781,0,0,1773511251308,True,True
0,1.38942,2038.62213219,0,0,1773511251308,True,True
0,1.38917,7.16273,0,0,1773511253035,True,True
0,1.38917,17.90682,0,0,1773511253036,True,True
0,1.38913,12.56189,0,0,1773511253133,False,True
0,1.38914,7.05729,0,0,1773511256870,True,True
0,1.38913,501.0,0,0,1773511270567,True,True
0,1.38926,14.32474,0,0,1773511299922,True,True
0,1.38928,70.05478,0,0,1773511307467,True,True
0,1.38926,15.68915,0,0,1773511309058,True,True
0,1.38909,5.126,0,0,1773511309443,False,True
0,1.38909,50.0,0,0,1773511309792,False,True
0,1.38952,3.5111383,0,0,1773511323781,True,True
0,1.38952,35.02688,0,0,1773511327983,True,True
0,1.38952,7.00412,0,0,1773511396747,True,True
0,1.38952,14.25095,0,0,1773511406856,True,True
0,1.38952,7.12548,0,0,1773511409202,True,True
0,1.38952,8.99591226,0,0,1773511417993,True,True
0,1.38952,35.02058,0,0,1773511420218,True,True
0,1.38952,1.09362,0,0,1773511437036,True,True
0,1.38951,287.79877,0,0,1773511437703,False,True
0,1.38976,35.02058,0,0,1773511454667,True,True
0,1.38975,7.12424,0,0,1773511483741,True,True
0,1.38961,337.5,0,0,1773511511561,False,True
0,1.3896,62.5,0,0,1773511511561,False,True
0,1.3896,4.69006,0,0,1773511518466,False,True
0,1.38979,53.95779218,0,0,1773511528856,True,True
0,1.38976,211.49084,0,0,1773511547388,True,True
0,1.38979,7.15953,0,0,1773511556479,True,True
0,1.38978,50.3669,0,0,1773511560797,True,True
0,1.38977,35.27174,0,0,1773511571931,True,True
0,1.38977,2000.0,0,0,1773511575900,True,True
0,1.38962,20.0,0,0,1773511582675,False,True
0,1.38977,26.10665,0,0,1773511583008,True,True
0,1.38978,70.02857,0,0,1773511586575,True,True
0,1.38978,303.08167,0,0,1773511597280,True,True
0,1.38978,19.60786,0,0,1773511619298,True,True
0,1.38978,7.70309,0,0,1773511621113,True,True
0,1.39,71.94244604,0,0,1773511626169,True,True
0,1.39,14.10636,0,0,1773511638366,True,True
0,1.38977,21.8021687,0,0,1773511658791,True,True
0,1.38978,37.69661385,0,0,1773511662760,True,True
0,1.38971,54.92511996,0,0,1773511695579,True,True
0,1.38972,102.38727004,0,0,1773511695579,True,True
0,1.38972,38.0,0,0,1773511701924,True,True
0,1.38972,35.27301,0,0,1773511705030,True,True
0,1.38972,176.23960978,0,0,1773511707191,True,True
0,1.38973,5748.00475896,0,0,1773511707191,True,True
0,1.38974,13.46958,0,0,1773511742412,True,True
0,1.38981,1.3966,0,0,1773511784695,True,True
0,1.38973,7.19332,0,0,1773511791177,False,True
0,1.38981,66.5225345,0,0,1773511795580,True,True
0,1.38974,41.9541,0,0,1773511807711,False,True
0,1.38984,12.2,0,0,1773511809672,True,True
0,1.38984,50.0,0,0,1773511810050,True,True
0,1.38974,50.0,0,0,1773511812423,False,True
0,1.38983,7.05399,0,0,1773511818874,True,True
0,1.38988,8.0,0,0,1773511827501,True,True
0,1.38988,326.697236,0,0,1773511832524,True,True
0,1.3899,63.940273,0,0,1773511832524,True,True
0,1.38995,18.4596875,0,0,1773511835982,True,True
0,1.38996,84.2045825,0,0,1773511835982,True,True
0,1.38996,6.35611643,0,0,1773511851826,True,True
0,1.38994,256.87070131,0,0,1773511864046,True,True
0,1.38994,36.67012,0,0,1773511867024,True,True
0,1.38994,14.17646,0,0,1773511870822,True,True
0,1.38976,1.0,0,0,1773511883736,False,True
0,1.38996,77.02089,0,0,1773511887927,True,True
0,1.38976,37.22266,0,0,1773511890023,False,True
0,1.38996,350.10001,0,0,1773511894250,True,True
0,1.38996,5.61900779,0,0,1773511895369,True,True
0,1.38996,7.17346221,0,0,1773511895369,True,True
0,1.38976,5.2,0,0,1773511905222,False,True
0,1.38976,1.5586,0,0,1773511906034,False,True
0,1.38976,38.80886,0,0,1773511913576,False,True
0,1.38976,7.39331,0,0,1773511968648,False,True
0,1.38993,2.13701,0,0,1773511978033,True,True
0,1.38976,6.69199,0,0,1773511992188,False,True
0,1.38992,6.73626,0,0,1773511995351,True,True
0,1.39,35.1777,0,0,1773512014156,True,True
0,1.39,598.1979544,0,0,1773512041447,True,True
0,1.39002,401.8020456,0,0,1773512041447,True,True
0,1.39002,35.35204,0,0,1773512049526,True,True
0,1.39002,3.50923008,0,0,1773512050655,True,True
0,1.39002,70.01698,0,0,1773512054770,True,True
0,1.38999,21.584445,0,0,1773512059382,False,True
0,1.38985,67.21533,0,0,1773512069696,True,True
0,1.38977,19.09244,0,0,1773512084463,True,True
0,1.38976,7.50116097,0,0,1773512093197,False,True
0,1.38973,35.67930703,0,0,1773512093197,False,True
0,1.38974,70.89099,0,0,1773512097547,True,True
0,1.38973,1032.88300423,0,0,1773512100704,False,True
0,1.38959,255.60427,0,0,1773512104471,True,True
0,1.38958,53.97314296,0,0,1773512110928,False,True
0,1.389,1.65,0,0,1773512116348,False,True
0,1.389,1.81425485,0,0,1773512116348,False,True
0,1.38883,68.47612096,0,0,1773512116348,False,True
0,1.38919,7.00669,0,0,1773512117903,True,True
0,1.38935,7.12624,0,0,1773512136012,True,True
0,1.38934,60.892789,0,0,1773512145284,True,True
0,1.38938,9.856431,0,0,1773512145284,True,True
0,1.38948,52.023463,0,0,1773512151505,True,True
0,1.38961,148.455797,0,0,1773512151505,True,True
0,1.38952,337.5,0,0,1773512162215,True,True
0,1.38953,369.82114,0,0,1773512162215,True,True
0,1.38935,30.0,0,0,1773512168216,False,True
0,1.38953,14.18065,0,0,1773512170508,True,True
0,1.3895,3.2603,0,0,1773512180730,True,True
0,1.38938,6.23301877,0,0,1773512181999,False,True
0,1.38938,74.15813,0,0,1773512182838,False,True
0,1.38951,24.39176,0,0,1773512199939,True,True
0,1.38945,70.04318,0,0,1773512208099,True,True
0,1.38928,163.14789,0,0,1773512212143,False,True
0,1.38946,1.40429666,0,0,1773512213206,True,True
0,1.38977,40.30858,0,0,1773512242428,True,True
0,1.38969,53.29498,0,0,1773512245878,False,True
0,1.38977,7.05435,0,0,1773512248991,True,True
0,1.38983,13.30466,0,0,1773512266212,True,True
0,1.38985,366.94607332,0,0,1773512283031,True,True
0,1.38983,3.2603,0,0,1773512306292,False,True
0,1.38998,6.31774981,0,0,1773512312673,True,True
0,1.38998,13.46725,0,0,1773512325754,True,True
0,1.39006,211.00932272,0,0,1773512337335,False,True
0,1.38995,7.05343,0,0,1773512441036,True,True
0,1.38995,57.97426,0,0,1773512442591,True,True
0,1.38979,35.00975,0,0,1773512460578,True,True
0,1.3896,10.4586,0,0,1773512463757,False,True
0,1.3896,25.0,0,0,1773512468076,False,True
0,1.38976,35.62097,0,0,1773512473211,True,True
0,1.38965,25.61,0,0,1773512489762,False,True
0,1.38984,98.75539568,0,0,1773512503805,True,True
0,1.38984,7.08889,0,0,1773512506931,True,True
0,1.38982,100.0,0,0,1773512515913,True,True
0,1.38983,67.22694,0,0,1773512530794,True,True
0,1.38983,298.0,0,0,1773512531735,True,True
0,1.39,14.24634,0,0,1773512551837,True,True
0,1.38998,3.2524,0,0,1773512554189,True,True
0,1.38999,70.53232,0,0,1773512567446,True,True
0,1.38988,6.31351326,0,0,1773512569246,False,True
0,1.38988,2.0,0,0,1773512571458,False,True
0,1.38999,26.56007,0,0,1773512578577,True,True
0,1.39014,158.00266,0,0,1773512596259,True,True
0,1.38977,67.20566,0,0,1773512602824,True,True
0,1.38977,70.699,0,0,1773512613845,True,True
0,1.38946,1.41814,0,0,1773512643034,True,True
0,1.38946,70.55668,0,0,1773512643228,True,True
0,1.38975,67.22839,0,0,1773512646343,True,True
0,1.38975,70.04419,0,0,1773512649457,True,True
0,1.38975,7.05445,0,0,1773512658001,True,True
0,1.38976,50.0,0,0,1773512675258,False,True
0,1.38981,7.06938,0,0,1773512690177,False,True
0,1.38981,111.34803,0,0,1773512699914,False,True
0,1.39003,18.66146774,0,0,1773512702263,True,True
0,1.39007,3.50920483,0,0,1773512718865,True,True
0,1.39007,28.28062,0,0,1773512724041,True,True
0,1.39011,63.13888829,0,0,1773512749620,True,True
0,1.39011,4.21093901,0,0,1773512752862,True,True
0,1.39011,7.15809,0,0,1773512757023,True,True
0,1.39011,70.69951,0,0,1773512767732,True,True
0,1.3901,0.73067,0,0,1773512780873,False,True
0,1.39011,35.95828838,0,0,1773512782248,True,True
0,1.39011,1.08203,0,0,1773512783858,True,True
0,1.39011,358.7868,0,0,1773512796453,True,True
0,1.39011,100.0,0,0,1773512803743,True,True
0,1.39011,17.50111,0,0,1773512806963,True,True
0,1.39032,77.05637,0,0,1773512826345,True,True
0,1.39025,109.471951,0,0,1773512834963,False,True
0,1.39032,100.0,0,0,1773512847791,True,True
0,1.39032,6.63986,0,0,1773512855747,True,True
0,1.39032,28.00035,0,0,1773512856263,True,True
0,1.39032,315.94360171,0,0,1773512862743,True,True
0,1.39063,125.6679095,0,0,1773512862743,True,True
0,1.39064,1673.44167879,0,0,1773512862743,True,True
0,1.39067,56.344014,0,0,1773512884662,True,True
0,1.39065,72.960832,0,0,1773512895272,False,True
0,1.39065,23.12588,0,0,1773512900926,False,True
0,1.39065,6.88686,0,0,1773512902026,False,True
0,1.39075,2.0084,0,0,1773512914869,True,True
0,1.39065,11.32604179,0,0,1773512919287,False,True
0,1.3907,3.49909,0,0,1773512939528,True,True
0,1.39069,35.7745,0,0,1773512956230,True,True
0,1.39067,14.13421,0,0,1773513010611,True,True
0,1.39032,160.0,0,0,1773513028565,False,True
0,1.39032,149.40178,0,0,1773513034394,False,True
0,1.39045,13.99886,0,0,1773513041352,True,True
0,1.39059,337.5,0,0,1773513082196,False,True
0,1.39059,745.55215601,0,0,1773513082196,False,True
0,1.39071,14.30949,0,0,1773513088898,True,True
0,1.39072,17.98561151,0,0,1773513090740,True,True
0,1.39072,8.28233,0,0,1773513091293,True,True
0,1.39058,3.44343,0,0,1773513098946,False,True
0,1.39058,115.13827,0,0,1773513101159,False,True
0,1.39052,1551.00918974,0,0,1773513108500,False,True
0,1.39071,31.04319,0,0,1773513150864,True,True
0,1.39054,45.07872,0,0,1773513153687,False,True
0,1.39069,11.2743,0,0,1773513157379,True,True
0,1.39066,3.91351,0,0,1773513181630,False,True
0,1.39086,30.027147,0,0,1773513186688,True,True
0,1.39087,1520.98204274,0,0,1773513186688,True,True
0,1.39099,256.93572,0,0,1773513195520,True,True
0,1.39102,6.63666,0,0,1773513199538,True,True
0,1.39093,49.0,0,0,1773513203854,False,True
0,1.39093,26.11,0,0,1773513204244,False,True
0,1.39108,9018.76135577,0,0,1773513211261,True,True
0,1.39116,3594.13962887,0,0,1773513211261,True,True
0,1.39122,337.5,0,0,1773513211261,True,True
0,1.39124,7187.85516539,0,0,1773513211261,True,True
0,1.39126,606.9322898,0,0,1773513211261,True,True
0,1.39135,4466.9282625,0,0,1773513211261,True,True
0,1.3914,337.5,0,0,1773513211261,True,True
0,1.39142,497.04766081,0,0,1773513211261,True,True
0,1.39143,4365.3662499,0,0,1773513211261,True,True
0,1.39148,2745.57302836,0,0,1773513211261,True,True
0,1.39152,14065.6,0,0,1773513211261,True,True
0,1.39153,5183.48853321,0,0,1773513211261,True,True
0,1.39154,337.5,0,0,1773513211261,True,True
0,1.39163,2490.246534,0,0,1773513211261,True,True
0,1.39168,337.5,0,0,1773513211261,True,True
0,1.39174,7185.29787373,0,0,1773513211261,True,True
0,1.39182,5716.8991539,0,0,1773513211261,True,True
0,1.39183,31276.9,0,0,1773513211261,True,True
0,1.39189,29449.835,0,0,1773513211261,True,True
0,1.3919,337.5,0,0,1773513211261,True,True
0,1.39202,10366.97706642,0,0,1773513211261,True,True
0,1.39204,337.5,0,0,1773513211261,True,True
0,1.39205,52129.0,0,0,1773513211261,True,True
0,1.39205,1074.47829705,0,0,1773513211261,True,True
0,1.39209,5288.611662,0,0,1773513211261,True,True
0,1.39213,1709.22471133,0,0,1773513211261,True,True
0,1.39124,13.72455,0,0,1773513218996,True,True
0,1.39123,25.5,0,0,1773513232411,False,True
0,1.39141,129.20039193,0,0,1773513235754,False,True
0,1.39142,7.11575,0,0,1773513242630,True,True
0,1.39142,5064.47790267,0,0,1773513248598,True,True
0,1.39154,3593.15301484,0,0,1773513248598,True,True
0,1.3916,501.33007466,0,0,1773513248598,True,True
0,1.3916,7186.00499382,0,0,1773513248598,True,True
0,1.39161,3691.59664401,0,0,1773513248598,True,True
0,1.39156,229.53399,0,0,1773513249273,True,True
0,1.39156,11.50141732,0,0,1773513265992,True,True
0,1.39158,702.89708868,0,0,1773513265992,True,True
0,1.39157,139.87597,0,0,1773513281060,True,True
0,1.39157,122.73833,0,0,1773513282901,True,True
0,1.39154,3.47634,0,0,1773513284184,False,True
0,1.39157,17.4845,0,0,1773513285824,True,True
0,1.39157,69.93798,0,0,1773513288701,True,True
0,1.39156,69.93798,0,0,1773513298922,True,True
0,1.39125,20.02129,0,0,1773513351524,True,True
0,1.39126,148.81976,0,0,1773513364444,True,True
0,1.39112,5.72099,0,0,1773513392269,False,True
0,1.39113,353.21033,0,0,1773513396913,True,True
0,1.39112,51.35606299,0,0,1773513402915,False,True
0,1.39112,21.5480436,0,0,1773513402915,False,True
0,1.39112,11.49441793,0,0,1773513402915,False,True
0,1.39113,57.778901,0,0,1773513409112,True,True
0,1.39113,71.83384044,0,0,1773513419431,True,True
0,1.39141,68.19921,0,0,1773513479512,True,True
0,1.39138,3.0,0,0,1773513481374,False,True
0,1.39148,208.36949068,0,0,1773513482271,False,True
0,1.39148,141.63050932,0,0,1773513482271,False,True
0,1.39149,1000.29787,0,0,1773513485653,True,True
0,1.39149,71.86541046,0,0,1773513504568,True,True
0,1.39156,10.0,0,0,1773513528262,True,True
0,1.39137,46.84292334,0,0,1773513535157,False,True
0,1.39154,69.93899,0,0,1773513540015,True,True
0,1.39154,79.32489884,0,0,1773513540592,True,True
0,1.3914,71.83384044,0,0,1773513543897,True,True
0,1.39139,79.33345053,0,0,1773513546435,True,True
0,1.39136,71.88649954,0,0,1773513546918,False,True
0,1.39134,1352.61492496,0,0,1773513546918,False,True
0,1.39144,79.33059977,0,0,1773513552302,True,True
0,1.3914,79.33288036,0,0,1773513558217,True,True
0,1.39142,79.33174005,0,0,1773513564378,True,True
0,1.39135,77.62245301,0,0,1773513578952,True,True
0,1.39135,134.47704,0,0,1773513587608,True,True
0,1.39134,14367.3,0,0,1773513591108,False,True
0,1.39134,2923.7440023,0,0,1773513591108,False,True
0,1.39134,40.0,0,0,1773513591108,False,True
0,1.39134,15.10107537,0,0,1773513591108,False,True
0,1.39134,0.9,0,0,1773513591108,False,True
0,1.39134,200.0,0,0,1773513591108,False,True
0,1.39134,5924.24436874,0,0,1773513591108,False,True
0,1.39134,7.19332,0,0,1773513591108,False,True
0,1.39134,35.67930703,0,0,1773513591108,False,True
0,1.39134,1032.88300423,0,0,1773513591108,False,True
0,1.39112,12.20696,0,0,1773513593052,False,True
0,1.39093,163.04381513,0,0,1773513606456,False,True
0,1.39108,1.40267134,0,0,1773513624774,True,True
0,1.39157,14.23006,0,0,1773513675155,True,True
0,1.39142,58.44625,0,0,1773513690602,False,True
0,1.39152,6.99385,0,0,1773513698006,True,True
0,1.39175,0.91607,0,0,1773513767472,True,True
0,1.39201,1.3947,0,0,1773513773190,True,True
0,1.39195,70.61417,0,0,1773513775236,True,True
0,1.39173,9.92979,0,0,1773513786653,False,True
0,1.39191,3.49597,0,0,1773513798156,True,True
0,1.39191,43.87474,0,0,1773513808397,True,True
0,1.39191,17.60876,0,0,1773513834225,True,True
0,1.39163,1.37491,0,0,1773513860721,True,True
0,1.39143,134.82,0,0,1773513883858,False,True
0,1.39152,1.41604,0,0,1773513890035,True,True
0,1.39143,25.85,0,0,1773513891157,False,True
0,1.39143,25.81,0,0,1773513891290,False,True
0,1.39143,26.39,0,0,1773513898483,False,True
0,1.39143,36.92245,0,0,1773513905806,False,True
0,1.39143,26.26,0,0,1773513912691,False,True
0,1.39143,26.05,0,0,1773513912826,False,True
0,1.39143,25.73,0,0,1773513920014,False,True
0,1.39143,25.77,0,0,1773513927225,False,True
0,1.39143,25.92,0,0,1773513927379,False,True
0,1.39143,25.77,0,0,1773513941571,False,True
0,1.39143,25.75,0,0,1773513941709,False,True
0,1.39145,125.0,0,0,1773513946085,False,True
0,1.39143,25.65,0,0,1773513948880,False,True
0,1.3915,35.31444,0,0,1773513953974,True,True
0,1.39143,25.64,0,0,1773513956050,False,True
0,1.3915,33.481,0,0,1773513956479,True,True
0,1.39148,2.09825,0,0,1773513970487,True,True
0,1.39143,100.0,0,0,1773513972330,False,True
0,1.39149,2.67878,0,0,1773513999778,True,True
0,1.39143,13.0,0,0,1773514004304,False,True
0,1.39143,2893.99394868,0,0,1773514009154,False,True
0,1.39143,36.5631,0,0,1773514020041,False,True
0,1.3915,24.781,0,0,1773514027972,True,True
0,1.3915,14.09116,0,0,1773514028192,True,True
0,1.3915,62.94735,0,0,1773514030147,True,True
0,1.39143,7.34228,0,0,1773514040699,False,True
0,1.39148,35.31495,0,0,1773514054747,True,True
0,1.39148,2893.99394868,0,0,1773514075169,True,True
0,1.39155,2.91996033,0,0,1773514088291,True,True
0,1.39179,0.99684,0,0,1773514096316,False,True
0,1.39179,216.70143356,0,0,1773514098257,False,True
0,1.39179,83.29856644,0,0,1773514098257,False,True
0,1.39187,31.77455,0,0,1773514104344,True,True
0,1.39188,13.98458,0,0,1773514127932,True,True
0,1.39171,1796.58361659,0,0,1773514140204,False,True
0,1.3918,98.86055,0,0,1773514166076,True,True
0,1.3918,8.93649,0,0,1773514172036,True,True
0,1.39172,323.278522,0,0,1773514174067,False,True
0,1.39175,35.2203,0,0,1773514185335,True,True
0,1.39175,14.12324,0,0,1773514199575,True,True
0,1.39174,1.74733,0,0,1773514215725,False,True
0,1.39175,69.92894,0,0,1773514223150,True,True
0,1.39174,335.75267,0,0,1773514223878,False,True
0,1.39174,602.61362629,0,0,1773514223878,False,True
0,1.39174,236.07939301,0,0,1773514223878,False,True
0,1.39174,800.0,0,0,1773514223878,False,True
0,1.39172,5100.89115612,0,0,1773514223878,False,True
0,1.39175,36.23438655,0,0,1773514227710,True,True
0,1.39187,363.76561345,0,0,1773514227710,True,True
0,1.39173,13.98458,0,0,1773514244219,True,True
0,1.39168,140.89333,0,0,1773514262034,True,True
0,1.39156,58.33202,0,0,1773514271441,False,True
0,1.39156,6.84432,0,0,1773514293571,True,True
0,1.39146,134.39674,0,0,1773514301091,False,True
0,1.3915,3.30302,0,0,1773514304549,True,True
0,1.39151,6.9941,0,0,1773514313289,True,True
0,1.39151,2.49124,0,0,1773514313516,True,True
0,1.39151,70.62838,0,0,1773514321237,True,True
0,1.39151,34.9705,0,0,1773514326529,True,True
0,1.39151,7.30184,0,0,1773514346753,True,True
0,1.39151,148.90298,0,0,1773514352265,True,True
0,1.39151,0.79033,0,0,1773514353667,True,True
0,1.3915,1.22397,0,0,1773514362068,True,True
0,1.3915,1.38196191,0,0,1773514367556,True,True
0,1.3915,349.705,0,0,1773514371414,True,True
0,1.3915,1.38196191,0,0,1773514376283,True,True
0,1.39149,14.23077,0,0,1773514392264,True,True
0,1.39148,70.76153,0,0,1773514407164,True,True
0,1.3915,3.50537541,0,0,1773514409231,True,True
0,1.39144,906.00900298,0,0,1773514416367,False,True
0,1.39149,30.0,0,0,1773514429589,True,True
0,1.39149,3503.5789,0,0,1773514433237,True,True
0,1.39159,337.5,0,0,1773514448113,True,True
0,1.39161,12.15508,0,0,1773514448113,True,True
0,1.39155,20.05319,0,0,1773514465260,True,True
0,1.39155,26.1741995,0,0,1773514471465,True,True
0,1.39156,2776.5481205,0,0,1773514471465,True,True
0,1.39154,2.80435485,0,0,1773514488214,True,True
0,1.39154,34.96975,0,0,1773514503873,True,True
0,1.39154,10.77942424,0,0,1773514522604,True,True
0,1.39154,25.58665483,0,0,1773514535067,True,True
0,1.39155,1450.76328839,0,0,1773514535067,True,True
0,1.39147,35.9324,0,0,1773514551762,False,True
0,1.39155,0.71151,0,0,1773514558037,True,True
0,1.39147,7.15089,0,0,1773514622033,True,True
0,1.39147,14.09146,0,0,1773514659146,True,True
0,1.39147,5.45509065,0,0,1773514674860,True,True
0,1.39147,6.85149,0,0,1773514683082,True,True
0,1.39147,1053.78705585,0,0,1773514690364,True,True
0,1.39147,1459.04979032,0,0,1773514690376,True,True
0,1.39147,6636.0876,0,0,1773514690378,True,True
0,1.39147,263.44588232,0,0,1773514690378,True,True
0,1.39147,118.18845091,0,0,1773514690378,True,True
0,1.39147,727.36445492,0,0,1773514690379,True,True
0,1.39147,1185.50955618,0,0,1773514690379,True,True
0,1.39147,1530.4469,0,0,1773514690395,True,True
0,1.39162,300.0,0,0,1773514690402,True,True
0,1.39169,270.7,0,0,1773514690402,True,True
0,1.39181,1077.73331129,0,0,1773514690402,True,True
0,1.39185,351.56668871,0,0,1773514690402,True,True
0,1.39185,2784.7266,0,0,1773514690416,True,True
0,1.39185,1229.07296119,0,0,1773514690418,True,True
0,1.39189,255.2982,0,0,1773514690426,True,True
0,1.39189,7.226e-05,0,0,1773514690445,True,True
0,1.39204,513.5342,0,0,1773514690510,True,True
0,1.392,1751.7159,0,0,1773514690603,True,True
0,1.39178,300.0,0,0,1773514690638,True,True
0,1.392,2460.88828304,0,0,1773514690682,True,True
0,1.3922,26.1,0,0,1773514698545,False,True
0,1.39236,324.68988,0,0,1773514698555,True,True
0,1.3922,26.05,0,0,1773514698666,False,True
0,1.39204,25.86,0,0,1773514705902,False,True
0,1.39206,34.04741,0,0,1773514722750,True,True
0,1.39206,1018.98359,0,0,1773514725909,True,True
0,1.39204,25.73,0,0,1773514727343,False,True
0,1.39203,18.87674,0,0,1773514773538,True,True
0,1.39203,14.22525,0,0,1773514776034,True,True
0,1.39201,5.44069,0,0,1773514786683,True,True
0,1.39201,26.74282,0,0,1773514787058,True,True
0,1.392,25.55,0,0,1773514790531,False,True
0,1.392,2.13060449,0,0,1773514791825,False,True
0,1.392,982.31939551,0,0,1773514794281,False,True
0,1.39194,6649.42523056,0,0,1773514794281,False,True
0,1.39194,8724.96786981,0,0,1773514794285,False,True
0,1.39174,70.60602,0,0,1773514799963,True,True
0,1.39174,7.1495,0,0,1773514800096,True,True
0,1.39155,31.46825,0,0,1773514804524,True,True
0,1.39155,10.67116,0,0,1773514805922,True,True
0,1.39155,24.89938,0,0,1773514806597,True,True
0,1.39155,67.48479,0,0,1773514809733,True,True
0,1.39147,114.69996,0,0,1773514814494,False,True
0,1.39171,10.7689999,0,0,1773514820043,True,True
0,1.39147,146.9778725,0,0,1773514850769,True,True
0,1.39147,337.5,0,0,1773514850769,True,True
0,1.39147,115.5221275,0,0,1773514850769,True,True
0,1.39146,2.94807253,0,0,1773514860369,False,True
0,1.39146,140.78584723,0,0,1773514864888,False,True
0,1.39146,26.59077515,0,0,1773514864888,False,True
0,1.39145,17.96686909,0,0,1773514864888,False,True
0,1.39145,3.55744008,0,0,1773514864888,False,True
0,1.39143,216.96540225,0,0,1773514864888,False,True
0,1.39143,11.75050128,0,0,1773514864888,False,True
0,1.39142,143.33558522,0,0,1773514864901,False,True
0,1.39102,27.98585,0,0,1773514883507,True,True
0,1.39098,13.0,0,0,1773514892481,False,True
0,1.39091,44.0,0,0,1773514902174,False,True
0,1.39082,5.49801178,0,0,1773514923824,False,True
0,1.39082,5301.4828761,0,0,1773514930181,False,True
0,1.39082,85.52137697,0,0,1773514930231,False,True
0,1.3906,6.99752,0,0,1773514930555,True,True
0,1.39057,30.0,0,0,1773514956485,False,True
0,1.39059,41.99267,0,0,1773514957768,True,True
0,1.39057,2.91422943,0,0,1773514964249,False,True
0,1.39054,70.67816,0,0,1773514966604,True,True
0,1.3905,14.64186,0,0,1773514970632,True,True
0,1.39034,106.01266,0,0,1773514975434,True,True
0,1.3904,435.28,0,0,1773515009885,True,True
0,1.39072,25.56,0,0,1773515035982,False,True
0,1.39077,1.40289192,0,0,1773515093317,True,True
0,1.39077,70.79816,0,0,1773515099787,True,True
0,1.39076,43.68452,0,0,1773515122525,True,True
0,1.39076,71.19122,0,0,1773515129526,True,True
0,1.39076,500.0,0,0,1773515137487,True,True
0,1.39071,3.2524,0,0,1773515139626,False,True
0,1.39077,2.61193439,0,0,1773515149281,True,True
0,1.39084,15.74431,0,0,1773515169173,True,True
0,1.39084,2.79899,0,0,1773515180517,True,True
0,1.39084,7.57017342,0,0,1773515185628,True,True
0,1.39084,6.99747,0,0,1773515191181,True,True
0,1.39084,17.6223,0,0,1773515192331,True,True
0,1.39128,10.67469,0,0,1773515232273,True,True
0,1.3913,30.0,0,0,1773515249403,False,True
0,1.39129,7.29934,0,0,1773515270089,True,True
0,1.39128,105.4034595,0,0,1773515279435,True,True
0,1.39129,6.9345405,0,0,1773515279435,True,True
0,1.39129,1.39905,0,0,1773515285253,True,True
0,1.39129,0.69572,0,0,1773515298409,True,True
0,1.39129,403.79826,0,0,1773515305020,True,True
0,1.39129,79.45854,0,0,1773515309352,True,True
0,1.3908,2.95507,0,0,1773515357810,False,True
0,1.39092,1.40274063,0,0,1773515369781,True,True
0,1.39096,28.61487,0,0,1773515371590,True,True
0,1.39096,1.41317,0,0,1773515372839,True,True
0,1.39092,0.88885,0,0,1773515395035,True,True
0,1.39087,70.66088,0,0,1773515429158,True,True
0,1.39088,14.13218,0,0,1773515434226,True,True
0,1.39086,105.7323,0,0,1773515469040,True,True
0,1.39087,7.04877,0,0,1773515479032,True,True
0,1.39076,9.49311,0,0,1773515491667,True,True
0,1.39077,7.19026151,0,0,1773515510882,True,True
0,1.39073,9.39912,0,0,1773515516775,False,True
0,1.39074,353.99845,0,0,1773515523802,True,True
0,1.39074,209.93917,0,0,1773515536435,True,True
0,1.39074,0.70494,0,0,1773515572032,True,True
0,1.39074,56.51985,0,0,1773515572183,True,True
0,1.39072,71.90571722,0,0,1773515572452,False,True
0,1.39072,81.3864,0,0,1773515581307,False,True
0,1.39102,7.04801,0,0,1773515636122,True,True
0,1.39114,149.36323,0,0,1773515647437,False,True
0,1.39135,10.67423,0,0,1773515664427,True,True
0,1.39133,23.42762,0,0,1773515671542,True,True
0,1.39134,6.995,0,0,1773515679224,True,True
0,1.39134,34.97502,0,0,1773515690122,True,True
0,1.39134,34.97502,0,0,1773515690122,True,True
0,1.39102,153.551,0,0,1773515704336,False,True
0,1.39129,134.72616,0,0,1773515709585,True,True
0,1.39107,250.0,0,0,1773515711470,False,True
0,1.39131,15.73899,0,0,1773515735747,True,True
0,1.39131,34.97553,0,0,1773515737321,True,True
0,1.39131,15.30529,0,0,1773515745968,True,True
0,1.39127,0.73853,0,0,1773515761731,False,True
0,1.39137,15.30496,0,0,1773515778005,True,True
0,1.3913,145.846147,0,0,1773515779486,False,True
0,1.39136,3.10572,0,0,1773515794513,True,True
0,1.39127,157.39842,0,0,1773515804119,False,True
0,1.39136,70.636,0,0,1773515806377,True,True
0,1.39135,15.30463,0,0,1773515815164,True,True
0,1.39132,1820.0,0,0,1773515818120,True,True
0,1.39132,260.0,0,0,1773515841022,True,True
0,1.39131,50.0,0,0,1773515856405,False,True
0,1.39132,4.35155104,0,0,1773515858720,True,True
0,1.39176,529.35261103,0,0,1773515858720,True,True
0,1.39176,6545.08992793,0,0,1773515858720,True,True
0,1.39175,176.5405,0,0,1773515865998,True,True
0,1.39175,12.86901,0,0,1773515871980,True,True
0,1.3916,6.60104,0,0,1773515881586,True,True
0,1.39159,20.98064,0,0,1773515888512,True,True
0,1.39139,1.39701,0,0,1773515896964,False,True
0,1.39151,6.9939,0,0,1773515910744,True,True
0,1.39128,4.1725,0,0,1773515962734,True,True
0,1.39112,1.99995,0,0,1773515972220,False,True
0,1.39128,33.48629,0,0,1773515991640,True,True
0,1.39097,33.90624,0,0,1773516016094,True,True
0,1.39072,3.59526001,0,0,1773516026955,True,True
0,1.39072,7.11933,0,0,1773516039031,True,True
0,1.39071,1.65,0,0,1773516043543,False,True
0,1.39071,1.65,0,0,1773516043543,False,True
0,1.39071,18.59529,0,0,1773516043543,False,True
0,1.39071,5.24864583,0,0,1773516045554,False,True
0,1.39062,3590.03721534,0,0,1773516045554,False,True
0,1.39063,240.91193724,0,0,1773516046331,False,True
0,1.39062,259.08806361,0,0,1773516046331,False,True
0,1.39084,70.67206,0,0,1773516058075,True,True
0,1.39079,2665.10227812,0,0,1773516071647,False,True
0,1.39079,7062.71786576,0,0,1773516071647,False,True
0,1.39086,69.97369,0,0,1773516073293,True,True
0,1.39074,48.07131,0,0,1773516078441,False,True
0,1.39088,13.99494,0,0,1773516105075,True,True
0,1.39105,3.2498,0,0,1773516124997,True,True
0,1.39105,17.61964,0,0,1773516127864,True,True
0,1.39099,44.52338,0,0,1773516135428,False,True
0,1.39078,20.02863,0,0,1773516191878,True,True
0,1.39083,1.24432876,0,0,1773516201595,True,True
0,1.39106,6.99752,0,0,1773516215111,True,True
0,1.39106,24.78955,0,0,1773516217419,True,True
0,1.39093,69.0,0,0,1773516236027,False,True
0,1.39105,13.99283,0,0,1773516251059,True,True
0,1.39092,4587.31137434,0,0,1773516265904,False,True
0,1.39092,712.63139141,0,0,1773516265904,False,True
0,1.39092,712.09348363,0,0,1773516265904,False,True
0,1.39092,1075.9707049,0,0,1773516265904,False,True
0,1.39092,3581.61057864,0,0,1773516265904,False,True
0,1.39092,1433.13699356,0,0,1773516265904,False,True
0,1.39109,17.69547,0,0,1773516289434,True,True
0,1.39094,14378.76543919,0,0,1773516297040,False,True
0,1.39096,20.00375,0,0,1773516304541,True,True
0,1.39063,10.77942424,0,0,1773516329868,False,True
0,1.39079,104.9643,0,0,1773516335200,True,True
0,1.39065,337.5,0,0,1773516336252,True,True
0,1.39074,222.23717,0,0,1773516336252,True,True
0,1.3907,198.45240045,0,0,1773516347194,True,True
0,1.39072,349.90868,0,0,1773516370919,True,True
0,1.39064,55.03999,0,0,1773516377726,False,True
0,1.39073,114.4689634,0,0,1773516391585,True,True
0,1.39076,60.4828666,0,0,1773516391585,True,True
0,1.39072,67.84127,0,0,1773516393991,True,True
0,1.39076,14.1334,0,0,1773516403770,True,True
0,1.39072,198.34814551,0,0,1773516407342,False,True
0,1.39071,84.91729449,0,0,1773516407342,False,True
0,1.39074,337.5,0,0,1773516411335,True,True
0,1.39076,446.81033279,0,0,1773516411335,True,True
0,1.3908,615.27407721,0,0,1773516411335,True,True
0,1.39074,30.0,0,0,1773516414848,True,True
0,1.3907,100.90991229,0,0,1773516419867,False,True
0,1.3907,13.87058,0,0,1773516420527,False,True
0,1.39084,36.07172644,0,0,1773516439656,True,True
0,1.39084,34.98735,0,0,1773516458124,True,True
0,1.39077,20.99331,0,0,1773516498549,True,True
0,1.39077,28.54533819,0,0,1773516518296,True,True
0,1.39063,5.88702604,0,0,1773516540486,False,True
0,1.39075,6.7393,0,0,1773516541940,True,True
0,1.39074,150.45749,0,0,1773516551063,True,True
0,1.39073,6.99802,0,0,1773516555114,True,True
0,1.39073,24.79472,0,0,1773516558379,True,True
0,1.39073,3.49904,0,0,1773516558445,True,True
0,1.39073,28.2672,0,0,1773516560844,True,True
0,1.39063,7.189529,0,0,1773516588335,False,True
0,1.39076,299.3856695,0,0,1773516590072,True,True
0,1.39077,40.5273805,0,0,1773516590072,True,True
0,1.39063,84.84295573,0,0,1773516592594,False,True
0,1.39063,1000.0,0,0,1773516592594,False,True
0,1.39053,1718.50062087,0,0,1773516592594,False,True
0,1.39076,0.8226,0,0,1773516593830,True,True
0,1.39058,3.2498,0,0,1773516619380,False,True
0,1.39075,9.18398,0,0,1773516635735,True,True
0,1.39072,6.99792,0,0,1773516649464,True,True
0,1.39071,7.06685,0,0,1773516650227,True,True
0,1.39071,70.66901,0,0,1773516659506,True,True
0,1.39075,1.39958,0,0,1773516668924,True,True
0,1.39058,59.11245,0,0,1773516670927,False,True
0,1.39063,56.32550533,0,0,1773516718359,False,True
0,1.39068,257.48611,0,0,1773516724344,True,True
0,1.39068,209.94823,0,0,1773516728121,True,True
0,1.39062,11.46532,0,0,1773516745091,False,True
0,1.39068,503.3508787,0,0,1773516757949,True,True
0,1.39068,519.8732025,0,0,1773516757949,True,True
0,1.39069,3595.34807659,0,0,1773516757949,True,True
0,1.39074,9762.43447239,0,0,1773516757949,True,True
0,1.39071,3595.28603762,0,0,1773516764809,True,True
0,1.39074,7716.01425237,0,0,1773516764809,True,True
0,1.39083,7189.959358,0,0,1773516764809,True,True
0,1.39092,16312.1,0,0,1773516764809,True,True
0,1.39096,337.5,0,0,1773516764809,True,True
0,1.39101,385.74305279,0,0,1773516764809,True,True
0,1.39075,2265.23598979,0,0,1773516774970,True,True
0,1.39075,12.5,0,0,1773516792411,True,True
0,1.39075,34.07948,0,0,1773516793221,True,True
0,1.39062,14.63387,0,0,1773516793674,False,True
0,1.39075,35.39959,0,0,1773516799318,True,True
0,1.39062,43.97769,0,0,1773516823315,False,True
0,1.39073,9.79723,0,0,1773516853927,True,True
0,1.39053,45.53113,0,0,1773516868696,False,True
0,1.39058,19.0805,0,0,1773516887425,True,True
0,1.39064,201.42116,0,0,1773516899844,True,True
0,1.39013,70.82974,0,0,1773516917479,True,True
0,1.39023,3.3,0,0,1773516966578,False,True
0,1.3903,14.10332,0,0,1773516967922,True,True
0,1.39029,35.06628,0,0,1773516978496,True,True
0,1.39,59.16859436,0,0,1773516986546,False,True
0,1.39015,7.15768,0,0,1773517023123,True,True
0,1.39014,182.98517,0,0,1773517029894,False,True
0,1.39021,100.0,0,0,1773517057979,False,True
0,1.39029,100.0,0,0,1773517080233,False,True
0,1.39047,85.937589,0,0,1773517095155,True,True
0,1.39048,14.062411,0,0,1773517095155,True,True
0,1.39048,15.54987,0,0,1773517101941,True,True
0,1.39048,16.66529,0,0,1773517116162,True,True
0,1.39058,107.86865912,0,0,1773517136979,True,True
0,1.39056,45.54367,0,0,1773517142809,True,True
0,1.39048,75.6964,0,0,1773517165736,True,True
0,1.39046,56.32550533,0,0,1773517183656,False,True
0,1.39033,209.48602,0,0,1773517193970,False,True
0,1.39033,337.5,0,0,1773517193970,False,True
0,1.39033,929.36392322,0,0,1773517193970,False,True
0,1.39046,337.5,0,0,1773517206003,False,True
0,1.39045,280.60753095,0,0,1773517206003,False,True
0,1.39049,0.89137,0,0,1773517207923,True,True
0,1.3905,337.5,0,0,1773517251848,False,True
0,1.39038,695.14157857,0,0,1773517251848,False,True
0,1.39051,67.85201,0,0,1773517258759,True,True
0,1.39051,27.03478,0,0,1773517259528,True,True
0,1.39052,34.99565,0,0,1773517267433,True,True
0,1.3904,34.99842,0,0,1773517275982,True,True
0,1.39063,336.68236,0,0,1773517300721,True,True
0,1.39063,6.99853,0,0,1773517304611,True,True
0,1.3907,719.06234271,0,0,1773517331922,True,True
0,1.3907,34.99263,0,0,1773517332597,True,True
0,1.39128,1.40273184,0,0,1773517355987,True,True
0,1.39128,35.41415,0,0,1773517357100,True,True
0,1.39125,0.98760107,0,0,1773517382288,True,True
0,1.39125,27.98163,0,0,1773517383281,True,True
0,1.39127,718.76774458,0,0,1773517409407,True,True
0,1.39127,7.06406,0,0,1773517414922,True,True
0,1.39113,19.86005,0,0,1773517417954,False,True
0,1.39127,6.99531,0,0,1773517423062,True,True
0,1.39123,17.70402,0,0,1773517438311,True,True
0,1.39103,17.6199,0,0,1773517459631,True,True
0,1.391,2.59390457,0,0,1773517484895,False,True
0,1.3911,4.14724446,0,0,1773517488128,True,True
0,1.39108,10.7828,0,0,1773517504842,True,True
0,1.39107,4.83081369,0,0,1773517520027,True,True
0,1.39105,14.09571,0,0,1773517548994,True,True
0,1.39105,34.98206,0,0,1773517552256,True,True
0,1.39102,371.406949,0,0,1773517557459,False,True
0,1.39103,10.7836,0,0,1773517568838,True,True
0,1.39103,82.79327141,0,0,1773517573287,True,True
0,1.39104,5164.55475859,0,0,1773517573287,True,True
0,1.39107,32.38444,0,0,1773517647645,True,True
0,1.39106,56.32550533,0,0,1773517649628,False,True
0,1.39107,7.47127,0,0,1773517653804,True,True
0,1.39107,17.70618,0,0,1773517667833,True,True
0,1.39106,1.0,0,0,1773517670564,False,True
0,1.39123,584.00121,0,0,1773517707195,False,True
0,1.39127,20.16778,0,0,1773517713018,True,True
0,1.39127,3.11553,0,0,1773517719517,True,True
0,1.39127,34.97653,0,0,1773517749435,True,True
0,1.39127,34.97653,0,0,1773517750728,True,True
0,1.39127,6.6028,0,0,1773517754994,True,True
0,1.39127,7.97599168,0,0,1773517757971,True,True
0,1.39156,6.15211832,0,0,1773517757971,True,True
0,1.39156,2.81811,0,0,1773517766037,True,True
0,1.39154,7.04538,0,0,1773517773029,True,True
0,1.39154,7.90305,0,0,1773517776136,True,True
0,1.3913,3.47040265,0,0,1773517785561,True,True
0,1.39107,17.97177712,0,0,1773517819425,True,True
0,1.39107,70.47756,0,0,1773517828808,True,True
0,1.39107,14.23966794,0,0,1773517829491,True,True
0,1.39107,1.42595268,0,0,1773517849813,True,True
0,1.39107,3.52388,0,0,1773517865032,True,True
0,1.39107,97.24874,0,0,1773517883925,True,True
0,1.39107,69.96312,0,0,1773517884824,True,True
0,1.39107,24.9519168,0,0,1773517902417,True,True
0,1.39107,1376.9027732,0,0,1773517902417,True,True
0,1.39107,77.94789,0,0,1773517913907,True,True
0,1.39107,70.65072,0,0,1773517916454,True,True
0,1.39107,65.0,0,0,1773517932091,True,True
0,1.39106,47.95065,0,0,1773517937648,False,True
0,1.39106,2156.65976534,0,0,1773517942438,False,True
0,1.39106,600.06407933,0,0,1773517942440,False,True
0,1.39102,151.89905,0,0,1773517946018,True,True
0,1.39102,43.52199,0,0,1773517973242,True,True
0,1.39102,18.01411,0,0,1773517986181,True,True
0,1.39102,13.99313,0,0,1773518002295,True,True
0,1.39102,34.77628,0,0,1773518010526,True,True
0,1.39102,34.07155,0,0,1773518027527,True,True
0,1.39102,25.0114338,0,0,1773518029422,True,True
0,1.39102,16.2124562,0,0,1773518030084,True,True
0,1.39102,34.2875438,0,0,1773518030084,True,True
0,1.39102,15.15,0,0,1773518050613,True,True
0,1.39102,6.55578,0,0,1773518051155,True,True
0,1.39102,237.83301,0,0,1773518065286,True,True
0,1.39102,3.2494,0,0,1773518067968,True,True
0,1.39101,7.18902092,0,0,1773518073631,False,True
0,1.391,3.76275908,0,0,1773518073631,False,True
0,1.39101,6.99661,0,0,1773518080845,True,True
0,1.391,52.76534903,0,0,1773518097713,False,True
0,1.391,30.74139494,0,0,1773518108692,False,True
0,1.39058,15.2542359,0,0,1773518108692,False,True
0,1.39068,1.04984,0,0,1773518119943,True,True
0,1.39068,6.55738,0,0,1773518126206,True,True
0,1.39062,15.0,0,0,1773518138643,False,True
0,1.39052,35.0,0,0,1773518154094,False,True
0,1.39062,6.67129,0,0,1773518155767,True,True
0,1.39057,16.86943,0,0,1773518205969,True,True
0,1.39047,6.06632817,0,0,1773518220464,False,True
0,1.39053,14.10119,0,0,1773518228400,True,True
0,1.39053,7.05059,0,0,1773518236345,True,True
0,1.3905,293.52517,0,0,1773518236550,False,True
0,1.39053,24.6458,0,0,1773518239501,True,True
0,1.39053,0.88188,0,0,1773518247772,True,True
0,1.39053,17.9787563,0,0,1773518250879,True,True
0,1.39053,14.10099,0,0,1773518252489,True,True
0,1.39051,6.55809,0,0,1773518268331,True,True
0,1.39051,25.16808686,0,0,1773518272172,True,True
0,1.39051,46.27532198,0,0,1773518285388,True,True
0,1.39051,6.55818,0,0,1773518296134,True,True
0,1.3905,10.275609,0,0,1773518299268,False,True
0,1.39051,13.29835,0,0,1773518326867,True,True
0,1.39051,69.9913,0,0,1773518330038,True,True
0,1.39051,34.07735,0,0,1773518339458,True,True
0,1.39051,325.95800276,0,0,1773518340123,True,True
0,1.39067,1112.23520863,0,0,1773518340123,True,True
0,1.39067,3.49916,0,0,1773518357907,True,True
0,1.39067,13.29835,0,0,1773518361681,True,True
0,1.39066,330.20625751,0,0,1773518366205,False,True
0,1.39067,209.94974,0,0,1773518376482,True,True
0,1.39067,1.14999,0,0,1773518383660,True,True
0,1.39067,14.09957,0,0,1773518384398,True,True
0,1.39065,10.0,0,0,1773518407642,False,True
0,1.39078,9.60646,0,0,1773518451144,False,True
0,1.39069,8.94994296,0,0,1773518460367,False,True
0,1.39074,33.49978,0,0,1773518470804,True,True
0,1.39068,8.0,0,0,1773518495717,False,True
0,1.3906,55.0,0,0,1773518495717,False,True
0,1.39056,3.2494,0,0,1773518499229,False,True
0,1.3903,20.99422,0,0,1773518513980,True,True
0,1.39029,35.22286717,0,0,1773518517025,False,True
0,1.39027,25.77713283,0,0,1773518517025,False,True
0,1.39019,406.78639,0,0,1773518518459,False,True
0,1.39015,59.72904501,0,0,1773518522382,False,True
0,1.39015,10.9,0,0,1773518523378,False,True
0,1.3902,84.56459808,0,0,1773518530524,True,True
0,1.39024,215.99176192,0,0,1773518530524,True,True
0,1.39026,20.0,0,0,1773518546402,True,True
0,1.39024,42.66399,0,0,1773518557028,True,True
0,1.39024,6.48516,0,0,1773518561635,True,True
0,1.39024,58.63947,0,0,1773518564376,True,True
0,1.39015,128.91607369,0,0,1773518567902,False,True
0,1.39001,35.00824,0,0,1773518577104,True,True
0,1.39023,58.81,0,0,1773518600500,False,True
0,1.39024,67.86518,0,0,1773518604676,True,True
0,1.39045,5.01269391,0,0,1773518618555,True,True
0,1.39035,309.89546434,0,0,1773518620362,False,True
0,1.39031,21.63467,0,0,1773518642618,False,True
0,1.39032,56.49678,0,0,1773518665175,True,True
0,1.39032,14.00017,0,0,1773518671982,True,True
0,1.39031,3.88882337,0,0,1773518687399,False,True
0,1.39031,974.47650663,0,0,1773518700217,False,True
0,1.39001,14.00017,0,0,1773518712923,True,True
0,1.39001,6.60878,0,0,1773518713824,True,True
0,1.39,171.76665743,0,0,1773518717979,False,True
0,1.39,3.0,0,0,1773518717979,False,True
0,1.39,48.0,0,0,1773518717979,False,True
0,1.39,5.0,0,0,1773518717979,False,True
0,1.39,1151.12230215,0,0,1773518717979,False,True
0,1.39,1.75041,0,0,1773518722501,True,True
0,1.38999,3.0,0,0,1773518730964,False,True
0,1.3894,6.64421,0,0,1773518738610,True,True
0,1.38935,7.00502,0,0,1773518740031,True,True
0,1.38935,14.00995,0,0,1773518749361,True,True
0,1.38958,19.80299,0,0,1773518759950,True,True
0,1.38968,35.01907,0,0,1773518763506,True,True
0,1.38968,13.44026,0,0,1773518765765,True,True
0,1.38967,10.0,0,0,1773518772021,False,True
0,1.38974,76.3,0,0,1773518786667,False,True
0,1.38987,10.50285,0,0,1773518798763,True,True
0,1.38986,2.76711323,0,0,1773518820147,True,True
0,1.38985,184.8221,0,0,1773518832134,False,True
0,1.38986,42.6714,0,0,1773518871569,True,True
0,1.38986,141.43153,0,0,1773518880482,True,True
0,1.38986,2.1056797,0,0,1773518880698,True,True
0,1.38986,7.0024,0,0,1773518886698,True,True
0,1.38986,33.5826,0,0,1773518893625,True,True
0,1.39022,71.21887,0,0,1773518911859,True,True
0,1.39022,17.98276532,0,0,1773518928571,True,True
0,1.39022,7.05206,0,0,1773518943593,True,True
0,1.39013,65.97512,0,0,1773518947340,False,True
0,1.39022,175.33898,0,0,1773518959525,True,True
0,1.39022,510.0,0,0,1773518986155,True,True
0,1.39013,85.88405401,0,0,1773518995975,True,True
0,1.39013,46.28036,0,0,1773519021680,True,True
0,1.39013,14.10504,0,0,1773519037411,True,True
0,1.39013,7.05252,0,0,1773519040032,True,True
0,1.39012,3.50052,0,0,1773519049421,False,True
0,1.39013,22.24206,0,0,1773519049717,True,True
0,1.39013,1.05016,0,0,1773519060347,True,True
0,1.39012,6.49948,0,0,1773519103399,False,True
0,1.38986,21.74401,0,0,1773519128289,True,True
0,1.38986,25.51481,0,0,1773519135318,True,True
0,1.38986,69.08819,0,0,1773519143249,True,True
0,1.38986,54.44842,0,0,1773519178480,True,True
0,1.38985,100.85723394,0,0,1773519186058,False,True
0,1.3893,1.02851,0,0,1773519189348,False,True
0,1.38936,137.22645,0,0,1773519200712,True,True
0,1.38936,17.64107,0,0,1773519212171,True,True
0,1.38936,10.0306,0,0,1773519237306,True,True
0,1.38949,354.70363,0,0,1773519260700,True,True
0,1.38948,7.07316,0,0,1773519289781,True,True
0,1.38948,26.78269,0,0,1773519292042,True,True
0,1.38948,9.69234,0,0,1773519294238,True,True
0,1.38948,17.72645,0,0,1773519294447,True,True
0,1.38948,14.17278,0,0,1773519302610,True,True
0,1.38947,79.11,0,0,1773519305237,False,True
0,1.38948,77.76936,0,0,1773519342031,True,True
0,1.38975,106.53609,0,0,1773519353423,True,True
0,1.38975,141.72779,0,0,1773519354208,True,True
0,1.38975,10.58167,0,0,1773519357889,True,True
0,1.38975,7.1243,0,0,1773519359385,True,True
0,1.38951,3598.39079963,0,0,1773519408719,True,True
0,1.38951,118.32460021,0,0,1773519408719,True,True
0,1.38956,3383.28460016,0,0,1773519408719,True,True
0,1.38951,118.32460021,0,0,1773519426946,True,True
0,1.38952,442.00875979,0,0,1773519426946,True,True
0,1.38951,508.10247939,0,0,1773519442162,True,True
0,1.38951,1376.93412799,0,0,1773519442162,True,True
0,1.38953,3598.34519037,0,0,1773519442162,True,True
0,1.38959,335.86726241,0,0,1773519442162,True,True
0,1.3896,321.07927984,0,0,1773519442162,True,True
0,1.38951,35.36502,0,0,1773519454183,True,True
0,1.38951,25.14425948,0,0,1773519472293,True,True
0,1.38951,136.23289,0,0,1773519476464,True,True
0,1.3898,70.03562,0,0,1773519503805,True,True
0,1.3898,52.52672,0,0,1773519506042,True,True
0,1.38977,35.01353,0,0,1773519507539,True,True
0,1.38971,2.76736438,0,0,1773519513981,True,True
0,1.38971,10.0,0,0,1773519521708,True,True
0,1.38967,1.10433,0,0,1773519535031,True,True
0,1.38966,25.04368244,0,0,1773519536869,False,True
0,1.38967,85.68282889,0,0,1773519539977,True,True
0,1.38971,5.0,0,0,1773519599897,True,True
0,1.39049,461.49736773,0,0,1773519612552,False,True
0,1.39051,1.09976,0,0,1773519612656,False,True
0,1.39052,14.13573,0,0,1773519628126,True,True
0,1.39051,25.42,0,0,1773519629833,False,True
0,1.39052,17.9788856,0,0,1773519634575,True,True
0,1.39052,430.41721,0,0,1773519635610,True,True
0,1.39052,26.65436,0,0,1773519657474,True,True
0,1.39051,2000.0,0,0,1773519661924,False,True
0,1.39051,792.44552232,0,0,1773519661924,False,True
0,1.39014,7.1223,0,0,1773519702284,True,True
0,1.39014,1368.93354402,0,0,1773519709832,True,True
0,1.39015,30.0,0,0,1773519717385,False,True
0,1.39042,70.68375,0,0,1773519736353,True,True
0,1.39067,2.85811,0,0,1773519741211,False,True
0,1.39067,100.48394,0,0,1773519743309,False,True
0,1.39067,215.86499,0,0,1773519752017,False,True
0,1.39068,33.50074,0,0,1773519753979,True,True
0,1.39068,178.3300256,0,0,1773519762000,True,True
0,1.39067,72.954012,0,0,1773519777874,False,True
0,1.39068,1376.02556385,0,0,1773519787313,True,True
0,1.39075,883.5955035,0,0,1773519787313,True,True
0,1.39076,483.12317017,0,0,1773519787313,True,True
0,1.39087,8733.23368863,0,0,1773519787313,True,True
0,1.39097,1500.0,0,0,1773519787313,True,True
0,1.39098,300.0,0,0,1773519787313,True,True
0,1.39103,0.09419273,0,0,1773519787313,True,True
0,1.39075,5.70914973,0,0,1773519807167,True,True
0,1.39093,1.09635,0,0,1773519818275,False,True
0,1.39095,494.48371891,0,0,1773519820205,True,True
0,1.39141,1079.58315038,0,0,1773519820205,True,True
0,1.39142,3859.05511954,0,0,1773519820205,True,True
0,1.39143,56.549928,0,0,1773519820205,True,True
0,1.39144,1500.0,0,0,1773519820205,True,True
0,1.39151,337.5,0,0,1773519820205,True,True
0,1.39156,151.01267126,0,0,1773519820205,True,True
0,1.3914,17.62104,0,0,1773519823206,True,True
0,1.3914,34.55350468,0,0,1773519852393,True,True
0,1.3914,3.2485,0,0,1773519856034,True,True
0,1.3914,143.35506,0,0,1773519858695,True,True
0,1.39153,35.40066,0,0,1773519899506,True,True
0,1.39153,169.3509,0,0,1773519904552,True,True
0,1.39153,13.38631,0,0,1773519909701,True,True
0,1.39152,136.60422,0,0,1773519911020,False,True
0,1.3915,4.06030815,0,0,1773519953911,True,True
0,1.39148,302.5723,0,0,1773519994863,True,True
0,1.39147,687.6743,0,0,1773520007649,False,True
0,1.39147,34.0,0,0,1773520010038,False,True
0,1.39172,467.13285148,0,0,1773520040675,True,True
0,1.39202,80.89187949,0,0,1773520040675,True,True
0,1.39203,233.698119,0,0,1773520040675,True,True
0,1.39205,616.88344003,0,0,1773520040675,True,True
0,1.39179,14.01977409,0,0,1773520045760,True,True
0,1.39179,79.54376377,0,0,1773520052939,True,True
0,1.39205,95.28235623,0,0,1773520052939,True,True
0,1.3918,17.96235091,0,0,1773520053288,True,True
0,1.39179,56.344014,0,0,1773520063591,False,True
0,1.39183,75.58478895,0,0,1773520108914,True,True
0,1.39207,29.29754105,0,0,1773520108914,True,True
0,1.39183,6.55196,0,0,1773520129343,True,True
0,1.39174,67.79204,0,0,1773520155816,True,True
0,1.39173,5.30025235,0,0,1773520158864,False,True
0,1.39165,11.1597,0,0,1773520183663,True,True
0,1.39164,95.0,0,0,1773520189740,False,True
0,1.39165,20.0,0,0,1773520198948,True,True
0,1.39165,2.83282434,0,0,1773520206381,True,True
0,1.39165,1.93018,0,0,1773520218420,True,True
0,1.39164,3.29102463,0,0,1773520223560,False,True
0,1.39164,1.57351,0,0,1773520230770,True,True
0,1.39163,0.87989,0,0,1773520247901,False,True
0,1.39163,141.72662,0,0,1773520251368,False,True
0,1.39164,33.47763,0,0,1773520257599,True,True
0,1.39163,94.39391,0,0,1773520274276,False,True
0,1.39164,7.78836,0,0,1773520276187,True,True
0,1.39164,5.83951309,0,0,1773520277263,True,True
0,1.39164,1.61243,0,0,1773520282039,True,True
0,1.39163,1.93018,0,0,1773520286975,False,True
0,1.39164,6.99345,0,0,1773520290488,True,True
0,1.39164,35.31089,0,0,1773520336729,True,True
0,1.39193,25.41,0,0,1773520365326,False,True
0,1.39205,3.59526001,0,0,1773520376624,False,True
0,1.39206,7.07387,0,0,1773520380213,True,True
0,1.39206,7.14786,0,0,1773520386307,True,True
0,1.39206,10.8078,0,0,1773520411935,True,True
0,1.39206,516.82688745,0,0,1773520434496,True,True
0,1.39211,514.13848477,0,0,1773520434525,True,True
0,1.3925,35.91825006,0,0,1773520434678,False,True
0,1.39251,7.74702,0,0,1773520437399,True,True
0,1.39251,71.7327095,0,0,1773520440855,True,True
0,1.3927,499.63819668,0,0,1773520440855,True,True
0,1.39272,146.66650021,0,0,1773520440855,True,True
0,1.39253,45.9388,0,0,1773520449442,True,True
0,1.39258,10.4559,0,0,1773520479303,True,True
0,1.39258,1.76173,0,0,1773520484288,True,True
0,1.39258,7.05741,0,0,1773520489378,True,True
0,1.39268,7.13923653,0,0,1773520494607,True,True
0,1.39268,6.59611,0,0,1773520500663,True,True
0,1.39268,7.03961,0,0,1773520514072,True,True
0,1.39268,17.47056,0,0,1773520527660,True,True
0,1.39267,47.95644,0,0,1773520535751,False,True
0,1.39268,34.94112,0,0,1773520539767,True,True
0,1.39268,10.0,0,0,1773520549253,True,True
0,1.39267,5.90233,0,0,1773520562716,False,True
0,1.39268,33.45263,0,0,1773520563384,True,True
0,1.39268,7.03961,0,0,1773520568701,True,True
0,1.39268,0.7251,0,0,1773520577578,True,True
0,1.39268,67.43511501,0,0,1773520586785,True,True
0,1.39293,1.93836014,0,0,1773520586785,True,True
0,1.39293,124.91611485,0,0,1773520586785,True,True
0,1.39268,35.91636269,0,0,1773520605393,True,True
0,1.39261,25.0,0,0,1773520616978,True,True
0,1.39261,13.97715,0,0,1773520624549,True,True
0,1.39257,27.05421,0,0,1773520646376,True,True
0,1.39257,6.54848,0,0,1773520653465,True,True
0,1.39258,3.21184224,0,0,1773520663270,True,True
0,1.39261,7.10982,0,0,1773520676534,True,True
0,1.39267,6.98873,0,0,1773520695724,True,True
0,1.39267,14.07932,0,0,1773520724009,True,True
0,1.39267,61.53837087,0,0,1773520731883,True,True
0,1.39281,8.34353913,0,0,1773520731883,True,True
0,1.39268,7.10936,0,0,1773520733091,True,True
0,1.39266,8.99806,0,0,1773520746917,False,True
0,1.39267,7.21889,0,0,1773520749951,True,True
0,1.39267,17.90636,0,0,1773520766492,True,True
0,1.39266,35.90251748,0,0,1773520773604,False,True
0,1.39266,242.31956239,0,0,1773520780419,False,True
0,1.39259,57.68043761,0,0,1773520780419,False,True
0,1.39223,285.30891051,0,0,1773520806365,False,True
0,1.39224,13.98087,0,0,1773520810116,True,True
0,1.39214,59.64861823,0,0,1773520819380,True,True
0,1.39235,3591.06060589,0,0,1773520819380,True,True
0,1.39244,44.84037948,0,0,1773520819380,True,True
0,1.3922,15.62275535,0,0,1773520824232,True,True
0,1.39224,34.95216,0,0,1773520836282,True,True
0,1.39224,9.98164,0,0,1773520836283,True,True
0,1.39224,60.45898335,0,0,1773520860215,True,True
0,1.39241,650.60763665,0,0,1773520860215,True,True
0,1.39225,23.44198,0,0,1773520862426,True,True
0,1.39225,7.1115,0,0,1773520873505,True,True
0,1.39225,58.19479019,0,0,1773520876021,True,True
0,1.39242,40.80520981,0,0,1773520876021,True,True
0,1.39286,58.297395,0,0,1773520882271,False,True
0,1.39278,44.92371084,0,0,1773520887931,False,True
0,1.39292,57.82666757,0,0,1773520891366,True,True
0,1.39293,60.02338243,0,0,1773520891366,True,True
0,1.39293,13.97324,0,0,1773520892476,True,True
0,1.39284,29.01321,0,0,1773520911770,True,True
0,1.39284,6.59536,0,0,1773520922080,True,True
0,1.39284,56.12233381,0,0,1773520922431,True,True
0,1.39305,83.61176619,0,0,1773520922431,True,True
0,1.39284,8.31634,0,0,1773520937802,True,True
0,1.39287,6.59536,0,0,1773520945803,True,True
0,1.39287,7.10834,0,0,1773520962586,True,True
0,1.39314,50.79294,0,0,1773521010309,True,True
0,1.39314,50.0,0,0,1773521013391,True,True
0,1.39313,25.12328355,0,0,1773521021544,False,True
0,1.3934,73.75478,0,0,1773521026191,False,True
0,1.39324,53.09439318,0,0,1773521032684,True,True
0,1.39324,7.05407,0,0,1773521038917,True,True
0,1.39337,34.92382,0,0,1773521061839,True,True
0,1.39337,51.7594982,0,0,1773521064753,True,True
0,1.39339,448.2405018,0,0,1773521068781,False,True
0,1.39336,629.8741982,0,0,1773521068781,False,True
0,1.39337,50.85353179,0,0,1773521072071,True,True
0,1.39345,10.70882659,0,0,1773521072071,True,True
0,1.39341,10.57989,0,0,1773521076247,True,True
0,1.39344,17.94172528,0,0,1773521081722,False,True
0,1.39345,480.18041969,0,0,1773521093098,True,True
0,1.39358,49.90967396,0,0,1773521115843,True,True
0,1.39374,155.04102384,0,0,1773521115843,True,True
0,1.39304,49.03430865,0,0,1773521141608,True,True
0,1.39324,22.74783957,0,0,1773521141608,True,True
0,1.39303,57.70742,0,0,1773521141975,False,True
0,1.39304,16.05379492,0,0,1773521142142,True,True
0,1.39304,7.03779,0,0,1773521153021,True,True
0,1.39298,25.0,0,0,1773521162731,True,True
0,1.39298,47.7738283,0,0,1773521186074,True,True
0,1.39313,25.89996099,0,0,1773521186074,True,True
0,1.39284,46.50041764,0,0,1773521217998,True,True
0,1.39293,27.94969,0,0,1773521218301,True,True
0,1.39305,12.97447,0,0,1773521227370,False,True
0,1.3932,7.03698,0,0,1773521244740,True,True
0,1.3932,44.21016635,0,0,1773521248264,True,True
0,1.39352,16.60923,0,0,1773521248264,True,True
0,1.39353,108.71981365,0,0,1773521248264,True,True
0,1.39328,3.49261,0,0,1773521257045,True,True
0,1.3934,43.2549631,0,0,1773521269166,True,True
0,1.39384,17.97296,0,0,1773521275899,True,True
0,1.39359,381.60402,0,0,1773521282612,False,True
0,1.39374,1000.0,0,0,1773521318724,False,True
0,1.39374,337.5,0,0,1773521318724,False,True
0,1.39371,130.59728667,0,0,1773521318724,False,True
0,1.3937,2881.90271333,0,0,1773521318724,False,True
0,1.39366,34.91455,0,0,1773521331846,True,True
0,1.393,1.65,0,0,1773521362978,False,True
0,1.39299,38.58615,0,0,1773521368679,True,True
0,1.39299,143.57604864,0,0,1773521369946,True,True
0,1.39299,467.67657547,0,0,1773521372595,True,True
0,1.39299,782.32342453,0,0,1773521372595,True,True
0,1.39298,301.51186664,0,0,1773521388383,False,True
0,1.39296,280.65296948,0,0,1773521388383,False,True
0,1.39273,606.39150658,0,0,1773521388383,False,True
0,1.39265,397.5310573,0,0,1773521388383,False,True
0,1.39279,15.92592,0,0,1773521392105,False,True
0,1.39294,12.81121932,0,0,1773521409013,True,True
0,1.39294,44.57974534,0,0,1773521414700,True,True
0,1.39312,25.28618466,0,0,1773521414700,True,True
0,1.39293,25.13465,0,0,1773521415507,False,True
0,1.39294,25.0,0,0,1773521424553,True,True
0,1.39293,122.38142482,0,0,1773521425640,False,True
0,1.39293,6972.61757518,0,0,1773521425640,False,True
0,1.39264,45.68098839,0,0,1773521446623,True,True
0,1.39291,55.02159161,0,0,1773521446623,True,True
0,1.39233,100.0,0,0,1773521504575,False,True
0,1.39234,21.17588,0,0,1773521509961,True,True
0,1.39234,7.14642,0,0,1773521510098,True,True
0,1.39233,66.77148,0,0,1773521515932,False,True
0,1.39234,14.11726,0,0,1773521547458,True,True
0,1.39234,19.99656,0,0,1773521555867,True,True
0,1.39253,13.0,0,0,1773521629107,False,True
0,1.39253,117.707952,0,0,1773521632698,False,True
0,1.39253,103.651728,0,0,1773521632698,False,True
0,1.39253,24.21883,0,0,1773521645221,False,True
0,1.39254,43.67666886,0,0,1773521656056,True,True
0,1.39276,57.03914114,0,0,1773521656056,True,True
0,1.39253,55.11464,0,0,1773521657627,False,True
0,1.39254,45.98200463,0,0,1773521669609,True,True
0,1.39274,233.27833299,0,0,1773521669609,True,True
0,1.39275,245.40104238,0,0,1773521669609,True,True
0,1.39253,6.60468,0,0,1773521691318,False,True
0,1.39238,44.58967395,0,0,1773521702633,True,True
0,1.3926,255.91946605,0,0,1773521702633,True,True
0,1.39253,44.58967425,0,0,1773521707049,True,True
0,1.3926,56.41032575,0,0,1773521707049,True,True
0,1.39253,43.80386535,0,0,1773521711561,True,True
0,1.39262,162.36279465,0,0,1773521711561,True,True
0,1.39253,43.02173337,0,0,1773521717004,True,True
0,1.39262,53.02216663,0,0,1773521717004,True,True
0,1.39252,230.311911,0,0,1773521729562,False,True
0,1.39253,41.48906639,0,0,1773521745870,True,True
0,1.39261,20.16393361,0,0,1773521745870,True,True
0,1.39285,3.0911,0,0,1773521752342,True,True
0,1.39285,3.0911,0,0,1773521753222,True,True
0,1.39285,3.0911,0,0,1773521754199,True,True
0,1.39317,40.65517227,0,0,1773521771149,True,True
0,1.39335,16.50825773,0,0,1773521771149,True,True
0,1.39305,34.93184,0,0,1773521783299,True,True
0,1.39323,3787.0,0,0,1773521792682,False,True
0,1.39324,15.31916,0,0,1773521799119,True,True
0,1.39324,9.23598,0,0,1773521804116,True,True
0,1.39324,39.05695636,0,0,1773521805157,True,True
0,1.39344,107.3360445,0,0,1773521805157,True,True
0,1.39345,3588.21872806,0,0,1773521805157,True,True
0,1.39352,601.0869172,0,0,1773521805157,True,True
0,1.39352,337.5,0,0,1773521805157,True,True
0,1.39357,7175.85143025,0,0,1773521805157,True,True
0,1.39366,10199.82280535,0,0,1773521805157,True,True
0,1.39366,7197.074972,0,0,1773521805157,True,True
0,1.39324,38.20751302,0,0,1773521807564,True,True
0,1.39347,17.08525698,0,0,1773521807564,True,True
0,1.39324,37.53661742,0,0,1773521810348,True,True
0,1.39342,130.66237258,0,0,1773521810348,True,True
0,1.39323,60.0,0,0,1773521814538,False,True
0,1.39324,36.87486263,0,0,1773521820090,True,True
0,1.39349,23.18231737,0,0,1773521820090,True,True
0,1.39325,6.05733895,0,0,1773521820446,False,True
0,1.39325,7.17741125,0,0,1773521825593,True,True
0,1.39325,36.42342474,0,0,1773521830404,True,True
0,1.39347,3588.16589869,0,0,1773521830404,True,True
0,1.39349,337.5,0,0,1773521830404,True,True
0,1.39355,7175.94025354,0,0,1773521830404,True,True
0,1.39366,19674.57981062,0,0,1773521830404,True,True
0,1.39367,337.5,0,0,1773521830404,True,True
0,1.39374,446.56633178,0,0,1773521830404,True,True
0,1.39377,2796.06786577,0,0,1773521830404,True,True
0,1.39332,25.0114338,0,0,1773521850396,False,True
0,1.39333,34.92482,0,0,1773521853403,True,True
0,1.39333,20.0,0,0,1773521853961,True,True
0,1.39333,34.68558722,0,0,1773521859710,True,True
0,1.39355,33.02426278,0,0,1773521859710,True,True
0,1.39342,60.0,0,0,1773521870749,False,True
0,1.39342,3.2485,0,0,1773521886485,False,True
0,1.39342,6.98434,0,0,1773521893496,False,True
0,1.39343,34.07384991,0,0,1773521895200,True,True
0,1.39368,106.96908009,0,0,1773521895200,True,True
0,1.39348,33.46848925,0,0,1773521895660,True,True
0,1.39367,662.79143841,0,0,1773521895660,True,True
0,1.39369,23407.42557925,0,0,1773521895660,True,True
0,1.39372,3587.5391885,0,0,1773521895660,True,True
0,1.39377,4365.3662499,0,0,1773521895660,True,True
0,1.39382,7174.55240346,0,0,1773521895660,True,True
0,1.39388,337.5,0,0,1773521895660,True,True
0,1.39396,8563.6,0,0,1773521895660,True,True
0,1.39402,51.83488533,0,0,1773521895660,True,True
0,1.39403,337.5,0,0,1773521895660,True,True
0,1.39404,1478.4217659,0,0,1773521895660,True,True
0,1.39356,55.29902,0,0,1773521897853,False,True
0,1.39357,32.87593372,0,0,1773521899151,True,True
0,1.39372,169.64326628,0,0,1773521899151,True,True
0,1.39375,16.79345,0,0,1773521906844,True,True
0,1.39375,12.698978,0,0,1773521907110,True,True
0,1.39373,208.26125141,0,0,1773521914551,True,True
0,1.39373,802.74874859,0,0,1773521914551,True,True
0,1.39373,31.1636195,0,0,1773521921758,True,True
0,1.39374,39.3522605,0,0,1773521921758,True,True
0,1.39353,12.24721,0,0,1773521921869,False,True
0,1.39355,107.57641,0,0,1773521935157,False,True
0,1.39372,12.80374948,0,0,1773521939961,True,True
0,1.39331,59.0,0,0,1773521950824,False,True
0,1.39353,21.15841,0,0,1773521953362,True,True
0,1.39354,61.50643892,0,0,1773521959976,True,True
0,1.39355,25.79183108,0,0,1773521959976,True,True
0,1.39369,17.58639,0,0,1773521983492,True,True
0,1.39355,63.6846,0,0,1773521992612,False,True
0,1.39339,13.49789,0,0,1773522001503,True,True
0,1.39301,282.07027,0,0,1773522004289,True,True
0,1.393,1.65,0,0,1773522004496,False,True
0,1.3927,7.03451,0,0,1773522006875,True,True
0,1.39228,543.80550591,0,0,1773522010725,True,True
0,1.39227,14.13872,0,0,1773522012015,True,True
0,1.39227,1.38068194,0,0,1773522012445,True,True
0,1.39282,35.89839319,0,0,1773522022832,True,True
0,1.39281,130.0,0,0,1773522033969,False,True
0,1.39297,20.68312,0,0,1773522034906,True,True
0,1.39298,100.0,0,0,1773522038045,True,True
0,1.39297,1.90137104,0,0,1773522039849,True,True
0,1.39296,33.44687,0,0,1773522043364,True,True
0,1.39289,20.0,0,0,1773522046621,False,True
0,1.39296,0.73821215,0,0,1773522049511,True,True
0,1.39292,5.57741796,0,0,1773522060316,False,True
0,1.39295,68.09180338,0,0,1773522080958,False,True
0,1.39312,10.47903,0,0,1773522095587,True,True
0,1.39312,16.28383,0,0,1773522140032,True,True
0,1.39304,16.1226,0,0,1773522157368,False,True
0,1.39312,21.16403,0,0,1773522161892,True,True
0,1.39312,17.46504,0,0,1773522168124,True,True
0,1.39312,3.57615,0,0,1773522170636,True,True
0,1.39312,201.99494941,0,0,1773522173816,True,True
0,1.39313,208.08306059,0,0,1773522173816,True,True
0,1.39317,1276.73605485,0,0,1773522174592,True,True
0,1.39273,337.5,0,0,1773522199417,True,True
0,1.39274,300.0,0,0,1773522199417,True,True
0,1.39284,12.70653,0,0,1773522213791,True,True
0,1.39284,59.44266,0,0,1773522250163,True,True
0,1.39284,2.22307,0,0,1773522299892,True,True
0,1.39283,25.0,0,0,1773522321523,False,True
0,1.39284,1.15991,0,0,1773522321685,True,True
0,1.39284,32.34328,0,0,1773522326985,True,True
0,1.39283,55.46270902,0,0,1773522343333,False,True
0,1.39243,47.32073098,0,0,1773522343333,False,True
0,1.39252,67.7385,0,0,1773522348017,True,True
0,1.39254,6.54721,0,0,1773522350932,True,True
0,1.39201,71.12729,0,0,1773522401079,True,True
0,1.392,1.65,0,0,1773522411554,False,True
0,1.39157,23.35,0,0,1773522411554,False,True
0,1.39158,2.21746201,0,0,1773522426003,True,True
0,1.39172,33.18097799,0,0,1773522426003,True,True
0,1.39158,2.21746201,0,0,1773522445808,True,True
0,1.39182,68.52914799,0,0,1773522445808,True,True
0,1.39171,50.0,0,0,1773522454918,False,True
0,1.39183,1.30359,0,0,1773522480145,True,True
0,1.39176,3.59257343,0,0,1773522520223,False,True
0,1.3922,27.95972,0,0,1773522546356,True,True
0,1.39225,78.296017,0,0,1773522552573,True,True
0,1.39227,3591.2810301,0,0,1773522552573,True,True
0,1.39237,3512.68666414,0,0,1773522552573,True,True
0,1.39227,28.01373,0,0,1773522562306,True,True
0,1.39224,3.59133483,0,0,1773522583359,True,True
0,1.39224,19.52967879,0,0,1773522593079,True,True
0,1.39224,65.82727,0,0,1773522594301,True,True
0,1.39224,543.11761,0,0,1773522595723,True,True
0,1.39261,17.56132431,0,0,1773522621849,False,True
0,1.39259,93.38461,0,0,1773522626208,True,True
0,1.39259,7.07474,0,0,1773522632969,True,True
0,1.39256,109.6003,0,0,1773522665418,False,True
0,1.39259,67.19449,0,0,1773522667376,True,True
0,1.39259,228.45123,0,0,1773522669732,True,True
0,1.39259,6.61027294,0,0,1773522670886,True,True
0,1.3926,322.72924,0,0,1773522694553,False,True
0,1.39279,16.75986,0,0,1773522704430,True,True
0,1.39256,50.0,0,0,1773522739116,False,True
0,1.39273,337.5,0,0,1773522740556,False,True
0,1.39267,78.31,0,0,1773522740556,False,True
0,1.39276,28.04,0,0,1773522740689,False,True
0,1.39274,221.60397709,0,0,1773522740808,False,True
0,1.39274,213.10602291,0,0,1773522740808,False,True
0,1.39277,5.71964,0,0,1773522742198,False,True
0,1.39296,13.97364,0,0,1773522743225,True,True
0,1.3928,2.725,0,0,1773522744949,True,True
0,1.39277,3.0,0,0,1773522746443,False,True
0,1.39277,27.72,0,0,1773522748405,False,True
0,1.39277,27.17,0,0,1773522748546,False,True
0,1.3928,20.85804,0,0,1773522751895,True,True
0,1.39263,27.64,0,0,1773522756342,False,True
0,1.39263,199.0,0,0,1773522761152,False,True
0,1.39263,27.12,0,0,1773522770529,False,True
0,1.39263,27.41,0,0,1773522770683,False,True
0,1.39267,58.14011934,0,0,1773522770830,True,True
0,1.39267,180.54679,0,0,1773522770895,True,True
0,1.3927,3.59014863,0,0,1773522777707,True,True
0,1.39265,27.29,0,0,1773522777884,False,True
0,1.39267,27.16,0,0,1773522785586,False,True
0,1.39264,0.84875,0,0,1773522792605,True,True
0,1.39232,27.53,0,0,1773522792786,False,True
0,1.39203,69.87371,0,0,1773522797009,True,True
0,1.39162,27.11,0,0,1773522799989,False,True
0,1.39161,27.42,0,0,1773522800108,False,True
0,1.39177,24.33485,0,0,1773522809924,True,True
0,1.39177,58.54139383,0,0,1773522863735,True,True
0,1.39177,277.64934416,0,0,1773522863736,True,True
0,1.39176,55.0,0,0,1773522870924,False,True
0,1.39177,129.6548,0,0,1773522872022,True,True
0,1.39258,12.52472,0,0,1773522885492,True,True
0,1.39248,14.14949,0,0,1773522889588,True,True
0,1.39247,212.11843,0,0,1773522890383,True,True
0,1.3923,5.6,0,0,1773522897039,False,True
0,1.39247,203.99309,0,0,1773522898462,True,True
0,1.39278,2.6236383,0,0,1773522920644,True,True
0,1.39261,159.91082134,0,0,1773522945013,True,True
0,1.39261,38.85526315,0,0,1773522945013,True,True
0,1.39261,31.87510404,0,0,1773522945013,True,True
0,1.39251,225.47326752,0,0,1773522975815,True,True
0,1.39252,48.95888048,0,0,1773522975815,True,True
0,1.39252,197.59378,0,0,1773522976608,True,True
0,1.39226,5.12495575,0,0,1773522994447,False,True
0,1.39247,2.0339,0,0,1773522994448,True,True
0,1.39227,2.19880076,0,0,1773523018715,True,True
0,1.39252,497.80119924,0,0,1773523018715,True,True
0,1.39227,2.19880076,0,0,1773523032520,True,True
0,1.39263,156.798317,0,0,1773523032520,True,True
0,1.39264,3590.31004147,0,0,1773523032520,True,True
0,1.39269,337.5,0,0,1773523032520,True,True
0,1.39272,327.07006083,0,0,1773523032520,True,True
0,1.39274,13264.1485848,0,0,1773523032520,True,True
0,1.39266,86.753884,0,0,1773523039514,True,True
0,1.39266,211.71018,0,0,1773523042971,True,True
0,1.39329,20.9564,0,0,1773523113856,True,True
0,1.39327,0.80362,0,0,1773523117226,True,True
0,1.39326,357.08514,0,0,1773523135795,True,True
0,1.39309,4.19729882,0,0,1773523143214,False,True
0,1.39297,210.3363767,0,0,1773523149186,True,True
0,1.39298,1225.39318927,0,0,1773523149186,True,True
0,1.39286,17.97911551,0,0,1773523152931,True,True
0,1.3927,4.26262,0,0,1773523172274,False,True
0,1.39284,1417.90707,0,0,1773523177377,True,True
0,1.39251,107.71915462,0,0,1773523188935,False,True
0,1.39251,249.36598538,0,0,1773523188935,False,True
0,1.39263,50.05,0,0,1773523189575,True,True
0,1.39261,16.346073,0,0,1773523193203,True,True
0,1.39248,4.2033908,0,0,1773523209959,True,True
0,1.39237,568.57892,0,0,1773523228342,False,True
0,1.39286,69.87321,0,0,1773523297296,True,True
0,1.39286,23.78484,0,0,1773523301935,True,True
0,1.39286,17.63998,0,0,1773523310311,True,True
0,1.39286,14.13839,0,0,1773523333216,True,True
0,1.39286,6.98732,0,0,1773523336988,True,True
0,1.39286,13.20688494,0,0,1773523338717,True,True
0,1.39302,343.91359506,0,0,1773523338717,True,True
0,1.39302,2.7612251,0,0,1773523341049,True,True
0,1.39302,1.41104,0,0,1773523344194,True,True
0,1.39303,1168.653188,0,0,1773523366308,True,True
0,1.39309,6.98617,0,0,1773523407776,True,True
0,1.39309,3.58914356,0,0,1773523427850,True,True
0,1.39308,783.86184,0,0,1773523435768,False,True
0,1.3931,3.49308,0,0,1773523436871,True,True
0,1.39308,10658.0745,0,0,1773523446766,False,True
0,1.39309,337.5,0,0,1773523457958,False,True
0,1.39308,2396.22391,0,0,1773523457958,False,True
0,1.39312,52.65865,0,0,1773523469422,False,True
0,1.39312,130.0,0,0,1773523478920,False,True
0,1.39312,68.70774795,0,0,1773523480493,False,True
0,1.39309,3.88167,0,0,1773523522688,True,True
0,1.39308,71.78338645,0,0,1773523523675,False,True
0,1.39252,200.51810755,0,0,1773523523675,False,True
0,1.39262,7.06803,0,0,1773523528784,True,True
0,1.39265,18.86848,0,0,1773523538894,True,True
0,1.39252,28.0,0,0,1773523539118,False,True
0,1.39265,2.87513,0,0,1773523541331,True,True
0,1.39266,12.57907,0,0,1773523555485,True,True
0,1.39252,27.05421,0,0,1773523557338,False,True
0,1.39267,7.03986,0,0,1773523573417,True,True
0,1.39267,6.98827,0,0,1773523574235,True,True
0,1.39267,107.70677906,0,0,1773523574240,True,True
0,1.39266,20.0,0,0,1773523576016,True,True
0,1.39266,11.18132,0,0,1773523578180,True,True
0,1.39267,17.86182,0,0,1773523604522,True,True
0,1.39267,3.57236,0,0,1773523606038,True,True
0,1.39255,2.23097864,0,0,1773523626931,True,True
0,1.39267,14.67678136,0,0,1773523626931,True,True
0,1.39258,1.65,0,0,1773523635285,False,True
0,1.39258,213.78366797,0,0,1773523635285,False,True
0,1.39244,357.12048,0,0,1773523638675,False,True
0,1.39245,2.22797485,0,0,1773523650270,True,True
0,1.39257,4.32008515,0,0,1773523650270,True,True
0,1.39257,67.09244,0,0,1773523670186,True,True
0,1.39257,10.48316,0,0,1773523678003,True,True
0,1.39257,1000.0,0,0,1773523678657,True,True
0,1.39257,100.0,0,0,1773523679881,True,True
0,1.39244,20.00159,0,0,1773523715178,True,True
0,1.39236,1.91088,0,0,1773523729045,False,True
0,1.39246,35.90767419,0,0,1773523736078,True,True
0,1.39246,14.22086,0,0,1773523745635,True,True
0,1.39246,2.15446045,0,0,1773523754634,True,True
0,1.39246,14.11604,0,0,1773523762385,True,True
0,1.39277,20.4043,0,0,1773523779330,True,True
0,1.39277,700.0718,0,0,1773523796764,True,True
0,1.39263,120.0,0,0,1773523798394,False,True
0,1.39283,35.36762,0,0,1773523856034,True,True
0,1.39283,17.846839,0,0,1773523858618,True,True
0,1.39284,82.802908,0,0,1773523858618,True,True
0,1.39284,14.28782,0,0,1773523860354,True,True
0,1.39285,70.69301,0,0,1773523861311,True,True
0,1.39285,6.98742,0,0,1773523862616,True,True
0,1.39285,7.03885,0,0,1773523866941,True,True
0,1.39284,45.9028,0,0,1773523892347,True,True
0,1.39293,14.00073,0,0,1773523896029,True,True
0,1.39293,67.07973,0,0,1773523896372,True,True
0,1.39293,11.17987,0,0,1773523896942,True,True
0,1.39277,75.10961383,0,0,1773523904322,False,True
0,1.39282,104.81207,0,0,1773523910945,True,True
0,1.39284,6.98742,0,0,1773523919622,True,True
0,1.39282,56.44875,0,0,1773523952395,True,True
0,1.39288,109.006895,0,0,1773523959186,True,True
0,1.39289,1304.811415,0,0,1773523959186,True,True
0,1.3928,5.03372,0,0,1773523961562,False,True
0,1.39279,4.19805571,0,0,1773523979626,False,True
0,1.39287,70.55993,0,0,1773523983951,True,True
0,1.39287,35.8245,0,0,1773524008177,True,True
0,1.39309,35.917476,0,0,1773524021832,True,True
0,1.39309,1000.0,0,0,1773524022179,True,True
0,1.39301,10.72754,0,0,1773524048286,False,True
0,1.39322,70.54169,0,0,1773524071212,True,True
0,1.39322,6.98552,0,0,1773524073759,True,True
0,1.39322,67.88682,0,0,1773524074913,True,True
0,1.39322,5.02480098,0,0,1773524085480,True,True
0,1.39322,34.92758,0,0,1773524085972,True,True
0,1.39319,32.47856717,0,0,1773524088979,False,True
0,1.39328,6.54515,0,0,1773524110984,True,True
0,1.39357,35.35062,0,0,1773524133687,True,True
0,1.39357,69.84262,0,0,1773524135811,True,True
0,1.39365,25.4501,0,0,1773524150056,True,True
0,1.3934,229.74370114,0,0,1773524150056,False,True
0,1.39339,270.25629886,0,0,1773524150056,False,True
0,1.39365,4.31877,0,0,1773524173189,True,True
0,1.39365,70.51993,0,0,1773524191691,True,True
0,1.39356,147.46617,0,0,1773524197069,False,True
0,1.39358,67.94882,0,0,1773524199986,False,True
0,1.39359,2.23267605,0,0,1773524208887,True,True
0,1.39385,31.19307395,0,0,1773524208887,True,True
0,1.39372,2.22941696,0,0,1773524224122,True,True
0,1.39385,32.68258304,0,0,1773524224122,True,True
0,1.39385,21.15315,0,0,1773524237946,True,True
0,1.39376,16.55466304,0,0,1773524277898,False,True
0,1.39384,21.63213,0,0,1773524281395,False,True
0,1.39384,8.39081602,0,0,1773524297175,False,True
0,1.39385,35.32086,0,0,1773524301170,True,True
0,1.39385,177.790988,0,0,1773524321372,True,True
0,1.39436,34.89902,0,0,1773524335279,True,True
0,1.39455,50.35417,0,0,1773524350431,True,True
0,1.39455,438.55684145,0,0,1773524353440,True,True
0,1.39476,61.44315855,0,0,1773524353440,True,True
0,1.39471,33.65566895,0,0,1773524361489,True,True
0,1.39472,67.16098827,0,0,1773524361489,True,True
0,1.39446,40.0,0,0,1773524387545,False,True
0,1.3945,13.425861,0,0,1773524399446,True,True
0,1.3947,22.245789,0,0,1773524399446,True,True
0,1.3947,35.85000359,0,0,1773524400097,True,True
0,1.39437,14.33831,0,0,1773524406932,False,True
0,1.39432,613.69959454,0,0,1773524406932,False,True
0,1.39425,12.698978,0,0,1773524411664,False,True
0,1.39425,160.14687,0,0,1773524414173,False,True
0,1.39449,6.9799,0,0,1773524440279,True,True
0,1.39448,13.26039,0,0,1773524445761,True,True
0,1.39449,25.22681,0,0,1773524460918,False,True
0,1.3946,5.4698,0,0,1773524470198,False,True
0,1.3947,358.50003585,0,0,1773524475635,True,True
0,1.3947,0.99949809,0,0,1773524485398,True,True
0,1.39465,167.74469,0,0,1773524492770,True,True
0,1.3947,3.48908,0,0,1773524494510,True,True
0,1.3944,571.76234,0,0,1773524495405,False,True
0,1.3946,6.65268,0,0,1773524520615,True,True
0,1.39441,39.77889,0,0,1773524585410,True,True
0,1.39441,3.0,0,0,1773524588336,True,True
0,1.39445,10.46933,0,0,1773524600595,True,True
0,1.39448,5.70871,0,0,1773524630520,True,True
0,1.39448,13.95821,0,0,1773524637588,True,True
0,1.39448,510.4460834,0,0,1773524642325,True,True
0,1.3947,713.97673047,0,0,1773524642509,True,True
0,1.39478,2018.64882926,0,0,1773524650756,False,True
0,1.39478,29.46701,0,0,1773524652783,False,True
0,1.39478,396.96933685,0,0,1773524652832,False,True
0,1.39479,8.00458503,0,0,1773524659451,True,True
0,1.39479,63.03315365,0,0,1773524665587,True,True
0,1.395,7.42913635,0,0,1773524665587,True,True
0,1.39499,307.49786,0,0,1773524666030,False,True
0,1.395,17.44151,0,0,1773524688195,True,True
0,1.395,20.92981,0,0,1773524689517,True,True
0,1.395,4.19954365,0,0,1773524700862,True,True
0,1.3953,9.78625853,0,0,1773524700862,True,True
0,1.39504,92.7553,0,0,1773524704210,False,True
0,1.39523,100.56842,0,0,1773524719718,True,True
0,1.39493,1.08155786,0,0,1773524732553,False,True
0,1.39494,10000.0,0,0,1773524772083,False,True
0,1.39505,395.9,0,0,1773524819001,False,True
0,1.39504,9604.1,0,0,1773524819001,False,True
0,1.39536,2.23416285,0,0,1773524823648,True,True
0,1.39537,11.71515715,0,0,1773524823648,True,True
0,1.39538,2.23099066,0,0,1773524844330,True,True
0,1.39539,69.43357789,0,0,1773524844330,True,True
0,1.39511,8.67419188,0,0,1773524844831,False,True
0,1.3951,78.07969212,0,0,1773524844831,False,True
0,1.39538,2.23099066,0,0,1773524845076,True,True
0,1.39539,13.25902434,0,0,1773524845076,True,True
0,1.39536,2.2368185,0,0,1773524856720,True,True
0,1.39537,77.2730915,0,0,1773524856720,True,True
0,1.39525,2.23390579,0,0,1773524863724,True,True
0,1.39536,17.72815421,0,0,1773524863724,True,True
0,1.39529,35.48004,0,0,1773524918140,True,True
0,1.39529,6.97515,0,0,1773524918668,True,True
0,1.39529,9982.35311109,0,0,1773524920362,True,True
0,1.39529,9975.19169891,0,0,1773524920423,True,True
0,1.39538,167.66173,0,0,1773524927611,True,True
0,1.39538,732.33827,0,0,1773524942324,True,True
0,1.3955,61.13937656,0,0,1773524960022,True,True
0,1.3955,61.13937656,0,0,1773524960022,True,True
0,1.3955,17853.58652814,0,0,1773524968310,True,True
0,1.39602,100.0,0,0,1773524969386,True,True
0,1.39602,30.92809,0,0,1773524971820,True,True
0,1.39602,35.2001,0,0,1773524975406,True,True
0,1.39602,9.88559,0,0,1773524996032,True,True
0,1.39604,211.59574,0,0,1773525001293,True,True
0,1.39611,20.91317,0,0,1773525041322,True,True
0,1.39611,62.7395,0,0,1773525047306,True,True
0,1.39611,35.63562,0,0,1773525049995,True,True
0,1.39611,30.27014,0,0,1773525050425,True,True
0,1.39611,69.8397,0,0,1773525087387,True,True
0,1.3961,2.29521,0,0,1773525100714,False,True
0,1.3961,4.73338,0,0,1773525123731,True,True
0,1.3961,331.456933,0,0,1773525123820,True,True
0,1.39611,6043.33348539,0,0,1773525123820,True,True
0,1.39636,634.45348856,0,0,1773525123820,True,True
0,1.39652,7160.67439238,0,0,1773525123820,True,True
0,1.39655,300.0,0,0,1773525123820,True,True
0,1.39658,990.82473641,0,0,1773525123820,True,True
0,1.39658,25.0,0,0,1773525123820,True,True
0,1.39665,4514.25696426,0,0,1773525123820,True,True
0,1.39622,49.999999,0,0,1773525138145,False,True
0,1.39635,100.48434,0,0,1773525142541,True,True
0,1.39643,6.96951,0,0,1773525150697,True,True
0,1.39679,505.39720645,0,0,1773525157384,True,True
0,1.39696,300.0,0,0,1773525157384,True,True
0,1.39702,25.0,0,0,1773525157384,True,True
0,1.39744,1093.13767056,0,0,1773525157384,True,True
0,1.39757,2146.5215618,0,0,1773525157386,True,True
0,1.39667,1567.2760078,0,0,1773525157408,False,True
0,1.39666,78.3638004,0,0,1773525157409,False,True
0,1.39681,1.74185,0,0,1773525209380,True,True
0,1.39609,35.81430997,0,0,1773525221307,True,True
0,1.39608,358.145665,0,0,1773525224566,False,True
0,1.39601,7.16327247,0,0,1773525224566,False,True
0,1.39601,7.16327247,0,0,1773525224566,False,True
0,1.39601,7.16327247,0,0,1773525224566,False,True
0,1.39575,14.04835,0,0,1773525244774,True,True
0,1.39575,10.74691026,0,0,1773525249172,True,True
0,1.39562,14.18866,0,0,1773525264908,True,True
0,1.39575,141.8734,0,0,1773525275642,True,True
0,1.39575,62.58541613,0,0,1773525281263,True,True
0,1.39612,38.41458387,0,0,1773525281263,True,True
0,1.39608,1.4184,0,0,1773525300055,True,True
0,1.39582,158.50902,0,0,1773525320626,True,True
0,1.39563,695.0,0,0,1773525331446,True,True
0,1.39562,13.24519,0,0,1773525359725,True,True
0,1.39606,17.56107,0,0,1773525391787,True,True
0,1.39582,73.61423,0,0,1773525398315,False,True
0,1.39604,14.18439,0,0,1773525403122,True,True
0,1.39617,67.60115,0,0,1773525404673,True,True
0,1.39617,418.33773622,0,0,1773525419668,True,True
0,1.39645,1014.15257656,0,0,1773525419668,True,True
0,1.3962,5.86548364,0,0,1773525420470,False,True
0,1.39642,33.36901,0,0,1773525425550,True,True
0,1.39649,5.80250589,0,0,1773525429501,True,True
0,1.3965,29.04553411,0,0,1773525429501,True,True
0,1.3962,218.10400018,0,0,1773525434133,False,True
0,1.39616,3581.23086112,0,0,1773525434133,False,True
0,1.39614,461.0,0,0,1773525434133,False,True
0,1.39613,650.52518306,0,0,1773525434133,False,True
0,1.39612,5089.13995564,0,0,1773525434133,False,True
0,1.39622,122.84596983,0,0,1773525454770,True,True
0,1.39594,206.70729895,0,0,1773525467201,False,True
0,1.39591,50.91517105,0,0,1773525467201,False,True
0,1.39614,13.24453,0,0,1773525469341,True,True
0,1.39615,0.70567,0,0,1773525482035,True,True
0,1.39654,70.37752,0,0,1773525530487,True,True
0,1.39662,92.30547,0,0,1773525532604,True,True
0,1.39638,8.54656837,0,0,1773525540065,False,True
0,1.39626,71.61989887,0,0,1773525544285,True,True
0,1.39626,105.56099,0,0,1773525544829,True,True
0,1.39627,67.27102,0,0,1773525554657,True,True
0,1.39628,135.79867,0,0,1773525554657,True,True
0,1.39591,5.57764,0,0,1773525574770,True,True
0,1.3959,256.38656064,0,0,1773525575585,False,True
0,1.39547,65.0,0,0,1773525594175,False,True
0,1.39569,14.04956,0,0,1773525600924,True,True
0,1.39567,6.58189,0,0,1773525602029,True,True
0,1.39567,13.47855,0,0,1773525602730,True,True
0,1.39539,50.15512262,0,0,1773525603555,False,True
0,1.39567,2.38881841,0,0,1773525605586,True,True
0,1.39567,2.38881841,0,0,1773525606226,True,True
0,1.39567,2.38881841,0,0,1773525606870,True,True
0,1.39547,17.60787,0,0,1773525646618,True,True
0,1.39567,13.9492,0,0,1773525652743,True,True
0,1.39567,228.71857642,0,0,1773525652900,True,True
0,1.39567,953.492373,0,0,1773525652900,True,True
0,1.39566,128.24727647,0,0,1773525654980,True,True
0,1.39567,46.09279353,0,0,1773525654980,True,True
0,1.39566,3.5825,0,0,1773525657975,True,True
0,1.39566,7.02458,0,0,1773525659030,True,True
0,1.39537,5.75912228,0,0,1773525660291,False,True
0,1.39537,61.42692119,0,0,1773525661525,False,True
0,1.39556,2.09715096,0,0,1773525688270,True,True
0,1.39556,18.96717,0,0,1773525690417,True,True
0,1.39538,174.36756,0,0,1773525703306,True,True
0,1.39538,348.73512,0,0,1773525713365,True,True
0,1.39538,40.0,0,0,1773525713548,True,True
0,1.39538,27.89881,0,0,1773525716303,True,True
0,1.39538,351.29934,0,0,1773525716855,True,True
0,1.39538,17.56497,0,0,1773525727079,True,True
0,1.39569,7.02599,0,0,1773525739636,True,True
0,1.39569,35.12213,0,0,1773525757669,True,True
0,1.39569,117.85407725,0,0,1773525771786,True,True
0,1.39568,15.0,0,0,1773525788023,False,True
0,1.39569,677.4357,0,0,1773525797592,True,True
0,1.39568,7.07918,0,0,1773525805866,False,True
0,1.39569,8493.75048933,0,0,1773525806986,True,True
0,1.39617,34.85303,0,0,1773525817797,True,True
0,1.39579,101.47168,0,0,1773525833397,True,True
0,1.39565,7.12876,0,0,1773525842400,True,True
0,1.39567,70.87121483,0,0,1773525856135,True,True
0,1.39614,39.31941664,0,0,1773525913229,True,True
0,1.39614,69.70906,0,0,1773525913993,True,True
0,1.39602,0.86086,0,0,1773525928632,False,True
0,1.39612,16079.69442106,0,0,1773525932260,True,True
0,1.39613,3581.33506257,0,0,1773525932261,True,True
0,1.39619,7162.38218117,0,0,1773525932263,True,True
0,1.39653,70.3745,0,0,1773525943995,True,True
0,1.39645,71.93487046,0,0,1773525955022,False,True
0,1.39653,13.26555,0,0,1773525960045,True,True
0,1.39653,38.76383,0,0,1773525972083,False,True
0,1.39643,108.44593,0,0,1773525977884,False,True
0,1.39653,104.72804,0,0,1773525995767,True,True
0,1.39652,12.32439,0,0,1773526004674,False,True
0,1.39645,15.83296729,0,0,1773526023924,True,True
0,1.39645,1.78889271,0,0,1773526023924,True,True
0,1.39644,85.93280054,0,0,1773526030773,False,True
0,1.39587,33.62159,0,0,1773526050871,True,True
0,1.3957,14.04754,0,0,1773526065524,True,True
0,1.39538,30.02618,0,0,1773526072232,True,True
0,1.39537,7.36364,0,0,1773526077497,False,True
0,1.39539,7.1307,0,0,1773526084003,True,True
0,1.39539,6795.64872,0,0,1773526105539,True,True
0,1.39539,8.39051,0,0,1773526107043,True,True
0,1.39538,50.0,0,0,1773526148791,False,True
0,1.39539,10.05,0,0,1773526162771,True,True
0,1.39537,50.0,0,0,1773526177072,False,True
0,1.39537,89.26457368,0,0,1773526188143,False,True
0,1.39537,7.16655798,0,0,1773526188143,False,True
0,1.39537,14.33311594,0,0,1773526188143,False,True
0,1.39513,35.0819924,0,0,1773526188143,False,True
0,1.39509,623.17428766,0,0,1773526196841,False,True
0,1.395,1003.5842294,0,0,1773526196841,False,True
0,1.39498,3584.25586397,0,0,1773526196841,False,True
0,1.39494,353.1,0,0,1773526196841,False,True
0,1.39493,7775.0,0,0,1773526196841,False,True
0,1.39493,2000.0,0,0,1773526196841,False,True
0,1.39493,2745.57302836,0,0,1773526196841,False,True
0,1.39493,5017.2562273,0,0,1773526196841,False,True
0,1.39487,7169.10307876,0,0,1773526196841,False,True
0,1.39481,4121.69686969,0,0,1773526196841,False,True
0,1.39534,467.31845,0,0,1773526214717,True,True
0,1.39539,6.53525,0,0,1773526227357,True,True
0,1.39539,333.39536,0,0,1773526242841,True,True
0,1.39539,34.44929374,0,0,1773526281125,True,True
0,1.39537,79.34506,0,0,1773526289908,False,True
0,1.39534,174.36631,0,0,1773526305611,True,True
0,1.39538,5.0,0,0,1773526309121,True,True
0,1.39532,305.9464754,0,0,1773526309810,False,True
0,1.39537,13.9495,0,0,1773526316608,True,True
0,1.39536,2092.48567,0,0,1773526322011,True,True
0,1.39539,8.39913219,0,0,1773526337851,True,True
0,1.39539,7.06055,0,0,1773526346451,True,True
0,1.39538,25.08998,0,0,1773526349478,False,True
0,1.39539,648.0689324,0,0,1773526353703,True,True
0,1.39539,131.72323645,0,0,1773526353707,True,True
0,1.39539,263.44647291,0,0,1773526353708,True,True
0,1.39539,7362.12672009,0,0,1773526353713,True,True
0,1.39547,107.476495,0,0,1773526367902,False,True
0,1.39548,66.94515,0,0,1773526374095,True,True
0,1.39557,3582.75970112,0,0,1773526390928,False,True
0,1.39551,372.7,0,0,1773526390928,False,True
0,1.3955,656.04101949,0,0,1773526390928,False,True
0,1.39549,7165.91323061,0,0,1773526390928,False,True
0,1.39548,7163.97981625,0,0,1773526390928,False,True
0,1.39548,5018.0447144,0,0,1773526390928,False,True
0,1.39547,1892.523505,0,0,1773526390928,False,True
0,1.39546,1791.16454354,0,0,1773526390928,False,True
0,1.39542,383.82113121,0,0,1773526390928,False,True
0,1.39542,5370.18809856,0,0,1773526390928,False,True
0,1.39554,456.50305,0,0,1773526394547,False,True
0,1.39573,211.21901473,0,0,1773526416683,True,True
0,1.39573,137.42864527,0,0,1773526416683,True,True
0,1.39571,96.22676,0,0,1773526433497,True,True
0,1.3957,7.05883,0,0,1773526451851,True,True
0,1.39553,52.91637,0,0,1773526467178,True,True
0,1.39532,120.32205,0,0,1773526477083,False,True
0,1.39522,68.1251,0,0,1773526523124,True,True
0,1.3952,27.27755,0,0,1773526539621,True,True
0,1.3952,201.24324,0,0,1773526547770,True,True
0,1.39523,100.0,0,0,1773526558040,True,True
0,1.39523,61.72986,0,0,1773526560502,True,True
0,1.39524,70.57337,0,0,1773526562174,False,True
0,1.39559,4.30081897,0,0,1773526614577,True,True
0,1.3956,8.09130103,0,0,1773526614577,True,True
0,1.39543,4.29560117,0,0,1773526630054,True,True
0,1.39544,2.8705973,0,0,1773526630054,True,True
0,1.39542,4.29538786,0,0,1773526631958,True,True
0,1.39543,48.39728214,0,0,1773526631958,True,True
0,1.39537,337.5,0,0,1773526638208,False,True
0,1.3953,7.73375641,0,0,1773526638208,False,True
0,1.39529,22.97982359,0,0,1773526638208,False,True
0,1.39538,98.60553,0,0,1773526668954,True,True
0,1.39538,169.29859,0,0,1773526690222,True,True
0,1.39537,14.05197,0,0,1773526697145,True,True
0,1.39536,100.0,0,0,1773526726678,True,True
0,1.39536,28.38241,0,0,1773526729019,True,True
0,1.39564,11.87507166,0,0,1773526737408,True,True
0,1.39522,1342.45583,0,0,1773526769559,True,True
0,1.3952,6.25829,0,0,1773526790804,True,True
0,1.39517,24.41601,0,0,1773526796855,True,True
0,1.39553,1.1888,0,0,1773526841432,False,True
0,1.3957,7.09387,0,0,1773526887139,True,True
0,1.39569,14.11796,0,0,1773526889635,True,True
0,1.3955,50.672,0,0,1773526895981,True,True
0,1.3955,17.43276,0,0,1773526896216,True,True
0,1.39548,171.38857,0,0,1773526902614,True,True
0,1.39545,499.4729785,0,0,1773526911934,True,True
0,1.39547,206.0129215,0,0,1773526911934,True,True
0,1.39553,44.2207,0,0,1773526921422,True,True
0,1.39548,139.47406,0,0,1773526922969,True,True
0,1.39586,29.67416,0,0,1773526943446,True,True
0,1.39566,50.0,0,0,1773526949057,False,True
0,1.39595,10.11577,0,0,1773526979736,True,True
0,1.39593,1.74996,0,0,1773527005460,True,True
0,1.39575,0.9906601,0,0,1773527010308,False,True
0,1.39612,70.39517,0,0,1773527049999,True,True
0,1.39598,10.74691026,0,0,1773527056806,False,True
0,1.39611,41.68071,0,0,1773527061759,True,True
0,1.39611,9.79485,0,0,1773527064324,True,True
0,1.39611,7.02231,0,0,1773527068637,True,True
0,1.39611,224.04258,0,0,1773527073050,True,True
0,1.39613,649.36272317,0,0,1773527073050,True,True
0,1.39614,1500.0,0,0,1773527073050,True,True
0,1.39615,419.04021915,0,0,1773527073050,True,True
0,1.39615,10.57782,0,0,1773527073316,True,True
0,1.39597,10.51091,0,0,1773527074282,False,True
0,1.39615,49.993057,0,0,1773527076493,True,True
0,1.39597,33.24832,0,0,1773527077182,False,True
0,1.39614,589.12364217,0,0,1773527087356,False,True
0,1.39615,4.72062996,0,0,1773527089073,True,True
0,1.39654,22.20494004,0,0,1773527089073,True,True
0,1.39656,69.69109,0,0,1773527098813,True,True
0,1.39653,11.02025033,0,0,1773527124976,False,True
0,1.39669,14.03829,0,0,1773527136459,True,True
0,1.3967,35.09648,0,0,1773527141520,True,True
0,1.39654,16.51,0,0,1773527190408,True,True
0,1.39655,50.0832,0,0,1773527191115,True,True
0,1.39655,37.948324,0,0,1773527196156,True,True
0,1.39655,66.89817,0,0,1773527197149,True,True
0,1.39653,4.2839098,0,0,1773527214258,True,True
0,1.39653,209.20359528,0,0,1773527214258,True,True
0,1.39653,1180.22442492,0,0,1773527214258,True,True
0,1.39653,17.4224,0,0,1773527240180,True,True
0,1.39652,39.2374517,0,0,1773527244253,False,True
0,1.39652,55.8611082,0,0,1773527244987,False,True
0,1.39653,108.71576,0,0,1773527251632,True,True
0,1.39652,423.99554322,0,0,1773527254580,False,True
0,1.39652,196.97154577,0,0,1773527254660,False,True
0,1.39601,4.28587811,0,0,1773527257561,True,True
0,1.39601,31.16266189,0,0,1773527257561,True,True
0,1.396,1.65,0,0,1773527264799,False,True
0,1.39584,331.32954,0,0,1773527264799,False,True
0,1.39596,38.17824,0,0,1773527271239,True,True
0,1.39611,2085.49905199,0,0,1773527296241,True,True
0,1.39613,1708.54042216,0,0,1773527296241,True,True
0,1.39622,0.70218,0,0,1773527309034,True,True
0,1.39601,50.0,0,0,1773527342012,False,True
0,1.39601,16.98174107,0,0,1773527346706,False,True
0,1.39616,6.64486,0,0,1773527350717,True,True
0,1.3962,63.35383,0,0,1773527358503,True,True
0,1.39616,286.4453395,0,0,1773527376116,True,True
0,1.39617,746.19623907,0,0,1773527376116,True,True
0,1.39617,169.21492,0,0,1773527377676,True,True
0,1.396,181.87809,0,0,1773527380862,False,True
0,1.39618,4.12072,0,0,1773527386116,True,True
0,1.39588,17.75606,0,0,1773527407317,False,True
0,1.39604,6.40764,0,0,1773527411431,True,True
0,1.39575,66.91926,0,0,1773527435770,True,True
0,1.39574,0.71647,0,0,1773527439033,True,True
0,1.39556,1.54813157,0,0,1773527448740,False,True
0,1.39599,37.5,0,0,1773527500955,False,True
0,1.39623,29.988203,0,0,1773527507522,True,True
0,1.39599,3.51948,0,0,1773527514247,False,True
0,1.3962,70.2171,0,0,1773527523841,True,True
0,1.39618,76.97983,0,0,1773527526385,True,True
0,1.39618,337.5,0,0,1773527526385,True,True
0,1.39622,887.28925752,0,0,1773527526385,True,True
0,1.39644,13.24387,0,0,1773527542211,True,True
0,1.39651,13.7707571,0,0,1773527556108,True,True
0,1.39656,250.0,0,0,1773527567431,True,True
0,1.39647,20.24370278,0,0,1773527568570,False,True
0,1.39647,115.78198064,0,0,1773527592136,False,True
0,1.39648,1798.56115,0,0,1773527608576,False,True
0,1.39677,69.67612,0,0,1773527629800,True,True
0,1.39678,3.50799696,0,0,1773527640256,True,True
0,1.39678,13.93542,0,0,1773527647840,True,True
0,1.39678,49.13261,0,0,1773527662481,True,True
0,1.3966,58.85722,0,0,1773527666415,False,True
0,1.39676,34.83856,0,0,1773527671911,True,True
0,1.39655,7.12376,0,0,1773527675464,True,True
0,1.39636,30.98779,0,0,1773527676781,False,True
0,1.39654,35.27366,0,0,1773527683465,True,True
0,1.39676,34.83681,0,0,1773527702480,True,True
0,1.39676,34.83856,0,0,1773527714765,True,True
0,1.39681,402.03380594,0,0,1773527725336,True,True
0,1.39682,629.12689406,0,0,1773527725336,True,True
0,1.39682,5.776e-05,0,0,1773527725338,True,True
0,1.39687,9199.9101,0,0,1773527725338,True,True
0,1.39687,442.4566,0,0,1773527725338,True,True
0,1.39687,1442.9899,0,0,1773527725339,True,True
0,1.39687,1557.5434,0,0,1773527725339,True,True
0,1.39699,518.87626797,0,0,1773527725341,True,True
0,1.39699,2230.27371608,0,0,1773527725341,True,True
0,1.39699,514.34210874,0,0,1773527725342,True,True
0,1.39699,225.08923302,0,0,1773527725342,True,True
0,1.39698,152.12390366,0,0,1773527725344,True,True
0,1.39698,221.37772352,0,0,1773527725345,True,True
0,1.39698,35.4114061,0,0,1773527725346,True,True
0,1.39698,136.89584091,0,0,1773527725347,True,True
0,1.39697,316.4721053,0,0,1773527725360,False,True
0,1.39698,3819.55737571,0,0,1773527725362,True,True
0,1.39699,1993.0314292,0,0,1773527725362,True,True
0,1.39706,58.32392068,0,0,1773527725362,True,True
0,1.39729,203.32214501,0,0,1773527729073,True,True
0,1.39723,10.32926,0,0,1773527745625,False,True
0,1.3974,3.57142857,0,0,1773527764375,True,True
0,1.39739,207.89471801,0,0,1773527765647,True,True
0,1.39726,109.23398,0,0,1773527779931,False,True
0,1.39738,3.49079355,0,0,1773527780505,True,True
0,1.3971,50.09382,0,0,1773527788013,False,True
0,1.39713,7.08666,0,0,1773527804228,True,True
0,1.39709,3.52360494,0,0,1773527818764,True,True
0,1.39714,20.03658506,0,0,1773527818764,True,True
0,1.39709,2.75286488,0,0,1773527821194,True,True
0,1.3971,3.48566094,0,0,1773527864197,True,True
0,1.39727,199.62003906,0,0,1773527864197,True,True
0,1.39757,2.53863,0,0,1773527870010,True,True
0,1.3979,3.25416,0,0,1773527888434,True,True
0,1.39785,7.04797,0,0,1773527893888,True,True
0,1.39778,335.50839,0,0,1773527950642,True,True
0,1.39778,882.20438415,0,0,1773527969423,True,True
0,1.39778,7.04847,0,0,1773527985604,True,True
0,1.39778,16.0238,0,0,1773528002725,True,True
0,1.39758,186.90789012,0,0,1773528006116,False,True
0,1.39745,9.05336,0,0,1773528035358,True,True
0,1.39747,337.5,0,0,1773528048154,True,True
0,1.39758,124.5,0,0,1773528048154,True,True
0,1.39756,227.12361244,0,0,1773528048390,True,True
0,1.39756,337.5,0,0,1773528048390,True,True
0,1.39758,2477.37638756,0,0,1773528048390,True,True
0,1.39739,10.52269,0,0,1773528104445,True,True
0,1.39736,1.86874826,0,0,1773528120075,False,True
0,1.39759,7.96342274,0,0,1773528122106,True,True
0,1.39754,10.0,0,0,1773528147075,True,True
0,1.39754,158.5242,0,0,1773528148835,True,True
0,1.39774,2.75168313,0,0,1773528165196,True,True
0,1.39777,697.35613343,0,0,1773528173308,True,True
0,1.39778,17.88550415,0,0,1773528173308,True,True
0,1.39784,715.57296786,0,0,1773528173308,True,True
0,1.39763,7.17203,0,0,1773528187649,False,True
0,1.39783,1469.14825144,0,0,1773528198572,True,True
0,1.39802,242.16479852,0,0,1773528224221,False,True
0,1.39803,3.60631384,0,0,1773528226757,True,True
0,1.39832,1402.16288616,0,0,1773528226757,True,True
0,1.39832,214.00815,0,0,1773528243918,True,True
0,1.39832,1.28868928,0,0,1773528247950,True,True
0,1.39805,7.34958,0,0,1773528272475,False,True
0,1.39803,10.0,0,0,1773528273063,False,True
0,1.39828,14.16157,0,0,1773528308002,True,True
0,1.39804,15.96656,0,0,1773528311559,True,True
0,1.39792,7.50804433,0,0,1773528344552,True,True
0,1.39792,17.40507,0,0,1773528356014,True,True
0,1.39791,4.40657839,0,0,1773528358143,False,True
0,1.39718,88.39285524,0,0,1773528359141,True,True
0,1.3966,4.88328,0,0,1773528363472,False,True
0,1.39703,682.81107669,0,0,1773528381195,True,True
0,1.39704,999.68103331,0,0,1773528381195,True,True
0,1.39773,250.0,0,0,1773528401028,True,True
0,1.39738,0.79197,0,0,1773528414197,False,True
0,1.39739,3.38429382,0,0,1773528418894,True,True
0,1.39762,8.0774769,0,0,1773528418894,True,True
0,1.39739,3.38439739,0,0,1773528419256,True,True
0,1.39762,649.62627676,0,0,1773528419256,True,True
0,1.39743,3.37986353,0,0,1773528422578,True,True
0,1.39763,66.25687647,0,0,1773528422578,True,True
0,1.39752,3.37089205,0,0,1773528432456,True,True
0,1.39753,337.5,0,0,1773528432456,True,True
0,1.39758,1054.41450795,0,0,1773528432456,True,True
0,1.39733,4.74466089,0,0,1773528434940,False,True
0,1.39732,11.96306811,0,0,1773528434940,False,True
0,1.39739,3.37278828,0,0,1773528446716,True,True
0,1.39757,10.79661172,0,0,1773528446716,True,True
0,1.39768,22.55821,0,0,1773528473900,True,True
0,1.39722,7.04796,0,0,1773528482003,False,True
0,1.39739,4.18895226,0,0,1773528499038,True,True
0,1.39739,150.0,0,0,1773528500313,True,True
0,1.39739,10.73429751,0,0,1773528502504,True,True
0,1.39738,7.42564,0,0,1773528507105,True,True
0,1.39722,7.35389,0,0,1773528534061,False,True
0,1.39713,72.58911,0,0,1773528568892,True,True
0,1.39705,110.31306,0,0,1773528581252,False,True
0,1.39713,100.0,0,0,1773528603847,True,True
0,1.39715,27.27063,0,0,1773528611850,True,True
0,1.39736,7.01689,0,0,1773528633663,True,True
0,1.39714,337.5,0,0,1773528653572,False,True
0,1.39709,660.15010733,0,0,1773528653572,False,True
0,1.39707,94.77201267,0,0,1773528653572,False,True
0,1.39732,69.65019,0,0,1773528663028,True,True
0,1.39731,106.5912,0,0,1773528670135,True,True
0,1.39713,50.0,0,0,1773528671191,False,True
0,1.39732,70.33471,0,0,1773528672141,True,True
0,1.39728,10.52465,0,0,1773528683033,True,True
0,1.39726,17.71501,0,0,1773528683746,True,True
0,1.39713,66.87327,0,0,1773528719629,True,True
0,1.39713,50.09795,0,0,1773528732813,True,True
0,1.39713,66.99716,0,0,1773528753785,True,True
0,1.39713,14.06886,0,0,1773528756576,True,True
0,1.39712,313.46847,0,0,1773528761828,True,True
0,1.39713,35.08593,0,0,1773528764213,True,True
0,1.39726,28.331133,0,0,1773528769647,True,True
0,1.39726,42.17873,0,0,1773528769815,True,True
0,1.39712,166.08135509,0,0,1773528794431,False,True
0,1.39724,14.73483,0,0,1773528804268,True,True
0,1.39713,14.06765,0,0,1773528807321,True,True
0,1.39725,11.14467,0,0,1773528843757,True,True
0,1.39729,2.71444,0,0,1773528862478,True,True
0,1.39725,734.30138,0,0,1773528864091,True,True
0,1.39725,98.21098,0,0,1773528881755,True,True
0,1.39725,10.52488,0,0,1773528892033,True,True
0,1.39721,14.1024,0,0,1773528901793,True,True
0,1.39715,194.25854146,0,0,1773528928976,True,True
0,1.39715,154.02729854,0,0,1773528928976,True,True
0,1.39715,6.96587,0,0,1773528935980,True,True
0,1.39714,3.29244027,0,0,1773528947516,False,True
0,1.39703,470.12232973,0,0,1773528947516,False,True
0,1.39734,1.39296,0,0,1773528968280,True,True
0,1.39713,29.11536,0,0,1773528975852,False,True
0,1.39731,21.10132,0,0,1773528986148,True,True
0,1.3973,11.14443,0,0,1773528997563,True,True
0,1.39707,337.5,0,0,1773529004457,False,True
0,1.39706,3578.93068437,0,0,1773529004457,False,True
0,1.39703,603.36213373,0,0,1773529004457,False,True
0,1.39703,100.0,0,0,1773529004457,False,True
0,1.39698,445.7,0,0,1773529004457,False,True
0,1.39697,3169.9067693,0,0,1773529004457,False,True
0,1.3973,2.79281471,0,0,1773529004637,True,True
0,1.39714,3.50230215,0,0,1773529008186,True,True
0,1.39715,6.24554185,0,0,1773529008186,True,True
0,1.39714,3.49777144,0,0,1773529032351,True,True
0,1.39718,66.15949856,0,0,1773529032351,True,True
0,1.39714,3.49777144,0,0,1773529043565,True,True
0,1.39714,3.58883856,0,0,1773529043565,True,True
0,1.39714,69.65916,0,0,1773529057128,True,True
0,1.39714,175.85943,0,0,1773529072226,True,True
0,1.39714,69.65916,0,0,1773529074472,True,True
0,1.39713,5.75965225,0,0,1773529080437,False,True
0,1.39722,14.10159,0,0,1773529097122,True,True
0,1.39716,291.87324,0,0,1773529130931,True,True
0,1.39718,6.96582,0,0,1773529152482,True,True
0,1.39714,46.2362,0,0,1773529190353,True,True
0,1.39715,6.96592,0,0,1773529199704,True,True
0,1.39714,3.09676,0,0,1773529200091,True,True
0,1.3974,650.61483,0,0,1773529202694,True,True
0,1.3974,460.13007,0,0,1773529212320,True,True
0,1.3974,4588.24367998,0,0,1773529217417,True,True
0,1.39797,42.19841,0,0,1773529219730,True,True
0,1.3979,337.5,0,0,1773529224578,True,True
0,1.39791,3576.76817534,0,0,1773529224578,True,True
0,1.39795,638.52105906,0,0,1773529224578,True,True
0,1.39799,3651.62714719,0,0,1773529224578,True,True
0,1.39799,6.34890092,0,0,1773529227977,True,True
0,1.39793,7.08266,0,0,1773529229490,True,True
0,1.39772,43.28889,0,0,1773529231902,False,True
0,1.39799,14.16542,0,0,1773529242685,True,True
0,1.39799,14.16522,0,0,1773529244083,True,True
0,1.39763,4.54090142,0,0,1773529260320,False,True
0,1.39798,14.16643,0,0,1773529266982,True,True
0,1.3979,236.04280553,0,0,1773529270103,False,True
0,1.3979,337.5,0,0,1773529270103,False,True
0,1.39782,607.63896474,0,0,1773529270103,False,True
0,1.39775,120.58731725,0,0,1773529270103,False,True
0,1.39785,121.63715317,0,0,1773529272794,False,True
0,1.39829,14.23416,0,0,1773529278876,True,True
0,1.39807,33.07711,0,0,1773529280199,False,True
0,1.39826,110.0,0,0,1773529290402,False,True
0,1.39855,34.80567,0,0,1773529291608,True,True
0,1.39855,11.488228,0,0,1773529295942,True,True
0,1.39854,348.021,0,0,1773529299377,True,True
0,1.39854,167.32356,0,0,1773529299731,True,True
0,1.39871,235.9553937,0,0,1773529310634,True,True
0,1.39871,914.0446063,0,0,1773529310634,True,True
0,1.39907,14.07563,0,0,1773529326259,True,True
0,1.39938,337.5,0,0,1773529343634,True,True
0,1.39946,1056.0496,0,0,1773529343634,True,True
0,1.39981,356.19111,0,0,1773529349676,True,True
0,1.39972,337.5,0,0,1773529350106,False,True
0,1.39964,337.5,0,0,1773529350106,False,True
0,1.39951,14425.1,0,0,1773529350106,False,True
0,1.3995,2763.80562141,0,0,1773529350106,False,True
0,1.39983,27.36928399,0,0,1773529350639,True,True
0,1.39983,310.13071601,0,0,1773529350639,True,True
0,1.39984,2067.44970835,0,0,1773529350639,True,True
0,1.39987,34.76215,0,0,1773529360740,True,True
0,1.4,1.65,0,0,1773529366615,True,True
0,1.4,11845.96369769,0,0,1773529366615,True,True
0,1.4,2783.18684906,0,0,1773529366652,True,True
0,1.4,21.42857142,0,0,1773529366652,True,True
0,1.4,100.0,0,0,1773529366652,True,True
0,1.40025,83.63028628,0,0,1773529370971,True,True
0,1.4003,269.6398,0,0,1773529371497,True,True
0,1.4003,3.35e-05,0,0,1773529371642,True,True
0,1.40044,1.7,0,0,1773529372605,True,True
0,1.40081,50.0,0,0,1773529373178,False,True
0,1.40081,1.01691,0,0,1773529373179,False,True
0,1.40082,987.83079379,0,0,1773529373464,True,True
0,1.40127,228.71925503,0,0,1773529373631,True,True
0,1.40127,131.70007193,0,0,1773529373631,True,True
0,1.40127,86.21286,0,0,1773529373632,True,True
0,1.40131,17.52545119,0,0,1773529381129,False,True
0,1.40088,70.20659,0,0,1773529386416,False,True
0,1.40088,500.82838512,0,0,1773529386450,False,True
0,1.40119,35.3372,0,0,1773529417937,True,True
0,1.40127,12.14001,0,0,1773529430115,True,True
0,1.40127,694.70709,0,0,1773529435700,True,True
0,1.40125,337.5,0,0,1773529440667,True,True
0,1.40126,360.38993477,0,0,1773529446537,True,True
0,1.40135,12.98237741,0,0,1773529451253,False,True
0,1.40126,668.68389878,0,0,1773529453889,True,True
0,1.4016,56.94061906,0,0,1773529483816,False,True
0,1.40175,343.2780453,0,0,1773529504437,True,True
0,1.40179,2.32368,0,0,1773529512355,True,True
0,1.40158,330.9621998,0,0,1773529521711,False,True
0,1.40126,35.05596,0,0,1773529522442,True,True
0,1.40126,17.36346,0,0,1773529545318,True,True
0,1.40126,8.14484261,0,0,1773529552343,True,True
0,1.402,10012.12105438,0,0,1773529569571,True,True
0,1.402,7819.54798984,0,0,1773529569645,True,True
0,1.4026,10.77268907,0,0,1773529571268,True,True
0,1.40318,15.88023093,0,0,1773529571268,True,True
0,1.40248,259.37995,0,0,1773529574965,False,True
0,1.40249,138.86608,0,0,1773529575367,True,True
0,1.40214,20.72546251,0,0,1773529581908,True,True
0,1.40269,7.00684,0,0,1773529602535,True,True
0,1.40269,27.68967155,0,0,1773529602535,True,True
0,1.40269,2.8093277,0,0,1773529602535,True,True
0,1.40269,7.80244,0,0,1773529602535,True,True
0,1.40269,100.0,0,0,1773529602535,True,True
0,1.40269,70.0684,0,0,1773529602535,True,True
0,1.40269,7.01982,0,0,1773529602535,True,True
0,1.40269,7.00684,0,0,1773529602535,True,True
0,1.40269,7.05836,0,0,1773529602535,True,True
0,1.40269,63.90888275,0,0,1773529602535,True,True
0,1.4027,5276.58516971,0,0,1773529602535,True,True
0,1.40269,4.67621782,0,0,1773529610866,True,True
0,1.40293,16.34806218,0,0,1773529610866,True,True
0,1.40293,4.66104936,0,0,1773529612595,True,True
0,1.4039,214.22466,0,0,1773529613733,False,True
0,1.40415,83.98884,0,0,1773529614002,True,True
0,1.40394,250.59389,0,0,1773529614252,False,True
0,1.40402,40.43273737,0,0,1773529615728,True,True
0,1.404,2.17228218,0,0,1773529623742,True,True
0,1.40428,45.2305141,0,0,1773529623762,True,True
0,1.40429,14214.47249561,0,0,1773529623762,True,True
0,1.40442,300.0,0,0,1773529623762,True,True
0,1.40442,2.17092353,0,0,1773529627145,True,True
0,1.40451,9.82907647,0,0,1773529627145,True,True
0,1.40442,2.1697465,0,0,1773529627776,True,True
0,1.40451,5.00947828,0,0,1773529627776,True,True
0,1.40457,337.5,0,0,1773529627776,True,True
0,1.40459,3559.76731672,0,0,1773529627776,True,True
0,1.40462,5823.37360238,0,0,1773529627776,True,True
0,1.40443,2.16976484,0,0,1773529632908,True,True
0,1.40458,14.44873516,0,0,1773529632908,True,True
0,1.40443,2.16976484,0,0,1773529633112,True,True
0,1.40458,92.84288618,0,0,1773529633112,True,True
0,1.40443,2.1670006,0,0,1773529634940,True,True
0,1.40479,2.16449089,0,0,1773529636323,True,True
0,1.4048,8.69881344,0,0,1773529636323,True,True
0,1.40464,337.5,0,0,1773529645752,True,True
0,1.40465,337.5,0,0,1773529645752,True,True
0,1.40471,2.16324313,0,0,1773529645752,True,True
0,1.40472,322.83675687,0,0,1773529645752,True,True
0,1.40456,663.70162498,0,0,1773529646634,False,True
0,1.40442,25.93241338,0,0,1773529646634,False,True
0,1.40442,3.19005347,0,0,1773529646634,False,True
0,1.40441,2000.0,0,0,1773529646634,False,True
0,1.40433,7120.81267201,0,0,1773529646634,False,True
0,1.4043,402.1,0,0,1773529646634,False,True
0,1.40428,7119.2959136,0,0,1773529646634,False,True
0,1.40427,337.5,0,0,1773529646634,False,True
0,1.40422,7242.04591025,0,0,1773529646634,False,True
0,1.40485,2.16392727,0,0,1773529650269,True,True
0,1.40485,45.65513343,0,0,1773529650269,True,True
0,1.4042,2.16264667,0,0,1773529661198,True,True
0,1.40421,11.69323333,0,0,1773529661198,True,True
0,1.40381,2.1612203,0,0,1773529664147,True,True
0,1.40382,337.5,0,0,1773529664147,True,True
0,1.40383,337.5,0,0,1773529664147,True,True
0,1.40386,337.5,0,0,1773529664147,True,True
0,1.40387,337.5,0,0,1773529664147,True,True
0,1.40388,337.5,0,0,1773529664147,True,True
0,1.40394,1200.0,0,0,1773529664147,True,True
0,1.40395,1200.0,0,0,1773529664147,True,True
0,1.40396,531.2103697,0,0,1773529664147,True,True
0,1.40398,162.913543,0,0,1773529666281,True,True
0,1.404,296.71378619,0,0,1773529666281,True,True
0,1.4045,3559.98576005,0,0,1773529678887,True,True
0,1.4045,337.5,0,0,1773529678887,True,True
0,1.40451,402.51423995,0,0,1773529678887,True,True
0,1.40473,98.53339028,0,0,1773529688700,True,True
0,1.40464,17.8063,0,0,1773529697215,True,True
0,1.40457,231.62388518,0,0,1773529700963,True,True
0,1.40468,7119.06091114,0,0,1773529700963,True,True
0,1.40471,9152.94509691,0,0,1773529700963,True,True
0,1.40498,3.60631384,0,0,1773529729364,True,True
0,1.405,29.94485616,0,0,1773529729364,True,True
0,1.40481,2420.48222858,0,0,1773529735040,False,True
0,1.40481,944.43316234,0,0,1773529735052,False,True
0,1.40447,56.27758007,0,0,1773529736021,True,True
0,1.40495,10.39501,0,0,1773529743003,True,True
0,1.40494,8.24507,0,0,1773529744802,True,True
0,1.40465,1000.57021712,0,0,1773529764789,True,True
0,1.405,70.05514384,0,0,1773529764883,True,True
0,1.405,50.36371785,0,0,1773529764883,True,True
0,1.405,260.98346729,0,0,1773529764892,True,True
0,1.405,154.1821136,0,0,1773529764892,True,True
0,1.405,339.54184672,0,0,1773529764893,True,True
0,1.405,229.12889143,0,0,1773529764982,True,True
0,1.405,248.23364949,0,0,1773529764993,True,True
0,1.405,188.18264346,0,0,1773529765075,True,True
0,1.405,1567.42561311,0,0,1773529765092,True,True
0,1.405,56.13956851,0,0,1773529765098,True,True
0,1.405,51.71968909,0,0,1773529765098,True,True
0,1.405,130.060369,0,0,1773529765099,True,True
0,1.405,214.32470601,0,0,1773529765099,True,True
0,1.405,853.8952359,0,0,1773529765120,True,True
0,1.40506,984.84082894,0,0,1773529765120,True,True
0,1.40508,7.79610207,0,0,1773529765120,True,True
0,1.40517,268.70679028,0,0,1773529765240,True,True
0,1.40583,218.1696018,0,0,1773529765887,True,True
0,1.40584,83.29748969,0,0,1773529765887,True,True
0,1.40584,48.07676851,0,0,1773529765887,True,True
0,1.40576,195.39572527,0,0,1773529766689,True,True
0,1.40577,54.60427473,0,0,1773529766689,True,True
0,1.40567,74.72666614,0,0,1773529771855,True,True
0,1.40575,74.73091889,0,0,1773529777275,True,True
0,1.40561,59.41192792,0,0,1773529787084,True,True
0,1.40548,216.98382956,0,0,1773529793282,True,True
0,1.40548,88.96264584,0,0,1773529793282,True,True
0,1.40548,248.53735416,0,0,1773529793282,True,True
0,1.40549,3557.47943858,0,0,1773529793282,True,True
0,1.40558,7114.50077548,0,0,1773529793282,True,True
0,1.40561,724.30914548,0,0,1773529793282,True,True
0,1.40568,9405.2,0,0,1773529793282,True,True
0,1.40574,337.5,0,0,1773529793282,True,True
0,1.40589,445.9,0,0,1773529793282,True,True
0,1.40589,300.0,0,0,1773529793282,True,True
0,1.40589,2163.52393867,0,0,1773529793282,True,True
0,1.40552,33.14773,0,0,1773529793579,True,True
0,1.40521,17.47498774,0,0,1773529796381,False,True
0,1.40483,10.0,0,0,1773529833057,True,True
0,1.40518,41.55991,0,0,1773529857784,True,True
0,1.40526,101.56363,0,0,1773529869171,True,True
0,1.40515,78.48164,0,0,1773529875556,True,True
0,1.40529,17.48333,0,0,1773529899069,True,True
0,1.40527,5.46172869,0,0,1773529908516,True,True
0,1.40507,103.84217,0,0,1773529915527,True,True
0,1.40507,0.69266,0,0,1773529916587,True,True
0,1.40506,1120.93433732,0,0,1773529918602,False,True
0,1.40471,1904.8140686,0,0,1773529918717,False,True
0,1.40471,95.1859314,0,0,1773529918765,False,True
0,1.40394,337.5,0,0,1773529927745,False,True
0,1.40394,14569.47925915,0,0,1773529927745,False,True
0,1.40394,3.57164915,0,0,1773529947293,False,True
0,1.40394,17.48333,0,0,1773529949709,False,True
0,1.40395,69.32127,0,0,1773529950045,True,True
0,1.40394,316.44502085,0,0,1773529951924,False,True
0,1.40394,3561.40575808,0,0,1773529951924,False,True
0,1.40394,1000.0,0,0,1773529951924,False,True
0,1.40387,6901.6,0,0,1773529951967,False,True
0,1.40387,221.53204427,0,0,1773529952055,False,True
0,1.40325,1.75099,0,0,1773529954580,True,True
0,1.40317,536.71724727,0,0,1773529973976,True,True
0,1.40317,6.57868,0,0,1773529974543,True,True
0,1.40268,18.34043225,0,0,1773530006982,False,True
0,1.40295,1500.0,0,0,1773530012058,True,True
0,1.40299,7127.68220834,0,0,1773530012058,True,True
0,1.40301,708.03716487,0,0,1773530012058,True,True
0,1.40288,13.87414,0,0,1773530015087,True,True
0,1.40258,3564.85947931,0,0,1773530022293,True,True
0,1.4028,14.01449,0,0,1773530032784,True,True
0,1.40275,1402.84342258,0,0,1773530061284,True,True
0,1.40275,97.15657742,0,0,1773530061285,True,True
0,1.40312,13.34113,0,0,1773530064680,True,True
0,1.40312,6.83215,0,0,1773530094852,True,True
0,1.40311,1.9,0,0,1773530095035,False,True
0,1.4027,2.75633,0,0,1773530127562,True,True
0,1.4027,0.71459,0,0,1773530128435,True,True
0,1.4027,14.0475,0,0,1773530131756,True,True
0,1.40269,20.0,0,0,1773530134150,False,True
0,1.40269,15.490015,0,0,1773530134501,False,True
0,1.4027,17.81883236,0,0,1773530140246,True,True
0,1.40269,14612.50413894,0,0,1773530144764,False,True
0,1.40269,12688.211134,0,0,1773530145136,False,True
0,1.40269,5007.49140625,0,0,1773530148043,False,True
0,1.40269,469.38461914,0,0,1773530150174,False,True
0,1.40269,469.38461914,0,0,1773530150175,False,True
0,1.40269,469.38461914,0,0,1773530150177,False,True
0,1.40269,469.38461914,0,0,1773530150178,False,True
0,1.40269,469.38461914,0,0,1773530150179,False,True
0,1.40269,469.38461914,0,0,1773530150180,False,True
0,1.40269,469.38461914,0,0,1773530150381,False,True
0,1.40269,469.38461914,0,0,1773530150384,False,True
0,1.40269,469.38461914,0,0,1773530150652,False,True
0,1.40269,469.38461914,0,0,1773530150687,False,True
0,1.40269,469.38461914,0,0,1773530150695,False,True
0,1.40269,469.38461914,0,0,1773530150697,False,True
0,1.40269,469.38461914,0,0,1773530150699,False,True
0,1.40269,469.38461914,0,0,1773530150700,False,True
0,1.40269,469.38461914,0,0,1773530150723,False,True
0,1.40269,469.38461914,0,0,1773530150726,False,True
0,1.40269,469.38461914,0,0,1773530150787,False,True
0,1.40269,469.38461914,0,0,1773530150788,False,True
0,1.40269,469.38461914,0,0,1773530150790,False,True
0,1.40269,11781.19480884,0,0,1773530150915,False,True
0,1.40269,195.50773971,0,0,1773530150998,False,True
0,1.40269,195.50773971,0,0,1773530151000,False,True
0,1.40269,195.50773971,0,0,1773530151007,False,True
0,1.40269,195.50773971,0,0,1773530151009,False,True
0,1.40269,130.26678292,0,0,1773530151013,False,True
0,1.40269,12688.211134,0,0,1773530151690,False,True
0,1.40269,2138.7781873,0,0,1773530151795,False,True
0,1.40269,2138.7781873,0,0,1773530151804,False,True
0,1.40269,2138.7781873,0,0,1773530151806,False,True
0,1.40269,11771.14776957,0,0,1773530151841,False,True
0,1.40269,12688.211134,0,0,1773530152616,False,True
0,1.40269,791.24771416,0,0,1773530152850,False,True
0,1.40269,489.621875,0,0,1773530153179,False,True
0,1.40269,12688.211134,0,0,1773530153651,False,True
0,1.40269,489.621875,0,0,1773530153653,False,True
0,1.40269,489.621875,0,0,1773530153796,False,True
0,1.40269,489.621875,0,0,1773530153798,False,True
0,1.40269,489.621875,0,0,1773530153800,False,True
0,1.40269,489.621875,0,0,1773530153801,False,True
0,1.40269,489.621875,0,0,1773530153803,False,True
0,1.40269,351.46638183,0,0,1773530153983,False,True
0,1.40269,351.46638183,0,0,1773530154175,False,True
0,1.40269,351.46638183,0,0,1773530154176,False,True
0,1.40269,351.46638183,0,0,1773530154177,False,True
0,1.40269,351.46638183,0,0,1773530154179,False,True
0,1.40269,351.46638183,0,0,1773530154181,False,True
0,1.40269,351.46638183,0,0,1773530154183,False,True
0,1.40269,12688.211134,0,0,1773530154651,False,True
0,1.40269,94.17767944,0,0,1773530155171,False,True
0,1.40269,94.17767944,0,0,1773530155672,False,True
0,1.40269,94.17767944,0,0,1773530155674,False,True
0,1.40269,94.17767944,0,0,1773530155676,False,True
0,1.40269,67.42302246,0,0,1773530156138,False,True
0,1.40269,12688.211134,0,0,1773530156755,False,True
0,1.40269,67.42302246,0,0,1773530158184,False,True
0,1.40269,67.42302246,0,0,1773530158186,False,True
0,1.40269,67.42302246,0,0,1773530158188,False,True
0,1.40269,67.42302246,0,0,1773530158189,False,True
0,1.40269,67.42302246,0,0,1773530158191,False,True
0,1.40269,67.42302246,0,0,1773530158193,False,True
0,1.40269,67.42302246,0,0,1773530158195,False,True
0,1.40269,67.42302246,0,0,1773530158196,False,True
0,1.40269,13.4846054,0,0,1773530158198,False,True
0,1.40269,13.4846054,0,0,1773530158200,False,True
0,1.40269,13.4846054,0,0,1773530158202,False,True
0,1.40269,13.4846054,0,0,1773530158205,False,True
0,1.40269,13.4846054,0,0,1773530158206,False,True
0,1.40269,13.4846054,0,0,1773530158208,False,True
0,1.40269,13.4846054,0,0,1773530158210,False,True
0,1.40269,13.4846054,0,0,1773530158214,False,True
0,1.40269,13.4846054,0,0,1773530158216,False,True
0,1.40269,13.4846054,0,0,1773530158218,False,True
0,1.40269,13.4846054,0,0,1773530158219,False,True
0,1.40269,13.4846054,0,0,1773530158468,False,True
0,1.40269,13.4846054,0,0,1773530158469,False,True
0,1.40269,13.4846054,0,0,1773530158470,False,True
0,1.40269,13.4846054,0,0,1773530158472,False,True
0,1.40269,13.4846054,0,0,1773530158473,False,True
0,1.40269,13.4846054,0,0,1773530158478,False,True
0,1.40269,13.4846054,0,0,1773530158483,False,True
0,1.40269,13.4846054,0,0,1773530158485,False,True
0,1.40269,13.4846054,0,0,1773530158487,False,True
0,1.40269,13.4846054,0,0,1773530158489,False,True
0,1.40269,13.4846054,0,0,1773530158492,False,True
0,1.40269,13.4846054,0,0,1773530158494,False,True
0,1.40269,13.4846054,0,0,1773530158496,False,True
0,1.40269,13.4846054,0,0,1773530158497,False,True
0,1.40269,13.4846054,0,0,1773530158499,False,True
0,1.40269,13.4846054,0,0,1773530158501,False,True
0,1.40269,13.4846054,0,0,1773530158503,False,True
0,1.40269,13.4846054,0,0,1773530158505,False,True
0,1.40269,13.4846054,0,0,1773530158507,False,True
0,1.40269,13.4846054,0,0,1773530158509,False,True
0,1.40269,13.4846054,0,0,1773530158511,False,True
0,1.40269,13.4846054,0,0,1773530158512,False,True
0,1.40269,13.4846054,0,0,1773530158514,False,True
0,1.40269,13.4846054,0,0,1773530158516,False,True
0,1.40269,13.4846054,0,0,1773530158518,False,True
0,1.40269,13.4846054,0,0,1773530158520,False,True
0,1.40269,13.4846054,0,0,1773530158523,False,True
0,1.40269,13.4846054,0,0,1773530158525,False,True
0,1.40269,13.4846054,0,0,1773530158527,False,True
0,1.40269,13.4846054,0,0,1773530158529,False,True
0,1.40269,13.4846054,0,0,1773530158531,False,True
0,1.40269,13.4846054,0,0,1773530159003,False,True
0,1.40269,13.4846054,0,0,1773530159005,False,True
0,1.40269,13.4846054,0,0,1773530159007,False,True
0,1.40269,13.4846054,0,0,1773530159008,False,True
0,1.40269,13.4846054,0,0,1773530159010,False,True
0,1.40269,13.4846054,0,0,1773530159012,False,True
0,1.40269,13.4846054,0,0,1773530159014,False,True
0,1.40269,13.4846054,0,0,1773530159015,False,True
0,1.40269,13.4846054,0,0,1773530159017,False,True
0,1.40269,13.4846054,0,0,1773530159019,False,True
0,1.40269,13.4846054,0,0,1773530159021,False,True
0,1.40269,13.4846054,0,0,1773530159023,False,True
0,1.40269,13.4846054,0,0,1773530159024,False,True
0,1.40269,13.4846054,0,0,1773530159026,False,True
0,1.40269,13.4846054,0,0,1773530159028,False,True
0,1.40269,13.4846054,0,0,1773530159029,False,True
0,1.40269,13.4846054,0,0,1773530159031,False,True
0,1.40269,13.4846054,0,0,1773530159034,False,True
0,1.40269,13.4846054,0,0,1773530159035,False,True
0,1.40269,13.4846054,0,0,1773530159037,False,True
0,1.40269,13.4846054,0,0,1773530159039,False,True
0,1.40269,13.4846054,0,0,1773530159041,False,True
0,1.40269,13.4846054,0,0,1773530159042,False,True
0,1.40269,13.4846054,0,0,1773530159045,False,True
0,1.40269,13.4846054,0,0,1773530159047,False,True
0,1.40269,13.4846054,0,0,1773530159048,False,True
0,1.40269,13.4846054,0,0,1773530159049,False,True
0,1.40269,13.4846054,0,0,1773530159051,False,True
0,1.40269,13.4846054,0,0,1773530159053,False,True
0,1.40269,13.4846054,0,0,1773530159054,False,True
0,1.40269,13.4846054,0,0,1773530159056,False,True
0,1.40269,13.4846054,0,0,1773530159058,False,True
0,1.40269,13.4846054,0,0,1773530159060,False,True
0,1.40269,13.4846054,0,0,1773530159062,False,True
0,1.40269,13.4846054,0,0,1773530159063,False,True
0,1.40269,13.4846054,0,0,1773530159065,False,True
0,1.40269,13.4846054,0,0,1773530159067,False,True
0,1.40269,13.4846054,0,0,1773530159069,False,True
0,1.40269,13.4846054,0,0,1773530159072,False,True
0,1.40269,13.4846054,0,0,1773530159074,False,True
0,1.40269,13.4846054,0,0,1773530159076,False,True
0,1.40269,13.4846054,0,0,1773530159077,False,True
0,1.40269,13.4846054,0,0,1773530159079,False,True
0,1.40269,13.4846054,0,0,1773530159081,False,True
0,1.40269,13.4846054,0,0,1773530159083,False,True
0,1.40269,13.4846054,0,0,1773530159085,False,True
0,1.40269,13.4846054,0,0,1773530159087,False,True
0,1.40269,13.4846054,0,0,1773530159088,False,True
0,1.40269,13.4846054,0,0,1773530159090,False,True
0,1.40269,13.4846054,0,0,1773530159092,False,True
0,1.40269,571.62285156,0,0,1773530160642,False,True
0,1.40269,571.62285156,0,0,1773530160644,False,True
0,1.40269,571.62285156,0,0,1773530160647,False,True
0,1.40269,571.62285156,0,0,1773530160648,False,True
0,1.40269,571.62285156,0,0,1773530160650,False,True
0,1.40269,571.62285156,0,0,1773530160651,False,True
0,1.40269,571.62285156,0,0,1773530160653,False,True
0,1.40269,571.62285156,0,0,1773530160655,False,True
0,1.40269,7725.35835034,0,0,1773530161714,False,True
0,1.40269,335.271875,0,0,1773530161888,False,True
0,1.40269,335.271875,0,0,1773530161920,False,True
0,1.40269,335.271875,0,0,1773530161952,False,True
0,1.40269,335.271875,0,0,1773530161954,False,True
0,1.40269,335.271875,0,0,1773530161956,False,True
0,1.40269,335.271875,0,0,1773530161957,False,True
0,1.40269,18306.69493687,0,0,1773530162314,False,True
0,1.40269,1287.72063225,0,0,1773530162691,False,True
0,1.40269,12688.211134,0,0,1773530162701,False,True
0,1.40269,6770.4,0,0,1773530162709,False,True
0,1.40269,1659.61331,0,0,1773530162716,False,True
0,1.40269,2000.0,0,0,1773530162731,False,True
0,1.40269,2000.0,0,0,1773530162735,False,True
0,1.40269,1783.35122934,0,0,1773530162743,False,True
0,1.40269,2000.0,0,0,1773530162746,False,True
0,1.40269,6683.8154,0,0,1773530162753,False,True
0,1.40269,2000.0,0,0,1773530162766,False,True
0,1.40269,2000.0,0,0,1773530162769,False,True
0,1.40269,2000.0,0,0,1773530162775,False,True
0,1.40269,534.99571917,0,0,1773530162805,False,True
0,1.40269,2000.0,0,0,1773530162809,False,True
0,1.40269,9617.85214396,0,0,1773530162816,False,True
0,1.40112,22.06177588,0,0,1773530164272,False,True
0,1.40125,4.4969,0,0,1773530171620,True,True
0,1.40175,75.07044765,0,0,1773530173644,True,True
0,1.40162,8.78213,0,0,1773530207093,True,True
0,1.40152,33.23926,0,0,1773530208787,True,True
0,1.40152,173.92527,0,0,1773530241302,True,True
0,1.40152,14.05933,0,0,1773530248038,True,True
0,1.40152,97.44949766,0,0,1773530253233,True,True
0,1.40152,285.43409766,0,0,1773530253233,True,True
0,1.40152,285.43409766,0,0,1773530253233,True,True
0,1.40152,285.43409766,0,0,1773530253233,True,True
0,1.40152,285.43409766,0,0,1773530253233,True,True
0,1.40152,285.43409766,0,0,1773530253233,True,True
0,1.40152,285.43409766,0,0,1773530253233,True,True
0,1.40152,285.43409766,0,0,1773530253233,True,True
0,1.40152,285.43409766,0,0,1773530253233,True,True
0,1.40152,285.43409766,0,0,1773530253233,True,True
0,1.40152,285.43409766,0,0,1773530253233,True,True
0,1.40152,285.43409766,0,0,1773530253233,True,True
0,1.40152,285.43409766,0,0,1773530253233,True,True
0,1.40152,285.43409766,0,0,1773530253233,True,True
0,1.40152,285.43409754,0,0,1773530253233,True,True
0,1.40202,70.093603,0,0,1773530268070,True,True
0,1.40202,138.87938,0,0,1773530269046,True,True
0,1.40247,35.04946,0,0,1773530286975,True,True
0,1.40256,1.98855936,0,0,1773530292220,True,True
0,1.40256,17.55076,0,0,1773530304931,True,True
0,1.40256,9.950761,0,0,1773530305197,True,True
0,1.40234,71.52871163,0,0,1773530306013,False,True
0,1.40234,10.73429751,0,0,1773530309914,False,True
0,1.4026,10.69472964,0,0,1773530310169,True,True
0,1.40265,105.29779,0,0,1773530335140,True,True
0,1.40265,878.96809128,0,0,1773530358813,True,True
0,1.40265,515.73411872,0,0,1773530358813,True,True
0,1.4027,457.9397,0,0,1773530358815,True,True
0,1.4027,6.651e-05,0,0,1773530358815,True,True
0,1.40284,15.0,0,0,1773530372667,True,True
0,1.40247,13668.65150953,0,0,1773530390719,False,True
0,1.40261,45.52215,0,0,1773530392933,True,True
0,1.40254,3.51228,0,0,1773530400034,True,True
0,1.40294,71.27888577,0,0,1773530414074,True,True
0,1.40286,17.37235075,0,0,1773530414136,False,True
0,1.40312,67.41648,0,0,1773530426924,True,True
0,1.40312,400.8344523,0,0,1773530428543,True,True
0,1.40371,7.01865,0,0,1773530433925,True,True
0,1.4037,31.5698585,0,0,1773530434816,True,True
0,1.40371,324.62929638,0,0,1773530434816,True,True
0,1.40375,35.619893,0,0,1773530439333,True,True
0,1.40375,59.65114,0,0,1773530449968,True,True
0,1.40375,1404.728967,0,0,1773530455125,True,True
0,1.40423,337.5,0,0,1773530459447,True,True
0,1.40429,38.614897,0,0,1773530459447,True,True
0,1.4043,33.437103,0,0,1773530459447,True,True
0,1.40406,231.39859896,0,0,1773530461594,False,True
0,1.40405,1386.83501927,0,0,1773530461594,False,True
0,1.40423,70.14352,0,0,1773530462553,True,True
0,1.40422,6.9307,0,0,1773530468384,True,True
0,1.40421,37.11593,0,0,1773530469039,True,True
0,1.40422,14.88243,0,0,1773530469039,True,True
0,1.40422,7.765562,0,0,1773530469220,True,True
0,1.40408,589.0,0,0,1773530480394,True,True
0,1.40327,0.72318,0,0,1773530510440,True,True
0,1.40326,10.0,0,0,1773530515572,False,True
0,1.40376,6.93425,0,0,1773530536690,True,True
0,1.40337,10.58243,0,0,1773530559402,True,True
0,1.40337,70.20349,0,0,1773530560992,True,True
0,1.40343,3.51005,0,0,1773530598033,True,True
0,1.40326,11.0934,0,0,1773530617780,False,True
0,1.40339,53.78456,0,0,1773530628471,True,True
0,1.40329,71.26060002,0,0,1773530637679,False,True
0,1.40363,181.62396,0,0,1773530657543,True,True
0,1.40338,22.51708034,0,0,1773530671292,False,True
0,1.40346,186.1286265,0,0,1773530697334,True,True
0,1.40348,4262.81522918,0,0,1773530697334,True,True
0,1.40321,26.7,0,0,1773530706664,False,True
0,1.40319,17.48874844,0,0,1773530713178,False,True
0,1.40332,10.0,0,0,1773530721614,True,True
0,1.40332,118.10567,0,0,1773530731431,True,True
0,1.40313,140.06798,0,0,1773530740260,True,True
0,1.40313,70.0,0,0,1773530741764,True,True
0,1.40292,5.65249622,0,0,1773530750790,True,True
0,1.40293,106.91909076,0,0,1773530756845,True,True
0,1.40253,7.0246,0,0,1773530769809,True,True
0,1.40368,10.40197,0,0,1773530825623,True,True
0,1.40368,20.95691,0,0,1773530825780,True,True
0,1.40436,2.18322,0,0,1773530855039,True,True
0,1.40412,337.5,0,0,1773530870879,False,True
0,1.40401,366.353,0,0,1773530870879,False,True
0,1.40436,449.13099168,0,0,1773530922335,True,True
0,1.40476,3559.35209667,0,0,1773530922335,True,True
0,1.40482,624.07671515,0,0,1773530922335,True,True
0,1.40484,556.08840636,0,0,1773530922335,True,True
0,1.40458,753.0,0,0,1773530936481,False,True
0,1.40482,75.20914,0,0,1773530939486,True,True
0,1.40482,5.69937785,0,0,1773530966862,True,True
0,1.40463,2.69958,0,0,1773530975198,True,True
0,1.40451,3.25204,0,0,1773530980411,False,True
0,1.40467,34.99106,0,0,1773531004019,False,True
0,1.40451,238.38600904,0,0,1773531007577,False,True
0,1.40451,337.5,0,0,1773531007577,False,True
0,1.40451,1200.0,0,0,1773531007577,False,True
0,1.40449,3560.00710553,0,0,1773531007577,False,True
0,1.40442,634.77718769,0,0,1773531007577,False,True
0,1.40442,4984.6832015,0,0,1773531007577,False,True
0,1.4044,6834.82132291,0,0,1773531015684,True,True
0,1.40441,2.17323,0,0,1773531021409,False,True
0,1.40441,2.17323,0,0,1773531021409,False,True
0,1.40436,7.01545,0,0,1773531053034,True,True
0,1.40436,303.46162,0,0,1773531059395,True,True
0,1.40435,0.79321,0,0,1773531061217,False,True
0,1.40436,19.8317,0,0,1773531063111,True,True
0,1.40435,84.3646531,0,0,1773531063573,False,True
0,1.40435,1572.35704928,0,0,1773531063949,False,True
0,1.40435,1902.85109325,0,0,1773531065917,False,True
0,1.40387,3185.85999314,0,0,1773531066058,True,True
0,1.40336,6.49753,0,0,1773531093630,True,True
0,1.40325,1111.93174,0,0,1773531095289,True,True
0,1.40299,33.45264,0,0,1773531111650,True,True
0,1.40283,13.91651,0,0,1773531145622,False,True
0,1.40297,7.00624,0,0,1773531148391,True,True
0,1.40297,6.93722,0,0,1773531150033,True,True
0,1.40297,4.41276,0,0,1773531150312,True,True
0,1.40297,64.16318959,0,0,1773531150312,True,True
0,1.40307,14.0448,0,0,1773531157450,True,True
0,1.40307,16.74257041,0,0,1773531158538,True,True
0,1.40307,871.77426899,0,0,1773531158538,True,True
0,1.40324,3584.049857,0,0,1773531158538,True,True
0,1.40324,2057.4749936,0,0,1773531158538,True,True
0,1.40356,16.10874,0,0,1773531172216,True,True
0,1.40432,81.0,0,0,1773531209000,False,True
0,1.40456,7.11966737,0,0,1773531227570,True,True
0,1.40456,19.83113,0,0,1773531230916,True,True
0,1.40456,61.45658,0,0,1773531238247,True,True
0,1.40456,14.396177,0,0,1773531238488,True,True
0,1.40465,7.75938779,0,0,1773531293696,True,True
0,1.40461,29.70359,0,0,1773531296978,False,True
0,1.4046,83.29941,0,0,1773531300205,False,True
0,1.40489,311.73777,0,0,1773531314816,True,True
0,1.40488,7.00866,0,0,1773531325458,True,True
0,1.4046,7.05661,0,0,1773531346832,False,True
0,1.40476,106.49290991,0,0,1773531355458,True,True
0,1.40477,239.88894009,0,0,1773531355458,True,True
0,1.40493,6.73422987,0,0,1773531369189,True,True
0,1.40494,27.90642013,0,0,1773531369189,True,True
0,1.4047,34.89636,0,0,1773531406093,True,True
0,1.40489,9.68117583,0,0,1773531428335,False,True
0,1.40526,15.0,0,0,1773531441359,True,True
0,1.40522,136.8113178,0,0,1773531442768,True,True
0,1.40493,3.60549827,0,0,1773531456353,False,True
0,1.40492,56.71546742,0,0,1773531456353,False,True
0,1.40531,17.46418,0,0,1773531487529,True,True
0,1.4053,301.0,0,0,1773531495481,False,True
0,1.4053,61.91183377,0,0,1773531526918,False,True
0,1.4053,213.47754927,0,0,1773531526918,False,True
0,1.40471,65.963041,0,0,1773531531384,True,True
0,1.40472,34.036959,0,0,1773531531384,True,True
0,1.40464,4.22532287,0,0,1773531553695,False,True
0,1.40535,17.61767,0,0,1773531601293,True,True
0,1.40515,266.41954966,0,0,1773531605934,False,True
0,1.4053,19.82013,0,0,1773531611836,True,True
0,1.40525,53.51754,0,0,1773531614160,True,True
0,1.40501,250.0,0,0,1773531628407,False,True
0,1.40502,14.09374,0,0,1773531629184,True,True
0,1.40501,45.78638211,0,0,1773531632170,False,True
0,1.40501,6685.37389432,0,0,1773531632205,False,True
0,1.40454,16.58194141,0,0,1773531640277,False,True
0,1.40448,14.24014581,0,0,1773531640277,False,True
0,1.40436,7.50740101,0,0,1773531640277,False,True
0,1.40436,28.09600103,0,0,1773531640877,False,True
0,1.40404,89.96977543,0,0,1773531646016,True,True
0,1.404,69.82403,0,0,1773531647533,True,True
0,1.404,279.78307,0,0,1773531654294,True,True
0,1.40396,639.59170029,0,0,1773531665181,False,True
0,1.40396,337.5,0,0,1773531665181,False,True
0,1.40396,86.44346382,0,0,1773531665181,False,True
0,1.40396,570.51495904,0,0,1773531665181,False,True
0,1.40396,15.62034052,0,0,1773531665181,False,True
0,1.40396,4.04182957,0,0,1773531665181,False,True
0,1.40396,1.65,0,0,1773531665181,False,True
0,1.40396,125.68,0,0,1773531665181,False,True
0,1.40396,101.30506386,0,0,1773531665181,False,True
0,1.40445,33.18362,0,0,1773531676179,True,True
0,1.40424,9.747844,0,0,1773531676259,False,True
0,1.40474,87.47205,0,0,1773531705550,True,True
0,1.4045,1749.7344,0,0,1773531711303,False,True
0,1.4045,874.8672,0,0,1773531711304,False,True
0,1.40444,437.4336,0,0,1773531711397,False,True
0,1.40444,166.0083,0,0,1773531711401,False,True
0,1.40445,135.7127,0,0,1773531711405,False,True
0,1.40445,67.8563,0,0,1773531711407,False,True
0,1.40445,33.9282,0,0,1773531711408,False,True
0,1.40445,16.9641,0,0,1773531711410,False,True
0,1.40445,8.482,0,0,1773531711411,False,True
0,1.40445,4.241,0,0,1773531711412,False,True
0,1.40445,2.1205,0,0,1773531711413,False,True
0,1.40446,4.13613802,0,0,1773531734324,False,True
0,1.40467,34.7073,0,0,1773531734875,True,True
0,1.40446,225.82197794,0,0,1773531738954,False,True
0,1.40446,337.5,0,0,1773531738954,False,True
0,1.40441,2415.67802206,0,0,1773531738954,False,True
0,1.40447,17.930683,0,0,1773531744175,False,True
0,1.4047,6.94136,0,0,1773531752289,True,True
0,1.40476,139.9234,0,0,1773531754915,True,True
0,1.4048,20.98851,0,0,1773531757728,True,True
0,1.40489,4.20028981,0,0,1773531761059,False,True
0,1.40479,69.27933,0,0,1773531779203,True,True
0,1.40476,198.19626726,0,0,1773531786118,False,True
0,1.40475,337.5,0,0,1773531786118,False,True
0,1.40474,259.97373966,0,0,1773531786118,False,True
0,1.40481,23.15319,0,0,1773531809622,True,True
0,1.40483,27.70996,0,0,1773531811442,True,True
0,1.40445,13.85863,0,0,1773531851852,True,True
0,1.40463,62.799826,0,0,1773531865815,True,True
0,1.40464,70.404854,0,0,1773531865815,True,True
0,1.40487,30.48638,0,0,1773531867573,True,True
0,1.40461,106.80887,0,0,1773531877495,False,True
0,1.40467,34.64213,0,0,1773531897661,True,True
0,1.40539,474.61406027,0,0,1773531909870,True,True
0,1.4058,13.28686,0,0,1773531916827,True,True
0,1.40586,337.5,0,0,1773531927537,True,True
0,1.40594,76.6672895,0,0,1773531927537,True,True
0,1.40595,661.72397574,0,0,1773531927537,True,True
0,1.40599,2480.70123462,0,0,1773531927537,True,True
0,1.40584,46.0761305,0,0,1773531939775,True,True
0,1.40585,253.9238695,0,0,1773531939775,True,True
0,1.40554,6.97371,0,0,1773531949144,True,True
0,1.40552,4.40406397,0,0,1773531955349,True,True
0,1.40523,30.05,0,0,1773532002385,True,True
0,1.40523,186.47884,0,0,1773532002837,True,True
0,1.40522,110.6776315,0,0,1773532005435,True,True
0,1.40522,235.5711285,0,0,1773532005435,True,True
0,1.40522,196.01998532,0,0,1773532020428,True,True
0,1.40522,337.5,0,0,1773532020428,True,True
0,1.40522,200.62140468,0,0,1773532020428,True,True
0,1.40522,66.61382,0,0,1773532040061,True,True
0,1.40519,100.0,0,0,1773532056516,False,True
0,1.4052,101.0,0,0,1773532060157,True,True
0,1.40483,13.18483,0,0,1773532081191,True,True
0,1.40526,21.35763357,0,0,1773532099982,False,True
0,1.40599,10.69472964,0,0,1773532119559,False,True
0,1.406,4.39556194,0,0,1773532119812,True,True
0,1.40604,1.7,0,0,1773532119812,True,True
0,1.40611,4.57300136,0,0,1773532119812,True,True
0,1.40606,53.66657,0,0,1773532126250,True,True
0,1.40547,6.97217,0,0,1773532153897,True,True
0,1.40549,1.39509,0,0,1773532157034,True,True
0,1.40548,1.33206,0,0,1773532171032,True,True
0,1.40546,379.58355259,0,0,1773532174795,True,True
0,1.40546,503.30263791,0,0,1773532174797,True,True
0,1.40546,112.74102353,0,0,1773532174798,True,True
0,1.40546,329.60606053,0,0,1773532174800,True,True
0,1.40546,219.3174647,0,0,1773532174800,True,True
0,1.40546,182.74297071,0,0,1773532174801,True,True
0,1.40587,6.94114382,0,0,1773532180222,True,True
0,1.40596,5.19383,0,0,1773532213877,True,True
0,1.40571,1.72444782,0,0,1773532215275,False,True
0,1.40595,133.09003,0,0,1773532218710,True,True
0,1.4059,12.42213,0,0,1773532232605,True,True
0,1.40597,17.43291,0,0,1773532234587,True,True
0,1.40587,6.92246,0,0,1773532277174,True,True
0,1.40587,160.9837985,0,0,1773532288435,True,True
0,1.40588,51.3451815,0,0,1773532288435,True,True
0,1.40588,40.82852021,0,0,1773532292485,True,True
0,1.4057,1953.45706721,0,0,1773532296647,False,True
0,1.4057,1136.09262289,0,0,1773532297004,False,True
0,1.4056,2.7756992,0,0,1773532298572,True,True
0,1.40586,66.46132,0,0,1773532327279,True,True
0,1.40589,0.69226,0,0,1773532344942,True,True
0,1.40593,17.30677,0,0,1773532347356,True,True
0,1.40592,350.1479,0,0,1773532349557,True,True
0,1.40586,35.47741343,0,0,1773532361562,True,True
0,1.40597,222.9289665,0,0,1773532361562,True,True
0,1.40598,242.42200519,0,0,1773532361562,True,True
0,1.40601,138.43942,0,0,1773532368176,True,True
0,1.40599,123.11609613,0,0,1773532375199,True,True
0,1.40599,214.38390387,0,0,1773532376707,True,True
0,1.406,10361.29577019,0,0,1773532376707,True,True
0,1.40601,3556.17883024,0,0,1773532376707,True,True
0,1.40611,12529.0,0,0,1773532376707,True,True
0,1.40612,7111.77558614,0,0,1773532376707,True,True
0,1.40613,649.49567022,0,0,1773532376707,True,True
0,1.40617,300.0,0,0,1773532376707,True,True
0,1.4062,337.5,0,0,1773532376707,True,True
0,1.40622,30946.0,0,0,1773532376707,True,True
0,1.40637,4365.3662499,0,0,1773532376707,True,True
0,1.40637,128.66320914,0,0,1773532376707,True,True
0,1.40638,337.5,0,0,1773532376707,True,True
0,1.40652,4034.24746426,0,0,1773532376707,True,True
0,1.40653,337.5,0,0,1773532376707,True,True
0,1.40653,4466.9282625,0,0,1773532376707,True,True
0,1.40656,2490.246534,0,0,1773532376707,True,True
0,1.40659,470.53400476,0,0,1773532376707,True,True
0,1.40661,7109.32748939,0,0,1773532376707,True,True
0,1.40662,25.0,0,0,1773532376707,True,True
0,1.40668,337.5,0,0,1773532376707,True,True
0,1.4067,58576.21,0,0,1773532376707,True,True
0,1.40672,1066.31028207,0,0,1773532376707,True,True
0,1.40672,1066.31028207,0,0,1773532376707,True,True
0,1.4068,29836.48676832,0,0,1773532376712,False,True
0,1.40639,1605.25032,0,0,1773532379945,True,True
0,1.40643,711.02010054,0,0,1773532381409,True,True
0,1.40637,9.0,0,0,1773532383248,False,True
0,1.40635,337.5,0,0,1773532384729,False,True
0,1.40634,408.52399505,0,0,1773532384729,False,True
0,1.40653,211.81488353,0,0,1773532389373,False,True
0,1.40653,3.29626647,0,0,1773532389373,False,True
0,1.40654,436.8455593,0,0,1773532399010,True,True
0,1.40654,84.32080735,0,0,1773532399056,True,True
0,1.40741,352.95121361,0,0,1773532399719,True,True
0,1.40732,8.62152001,0,0,1773532415513,False,True
0,1.40741,295.10945637,0,0,1773532424553,True,True
0,1.40748,5.688525,0,0,1773532432390,True,True
0,1.40776,142.05554371,0,0,1773532441544,True,True
0,1.4077,107.76713678,0,0,1773532443500,True,True
0,1.4077,229.73286322,0,0,1773532443715,True,True
0,1.40777,137.4863655,0,0,1773532443715,True,True
0,1.40778,51.74274128,0,0,1773532443715,True,True
0,1.40769,100.0,0,0,1773532454244,True,True
0,1.40764,35.51136363,0,0,1773532484657,True,True
0,1.40764,13.23311,0,0,1773532488894,True,True
0,1.40798,23.00001,0,0,1773532508684,False,True
0,1.40799,55.46125382,0,0,1773532514921,True,True
0,1.40799,114.06310925,0,0,1773532524532,True,True
0,1.40803,17.1892568,0,0,1773532524532,True,True
0,1.40829,30.0522145,0,0,1773532524532,True,True
0,1.4083,331.15894345,0,0,1773532524532,True,True
0,1.4083,117.33472509,0,0,1773532524532,True,True
0,1.4083,134.16963585,0,0,1773532524532,True,True
0,1.4083,171.30151144,0,0,1773532524532,True,True
0,1.40831,5.25,0,0,1773532526283,False,True
0,1.40852,64.14958,0,0,1773532526993,True,True
0,1.40852,173.07019,0,0,1773532531393,True,True
0,1.40852,97.88226,0,0,1773532532316,True,True
0,1.40846,35.51161584,0,0,1773532533399,True,True
0,1.40846,3549.99234902,0,0,1773532550138,True,True
0,1.40852,3450.00765098,0,0,1773532550138,True,True
0,1.40847,173.94638191,0,0,1773532551891,True,True
0,1.40839,55.23940881,0,0,1773532555891,False,True
0,1.40852,6.96079,0,0,1773532557083,True,True
0,1.40849,70.85166784,0,0,1773532582580,True,True
0,1.4085,1.37846,0,0,1773532584868,True,True
0,1.40799,0.68937,0,0,1773532593773,True,True
0,1.40799,100.0,0,0,1773532604134,True,True
0,1.40798,9.605852,0,0,1773532604277,False,True
0,1.40752,35.09405,0,0,1773532607961,True,True
0,1.40751,35.52372629,0,0,1773532609114,False,True
0,1.40726,325.98809371,0,0,1773532609114,False,True
0,1.40752,200.00000265,0,0,1773532642611,True,True
0,1.40733,6.9310504,0,0,1773532664867,True,True
0,1.40733,4.8286,0,0,1773532674085,True,True
0,1.40731,5.42944772,0,0,1773532680451,False,True
0,1.40727,10.0,0,0,1773532686148,False,True
0,1.40727,11567.94325718,0,0,1773532686324,False,True
0,1.40727,50.0,0,0,1773532718168,True,True
0,1.40726,274.01190629,0,0,1773532720249,False,True
0,1.40722,28.1434,0,0,1773532728712,True,True
0,1.40721,62.0,0,0,1773532742643,False,True
0,1.40722,138.32038,0,0,1773532746795,True,True
0,1.40721,293.31299521,0,0,1773532747655,False,True
0,1.40659,194.58979098,0,0,1773532754392,True,True
0,1.40659,55.32815,0,0,1773532755104,True,True
0,1.40659,1.38033,0,0,1773532757583,True,True
0,1.40639,2833.07710113,0,0,1773532771516,True,True
0,1.40641,13.83863,0,0,1773532772335,True,True
0,1.40641,1.35522124,0,0,1773532772574,True,True
0,1.4067,6.9201,0,0,1773532798790,True,True
