0,1.48689,32.5,0,0,1771286402356,True,True
0,1.48705,32.5,0,0,1771286406287,True,True
0,1.4869,2000.0,0,0,1771286406869,False,True
0,1.48683,13.18715,0,0,1771286407155,True,True
0,1.48659,32.5,0,0,1771286409805,True,True
0,1.48682,32.5,0,0,1771286413738,True,True
0,1.48651,32.5,0,0,1771286417654,True,True
0,1.4865,118.53049,0,0,1771286426258,True,True
0,1.48678,0.65934,0,0,1771286433039,True,True
0,1.48636,26.63875,0,0,1771286438058,False,True
0,1.48661,65.14232,0,0,1771286443663,True,True
0,1.4863,2000.0,0,0,1771286460389,False,True
0,1.48604,12.78565852,0,0,1771286462301,False,True
0,1.48574,44.14754573,0,0,1771286462301,False,True
0,1.48539,2314.5893444,0,0,1771286465155,False,True
0,1.48524,3713.4106556,0,0,1771286465155,False,True
0,1.48544,100.0,0,0,1771286473350,True,True
0,1.48538,1.65607496,0,0,1771286501205,True,True
0,1.4852,2000.0,0,0,1771286502308,False,True
0,1.4852,1.65607496,0,0,1771286522064,True,True
0,1.48622,1045.45035,0,0,1771286535564,True,True
0,1.48631,69.13022077,0,0,1771286547248,True,True
0,1.48633,214.31178123,0,0,1771286547248,True,True
0,1.48634,9.65138,0,0,1771286552178,False,True
0,1.4882,2000.0,0,0,1771286571801,False,True
0,1.4872,2000.0,0,0,1771286588133,False,True
0,1.4869,2000.0,0,0,1771286591755,False,True
0,1.48677,1.44879,0,0,1771286599276,True,True
0,1.4865,614.19602833,0,0,1771286605530,False,True
0,1.4865,1380.0,0,0,1771286607756,False,True
0,1.48698,13.05859,0,0,1771286614796,True,True
0,1.48661,2000.0,0,0,1771286619601,False,True
0,1.4865,49.0,0,0,1771286646212,False,True
0,1.4865,1950.0,0,0,1771286647050,False,True
0,1.48655,1500.0,0,0,1771286655026,True,True
0,1.4867,3629.38387032,0,0,1771286655026,True,True
0,1.48563,260.32024,0,0,1771286666471,True,True
0,1.48545,6.4714553,0,0,1771286673537,True,True
0,1.48611,4.1193033,0,0,1771286694908,True,True
0,1.48611,294.8309667,0,0,1771286694908,True,True
0,1.4857,2000.0,0,0,1771286702736,False,True
0,1.48587,4.38434,0,0,1771286706254,True,True
0,1.4856,2000.0,0,0,1771286715477,False,True
0,1.48514,10.0,0,0,1771286716904,False,True
0,1.48514,7.291299,0,0,1771286717601,False,True
0,1.4847,14.198155,0,0,1771286718790,False,True
0,1.48425,2.36596,0,0,1771286729273,True,True
0,1.4838,1.03220417,0,0,1771286732606,False,True
0,1.48403,880.92402,0,0,1771286746145,True,True
0,1.4839,2000.0,0,0,1771286770493,False,True
0,1.48351,125.0,0,0,1771286774990,False,True
0,1.48342,6.67377,0,0,1771286782045,True,True
0,1.48342,13.09064,0,0,1771286782809,True,True
0,1.48413,55.89952819,0,0,1771286795425,False,True
0,1.48389,261.5625,0,0,1771286802238,True,True
0,1.48393,64.85882,0,0,1771286802238,True,True
0,1.48385,10420.65060292,0,0,1771286828950,True,True
0,1.48385,3085.35256093,0,0,1771286828951,True,True
0,1.4848,11.15626025,0,0,1771286841624,False,True
0,1.485,67.67676767,0,0,1771286841997,True,True
0,1.48461,2.21298417,0,0,1771286844593,False,True
0,1.48471,6.60241,0,0,1771286851223,True,True
0,1.48459,62.61538,0,0,1771286858303,True,True
0,1.48438,4.38259295,0,0,1771286858661,False,True
0,1.48461,12.3943,0,0,1771286859910,True,True
0,1.48452,5.71178198,0,0,1771286867573,False,True
0,1.48461,27.16,0,0,1771286872768,False,True
0,1.48462,1.88390451,0,0,1771286877567,False,True
0,1.48462,13.92949,0,0,1771286879964,False,True
0,1.48461,13.27051,0,0,1771286879964,False,True
0,1.485,2000.0,0,0,1771286900141,False,True
0,1.48489,6.60086,0,0,1771286903884,True,True
0,1.48489,230.46665,0,0,1771286905035,True,True
0,1.48488,14.223372,0,0,1771286907709,False,True
0,1.48463,14.091053,0,0,1771286907709,False,True
0,1.4846,17.79281526,0,0,1771286907709,False,True
0,1.48461,6.66783,0,0,1771286911396,True,True
0,1.48548,9.27332,0,0,1771286930381,True,True
0,1.4861,2000.0,0,0,1771286948321,False,True
0,1.48587,12.72402,0,0,1771286949661,False,True
0,1.48588,26.8,0,0,1771286950211,False,True
0,1.4858,27.14,0,0,1771286957381,False,True
0,1.48584,27.03,0,0,1771286964580,False,True
0,1.48641,6.21029,0,0,1771286980940,True,True
0,1.48636,19.779865,0,0,1771286981883,False,True
0,1.48607,326.59223,0,0,1771286990684,True,True
0,1.48628,27.0,0,0,1771286999753,False,True
0,1.48635,13.06386,0,0,1771287008150,True,True
0,1.48635,6.62846,0,0,1771287012963,True,True
0,1.48631,20.695548,0,0,1771287032720,False,True
0,1.4863,1999.304452,0,0,1771287032720,False,True
0,1.48622,4.60519,0,0,1771287033895,True,True
0,1.48622,13.03092,0,0,1771287036895,True,True
0,1.48621,21.01991,0,0,1771287047372,False,True
0,1.48621,20.481628,0,0,1771287047372,False,True
0,1.48621,20.373971,0,0,1771287047372,False,True
0,1.48609,18.61755288,0,0,1771287047372,False,True
0,1.48647,14.93700417,0,0,1771287102566,True,True
0,1.48647,261.5625,0,0,1771287102566,True,True
0,1.48648,31.15719,0,0,1771287102566,True,True
0,1.48649,995.43513583,0,0,1771287102566,True,True
0,1.48634,57.88214,0,0,1771287109699,True,True
0,1.48622,19.431847,0,0,1771287115380,False,True
0,1.4862,10.568153,0,0,1771287115380,False,True
0,1.4862,9.26767,0,0,1771287124989,False,True
0,1.48609,2.45788712,0,0,1771287125032,False,True
0,1.48592,16.33456,0,0,1771287133168,True,True
0,1.48592,130.67645,0,0,1771287134387,True,True
0,1.48592,13.06765,0,0,1771287134514,True,True
0,1.48592,66.30382,0,0,1771287139037,True,True
0,1.48591,19.651257,0,0,1771287146734,False,True
0,1.48591,20.512682,0,0,1771287146734,False,True
0,1.48591,17.901488,0,0,1771287146734,False,True
0,1.48591,17.336178,0,0,1771287146734,False,True
0,1.48591,16.797787,0,0,1771287146734,False,True
0,1.48591,7.800608,0,0,1771287146734,False,True
0,1.48591,8.40495,0,0,1771287153718,False,True
0,1.48591,15.721006,0,0,1771287153718,False,True
0,1.48554,70.78629573,0,0,1771287153718,False,True
0,1.48553,0.11029227,0,0,1771287153718,False,True
0,1.4858,70.78629573,0,0,1771287161387,True,True
0,1.48583,305.70920427,0,0,1771287161387,True,True
0,1.48583,13.06404,0,0,1771287161966,True,True
0,1.48545,125.37778,0,0,1771287199661,True,True
0,1.48525,32.60054,0,0,1771287222229,True,True
0,1.48535,54.0,0,0,1771287223973,True,True
0,1.48515,261.5625,0,0,1771287225201,False,True
0,1.48512,78.4375,0,0,1771287225201,False,True
0,1.48536,33.39471912,0,0,1771287230689,True,True
0,1.48539,120.0,0,0,1771287270664,False,True
0,1.48539,1880.0,0,0,1771287271602,False,True
0,1.4854,20.13058,0,0,1771287272783,True,True
0,1.48554,640.52083333,0,0,1771287286137,False,True
0,1.48545,387.43933667,0,0,1771287286137,False,True
0,1.48549,100.0,0,0,1771287290462,False,True
0,1.486,2000.0,0,0,1771287303629,False,True
0,1.48602,490.38953,0,0,1771287304884,True,True
0,1.4858,2000.0,0,0,1771287315415,False,True
0,1.48553,6.7316042,0,0,1771287318212,False,True
0,1.48552,23.2041358,0,0,1771287318212,False,True
0,1.48552,31.75535,0,0,1771287319602,False,True
0,1.48581,17.175817,0,0,1771287360793,True,True
0,1.48581,16.529704,0,0,1771287360793,True,True
0,1.4864,205.94966,0,0,1771287365975,False,True
0,1.48654,13.830775,0,0,1771287371257,True,True
0,1.48701,27.08,0,0,1771287378137,False,True
0,1.487,17.027572,0,0,1771287385370,False,True
0,1.4867,9.702428,0,0,1771287385370,False,True
0,1.48672,163.0973956,0,0,1771287388109,True,True
0,1.4867,1990.297572,0,0,1771287397251,False,True
0,1.4867,9.702428,0,0,1771287397251,False,True
0,1.4867,9.02361,0,0,1771287410250,False,True
0,1.4867,19.021995,0,0,1771287410250,False,True
0,1.48653,15.149375,0,0,1771287410250,False,True
0,1.48604,13.12748508,0,0,1771287426050,True,True
0,1.48487,10.0,0,0,1771287433354,False,True
0,1.48465,261.5625,0,0,1771287434983,True,True
0,1.48466,408.46618203,0,0,1771287434983,True,True
0,1.48462,6.10679,0,0,1771287435761,True,True
0,1.48472,20.00712,0,0,1771287447632,True,True
0,1.48461,4.19056113,0,0,1771287451820,False,True
0,1.48461,13.88826087,0,0,1771287453757,False,True
0,1.48461,14.953422,0,0,1771287453757,False,True
0,1.4844,1991.15831713,0,0,1771287453757,False,True
0,1.4838,6.62872,0,0,1771287457524,False,True
0,1.48389,17.494558,0,0,1771287471726,True,True
0,1.48415,983.593392,0,0,1771287471726,True,True
0,1.4842,2000.0,0,0,1771287477189,False,True
0,1.48395,13.05428,0,0,1771287484921,True,True
0,1.48361,28.95429501,0,0,1771287492165,False,True
0,1.4836,308.00698813,0,0,1771287492165,False,True
0,1.4836,1690.0,0,0,1771287496708,False,True
0,1.48329,1.70486511,0,0,1771287504377,False,True
0,1.48342,20.493185,0,0,1771287505554,True,True
0,1.48357,810.70582846,0,0,1771287505554,True,True
0,1.48329,123.29513489,0,0,1771287514380,False,True
0,1.48315,26.50361729,0,0,1771287514380,False,True
0,1.48315,106.62685908,0,0,1771287514380,False,True
0,1.48342,20.520149,0,0,1771287529438,True,True
0,1.48342,20.547114,0,0,1771287529438,True,True
0,1.48357,51.396257,0,0,1771287529438,True,True
0,1.48341,6.629564,0,0,1771287535201,False,True
0,1.48342,20.46622,0,0,1771287535357,True,True
0,1.48365,42.36077,0,0,1771287535357,True,True
0,1.48365,12.61896,0,0,1771287535545,True,True
0,1.4833,2000.0,0,0,1771287538559,False,True
0,1.48364,45.63389064,0,0,1771287556603,False,True
0,1.48364,20.614688,0,0,1771287557526,False,True
0,1.48346,26.88,0,0,1771287574588,False,True
0,1.48362,13.28105,0,0,1771287577706,True,True
0,1.48362,18.44138,0,0,1771287583282,True,True
0,1.48364,18.737699,0,0,1771287583282,True,True
0,1.48365,19.762073,0,0,1771287583282,True,True
0,1.48365,19.465507,0,0,1771287583282,True,True
0,1.48365,19.141981,0,0,1771287583282,True,True
0,1.48371,20.570057,0,0,1771287583282,True,True
0,1.48371,105.440673,0,0,1771287583282,True,True
0,1.48362,17.929119,0,0,1771287589846,True,True
0,1.4838,2000.0,0,0,1771287606552,False,True
0,1.4837,89.5049984,0,0,1771287608265,False,True
0,1.4834,1990.4950016,0,0,1771287608265,False,True
0,1.48341,13.05604,0,0,1771287612599,True,True
0,1.48309,120.0,0,0,1771287619060,False,True
0,1.48309,5.0,0,0,1771287620299,False,True
0,1.48285,125.0,0,0,1771287620299,False,True
0,1.4828,2000.0,0,0,1771287620299,False,True
0,1.483,2000.0,0,0,1771287638747,False,True
0,1.48272,71.68195,0,0,1771287638789,False,True
0,1.48337,2.0,0,0,1771287665419,True,True
0,1.483,2000.0,0,0,1771287683597,False,True
0,1.48285,38.29471,0,0,1771287684169,True,True
0,1.48282,163.27109,0,0,1771287693982,True,True
0,1.48323,55.50524573,0,0,1771287704022,True,True
0,1.48327,23.50194151,0,0,1771287704022,True,True
0,1.48317,60.1992489,0,0,1771287708556,True,True
0,1.48317,303.99296809,0,0,1771287712208,True,True
0,1.48339,911.06608794,0,0,1771287718936,False,True
0,1.48339,261.5625,0,0,1771287718936,False,True
0,1.48339,2023.14914206,0,0,1771287718936,False,True
0,1.48305,65.29383,0,0,1771287733204,True,True
0,1.4833,9.36963191,0,0,1771287761579,False,True
0,1.4833,34.201374,0,0,1771287763629,False,True
0,1.48334,544.99657708,0,0,1771287787496,False,True
0,1.4834,67.41270055,0,0,1771287814707,True,True
0,1.4834,1.3152892,0,0,1771287828730,True,True
0,1.4834,9140.37576785,0,0,1771287840465,True,True
0,1.4834,4288.79580435,0,0,1771287840489,True,True
0,1.4834,640.30542421,0,0,1771287840489,True,True
0,1.48346,17.149097,0,0,1771287843994,True,True
0,1.48371,17.119248,0,0,1771287845175,True,True
0,1.48389,1.611292,0,0,1771287845175,True,True
0,1.48389,19.037139,0,0,1771287847559,True,True
0,1.48389,17.19804,0,0,1771287847559,True,True
0,1.48395,6.73564938,0,0,1771287847610,True,True
0,1.48395,6.73564938,0,0,1771287847611,True,True
0,1.48395,7.17629724,0,0,1771287849192,True,True
0,1.484,1000.0,0,0,1771287850231,True,True
0,1.48399,2000.0,0,0,1771287905303,False,True
0,1.48388,19.192927,0,0,1771287905514,False,True
0,1.48388,19.678141,0,0,1771287905514,False,True
0,1.4837,15.447867,0,0,1771287907175,False,True
0,1.4837,16.957606,0,0,1771287907175,False,True
0,1.4837,17.685516,0,0,1771287907175,False,True
0,1.4837,9.909011,0,0,1771287907175,False,True
0,1.4837,8.558334,0,0,1771287915434,False,True
0,1.4835,68.75632,0,0,1771287939726,False,True
0,1.4835,1931.24368,0,0,1771287939867,False,True
0,1.48345,14.533688,0,0,1771287939867,False,True
0,1.48343,7.0,0,0,1771287944067,True,True
0,1.4834,497.17540785,0,0,1771287945936,True,True
0,1.48366,13.05643,0,0,1771287957390,True,True
0,1.48367,3.53224273,0,0,1771287959622,True,True
0,1.48361,18.22209,0,0,1771287964050,False,True
0,1.48399,6.87572,0,0,1771287992266,False,True
0,1.484,6.2826,0,0,1771288000925,True,True
0,1.48399,1.40299,0,0,1771288014202,False,True
0,1.48399,1998.59701,0,0,1771288024189,False,True
0,1.48399,14.285811,0,0,1771288024189,False,True
0,1.48399,7.117179,0,0,1771288024189,False,True
0,1.48399,7.22254,0,0,1771288029457,False,True
0,1.48399,15.013578,0,0,1771288029457,False,True
0,1.4837,1997.763882,0,0,1771288029457,False,True
0,1.48387,40.0,0,0,1771288043928,True,True
0,1.48386,18.22209,0,0,1771288055080,True,True
0,1.48386,15.51401895,0,0,1771288055080,True,True
0,1.48386,7.58071,0,0,1771288055814,False,True
0,1.484,6.60642,0,0,1771288074331,True,True
0,1.484,23.34596999,0,0,1771288078411,True,True
0,1.484,7901.84808492,0,0,1771288079411,True,True
0,1.484,110.6954954,0,0,1771288079618,True,True
0,1.484,225.24242169,0,0,1771288079860,True,True
0,1.484,300.32260882,0,0,1771288079861,True,True
0,1.484,225.24195661,0,0,1771288079861,True,True
0,1.484,225.24172946,0,0,1771288079861,True,True
0,1.484,984.4662151,0,0,1771288080017,True,True
0,1.484,1022.5805745,0,0,1771288080017,True,True
0,1.484,1082.96602139,0,0,1771288080017,True,True
0,1.48415,19.944076,0,0,1771288080243,True,True
0,1.48472,14.063258,0,0,1771288083665,True,True
0,1.48472,15.760547,0,0,1771288083665,True,True
0,1.48551,11.0,0,0,1771288115495,False,True
0,1.48575,31.51107,0,0,1771288125834,True,True
0,1.48573,4.40860721,0,0,1771288131074,True,True
0,1.48579,12.41577,0,0,1771288136529,True,True
0,1.48567,20.03265193,0,0,1771288153180,True,True
0,1.48551,10.0,0,0,1771288163285,False,True
0,1.48551,8.444844,0,0,1771288163786,False,True
0,1.4851,2000.0,0,0,1771288163923,False,True
0,1.48515,65.19099,0,0,1771288167844,True,True
0,1.48484,47.13995178,0,0,1771288171602,False,True
0,1.48497,107.02477491,0,0,1771288180780,True,True
0,1.48496,2000.0,0,0,1771288190056,False,True
0,1.48472,17.05495116,0,0,1771288192499,False,True
0,1.48471,22.94504884,0,0,1771288192499,False,True
0,1.48471,12.18296,0,0,1771288195059,False,True
0,1.48471,20480.0,0,0,1771288198776,False,True
0,1.48472,6.60321,0,0,1771288208820,True,True
0,1.48506,7.26207,0,0,1771288216393,True,True
0,1.48479,33.67479577,0,0,1771288230965,False,True
0,1.48471,3.76793716,0,0,1771288230965,False,True
0,1.48404,377.07895774,0,0,1771288235315,True,True
0,1.48432,9.78563,0,0,1771288266110,True,True
0,1.48399,17.520334,0,0,1771288280037,False,True
0,1.48399,18.679371,0,0,1771288280037,False,True
0,1.48377,16.822014,0,0,1771288280037,False,True
0,1.48377,17.010723,0,0,1771288280037,False,True
0,1.4837,15.987059,0,0,1771288280037,False,True
0,1.4837,1993.980499,0,0,1771288280037,False,True
0,1.48348,16.87923,0,0,1771288284596,False,True
0,1.48348,15.854612,0,0,1771288284596,False,True
0,1.48348,14.236795,0,0,1771288284596,False,True
0,1.48341,134.82449221,0,0,1771288284596,False,True
0,1.48339,13.968006,0,0,1771288284596,False,True
0,1.48339,18.713892,0,0,1771288284596,False,True
0,1.48339,15.52297279,0,0,1771288284596,False,True
0,1.48339,2.19320421,0,0,1771288285107,False,True
0,1.4832,1997.80679579,0,0,1771288285107,False,True
0,1.4828,477.4258873,0,0,1771288306709,False,True
0,1.48309,8.2642,0,0,1771288314220,True,True
0,1.48309,7.39836,0,0,1771288315174,True,True
0,1.48314,2.71714509,0,0,1771288332483,False,True
0,1.48364,35.78954,0,0,1771288343907,True,True
0,1.48336,16.52551,0,0,1771288346417,True,True
0,1.48336,55.12373573,0,0,1771288350625,True,True
0,1.48337,70.72360427,0,0,1771288350625,True,True
0,1.48337,435.59258061,0,0,1771288352553,True,True
0,1.48345,392.70328,0,0,1771288363835,True,True
0,1.48344,261.5625,0,0,1771288367732,False,True
0,1.48339,50.89037,0,0,1771288367732,False,True
0,1.48345,70.78629573,0,0,1771288376971,False,True
0,1.48338,246.22624427,0,0,1771288376971,False,True
0,1.48331,65.28327,0,0,1771288381014,True,True
0,1.48424,5.0,0,0,1771288417560,False,True
0,1.48425,23.34746,0,0,1771288432037,True,True
0,1.48392,5.71581,0,0,1771288448214,True,True
0,1.48425,6.60266127,0,0,1771288466035,True,True
0,1.48425,21.39093644,0,0,1771288478191,True,True
0,1.484,518.0894676,0,0,1771288482502,False,True
0,1.48562,40.06664557,0,0,1771288506039,True,True
0,1.48547,45.78245557,0,0,1771288515232,False,True
0,1.48522,31.2825,0,0,1771288548098,True,True
0,1.48515,261.5625,0,0,1771288565881,True,True
0,1.48515,29.66157,0,0,1771288565881,True,True
0,1.48524,6016.7,0,0,1771288583448,True,True
0,1.48533,261.12240585,0,0,1771288583448,True,True
0,1.48538,3366.1453344,0,0,1771288583448,True,True
0,1.4854,4714.0777082,0,0,1771288583448,True,True
0,1.48544,261.5625,0,0,1771288583448,True,True
0,1.4855,6731.7847176,0,0,1771288583448,True,True
0,1.48551,794.34761158,0,0,1771288583448,True,True
0,1.4856,261.5625,0,0,1771288583448,True,True
0,1.4856,70.78629573,0,0,1771288583448,True,True
0,1.48562,6733.10071422,0,0,1771288583448,True,True
0,1.48563,4007.25560242,0,0,1771288583448,True,True
0,1.48585,45.42945,0,0,1771288597713,True,True
0,1.48551,1.66811,0,0,1771288607116,False,True
0,1.48551,10.06415305,0,0,1771288616393,True,True
0,1.48551,67.31694839,0,0,1771288658952,True,True
0,1.48551,6.73169,0,0,1771288663034,True,True
0,1.48551,660.74743,0,0,1771288669310,True,True
0,1.486,67.20430107,0,0,1771288678258,True,True
0,1.486,60.0,0,0,1771288678258,True,True
0,1.486,7.24949562,0,0,1771288678258,True,True
0,1.486,4.01313,0,0,1771288678258,True,True
0,1.486,60.0,0,0,1771288678258,True,True
0,1.486,3.281621,0,0,1771288678258,True,True
0,1.486,67.34006734,0,0,1771288678258,True,True
0,1.486,60.0,0,0,1771288678258,True,True
0,1.486,7.38544474,0,0,1771288678258,True,True
0,1.486,336.47375504,0,0,1771288678258,True,True
0,1.486,13632.46516694,0,0,1771288678258,True,True
0,1.48683,665.33416646,0,0,1771288700394,False,True
0,1.48662,81.43776,0,0,1771288724792,True,True
0,1.48686,261.43171874,0,0,1771288727926,False,True
0,1.48715,199.7268,0,0,1771288740944,True,True
0,1.48665,113.98833,0,0,1771288754250,True,True
0,1.48642,25.0,0,0,1771288756004,False,True
0,1.48659,16.27496213,0,0,1771288758388,True,True
0,1.4866,103.72503787,0,0,1771288758388,True,True
0,1.48658,0.99036,0,0,1771288764939,True,True
0,1.48657,10.39314787,0,0,1771288765429,True,True
0,1.48658,2.63645213,0,0,1771288765429,True,True
0,1.4864,9.43608476,0,0,1771288765900,False,True
0,1.48653,28.32832,0,0,1771288772018,True,True
0,1.48703,15.105539,0,0,1771288821122,False,True
0,1.48724,13.34100077,0,0,1771288821912,True,True
0,1.48754,251.34106828,0,0,1771288827837,True,True
0,1.48754,1.65205664,0,0,1771288827838,True,True
0,1.48783,23.88306,0,0,1771288847202,True,True
0,1.48779,2.63778,0,0,1771288855259,False,True
0,1.48785,40.0065934,0,0,1771288855281,True,True
0,1.48785,6.68776,0,0,1771288855395,True,True
0,1.48784,1.0,0,0,1771288865755,True,True
0,1.48785,3.00562,0,0,1771288869500,True,True
0,1.48783,6.20523,0,0,1771288880383,True,True
0,1.48766,31.23684,0,0,1771288895327,True,True
0,1.48783,100.0,0,0,1771288909335,True,True
0,1.48759,2.02702703,0,0,1771288913731,False,True
0,1.48758,4.76556148,0,0,1771288922308,False,True
0,1.48688,2.0,0,0,1771288925571,False,True
0,1.48705,326.44289,0,0,1771288938541,True,True
0,1.48701,274.7833,0,0,1771288965514,True,True
0,1.48701,8.154e-05,0,0,1771288966012,True,True
0,1.48711,3362.24121846,0,0,1771288966012,True,True
0,1.48709,3303.5933,0,0,1771288970002,True,True
0,1.48711,0.00016278,0,0,1771288974690,True,True
0,1.48715,2.99983722,0,0,1771288974690,True,True
0,1.48717,40.80361,0,0,1771288979397,True,True
0,1.48635,1268.20735358,0,0,1771288992076,False,True
0,1.4855,1110.0,0,0,1771288995393,False,True
0,1.48551,6.66504,0,0,1771289006262,True,True
0,1.4855,0.73712554,0,0,1771289006827,False,True
0,1.48507,3303.62693,0,0,1771289011890,True,True
0,1.4854,8.711884,0,0,1771289041831,False,True
0,1.48554,10.0,0,0,1771289053121,False,True
0,1.48573,168.2810428,0,0,1771289079395,False,True
0,1.48552,65.99701,0,0,1771289089979,True,True
0,1.48551,6.73167333,0,0,1771289093138,True,True
0,1.48565,118.59800667,0,0,1771289093138,True,True
0,1.48568,653.16204502,0,0,1771289100453,False,True
0,1.4856,6.73128702,0,0,1771289100453,False,True
0,1.48559,489.05381885,0,0,1771289100453,False,True
0,1.48577,6.10683,0,0,1771289100551,True,True
0,1.48561,6.7316455,0,0,1771289107970,True,True
0,1.48576,13.22765002,0,0,1771289107970,True,True
0,1.48578,42.77135448,0,0,1771289107970,True,True
0,1.48604,6.72977376,0,0,1771289135558,True,True
0,1.48605,2.69171624,0,0,1771289135558,True,True
0,1.48655,168.17463254,0,0,1771289157919,True,True
0,1.48655,22.427769,0,0,1771289159633,True,True
0,1.486,2000.0,0,0,1771289165469,False,True
0,1.4859,30.0,0,0,1771289173757,False,True
0,1.4859,3.64963994,0,0,1771289174193,False,True
0,1.48556,33.64963995,0,0,1771289175387,True,True
0,1.48567,1345.0,0,0,1771289186368,True,True
0,1.48563,212.0,0,0,1771289194156,True,True
0,1.48552,627.06530874,0,0,1771289203186,True,True
0,1.48552,1024.73139126,0,0,1771289203186,True,True
0,1.48684,19.72966,0,0,1771289236798,False,True
0,1.4874,65.15021,0,0,1771289238424,True,True
0,1.48731,400.0,0,0,1771289244046,True,True
0,1.48731,261.5625,0,0,1771289244046,True,True
0,1.48735,261.5625,0,0,1771289244046,True,True
0,1.48735,1052.76525,0,0,1771289244046,True,True
0,1.4869,2000.0,0,0,1771289249893,False,True
0,1.48635,325.64371,0,0,1771289265100,True,True
0,1.48685,6.18042,0,0,1771289270518,True,True
0,1.4866,2000.0,0,0,1771289282320,False,True
0,1.48723,85.90744,0,0,1771289291257,True,True
0,1.48762,2.18641536,0,0,1771289293991,True,True
0,1.48742,500.0,0,0,1771289295901,False,True
0,1.48743,32.65241,0,0,1771289297284,True,True
0,1.48755,3.09126,0,0,1771289299669,True,True
0,1.48751,32.63332,0,0,1771289317107,True,True
0,1.48737,70.8098,0,0,1771289321136,False,True
0,1.48755,50.0,0,0,1771289322515,True,True
0,1.48752,3311.60622,0,0,1771289328211,True,True
0,1.48897,2.34271116,0,0,1771289338890,True,True
0,1.48892,5.05384,0,0,1771289340667,True,True
0,1.48902,126.73825385,0,0,1771289350465,True,True
0,1.48955,1.8351584,0,0,1771289354398,True,True
0,1.48955,253.60755452,0,0,1771289354399,True,True
0,1.4894,2000.0,0,0,1771289361928,False,True
0,1.48926,3357.3901384,0,0,1771289362203,True,True
0,1.48935,2308.34277439,0,0,1771289362203,True,True
0,1.48935,261.5625,0,0,1771289362203,True,True
0,1.48935,1500.0,0,0,1771289362203,True,True
0,1.48936,249.99982682,0,0,1771289362203,True,True
0,1.48934,825.8983,0,0,1771289363276,True,True
0,1.48934,412.9492,0,0,1771289363277,True,True
0,1.4894,13.00555,0,0,1771289369752,True,True
0,1.48999,24.925,0,0,1771289373971,False,True
0,1.49,2.68456376,0,0,1771289376755,True,True
0,1.49028,456.84099624,0,0,1771289376755,True,True
0,1.48999,2000.0,0,0,1771289377864,False,True
0,1.48985,206.4746,0,0,1771289379114,True,True
0,1.4897,2000.0,0,0,1771289382119,False,True
0,1.48956,103.2373,0,0,1771289382477,True,True
0,1.4898,2000.0,0,0,1771289393024,False,True
0,1.4898,51.6186,0,0,1771289393379,True,True
0,1.4898,51.6186,0,0,1771289393379,True,True
0,1.4898,25.8093,0,0,1771289393381,True,True
0,1.4898,12.9047,0,0,1771289393382,True,True
0,1.4898,6.4523,0,0,1771289393383,True,True
0,1.4898,3.2262,0,0,1771289393385,True,True
0,1.49044,1.39797,0,0,1771289398596,True,True
0,1.48998,64.97756,0,0,1771289411118,True,True
0,1.49033,11.34934,0,0,1771289419219,True,True
0,1.49036,6.57743,0,0,1771289420598,True,True
0,1.49013,396.27415057,0,0,1771289422370,False,True
0,1.48998,1993.72584943,0,0,1771289422370,False,True
0,1.4894,2000.0,0,0,1771289430122,False,True
0,1.4894,69.59231,0,0,1771289433854,True,True
0,1.4894,0.65818,0,0,1771289435034,True,True
0,1.48996,11.65714,0,0,1771289443996,True,True
0,1.49031,37.41424,0,0,1771289450448,True,True
0,1.49037,6.67824,0,0,1771289453809,True,True
0,1.48994,2000.0,0,0,1771289460268,False,True
0,1.49005,0.83208,0,0,1771289464293,True,True
0,1.48975,70.7862957,0,0,1771289466309,False,True
0,1.48953,1.2935,0,0,1771289469725,True,True
0,1.48926,188.06002,0,0,1771289470547,True,True
0,1.48935,16.4545,0,0,1771289477571,True,True
0,1.48935,50.530677,0,0,1771289478836,True,True
0,1.48935,39.30163766,0,0,1771289482321,True,True
0,1.48935,22.45807866,0,0,1771289485544,True,True
0,1.48972,10.2997,0,0,1771289496866,True,True
0,1.48983,46.88955,0,0,1771289500673,True,True
0,1.48976,6.64607,0,0,1771289519406,True,True
0,1.48962,11.84601,0,0,1771289528257,False,True
0,1.49005,140.0,0,0,1771289542606,True,True
0,1.48993,3.70597471,0,0,1771289548313,False,True
0,1.48993,1996.2940252,0,0,1771289551670,False,True
0,1.48965,0.68269,0,0,1771289564977,True,True
0,1.4895,33.28616,0,0,1771289567794,False,True
0,1.48952,6.79922,0,0,1771289571338,False,True
0,1.48965,16.29409,0,0,1771289575876,True,True
0,1.48964,998.68072,0,0,1771289580150,True,True
0,1.4895,1960.0,0,0,1771289583019,False,True
0,1.48925,125.0,0,0,1771289592475,False,True
0,1.48917,125.0,0,0,1771289595218,False,True
0,1.48883,2000.0,0,0,1771289595265,False,True
0,1.48835,6.42715,0,0,1771289623521,True,True
0,1.48832,10.5209796,0,0,1771289625244,True,True
0,1.48835,6.15707,0,0,1771289638900,True,True
0,1.48834,67.5316124,0,0,1771289650432,True,True
0,1.48835,39.04416,0,0,1771289652225,True,True
0,1.48835,2.66621426,0,0,1771289655587,True,True
0,1.48835,32.5368,0,0,1771289659376,True,True
0,1.4881,152.03988,0,0,1771289669709,False,True
0,1.4881,1840.0,0,0,1771289672234,False,True
0,1.4875,2000.0,0,0,1771289678828,False,True
0,1.48742,6.17143,0,0,1771289680361,False,True
0,1.48742,1.37264101,0,0,1771289688881,False,True
0,1.48688,35.04354003,0,0,1771289688881,False,True
0,1.48687,7.62715896,0,0,1771289688881,False,True
0,1.48734,261.5625,0,0,1771289699406,False,True
0,1.48731,261.5625,0,0,1771289699406,False,True
0,1.48731,221.31449577,0,0,1771289699406,False,True
0,1.48736,1.03382,0,0,1771289710258,True,True
0,1.4872,2000.0,0,0,1771289713568,False,True
0,1.48596,125.0,0,0,1771289719163,False,True
0,1.48585,25.0,0,0,1771289719163,False,True
0,1.48579,6.73042623,0,0,1771289719163,False,True
0,1.48578,53.26957377,0,0,1771289719163,False,True
0,1.48591,70.52448147,0,0,1771289723491,True,True
0,1.48581,6.72975743,0,0,1771289725798,True,True
0,1.48584,118.27024257,0,0,1771289725798,True,True
0,1.48583,6.73134536,0,0,1771289732174,True,True
0,1.48584,10.00970464,0,0,1771289732174,True,True
0,1.48551,125.0,0,0,1771289742485,False,True
0,1.48535,125.0,0,0,1771289742485,False,True
0,1.48511,6.73162874,0,0,1771289742492,True,True
0,1.48465,1.01719,0,0,1771289752837,True,True
0,1.48495,8.72815,0,0,1771289764680,True,True
0,1.48476,138.38076908,0,0,1771289765338,True,True
0,1.48476,261.5625,0,0,1771289765338,True,True
0,1.48486,6734.64164971,0,0,1771289765338,True,True
0,1.48486,792.75915148,0,0,1771289765338,True,True
0,1.4849,261.5625,0,0,1771289765338,True,True
0,1.4849,35.39314786,0,0,1771289765338,True,True
0,1.48494,261.5625,0,0,1771289765338,True,True
0,1.48495,1491.27185,0,0,1771289765338,True,True
0,1.48499,547.30750309,0,0,1771289765338,True,True
0,1.48465,57.32074886,0,0,1771289765384,True,True
0,1.48454,125.0,0,0,1771289765564,True,True
0,1.48453,126.73825385,0,0,1771289766060,False,True
0,1.48451,125.0,0,0,1771289766060,False,True
0,1.48431,144.16841243,0,0,1771289766064,True,True
0,1.48426,10.250668,0,0,1771289766303,False,True
0,1.48426,114.749332,0,0,1771289767177,False,True
0,1.48426,115.250668,0,0,1771289767177,False,True
0,1.48426,9.749332,0,0,1771289770313,False,True
0,1.4834,2000.0,0,0,1771289775564,False,True
0,1.483,16.09575185,0,0,1771289777350,False,True
0,1.48304,125.0,0,0,1771289778655,True,True
0,1.4828,125.0,0,0,1771289784110,True,True
0,1.48279,125.0,0,0,1771289791099,True,True
0,1.4828,4.73502,0,0,1771289794376,True,True
0,1.4828,3.3,0,0,1771289795133,True,True
0,1.48273,261.5625,0,0,1771289799102,False,True
0,1.4826,50.50792479,0,0,1771289799102,False,True
0,1.48276,5.0,0,0,1771289810197,False,True
0,1.48268,50.530677,0,0,1771289815554,False,True
0,1.48268,39.30163766,0,0,1771289815554,False,True
0,1.48268,22.45807865,0,0,1771289815554,False,True
0,1.48277,1210.0,0,0,1771289825384,False,True
0,1.48277,0.5707667,0,0,1771289825821,False,True
0,1.48268,1879.4292333,0,0,1771289825821,False,True
0,1.48262,3.43755,0,0,1771289825971,False,True
0,1.48262,121.56245,0,0,1771289831385,False,True
0,1.48257,125.0,0,0,1771289831385,False,True
0,1.48257,125.0,0,0,1771289831385,False,True
0,1.48251,125.0,0,0,1771289831385,False,True
0,1.4825,63.43755,0,0,1771289831385,False,True
0,1.4825,3.80696939,0,0,1771289840917,False,True
0,1.48159,112.29039331,0,0,1771289846485,False,True
0,1.48181,1.89100509,0,0,1771289852613,True,True
0,1.4818,164.34,0,0,1771289852962,False,True
0,1.48231,35.39314787,0,0,1771289865240,True,True
0,1.48235,27.33235213,0,0,1771289865240,True,True
0,1.48217,70.78629573,0,0,1771289877438,False,True
0,1.48217,41.50409758,0,0,1771289877438,False,True
0,1.48261,25.0,0,0,1771289893067,False,True
0,1.48285,6.53136,0,0,1771289893985,True,True
0,1.48285,45.296872,0,0,1771289896582,True,True
0,1.4829,112.29039331,0,0,1771289908372,False,True
0,1.48344,65.29823,0,0,1771289933481,True,True
0,1.48344,70.78629573,0,0,1771289950757,True,True
0,1.48345,5.0,0,0,1771289950757,True,True
0,1.48352,279.69857327,0,0,1771289950757,True,True
0,1.48352,10.0,0,0,1771289950757,True,True
0,1.48352,384.515131,0,0,1771289950757,True,True
0,1.4833,2000.0,0,0,1771289968116,False,True
0,1.48315,650.0,0,0,1771289969157,False,True
0,1.48303,666.66666666,0,0,1771289969157,False,True
0,1.483,2000.0,0,0,1771289969157,False,True
0,1.483,261.5625,0,0,1771289969157,False,True
0,1.48299,2414.77083406,0,0,1771289969157,False,True
0,1.48329,33.04611,0,0,1771289973462,True,True
0,1.48303,4.81284956,0,0,1771289975608,False,True
0,1.48313,26.31313505,0,0,1771289978618,True,True
0,1.4829,25.0,0,0,1771289989707,False,True
0,1.48311,1.05435,0,0,1771289992573,True,True
0,1.48319,26.17335,0,0,1771290000374,False,True
0,1.48413,1.26769,0,0,1771290007096,True,True
0,1.48399,59.2018106,0,0,1771290008692,False,True
0,1.48417,6.0,0,0,1771290009740,True,True
0,1.48473,163.17738,0,0,1771290023669,True,True
0,1.48511,2.90279,0,0,1771290029370,True,True
0,1.48476,49.77092131,0,0,1771290029552,False,True
0,1.485,2000.0,0,0,1771290040232,False,True
0,1.48462,6.66904,0,0,1771290043038,True,True
0,1.4846,2000.0,0,0,1771290044421,False,True
0,1.48451,4740.81563869,0,0,1771290044421,False,True
0,1.48463,269.37612,0,0,1771290055633,True,True
0,1.48629,49.97572,0,0,1771290073590,True,True
0,1.48608,65.97344617,0,0,1771290077454,False,True
0,1.48608,184.02655383,0,0,1771290077454,False,True
0,1.48639,59.1002207,0,0,1771290084728,False,True
0,1.48675,1147.10068991,0,0,1771290086205,True,True
0,1.48675,150.73821866,0,0,1771290086271,True,True
0,1.48675,202.16109143,0,0,1771290086297,True,True
0,1.48762,18.64988,0,0,1771290087126,True,True
0,1.4869,2.24896552,0,0,1771290114220,False,True
0,1.48711,21.0,0,0,1771290120262,False,True
0,1.48771,13.02452,0,0,1771290122994,True,True
0,1.48729,2000.0,0,0,1771290128677,False,True
0,1.48726,6.62427,0,0,1771290137571,True,True
0,1.4872,25.0,0,0,1771290158387,False,True
0,1.4864,250.0,0,0,1771290172152,False,True
0,1.4864,1750.0,0,0,1771290176707,False,True
0,1.48458,652.71073,0,0,1771290200244,True,True
0,1.48334,13.02452,0,0,1771290209157,False,True
0,1.48333,18.95707,0,0,1771290209157,False,True
0,1.48457,31.23089,0,0,1771290232196,True,True
0,1.48557,65.19004,0,0,1771290260529,True,True
0,1.4854,164.42709035,0,0,1771290263627,True,True
0,1.48512,2.75445,0,0,1771290268327,False,True
0,1.48553,9.24751,0,0,1771290272481,True,True
0,1.4851,2000.0,0,0,1771290276687,False,True
0,1.48462,130.38954,0,0,1771290285937,True,True
0,1.48434,967.3,0,0,1771290292104,False,True
0,1.48462,18.159529,0,0,1771290301577,True,True
0,1.48462,18.967817,0,0,1771290301577,True,True
0,1.48525,15.808786,0,0,1771290301698,True,True
0,1.48525,16.191214,0,0,1771290301698,True,True
0,1.48525,1.044942,0,0,1771290312962,True,True
0,1.48571,6.73078864,0,0,1771290317564,False,True
0,1.4857,38.36523136,0,0,1771290317564,False,True
0,1.4851,6.0,0,0,1771290328317,False,True
0,1.48491,5.89506772,0,0,1771290351722,True,True
0,1.48492,6.64955228,0,0,1771290351722,True,True
0,1.48489,6.12644,0,0,1771290360339,True,True
0,1.4847,2000.0,0,0,1771290366492,False,True
0,1.48445,69.73999,0,0,1771290372691,False,True
0,1.4843,2000.0,0,0,1771290384569,False,True
0,1.4839,10.07406204,0,0,1771290389552,False,True
0,1.48397,3.92553,0,0,1771290391683,True,True
0,1.48397,50.52232224,0,0,1771290404586,False,True
0,1.48398,17.304815,0,0,1771290414557,True,True
0,1.484,17.169811,0,0,1771290414557,True,True
0,1.48431,17.327917,0,0,1771290420684,True,True
0,1.48487,16.34665197,0,0,1771290420684,True,True
0,1.48489,12.029787,0,0,1771290440555,True,True
0,1.48489,18.237041,0,0,1771290440555,True,True
0,1.48489,18.129289,0,0,1771290440555,True,True
0,1.48539,18.338618,0,0,1771290441478,True,True
0,1.48568,276.661382,0,0,1771290441478,True,True
0,1.48489,47.57754197,0,0,1771290462010,False,True
0,1.4847,2000.0,0,0,1771290462451,False,True
0,1.4849,329.95888021,0,0,1771290478123,False,True
0,1.48513,65.21601,0,0,1771290482415,True,True
0,1.48491,39.13066,0,0,1771290485795,True,True
0,1.4849,1670.0,0,0,1771290486376,False,True
0,1.48471,2.0,0,0,1771290490238,False,True
0,1.48509,14.517639,0,0,1771290505407,True,True
0,1.48513,5.57028573,0,0,1771290505407,True,True
0,1.48513,14.113243,0,0,1771290505407,True,True
0,1.48514,17.102765,0,0,1771290505407,True,True
0,1.48514,16.617962,0,0,1771290505407,True,True
0,1.48514,15.75609,0,0,1771290505407,True,True
0,1.48582,1236.52503527,0,0,1771290505407,True,True
0,1.48569,600.0,0,0,1771290526766,True,True
0,1.48575,28.98183,0,0,1771290526766,True,True
0,1.48563,16.962501,0,0,1771290531280,False,True
0,1.48551,58.177449,0,0,1771290531280,False,True
0,1.48563,16.774029,0,0,1771290547067,False,True
0,1.48542,70.78629573,0,0,1771290547067,False,True
0,1.4854,73.84127527,0,0,1771290547067,False,True
0,1.48562,70.78629573,0,0,1771290551753,True,True
0,1.48563,1951.49942427,0,0,1771290551753,True,True
0,1.48603,18.034629,0,0,1771290553851,True,True
0,1.48603,82.10435204,0,0,1771290553851,True,True
0,1.48584,18.19846,0,0,1771290556932,False,True
0,1.48569,70.78629573,0,0,1771290556932,False,True
0,1.48569,111.01524427,0,0,1771290556932,False,True
0,1.48631,261.5625,0,0,1771290572960,True,True
0,1.48633,600.34425432,0,0,1771290572960,True,True
0,1.48636,3352.09583568,0,0,1771290572960,True,True
0,1.4864,70.78629573,0,0,1771290573790,True,True
0,1.48641,159.47591427,0,0,1771290573790,True,True
0,1.4867,121.61428,0,0,1771290576392,True,True
0,1.4867,19.78605,0,0,1771290584018,True,True
0,1.48761,19.80056,0,0,1771290594532,True,True
0,1.48759,261.5625,0,0,1771290594560,False,True
0,1.48746,642.62910729,0,0,1771290594560,False,True
0,1.48744,261.5625,0,0,1771290594560,False,True
0,1.4874,35.39314786,0,0,1771290594560,False,True
0,1.48729,6129.4,0,0,1771290594560,False,True
0,1.48729,10029.0969193,0,0,1771290595285,True,True
0,1.48729,688.07356155,0,0,1771290596192,True,True
0,1.48796,16.48605,0,0,1771290596680,True,True
0,1.49066,7.999999,0,0,1771290609183,False,True
0,1.49053,1500.0,0,0,1771290610318,False,True
0,1.4904,2000.0,0,0,1771290621017,False,True
0,1.49001,65.14626,0,0,1771290623696,True,True
0,1.49,2000.0,0,0,1771290625030,False,True
0,1.49081,49.90006249,0,0,1771290665065,False,True
0,1.49085,500.0,0,0,1771290666597,False,True
0,1.49085,13.47327575,0,0,1771290667650,False,True
0,1.49097,53.69127516,0,0,1771290668517,True,True
0,1.48995,115.484869,0,0,1771290681460,True,True
0,1.48995,500.0,0,0,1771290681460,True,True
0,1.48995,284.515131,0,0,1771290681460,True,True
0,1.49045,134.1714577,0,0,1771290697090,True,True
0,1.4903,2000.0,0,0,1771290698921,False,True
0,1.4899,2000.0,0,0,1771290702148,False,True
0,1.48956,17.89054726,0,0,1771290703867,False,True
0,1.48995,13.00275,0,0,1771290715270,True,True
0,1.4895,3.22679374,0,0,1771290727848,True,True
0,1.48904,67.14563889,0,0,1771290749843,True,True
0,1.48904,13.00974,0,0,1771290767950,True,True
0,1.48904,53.09561494,0,0,1771290781024,True,True
0,1.4895,16.25584,0,0,1771290785852,True,True
0,1.48992,23.06344,0,0,1771290794813,True,True
0,1.48992,6.50216,0,0,1771290794973,True,True
0,1.48995,3.33912,0,0,1771290795039,True,True
0,1.4899,386.2603022,0,0,1771290796555,False,True
0,1.48948,261.5625,0,0,1771290804506,False,True
0,1.48947,1054.12610299,0,0,1771290804506,False,True
0,1.48974,6.49876,0,0,1771290805486,True,True
0,1.4894,2000.0,0,0,1771290827868,False,True
0,1.4893,37.31142422,0,0,1771290827868,False,True
0,1.4891,400.0,0,0,1771290835241,False,True
0,1.48932,26.6628,0,0,1771290844648,True,True
0,1.48928,32.50928,0,0,1771290850273,True,True
0,1.48897,10.0,0,0,1771290853238,False,True
0,1.48897,7.354278,0,0,1771290858465,False,True
0,1.48847,64.95874787,0,0,1771290858465,False,True
0,1.48846,402.68697413,0,0,1771290858465,False,True
0,1.48867,32.83339,0,0,1771290864222,True,True
0,1.48849,261.5625,0,0,1771290868080,False,True
0,1.48847,618.27441439,0,0,1771290868080,False,True
0,1.48846,29.88913688,0,0,1771290868080,False,True
0,1.48836,6.56959,0,0,1771290876320,True,True
0,1.48762,1.1832398,0,0,1771290886097,False,True
0,1.48762,1.0,0,0,1771290888287,False,True
0,1.48763,250.0,0,0,1771290894363,True,True
0,1.48771,2.57386,0,0,1771290906735,True,True
0,1.4877,100.0,0,0,1771290910461,False,True
0,1.4877,79.53991,0,0,1771290912988,False,True
0,1.48728,20.009682,0,0,1771290919585,False,True
0,1.48728,20.144156,0,0,1771290919585,False,True
0,1.48728,20.359314,0,0,1771290919585,False,True
0,1.48728,20.493787,0,0,1771290919585,False,True
0,1.4872,1998.993061,0,0,1771290919585,False,True
0,1.48695,6.65881,0,0,1771290930242,True,True
0,1.4867,236.37786,0,0,1771290931477,False,True
0,1.48671,67.10459,0,0,1771290954346,True,True
0,1.48657,15.75729562,0,0,1771290961591,True,True
0,1.48657,130.27263,0,0,1771290962427,True,True
0,1.48657,6.34152,0,0,1771290964716,True,True
0,1.48656,20.18082,0,0,1771290969379,False,True
0,1.48622,18.974311,0,0,1771290969379,False,True
0,1.48622,19.539503,0,0,1771290969379,False,True
0,1.48614,20.348016,0,0,1771290969379,False,True
0,1.48614,239.13144693,0,0,1771290969379,False,True
0,1.48608,1.0,0,0,1771290979457,False,True
0,1.4862,349.07545599,0,0,1771290986069,False,True
0,1.48569,10.0,0,0,1771290990982,False,True
0,1.48569,8.334915,0,0,1771291002306,False,True
0,1.48541,17.799799,0,0,1771291002434,False,True
0,1.48504,10.0,0,0,1771291010150,False,True
0,1.48505,5.30741,0,0,1771291011042,True,True
0,1.48505,13.16952,0,0,1771291014984,True,True
0,1.48504,6.322793,0,0,1771291017193,False,True
0,1.48471,0.92688,0,0,1771291030465,True,True
0,1.48459,123.26603089,0,0,1771291034453,False,True
0,1.48444,6.73396911,0,0,1771291034453,False,True
0,1.48444,8.62535789,0,0,1771291040946,False,True
0,1.48398,6.54029,0,0,1771291043976,True,True
0,1.48398,45.84997,0,0,1771291069443,True,True
0,1.48397,67.38680701,0,0,1771291070834,False,True
0,1.48343,32.83339,0,0,1771291070834,False,True
0,1.4834,3370.63025775,0,0,1771291070834,False,True
0,1.48338,624.17705932,0,0,1771291070834,False,True
0,1.48337,261.5625,0,0,1771291070834,False,True
0,1.48331,2773.08562001,0,0,1771291070834,False,True
0,1.4833,2317.9141533,0,0,1771291070834,False,True
0,1.4833,4716.5840514,0,0,1771291070834,False,True
0,1.48329,6741.76311962,0,0,1771291070834,False,True
0,1.48313,261.5625,0,0,1771291070834,False,True
0,1.48313,2000.0,0,0,1771291070834,False,True
0,1.48301,6738.78453065,0,0,1771291070834,False,True
0,1.48299,93.71601094,0,0,1771291070834,False,True
0,1.48342,31.3183,0,0,1771291073127,True,True
0,1.48402,1.0,0,0,1771291081938,False,True
0,1.48423,495.48789,0,0,1771291082159,True,True
0,1.4846,347.71566,0,0,1771291120368,False,True
0,1.4846,100.0,0,0,1771291120710,False,True
0,1.48461,53.65045365,0,0,1771291123461,True,True
0,1.48536,6.6352,0,0,1771291142987,True,True
0,1.48531,200.0,0,0,1771291149584,True,True
0,1.48531,19.61797,0,0,1771291166608,True,True
0,1.48558,125.65756,0,0,1771291177897,True,True
0,1.48582,70.78629573,0,0,1771291192944,True,True
0,1.48583,61.20150427,0,0,1771291192944,True,True
0,1.48572,3.33333333,0,0,1771291193835,True,True
0,1.48557,5.43880078,0,0,1771291196541,False,True
0,1.48599,6.52128375,0,0,1771291208301,False,True
0,1.486,500.0,0,0,1771291211116,True,True
0,1.48698,197.9737,0,0,1771291214417,True,True
0,1.48698,13.07011,0,0,1771291215444,True,True
0,1.486,70.69491,0,0,1771291236108,False,True
0,1.48579,23.98842427,0,0,1771291248445,False,True
0,1.48534,3.28378305,0,0,1771291255235,True,True
0,1.48533,30.0,0,0,1771291256490,True,True
0,1.48515,6.19088,0,0,1771291260978,False,True
0,1.48484,22.51560835,0,0,1771291274432,False,True
0,1.48473,102.44586165,0,0,1771291274432,False,True
0,1.48481,1.6568669,0,0,1771291289060,True,True
0,1.48481,629.18463,0,0,1771291297322,True,True
0,1.48469,1.38387,0,0,1771291306054,True,True
0,1.48469,52.31389,0,0,1771291306995,True,True
0,1.48469,49.04427,0,0,1771291313425,True,True
0,1.48468,21.17307221,0,0,1771291319118,False,True
0,1.48468,13.51480779,0,0,1771291319118,False,True
0,1.48469,14.225192,0,0,1771291320681,True,True
0,1.48469,15.275916,0,0,1771291320681,True,True
0,1.48637,0.76972,0,0,1771291335336,True,True
0,1.48603,6.58122,0,0,1771291336961,True,True
0,1.48571,261.5625,0,0,1771291348705,False,True
0,1.4857,128.72755,0,0,1771291348705,False,True
0,1.48587,16.232914,0,0,1771291354507,True,True
0,1.48594,46.320126,0,0,1771291354507,True,True
0,1.48587,11.79151,0,0,1771291365105,True,True
0,1.48586,70.7502,0,0,1771291380449,False,True
0,1.48545,17.60944797,0,0,1771291390801,False,True
0,1.48507,70.78629573,0,0,1771291390801,False,True
0,1.48506,223.72100138,0,0,1771291390801,False,True
0,1.48546,13.760047,0,0,1771291414182,True,True
0,1.48552,1.724822,0,0,1771291414182,True,True
0,1.48552,500.0,0,0,1771291414182,True,True
0,1.48552,84.515131,0,0,1771291414182,True,True
0,1.48552,329.98338,0,0,1771291415240,True,True
0,1.4854,14.783897,0,0,1771291434845,False,True
0,1.48535,0.699683,0,0,1771291434845,False,True
0,1.48571,1.65598578,0,0,1771291444343,True,True
0,1.48587,3.822238,0,0,1771291444343,True,True
0,1.48587,14.994582,0,0,1771291444343,True,True
0,1.48587,14.240815,0,0,1771291444343,True,True
0,1.48596,277.35680401,0,0,1771291444343,True,True
0,1.48596,312.11674508,0,0,1771291444343,True,True
0,1.48599,70.78629573,0,0,1771291455822,True,True
0,1.48599,54.72460272,0,0,1771291455822,True,True
0,1.48595,6.63011,0,0,1771291461145,True,True
0,1.48581,15.04903,0,0,1771291461910,False,True
0,1.4858,57.36579496,0,0,1771291461910,False,True
0,1.4858,400.0,0,0,1771291474662,False,True
0,1.48582,5.8569135,0,0,1771291503219,True,True
0,1.48582,2798.1974134,0,0,1771291503219,True,True
0,1.48582,738.38629,0,0,1771291504963,True,True
0,1.48604,12.9661137,0,0,1771291531863,True,True
0,1.48603,6.72933924,0,0,1771291537655,False,True
0,1.48603,17.738538,0,0,1771291537655,False,True
0,1.48602,26.0021671,0,0,1771291537655,False,True
0,1.48604,3.6687013,0,0,1771291541916,True,True
0,1.48637,2.9933187,0,0,1771291541916,True,True
0,1.48628,5.68795855,0,0,1771291542860,True,True
0,1.48638,13.91128145,0,0,1771291542860,True,True
0,1.48584,5.51224218,0,0,1771291551942,True,True
0,1.48584,3.84279782,0,0,1771291551942,True,True
0,1.48586,627.52512,0,0,1771291564749,True,True
0,1.48586,97.53,0,0,1771291566160,True,True
0,1.48623,26.07113,0,0,1771291586611,True,True
0,1.48597,261.5625,0,0,1771291587428,False,True
0,1.48594,61.46427786,0,0,1771291587428,False,True
0,1.48593,79.7541758,0,0,1771291587428,False,True
0,1.48619,63.32601,0,0,1771291587561,True,True
0,1.48582,13.25978,0,0,1771291599922,True,True
0,1.48581,1.65567371,0,0,1771291601318,False,True
0,1.48581,6078.34432629,0,0,1771291601318,False,True
0,1.48582,7.61564447,0,0,1771291601381,True,True
0,1.48581,3.90037525,0,0,1771291611393,False,True
0,1.4858,14.914524,0,0,1771291611393,False,True
0,1.48549,15.079199,0,0,1771291612531,False,True
0,1.48548,16.53943435,0,0,1771291612531,False,True
0,1.4854,15.564831,0,0,1771291612592,False,True
0,1.4852,13.977915,0,0,1771291615224,False,True
0,1.48456,26.07112999,0,0,1771291622996,True,True
0,1.48456,31.81245001,0,0,1771291622996,True,True
0,1.48439,15.66242819,0,0,1771291623652,False,True
0,1.48425,69.18077181,0,0,1771291623652,False,True
0,1.48447,13.04777,0,0,1771291627895,True,True
0,1.48428,97.53,0,0,1771291648178,False,True
0,1.48419,1.63124,0,0,1771291685036,True,True
0,1.48419,20.051341,0,0,1771291695442,True,True
0,1.4843,19.537829,0,0,1771291695442,True,True
0,1.48435,18.944319,0,0,1771291695442,True,True
0,1.4846,16.40846,0,0,1771291695442,True,True
0,1.4846,17.432305,0,0,1771291695442,True,True
0,1.4847,35.39314787,0,0,1771291695442,True,True
0,1.48471,1190.11657813,0,0,1771291695442,True,True
0,1.48443,70.78629573,0,0,1771291701229,False,True
0,1.48442,79.21370427,0,0,1771291701229,False,True
0,1.4842,402.78095366,0,0,1771291733464,False,True
0,1.4842,1424.57716242,0,0,1771291744497,False,True
0,1.48391,150.0,0,0,1771291746208,False,True
0,1.48369,11.84747749,0,0,1771291746208,False,True
0,1.48356,25.0,0,0,1771291746208,False,True
0,1.48347,295.15252251,0,0,1771291746208,False,True
0,1.48363,66.08197,0,0,1771291749254,True,True
0,1.48369,2.75304,0,0,1771291758651,True,True
0,1.48347,5.42196,0,0,1771291775724,False,True
0,1.48355,1.24930066,0,0,1771291784757,True,True
0,1.48355,19.26905034,0,0,1771291786856,True,True
0,1.48355,20.329615,0,0,1771291786856,True,True
0,1.48371,9.96174466,0,0,1771291786856,True,True
0,1.48371,10.71615034,0,0,1771291789586,True,True
0,1.48381,70.78629573,0,0,1771291789586,True,True
0,1.48382,14.31254393,0,0,1771291789586,True,True
0,1.48348,1.40932132,0,0,1771291801058,True,True
0,1.4835,0.6528,0,0,1771291803823,True,True
0,1.48324,8.04064,0,0,1771291811283,True,True
0,1.48323,6.54457,0,0,1771291819344,True,True
0,1.4832,295.62534813,0,0,1771291841550,False,True
0,1.4832,33.7108953,0,0,1771291842692,False,True
0,1.48303,10.0,0,0,1771291842886,False,True
0,1.48304,1328.78944,0,0,1771291844626,True,True
0,1.48304,33.04967,0,0,1771291846364,True,True
0,1.48315,13.09302,0,0,1771291857873,True,True
0,1.48315,1.28302,0,0,1771291863570,True,True
0,1.48314,100.0,0,0,1771291871158,False,True
0,1.48315,8.95391565,0,0,1771291872265,True,True
0,1.48315,9.28907335,0,0,1771291876389,True,True
0,1.48315,19.579948,0,0,1771291876389,True,True
0,1.48315,19.687827,0,0,1771291876389,True,True
0,1.48315,19.660857,0,0,1771291876389,True,True
0,1.48321,19.660062,0,0,1771291876389,True,True
0,1.48321,19.525219,0,0,1771291876389,True,True
0,1.48321,19.363408,0,0,1771291876389,True,True
0,1.48321,19.255534,0,0,1771291876389,True,True
0,1.48321,19.309471,0,0,1771291876389,True,True
0,1.48324,20.172056,0,0,1771291876389,True,True
0,1.48324,19.821472,0,0,1771291876389,True,True
0,1.48348,20.195756,0,0,1771291876624,True,True
0,1.48364,6.736891,0,0,1771291876665,True,True
0,1.48364,13.537569,0,0,1771291876665,True,True
0,1.48378,24.20755,0,0,1771291895809,True,True
0,1.48367,21.09015,0,0,1771291898442,True,True
0,1.48369,65.42389,0,0,1771291904361,True,True
0,1.48392,20.998437,0,0,1771291930294,True,True
0,1.48423,21.128516,0,0,1771291933304,True,True
0,1.48423,0.135035,0,0,1771291933305,True,True
0,1.48423,21.236601,0,0,1771291933305,True,True
0,1.48425,21.128516,0,0,1771291933306,True,True
0,1.48486,15.57475,0,0,1771291938656,True,True
0,1.48471,19.882671,0,0,1771291946058,False,True
0,1.4844,614.19602833,0,0,1771291952866,True,True
0,1.48464,32.94266,0,0,1771291954806,True,True
0,1.48465,6.60539,0,0,1771291957312,True,True
0,1.48465,450.60451958,0,0,1771291960094,True,True
0,1.48463,132.57983,0,0,1771291966716,False,True
0,1.48464,633.54122571,0,0,1771291974953,True,True
0,1.48464,20.26380429,0,0,1771291974953,True,True
0,1.48463,21.096165,0,0,1771291976395,False,True
0,1.48455,20.747028,0,0,1771291976395,False,True
0,1.48455,21.043414,0,0,1771291976395,False,True
0,1.4845,27.494533,0,0,1771291976395,False,True
0,1.48456,33.67456897,0,0,1771291981081,False,True
0,1.48472,62.77835,0,0,1771291983163,True,True
0,1.48486,5.383455,0,0,1771291998741,True,True
0,1.48521,14.435669,0,0,1771292000877,True,True
0,1.4854,10.1468,0,0,1771292007441,False,True
0,1.48541,14.7834,0,0,1771292014316,True,True
0,1.4854,1989.8532,0,0,1771292016093,False,True
0,1.4854,19.442574,0,0,1771292016093,False,True
0,1.48525,261.5625,0,0,1771292016093,False,True
0,1.48523,3366.46348668,0,0,1771292016093,False,True
0,1.48513,4887.11981054,0,0,1771292016093,False,True
0,1.48572,13.07213,0,0,1771292022676,True,True
0,1.48557,47.05968,0,0,1771292025829,True,True
0,1.48563,8191.3,0,0,1771292027493,True,True
0,1.4857,3365.42422603,0,0,1771292027493,True,True
0,1.48575,1500.0,0,0,1771292027493,True,True
0,1.4858,6730.40275047,0,0,1771292027493,True,True
0,1.48581,261.5625,0,0,1771292027493,True,True
0,1.48581,624.47577554,0,0,1771292027493,True,True
0,1.48582,13.541344,0,0,1771292027493,True,True
0,1.48583,794.13456939,0,0,1771292027493,True,True
0,1.48584,2745.57302836,0,0,1771292027493,True,True
0,1.48593,773.58580621,0,0,1771292027493,True,True
0,1.48556,19.467406,0,0,1771292040501,False,True
0,1.48556,19.602036,0,0,1771292040501,False,True
0,1.48556,19.925146,0,0,1771292040501,False,True
0,1.4855,175.399282,0,0,1771292040501,False,True
0,1.48639,16.550165,0,0,1771292048899,True,True
0,1.48677,183.449835,0,0,1771292048899,True,True
0,1.48751,1000.0,0,0,1771292061110,True,True
0,1.488,842.19750477,0,0,1771292068030,True,True
0,1.4886,261.5625,0,0,1771292068030,True,True
0,1.48877,1896.23999523,0,0,1771292068030,True,True
0,1.48926,4.55349516,0,0,1771292070149,True,True
0,1.48841,228.22149,0,0,1771292079324,True,True
0,1.4884,20.048374,0,0,1771292084616,False,True
0,1.48814,2000.0,0,0,1771292085002,True,True
0,1.48792,1.35044,0,0,1771292085139,False,True
0,1.48792,4.55349516,0,0,1771292085632,False,True
0,1.48776,492.2893,0,0,1771292092652,True,True
0,1.4884,5.71651812,0,0,1771292102554,True,True
0,1.48841,294.29703188,0,0,1771292102554,True,True
0,1.48811,5.59576546,0,0,1771292110038,True,True
0,1.48811,59.46516454,0,0,1771292110038,True,True
0,1.48815,5.47803623,0,0,1771292111232,True,True
0,1.48816,994.52196377,0,0,1771292111232,True,True
0,1.48863,5.36437506,0,0,1771292118423,True,True
0,1.48864,11.26714494,0,0,1771292118423,True,True
0,1.4883,2000.0,0,0,1771292123009,False,True
0,1.48811,5.08462299,0,0,1771292129591,True,True
0,1.48811,34.87498349,0,0,1771292129591,True,True
0,1.48867,4.54881408,0,0,1771292134431,True,True
0,1.48888,4.98165077,0,0,1771292134641,True,True
0,1.48889,472.3150954,0,0,1771292134641,True,True
0,1.48858,6.7178116,0,0,1771292137581,False,True
0,1.48857,6.7862184,0,0,1771292137581,False,True
0,1.4884,2000.0,0,0,1771292140575,False,True
0,1.48822,70.78629573,0,0,1771292140575,False,True
0,1.48816,6.71970755,0,0,1771292140575,False,True
0,1.48815,674.78248622,0,0,1771292140575,False,True
0,1.48835,70.78629573,0,0,1771292142511,True,True
0,1.48843,5.06087193,0,0,1771292142511,True,True
0,1.48844,924.15283234,0,0,1771292142511,True,True
0,1.4882,2000.0,0,0,1771292151970,False,True
0,1.48811,136.78424311,0,0,1771292157314,True,True
0,1.4881,4.54881408,0,0,1771292158047,False,True
0,1.4881,16.47127892,0,0,1771292165830,False,True
0,1.48805,21.23584598,0,0,1771292165830,False,True
0,1.48772,1626.61117473,0,0,1771292166579,True,True
0,1.48772,1548.65675593,0,0,1771292166579,True,True
0,1.48772,1414.32657307,0,0,1771292166579,True,True
0,1.48772,1348.7010399,0,0,1771292166579,True,True
0,1.48772,2348.63963006,0,0,1771292166579,True,True
0,1.48772,795.37504466,0,0,1771292166579,True,True
0,1.48761,32.94085,0,0,1771292175798,True,True
0,1.48761,6.59038,0,0,1771292182623,True,True
0,1.4876,20.0,0,0,1771292183735,False,True
0,1.4876,1.269158,0,0,1771292187024,False,True
0,1.48737,1.5,0,0,1771292191648,False,True
0,1.48738,16.31852,0,0,1771292194429,True,True
0,1.48737,18.481578,0,0,1771292202613,False,True
0,1.48737,19.874006,0,0,1771292202613,False,True
0,1.48721,20.279584,0,0,1771292202613,False,True
0,1.4866,831.42742,0,0,1771292212231,False,True
0,1.48661,657.55684325,0,0,1771292212968,True,True
0,1.48661,261.5625,0,0,1771292212968,True,True
0,1.48664,600.0,0,0,1771292212968,True,True
0,1.48665,439.10340675,0,0,1771292212968,True,True
0,1.48641,6.53066,0,0,1771292230720,True,True
0,1.48639,488.62657,0,0,1771292233065,True,True
0,1.48638,20.34473,0,0,1771292234044,False,True
0,1.48592,500.0,0,0,1771292235932,True,True
0,1.486,11.84697029,0,0,1771292242859,True,True
0,1.48602,5.54909,0,0,1771292253558,True,True
0,1.48635,621.30831943,0,0,1771292273631,False,True
0,1.48634,1094.47944057,0,0,1771292273631,False,True
0,1.48655,69.09119,0,0,1771292273924,True,True
0,1.48655,116.71319498,0,0,1771292274286,True,True
0,1.48655,6.59508,0,0,1771292279947,True,True
0,1.48755,909.72605127,0,0,1771292296526,True,True
0,1.48755,65.006852,0,0,1771292297455,True,True
0,1.48831,12.63772,0,0,1771292323715,True,True
0,1.48792,8.87378902,0,0,1771292333205,False,True
0,1.48789,9.76294,0,0,1771292347382,True,True
0,1.48804,651.00724,0,0,1771292362825,True,True
0,1.48779,84.40532,0,0,1771292372537,False,True
0,1.48781,615.6602691,0,0,1771292381369,True,True
0,1.48789,187.36673044,0,0,1771292381369,True,True
0,1.48789,31.15597,0,0,1771292382285,True,True
0,1.48789,197.14404322,0,0,1771292382483,True,True
0,1.48788,6.65479,0,0,1771292383790,True,True
0,1.48878,6.58999,0,0,1771292398934,True,True
0,1.4884,2000.0,0,0,1771292404616,False,True
0,1.48835,114.18013236,0,0,1771292424311,True,True
0,1.48871,60.27801,0,0,1771292457062,False,True
0,1.4887,35.39314786,0,0,1771292457513,False,True
0,1.4887,23.80317214,0,0,1771292457513,False,True
0,1.48884,4700.1346635,0,0,1771292460379,True,True
0,1.48885,568.8941065,0,0,1771292460379,True,True
0,1.48852,67.18082391,0,0,1771292464436,True,True
0,1.48763,83.56244496,0,0,1771292483727,True,True
0,1.48754,13.02181,0,0,1771292490591,True,True
0,1.48824,18.71835,0,0,1771292500202,True,True
0,1.48803,32.63617,0,0,1771292502137,True,True
0,1.4878,2000.0,0,0,1771292512179,False,True
0,1.4874,7.12328323,0,0,1771292513819,False,True
0,1.487,2000.0,0,0,1771292532094,False,True
0,1.48713,3.69772758,0,0,1771292539429,True,True
0,1.4867,360.19372,0,0,1771292563402,False,True
0,1.48579,14.9178061,0,0,1771292610482,False,True
0,1.4858,329.92063,0,0,1771292627351,True,True
0,1.48579,48.34820053,0,0,1771292636499,False,True
0,1.48556,15.69179947,0,0,1771292636499,False,True
0,1.48575,11.99407188,0,0,1771292636593,True,True
0,1.48576,772.12797812,0,0,1771292636593,True,True
0,1.48574,160.8917253,0,0,1771292640382,False,True
0,1.48617,6.63038,0,0,1771292653115,True,True
0,1.48615,9.23535,0,0,1771292671404,True,True
0,1.48615,3.8356184,0,0,1771292681109,True,True
0,1.4862,12.1102516,0,0,1771292681109,True,True
0,1.48703,5.01308288,0,0,1771292706140,True,True
0,1.48704,14.3337155,0,0,1771292706140,True,True
0,1.48701,4.90814564,0,0,1771292707841,True,True
0,1.48702,5.14626436,0,0,1771292707841,True,True
0,1.48741,4.80511264,0,0,1771292716711,True,True
0,1.48754,86.19488736,0,0,1771292716711,True,True
0,1.48766,7.0,0,0,1771292717795,True,True
0,1.48767,4.70382587,0,0,1771292717795,True,True
0,1.48768,0.67091413,0,0,1771292717795,True,True
0,1.48741,4.60465295,0,0,1771292720099,True,True
0,1.48745,8.70646705,0,0,1771292720099,True,True
0,1.4874,2000.0,0,0,1771292727891,False,True
0,1.48713,4.35849316,0,0,1771292732658,True,True
0,1.4872,123.39857052,0,0,1771292732658,True,True
0,1.48725,4.26959281,0,0,1771292742468,True,True
0,1.48726,23.3920418,0,0,1771292742468,True,True
0,1.4868,205.32492735,0,0,1771292762237,False,True
0,1.4859,16.28306,0,0,1771292766826,True,True
0,1.4864,0.92451903,0,0,1771292780042,True,True
0,1.48633,15.46801,0,0,1771292786218,False,True
0,1.48663,6.7266233,0,0,1771292796206,True,True
0,1.48621,50.69543252,0,0,1771292807775,False,True
0,1.4862,128.17468014,0,0,1771292807775,False,True
0,1.4862,11.58977041,0,0,1771292807775,False,True
0,1.4862,1860.0,0,0,1771292811155,False,True
0,1.48615,17.91205464,0,0,1771292833190,True,True
0,1.48601,17.59909633,0,0,1771292838117,False,True
0,1.4863,0.99009901,0,0,1771292860370,False,True
0,1.4863,1990.0,0,0,1771292865315,False,True
0,1.48601,8.11569235,0,0,1771292880145,False,True
0,1.48589,9.51013731,0,0,1771292880145,False,True
0,1.48561,261.5625,0,0,1771292903067,False,True
0,1.4856,2000.0,0,0,1771292903067,False,True
0,1.48556,4.55645753,0,0,1771292903067,False,True
0,1.48556,615.61722945,0,0,1771292903067,False,True
0,1.48545,20.09086321,0,0,1771292903067,False,True
0,1.48544,1098.17294981,0,0,1771292903067,False,True
0,1.48577,17.81526,0,0,1771292903632,True,True
0,1.4856,0.99009901,0,0,1771292904233,False,True
0,1.4856,44.6828,0,0,1771292908490,False,True
0,1.4856,210.1184478,0,0,1771292914606,False,True
0,1.48561,6.59895,0,0,1771292914626,True,True
0,1.4856,1744.20865319,0,0,1771292914651,False,True
0,1.4854,19.388717,0,0,1771292919366,False,True
0,1.48501,6.47450185,0,0,1771292922030,True,True
0,1.48502,10.05638,0,0,1771292937120,False,True
0,1.48501,13.20385,0,0,1771292951644,True,True
0,1.485,1.65,0,0,1771292965316,False,True
0,1.48485,19.719164,0,0,1771292965316,False,True
0,1.48485,18.630836,0,0,1771292965316,False,True
0,1.48485,1.061389,0,0,1771292965841,False,True
0,1.48457,3.69772758,0,0,1771292969978,False,True
0,1.48458,12.98028,0,0,1771292972059,True,True
0,1.48457,16.40236842,0,0,1771292972318,False,True
0,1.48456,20.63911198,0,0,1771292972318,False,True
0,1.48481,52.97103573,0,0,1771292986800,True,True
0,1.48481,9.79210427,0,0,1771292986800,True,True
0,1.48493,261.5625,0,0,1771293001204,False,True
0,1.48491,3367.20744018,0,0,1771293001204,False,True
0,1.48484,600.0,0,0,1771293001204,False,True
0,1.48482,431.89300129,0,0,1771293001204,False,True
0,1.48551,32.60098,0,0,1771293012449,True,True
0,1.48551,226.44997,0,0,1771293024377,True,True
0,1.48559,14.41851386,0,0,1771293025375,True,True
0,1.4855,2000.0,0,0,1771293036913,False,True
0,1.48519,8.14143,0,0,1771293055427,True,True
0,1.48491,2000.0,0,0,1771293063549,False,True
0,1.48496,6.33252311,0,0,1771293070409,True,True
0,1.4849,2000.0,0,0,1771293075423,False,True
0,1.48423,13.20954,0,0,1771293087145,True,True
0,1.48447,324.517,0,0,1771293090412,True,True
0,1.48425,67.0,0,0,1771293092970,True,True
0,1.48422,16.843864,0,0,1771293099893,False,True
0,1.48422,18.811227,0,0,1771293099893,False,True
0,1.48422,19.592783,0,0,1771293099893,False,True
0,1.48422,20.347388,0,0,1771293099893,False,True
0,1.48422,14.404738,0,0,1771293099893,False,True
0,1.48423,13.08252,0,0,1771293114749,True,True
0,1.48423,16.59809,0,0,1771293115143,True,True
0,1.48422,6.077401,0,0,1771293117114,False,True
0,1.484,0.25512211,0,0,1771293117114,False,True
0,1.4846,2000.0,0,0,1771293141229,False,True
0,1.48433,4.42048518,0,0,1771293146817,True,True
0,1.48432,3440.0,0,0,1771293153337,False,True
0,1.484,1.39487789,0,0,1771293164853,False,True
0,1.48391,14.663962,0,0,1771293164857,False,True
0,1.48353,143.75230299,0,0,1771293180457,False,True
0,1.484,26.6797599,0,0,1771293198583,False,True
0,1.484,1973.3202401,0,0,1771293198639,False,True
0,1.4836,2000.0,0,0,1771293199534,False,True
0,1.483,1.65,0,0,1771293203621,False,True
0,1.482,1.65,0,0,1771293219367,False,True
0,1.48152,65.32025,0,0,1771293221308,True,True
0,1.48175,0.99009901,0,0,1771293245199,False,True
0,1.48177,1.66045682,0,0,1771293248036,True,True
0,1.48258,17.154095,0,0,1771293249377,False,True
0,1.48271,8.74547689,0,0,1771293249619,True,True
0,1.48282,0.15712896,0,0,1771293249619,True,True
0,1.4829,2000.0,0,0,1771293259478,False,True
0,1.48233,2472.97331,0,0,1771293260371,True,True
0,1.48241,7.83743,0,0,1771293260775,True,True
0,1.48217,1.27039824,0,0,1771293281380,False,True
0,1.48224,23.25328,0,0,1771293284072,True,True
0,1.4823,2000.0,0,0,1771293288674,False,True
0,1.48216,6.74690991,0,0,1771293303234,False,True
0,1.48216,261.5625,0,0,1771293303234,False,True
0,1.48213,261.5625,0,0,1771293303234,False,True
0,1.4821,600.0,0,0,1771293303234,False,True
0,1.48209,3870.12809009,0,0,1771293303234,False,True
0,1.48209,2877.09314159,0,0,1771293303234,False,True
0,1.48182,261.5625,0,0,1771293303234,False,True
0,1.48179,251.17488216,0,0,1771293303234,False,True
0,1.48174,1610.16947625,0,0,1771293303234,False,True
0,1.48174,1135.40355211,0,0,1771293303234,False,True
0,1.48172,6020.4,0,0,1771293303234,False,True
0,1.48168,6746.66158154,0,0,1771293303234,False,True
0,1.48167,261.5625,0,0,1771293303234,False,True
0,1.48163,835.97236635,0,0,1771293303234,False,True
0,1.48276,65.51904,0,0,1771293315481,True,True
0,1.48276,23.37553,0,0,1771293318978,True,True
0,1.48231,4.80305585,0,0,1771293337929,True,True
0,1.48231,62.65921587,0,0,1771293337929,True,True
0,1.4823,2000.0,0,0,1771293343198,False,True
0,1.482,2000.0,0,0,1771293347070,False,True
0,1.48161,134.17449664,0,0,1771293367128,True,True
0,1.4818,2000.0,0,0,1771293373188,False,True
0,1.48152,9.40878287,0,0,1771293380127,True,True
0,1.48165,475.39235311,0,0,1771293387572,True,True
0,1.48151,125.0,0,0,1771293388209,False,True
0,1.48151,1144.4922,0,0,1771293388209,False,True
0,1.48151,1358.5850003,0,0,1771293388217,False,True
0,1.48151,230.27593265,0,0,1771293388220,False,True
0,1.48138,1358.5850003,0,0,1771293388222,False,True
0,1.481,1.65,0,0,1771293390163,False,True
0,1.481,1.65,0,0,1771293390163,False,True
0,1.48075,49.02491,0,0,1771293390516,True,True
0,1.48074,100.0,0,0,1771293393125,False,True
0,1.48074,153.39789467,0,0,1771293400602,False,True
0,1.48032,5.80365731,0,0,1771293406175,True,True
0,1.48038,1.65,0,0,1771293406446,False,True
0,1.48027,1.65,0,0,1771293407170,False,True
0,1.48027,120.0,0,0,1771293412312,False,True
0,1.48027,3.35,0,0,1771293414747,False,True
0,1.48006,127.12102212,0,0,1771293414747,False,True
0,1.48001,70.78629573,0,0,1771293414747,False,True
0,1.48,30.0,0,0,1771293414747,False,True
0,1.48,1.65,0,0,1771293414747,False,True
0,1.48,890.0,0,0,1771293414747,False,True
0,1.48,42947.09268215,0,0,1771293414747,False,True
0,1.48042,17.47091,0,0,1771293422351,True,True
0,1.4804,1518.9502752,0,0,1771293422980,False,True
0,1.4804,75.9475138,0,0,1771293422981,False,True
0,1.48,199.4233407,0,0,1771293442453,False,True
0,1.48,8071.1934366,0,0,1771293442549,False,True
0,1.47927,556.00494062,0,0,1771293443408,False,True
0,1.47927,1443.99505938,0,0,1771293443408,False,True
0,1.47912,261.5625,0,0,1771293443408,False,True
0,1.47905,6761.07162832,0,0,1771293443408,False,True
0,1.479,1.65,0,0,1771293443408,False,True
0,1.47897,261.5625,0,0,1771293443408,False,True
0,1.47893,6025.2,0,0,1771293443408,False,True
0,1.47888,25.0,0,0,1771293443408,False,True
0,1.47883,2324.77223278,0,0,1771293443408,False,True
0,1.47882,261.5625,0,0,1771293443408,False,True
0,1.47879,3144.31196713,0,0,1771293443408,False,True
0,1.47915,4.42048518,0,0,1771293448469,False,True
0,1.4791,2000.0,0,0,1771293455613,False,True
0,1.47878,10.0,0,0,1771293457212,True,True
0,1.47875,869.50728801,0,0,1771293461198,False,True
0,1.47946,72.65477,0,0,1771293463762,False,True
0,1.47998,9.28565,0,0,1771293470521,True,True
0,1.48,5.60646,0,0,1771293491934,True,True
0,1.48,765.27038374,0,0,1771293507460,True,True
0,1.48,225.24218206,0,0,1771293507471,True,True
0,1.48,3.8809742,0,0,1771293507473,True,True
0,1.48042,649.95488684,0,0,1771293511043,False,True
0,1.47994,18.79168,0,0,1771293516439,False,True
0,1.4792,4.93903667,0,0,1771293537538,False,True
0,1.47941,82.57965959,0,0,1771293545956,True,True
0,1.4791,67.60868095,0,0,1771293567001,False,True
0,1.47863,67.63017117,0,0,1771293578175,True,True
0,1.47863,331.38783874,0,0,1771293586058,True,True
0,1.47863,13.26082,0,0,1771293587377,True,True
0,1.47863,6.63041,0,0,1771293599585,True,True
0,1.47863,8.69482,0,0,1771293600099,True,True
0,1.47863,1.88544879,0,0,1771293604055,True,True
0,1.47862,79.51916912,0,0,1771293604856,False,True
0,1.47836,66.99315457,0,0,1771293604856,False,True
0,1.47815,189.57468251,0,0,1771293604856,False,True
0,1.47826,6.69606,0,0,1771293604959,True,True
0,1.47857,1143.91121451,0,0,1771293610728,True,True
0,1.47831,0.96965,0,0,1771293614370,False,True
0,1.4783,1000.0,0,0,1771293615952,False,True
0,1.47839,12.47387,0,0,1771293624187,True,True
0,1.4784,1.46462391,0,0,1771293626982,True,True
0,1.47839,5.34751581,0,0,1771293629712,True,True
0,1.47838,20.24513319,0,0,1771293639190,True,True
0,1.47838,22.92905,0,0,1771293642570,True,True
0,1.47838,1.30067167,0,0,1771293643911,True,True
0,1.47838,16.21671,0,0,1771293648927,True,True
0,1.47838,0.66642,0,0,1771293659034,True,True
0,1.47821,66.39656,0,0,1771293674586,True,True
0,1.47814,47.28199777,0,0,1771293679513,True,True
0,1.47814,52.02134667,0,0,1771293679561,True,True
0,1.478,1.65,0,0,1771293680580,False,True
0,1.4775,14.5021648,0,0,1771293680840,False,True
0,1.4775,10.66196379,0,0,1771293680941,False,True
0,1.4775,10.0642978,0,0,1771293680941,False,True
0,1.47721,340.55767896,0,0,1771293680955,False,True
0,1.47701,65.51999,0,0,1771293683602,True,True
0,1.47701,46.10724026,0,0,1771293685094,True,True
0,1.47701,45.63389064,0,0,1771293685132,True,True
0,1.47701,16.7585,0,0,1771293688037,True,True
0,1.47701,3.146579,0,0,1771293691049,True,True
0,1.47701,20.446713,0,0,1771293691049,True,True
0,1.47701,26.17762931,0,0,1771293691049,True,True
0,1.477,1.65,0,0,1771293695595,False,True
0,1.477,32.08542826,0,0,1771293695595,False,True
0,1.477,229.47707174,0,0,1771293696460,False,True
0,1.477,318.68812798,0,0,1771293696460,False,True
0,1.47701,20.771694,0,0,1771293699889,True,True
0,1.47701,21.01543,0,0,1771293699889,True,True
0,1.47701,21.286247,0,0,1771293699889,True,True
0,1.47701,21.502901,0,0,1771293699889,True,True
0,1.47722,18.277575,0,0,1771293700342,True,True
0,1.47722,18.900367,0,0,1771293700342,True,True
0,1.47722,19.49608,0,0,1771293700342,True,True
0,1.47807,261.5625,0,0,1771293704790,False,True
0,1.47807,24.26200836,0,0,1771293704790,False,True
0,1.47807,262.05506694,0,0,1771293704790,False,True
0,1.47821,18.427693,0,0,1771293711261,True,True
0,1.47821,18.157095,0,0,1771293711261,True,True
0,1.47821,16.579212,0,0,1771293711261,True,True
0,1.47639,104.64277219,0,0,1771293737735,True,True
0,1.476,1.65,0,0,1771293739012,False,True
0,1.47585,22.79994858,0,0,1771293739012,False,True
0,1.47574,174.03204488,0,0,1771293739012,False,True
0,1.47574,887.69866133,0,0,1771293739012,False,True
0,1.47574,53.65045365,0,0,1771293739012,False,True
0,1.47574,82.57965959,0,0,1771293739012,False,True
0,1.47585,100.0,0,0,1771293739419,True,True
0,1.4761,209.86489462,0,0,1771293743228,False,True
0,1.47619,5.52736928,0,0,1771293746514,True,True
0,1.47576,13.78327,0,0,1771293749921,False,True
0,1.47571,500.0,0,0,1771293751444,False,True
0,1.47565,113.78861453,0,0,1771293751592,False,True
0,1.4756,254.28056286,0,0,1771293751693,False,True
0,1.4756,127.50524532,0,0,1771293751693,False,True
0,1.47554,17.44633391,0,0,1771293751725,False,True
0,1.47539,4.74399376,0,0,1771293752474,False,True
0,1.47508,35.39314786,0,0,1771293753297,True,True
0,1.47509,6627.25807214,0,0,1771293753297,True,True
0,1.47509,500.0,0,0,1771293753299,True,True
0,1.47501,261.5625,0,0,1771293754435,False,True
0,1.475,1.65,0,0,1771293754435,False,True
0,1.475,700.0,0,0,1771293754435,False,True
0,1.475,167.79661016,0,0,1771293754435,False,True
0,1.47496,3409.62268331,0,0,1771293754435,False,True
0,1.47509,18.67604,0,0,1771293755430,True,True
0,1.47534,491.83136,0,0,1771293757811,False,True
0,1.47572,30.43074,0,0,1771293758379,True,True
0,1.47491,18.9687,0,0,1771293766411,True,True
0,1.47489,76.6067887,0,0,1771293770539,False,True
0,1.47489,601.40987695,0,0,1771293770738,False,True
0,1.47411,182.56460118,0,0,1771293771909,False,True
0,1.47411,78.99789882,0,0,1771293771909,False,True
0,1.4741,599.84312243,0,0,1771293771909,False,True
0,1.47443,1.99441,0,0,1771293773643,True,True
0,1.4746,35.39314787,0,0,1771293777887,True,True
0,1.47461,96.30165213,0,0,1771293777887,True,True
0,1.474,1.65,0,0,1771293781184,False,True
0,1.474,1301.9774224,0,0,1771293781184,False,True
0,1.47365,123.7541,0,0,1771293781864,True,True
0,1.47364,53.5606,0,0,1771293781977,True,True
0,1.47336,70.78629573,0,0,1771293782011,False,True
0,1.4733,301.89430427,0,0,1771293782011,False,True
0,1.4733,1550.0,0,0,1771293782023,False,True
0,1.4733,1550.0,0,0,1771293782037,False,True
0,1.4733,1550.0,0,0,1771293782047,False,True
0,1.4733,1248.9379,0,0,1771293782102,False,True
0,1.4733,1550.0,0,0,1771293782109,False,True
0,1.4733,1323.9484,0,0,1771293782112,False,True
0,1.4733,70.7862,0,0,1771293782130,False,True
0,1.4733,70.7862,0,0,1771293782168,False,True
0,1.4733,8048.84036589,0,0,1771293782220,False,True
0,1.4744,5.63178298,0,0,1771293792814,False,True
0,1.47441,3.3902902,0,0,1771293805644,True,True
0,1.47391,23.4309,0,0,1771293811641,True,True
0,1.4739,2000.0,0,0,1771293813810,False,True
0,1.4736,11.12954,0,0,1771293817620,False,True
0,1.47449,915.28039593,0,0,1771293832981,True,True
0,1.47449,375.40315169,0,0,1771293833118,True,True
0,1.47449,225.2420101,0,0,1771293833566,True,True
0,1.47449,1214.6942221,0,0,1771293833707,True,True
0,1.475,678.01666565,0,0,1771293834724,True,True
0,1.47501,7372.77621033,0,0,1771293834724,True,True
0,1.47501,5.96739,0,0,1771293836382,True,True
0,1.475,61.8683203,0,0,1771293840272,False,True
0,1.475,1237.3664046,0,0,1771293840309,False,True
0,1.47448,17.877489,0,0,1771293842941,False,True
0,1.47446,15.05636,0,0,1771293842941,False,True
0,1.47446,17.308031,0,0,1771293842941,False,True
0,1.4738,69.3225,0,0,1771293842978,False,True
0,1.47422,20.42205582,0,0,1771293860094,True,True
0,1.47513,27.96026,0,0,1771293865691,True,True
0,1.47542,46.24271311,0,0,1771293874746,True,True
0,1.47543,18.14560923,0,0,1771293874746,True,True
0,1.47578,329.01411,0,0,1771293877071,True,True
0,1.47561,36.36781,0,0,1771293879318,False,True
0,1.47588,20.16415266,0,0,1771293881388,False,True
0,1.47589,18.754785,0,0,1771293888332,True,True
0,1.47589,18.890297,0,0,1771293888332,True,True
0,1.47589,19.188422,0,0,1771293888332,True,True
0,1.47589,20.028593,0,0,1771293888332,True,True
0,1.47631,18.69526,0,0,1771293893324,True,True
0,1.47708,6.770114,0,0,1771293895686,False,True
0,1.47708,1509.15544372,0,0,1771293895686,False,True
0,1.47708,490.84455628,0,0,1771293895725,False,True
0,1.47709,19.172833,0,0,1771293907187,True,True
0,1.47709,18.90203,0,0,1771293907187,True,True
0,1.47709,18.766629,0,0,1771293907187,True,True
0,1.47709,43.486928,0,0,1771293907187,True,True
0,1.47708,2000.0,0,0,1771293908515,False,True
0,1.477,20.636425,0,0,1771293909267,False,True
0,1.4768,2000.0,0,0,1771293909268,False,True
0,1.4766,2000.0,0,0,1771293909338,False,True
0,1.4763,19.128903,0,0,1771293924311,False,True
0,1.47588,19.188552,0,0,1771293929980,False,True
0,1.47576,253.39077,0,0,1771293930219,True,True
0,1.47575,19.56971,0,0,1771293931935,False,True
0,1.47575,19.352871,0,0,1771293931935,False,True
0,1.4754,19.9268,0,0,1771293934885,False,True
0,1.4754,19.899688,0,0,1771293934885,False,True
0,1.47548,4.77175985,0,0,1771293935536,True,True
0,1.47549,145.22824015,0,0,1771293935536,True,True
0,1.47578,4.68267907,0,0,1771293940056,True,True
0,1.47605,61.18211093,0,0,1771293940056,True,True
0,1.47714,4.59512431,0,0,1771293953032,True,True
0,1.47715,2.10767569,0,0,1771293953032,True,True
0,1.47701,15.951145,0,0,1771293957674,False,True
0,1.47701,15.951145,0,0,1771293957674,False,True
0,1.47693,163.76938199,0,0,1771293971256,False,True
0,1.47798,30.31478,0,0,1771293977922,True,True
0,1.4773,15.677249,0,0,1771293996635,False,True
0,1.47802,32.8584,0,0,1771294002033,True,True
0,1.47787,16.780908,0,0,1771294010780,False,True
0,1.47724,6.63364,0,0,1771294010846,True,True
0,1.47763,16.4282,0,0,1771294032554,True,True
0,1.47808,31.54044,0,0,1771294047678,True,True
0,1.47821,1.415525,0,0,1771294063007,True,True
0,1.47821,17.913558,0,0,1771294063007,True,True
0,1.47821,18.048856,0,0,1771294063007,True,True
0,1.47821,19.564203,0,0,1771294063007,True,True
0,1.47838,18.76025,0,0,1771294063007,True,True
0,1.47838,18.993763,0,0,1771294063007,True,True
0,1.47838,18.723197,0,0,1771294063007,True,True
0,1.47838,18.723197,0,0,1771294063007,True,True
0,1.47839,14.24136119,0,0,1771294063007,True,True
0,1.4784,19.480519,0,0,1771294063007,True,True
0,1.47895,500.0,0,0,1771294063687,True,True
0,1.48005,152.02189115,0,0,1771294065545,True,True
0,1.48043,1.662106,0,0,1771294081930,True,True
0,1.48043,67.5818,0,0,1771294083184,True,True
0,1.48043,1.957e-05,0,0,1771294083229,True,True
0,1.48124,5.06332532,0,0,1771294085649,True,True
0,1.48116,106.87924,0,0,1771294095259,True,True
0,1.4808,8.26729477,0,0,1771294104633,False,True
0,1.48081,6.65191,0,0,1771294106407,True,True
0,1.4808,12.31617323,0,0,1771294109090,False,True
0,1.48042,20.210481,0,0,1771294110542,False,True
0,1.48025,19.942577,0,0,1771294111876,False,True
0,1.48025,20.131735,0,0,1771294111876,False,True
0,1.48025,20.104712,0,0,1771294111876,False,True
0,1.47972,3.27268,0,0,1771294118115,True,True
0,1.4809,2000.0,0,0,1771294142262,False,True
0,1.4809,261.5625,0,0,1771294142262,False,True
0,1.48085,3376.43782848,0,0,1771294142262,False,True
0,1.48075,66.66476893,0,0,1771294142262,False,True
0,1.48075,261.5625,0,0,1771294142262,False,True
0,1.48071,6753.50602085,0,0,1771294142262,False,True
0,1.4807,602.89732084,0,0,1771294142262,False,True
0,1.48063,2270.44579633,0,0,1771294142262,False,True
0,1.48059,261.5625,0,0,1771294142262,False,True
0,1.48052,334.9,0,0,1771294142262,False,True
0,1.48048,4075.93852321,0,0,1771294142262,False,True
0,1.48112,65.5637,0,0,1771294149824,True,True
0,1.48082,1.6343,0,0,1771294157784,True,True
0,1.48145,36.40594,0,0,1771294175295,True,True
0,1.48151,10.0,0,0,1771294185775,True,True
0,1.48142,0.68227,0,0,1771294187108,True,True
0,1.48159,4.96772,0,0,1771294195597,True,True
0,1.48194,1.65,0,0,1771294214437,False,True
0,1.4814,22.24112,0,0,1771294218278,False,True
0,1.4815,3.30878,0,0,1771294222030,True,True
0,1.48195,247.76030887,0,0,1771294230239,True,True
0,1.4825,32.79484,0,0,1771294235316,True,True
0,1.4825,167.20516,0,0,1771294243581,True,True
0,1.48282,122.7395075,0,0,1771294244319,True,True
0,1.48449,15.13651153,0,0,1771294255053,True,True
0,1.4844,61.060376,0,0,1771294260706,False,True
0,1.48394,1.29587449,0,0,1771294262075,True,True
0,1.48371,4.93505083,0,0,1771294264085,False,True
0,1.48393,457.80509,0,0,1771294265359,True,True
0,1.48437,33.68160108,0,0,1771294270540,True,True
0,1.4847,1065.64662921,0,0,1771294277694,False,True
0,1.48416,87.84343,0,0,1771294279797,True,True
0,1.48415,10.56521,0,0,1771294283047,True,True
0,1.48488,50.0,0,0,1771294294752,False,True
0,1.48498,162.23114116,0,0,1771294296199,True,True
0,1.4847,2000.0,0,0,1771294320726,False,True
0,1.48439,6.7024,0,0,1771294322059,True,True
0,1.48378,66.13841228,0,0,1771294327331,False,True
0,1.4845,10.0,0,0,1771294344305,True,True
0,1.485,300.0,0,0,1771294370086,True,True
0,1.485,20.42205582,0,0,1771294370086,True,True
0,1.48548,254.12799452,0,0,1771294370213,True,True
0,1.48646,4.74399376,0,0,1771294370858,True,True
0,1.48646,294.69819362,0,0,1771294370858,True,True
0,1.48646,184.90428275,0,0,1771294370918,True,True
0,1.48646,20.3975236,0,0,1771294370930,True,True
0,1.4875,25.16,0,0,1771294373384,True,True
0,1.4875,25.16,0,0,1771294373384,True,True
0,1.48893,31.0715757,0,0,1771294374095,True,True
0,1.48902,126.73825385,0,0,1771294374220,True,True
0,1.48946,153.72783925,0,0,1771294375226,True,True
0,1.48946,196.11337489,0,0,1771294375229,True,True
0,1.48946,150.15878586,0,0,1771294375230,True,True
0,1.48975,186.33057,0,0,1771294375311,True,True
0,1.4895,114.5648224,0,0,1771294381166,False,True
0,1.4893,8.94863594,0,0,1771294383142,False,True
0,1.4896,0.99009901,0,0,1771294384986,False,True
0,1.48999,6.70924409,0,0,1771294385631,True,True
0,1.48999,27.63634146,0,0,1771294388106,False,True
0,1.49,62.44573,0,0,1771294389760,True,True
0,1.48997,20.13463358,0,0,1771294392608,True,True
0,1.48948,7.04566988,0,0,1771294405581,False,True
0,1.48863,455.95959,0,0,1771294408141,True,True
0,1.4886,32.61766,0,0,1771294419825,True,True
0,1.4883,52.6349217,0,0,1771294423998,False,True
0,1.48713,2017.30850699,0,0,1771294430286,True,True
0,1.48713,20.01298474,0,0,1771294430434,True,True
0,1.4874,0.99009901,0,0,1771294434615,False,True
0,1.48781,8.9617479,0,0,1771294444566,True,True
0,1.48816,53.5788521,0,0,1771294444566,True,True
0,1.48746,20.53418979,0,0,1771294448829,False,True
0,1.48797,6.52658,0,0,1771294452882,True,True
0,1.48823,261.5625,0,0,1771294456746,True,True
0,1.48824,400.76414,0,0,1771294456746,True,True
0,1.48823,32.6620131,0,0,1771294459178,True,True
0,1.48801,66.94106,0,0,1771294471718,True,True
0,1.48801,377.07448,0,0,1771294476595,True,True
0,1.48807,1.31767,0,0,1771294484031,True,True
0,1.48901,6.71596836,0,0,1771294502712,True,True
0,1.49,37.5542,0,0,1771294507765,True,True
0,1.49,7e-05,0,0,1771294507861,True,True
0,1.49042,6.56908172,0,0,1771294509492,False,True
0,1.49042,295.32522255,0,0,1771294509492,False,True
0,1.49042,1550.0,0,0,1771294509492,False,True
0,1.49042,154.67477745,0,0,1771294509492,False,True
0,1.49042,8.0,0,0,1771294509492,False,True
0,1.49042,1387.32522255,0,0,1771294509492,False,True
0,1.49042,1550.0,0,0,1771294509492,False,True
0,1.49042,1248.9379,0,0,1771294509492,False,True
0,1.49042,1550.0,0,0,1771294509492,False,True
0,1.49042,263.93687745,0,0,1771294509492,False,True
0,1.49041,1060.01152255,0,0,1771294509492,False,True
0,1.49041,70.7862,0,0,1771294509492,False,True
0,1.49041,70.7862,0,0,1771294509492,False,True
0,1.49041,2153.19764762,0,0,1771294509492,False,True
0,1.4904,641.95236357,0,0,1771294509492,False,True
0,1.49037,67.09743218,0,0,1771294509492,False,True
0,1.49036,5186.59292252,0,0,1771294509492,False,True
0,1.49042,698.48506797,0,0,1771294518189,False,True
0,1.49042,978.2884895,0,0,1771294530717,False,True
0,1.4901,479.7707469,0,0,1771294535304,False,True
0,1.4904,48.9144245,0,0,1771294538940,False,True
0,1.49011,6.71065125,0,0,1771294544437,True,True
0,1.49011,93.15353875,0,0,1771294544437,True,True
0,1.49024,0.65781,0,0,1771294550034,True,True
0,1.4901,2000.0,0,0,1771294550409,False,True
0,1.48998,6.64559576,0,0,1771294550409,False,True
0,1.48997,3355.75481135,0,0,1771294550409,False,True
0,1.48995,2568.70896932,0,0,1771294550409,False,True
0,1.49024,110.0,0,0,1771294561716,True,True
0,1.48995,130.87826515,0,0,1771294562919,False,True
0,1.48972,3356.33021974,0,0,1771294562919,False,True
0,1.48961,3585.27899424,0,0,1771294562919,False,True
0,1.48961,91.94366573,0,0,1771294562919,False,True
0,1.48961,304.80775615,0,0,1771294562919,False,True
0,1.48961,2731.09157436,0,0,1771294562919,False,True
0,1.4896,2000.0,0,0,1771294562919,False,True
0,1.48948,308.85362814,0,0,1771294562919,False,True
0,1.48948,307.61369052,0,0,1771294562919,False,True
0,1.48939,70.7862957,0,0,1771294562919,False,True
0,1.48938,777.17554128,0,0,1771294562919,False,True
0,1.48943,32.57035,0,0,1771294567886,True,True
0,1.48905,261.43171874,0,0,1771294569672,True,True
0,1.48792,0.85672,0,0,1771294579358,True,True
0,1.48862,10.0,0,0,1771294587619,True,True
0,1.48856,19.75761,0,0,1771294612907,True,True
0,1.48851,6.54912,0,0,1771294621191,True,True
0,1.48873,8.52736,0,0,1771294626095,True,True
0,1.48864,250.46416,0,0,1771294627197,False,True
0,1.48863,127.12102212,0,0,1771294630384,False,True
0,1.48876,20.75692,0,0,1771294631023,False,True
0,1.48902,127.50524532,0,0,1771294643111,True,True
0,1.48943,449.48882432,0,0,1771294643111,True,True
0,1.48901,59.92957573,0,0,1771294654220,True,True
0,1.48901,4481.5577212,0,0,1771294654220,True,True
0,1.48925,261.5625,0,0,1771294659432,False,True
0,1.48921,6714.96968191,0,0,1771294659432,False,True
0,1.4892,2000.0,0,0,1771294659432,False,True
0,1.48918,4.14993,0,0,1771294664646,False,True
0,1.48885,67.21420568,0,0,1771294668892,True,True
0,1.48871,261.5625,0,0,1771294672313,True,True
0,1.48872,616.59192055,0,0,1771294672313,True,True
0,1.48914,63.52555,0,0,1771294675211,True,True
0,1.48914,72.39308,0,0,1771294676746,True,True
0,1.48969,6.64697,0,0,1771294686778,True,True
0,1.48969,1.30925,0,0,1771294688506,True,True
0,1.48951,50.0,0,0,1771294742096,True,True
0,1.48951,197.45933,0,0,1771294742177,True,True
0,1.48914,2000.0,0,0,1771294754775,False,True
0,1.489,335.79583613,0,0,1771294768037,False,True
0,1.48864,3669.85973774,0,0,1771294775866,False,True
0,1.48864,16.62591358,0,0,1771294775866,False,True
0,1.48844,39.13104,0,0,1771294781912,True,True
0,1.48878,62.5053,0,0,1771294787422,True,True
0,1.4897,791.42608135,0,0,1771294799413,False,True
0,1.48963,297.22397032,0,0,1771294799413,False,True
0,1.48948,6001.6,0,0,1771294799413,False,True
0,1.48947,261.5625,0,0,1771294799413,False,True
0,1.4894,8581.22565512,0,0,1771294799413,False,True
0,1.48871,666.66666666,0,0,1771294817407,True,True
0,1.48872,11211.06498649,0,0,1771294817407,True,True
0,1.489,8.8764,0,0,1771294821075,False,True
0,1.49,78.59066,0,0,1771294829952,True,True
0,1.48941,652.3593,0,0,1771294838860,True,True
0,1.48894,130.344,0,0,1771294847185,True,True
0,1.48909,4236.79315601,0,0,1771294852039,True,True
0,1.48923,24.15182,0,0,1771294859370,True,True
0,1.4896,2000.0,0,0,1771294874900,False,True
0,1.48917,70.78629573,0,0,1771294874900,False,True
0,1.48915,3301.21370427,0,0,1771294874900,False,True
0,1.4893,2000.0,0,0,1771294875037,False,True
0,1.4892,261.5625,0,0,1771294875037,False,True
0,1.48918,261.5625,0,0,1771294875037,False,True
0,1.48918,600.0,0,0,1771294875037,False,True
0,1.48916,636.875,0,0,1771294875037,False,True
0,1.48917,261.5625,0,0,1771294875571,False,True
0,1.48916,72.4375,0,0,1771294875571,False,True
0,1.48915,210.0,0,0,1771294875678,False,True
0,1.48915,536.0,0,0,1771294875814,False,True
0,1.48917,261.5625,0,0,1771294876021,False,True
0,1.48915,1586.4375,0,0,1771294876021,False,True
0,1.4892,2000.0,0,0,1771294876375,False,True
0,1.48894,481.0,0,0,1771294876375,False,True
0,1.4889,261.5625,0,0,1771294876375,False,True
0,1.48882,945.8396,0,0,1771294876375,False,True
0,1.48877,261.5625,0,0,1771294877382,False,True
0,1.48876,487.40466223,0,0,1771294877382,False,True
0,1.48898,30.0,0,0,1771294877674,True,True
0,1.48916,40.78629573,0,0,1771294879641,True,True
0,1.48917,3316.78900317,0,0,1771294879641,True,True
0,1.48846,2.88904,0,0,1771294895401,True,True
0,1.48898,0.85675,0,0,1771294923605,True,True
0,1.4891,4.45936,0,0,1771294935416,False,True
0,1.48945,2000.0,0,0,1771294947387,True,True
0,1.48981,261.5625,0,0,1771294951121,False,True
0,1.48979,691.92191669,0,0,1771294951121,False,True
0,1.48961,67.13166533,0,0,1771294951121,False,True
0,1.4896,579.38391798,0,0,1771294951121,False,True
0,1.48967,265.55333196,0,0,1771294951279,False,True
0,1.48967,261.5625,0,0,1771294951279,False,True
0,1.48965,106.88416804,0,0,1771294951279,False,True
0,1.48971,6.50059,0,0,1771294966232,True,True
0,1.4897,2000.0,0,0,1771294973210,False,True
0,1.48933,2856.0,0,0,1771294973210,False,True
0,1.4894,258.8174,0,0,1771294973331,False,True
0,1.4894,1741.1826,0,0,1771294973466,False,True
0,1.48932,70.78629573,0,0,1771294973466,False,True
0,1.48924,1948.03110427,0,0,1771294973466,False,True
0,1.48953,16.69763,0,0,1771294974314,True,True
0,1.48868,0.92289193,0,0,1771295004995,True,True
0,1.48873,35.39314786,0,0,1771295014439,True,True
0,1.48874,243.49935183,0,0,1771295014439,True,True
0,1.48875,75.70243,0,0,1771295015515,True,True
0,1.48971,35.39314787,0,0,1771295043148,True,True
0,1.48971,3356.35794886,0,0,1771295043148,True,True
0,1.48971,233.62660526,0,0,1771295043148,True,True
0,1.48971,9.63403518,0,0,1771295044129,True,True
0,1.49,6000.00703494,0,0,1771295060988,True,True
0,1.49,100.0,0,0,1771295060988,True,True
0,1.49043,32.82514,0,0,1771295070714,True,True
0,1.49043,6.10658,0,0,1771295084933,True,True
0,1.49043,74.85689453,0,0,1771295086587,True,True
0,1.49044,79.43964996,0,0,1771295086587,True,True
0,1.49066,253.24585594,0,0,1771295086743,True,True
0,1.491,100.0,0,0,1771295089645,True,True
0,1.49162,22.7999,0,0,1771295097727,True,True
0,1.49162,4.858e-05,0,0,1771295097746,True,True
0,1.49222,6.70016307,0,0,1771295101465,True,True
0,1.49223,600.0,0,0,1771295101465,True,True
0,1.49226,1393.29983693,0,0,1771295101465,True,True
0,1.49141,6.70513662,0,0,1771295110462,True,True
0,1.49142,1291.06743863,0,0,1771295110462,True,True
0,1.49114,6.70555484,0,0,1771295112477,True,True
0,1.4913,3352.78810701,0,0,1771295112477,True,True
0,1.49132,600.0,0,0,1771295112477,True,True
0,1.49138,5990.9,0,0,1771295112477,True,True
0,1.49141,763.60286066,0,0,1771295112477,True,True
0,1.49143,5511.6048293,0,0,1771295112477,True,True
0,1.49071,6.70771731,0,0,1771295120926,True,True
0,1.49078,3.22313093,0,0,1771295120926,True,True
0,1.48961,6.71243485,0,0,1771295140852,True,True
0,1.48962,2042.07617579,0,0,1771295140852,True,True
0,1.48961,6.71243485,0,0,1771295141287,True,True
0,1.48962,0.43576515,0,0,1771295141287,True,True
0,1.48951,6.63714206,0,0,1771295141864,False,True
0,1.4895,949.33327265,0,0,1771295141864,False,True
0,1.48962,6.71350771,0,0,1771295145846,True,True
0,1.48981,193.28649229,0,0,1771295145846,True,True
0,1.48891,3358.1613395,0,0,1771295153590,True,True
0,1.48897,1481.60809151,0,0,1771295153590,True,True
0,1.48925,183.98062161,0,0,1771295161277,True,True
0,1.48875,16.4949816,0,0,1771295176236,False,True
0,1.48804,26.34523446,0,0,1771295176307,False,True
0,1.48861,66.51165,0,0,1771295198032,True,True
0,1.4866,7.01528,0,0,1771295259731,False,True
0,1.4866,10.0,0,0,1771295266721,False,True
0,1.48616,70.78629573,0,0,1771295266721,False,True
0,1.4861,2000.0,0,0,1771295266721,False,True
0,1.48607,3364.57295312,0,0,1771295266721,False,True
0,1.48602,6729.3590514,0,0,1771295266721,False,True
0,1.486,4018.43184885,0,0,1771295266721,False,True
0,1.48632,13.06404,0,0,1771295277825,True,True
0,1.4866,2000.0,0,0,1771295285349,False,True
0,1.4863,261.5625,0,0,1771295285349,False,True
0,1.48622,738.4375,0,0,1771295285349,False,True
0,1.4866,1.65520582,0,0,1771295295748,False,True
0,1.48665,1.66424,0,0,1771295302468,True,True
0,1.4862,9.93084824,0,0,1771295311572,False,True
0,1.4862,6.55353,0,0,1771295315123,False,True
0,1.48625,13.03039,0,0,1771295317570,True,True
0,1.48624,44.29132843,0,0,1771295319327,True,True
0,1.48625,7.0,0,0,1771295319327,True,True
0,1.4863,14.03415157,0,0,1771295319327,True,True
0,1.4862,698.48506797,0,0,1771295321301,False,True
0,1.48611,314.131,0,0,1771295328653,True,True
0,1.48593,65.97924,0,0,1771295340957,True,True
0,1.4859,33.53321,0,0,1771295345994,False,True
0,1.48591,25.02119,0,0,1771295359976,True,True
0,1.4859,1000.0,0,0,1771295366124,False,True
0,1.4862,2.0,0,0,1771295409242,False,True
0,1.4862,3.77743,0,0,1771295425779,False,True
0,1.48621,500.0,0,0,1771295429395,True,True
0,1.48621,41.73664,0,0,1771295429471,True,True
0,1.48781,36.01624,0,0,1771295440081,True,True
0,1.48731,48.9528559,0,0,1771295441859,True,True
0,1.48732,85.51752675,0,0,1771295441859,True,True
0,1.48732,46.6276005,0,0,1771295444188,True,True
0,1.48733,111.4906995,0,0,1771295444188,True,True
0,1.48731,11.7666873,0,0,1771295449407,True,True
0,1.48731,261.5625,0,0,1771295449407,True,True
0,1.48731,663.71359716,0,0,1771295449407,True,True
0,1.48731,62.95721554,0,0,1771295449407,True,True
0,1.48665,17.1886,0,0,1771295455740,False,True
0,1.48665,1360.38044267,0,0,1771295473609,True,True
0,1.48681,1.91666,0,0,1771295482151,True,True
0,1.48605,19.54638,0,0,1771295508718,True,True
0,1.48723,57.62805549,0,0,1771295522754,True,True
0,1.48724,851.34161451,0,0,1771295522754,True,True
0,1.488,19.89009687,0,0,1771295531980,False,True
0,1.488,885.2942586,0,0,1771295538218,False,True
0,1.488,44.2647129,0,0,1771295538585,False,True
0,1.48769,46.17899419,0,0,1771295544435,True,True
0,1.48748,200.0,0,0,1771295549422,True,True
0,1.4879,121.8081264,0,0,1771295571458,False,True
0,1.4879,1360.38044267,0,0,1771295571836,False,True
0,1.4876,100.0,0,0,1771295584938,False,True
0,1.48772,72.75068,0,0,1771295599314,True,True
0,1.48771,65.25874,0,0,1771295601736,True,True
0,1.4877,23.0979086,0,0,1771295602061,False,True
0,1.48771,6.62183,0,0,1771295613583,True,True
0,1.48843,100.23558,0,0,1771295617729,True,True
0,1.48841,17.51416,0,0,1771295627845,True,True
0,1.4885,121.33146,0,0,1771295639837,False,True
0,1.48881,261.5625,0,0,1771295651625,True,True
0,1.48881,238.4375,0,0,1771295651625,True,True
0,1.4888,65.99842,0,0,1771295658976,False,True
0,1.488,15.0,0,0,1771295682071,True,True
0,1.488,30.01632,0,0,1771295683675,True,True
0,1.48842,6.71801414,0,0,1771295698497,True,True
0,1.48869,26.34603586,0,0,1771295698497,True,True
0,1.48841,6.71615337,0,0,1771295723707,True,True
0,1.48841,60.42046965,0,0,1771295723707,True,True
0,1.4874,348.1688152,0,0,1771295737693,False,True
0,1.48741,6.72267733,0,0,1771295737867,True,True
0,1.48741,993.27732267,0,0,1771295737867,True,True
0,1.48741,6.72267733,0,0,1771295740223,True,True
0,1.48742,3361.53170401,0,0,1771295740223,True,True
0,1.48752,888.4829495,0,0,1771295740223,True,True
0,1.48753,1793.11343951,0,0,1771295740223,True,True
0,1.48741,6.72321821,0,0,1771295748365,True,True
0,1.48741,24.762472,0,0,1771295748365,True,True
0,1.48742,14.49346487,0,0,1771295748365,True,True
0,1.4874,9.81265,0,0,1771295754650,False,True
0,1.48782,13.31252,0,0,1771295764429,True,True
0,1.48828,261.5625,0,0,1771295773285,True,True
0,1.48829,54.50271,0,0,1771295773285,True,True
0,1.48841,7.94149,0,0,1771295793488,True,True
0,1.48841,67.18443472,0,0,1771295795522,True,True
0,1.48875,50.0,0,0,1771295814781,True,True
0,1.48908,261.5625,0,0,1771295823762,True,True
0,1.48911,64.89937,0,0,1771295823762,True,True
0,1.48829,2000.0,0,0,1771295841309,True,True
0,1.48766,5.0,0,0,1771295852615,False,True
0,1.48751,45.02462206,0,0,1771295852615,False,True
0,1.48772,22.82092,0,0,1771295854444,True,True
0,1.48772,18.6626344,0,0,1771295865434,True,True
0,1.4875,19.89549,0,0,1771295872585,False,True
0,1.48862,261.5625,0,0,1771295899002,True,True
0,1.48866,72.7895,0,0,1771295899002,True,True
0,1.4882,1028.53287443,0,0,1771295928260,False,True
0,1.4882,204.76871529,0,0,1771295928787,False,True
0,1.48821,79.210316,0,0,1771295948418,True,True
0,1.48821,261.5625,0,0,1771295948418,True,True
0,1.48823,3359.71667726,0,0,1771295948418,True,True
0,1.48827,6719.22304633,0,0,1771295948418,True,True
0,1.48845,1500.0,0,0,1771295948431,True,True
0,1.48845,588.82665947,0,0,1771295948530,True,True
0,1.48845,300.2741872,0,0,1771295948534,True,True
0,1.48845,150.13709359,0,0,1771295948537,True,True
0,1.48813,768.30733199,0,0,1771295952894,True,True
0,1.48781,164.73746,0,0,1771295973036,True,True
0,1.4878,30.2581515,0,0,1771295986407,False,True
0,1.4878,30.2581462,0,0,1771295986666,False,True
0,1.48751,50.0,0,0,1771295989789,True,True
0,1.48751,13.05105,0,0,1771295996206,True,True
0,1.48808,59.02673618,0,0,1771296009234,False,True
0,1.48881,32.6057,0,0,1771296043415,True,True
0,1.4888,27.4400717,0,0,1771296050751,False,True
0,1.4888,292.95219053,0,0,1771296051057,False,True
0,1.4883,3.42673,0,0,1771296095792,False,True
0,1.48831,122.75379,0,0,1771296108941,False,True
0,1.48852,8.3908,0,0,1771296114988,True,True
0,1.48851,163.26471,0,0,1771296117208,True,True
0,1.48852,2968.2770045,0,0,1771296122808,True,True
0,1.48861,1759.1379725,0,0,1771296122808,True,True
0,1.48883,6.58587,0,0,1771296131319,True,True
0,1.48988,0.97561,0,0,1771296139626,True,True
0,1.48928,32.95374,0,0,1771296160022,True,True
0,1.48901,32.59541,0,0,1771296171687,True,True
0,1.489,1.65,0,0,1771296175590,False,True
0,1.48867,0.99996474,0,0,1771296204019,False,True
0,1.488,1.65,0,0,1771296218297,False,True
0,1.4879,98.35,0,0,1771296218297,False,True
0,1.48807,3.36102919,0,0,1771296226527,True,True
0,1.48835,29.24883081,0,0,1771296226527,True,True
0,1.48839,54.7746725,0,0,1771296240296,True,True
0,1.4884,145.2253275,0,0,1771296240296,True,True
0,1.48922,50.0,0,0,1771296251286,False,True
0,1.48928,6.58547,0,0,1771296255142,True,True
0,1.48944,65.41384681,0,0,1771296273403,True,True
0,1.4891,50.0,0,0,1771296281042,False,True
0,1.48912,12.14635,0,0,1771296285836,True,True
0,1.4895,82.550336,0,0,1771296298943,False,True
0,1.48963,5.84465028,0,0,1771296310422,False,True
0,1.48964,6.71280613,0,0,1771296316836,True,True
0,1.48981,15.61117033,0,0,1771296316836,True,True
0,1.4901,9.72883744,0,0,1771296337961,False,True
0,1.49011,6.6365281,0,0,1771296348821,True,True
0,1.49012,15.61986064,0,0,1771296348821,True,True
0,1.49011,6.51248382,0,0,1771296352021,True,True
0,1.49012,59.27721618,0,0,1771296352021,True,True
0,1.49011,6.39029345,0,0,1771296353445,True,True
0,1.49014,9.77235451,0,0,1771296353445,True,True
0,1.49143,58.638,0,0,1771296361589,True,True
0,1.49121,344.688605,0,0,1771296370485,False,True
0,1.49121,21.8232789,0,0,1771296371819,False,True
0,1.49121,142.8015421,0,0,1771296371859,False,True
0,1.49051,162.95487,0,0,1771296378907,True,True
0,1.4904,1087.05856573,0,0,1771296388936,False,True
0,1.4904,86.7658762,0,0,1771296388946,False,True
0,1.4904,826.17555807,0,0,1771296388970,False,True
0,1.49001,672.54950644,0,0,1771296401588,True,True
0,1.49126,1669.53448761,0,0,1771296435113,True,True
0,1.49062,16.68251,0,0,1771296440486,True,True
0,1.49001,133.1619922,0,0,1771296448442,True,True
0,1.49033,1934.78669296,0,0,1771296456741,True,True
0,1.49053,20.0,0,0,1771296460228,True,True
0,1.4908,140.1304446,0,0,1771296463177,False,True
0,1.49037,127.1342234,0,0,1771296471185,True,True
0,1.49038,2397.8657766,0,0,1771296471185,True,True
0,1.49006,1105.511504,0,0,1771296497904,True,True
0,1.49021,261.5625,0,0,1771296497904,True,True
0,1.49023,1242.321156,0,0,1771296497904,True,True
0,1.49043,13.03178,0,0,1771296517846,True,True
0,1.4904,2000.0,0,0,1771296522879,False,True
0,1.4903,614.48437044,0,0,1771296522879,False,True
0,1.49025,261.5625,0,0,1771296522879,False,True
0,1.49024,2436.7734724,0,0,1771296522879,False,True
0,1.4904,13.02915,0,0,1771296536255,True,True
0,1.49071,6.57875,0,0,1771296541853,True,True
0,1.49107,13.15954,0,0,1771296548223,True,True
0,1.49101,1.31507,0,0,1771296553038,True,True
0,1.49099,1571.079698,0,0,1771296567761,True,True
0,1.491,16.24036,0,0,1771296570460,True,True
0,1.4912,2000.0,0,0,1771296585646,False,True
0,1.49135,1666.4364502,0,0,1771296603463,True,True
0,1.4911,2000.0,0,0,1771296606839,False,True
0,1.49016,3.0,0,0,1771296638683,True,True
0,1.49015,7.82659,0,0,1771296644088,False,True
0,1.49001,263.09431936,0,0,1771296651536,True,True
0,1.49001,73.63316,0,0,1771296658132,True,True
0,1.49072,10.0,0,0,1771296704479,False,True
0,1.49096,99.80786204,0,0,1771296728080,True,True
0,1.4907,2.66874,0,0,1771296767603,False,True
0,1.49066,969.656,0,0,1771296794448,True,True
0,1.49071,59.128057,0,0,1771296794448,True,True
0,1.49072,1971.215943,0,0,1771296794448,True,True
0,1.49063,33.0,0,0,1771296795802,True,True
0,1.49035,66.51781,0,0,1771296802761,False,True
0,1.49054,3.35448898,0,0,1771296815225,True,True
0,1.49022,13.28502,0,0,1771296823548,True,True
0,1.49026,31.18025,0,0,1771296826403,True,True
0,1.49001,1.77584,0,0,1771296838569,True,True
0,1.49001,17.4356985,0,0,1771296847279,True,True
0,1.49001,1500.0,0,0,1771296847279,True,True
0,1.49001,261.5625,0,0,1771296847279,True,True
0,1.49001,701.84421195,0,0,1771296847279,True,True
0,1.49,3.09068458,0,0,1771296847861,False,True
0,1.49,10.27375886,0,0,1771296857018,False,True
0,1.49,1.65,0,0,1771296857018,False,True
0,1.49,31.21002424,0,0,1771296857018,False,True
0,1.49,3324.49467374,0,0,1771296857020,False,True
0,1.49,1000.0,0,0,1771296857020,False,True
0,1.48943,14.60379562,0,0,1771296857036,True,True
0,1.48954,6.64683,0,0,1771296864883,True,True
0,1.48901,32.92094,0,0,1771296895430,True,True
0,1.489,1.65,0,0,1771296898933,False,True
0,1.48922,2.11403,0,0,1771296909359,True,True
0,1.48921,6.70924409,0,0,1771296910153,False,True
0,1.48938,37.8911818,0,0,1771296923880,False,True
0,1.48938,1962.1088182,0,0,1771296923931,False,True
0,1.48885,2.9778,0,0,1771296960033,True,True
0,1.48844,31.5295,0,0,1771296982465,True,True
0,1.48937,63.28535,0,0,1771297001798,True,True
0,1.48959,586.53880613,0,0,1771297004279,False,True
0,1.48961,3.27369247,0,0,1771297013167,True,True
0,1.48939,19.96929615,0,0,1771297030538,True,True
0,1.48886,6.91804,0,0,1771297064628,False,True
0,1.48886,1993.08196,0,0,1771297067632,False,True
0,1.48886,261.5625,0,0,1771297067632,False,True
0,1.48886,600.0,0,0,1771297067632,False,True
0,1.48886,478.3268922,0,0,1771297067632,False,True
0,1.48887,1.82329298,0,0,1771297084994,True,True
0,1.48989,3.0,0,0,1771297094685,False,True
0,1.48974,1.89634,0,0,1771297127448,True,True
0,1.48925,2000.0,0,0,1771297141905,False,True
0,1.48901,49.37312,0,0,1771297143899,True,True
0,1.489,1.65,0,0,1771297146708,False,True
0,1.4886,2000.0,0,0,1771297149589,False,True
0,1.488,1.65,0,0,1771297165261,False,True
0,1.4875,67.77142858,0,0,1771297170187,False,True
0,1.487,1.65,0,0,1771297175465,False,True
0,1.487,1.65,0,0,1771297175465,False,True
0,1.48638,4.56082,0,0,1771297181112,True,True
0,1.48628,3.41069922,0,0,1771297183279,False,True
0,1.48652,23.08217,0,0,1771297200044,True,True
0,1.48646,6.20983,0,0,1771297202516,True,True
0,1.48601,979.88217,0,0,1771297210640,True,True
0,1.486,1.65,0,0,1771297215088,False,True
0,1.4859,205.46470152,0,0,1771297215088,False,True
0,1.4859,10000.0,0,0,1771297215088,False,True
0,1.4857,2000.0,0,0,1771297221884,False,True
0,1.48502,100.0,0,0,1771297222093,True,True
0,1.486,26.65605,0,0,1771297230004,True,True
0,1.4858,69.1519,0,0,1771297245974,True,True
0,1.48566,13.03688,0,0,1771297253649,True,True
0,1.48566,32.98518,0,0,1771297256644,True,True
0,1.48566,6.59903,0,0,1771297256773,True,True
0,1.48526,24.87316966,0,0,1771297265007,True,True
0,1.48526,8.70702034,0,0,1771297265007,True,True
0,1.48569,27.71744,0,0,1771297271578,True,True
0,1.4859,145.24405421,0,0,1771297305430,False,True
0,1.48595,3364.85479024,0,0,1771297309225,True,True
0,1.48595,261.5625,0,0,1771297309225,True,True
0,1.48601,38.1927826,0,0,1771297309225,True,True
0,1.48602,3364.69226524,0,0,1771297309225,True,True
0,1.48669,2000.0,0,0,1771297311528,True,True
0,1.48715,18.64436,0,0,1771297316901,True,True
0,1.48652,20.02119715,0,0,1771297329331,True,True
0,1.48755,1500.0,0,0,1771297334121,True,True
0,1.48701,20.006,0,0,1771297343645,True,True
0,1.48627,6.60943842,0,0,1771297348694,False,True
0,1.48655,21.98138914,0,0,1771297356020,True,True
0,1.48683,27.21098086,0,0,1771297356020,True,True
0,1.48755,15.0,0,0,1771297363322,False,True
0,1.48751,6.72936652,0,0,1771297369619,False,True
0,1.4875,0.38319348,0,0,1771297369619,False,True
0,1.48752,6.11548,0,0,1771297402430,True,True
0,1.48772,15.0,0,0,1771297409366,True,True
0,1.48777,47.53986,0,0,1771297409366,True,True
0,1.48776,10.0,0,0,1771297414888,True,True
0,1.4876,1.0,0,0,1771297415757,False,True
0,1.48626,13.06466,0,0,1771297438795,True,True
0,1.486,5.0,0,0,1771297452005,False,True
0,1.48527,125.27403,0,0,1771297453616,True,True
0,1.485,1.65,0,0,1771297462389,False,True
0,1.485,3360.26936026,0,0,1771297462389,False,True
0,1.48453,126.73825385,0,0,1771297465277,False,True
0,1.48421,32.92626,0,0,1771297467955,True,True
0,1.48403,33.68160108,0,0,1771297467955,False,True
0,1.4844,65.24765,0,0,1771297474522,True,True
0,1.484,1.65,0,0,1771297498377,False,True
0,1.48331,4.07217037,0,0,1771297506123,True,True
0,1.48348,8.36199963,0,0,1771297506123,True,True
0,1.48368,3.99688573,0,0,1771297520062,True,True
0,1.48369,4.42833427,0,0,1771297520062,True,True
0,1.48364,3.92446573,0,0,1771297520646,True,True
0,1.48365,1.95077427,0,0,1771297520646,True,True
0,1.48365,3.74462662,0,0,1771297532393,True,True
0,1.48365,261.5625,0,0,1771297532393,True,True
0,1.48366,3652.68456338,0,0,1771297532393,True,True
0,1.48364,674.01795583,0,0,1771297535444,False,True
0,1.48301,3.67989282,0,0,1771297538403,True,True
0,1.48301,668.87557718,0,0,1771297538403,True,True
0,1.483,1.65,0,0,1771297551542,False,True
0,1.482,1.65,0,0,1771297562346,False,True
0,1.48186,1588.57333899,0,0,1771297562346,False,True
0,1.4823,6.22784,0,0,1771297568611,True,True
0,1.48273,47.01535,0,0,1771297572762,True,True
0,1.48271,360.63844581,0,0,1771297584071,True,True
0,1.48265,1.0,0,0,1771297584336,False,True
0,1.4833,2000.0,0,0,1771297595135,False,True
0,1.48315,261.5625,0,0,1771297595135,False,True
0,1.48306,35.39314786,0,0,1771297595135,False,True
0,1.48305,1702.22550214,0,0,1771297595135,False,True
0,1.48358,6.70836,0,0,1771297606068,True,True
0,1.4835,71.35509,0,0,1771297612904,True,True
0,1.48351,6.54519,0,0,1771297614714,True,True
0,1.48348,6.67398,0,0,1771297615531,True,True
0,1.48349,16.60288,0,0,1771297619032,True,True
0,1.48305,1.0,0,0,1771297661733,False,True
0,1.48305,166.22192197,0,0,1771297672192,False,True
0,1.48312,28.59477,0,0,1771297673831,True,True
0,1.48371,10.01951,0,0,1771297706576,True,True
0,1.48343,6.52881,0,0,1771297738957,True,True
0,1.48333,1.0,0,0,1771297750222,False,True
0,1.48359,13.05507,0,0,1771297767326,True,True
0,1.48369,10.0475,0,0,1771297769531,True,True
0,1.48335,1.0,0,0,1771297786431,False,True
0,1.48335,7.14426341,0,0,1771297788552,False,True
0,1.48336,9.37124,0,0,1771297798820,True,True
0,1.48301,138.32837,0,0,1771297809394,True,True
0,1.48301,661.86129,0,0,1771297811693,True,True
0,1.483,0.97333,0,0,1771297813012,False,True
0,1.48301,2571.33177276,0,0,1771297817991,True,True
0,1.48301,261.5625,0,0,1771297817991,True,True
0,1.48301,640.32601845,0,0,1771297817991,True,True
0,1.48301,2490.246534,0,0,1771297817991,True,True
0,1.48301,1346.4047995,0,0,1771297817991,True,True
0,1.48301,84.28064781,0,0,1771297817991,True,True
0,1.48301,2441.06798897,0,0,1771297817991,True,True
0,1.483,0.67667,0,0,1771297823950,False,True
0,1.48273,281.680928,0,0,1771297839781,True,True
0,1.48273,261.5625,0,0,1771297839781,True,True
0,1.48274,2828.75549296,0,0,1771297839781,True,True
0,1.48255,1.0,0,0,1771297841473,False,True
0,1.48251,8.02878,0,0,1771297865158,True,True
0,1.48249,1.88055231,0,0,1771297883059,True,True
0,1.48248,1.0,0,0,1771297889700,False,True
0,1.48263,261.37797,0,0,1771297896182,True,True
0,1.48201,11.17889,0,0,1771297939604,True,True
0,1.48206,2.0,0,0,1771297947841,False,True
0,1.48244,13.06837,0,0,1771297952648,True,True
0,1.48244,12.41462,0,0,1771297952680,True,True
0,1.4824,6.13793,0,0,1771297965865,True,True
0,1.48221,2.62005,0,0,1771297976132,True,True
0,1.48299,4.26424,0,0,1771297987776,True,True
0,1.48384,65.42761,0,0,1771297997799,True,True
0,1.48374,261.5625,0,0,1771297999379,False,True
0,1.48373,655.44844148,0,0,1771297999379,False,True
0,1.48365,932.55499736,0,0,1771297999379,False,True
0,1.48403,8.61777786,0,0,1771298001404,True,True
0,1.48404,10.97658214,0,0,1771298001404,True,True
0,1.48415,13.34371,0,0,1771298001614,True,True
0,1.48481,5.82768791,0,0,1771298034056,True,True
0,1.48441,16.5107,0,0,1771298046302,True,True
0,1.48441,65.24633,0,0,1771298051386,True,True
0,1.48441,3.5841,0,0,1771298052732,True,True
0,1.4841,3369.06357359,0,0,1771298056341,True,True
0,1.48421,261.5625,0,0,1771298056341,True,True
0,1.48427,665.77488041,0,0,1771298056341,True,True
0,1.48434,703.599046,0,0,1771298056341,True,True
0,1.48421,45.71136,0,0,1771298065648,True,True
0,1.48401,3.79828619,0,0,1771298109340,True,True
0,1.48401,62.59086381,0,0,1771298109340,True,True
0,1.48401,32.70675,0,0,1771298122014,True,True
0,1.484,1.65,0,0,1771298150882,False,True
0,1.48357,9.18561152,0,0,1771298154547,False,True
0,1.48358,1000.0,0,0,1771298155429,True,True
0,1.48363,33.43151594,0,0,1771298158942,True,True
0,1.48357,157.71812,0,0,1771298159538,False,True
0,1.48464,48.92947,0,0,1771298170314,True,True
0,1.48432,2.0,0,0,1771298184465,False,True
0,1.48449,673.63202177,0,0,1771298195786,True,True
0,1.48479,20.0,0,0,1771298207285,False,True
0,1.48507,81.30732956,0,0,1771298207735,True,True
0,1.48546,100.79546,0,0,1771298250503,False,True
0,1.48562,59.12807339,0,0,1771298252240,False,True
0,1.48586,24.7182495,0,0,1771298260184,True,True
0,1.4859,7.9612005,0,0,1771298260184,True,True
0,1.48656,32.59133,0,0,1771298263607,True,True
0,1.48672,62.80225,0,0,1771298266798,True,True
0,1.4868,6.10844,0,0,1771298268253,True,True
0,1.48652,261.5625,0,0,1771298276512,True,True
0,1.48653,5000.0,0,0,1771298276512,True,True
0,1.48656,3363.47807989,0,0,1771298276512,True,True
0,1.48672,644.97177866,0,0,1771298276512,True,True
0,1.48678,261.5625,0,0,1771298276512,True,True
0,1.48678,280.11662892,0,0,1771298276512,True,True
0,1.48658,24.897503,0,0,1771298284576,True,True
0,1.48652,13.32058,0,0,1771298293415,True,True
0,1.4865,20.0,0,0,1771298293809,False,True
0,1.4873,300.0,0,0,1771298302945,True,True
0,1.4873,344.14269,0,0,1771298302945,True,True
0,1.48621,9.03861,0,0,1771298343877,True,True
0,1.48563,13.06158,0,0,1771298363706,True,True
0,1.48549,62.60963,0,0,1771298370071,True,True
0,1.48601,7.52479,0,0,1771298374319,True,True
0,1.48603,54.13415,0,0,1771298380169,True,True
0,1.48601,18.88737,0,0,1771298386825,True,True
0,1.48607,658.10837,0,0,1771298411495,True,True
0,1.48607,66.04984,0,0,1771298415051,True,True
0,1.48601,11.82626,0,0,1771298417053,True,True
0,1.48607,915.59797342,0,0,1771298433689,True,True
0,1.48607,225.24191711,0,0,1771298433690,True,True
0,1.48607,225.2419171,0,0,1771298433700,True,True
0,1.48607,150.16127807,0,0,1771298433700,True,True
0,1.48607,225.24191711,0,0,1771298433700,True,True
0,1.48607,150.16127807,0,0,1771298433705,True,True
0,1.48607,150.16127806,0,0,1771298433706,True,True
0,1.48607,150.16127807,0,0,1771298433706,True,True
0,1.48607,2083.87295299,0,0,1771298433743,True,True
0,1.48791,0.95116,0,0,1771298456170,True,True
0,1.48793,0.83990295,0,0,1771298458760,True,True
0,1.48793,12.09751,0,0,1771298458769,True,True
0,1.48784,94.25108,0,0,1771298484054,True,True
0,1.4884,33.57958361,0,0,1771298511592,False,True
0,1.48902,126.73825385,0,0,1771298542661,True,True
0,1.48783,17.0,0,0,1771298566946,True,True
0,1.48793,131.44046,0,0,1771298571873,True,True
0,1.48824,200.0,0,0,1771298620229,False,True
0,1.48719,6.59397,0,0,1771298657867,True,True
0,1.48682,32.641,0,0,1771298663469,True,True
0,1.48615,521.66263,0,0,1771298673566,True,True
0,1.48669,6.70958,0,0,1771298678498,True,True
0,1.48653,97.97701,0,0,1771298686941,True,True
0,1.48647,12.37704,0,0,1771298689591,True,True
0,1.486,63.3209,0,0,1771298703373,True,True
0,1.48613,4.23845337,0,0,1771298704560,True,True
0,1.48614,12.83239663,0,0,1771298704560,True,True
0,1.48623,4.15994105,0,0,1771298710096,True,True
0,1.48624,1315.02538895,0,0,1771298710096,True,True
0,1.48716,35.39314786,0,0,1771298755089,False,True
0,1.48716,64.60685214,0,0,1771298755089,False,True
0,1.48744,35.39314786,0,0,1771298773060,True,True
0,1.48747,3.76894214,0,0,1771298773060,True,True
0,1.48741,123.45585,0,0,1771298778247,True,True
0,1.48743,50.0,0,0,1771298797086,True,True
0,1.4874,26.24159999,0,0,1771298803252,False,True
0,1.48742,16.31797,0,0,1771298804014,True,True
0,1.4874,167.94111,0,0,1771298814431,False,True
0,1.48741,13.18254,0,0,1771298816063,True,True
0,1.48675,1.71756983,0,0,1771298827471,True,True
0,1.4854,51.03880991,0,0,1771298853680,False,True
0,1.486,24.0,0,0,1771298873589,False,True
0,1.48595,75.0,0,0,1771298917062,False,True
0,1.48607,9.94557,0,0,1771298926796,True,True
0,1.48597,1.96009,0,0,1771298936695,True,True
0,1.48597,14.9912,0,0,1771298940685,True,True
0,1.48603,10.51517,0,0,1771298944284,True,True
0,1.48617,14178.49236628,0,0,1771298959148,True,True
0,1.48669,13.19527502,0,0,1771298972002,True,True
0,1.48652,6.62704,0,0,1771298972973,True,True
0,1.4865,8036.76875608,0,0,1771299001634,False,True
0,1.4865,729.89791059,0,0,1771299007107,False,True
0,1.4865,1462.07092642,0,0,1771299007109,False,True
0,1.48651,8.24408,0,0,1771299008211,True,True
0,1.4865,908.47597656,0,0,1771299010201,False,True
0,1.4865,2.79579975,0,0,1771299037662,False,True
0,1.48651,32.57313,0,0,1771299039790,True,True
0,1.4865,56.12513,0,0,1771299040016,False,True
0,1.4865,6337.19883394,0,0,1771299040025,False,True
0,1.4865,1699.56992214,0,0,1771299040025,False,True
0,1.4865,7067.09674453,0,0,1771299041372,False,True
0,1.4865,8766.66666667,0,0,1771299041419,False,True
0,1.4865,7376.86970215,0,0,1771299041488,False,True
0,1.4865,1389.79696452,0,0,1771299041842,False,True
0,1.4865,6646.97179156,0,0,1771299041842,False,True
0,1.4865,1659.61331,0,0,1771299042049,False,True
0,1.4865,460.08156511,0,0,1771299042891,False,True
0,1.4865,7576.68719097,0,0,1771299042891,False,True
0,1.4865,1189.9794757,0,0,1771299043695,False,True
0,1.4865,469.6338343,0,0,1771299043695,False,True
0,1.4865,8297.03283237,0,0,1771299043699,False,True
0,1.4865,8297.03283237,0,0,1771299043700,False,True
0,1.4865,469.6338343,0,0,1771299043854,False,True
0,1.4865,7567.13492178,0,0,1771299043854,False,True
0,1.4865,1199.53174489,0,0,1771299044811,False,True
0,1.4865,6837.23701119,0,0,1771299044811,False,True
0,1.4865,1929.42965548,0,0,1771299045812,False,True
0,1.4865,6107.3391006,0,0,1771299045812,False,True
0,1.48651,32.65615,0,0,1771299049885,True,True
0,1.48651,6.66056,0,0,1771299051022,True,True
0,1.4865,2659.32756607,0,0,1771299055933,False,True
0,1.4865,3924.47025381,0,0,1771299055933,False,True
0,1.4865,650.14221862,0,0,1771299057849,False,True
0,1.4865,4192.05419424,0,0,1771299057873,False,True
0,1.4865,3844.71456184,0,0,1771299057873,False,True
0,1.4865,1659.61331,0,0,1771299057900,False,True
0,1.4865,3262.33879483,0,0,1771299058812,False,True
0,1.4865,4774.42996125,0,0,1771299058812,False,True
0,1.48651,65.31229,0,0,1771299063171,True,True
0,1.48651,1362.79787,0,0,1771299083264,True,True
0,1.48651,596.52062,0,0,1771299083264,True,True
0,1.4865,3992.23670537,0,0,1771299086575,False,True
0,1.48541,40.0,0,0,1771299088325,False,True
0,1.48476,125.0,0,0,1771299089942,False,True
0,1.48405,9.36859,0,0,1771299106358,True,True
0,1.48436,32.62844,0,0,1771299114479,True,True
0,1.48414,353.90382459,0,0,1771299115318,False,True
0,1.48384,3369.63241069,0,0,1771299126947,False,True
0,1.48383,70.78629573,0,0,1771299126947,False,True
0,1.48383,600.0,0,0,1771299126947,False,True
0,1.48383,261.5625,0,0,1771299126947,False,True
0,1.48381,600.0,0,0,1771299126947,False,True
0,1.4838,600.0,0,0,1771299126947,False,True
0,1.48379,600.0,0,0,1771299126947,False,True
0,1.48377,1598.01879358,0,0,1771299126947,False,True
0,1.48379,0.7645,0,0,1771299147435,True,True
0,1.48391,807.684814,0,0,1771299166255,False,True
0,1.48531,2190.07378382,0,0,1771299195995,False,True
0,1.48507,261.5625,0,0,1771299201908,False,True
0,1.48506,59.27271047,0,0,1771299201908,False,True
0,1.48506,75.70291254,0,0,1771299207186,False,True
0,1.48522,75.70273205,0,0,1771299213412,False,True
0,1.48661,752.63134,0,0,1771299247418,True,True
0,1.48642,0.67085,0,0,1771299250548,True,True
0,1.48639,4.03654417,0,0,1771299272063,True,True
0,1.48621,4.03662565,0,0,1771299291050,True,True
0,1.48481,6.73496659,0,0,1771299312111,True,True
0,1.48495,3.71711341,0,0,1771299312111,True,True
0,1.48481,4.04054008,0,0,1771299318651,True,True
0,1.48478,3.96643,0,0,1771299334592,True,True
0,1.48477,123.50254379,0,0,1771299335343,False,True
0,1.48405,26.96864028,0,0,1771299348475,True,True
0,1.48406,6.7385355,0,0,1771299348475,True,True
0,1.48407,29.06441422,0,0,1771299348475,True,True
0,1.48402,4.04293598,0,0,1771299354260,True,True
0,1.4839,150.0,0,0,1771299363824,False,True
0,1.4839,484.7335,0,0,1771299369587,False,True
0,1.48392,4.04339915,0,0,1771299389752,True,True
0,1.48392,0.82619009,0,0,1771299401823,True,True
0,1.48391,5.0,0,0,1771299406457,False,True
0,1.48351,124.0,0,0,1771299411462,False,True
0,1.483,1.65,0,0,1771299421011,False,True
0,1.48225,17.37036,0,0,1771299426382,False,True
0,1.48216,23.14492,0,0,1771299431685,True,True
0,1.48216,2722.42810836,0,0,1771299431761,True,True
0,1.48217,6017.6,0,0,1771299431761,True,True
0,1.4822,1500.0,0,0,1771299431761,True,True
0,1.48294,1500.0,0,0,1771299447650,True,True
0,1.48303,331.15395,0,0,1771299447699,True,True
0,1.48316,25.28777,0,0,1771299468110,True,True
0,1.48419,2745.57302836,0,0,1771299517447,True,True
0,1.48422,66.8572285,0,0,1771299517447,True,True
0,1.48423,6019.5,0,0,1771299517447,True,True
0,1.48429,654.48114508,0,0,1771299517447,True,True
0,1.48436,261.5625,0,0,1771299517447,True,True
0,1.48449,35.39314787,0,0,1771299517447,True,True
0,1.4845,7067.42257819,0,0,1771299517447,True,True
0,1.4841,26.54,0,0,1771299562228,False,True
0,1.48437,86.91229276,0,0,1771299615445,True,True
0,1.48456,9.81163,0,0,1771299639934,True,True
0,1.48504,17.3396,0,0,1771299654656,False,True
0,1.48504,3000.03364,0,0,1771299659268,False,True
0,1.48445,32.78052,0,0,1771299679359,True,True
0,1.48471,35.39314786,0,0,1771299687719,False,True
0,1.48471,27.21648214,0,0,1771299687719,False,True
0,1.48515,2.16893,0,0,1771299700536,True,True
0,1.4852,6.58885,0,0,1771299708155,True,True
0,1.48561,6.6005,0,0,1771299730856,True,True
0,1.4855,67.32555948,0,0,1771299733274,False,True
0,1.48671,3.3295,0,0,1771299751033,True,True
0,1.48684,56.56693,0,0,1771299767719,True,True
0,1.48682,31.17776,0,0,1771299787785,True,True
0,1.4868,13.18786,0,0,1771299813204,True,True
0,1.48669,8.329072,0,0,1771299813851,True,True
0,1.4868,1500.0,0,0,1771299815529,True,True
0,1.48682,128.53284,0,0,1771299815529,True,True
0,1.4868,22.20528786,0,0,1771299816422,True,True
0,1.4868,50.9374795,0,0,1771299816422,True,True
0,1.48681,52.89964264,0,0,1771299816422,True,True
0,1.48663,261.5625,0,0,1771299817412,False,True
0,1.4866,73.64506,0,0,1771299817412,False,True
0,1.48676,6.67265732,0,0,1771299825826,True,True
0,1.48686,6.5148,0,0,1771299827103,True,True
0,1.48679,16.44341,0,0,1771299833380,True,True
0,1.4867,100.73989372,0,0,1771299846767,True,True
0,1.4857,518.48976,0,0,1771299868196,False,True
0,1.48571,6.66415,0,0,1771299873315,True,True
0,1.48577,5.34168141,0,0,1771299877535,True,True
0,1.48621,35.0,0,0,1771299891659,True,True
0,1.48649,391.89494897,0,0,1771299898684,True,True
0,1.48738,6.72451815,0,0,1771299940896,True,True
0,1.48739,118.77413185,0,0,1771299940896,True,True
0,1.48751,13.44528776,0,0,1771299963361,True,True
0,1.48751,291.44894,0,0,1771299967601,True,True
0,1.4875,70.1717695,0,0,1771299974660,False,True
0,1.48756,634.20236,0,0,1771299977697,True,True
0,1.48751,62.73074,0,0,1771299980243,True,True
0,1.48751,6.55821019,0,0,1771300000149,True,True
0,1.4875,33.61344537,0,0,1771300006137,False,True
0,1.48694,6.59349,0,0,1771300011963,True,True
0,1.48655,3.27626,0,0,1771300022257,True,True
0,1.48614,1.65,0,0,1771300045099,False,True
0,1.48618,28.89411764,0,0,1771300050816,True,True
0,1.48595,13.06492,0,0,1771300061549,True,True
0,1.4861,318.73381,0,0,1771300067168,True,True
0,1.48656,3.10231,0,0,1771300090956,True,True
0,1.48689,119.7177,0,0,1771300106031,False,True
0,1.48598,63.30173,0,0,1771300150647,True,True
0,1.48544,32.68033,0,0,1771300164769,True,True
0,1.4851,543.1597813,0,0,1771300198619,True,True
0,1.4851,300.30245979,0,0,1771300198619,True,True
0,1.4851,300.30245979,0,0,1771300198619,True,True
0,1.48545,196.09254,0,0,1771300230508,True,True
0,1.48545,10.0,0,0,1771300231034,True,True
0,1.48529,61.34889,0,0,1771300235429,False,True
0,1.48474,137.430857,0,0,1771300245129,True,True
0,1.48481,1117.524783,0,0,1771300245129,True,True
0,1.48473,1.66971088,0,0,1771300249500,True,True
0,1.4848,3.44033,0,0,1771300268190,False,True
0,1.48522,6.21572,0,0,1771300292551,True,True
0,1.48494,3.66563098,0,0,1771300296559,False,True
0,1.48514,6.63431,0,0,1771300306858,True,True
0,1.4851,6.53783,0,0,1771300346420,True,True
0,1.48512,13.33332,0,0,1771300368600,True,True
0,1.48565,13.20011,0,0,1771300389802,True,True
0,1.48588,0.93830983,0,0,1771300396437,True,True
0,1.48577,8.0,0,0,1771300410085,True,True
0,1.48623,13.19301,0,0,1771300424032,True,True
0,1.48594,162.92045,0,0,1771300429307,True,True
0,1.48591,17.64144,0,0,1771300432122,True,True
0,1.4859,1535.65964985,0,0,1771300434715,False,True
0,1.48513,10.0,0,0,1771300479702,True,True
0,1.48516,3366.64063131,0,0,1771300485133,True,True
0,1.48517,1718.61807066,0,0,1771300485133,True,True
0,1.4852,261.5625,0,0,1771300487494,False,True
0,1.48517,70.78629573,0,0,1771300487494,False,True
0,1.48515,467.65120427,0,0,1771300487494,False,True
0,1.48541,10.0,0,0,1771300497661,False,True
0,1.48465,23.60696,0,0,1771300532814,False,True
0,1.48466,6.73552493,0,0,1771300542849,True,True
0,1.48478,26.60501507,0,0,1771300542849,True,True
0,1.48458,109.79500209,0,0,1771300557993,False,True
0,1.48453,6.68773791,0,0,1771300557993,False,True
0,1.48454,6.63632,0,0,1771300558249,True,True
0,1.48453,120.05051594,0,0,1771300560622,False,True
0,1.48426,100.0,0,0,1771300561350,False,True
0,1.48384,340.89764,0,0,1771300565515,True,True
0,1.4838,753.9607745,0,0,1771300569946,False,True
0,1.48377,100.0,0,0,1771300570194,False,True
0,1.48364,25.0,0,0,1771300570195,True,True
0,1.48292,49.55447,0,0,1771300572558,True,True
0,1.48283,16.81432,0,0,1771300575350,True,True
0,1.48381,225.82961,0,0,1771300591496,True,True
0,1.48351,72.44497,0,0,1771300597769,True,True
0,1.48282,125.0,0,0,1771300632211,False,True
0,1.48282,261.5625,0,0,1771300632211,False,True
0,1.48281,604.84925288,0,0,1771300632211,False,True
0,1.4828,1108.58824712,0,0,1771300632211,False,True
0,1.48333,2.35252173,0,0,1771300657835,True,True
0,1.4831,55.0,0,0,1771300674417,False,True
0,1.48311,0.76468,0,0,1771300674839,True,True
0,1.4831,557.6875739,0,0,1771300677465,False,True
0,1.48279,230.05537,0,0,1771300683935,True,True
0,1.48298,59.18701,0,0,1771300688944,False,True
0,1.48311,341.12416,0,0,1771300689216,True,True
0,1.48299,56.8098466,0,0,1771300692836,False,True
0,1.483,104.735,0,0,1771300692839,True,True
0,1.48263,261.5625,0,0,1771300720352,False,True
0,1.48262,601.60344733,0,0,1771300720352,False,True
0,1.4826,800.0,0,0,1771300720352,False,True
0,1.48257,125.0,0,0,1771300720352,False,True
0,1.48245,261.5625,0,0,1771300720352,False,True
0,1.48243,426.64844678,0,0,1771300720352,False,True
0,1.4832,59.22816137,0,0,1771300725873,False,True
0,1.48331,6.19018,0,0,1771300753788,True,True
0,1.48331,2.14262,0,0,1771300768267,True,True
0,1.48279,2.16052171,0,0,1771300790098,True,True
0,1.4826,84.49345743,0,0,1771300798190,False,True
0,1.48253,6.67903,0,0,1771300805491,True,True
0,1.48227,14.53713969,0,0,1771300806997,False,True
0,1.4822,362.41527,0,0,1771300857829,True,True
0,1.4821,102.46626871,0,0,1771300861544,False,True
0,1.48211,2100.38391213,0,0,1771300871793,True,True
0,1.482,1.65,0,0,1771300883594,False,True
0,1.48196,4.96297231,0,0,1771300883594,False,True
0,1.48203,683.34144,0,0,1771300890356,True,True
0,1.48224,70.02161573,0,0,1771300890356,True,True
0,1.48225,1500.0,0,0,1771300890356,True,True
0,1.48226,623.40413863,0,0,1771300890356,True,True
0,1.48233,261.5625,0,0,1771300890356,True,True
0,1.48236,1263.12880564,0,0,1771300890356,True,True
0,1.48181,13.10212,0,0,1771300910420,True,True
0,1.48166,33.40843,0,0,1771300915101,True,True
0,1.48162,2.4339,0,0,1771300917376,True,True
0,1.48152,116.00635,0,0,1771300935307,True,True
0,1.48151,125.0,0,0,1771300935961,False,True
0,1.48151,125.0,0,0,1771300935961,False,True
0,1.48113,67.34091,0,0,1771300936072,True,True
0,1.481,1.65,0,0,1771300937154,False,True
0,1.48074,253.39789467,0,0,1771300937435,False,True
0,1.4805,3377.23741979,0,0,1771300937729,False,True
0,1.48006,127.12102212,0,0,1771300950257,False,True
0,1.48,1.65,0,0,1771300950257,False,True
0,1.48,199.68918918,0,0,1771300950257,False,True
0,1.47981,2000.0,0,0,1771300950257,False,True
0,1.47954,611.20004794,0,0,1771300950257,False,True
0,1.4794,3110.19051111,0,0,1771300950257,False,True
0,1.47901,62.34164215,0,0,1771300956886,False,True
0,1.47914,247.69946,0,0,1771300957648,True,True
0,1.47922,13.12515,0,0,1771300958176,True,True
0,1.47951,10.0,0,0,1771300964548,False,True
0,1.47951,62.34164215,0,0,1771300965934,False,True
0,1.48017,32.806,0,0,1771300977477,True,True
0,1.48017,32.806,0,0,1771300977477,True,True
0,1.4806,2000.0,0,0,1771300981261,False,True
0,1.4806,261.5625,0,0,1771300981261,False,True
0,1.4806,3377.00504437,0,0,1771300981261,False,True
0,1.48058,774.54047817,0,0,1771300981261,False,True
0,1.48089,1.0,0,0,1771300981769,True,True
0,1.48095,303.85900942,0,0,1771300986432,True,True
0,1.48147,261.5625,0,0,1771301006721,True,True
0,1.48155,48.21649215,0,0,1771301006721,True,True
0,1.48159,1267.50279785,0,0,1771301006721,True,True
0,1.48134,6.96,0,0,1771301007842,False,True
0,1.48149,6.14108,0,0,1771301012617,True,True
0,1.48146,38.48170625,0,0,1771301017682,False,True
0,1.48053,65.35463,0,0,1771301036152,True,True
0,1.48075,4.04339915,0,0,1771301060230,False,True
0,1.48047,64.22615,0,0,1771301073829,True,True
0,1.48052,6.62114,0,0,1771301083225,True,True
0,1.48046,2.45173,0,0,1771301087506,True,True
0,1.47984,32.30458948,0,0,1771301091406,False,True
0,1.47983,30.03705267,0,0,1771301091406,False,True
0,1.47994,5.52736583,0,0,1771301100474,False,True
0,1.47993,56.81427632,0,0,1771301100474,False,True
0,1.47963,5.53344616,0,0,1771301112919,False,True
0,1.47957,43.71144384,0,0,1771301112919,False,True
0,1.47952,5.53399353,0,0,1771301121375,False,True
0,1.47951,56.80764862,0,0,1771301121375,False,True
0,1.47957,6.65753,0,0,1771301128752,True,True
0,1.47941,5.53634039,0,0,1771301129725,False,True
0,1.4794,56.80530176,0,0,1771301129725,False,True
0,1.4796,3.3792917,0,0,1771301139580,True,True
0,1.47952,49.20638,0,0,1771301142364,True,True
0,1.47972,9.63403518,0,0,1771301164313,False,True
0,1.4796,7.99270941,0,0,1771301172409,False,True
0,1.47916,6.69366,0,0,1771301191030,True,True
0,1.47951,7.804392,0,0,1771301201918,False,True
0,1.47936,6.56311,0,0,1771301231218,True,True
0,1.47935,9.1256295,0,0,1771301232377,True,True
0,1.47871,25.20803,0,0,1771301253880,False,True
0,1.47862,79.51916912,0,0,1771301255289,False,True
0,1.47852,67.63520278,0,0,1771301255357,False,True
0,1.4782,20.051414,0,0,1771301263192,False,True
0,1.4782,20.159654,0,0,1771301263192,False,True
0,1.4782,20.240833,0,0,1771301263192,False,True
0,1.47778,25.0,0,0,1771301266763,True,True
0,1.47778,10.0,0,0,1771301271046,True,True
0,1.47777,56.81005623,0,0,1771301272553,False,True
0,1.47777,193.18994377,0,0,1771301272619,False,True
0,1.4775,7.00049,0,0,1771301272958,False,True
0,1.4775,1.0,0,0,1771301276502,False,True
0,1.4775,17.26516143,0,0,1771301279704,False,True
0,1.47736,28.99999997,0,0,1771301279704,False,True
0,1.47723,17.438043,0,0,1771301280703,False,True
0,1.47723,18.331607,0,0,1771301280703,False,True
0,1.4768,15.303359,0,0,1771301283841,False,True
0,1.47606,34.55636,0,0,1771301290346,False,True
0,1.47644,261.5625,0,0,1771301290346,True,True
0,1.47649,218.2082469,0,0,1771301290346,True,True
0,1.47642,48.43335,0,0,1771301290496,True,True
0,1.47625,1.35276,0,0,1771301295884,True,True
0,1.4765,10.0,0,0,1771301300846,True,True
0,1.47714,6.57324,0,0,1771301325992,True,True
0,1.47728,134.45332,0,0,1771301329400,True,True
0,1.4772,261.5625,0,0,1771301334393,True,True
0,1.47721,34.43353573,0,0,1771301334393,True,True
0,1.47728,22.64182427,0,0,1771301334393,True,True
0,1.47704,31.92938,0,0,1771301334729,True,True
0,1.47678,6.67228,0,0,1771301359267,True,True
0,1.47773,500.0,0,0,1771301371388,True,True
0,1.47821,59.4305638,0,0,1771301378108,False,True
0,1.47833,71.91859223,0,0,1771301385815,False,True
0,1.47852,200.0,0,0,1771301387387,True,True
0,1.47891,19.85666,0,0,1771301408188,True,True
0,1.47873,16.53751,0,0,1771301409401,True,True
0,1.48005,219.283442,0,0,1771301433064,False,True
0,1.48074,59.33620472,0,0,1771301435211,False,True
0,1.48092,45.82338,0,0,1771301435391,True,True
0,1.48127,23.62837295,0,0,1771301443955,True,True
0,1.48111,10.0,0,0,1771301444087,False,True
0,1.48045,7.28468,0,0,1771301458641,True,True
0,1.48175,3.0,0,0,1771301485844,True,True
0,1.4816,6.53612,0,0,1771301539168,True,True
0,1.4816,8.03507694,0,0,1771301539283,True,True
0,1.4816,31.37814,0,0,1771301540559,True,True
0,1.48137,9.850146,0,0,1771301544624,True,True
0,1.48171,7.0,0,0,1771301561661,True,True
0,1.48171,44.4641,0,0,1771301561661,True,True
0,1.4815,373.03727899,0,0,1771301566921,True,True
0,1.48065,4.57572,0,0,1771301612683,True,True
0,1.48054,19.05422055,0,0,1771301612854,False,True
0,1.48054,6.71965,0,0,1771301618198,True,True
0,1.48075,60.36463278,0,0,1771301620557,True,True
0,1.48034,9.0,0,0,1771301630236,False,True
0,1.48055,6.62136,0,0,1771301656213,True,True
0,1.48043,6.54209,0,0,1771301660736,True,True
0,1.48002,6.08042,0,0,1771301686393,True,True
0,1.47986,41.0,0,0,1771301690610,False,True
0,1.47996,32.79469,0,0,1771301691406,True,True
0,1.4796,13.25212,0,0,1771301723913,True,True
0,1.47957,3.0,0,0,1771301723945,False,True
0,1.4772,87.00265,0,0,1771301783061,True,True
0,1.47799,65.80058,0,0,1771301790984,True,True
0,1.47757,600.0,0,0,1771301792101,False,True
0,1.47756,3620.384,0,0,1771301792101,False,True
0,1.47757,17.52351518,0,0,1771301793546,False,True
0,1.47729,34.03686953,0,0,1771301813563,False,True
0,1.47728,236.23812827,0,0,1771301813563,False,True
0,1.47739,20.522679,0,0,1771301822605,True,True
0,1.47758,0.91217,0,0,1771301823068,True,True
0,1.47758,1.2223,0,0,1771301828414,True,True
0,1.47758,7.63516,0,0,1771301836498,True,True
0,1.47758,8.232779,0,0,1771301840135,True,True
0,1.47758,21.088537,0,0,1771301840135,True,True
0,1.47758,21.196822,0,0,1771301840135,True,True
0,1.47799,18.998775,0,0,1771301840135,True,True
0,1.47799,19.810689,0,0,1771301840135,True,True
0,1.47811,734.82718469,0,0,1771301840135,True,True
0,1.47777,16.58342,0,0,1771301869509,True,True
0,1.47741,20.14465178,0,0,1771301871627,True,True
0,1.47741,20.549475,0,0,1771301878590,True,True
0,1.47759,64.229425,0,0,1771301878590,True,True
0,1.47741,20.170433,0,0,1771301884338,True,True
0,1.47759,6.38518026,0,0,1771301884589,True,True
0,1.47797,5.91431,0,0,1771301890389,True,True
0,1.47796,246.96202874,0,0,1771301899619,False,True
0,1.47797,11.90815781,0,0,1771301905073,True,True
0,1.47797,1.97069,0,0,1771301921017,True,True
0,1.47797,0.99210819,0,0,1771301938162,True,True
0,1.47797,18.971968,0,0,1771301938162,True,True
0,1.47797,18.59307,0,0,1771301938162,True,True
0,1.47797,18.187108,0,0,1771301938162,True,True
0,1.47797,17.727017,0,0,1771301938162,True,True
0,1.47828,341.01359781,0,0,1771301938162,True,True
0,1.47828,119.19920569,0,0,1771301938162,True,True
0,1.47829,380.80079431,0,0,1771301938162,True,True
0,1.47829,500.0,0,0,1771301938162,True,True
0,1.47829,500.0,0,0,1771301938162,True,True
0,1.47829,500.0,0,0,1771301938162,True,True
0,1.47829,500.0,0,0,1771301938162,True,True
0,1.47829,250.0,0,0,1771301938162,True,True
0,1.47829,250.0,0,0,1771301938162,True,True
0,1.47829,200.0,0,0,1771301938162,True,True
0,1.47829,301.50495494,0,0,1771301938162,True,True
0,1.4783,98.49504506,0,0,1771301938162,True,True
0,1.4783,475.0,0,0,1771301938162,True,True
0,1.4783,100.0,0,0,1771301938162,True,True
0,1.4783,100.0,0,0,1771301938162,True,True
0,1.4783,400.0,0,0,1771301938162,True,True
0,1.4783,150.0,0,0,1771301938162,True,True
0,1.4783,50.0,0,0,1771301938162,True,True
0,1.47938,138.53586,0,0,1771301975016,True,True
0,1.4792,620.33096,0,0,1771301978496,True,True
0,1.47937,502.0110129,0,0,1771301978496,True,True
0,1.47938,511.53112803,0,0,1771301978496,True,True
0,1.4796,2.65042,0,0,1771301986030,True,True
0,1.4796,11.191159,0,0,1771301996126,True,True
0,1.4796,14.895918,0,0,1771301996126,True,True
0,1.4796,13.841579,0,0,1771301996126,True,True
0,1.4797,563.47551376,0,0,1771301996126,True,True
0,1.48052,3377.21193042,0,0,1771302001877,True,True
0,1.48058,1500.0,0,0,1771302001877,True,True
0,1.48062,153.40777485,0,0,1771302001877,True,True
0,1.48062,1343.39085285,0,0,1771302001877,True,True
0,1.48062,674.01795583,0,0,1771302001877,True,True
0,1.48021,140.65863,0,0,1771302023091,True,True
0,1.48045,87.4,0,0,1771302030462,True,True
0,1.48045,734.8470595,0,0,1771302030576,True,True
0,1.48045,300.31621731,0,0,1771302030600,True,True
0,1.48045,377.43672319,0,0,1771302030602,True,True
0,1.48153,100.0,0,0,1771302035590,True,True
0,1.48141,78.7,0,0,1771302044344,True,True
0,1.4824,622.49435659,0,0,1771302047717,True,True
0,1.4824,50.77303341,0,0,1771302047717,True,True
0,1.48278,63.98033,0,0,1771302058397,True,True
0,1.48259,4405.2376,0,0,1771302060630,True,True
0,1.48252,16.4233414,0,0,1771302061554,False,True
0,1.48252,4.4600196,0,0,1771302061645,False,True
0,1.48252,20.640531,0,0,1771302061645,False,True
0,1.48174,20.97534,0,0,1771302093238,False,True
0,1.48192,261.5625,0,0,1771302110282,False,True
0,1.48184,3374.1756228,0,0,1771302110282,False,True
0,1.48176,261.5625,0,0,1771302110282,False,True
0,1.48176,638.12046782,0,0,1771302110282,False,True
0,1.48172,788.83103431,0,0,1771302110282,False,True
0,1.48171,751.08201844,0,0,1771302110282,False,True
0,1.48235,3.05518,0,0,1771302122190,False,True
0,1.4824,6.6139,0,0,1771302123726,True,True
0,1.48221,33.00692,0,0,1771302132932,True,True
0,1.4822,20.618,0,0,1771302135982,False,True
0,1.4822,20.429092,0,0,1771302135982,False,True
0,1.48205,261.5625,0,0,1771302135982,False,True
0,1.48202,372.06319169,0,0,1771302135982,False,True
0,1.48187,10.0,0,0,1771302141803,True,True
0,1.48178,83.8,0,0,1771302163028,True,True
0,1.48178,1676.1,0,0,1771302163029,True,True
0,1.48232,0.66139,0,0,1771302180033,True,True
0,1.48176,4.90905779,0,0,1771302193216,False,True
0,1.48239,16.5409,0,0,1771302198687,True,True
0,1.48236,6.75817232,0,0,1771302200680,False,True
0,1.48257,17.359,0,0,1771302224612,False,True
0,1.48209,58.6648685,0,0,1771302245328,True,True
0,1.48258,62.0471,0,0,1771302271257,True,True
0,1.48319,261.03970188,0,0,1771302291764,False,True
0,1.48336,796.63287162,0,0,1771302292307,False,True
0,1.4835,261.5625,0,0,1771302292340,False,True
0,1.48336,1.59545911,0,0,1771302292340,False,True
0,1.48335,6.74149728,0,0,1771302294972,False,True
0,1.48335,65.25850272,0,0,1771302294972,False,True
0,1.48286,1.65,0,0,1771302303104,False,True
0,1.48295,250.0,0,0,1771302313131,True,True
0,1.48238,6.74585161,0,0,1771302332443,True,True
0,1.48238,159.38379839,0,0,1771302332443,True,True
0,1.48261,6.74454853,0,0,1771302350829,True,True
0,1.48272,544.439042,0,0,1771302352353,False,True
0,1.48238,13.16148397,0,0,1771302382256,True,True
0,1.48237,13.49190822,0,0,1771302386591,False,True
0,1.48198,6.48565145,0,0,1771302389740,True,True
0,1.48197,100.0,0,0,1771302402599,False,True
0,1.48176,95.09094221,0,0,1771302402599,False,True
0,1.48163,70.78629573,0,0,1771302402599,False,True
0,1.4816,837.98177148,0,0,1771302402599,False,True
0,1.48152,126.18575,0,0,1771302409636,True,True
0,1.48152,16.3628,0,0,1771302426465,True,True
0,1.48151,18.59454681,0,0,1771302430204,False,True
0,1.48152,6.48988876,0,0,1771302437650,True,True
0,1.48151,81.40545319,0,0,1771302446490,False,True
0,1.4814,21.142163,0,0,1771302446539,False,True
0,1.4814,20.575132,0,0,1771302446539,False,True
0,1.48129,21.224743,0,0,1771302446589,False,True
0,1.48053,33.50366422,0,0,1771302468972,True,True
0,1.48054,180.60649519,0,0,1771302485640,True,True
0,1.48054,875.98223634,0,0,1771302485668,True,True
0,1.48129,2.85499,0,0,1771302496112,True,True
0,1.48111,19.27699,0,0,1771302506125,True,True
0,1.48146,191.70329,0,0,1771302521396,False,True
0,1.48167,33.0,0,0,1771302526438,True,True
0,1.48167,0.66494,0,0,1771302529032,True,True
0,1.48167,3.61769151,0,0,1771302577000,True,True
0,1.4821,9.48551849,0,0,1771302577000,True,True
0,1.4823,3.17147783,0,0,1771302590331,False,True
0,1.48182,3.99223,0,0,1771302620485,True,True
0,1.48104,1215.769772,0,0,1771302633145,False,True
0,1.48104,1234.230228,0,0,1771302633240,False,True
0,1.48053,13.71131,0,0,1771302642811,False,True
0,1.48053,13457.3375,0,0,1771302642993,False,True
0,1.48053,3414.7961239,0,0,1771302642994,False,True
0,1.48021,523.86159,0,0,1771302650278,True,True
0,1.4802,17.997568,0,0,1771302652082,False,True
0,1.4802,19.13255,0,0,1771302652082,False,True
0,1.4802,20.132415,0,0,1771302652082,False,True
0,1.4802,20.916092,0,0,1771302652082,False,True
0,1.4802,21.429537,0,0,1771302652082,False,True
0,1.4799,4.0,0,0,1771302661465,False,True
0,1.47956,16.76174,0,0,1771302661465,False,True
0,1.47954,10.40299,0,0,1771302661465,False,True
0,1.47951,14.869788,0,0,1771302665345,False,True
0,1.47894,4.10022,0,0,1771302668722,True,True
0,1.47891,5.41590873,0,0,1771302671452,True,True
0,1.47801,92.18499,0,0,1771302689903,True,True
0,1.4783,94.66941,0,0,1771302702810,True,True
0,1.478,349.27719,0,0,1771302706444,False,True
0,1.478,650.72281,0,0,1771302707915,False,True
0,1.478,203.98511503,0,0,1771302707915,False,True
0,1.47796,5.0,0,0,1771302708136,False,True
0,1.4779,19.913609,0,0,1771302708174,False,True
0,1.4776,6.63552,0,0,1771302714742,True,True
0,1.47585,22.79994858,0,0,1771302723465,False,True
0,1.47578,16.47353258,0,0,1771302737168,False,True
0,1.47578,0.03299242,0,0,1771302738215,False,True
0,1.47565,56.80903773,0,0,1771302741350,False,True
0,1.47565,56.9795768,0,0,1771302741460,False,True
0,1.4756,254.28056286,0,0,1771302741589,False,True
0,1.4756,127.50524532,0,0,1771302741589,False,True
0,1.47541,6.67589,0,0,1771302742031,True,True
0,1.4754,17.513895,0,0,1771302744460,False,True
0,1.47532,261.5625,0,0,1771302747580,True,True
0,1.47532,67.47587,0,0,1771302747580,True,True
0,1.47531,4.74399376,0,0,1771302748085,False,True
0,1.47487,100.0,0,0,1771302748259,True,True
0,1.47509,5.0,0,0,1771302759984,False,True
0,1.47463,11.29867,0,0,1771302763776,True,True
0,1.47425,25.88042255,0,0,1771302764426,False,True
0,1.4744,255.71546,0,0,1771302764967,True,True
0,1.47421,6.17007,0,0,1771302777809,True,True
0,1.47552,3282.34818,0,0,1771302792034,True,True
0,1.47552,261.5625,0,0,1771302818292,False,True
0,1.47547,46.91202803,0,0,1771302818292,False,True
0,1.4754,6.5643,0,0,1771302845870,True,True
0,1.47596,5.0,0,0,1771302857653,False,True
0,1.47622,131.24806,0,0,1771302858808,True,True
0,1.47666,261.5625,0,0,1771302862463,False,True
0,1.47663,9.38146879,0,0,1771302862463,False,True
0,1.4771,572.14278,0,0,1771302867752,False,True
0,1.47765,6.14459,0,0,1771302902992,True,True
0,1.47785,6.76732647,0,0,1771302919809,True,True
0,1.47814,1.19321353,0,0,1771302919809,True,True
0,1.47784,57.54099226,0,0,1771302925816,False,True
0,1.47787,1.65,0,0,1771302934697,True,True
0,1.47708,6.66934,0,0,1771303022516,True,True
0,1.47695,32.97681,0,0,1771303046382,False,True
0,1.47695,700.0,0,0,1771303050152,False,True
0,1.47699,1.38092,0,0,1771303067033,True,True
0,1.47695,18.00621144,0,0,1771303067656,False,True
0,1.47711,0.65729,0,0,1771303072578,True,True
0,1.47695,121.0,0,0,1771303079863,False,True
0,1.47789,6.56977,0,0,1771303100534,True,True
0,1.47758,11.5098,0,0,1771303115491,False,True
0,1.478,1500.0,0,0,1771303133765,True,True
0,1.47805,3382.83677014,0,0,1771303133765,True,True
0,1.47814,261.5625,0,0,1771303133765,True,True
0,1.47815,6765.22366398,0,0,1771303133765,True,True
0,1.47832,261.5625,0,0,1771303133766,True,True
0,1.47857,261.5625,0,0,1771303133767,True,True
0,1.47869,1352.54853958,0,0,1771303133767,True,True
0,1.47871,6762.66286155,0,0,1771303133767,True,True
0,1.47874,5990.57465807,0,0,1771303133767,True,True
0,1.47838,1500.0,0,0,1771303133772,True,True
0,1.47847,25.0,0,0,1771303133782,True,True
0,1.47847,41.66571259,0,0,1771303133784,True,True
0,1.4788,25.0,0,0,1771303133784,True,True
0,1.47884,1002.38139528,0,0,1771303133784,True,True
0,1.47835,65.54219,0,0,1771303134784,True,True
0,1.47854,1308.04892753,0,0,1771303134981,True,True
0,1.47854,1050.94416585,0,0,1771303134981,True,True
0,1.47854,131.25344062,0,0,1771303134982,True,True
0,1.47877,1500.0,0,0,1771303134986,True,True
0,1.47865,1397.0641,0,0,1771303134996,True,True
0,1.47865,102.9359,0,0,1771303135010,True,True
0,1.4787,49.99,0,0,1771303135022,True,True
0,1.4787,49.99,0,0,1771303135024,True,True
0,1.4787,200.02,0,0,1771303135025,True,True
0,1.47876,99.98,0,0,1771303135025,True,True
0,1.47876,49.99,0,0,1771303135039,True,True
0,1.47876,49.99,0,0,1771303135052,True,True
0,1.47876,49.99,0,0,1771303135058,True,True
0,1.47876,49.99,0,0,1771303135062,True,True
0,1.47876,0.06,0,0,1771303135064,True,True
0,1.47895,49.99,0,0,1771303135069,True,True
0,1.48078,32.77063,0,0,1771303142844,True,True
0,1.4819,2000.0,0,0,1771303164006,False,True
0,1.4819,6.68191,0,0,1771303165909,True,True
0,1.48126,72.23579925,0,0,1771303171361,True,True
0,1.48126,500.75447,0,0,1771303178421,True,True
0,1.48125,2000.0,0,0,1771303180419,False,True
0,1.48064,81.02195696,0,0,1771303202494,True,True
0,1.48055,2000.0,0,0,1771303205701,False,True
0,1.48043,12.01687764,0,0,1771303206505,True,True
0,1.48043,33.77397108,0,0,1771303207224,True,True
0,1.48112,11.51831047,0,0,1771303215587,True,True
0,1.4812,8.0,0,0,1771303229727,False,True
0,1.4811,15.99999,0,0,1771303229727,False,True
0,1.48129,13.5017451,0,0,1771303234330,True,True
0,1.48156,91.53602,0,0,1771303256425,True,True
0,1.4818,30.43956,0,0,1771303256971,True,True
0,1.4815,2000.0,0,0,1771303263024,False,True
0,1.48115,33.75755325,0,0,1771303263357,True,True
0,1.48126,627.42025971,0,0,1771303289685,False,True
0,1.48116,72.57974029,0,0,1771303289685,False,True
0,1.48143,3.47637,0,0,1771303346288,False,True
0,1.48144,2.35230586,0,0,1771303346660,True,True
0,1.48195,496.47,0,0,1771303375209,True,True
0,1.48339,4.15316,0,0,1771303416287,True,True
0,1.48332,0.8161,0,0,1771303434028,True,True
0,1.48331,6.53942871,0,0,1771303454038,False,True
0,1.48307,616.49703784,0,0,1771303454038,False,True
0,1.483,776.96353345,0,0,1771303454038,False,True
0,1.4832,2000.0,0,0,1771303467640,False,True
0,1.48314,13.21987,0,0,1771303467927,True,True
0,1.48287,50.27524327,0,0,1771303476518,False,True
0,1.48282,207.48777673,0,0,1771303476518,False,True
0,1.4831,6.54576,0,0,1771303483405,True,True
0,1.48324,6.74176338,0,0,1771303510541,True,True
0,1.4834,263.25823662,0,0,1771303510541,True,True
0,1.48366,6.74025146,0,0,1771303529691,True,True
0,1.48368,6.54446854,0,0,1771303529691,True,True
0,1.48331,895.68,0,0,1771303542438,False,True
0,1.48343,69.44351,0,0,1771303544890,False,True
0,1.48349,7.41494719,0,0,1771303575244,True,True
0,1.48402,13.47690732,0,0,1771303587540,True,True
0,1.48402,52.0,0,0,1771303589038,True,True
0,1.48371,2000.0,0,0,1771303598425,False,True
0,1.48339,100.63361,0,0,1771303615990,True,True
0,1.484,3.94878706,0,0,1771303623556,True,True
0,1.48452,178.04180468,0,0,1771303634040,False,True
0,1.48447,3.36820549,0,0,1771303639635,True,True
0,1.48453,51.86826807,0,0,1771303647582,True,True
0,1.48453,33.02029,0,0,1771303652580,True,True
0,1.48453,42.23246405,0,0,1771303653466,True,True
0,1.48498,8.29174867,0,0,1771303653466,True,True
0,1.48499,14.12950728,0,0,1771303653466,True,True
0,1.485,31.02356902,0,0,1771303665724,True,True
0,1.485,67.34006734,0,0,1771303673821,True,True
0,1.485,1401.63636364,0,0,1771303674824,True,True
0,1.485,798.36363636,0,0,1771303674824,True,True
0,1.485,201.63636364,0,0,1771303674832,True,True
0,1.48548,205.53455448,0,0,1771303677185,True,True
0,1.48538,3366.14199733,0,0,1771303680216,True,True
0,1.48548,48.59344004,0,0,1771303680217,True,True
0,1.48584,3647.0,0,0,1771303680222,True,True
0,1.48637,4.74399376,0,0,1771303682864,True,True
0,1.48646,47.05721647,0,0,1771303682864,True,True
0,1.48703,2.62422412,0,0,1771303688054,True,True
0,1.48703,31.60662529,0,0,1771303688556,True,True
0,1.487,2000.0,0,0,1771303690615,False,True
0,1.4865,51.7995291,0,0,1771303701427,True,True
0,1.4864,2000.0,0,0,1771303711527,False,True
0,1.4862,2000.0,0,0,1771303711625,False,True
0,1.4861,18.16836014,0,0,1771303715845,True,True
0,1.48639,18.16481543,0,0,1771303729558,True,True
0,1.48618,20.0,0,0,1771303730627,False,True
0,1.48619,25.0,0,0,1771303731956,False,True
0,1.4863,3.29807,0,0,1771303732296,True,True
0,1.48631,1015.52156999,0,0,1771303744335,True,True
0,1.487,15.3931478,0,0,1771303746452,False,True
0,1.48713,36.23242338,0,0,1771303767279,False,True
0,1.48736,13.18254,0,0,1771303789711,True,True
0,1.4872,2000.0,0,0,1771303801220,False,True
0,1.4879,11.42549903,0,0,1771303809594,True,True
0,1.48761,2.07759,0,0,1771303835238,False,True
0,1.48791,8.73709,0,0,1771303838031,True,True
0,1.48737,22.2106078,0,0,1771303852597,True,True
0,1.48738,44.2822122,0,0,1771303852597,True,True
0,1.48757,32.9579,0,0,1771303854919,True,True
0,1.48736,1.46961,0,0,1771303886221,True,True
0,1.4873,9.86997,0,0,1771303893005,True,True
0,1.4873,597.65661,0,0,1771303894850,True,True
0,1.48585,20.78918,0,0,1771303918295,False,True
0,1.48709,1.66782,0,0,1771303926149,True,True
0,1.48742,59.06603759,0,0,1771303931665,False,True
0,1.48791,34.304432,0,0,1771303946640,False,True
0,1.48791,393.9972529,0,0,1771303947691,False,True
0,1.48758,213.79069347,0,0,1771303957827,True,True
0,1.48654,12.01687764,0,0,1771303965297,False,True
0,1.48658,7.76196741,0,0,1771303990091,True,True
0,1.48659,5.49326259,0,0,1771303990091,True,True
0,1.48649,85.8770399,0,0,1771304001162,False,True
0,1.48617,19.05422055,0,0,1771304002569,True,True
0,1.48617,18.59454681,0,0,1771304002598,True,True
0,1.48617,0.83293889,0,0,1771304002630,True,True
0,1.48617,17.17327255,0,0,1771304002630,True,True
0,1.48604,23.62841272,0,0,1771304007002,False,True
0,1.48578,1.79090841,0,0,1771304012532,False,True
0,1.48578,1.71566726,0,0,1771304023764,False,True
0,1.48538,59.42690314,0,0,1771304023767,False,True
0,1.48537,20.539504,0,0,1771304055494,False,True
0,1.48472,35.39314786,0,0,1771304093309,True,True
0,1.48472,6.73279218,0,0,1771304093309,True,True
0,1.48473,207.87405996,0,0,1771304093309,True,True
0,1.48454,6.73583489,0,0,1771304096400,True,True
0,1.48455,33.359689,0,0,1771304096400,True,True
0,1.48396,0.94371,0,0,1771304105731,False,True
0,1.48418,12.55152,0,0,1771304116433,True,True
0,1.48363,13.34743,0,0,1771304155297,True,True
0,1.48369,33.80662609,0,0,1771304169122,False,True
0,1.4837,20.516277,0,0,1771304178655,True,True
0,1.4837,20.624115,0,0,1771304178655,True,True
0,1.48403,35.39314787,0,0,1771304178655,True,True
0,1.48404,9.46646013,0,0,1771304178655,True,True
0,1.48395,539.19255915,0,0,1771304179475,False,True
0,1.48412,13.15809,0,0,1771304180763,True,True
0,1.48417,65.28195,0,0,1771304183290,True,True
0,1.48403,45.2059,0,0,1771304203591,False,True
0,1.48404,20.835018,0,0,1771304205910,True,True
0,1.48404,20.700251,0,0,1771304205910,True,True
0,1.48418,7.877269,0,0,1771304206005,True,True
0,1.48418,20.45574,0,0,1771304206005,True,True
0,1.48453,23.12183,0,0,1771304207358,True,True
0,1.48452,471.53288606,0,0,1771304257860,False,True
0,1.48453,104.38341532,0,0,1771304268381,True,True
0,1.48453,19.184523,0,0,1771304268381,True,True
0,1.48453,20.0,0,0,1771304268381,True,True
0,1.48468,10.12066168,0,0,1771304268381,True,True
0,1.48453,18.537854,0,0,1771304273480,True,True
0,1.48456,113.694916,0,0,1771304273480,True,True
0,1.48473,20.502044,0,0,1771304286474,True,True
0,1.48489,491.788756,0,0,1771304286474,True,True
0,1.48473,6.73523132,0,0,1771304288909,True,True
0,1.48473,10.74942968,0,0,1771304317727,True,True
0,1.48473,16.918901,0,0,1771304317727,True,True
0,1.48477,8776.03400942,0,0,1771304317727,True,True
0,1.48477,2135.38921463,0,0,1771304317745,True,True
0,1.48531,6.60317,0,0,1771304319680,True,True
0,1.4853,42.0,0,0,1771304330780,False,True
0,1.48531,12.37361,0,0,1771304333857,True,True
0,1.4853,4.0,0,0,1771304336093,False,True
0,1.48531,1.463397,0,0,1771304364086,True,True
0,1.48531,1.9029263,0,0,1771304364086,True,True
0,1.48588,12.54112,0,0,1771304382523,True,True
0,1.48588,6.222172,0,0,1771304383434,True,True
0,1.48588,19.920855,0,0,1771304383434,True,True
0,1.48588,6.320773,0,0,1771304383434,True,True
0,1.48588,1.46701,0,0,1771304389497,True,True
0,1.48589,91.08204,0,0,1771304392428,True,True
0,1.48586,646.7064,0,0,1771304392546,True,True
0,1.48584,8.12929,0,0,1771304401737,True,True
0,1.48596,17.147164,0,0,1771304403505,True,True
0,1.486,500.0,0,0,1771304403505,True,True
0,1.48617,6.5821,0,0,1771304403853,True,True
0,1.48617,7.413607,0,0,1771304405289,True,True
0,1.48617,15.368363,0,0,1771304405289,True,True
0,1.48746,5.0,0,0,1771304406204,True,True
0,1.48746,5.0,0,0,1771304406234,True,True
0,1.48746,6.59824,0,0,1771304406536,True,True
0,1.48739,66.63564,0,0,1771304407634,True,True
0,1.48723,20.198624,0,0,1771304408634,False,True
0,1.487,2000.0,0,0,1771304408686,False,True
0,1.4864,1.53171335,0,0,1771304411054,True,True
0,1.48638,9.99072,0,0,1771304420038,True,True
0,1.4865,1.27736293,0,0,1771304422103,True,True
0,1.48628,30.7754142,0,0,1771304455821,False,True
0,1.48595,20.51213,0,0,1771304458060,False,True
0,1.48595,20.565968,0,0,1771304458060,False,True
0,1.48595,20.51213,0,0,1771304458060,False,True
0,1.48595,20.29678,0,0,1771304458060,False,True
0,1.48595,20.216023,0,0,1771304458060,False,True
0,1.48567,20.677539,0,0,1771304462023,False,True
0,1.48567,20.569844,0,0,1771304462023,False,True
0,1.48564,18.712474,0,0,1771304462023,False,True
0,1.48564,19.520207,0,0,1771304462023,False,True
0,1.48564,20.112544,0,0,1771304462023,False,True
0,1.48564,20.624108,0,0,1771304462023,False,True
0,1.48564,20.839504,0,0,1771304462023,False,True
0,1.4853,14.138558,0,0,1771304462344,False,True
0,1.4853,15.188851,0,0,1771304462344,False,True
0,1.4853,16.400727,0,0,1771304462344,False,True
0,1.4853,17.504881,0,0,1771304462344,False,True
0,1.4853,533.7911533,0,0,1771304462344,False,True
0,1.48516,28.4899014,0,0,1771304462754,False,True
0,1.4841,652.31386,0,0,1771304481189,True,True
0,1.48456,1500.0,0,0,1771304509327,True,True
0,1.48481,9.01639,0,0,1771304511310,True,True
0,1.48575,1.45217,0,0,1771304527142,True,True
0,1.48591,3.0,0,0,1771304552247,False,True
0,1.48534,206.68390155,0,0,1771304579158,False,True
0,1.48547,7.24241,0,0,1771304579992,True,True
0,1.48553,10.0,0,0,1771304581410,True,True
0,1.48487,9.99797,0,0,1771304606951,True,True
0,1.48436,6.73702669,0,0,1771304619861,False,True
0,1.48436,6.3825159,0,0,1771304619875,False,True
0,1.4842,15.56143,0,0,1771304623657,True,True
0,1.48403,10.0,0,0,1771304641406,False,True
0,1.48404,99.57367,0,0,1771304642287,True,True
0,1.48403,3.4768165,0,0,1771304647739,False,True
0,1.4839,3.3693835,0,0,1771304647739,False,True
0,1.48398,363.0,0,0,1771304663987,True,True
0,1.48447,6.60406,0,0,1771304677810,True,True
0,1.48449,33.0,0,0,1771304686790,False,True
0,1.48458,3.29206495,0,0,1771304701704,True,True
0,1.48419,6.73514458,0,0,1771304741660,True,True
0,1.4842,9.42195542,0,0,1771304741660,True,True
0,1.48392,1.65,0,0,1771304757909,False,True
0,1.48378,12.10396676,0,0,1771304757909,False,True
0,1.48372,3.10031542,0,0,1771304757909,False,True
0,1.48352,149.87363782,0,0,1771304757909,False,True
0,1.484,5.0,0,0,1771304772651,True,True
0,1.48381,3.00866687,0,0,1771304784517,True,True
0,1.48379,12.9611657,0,0,1771304797210,True,True
0,1.48379,6.60797,0,0,1771304798604,True,True
0,1.48379,12.262625,0,0,1771304805921,True,True
0,1.48379,18.601015,0,0,1771304805921,True,True
0,1.4838,7.03702,0,0,1771304805921,True,True
0,1.4838,15.732,0,0,1771304810978,True,True
0,1.48379,59.77102,0,0,1771304815248,True,True
0,1.48379,6.3792399,0,0,1771304820514,False,True
0,1.4838,18.385227,0,0,1771304849262,True,True
0,1.4838,18.546974,0,0,1771304849262,True,True
0,1.4838,14.96158523,0,0,1771304849262,True,True
0,1.4838,3.80105077,0,0,1771304867096,True,True
0,1.4838,19.059172,0,0,1771304867096,True,True
0,1.4838,1.36908723,0,0,1771304867096,True,True
0,1.4838,17.71704277,0,0,1771304899476,True,True
0,1.4838,4.28295723,0,0,1771304899476,True,True
0,1.48338,7.34,0,0,1771304912883,True,True
0,1.48337,7.71694772,0,0,1771304917353,False,True
0,1.48291,67.78629573,0,0,1771304917353,False,True
0,1.4829,395.17162317,0,0,1771304917353,False,True
0,1.48177,35.39314786,0,0,1771304929303,True,True
0,1.48177,90.18758214,0,0,1771304929303,True,True
0,1.48179,13.07225,0,0,1771304933334,True,True
0,1.48169,18.89734,0,0,1771304939233,True,True
0,1.48172,144.91162,0,0,1771304939233,True,True
0,1.48156,62.70314,0,0,1771304939280,False,True
0,1.48156,198.85936,0,0,1771304940007,False,True
0,1.48153,458.90987815,0,0,1771304940007,False,True
0,1.48168,34.44130795,0,0,1771304957313,True,True
0,1.48169,19.221295,0,0,1771304957313,True,True
0,1.48169,19.626238,0,0,1771304957313,True,True
0,1.48169,20.004184,0,0,1771304957313,True,True
0,1.48179,18.707104,0,0,1771304957313,True,True
0,1.48181,134.04434105,0,0,1771304957313,True,True
0,1.48152,0.67508883,0,0,1771304961535,False,True
0,1.48169,7.86297,0,0,1771304974613,True,True
0,1.48118,5.02188592,0,0,1771304987747,False,True
0,1.48097,51.38406746,0,0,1771304987747,False,True
0,1.48096,0.66855,0,0,1771304990032,True,True
0,1.48103,21.444535,0,0,1771304991876,True,True
0,1.48108,19.086555,0,0,1771304991876,True,True
0,1.48108,672.63626385,0,0,1771304993095,True,True
0,1.48169,12.519161,0,0,1771305025409,True,True
0,1.48169,20.787074,0,0,1771305025409,True,True
0,1.48169,21.192017,0,0,1771305025409,True,True
0,1.48169,21.380991,0,0,1771305025409,True,True
0,1.4827,4.84014,0,0,1771305032032,True,True
0,1.4828,47.14728891,0,0,1771305035119,True,True
0,1.48314,300.0,0,0,1771305037074,True,True
0,1.48338,2.8268,0,0,1771305045926,True,True
0,1.48277,18.20916258,0,0,1771305062145,True,True
0,1.48278,130.95406,0,0,1771305072770,True,True
0,1.48278,224.8029647,0,0,1771305072964,True,True
0,1.48277,199.01808,0,0,1771305085427,True,True
0,1.48277,6.71036,0,0,1771305086342,True,True
0,1.48277,1274.44747656,0,0,1771305093698,True,True
0,1.48277,282.92637149,0,0,1771305093699,True,True
0,1.48276,14.054871,0,0,1771305116357,False,True
0,1.48276,15.484637,0,0,1771305116357,False,True
0,1.48276,16.536729,0,0,1771305116357,False,True
0,1.48276,16.94138,0,0,1771305116357,False,True
0,1.48155,63.38469,0,0,1771305181480,True,True
0,1.48137,31.28569,0,0,1771305201695,True,True
0,1.48134,2.0,0,0,1771305205934,False,True
0,1.48134,14.822607,0,0,1771305225990,False,True
0,1.48134,15.985527,0,0,1771305225990,False,True
0,1.48134,15.580488,0,0,1771305225990,False,True
0,1.48091,4.72682337,0,0,1771305241807,True,True
0,1.4809,14.963873,0,0,1771305285487,False,True
0,1.4809,13.856439,0,0,1771305285487,False,True
0,1.48089,2000.0,0,0,1771305285487,False,True
0,1.48047,6.75560394,0,0,1771305295958,True,True
0,1.48055,56.16260606,0,0,1771305295958,True,True
0,1.48048,6.75501988,0,0,1771305343204,True,True
0,1.48049,37.91529012,0,0,1771305343204,True,True
0,1.48059,261.03970188,0,0,1771305357055,False,True
0,1.4806,2000.0,0,0,1771305374488,False,True
0,1.48006,29.76393,0,0,1771305380154,False,True
0,1.48006,97.35709212,0,0,1771305385365,False,True
0,1.48,11.0,0,0,1771305385365,False,True
0,1.47975,2000.0,0,0,1771305385369,False,True
0,1.47925,80.00082596,0,0,1771305387678,True,True
0,1.47911,5.91672692,0,0,1771305400355,False,True
0,1.47911,5.91672692,0,0,1771305403088,False,True
0,1.47911,137.92078,0,0,1771305404497,False,True
0,1.47958,280.0,0,0,1771305406523,True,True
0,1.4795,5.91672692,0,0,1771305408484,False,True
0,1.47987,0.94788,0,0,1771305409458,True,True
0,1.4796,5.91672692,0,0,1771305409884,False,True
0,1.4796,5.91672692,0,0,1771305413698,False,True
0,1.4796,5.91672692,0,0,1771305415220,False,True
0,1.4796,5.91672692,0,0,1771305420529,False,True
0,1.4796,5.91672692,0,0,1771305421277,False,True
0,1.47961,5.91672692,0,0,1771305421828,False,True
0,1.4796,5.91672692,0,0,1771305425698,False,True
0,1.4796,5.91672692,0,0,1771305427091,False,True
0,1.47915,5.91672692,0,0,1771305428455,False,True
0,1.47924,5.91672692,0,0,1771305435102,False,True
0,1.47926,5.91672692,0,0,1771305436553,False,True
0,1.47957,1.96386,0,0,1771305437531,True,True
0,1.47924,5.91672692,0,0,1771305440681,False,True
0,1.47918,5.91672692,0,0,1771305443565,False,True
0,1.47926,5.91672692,0,0,1771305444721,False,True
0,1.47916,5.91672692,0,0,1771305447354,False,True
0,1.47915,5.91672692,0,0,1771305448753,False,True
0,1.47915,5.91672692,0,0,1771305451389,False,True
0,1.47915,1982.2498192,0,0,1771305452697,False,True
0,1.47892,30.98520037,0,0,1771305455221,False,True
0,1.47895,45.39045,0,0,1771305457297,False,True
0,1.4795,2000.0,0,0,1771305515745,False,True
0,1.47935,1.50929,0,0,1771305515796,True,True
0,1.47857,10.0,0,0,1771305528835,True,True
0,1.47859,6.63045,0,0,1771305531994,True,True
0,1.47906,13.3942,0,0,1771305545608,True,True
0,1.4783,19.65187,0,0,1771305560470,True,True
0,1.47815,6.56577,0,0,1771305570328,True,True
0,1.47739,42.2146812,0,0,1771305577141,False,True
0,1.4756,254.28056286,0,0,1771305594978,False,True
0,1.4756,127.50524524,0,0,1771305594978,False,True
0,1.47555,5.91832766,0,0,1771305595085,False,True
0,1.47523,706.06256,0,0,1771305612454,True,True
0,1.47533,591.47877,0,0,1771305612454,True,True
0,1.47522,4.74399376,0,0,1771305620076,False,True
0,1.47457,7.40059814,0,0,1771305623658,True,True
0,1.47466,13.26149,0,0,1771305630831,True,True
0,1.47485,16.78066,0,0,1771305635307,True,True
0,1.47485,32.46147,0,0,1771305635424,True,True
0,1.47422,600.0,0,0,1771305641459,True,True
0,1.47422,261.5625,0,0,1771305641459,True,True
0,1.47434,6782.695986,0,0,1771305641459,True,True
0,1.47434,14.73105971,0,0,1771305641459,True,True
0,1.47435,7619.1,0,0,1771305641459,True,True
0,1.47437,261.5625,0,0,1771305641459,True,True
0,1.47438,666.16357,0,0,1771305641459,True,True
0,1.4745,739.8903424,0,0,1771305641459,True,True
0,1.4742,19.997287,0,0,1771305642297,False,True
0,1.47552,3388.65230698,0,0,1771305669438,True,True
0,1.4757,6776.44507691,0,0,1771305669438,True,True
0,1.4757,1500.0,0,0,1771305669438,True,True
0,1.47571,6042.1,0,0,1771305669438,True,True
0,1.47572,261.5625,0,0,1771305669438,True,True
0,1.47574,35.39314787,0,0,1771305669438,True,True
0,1.4758,6778.04033455,0,0,1771305669438,True,True
0,1.47581,796.1990549,0,0,1771305669438,True,True
0,1.47587,261.5625,0,0,1771305669438,True,True
0,1.476,805.47291646,0,0,1771305669441,False,True
0,1.47601,1.65313,0,0,1771305670785,True,True
0,1.476,100.49923,0,0,1771305671289,False,True
0,1.47601,31.43694,0,0,1771305671331,True,True
0,1.47619,65.77691,0,0,1771305680199,True,True
0,1.47619,0.66171,0,0,1771305680881,True,True
0,1.476,10563.110261,0,0,1771305694597,False,True
0,1.47601,13.15529,0,0,1771305697558,True,True
0,1.47619,33.87510924,0,0,1771305704033,True,True
0,1.47666,33.21089,0,0,1771305708030,True,True
0,1.47665,2000.0,0,0,1771305709520,False,True
0,1.47649,63.57326,0,0,1771305712932,True,True
0,1.47709,35.39314786,0,0,1771305743526,False,True
0,1.47705,27.99154214,0,0,1771305743526,False,True
0,1.47723,32.74854,0,0,1771305751371,False,True
0,1.47738,18.828755,0,0,1771305752301,True,True
0,1.47737,63.08818,0,0,1771305755278,True,True
0,1.47866,16.42397,0,0,1771305778919,True,True
0,1.47834,3.51283366,0,0,1771305782900,False,True
0,1.47795,402.77984426,0,0,1771305801781,False,True
0,1.47795,17.1,0,0,1771305801802,False,True
0,1.47795,342.4,0,0,1771305801802,False,True
0,1.47795,1192.0111131,0,0,1771305801806,False,True
0,1.47795,45.70904264,0,0,1771305801822,False,True
0,1.47756,32.84794,0,0,1771305801836,False,True
0,1.47615,2000.0,0,0,1771305804171,False,True
0,1.476,15582.86121148,0,0,1771305804171,False,True
0,1.476,11515.35234375,0,0,1771305804325,False,True
0,1.476,14262.56709172,0,0,1771305804349,False,True
0,1.476,650.14221862,0,0,1771305804415,False,True
0,1.476,20153.44838238,0,0,1771305804418,False,True
0,1.476,9349.61648403,0,0,1771305804439,False,True
0,1.476,11515.35234375,0,0,1771305804494,False,True
0,1.476,10105.06477034,0,0,1771305804536,False,True
0,1.476,6088.81406,0,0,1771305804537,False,True
0,1.476,9642.79185525,0,0,1771305804540,False,True
0,1.476,11515.35234375,0,0,1771305804549,False,True
0,1.476,400.0,0,0,1771305804550,False,True
0,1.476,800.0,0,0,1771305804573,False,True
0,1.476,1681.50821728,0,0,1771305804590,False,True
0,1.476,400.0,0,0,1771305804597,False,True
0,1.476,7849.53443841,0,0,1771305804660,False,True
0,1.475,20.29830508,0,0,1771305805370,False,True
0,1.47444,488.12028696,0,0,1771305805370,False,True
0,1.47505,2000.0,0,0,1771305826791,False,True
0,1.475,1017.1629,0,0,1771305830815,True,True
0,1.47477,49.2187,0,0,1771305832598,False,True
0,1.47477,302.8959,0,0,1771305832599,False,True
0,1.47477,1647.8854,0,0,1771305832672,False,True
0,1.4746,2000.0,0,0,1771305837942,False,True
0,1.47462,261.5625,0,0,1771305842459,False,True
0,1.47461,416.80372278,0,0,1771305842459,False,True
0,1.47598,33.71526,0,0,1771305870754,True,True
0,1.47589,2.6572,0,0,1771305882193,True,True
0,1.4759,261.5625,0,0,1771305884935,False,True
0,1.47586,245.42789301,0,0,1771305884935,False,True
0,1.47573,6.67549,0,0,1771305888614,True,True
0,1.4757,30.27517,0,0,1771305891975,True,True
0,1.47538,6.77880826,0,0,1771305904626,True,True
0,1.47539,8.22119174,0,0,1771305904626,True,True
0,1.4764,6.7763205,0,0,1771305909708,True,True
0,1.47641,6.3844995,0,0,1771305909708,True,True
0,1.47609,5.75168181,0,0,1771305912529,True,True
0,1.47546,6.77758046,0,0,1771305938978,True,True
0,1.47557,32.8479399,0,0,1771305938983,True,True
0,1.47642,831.80341747,0,0,1771305939087,True,True
0,1.47642,450.19134635,0,0,1771305939089,True,True
0,1.47642,300.12756423,0,0,1771305939089,True,True
0,1.47642,300.12756424,0,0,1771305939089,True,True
0,1.47642,600.25512846,0,0,1771305939090,True,True
0,1.47642,450.19134635,0,0,1771305939090,True,True
0,1.47642,150.06378211,0,0,1771305939092,True,True
0,1.47642,150.06378212,0,0,1771305939094,True,True
0,1.47642,150.06378211,0,0,1771305939098,True,True
0,1.47569,6.77740867,0,0,1771305943057,True,True
0,1.4757,1499.99999993,0,0,1771305943057,True,True
0,1.47652,16.55769,0,0,1771305953343,True,True
0,1.47723,78.70966,0,0,1771305965595,True,True
0,1.47755,2.8826684,0,0,1771305987484,False,True
0,1.47794,33.32956,0,0,1771306000459,True,True
0,1.47793,119.76209969,0,0,1771306017217,True,True
0,1.47813,13.23233,0,0,1771306042058,True,True
0,1.47787,67.12792735,0,0,1771306047829,True,True
0,1.47841,59.4329769,0,0,1771306059931,False,True
0,1.47863,33.48776,0,0,1771306060644,True,True
0,1.47895,789.01946,0,0,1771306075153,True,True
0,1.47897,52.10429,0,0,1771306078443,True,True
0,1.4791,78.35007,0,0,1771306087707,False,True
0,1.47931,1336.39494,0,0,1771306088093,True,True
0,1.47905,68.72270777,0,0,1771306093443,False,True
0,1.47905,31.27729223,0,0,1771306093443,False,True
0,1.47858,2.0,0,0,1771306141635,False,True
0,1.47864,95.0,0,0,1771306173865,False,True
0,1.47853,6936.0,0,0,1771306181069,False,True
0,1.47853,1733.4,0,0,1771306181163,False,True
0,1.47852,12846.16,0,0,1771306181163,False,True
0,1.47868,12.47,0,0,1771306181527,True,True
0,1.4785,87.383971,0,0,1771306201142,False,True
0,1.4775,6.21585,0,0,1771306210813,True,True
0,1.477,1600.0,0,0,1771306218557,False,True
0,1.477,5187.6805348,0,0,1771306221398,False,True
0,1.477,3389.6652939,0,0,1771306221569,False,True
0,1.477,8350.93172985,0,0,1771306221592,False,True
0,1.47701,3.28662,0,0,1771306253735,True,True
0,1.477,1980.90321328,0,0,1771306267383,False,True
0,1.477,60.93432634,0,0,1771306267383,False,True
0,1.47471,261.5625,0,0,1771306275938,False,True
0,1.4747,12.47,0,0,1771306275938,False,True
0,1.47465,473.17102,0,0,1771306275938,False,True
0,1.47481,110.39918606,0,0,1771306285060,False,True
0,1.47469,261.5625,0,0,1771306315147,False,True
0,1.47464,74.31112381,0,0,1771306315147,False,True
0,1.4747,41.67497695,0,0,1771306316517,False,True
0,1.474,85.0,0,0,1771306325166,False,True
0,1.4738,19.677025,0,0,1771306325256,False,True
0,1.4738,19.948433,0,0,1771306325256,False,True
0,1.4738,19.812729,0,0,1771306325256,False,True
0,1.4733,2515.81052,0,0,1771306326188,True,True
0,1.47339,261.5625,0,0,1771306327877,False,True
0,1.47332,795.27191367,0,0,1771306327877,False,True
0,1.47329,261.5625,0,0,1771306327877,False,True
0,1.47325,345.52606989,0,0,1771306327877,False,True
0,1.47345,26.90203893,0,0,1771306333053,False,True
0,1.47302,477.31667565,0,0,1771306352427,True,True
0,1.473,1.65,0,0,1771306352639,False,True
0,1.47273,79.83719612,0,0,1771306352662,False,True
0,1.47271,500.0,0,0,1771306352662,False,True
0,1.4725,25.57555178,0,0,1771306352662,False,True
0,1.47238,300.0,0,0,1771306352662,False,True
0,1.47226,2000.0,0,0,1771306352712,False,True
0,1.4721,2572.21656137,0,0,1771306352793,False,True
0,1.472,1.65,0,0,1771306352877,False,True
0,1.47197,28.88485666,0,0,1771306352915,False,True
0,1.47154,300.0,0,0,1771306354603,True,True
0,1.47143,261.5625,0,0,1771306355381,False,True
0,1.47135,175.53744853,0,0,1771306355381,False,True
0,1.47197,10.0,0,0,1771306358374,False,True
0,1.4723,2000.0,0,0,1771306370087,False,True
0,1.4723,915.2198471,0,0,1771306373612,True,True
0,1.4723,225.24195058,0,0,1771306373613,True,True
0,1.4723,3610.0,0,0,1771306373812,True,True
0,1.4723,2.51221665,0,0,1771306394355,True,True
0,1.4723,4752.97401433,0,0,1771306394355,True,True
0,1.4723,3848.58384906,0,0,1771306394355,True,True
0,1.4723,904.39016527,0,0,1771306394360,True,True
0,1.4723,296.89983476,0,0,1771306394375,True,True
0,1.4723,4456.07417957,0,0,1771306394552,True,True
0,1.4723,293.92582043,0,0,1771306394552,True,True
0,1.4723,4450.0,0,0,1771306394992,True,True
0,1.4723,9.0481939,0,0,1771306396501,True,True
0,1.4723,4752.97401433,0,0,1771306396501,True,True
0,1.4723,3842.04787181,0,0,1771306396501,True,True
0,1.4723,910.92614252,0,0,1771306398342,True,True
0,1.4723,4752.97401433,0,0,1771306398342,True,True
0,1.4723,2940.16992319,0,0,1771306398342,True,True
0,1.4723,1810.0,0,0,1771306398534,True,True
0,1.4723,2.80409114,0,0,1771306399935,True,True
0,1.4723,4752.97401433,0,0,1771306399935,True,True
0,1.4723,3848.29197457,0,0,1771306399935,True,True
0,1.4723,904.6820397,0,0,1771306399995,True,True
0,1.4723,1201.750634,0,0,1771306400020,True,True
0,1.4723,1528.5538882,0,0,1771306400020,True,True
0,1.4723,2022.66949213,0,0,1771306400020,True,True
0,1.4723,967.38874567,0,0,1771306400020,True,True
0,1.4723,2063.7258328,0,0,1771306400020,True,True
0,1.4723,1721.85943586,0,0,1771306400181,True,True
0,1.4723,3028.14056414,0,0,1771306400181,True,True
0,1.4723,1720.0,0,0,1771306400623,True,True
0,1.4723,4.83345019,0,0,1771306410236,True,True
0,1.4723,672.57708981,0,0,1771306410236,True,True
0,1.47229,8.74148435,0,0,1771306414378,False,True
0,1.47195,5.95206644,0,0,1771306414378,False,True
0,1.47229,10.0,0,0,1771306428549,False,True
0,1.4723,12.52945,0,0,1771306433091,True,True
0,1.4723,16.64729,0,0,1771306440559,True,True
0,1.4723,1648.54988793,0,0,1771306467348,True,True
0,1.4723,402.6702966,0,0,1771306480446,True,True
0,1.47405,5.45032408,0,0,1771306495077,False,True
0,1.47404,9.77893592,0,0,1771306495077,False,True
0,1.47423,1.30433013,0,0,1771306498058,True,True
0,1.47284,261.5625,0,0,1771306523371,False,True
0,1.47218,261.5625,0,0,1771306532738,False,True
0,1.47208,5.23678425,0,0,1771306532738,False,True
0,1.47207,72.97850108,0,0,1771306532738,False,True
0,1.47212,200.0,0,0,1771306534632,False,True
0,1.4721,2000.0,0,0,1771306554216,False,True
0,1.47176,164.92834,0,0,1771306556603,True,True
0,1.47129,3.33993,0,0,1771306569557,True,True
0,1.47129,33.89904,0,0,1771306569563,True,True
0,1.47116,127.89005954,0,0,1771306570025,False,True
0,1.471,1.65,0,0,1771306570025,False,True
0,1.47048,255.16593123,0,0,1771306572013,False,True
0,1.47015,1000.0,0,0,1771306579626,False,True
0,1.47024,6.67986,0,0,1771306580553,True,True
0,1.47025,64.10643573,0,0,1771306582263,True,True
0,1.47026,1228.54750427,0,0,1771306582263,True,True
0,1.47072,10.0,0,0,1771306591499,True,True
0,1.47039,261.5625,0,0,1771306596458,True,True
0,1.47041,649.76208072,0,0,1771306596458,True,True
0,1.47042,261.5625,0,0,1771306596458,True,True
0,1.47045,1500.0,0,0,1771306596458,True,True
0,1.47048,261.5625,0,0,1771306596458,True,True
0,1.47049,765.55041928,0,0,1771306596458,True,True
0,1.47045,283.32336,0,0,1771306605869,True,True
0,1.47115,59.72357207,0,0,1771306609254,False,True
0,1.47294,5.0,0,0,1771306631656,False,True
0,1.47295,1712.12193218,0,0,1771306632450,True,True
0,1.47294,18.33630582,0,0,1771306632660,False,True
0,1.47267,10.79390576,0,0,1771306638577,False,True
0,1.47295,159.4824452,0,0,1771306642743,True,True
0,1.47295,75.08046063,0,0,1771306642747,True,True
0,1.47295,75.08083999,0,0,1771306642749,True,True
0,1.47295,225.24170391,0,0,1771306642750,True,True
0,1.47295,75.08089731,0,0,1771306642773,True,True
0,1.47295,75.08065031,0,0,1771306642907,True,True
0,1.47295,69.80830368,0,0,1771306642942,True,True
0,1.4733,457.98465,0,0,1771306643971,False,True
0,1.47351,48.67837,0,0,1771306666056,True,True
0,1.47331,35.39314786,0,0,1771306666536,False,True
0,1.4733,22.48521214,0,0,1771306666536,False,True
0,1.47344,63.69791,0,0,1771306667656,True,True
0,1.47304,5.01919,0,0,1771306690827,True,True
0,1.47342,9.98279,0,0,1771306707658,True,True
0,1.47331,35.39314786,0,0,1771306711694,True,True
0,1.47332,31.03385214,0,0,1771306711694,True,True
0,1.47334,6.63795,0,0,1771306722260,True,True
0,1.47391,6.65422,0,0,1771306741651,True,True
0,1.47361,1.00773,0,0,1771306746032,True,True
0,1.47361,641.246,0,0,1771306748968,True,True
0,1.47361,1008.754,0,0,1771306748968,True,True
0,1.47361,169.64103956,0,0,1771306763497,True,True
0,1.47325,16.63249,0,0,1771306774035,True,True
0,1.47361,121.96294645,0,0,1771306775655,True,True
0,1.47395,19.999999,0,0,1771306780108,False,True
0,1.47405,8.07623214,0,0,1771306780417,True,True
0,1.47391,69.3971,0,0,1771306784016,True,True
0,1.47456,1.880948,0,0,1771306803696,True,True
0,1.47456,16.71359881,0,0,1771306803696,True,True
0,1.47454,15.34559,0,0,1771306804768,True,True
0,1.4737,5.84433,0,0,1771306819562,True,True
0,1.47369,3.87425,0,0,1771306821341,True,True
0,1.4734,7.34412,0,0,1771306846026,True,True
0,1.47328,70.78629573,0,0,1771306852611,False,True
0,1.47327,261.5625,0,0,1771306852611,False,True
0,1.47323,448.18649427,0,0,1771306852611,False,True
0,1.47373,658.93429,0,0,1771306854957,True,True
0,1.47382,238.26168,0,0,1771306863910,False,True
0,1.47468,2.49767,0,0,1771306867315,True,True
0,1.47478,9.0,0,0,1771306868849,True,True
0,1.47715,107.36197,0,0,1771306890864,False,True
0,1.47857,10.12334,0,0,1771306909199,True,True
0,1.47786,49.27093,0,0,1771306920708,True,True
0,1.47875,68.28862573,0,0,1771306942224,True,True
0,1.47879,58.00833427,0,0,1771306942224,True,True
0,1.47879,13.10205,0,0,1771306943191,True,True
0,1.47854,18.802332,0,0,1771306949417,False,True
0,1.47854,19.478675,0,0,1771306949417,False,True
0,1.47808,24.9467068,0,0,1771306967917,False,True
0,1.47785,17.566059,0,0,1771306980800,False,True
0,1.47785,18.215651,0,0,1771306980800,False,True
0,1.47764,13.2697,0,0,1771306992581,True,True
0,1.47784,1323.33755,0,0,1771306998571,True,True
0,1.47772,169.17038841,0,0,1771307011421,True,True
0,1.47771,21.600991,0,0,1771307022953,False,True
0,1.47763,21.358527,0,0,1771307022953,False,True
0,1.47763,66.25135,0,0,1771307034246,True,True
0,1.47765,67.67227669,0,0,1771307039978,True,True
0,1.47722,17.654784,0,0,1771307056666,False,True
0,1.47657,13.27339,0,0,1771307058310,True,True
0,1.4764,13.47772,0,0,1771307084041,True,True
0,1.47639,6.64042,0,0,1771307090356,True,True
0,1.47651,6.77201996,0,0,1771307148559,True,True
0,1.47657,860.13711035,0,0,1771307148559,True,True
0,1.4765,642.09280429,0,0,1771307148923,False,True
0,1.4765,1357.90719571,0,0,1771307148941,False,True
0,1.47629,2000.0,0,0,1771307149129,False,True
0,1.47585,6.0,0,0,1771307150414,True,True
0,1.47517,70.78629573,0,0,1771307169153,False,True
0,1.47517,179.21370427,0,0,1771307169153,False,True
0,1.47517,82.34879573,0,0,1771307169153,False,True
0,1.47515,644.53068101,0,0,1771307169153,False,True
0,1.47512,23.12052326,0,0,1771307169153,False,True
0,1.47596,7.96436,0,0,1771307172713,True,True
0,1.47586,250.0,0,0,1771307174800,False,True
0,1.47586,394.53068101,0,0,1771307174800,False,True
0,1.47586,105.46931899,0,0,1771307174800,False,True
0,1.47586,156.09318101,0,0,1771307174800,False,True
0,1.47575,93.90681899,0,0,1771307174800,False,True
0,1.47585,1168.98775436,0,0,1771307179037,False,True
0,1.47596,5.25770975,0,0,1771307180643,True,True
0,1.47596,16.775522,0,0,1771307180643,True,True
0,1.47596,17.642755,0,0,1771307180643,True,True
0,1.47612,3387.27822875,0,0,1771307180643,True,True
0,1.47615,997.8893845,0,0,1771307180643,True,True
0,1.47614,2.13782,0,0,1771307209378,True,True
0,1.47614,16.451203,0,0,1771307225003,True,True
0,1.47614,16.434357,0,0,1771307225003,True,True
0,1.47614,2.940499,0,0,1771307225091,True,True
0,1.47614,216.036861,0,0,1771307225091,True,True
0,1.4756,815.42740805,0,0,1771307228381,False,True
0,1.4756,815.42740805,0,0,1771307228381,False,True
0,1.47601,25.95441364,0,0,1771307232231,False,True
0,1.47612,1.31211,0,0,1771307232567,True,True
0,1.47614,0.88522,0,0,1771307252596,True,True
0,1.47613,1000.0,0,0,1771307254181,False,True
0,1.47614,19.248372,0,0,1771307260357,True,True
0,1.47614,20.079396,0,0,1771307260357,True,True
0,1.47614,19.998103,0,0,1771307260357,True,True
0,1.47614,18.534827,0,0,1771307260357,True,True
0,1.47614,12.139302,0,0,1771307260357,True,True
0,1.47613,6.30785,0,0,1771307266769,False,True
0,1.47613,10.0,0,0,1771307278500,False,True
0,1.47614,5.880669,0,0,1771307280525,True,True
0,1.47614,0.760921,0,0,1771307280525,True,True
0,1.47614,16.771291,0,0,1771307291508,True,True
0,1.47614,17.261235,0,0,1771307291508,True,True
0,1.47614,16.963161,0,0,1771307291508,True,True
0,1.47614,16.665013,0,0,1771307291508,True,True
0,1.47614,7.3e-05,0,0,1771307291509,True,True
0,1.4772,11.85058904,0,0,1771307292258,False,True
0,1.47733,58.21329127,0,0,1771307305586,True,True
0,1.47809,63.16237,0,0,1771307309416,True,True
0,1.47846,9.31398,0,0,1771307316761,True,True
0,1.47818,5.81779165,0,0,1771307330527,False,True
0,1.47825,13.26198,0,0,1771307331505,True,True
0,1.47818,12.31261235,0,0,1771307342047,False,True
0,1.47761,59.504992,0,0,1771307342069,True,True
0,1.4776,17.24418,0,0,1771307350865,False,True
0,1.47737,19.29049359,0,0,1771307350865,False,True
0,1.47736,963.46532641,0,0,1771307350865,False,True
0,1.47726,15.542288,0,0,1771307354049,False,True
0,1.47719,984.457712,0,0,1771307354049,False,True
0,1.47796,7.62392573,0,0,1771307361019,True,True
0,1.47796,26.54730427,0,0,1771307361019,True,True
0,1.47755,261.5625,0,0,1771307389932,True,True
0,1.47757,65.58437812,0,0,1771307389932,True,True
0,1.47723,21.201844,0,0,1771307409895,False,True
0,1.47624,17.14327258,0,0,1771307412969,False,True
0,1.47613,7.40662165,0,0,1771307412969,False,True
0,1.47626,331.21837,0,0,1771307414769,True,True
0,1.47613,6.14232035,0,0,1771307429223,False,True
0,1.47604,261.5625,0,0,1771307429230,False,True
0,1.47602,70.78629573,0,0,1771307429230,False,True
0,1.47602,261.5625,0,0,1771307429230,False,True
0,1.47595,406.08870427,0,0,1771307429230,False,True
0,1.47609,1.96808,0,0,1771307432175,True,True
0,1.47609,3010.0,0,0,1771307433580,True,True
0,1.47608,588.37893923,0,0,1771307433804,False,True
0,1.47608,261.5625,0,0,1771307433804,False,True
0,1.47608,150.05856077,0,0,1771307433804,False,True
0,1.47651,261.5625,0,0,1771307465316,False,True
0,1.4764,261.5625,0,0,1771307465316,False,True
0,1.47637,476.875,0,0,1771307465316,False,True
0,1.47615,26.24973602,0,0,1771307472368,False,True
0,1.47592,1000.0,0,0,1771307478967,False,True
0,1.47589,16.1959958,0,0,1771307496616,False,True
0,1.47535,59.59677773,0,0,1771307497732,True,True
0,1.47514,1000.0,0,0,1771307499969,False,True
0,1.47534,1000.0,0,0,1771307516617,False,True
0,1.47529,28.33696298,0,0,1771307532436,False,True
0,1.47525,1000.0,0,0,1771307532550,False,True
0,1.47554,4.67079,0,0,1771307565204,True,True
0,1.47554,201.70178375,0,0,1771307565237,True,True
0,1.47561,9.2939534,0,0,1771307569288,True,True
0,1.47617,261.5625,0,0,1771307585427,True,True
0,1.47618,70.78629573,0,0,1771307585427,True,True
0,1.47618,757.99166427,0,0,1771307585427,True,True
0,1.4757,8.50703271,0,0,1771307592396,False,True
0,1.47569,127.50524524,0,0,1771307626810,False,True
0,1.4757,6.25112,0,0,1771307627265,True,True
0,1.47535,15.0111105,0,0,1771307697756,False,True
0,1.475,700.30609556,0,0,1771307700320,False,True
0,1.475,88.7600082,0,0,1771307700556,False,True
0,1.475,399.034642,0,0,1771307719816,False,True
0,1.475,700.0,0,0,1771307719816,False,True
0,1.47414,18.505705,0,0,1771307724838,False,True
0,1.47383,3.28498,0,0,1771307746785,True,True
0,1.47397,45.41409,0,0,1771307751899,False,True
0,1.47382,18.509723,0,0,1771307769632,False,True
0,1.47365,13.6245,0,0,1771307775475,True,True
0,1.47365,21.08232,0,0,1771307781789,True,True
0,1.47365,16.63204,0,0,1771307784522,True,True
0,1.47395,261.5625,0,0,1771307807582,False,True
0,1.47388,538.4375,0,0,1771307807582,False,True
0,1.47499,8.50703271,0,0,1771307817047,True,True
0,1.475,8.0,0,0,1771307817047,True,True
0,1.475,4466.9282625,0,0,1771307817047,True,True
0,1.47509,1500.0,0,0,1771307817047,True,True
0,1.47509,91.89884816,0,0,1771307817047,True,True
0,1.47509,674.67278369,0,0,1771307817047,True,True
0,1.47509,678.36622278,0,0,1771307817047,True,True
0,1.47541,5.14918,0,0,1771307826140,True,True
0,1.4754,6.64479,0,0,1771307830999,True,True
0,1.47638,0.85399,0,0,1771307845554,True,True
0,1.47565,1111.0,0,0,1771307862842,True,True
0,1.47549,0.98188,0,0,1771307901606,True,True
0,1.47551,1.50236,0,0,1771307905587,True,True
0,1.4755,0.66445,0,0,1771307909033,True,True
0,1.47528,14.88531,0,0,1771307920075,False,True
0,1.47465,4.41589,0,0,1771307932606,False,True
0,1.47489,65.82597,0,0,1771307969741,True,True
0,1.47477,1.880948,0,0,1771307988345,True,True
0,1.47488,1.34262,0,0,1771308000211,True,True
0,1.47554,6.25917,0,0,1771308002045,True,True
0,1.47519,18.03603,0,0,1771308005460,True,True
0,1.4755,5.14918,0,0,1771308010493,False,True
0,1.47548,401.61393472,0,0,1771308010493,False,True
0,1.47565,20.0,0,0,1771308014498,True,True
0,1.47551,0.67020894,0,0,1771308021281,True,True
0,1.47552,6.67427,0,0,1771308022781,True,True
0,1.4764,58.839068,0,0,1771308038226,True,True
0,1.47594,0.94547,0,0,1771308040113,True,True
0,1.47597,33.1187,0,0,1771308046228,True,True
0,1.47663,0.78568,0,0,1771308072624,True,True
0,1.4777,1.0,0,0,1771308084041,True,True
0,1.47723,1.31445,0,0,1771308092563,True,True
0,1.47775,6.63651,0,0,1771308098524,True,True
0,1.47774,33.09382,0,0,1771308117596,True,True
0,1.47851,80.76135,0,0,1771308141647,True,True
0,1.47851,284.06977294,0,0,1771308150024,True,True
0,1.47852,159.02419,0,0,1771308152919,True,True
0,1.47814,66.30364,0,0,1771308178234,True,True
0,1.47762,69.26213,0,0,1771308181503,True,True
0,1.47728,655.99355,0,0,1771308223054,True,True
0,1.47754,31.29208,0,0,1771308230674,True,True
0,1.47771,66.20857,0,0,1771308275128,True,True
0,1.4778,4.28837898,0,0,1771308276535,False,True
0,1.47838,31.10476888,0,0,1771308319905,False,True
0,1.47837,0.06939722,0,0,1771308319905,False,True
0,1.47837,52.01499303,0,0,1771308331939,False,True
0,1.47815,101.4781991,0,0,1771308332203,False,True
0,1.4775,30.27517,0,0,1771308333394,False,True
0,1.47826,13.52941972,0,0,1771308357693,True,True
0,1.4786,9.51100026,0,0,1771308362900,False,True
0,1.47895,52.0639643,0,0,1771308401163,True,True
0,1.47894,625.7145346,0,0,1771308406521,False,True
0,1.47884,6762.05674718,0,0,1771308408023,True,True
0,1.47893,662.15686009,0,0,1771308408023,True,True
0,1.47895,52.0639643,0,0,1771308424181,True,True
0,1.47895,328.23077,0,0,1771308424884,True,True
0,1.47895,11.56559,0,0,1771308427065,True,True
0,1.47894,9589.71015625,0,0,1771308428411,False,True
0,1.47894,6792.75461827,0,0,1771308428458,False,True
0,1.47894,3239.71971414,0,0,1771308428474,False,True
0,1.47839,32.96017,0,0,1771308433790,True,True
0,1.47841,3950.0,0,0,1771308441970,True,True
0,1.47841,1.987481,0,0,1771308445042,True,True
0,1.47895,64.402789,0,0,1771308445042,True,True
0,1.47891,18.25668905,0,0,1771308454618,True,True
0,1.47923,18.2527396,0,0,1771308473078,True,True
0,1.47913,315.78789,0,0,1771308476076,True,True
0,1.47843,6.27497,0,0,1771308501653,True,True
0,1.47841,12.4445,0,0,1771308501681,True,True
0,1.47836,5.52651,0,0,1771308507924,True,True
0,1.47825,31.79435143,0,0,1771308513322,False,True
0,1.47825,52.20564857,0,0,1771308513322,False,True
0,1.47825,15.44190767,0,0,1771308513741,False,True
0,1.478,48.55809233,0,0,1771308513741,False,True
0,1.47836,35.19711,0,0,1771308517863,True,True
0,1.47813,261.5625,0,0,1771308518838,False,True
0,1.47807,14.694839,0,0,1771308518838,False,True
0,1.478,25.321931,0,0,1771308518838,False,True
0,1.47822,12.44703,0,0,1771308523176,True,True
0,1.47825,13.10364,0,0,1771308524613,True,True
0,1.47803,1.32295,0,0,1771308528223,True,True
0,1.47747,20.0,0,0,1771308530789,True,True
0,1.47731,40.28490514,0,0,1771308542110,False,True
0,1.47731,261.5625,0,0,1771308542110,False,True
0,1.4773,866.16180486,0,0,1771308542110,False,True
0,1.4775,5.47179,0,0,1771308571367,False,True
0,1.47751,16.42753,0,0,1771308583637,True,True
0,1.47751,3.931046,0,0,1771308585944,True,True
0,1.47751,20.521012,0,0,1771308585944,True,True
0,1.47779,70.78629573,0,0,1771308585944,True,True
0,1.47781,905.53221308,0,0,1771308585944,True,True
0,1.47789,1.33766,0,0,1771308592375,True,True
0,1.4775,15.33362455,0,0,1771308602481,False,True
0,1.47702,66.38535,0,0,1771308630354,True,True
0,1.4771,124.90758,0,0,1771308635936,True,True
0,1.4775,12.49076,0,0,1771308641562,True,True
0,1.47721,15.87809,0,0,1771308649081,True,True
0,1.47744,2.10637,0,0,1771308662979,True,True
0,1.47751,13.14203,0,0,1771308676044,True,True
0,1.47723,415.0,0,0,1771308683556,False,True
0,1.47703,98.61459,0,0,1771308723623,True,True
0,1.47715,53.63919,0,0,1771308727985,True,True
0,1.47686,12.61194,0,0,1771308739258,True,True
0,1.47747,141.1,0,0,1771308753264,False,True
0,1.47742,65.71992,0,0,1771308767221,True,True
0,1.47751,7.135329,0,0,1771308785350,True,True
0,1.4776,25.717651,0,0,1771308785350,True,True
0,1.47754,217.26457399,0,0,1771308804940,False,True
0,1.47768,6.33851,0,0,1771308806463,False,True
0,1.4772,261.5625,0,0,1771308823562,True,True
0,1.47721,144.77687,0,0,1771308823562,True,True
0,1.47735,1500.0,0,0,1771308838239,True,True
0,1.47665,32.85707,0,0,1771308860988,True,True
0,1.47693,6.77126678,0,0,1771308898750,True,True
0,1.47702,0.95394781,0,0,1771308900061,True,True
0,1.4779,20.0,0,0,1771308911021,True,True
0,1.47789,261.5625,0,0,1771308914111,False,True
0,1.47789,600.0,0,0,1771308914111,False,True
0,1.47789,663.04778667,0,0,1771308914111,False,True
0,1.47789,4.68824752,0,0,1771308914111,False,True
0,1.47789,218.59250272,0,0,1771308914111,False,True
0,1.47789,63.4139,0,0,1771308916637,False,True
0,1.4779,0.407335,0,0,1771308917724,True,True
0,1.47807,0.256005,0,0,1771308917724,True,True
0,1.47789,13.938791,0,0,1771308928573,False,True
0,1.47789,0.1089588,0,0,1771308928573,False,True
0,1.47789,14.4523412,0,0,1771308928732,False,True
0,1.47714,197.12106,0,0,1771308987851,True,True
0,1.47725,127.59819,0,0,1771308998371,True,True
0,1.4777,6.57057,0,0,1771309018741,True,True
0,1.4777,101.0,0,0,1771309019604,True,True
0,1.4776,18.327017,0,0,1771309024936,False,True
0,1.47724,16.815142,0,0,1771309026662,False,True
0,1.4772,93.184858,0,0,1771309026662,False,True
0,1.4774,261.5625,0,0,1771309039955,False,True
0,1.47739,93.4375,0,0,1771309039955,False,True
0,1.47726,69.02738,0,0,1771309052464,False,True
0,1.4773,14.946186,0,0,1771309111408,False,True
0,1.47705,15.382011,0,0,1771309112162,False,True
0,1.47668,1500.0,0,0,1771309114897,True,True
0,1.47669,1353.87614741,0,0,1771309117534,True,True
0,1.4772,331.23725,0,0,1771309127468,True,True
0,1.47698,261.5625,0,0,1771309127724,False,True
0,1.47694,63.97786314,0,0,1771309127724,False,True
0,1.4769,424.45963686,0,0,1771309127724,False,True
0,1.47721,1.63897,0,0,1771309130130,True,True
0,1.47686,34.95403,0,0,1771309134102,False,True
0,1.47687,189.17618,0,0,1771309140630,True,True
0,1.47628,25.9501853,0,0,1771309143622,False,True
0,1.47571,13.00131559,0,0,1771309145779,True,True
0,1.47592,1475.260704,0,0,1771309146730,True,True
0,1.47561,2.10954776,0,0,1771309160859,False,True
0,1.47621,115.0,0,0,1771309170434,False,True
0,1.47631,1.67648,0,0,1771309211039,True,True
0,1.4763,192.8046398,0,0,1771309213301,False,True
0,1.47626,67.73874521,0,0,1771309216324,True,True
0,1.47626,0.82651,0,0,1771309218302,True,True
0,1.47635,2000.0,0,0,1771309255559,False,True
0,1.47625,525.4120027,0,0,1771309255569,False,True
0,1.47549,15.994687,0,0,1771309281211,False,True
0,1.47518,22.13948812,0,0,1771309281492,False,True
0,1.47502,15.864192,0,0,1771309281557,False,True
0,1.4749,15.784121,0,0,1771309281619,False,True
0,1.47483,2.13407,0,0,1771309287806,True,True
0,1.47482,15.812099,0,0,1771309322467,False,True
0,1.47477,16.490707,0,0,1771309322467,False,True
0,1.47475,17.006272,0,0,1771309322467,False,True
0,1.47475,16.707917,0,0,1771309322467,False,True
0,1.47465,17.061676,0,0,1771309322467,False,True
0,1.47465,2000.0,0,0,1771309322467,False,True
0,1.4746,316.921329,0,0,1771309322467,False,True
0,1.47447,9.28985261,0,0,1771309343494,True,True
0,1.47441,6.64916,0,0,1771309346345,True,True
0,1.47433,9.28985261,0,0,1771309357356,False,True
0,1.47433,261.5625,0,0,1771309357356,False,True
0,1.47418,261.5625,0,0,1771309357356,False,True
0,1.47416,467.58514739,0,0,1771309357356,False,True
0,1.47485,653.56856,0,0,1771309371872,True,True
0,1.47485,261.5625,0,0,1771309371872,True,True
0,1.47485,84.86894,0,0,1771309371872,True,True
0,1.47485,522.0,0,0,1771309372010,True,True
0,1.47485,59.79772666,0,0,1771309372085,True,True
0,1.47485,261.5625,0,0,1771309372085,True,True
0,1.47487,878.63977334,0,0,1771309372085,True,True
0,1.47485,3390.17527206,0,0,1771309372292,True,True
0,1.47486,622.87377365,0,0,1771309372292,True,True
0,1.47488,1410.95095429,0,0,1771309372292,True,True
0,1.47487,210.0,0,0,1771309372529,True,True
0,1.47485,534.0,0,0,1771309372983,True,True
0,1.47484,544.5458496,0,0,1771309374239,False,True
0,1.47484,544.5458496,0,0,1771309374241,False,True
0,1.47484,8036.76875608,0,0,1771309374637,False,True
0,1.47436,20.0,0,0,1771309379651,True,True
0,1.47432,2.33385,0,0,1771309382857,True,True
0,1.47419,261.5625,0,0,1771309386044,False,True
0,1.47418,653.33934037,0,0,1771309386044,False,True
0,1.47402,33.72271797,0,0,1771309386044,False,True
0,1.47401,51.37544166,0,0,1771309386044,False,True
0,1.47569,1904.65978672,0,0,1771309448605,True,True
0,1.4755,10.0,0,0,1771309462874,True,True
0,1.47521,65.64922,0,0,1771309493080,True,True
0,1.47515,6.7784313,0,0,1771309493744,True,True
0,1.47521,2969.17075559,0,0,1771309493744,True,True
0,1.47529,10.70081957,0,0,1771309503811,False,True
0,1.47529,241.81858043,0,0,1771309503811,False,True
0,1.47516,6.58117,0,0,1771309528987,True,True
0,1.47515,1304.0,0,0,1771309532318,False,True
0,1.47516,3.79451,0,0,1771309533508,True,True
0,1.47516,182.11786,0,0,1771309536060,True,True
0,1.47516,6.77858519,0,0,1771309546478,True,True
0,1.47528,49.16167481,0,0,1771309546478,True,True
0,1.47502,150.0,0,0,1771309559067,True,True
0,1.47427,135.32206,0,0,1771309568110,True,True
0,1.4741,52.03174818,0,0,1771309579554,True,True
0,1.4741,4.0,0,0,1771309585426,True,True
0,1.4741,126.61996,0,0,1771309592339,True,True
0,1.4741,9.87932,0,0,1771309593692,True,True
0,1.47424,13.45864309,0,0,1771309619042,True,True
0,1.47394,59.93772,0,0,1771309623745,True,True
0,1.47392,2.20547926,0,0,1771309627052,True,True
0,1.47384,12.4172,0,0,1771309652250,True,True
0,1.47448,1500.0,0,0,1771309680514,True,True
0,1.47472,200.0,0,0,1771309686715,False,True
0,1.475,6.71254,0,0,1771309708035,True,True
0,1.475,0.72138,0,0,1771309714030,True,True
0,1.4767,20.748967,0,0,1771309731985,True,True
0,1.4767,12.124123,0,0,1771309731985,True,True
0,1.4767,8.435232,0,0,1771309744831,True,True
0,1.4775,1500.0,0,0,1771309747491,True,True
0,1.47765,68.58081647,0,0,1771309747491,True,True
0,1.47776,409.0,0,0,1771309747491,True,True
0,1.47798,6768.44908944,0,0,1771309747491,True,True
0,1.47807,18.71468,0,0,1771309747491,True,True
0,1.47814,4150.57288702,0,0,1771309747491,True,True
0,1.47655,2000.0,0,0,1771309780925,False,True
0,1.47644,4005.0000003,0,0,1771309780925,False,True
0,1.47414,9.03645418,0,0,1771309838537,False,True
0,1.4739,1500.0,0,0,1771309842068,True,True
0,1.47383,461.55619981,0,0,1771309891213,False,True
0,1.47384,1500.0,0,0,1771309892329,True,True
0,1.47428,653.56856,0,0,1771309929569,True,True
0,1.4743,196.5311265,0,0,1771309929569,True,True
0,1.4743,2670.8457518,0,0,1771309929569,True,True
0,1.4744,50.0,0,0,1771309934238,True,True
0,1.47445,4.76118911,0,0,1771309941808,False,True
0,1.47458,1500.0,0,0,1771309963467,True,True
0,1.4749,31.44184,0,0,1771309963702,True,True
0,1.47509,12.62801,0,0,1771310023593,True,True
0,1.4751,129.72369,0,0,1771310036821,True,True
0,1.47549,52.351,0,0,1771310044395,True,True
0,1.47494,6.77810232,0,0,1771310107020,True,True
0,1.47505,126.11846768,0,0,1771310107020,True,True
0,1.47476,1.32299492,0,0,1771310111057,True,True
0,1.4748,1500.0,0,0,1771310166390,True,True
0,1.47466,653.56856,0,0,1771310201174,True,True
0,1.47471,676.08323,0,0,1771310201174,True,True
0,1.47466,1.32674,0,0,1771310204663,True,True
0,1.47469,6.78150006,0,0,1771310249029,False,True
0,1.4747,9.04433079,0,0,1771310268308,True,True
0,1.47512,16.78134,0,0,1771310318028,True,True
0,1.47522,35.39314786,0,0,1771310369163,False,True
0,1.47522,391.59078586,0,0,1771310369163,False,True
0,1.47581,1.56109,0,0,1771310422133,True,True
0,1.47587,450.0,0,0,1771310442451,True,True
0,1.47587,3.50410978,0,0,1771310442979,True,True
0,1.47726,1.56263,0,0,1771310460447,True,True
0,1.47791,2811.3092835,0,0,1771310482555,True,True
0,1.47792,1500.0,0,0,1771310482555,True,True
0,1.47806,261.5625,0,0,1771310482555,True,True
0,1.47807,631.03311597,0,0,1771310482555,True,True
0,1.4782,6764.9997661,0,0,1771310482555,True,True
0,1.47821,261.5625,0,0,1771310482555,True,True
0,1.47822,18.562866,0,0,1771310482555,True,True
0,1.47824,1508.48911,0,0,1771310482555,True,True
0,1.47825,0.858816,0,0,1771310482555,True,True
0,1.47835,794.08104879,0,0,1771310482555,True,True
0,1.47836,15.341324,0,0,1771310482555,True,True
0,1.47836,17.208258,0,0,1771310482555,True,True
0,1.47836,261.5625,0,0,1771310482555,True,True
0,1.47839,35.39314786,0,0,1771310482555,True,True
0,1.47841,6935.6,0,0,1771310482555,True,True
0,1.47841,87.94590192,0,0,1771310482555,True,True
0,1.4785,6220.25016703,0,0,1771310482555,True,True
0,1.47851,261.5625,0,0,1771310482555,True,True
0,1.47857,6763.33280481,0,0,1771310482555,True,True
0,1.47857,4466.9282625,0,0,1771310482555,True,True
0,1.47858,3968.51477264,0,0,1771310482555,True,True
0,1.4786,2.96692088,0,0,1771310482555,True,True
0,1.47779,551.56009988,0,0,1771310493398,True,True
0,1.47822,1.65466917,0,0,1771310506198,False,True
0,1.47838,9.51884078,0,0,1771310507746,False,True
0,1.47928,9.43546,0,0,1771310518505,True,True
0,1.47944,1.30932,0,0,1771310520820,True,True
0,1.47908,10.0,0,0,1771310529267,False,True
0,1.47851,10.0,0,0,1771310593489,True,True
0,1.4785,20.588434,0,0,1771310598183,False,True
0,1.47861,177.0192665,0,0,1771310621301,True,True
0,1.47879,322.9807335,0,0,1771310621301,True,True
0,1.47848,3.69031,0,0,1771310630872,False,True
0,1.47849,69.13162656,0,0,1771310632131,False,True
0,1.47848,208.22898282,0,0,1771310632131,False,True
0,1.47896,70.78629573,0,0,1771310655832,True,True
0,1.47896,23.81462427,0,0,1771310655832,True,True
0,1.47892,58.7783,0,0,1771310664744,False,True
0,1.479,0.96659905,0,0,1771310669111,True,True
0,1.47851,1.93289244,0,0,1771310688775,True,True
0,1.47847,261.5625,0,0,1771310691236,True,True
0,1.4785,183.12810845,0,0,1771310691236,True,True
0,1.47851,212.57847155,0,0,1771310691236,True,True
0,1.47868,0.65507,0,0,1771310708270,True,True
0,1.47876,6.76149738,0,0,1771310737225,True,True
0,1.47891,51.8111855,0,0,1771310737225,True,True
0,1.47892,7.08277712,0,0,1771310737225,True,True
0,1.47876,4.04538261,0,0,1771310745641,True,True
0,1.47876,6.76149737,0,0,1771310749987,True,True
0,1.47896,12.21149263,0,0,1771310749987,True,True
0,1.47877,1.61059529,0,0,1771310756872,True,True
0,1.47875,113.81234,0,0,1771310757993,False,True
0,1.47876,164.11519,0,0,1771310759802,True,True
0,1.47836,12.00799573,0,0,1771310769845,False,True
0,1.47834,167.99200427,0,0,1771310769845,False,True
0,1.47826,18.805893,0,0,1771310771994,False,True
0,1.47812,18.645306,0,0,1771310772039,False,True
0,1.47812,20.079561,0,0,1771310772039,False,True
0,1.47778,16.213509,0,0,1771310779934,False,True
0,1.47778,17.512756,0,0,1771310779934,False,True
0,1.47764,3059.36922799,0,0,1771310784832,False,True
0,1.47709,10.52626403,0,0,1771310788151,False,True
0,1.47698,550.0,0,0,1771310789020,True,True
0,1.47698,3.76352996,0,0,1771310792085,True,True
0,1.47698,18.55136794,0,0,1771310792085,True,True
0,1.47765,15.429906,0,0,1771310792377,True,True
0,1.47765,17.487226,0,0,1771310792377,True,True
0,1.47778,6.57039,0,0,1771310802947,True,True
0,1.47778,1.12323891,0,0,1771310848369,True,True
0,1.47743,121.15633228,0,0,1771310851050,True,True
0,1.47724,640.0,0,0,1771310877356,True,True
0,1.47724,21.174623,0,0,1771310900588,True,True
0,1.47737,4688.825377,0,0,1771310900588,True,True
0,1.47737,1.047465,0,0,1771310907494,True,True
0,1.47778,19.58349709,0,0,1771310907494,True,True
0,1.47778,20.842074,0,0,1771310907494,True,True
0,1.47778,21.058615,0,0,1771310907494,True,True
0,1.47807,70.78629573,0,0,1771310907494,True,True
0,1.47808,2065.4512322,0,0,1771310907494,True,True
0,1.47809,1319.97142553,0,0,1771310907494,True,True
0,1.47814,6765.26661134,0,0,1771310907494,True,True
0,1.47823,261.5625,0,0,1771310907494,True,True
0,1.47823,614.23478884,0,0,1771310907494,True,True
0,1.47832,1500.0,0,0,1771310907494,True,True
0,1.47833,793.19752692,0,0,1771310907494,True,True
0,1.47834,6048.5,0,0,1771310907494,True,True
0,1.47844,261.5625,0,0,1771310907494,True,True
0,1.47847,3236.93546835,0,0,1771310907494,True,True
0,1.47779,1.78991,0,0,1771310941695,False,True
0,1.47795,126.35082,0,0,1771310955915,True,True
0,1.47792,10.0,0,0,1771310958638,True,True
0,1.47792,8.620764,0,0,1771311001910,True,True
0,1.47809,11.379236,0,0,1771311001910,True,True
0,1.47809,6.211033,0,0,1771311003145,True,True
0,1.47907,450.0,0,0,1771311041698,True,True
0,1.47971,22.96995,0,0,1771311062792,True,True
0,1.47937,261.5625,0,0,1771311066353,True,True
0,1.47937,393.05724,0,0,1771311066353,True,True
0,1.47936,14.006057,0,0,1771311087928,False,True
0,1.4791,1500.0,0,0,1771311109075,True,True
0,1.47994,0.97803,0,0,1771311144442,True,True
0,1.4797,18.679462,0,0,1771311181108,False,True
0,1.47915,34.90204,0,0,1771311187664,False,True
0,1.47936,64.11211,0,0,1771311188569,True,True
0,1.47917,35.88425573,0,0,1771311206389,False,True
0,1.47915,1191.91491427,0,0,1771311206389,False,True
0,1.47927,6.71752447,0,0,1771311214939,False,True
0,1.47935,13.25401,0,0,1771311254183,True,True
0,1.47931,1.32546,0,0,1771311273264,True,True
0,1.47931,6.75959839,0,0,1771311298218,True,True
0,1.47933,4.28633232,0,0,1771311302648,True,True
0,1.47932,601.62803917,0,0,1771311312358,False,True
0,1.47927,20.902202,0,0,1771311312399,False,True
0,1.47927,20.388435,0,0,1771311312399,False,True
0,1.47914,21.093338,0,0,1771311332555,False,True
0,1.47913,20.633751,0,0,1771311332555,False,True
0,1.47912,20.147115,0,0,1771311332555,False,True
0,1.47869,6.76085154,0,0,1771311339539,True,True
0,1.47869,99.67743846,0,0,1771311339539,True,True
0,1.47941,210.80913017,0,0,1771311385590,True,True
0,1.47905,7.534,0,0,1771311394530,False,True
0,1.47918,6.69357,0,0,1771311404635,True,True
0,1.47933,9.98317,0,0,1771311427356,True,True
0,1.47933,20.11850635,0,0,1771311429702,True,True
0,1.47906,1.00414,0,0,1771311442714,True,True
0,1.47874,49.24227,0,0,1771311478660,True,True
0,1.47868,17.664403,0,0,1771311501599,False,True
0,1.47868,17.33979,0,0,1771311501599,False,True
0,1.47812,40.006,0,0,1771311504836,True,True
0,1.478,7.49556,0,0,1771311523738,True,True
0,1.478,8.688472,0,0,1771311529745,True,True
0,1.478,11.311528,0,0,1771311529745,True,True
0,1.47799,57.26207,0,0,1771311536029,False,True
0,1.478,5.792667,0,0,1771311539162,True,True
0,1.478,14.34394328,0,0,1771311539162,True,True
0,1.478,4.57351272,0,0,1771311553151,True,True
0,1.478,0.33997728,0,0,1771311553151,True,True
0,1.478,1.32327,0,0,1771311579017,True,True
0,1.47774,12.34862,0,0,1771311602140,True,True
0,1.47774,20.0,0,0,1771311605816,True,True
0,1.47774,1.14039,0,0,1771311605999,True,True
0,1.478,5.59185,0,0,1771311605999,True,True
0,1.47795,3548.59437099,0,0,1771311607883,False,True
0,1.47791,0.99505,0,0,1771311620032,True,True
0,1.47791,3.36632,0,0,1771311628048,True,True
0,1.47784,6.634,0,0,1771311633867,True,True
0,1.47781,3.33338,0,0,1771311640031,True,True
0,1.47686,54.2481,0,0,1771311683332,True,True
0,1.4762,261.5625,0,0,1771311688431,True,True
0,1.47625,615.4588994,0,0,1771311688431,True,True
0,1.47626,597.3613096,0,0,1771311688431,True,True
0,1.47554,129.41657,0,0,1771311692035,True,True
0,1.47533,2960.0,0,0,1771311720346,True,True
0,1.47555,7.626226,0,0,1771311758267,False,True
0,1.47502,982.64833885,0,0,1771311760047,True,True
0,1.47502,982.64833885,0,0,1771311760047,True,True
0,1.47455,153.47473938,0,0,1771311773286,False,True
0,1.47455,108.08776062,0,0,1771311773286,False,True
0,1.47453,1077.63678366,0,0,1771311773286,False,True
0,1.47398,3.3,0,0,1771311842595,True,True
0,1.4741,1.05906,0,0,1771311893652,True,True
0,1.47403,4.0,0,0,1771311903248,True,True
0,1.47366,179.20250924,0,0,1771311909386,False,True
0,1.47364,18.783421,0,0,1771311909386,False,True
0,1.47272,4.99356887,0,0,1771311910375,True,True
0,1.47272,11.93780113,0,0,1771311910375,True,True
0,1.47271,500.0,0,0,1771311925238,False,True
0,1.47222,25.36090854,0,0,1771311925249,True,True
0,1.47204,1100.0,0,0,1771311965590,False,True
0,1.472,500.0,0,0,1771311965590,False,True
0,1.47178,1500.0,0,0,1771311972947,True,True
0,1.47205,60.34481,0,0,1771311987020,False,True
0,1.47186,16.85039439,0,0,1771311998493,True,True
0,1.47192,38.02554,0,0,1771312000305,True,True
0,1.47219,3.12880058,0,0,1771312006528,False,True
0,1.47243,1.31887,0,0,1771312013291,True,True
0,1.47282,43.4038,0,0,1771312020479,True,True
0,1.47265,1.00414,0,0,1771312031650,False,True
0,1.47274,89.53514,0,0,1771312032644,True,True
0,1.47274,89.92923,0,0,1771312032743,True,True
0,1.47284,7.01009,0,0,1771312039567,True,True
0,1.47265,36.5053731,0,0,1771312050810,False,True
0,1.47239,165.3878323,0,0,1771312056145,True,True
0,1.47239,84.4339377,0,0,1771312056145,True,True
0,1.4718,33.21498,0,0,1771312076743,True,True
0,1.47185,46.0,0,0,1771312087577,True,True
0,1.47189,1.01976477,0,0,1771312098251,True,True
0,1.47117,10.092,0,0,1771312111973,True,True
0,1.47117,210.0,0,0,1771312112474,True,True
0,1.47117,41.4705,0,0,1771312112582,True,True
0,1.47117,598.5295,0,0,1771312112582,True,True
0,1.47117,28.0,0,0,1771312112697,True,True
0,1.47117,74.0,0,0,1771312112805,True,True
0,1.47117,99.06299148,0,0,1771312113678,True,True
0,1.47117,3398.65549188,0,0,1771312113678,True,True
0,1.47117,1352.28151664,0,0,1771312113678,True,True
0,1.47116,16.8612501,0,0,1771312114326,False,True
0,1.47116,0.80906,0,0,1771312118866,False,True
0,1.47117,1.49338,0,0,1771312121722,True,True
0,1.47121,0.65827,0,0,1771312147061,True,True
0,1.47116,110.21974944,0,0,1771312151839,False,True
0,1.47052,28.35177682,0,0,1771312152376,True,True
0,1.47,1.65,0,0,1771312176435,False,True
0,1.47,36.8844121,0,0,1771312176435,False,True
0,1.47,99.503343,0,0,1771312176468,False,True
0,1.47,284.34758473,0,0,1771312176468,False,True
0,1.47,178.23744928,0,0,1771312176470,False,True
0,1.47,27.21088435,0,0,1771312176470,False,True
0,1.47,178.4025941,0,0,1771312176470,False,True
0,1.47,161.73346032,0,0,1771312176472,False,True
0,1.47,222.11746741,0,0,1771312176472,False,True
0,1.47,383.85092773,0,0,1771312176482,False,True
0,1.47,383.85092773,0,0,1771312176483,False,True
0,1.47,383.85092773,0,0,1771312176484,False,True
0,1.47,383.85092773,0,0,1771312176486,False,True
0,1.47,383.85092773,0,0,1771312176488,False,True
0,1.47,383.85092773,0,0,1771312176491,False,True
0,1.47,383.85092773,0,0,1771312176493,False,True
0,1.47,383.85092773,0,0,1771312176494,False,True
0,1.47,383.85092773,0,0,1771312176495,False,True
0,1.47,383.85092773,0,0,1771312176497,False,True
0,1.47,383.85092773,0,0,1771312176498,False,True
0,1.47,383.85092773,0,0,1771312176499,False,True
0,1.47,383.85092773,0,0,1771312176501,False,True
0,1.47,383.85092773,0,0,1771312176503,False,True
0,1.47,383.85092773,0,0,1771312176541,False,True
0,1.47,383.85092773,0,0,1771312176543,False,True
0,1.47,383.85092773,0,0,1771312176547,False,True
0,1.47001,11.06071,0,0,1771312176659,True,True
0,1.47001,132.0769,0,0,1771312177613,True,True
0,1.47,37.136621,0,0,1771312179179,False,True
0,1.47,1721.01484375,0,0,1771312179185,False,True
0,1.47,1721.01484375,0,0,1771312179203,False,True
0,1.47,1721.01484375,0,0,1771312179205,False,True
0,1.47,1721.01484375,0,0,1771312179209,False,True
0,1.47,1721.01484375,0,0,1771312179209,False,True
0,1.47,1617.00864251,0,0,1771312179222,False,True
0,1.47,104.00620124,0,0,1771312179222,False,True
0,1.47,1721.01484375,0,0,1771312179222,False,True
0,1.47,1721.01484375,0,0,1771312179229,False,True
0,1.47,1721.01484375,0,0,1771312179254,False,True
0,1.47,1721.01484375,0,0,1771312179259,False,True
0,1.47,8036.76875608,0,0,1771312179273,False,True
0,1.47,1721.01484375,0,0,1771312179276,False,True
0,1.47,180.38891916,0,0,1771312179284,False,True
0,1.46999,86.56521472,0,0,1771312179292,False,True
0,1.46991,1500.0,0,0,1771312184337,True,True
0,1.47014,1.65,0,0,1771312185126,False,True
0,1.47037,1.65,0,0,1771312186049,False,True
0,1.47064,70.12802573,0,0,1771312187448,True,True
0,1.47068,42.49604733,0,0,1771312187448,True,True
0,1.47119,1349.950418,0,0,1771312223756,True,True
0,1.47121,3094.484082,0,0,1771312223756,True,True
0,1.47095,17.566879,0,0,1771312234860,False,True
0,1.47061,5.140161,0,0,1771312234860,False,True
0,1.47123,3398.4244904,0,0,1771312263604,False,True
0,1.47148,31.50894,0,0,1771312265169,True,True
0,1.47123,0.09239683,0,0,1771312272761,False,True
0,1.47121,18.841634,0,0,1771312272761,False,True
0,1.47095,47.73027917,0,0,1771312272761,False,True
0,1.47095,6.78339359,0,0,1771312275561,True,True
0,1.47058,18.88899617,0,0,1771312279666,True,True
0,1.47014,16.025685,0,0,1771312307430,False,True
0,1.47014,2.974315,0,0,1771312307430,False,True
0,1.47014,2.56783,0,0,1771312312035,False,True
0,1.47014,11.463038,0,0,1771312318457,False,True
0,1.46991,10.0,0,0,1771312318599,False,True
0,1.4699,3.17384315,0,0,1771312318599,False,True
0,1.4699,7.49169255,0,0,1771312318599,False,True
0,1.46991,2.0,0,0,1771312319145,True,True
0,1.4699,6.55007945,0,0,1771312321591,False,True
0,1.46974,102.05886755,0,0,1771312321591,False,True
0,1.46951,65.64613473,0,0,1771312321591,False,True
0,1.4695,1393.44470908,0,0,1771312321591,False,True
0,1.46943,845.47329021,0,0,1771312321591,False,True
0,1.46943,673.63202177,0,0,1771312321591,False,True
0,1.46911,156.63034775,0,0,1771312334592,False,True
0,1.469,1.65,0,0,1771312334592,False,True
0,1.46865,1422.25019443,0,0,1771312334592,False,True
0,1.46912,16.744718,0,0,1771312344282,True,True
0,1.4693,3443.255282,0,0,1771312344282,True,True
0,1.4693,8.23218859,0,0,1771312344374,True,True
0,1.46991,10.0,0,0,1771312348035,True,True
0,1.46991,4.749202,0,0,1771312348938,True,True
0,1.47041,0.926558,0,0,1771312348938,True,True
0,1.47019,12.14615117,0,0,1771312357715,True,True
0,1.47033,13.41254503,0,0,1771312360159,True,True
0,1.47029,85.474,0,0,1771312360670,False,True
0,1.4703,18.771679,0,0,1771312370753,True,True
0,1.47033,1.228321,0,0,1771312370753,True,True
0,1.47033,4.42968297,0,0,1771312371349,True,True
0,1.47104,10.0,0,0,1771312372023,False,True
0,1.47054,0.82286,0,0,1771312399374,True,True
0,1.4705,5.54913294,0,0,1771312410714,True,True
0,1.47036,2.8071,0,0,1771312425638,True,True
0,1.47035,14.744789,0,0,1771312427959,False,True
0,1.47035,15.152855,0,0,1771312427959,False,True
0,1.47007,100.0,0,0,1771312447815,False,True
0,1.4699,7.42411048,0,0,1771312478687,True,True
0,1.46989,8.50403772,0,0,1771312480968,True,True
0,1.46982,15.267176,0,0,1771312486890,False,True
0,1.46982,15.10389,0,0,1771312486890,False,True
0,1.4698,169.628934,0,0,1771312486890,False,True
0,1.46931,6.49057932,0,0,1771312501290,True,True
0,1.4697,0.25953294,0,0,1771312501290,True,True
0,1.47035,6.60508,0,0,1771312507439,True,True
0,1.46964,6.20167896,0,0,1771312537155,True,True
0,1.46981,7.01544104,0,0,1771312537155,True,True
0,1.46988,150.0,0,0,1771312568266,True,True
0,1.46992,18.36033553,0,0,1771312581136,False,True
0,1.47018,34.0105977,0,0,1771312602280,True,True
0,1.47035,165.01063985,0,0,1771312618833,True,True
0,1.47104,1920.66198227,0,0,1771312620249,False,True
0,1.47185,3.3,0,0,1771312641324,True,True
0,1.47162,3.34688,0,0,1771312643282,True,True
0,1.47157,1.62071,0,0,1771312644269,True,True
0,1.47101,13.0,0,0,1771312656810,True,True
0,1.47103,10.11601394,0,0,1771312683979,True,True
0,1.47046,18.48858,0,0,1771312722952,True,True
0,1.47035,21.0154,0,0,1771312726911,False,True
0,1.47017,60.344812,0,0,1771312737471,False,True
0,1.47019,13.17333,0,0,1771312738148,True,True
0,1.47018,9.58283,0,0,1771312752346,True,True
0,1.4699,34.894383,0,0,1771312775088,False,True
0,1.4699,6136.37773437,0,0,1771312775092,False,True
0,1.4699,6136.37773437,0,0,1771312775192,False,True
0,1.4699,6136.37773437,0,0,1771312775512,False,True
0,1.4699,6136.37773437,0,0,1771312775744,False,True
0,1.4699,6588.5921875,0,0,1771312779997,False,True
0,1.4699,31.7442162,0,0,1771312780006,False,True
0,1.4699,35.0364,0,0,1771312781339,False,True
0,1.4699,555.51118164,0,0,1771312781626,False,True
0,1.4699,555.51118164,0,0,1771312781626,False,True
0,1.4699,555.51118164,0,0,1771312781628,False,True
0,1.4699,555.51118164,0,0,1771312781630,False,True
0,1.4699,30.2363694,0,0,1771312781678,False,True
0,1.4699,26.0065828,0,0,1771312794134,False,True
0,1.4699,415.51926069,0,0,1771312794148,False,True
0,1.4699,484.5908001,0,0,1771312800607,False,True
0,1.4699,165.01063985,0,0,1771312800748,False,True
0,1.4699,4952.31904101,0,0,1771312800792,False,True
0,1.46943,10.59125,0,0,1771312802303,True,True
0,1.4693,1500.0,0,0,1771312807102,True,True
0,1.47095,40.861,0,0,1771312852641,True,True
0,1.47061,34.70667,0,0,1771312868745,True,True
0,1.47167,6.27278,0,0,1771312916625,True,True
0,1.47231,9.75981331,0,0,1771312926640,False,True
0,1.47222,2.50028,0,0,1771312976777,True,True
0,1.47215,407.63393336,0,0,1771312991281,False,True
0,1.47224,231.51796,0,0,1771313021610,False,True
0,1.47245,216.738529,0,0,1771313042296,False,True
0,1.47247,261.5625,0,0,1771313065250,False,True
0,1.47246,368.55689579,0,0,1771313065250,False,True
0,1.47246,30.508128,0,0,1771313066909,False,True
0,1.4718,1.68958,0,0,1771313130469,True,True
0,1.47184,1.25925,0,0,1771313147953,True,True
0,1.4712,12.62993,0,0,1771313174258,True,True
0,1.47158,18.00865095,0,0,1771313243082,False,True
0,1.47143,129.11997,0,0,1771313266928,False,True
0,1.47127,6.66258,0,0,1771313273385,True,True
0,1.471,2823.29296875,0,0,1771313283715,False,True
0,1.471,2823.29296875,0,0,1771313283717,False,True
0,1.471,4333.6609375,0,0,1771313319561,False,True
0,1.471,4333.6609375,0,0,1771313319564,False,True
0,1.471,4333.6609375,0,0,1771313319565,False,True
0,1.471,4333.6609375,0,0,1771313319569,False,True
0,1.471,4333.6609375,0,0,1771313319761,False,True
0,1.471,4333.6609375,0,0,1771313319772,False,True
0,1.471,4333.6609375,0,0,1771313319776,False,True
0,1.471,4333.6609375,0,0,1771313319777,False,True
0,1.471,4333.6609375,0,0,1771313319783,False,True
0,1.471,4333.6609375,0,0,1771313319789,False,True
0,1.471,4333.6609375,0,0,1771313319804,False,True
0,1.471,4333.6609375,0,0,1771313319827,False,True
0,1.471,650.14221862,0,0,1771313319863,False,True
0,1.471,2882.20939061,0,0,1771313319868,False,True
0,1.47051,31.9591149,0,0,1771313328093,False,True
0,1.47071,9.41042082,0,0,1771313337132,True,True
0,1.47049,1.31694,0,0,1771313348530,True,True
0,1.47064,1000.0,0,0,1771313350913,False,True
0,1.47058,100.00634,0,0,1771313378382,True,True
0,1.4707,1500.0,0,0,1771313400495,True,True
0,1.47086,6.76464,0,0,1771313426693,True,True
0,1.471,250.0,0,0,1771313430456,False,True
0,1.47085,261.5625,0,0,1771313443004,True,True
0,1.47086,122.4375,0,0,1771313443004,True,True
0,1.47097,480.0,0,0,1771313444518,True,True
0,1.4713,600.0,0,0,1771313474648,False,True
0,1.47124,400.0,0,0,1771313474648,False,True
0,1.47098,113.02669,0,0,1771313484857,False,True
0,1.47085,34.9371557,0,0,1771313492823,False,True
0,1.47084,26.1867643,0,0,1771313492823,False,True
0,1.47071,52.39473,0,0,1771313502148,False,True
0,1.47071,8.21e-06,0,0,1771313502174,False,True
0,1.47,14.464627,0,0,1771313504075,False,True
0,1.47,1063.50135939,0,0,1771313514813,False,True
0,1.46946,35.39314786,0,0,1771313517163,True,True
0,1.46946,54.34773826,0,0,1771313517163,True,True
0,1.4692,1500.0,0,0,1771313528141,True,True
0,1.4703,30.0,0,0,1771313542698,True,True
0,1.4703,5.39314787,0,0,1771313547942,True,True
0,1.47041,35.39314786,0,0,1771313562412,False,True
0,1.47039,660.38345324,0,0,1771313562412,False,True
0,1.47031,13326.0,0,0,1771313562412,False,True
0,1.47026,261.5625,0,0,1771313562412,False,True
0,1.47026,3400.74803797,0,0,1771313562412,False,True
0,1.47025,802.0358227,0,0,1771313562412,False,True
0,1.47021,461.7,0,0,1771313562412,False,True
0,1.47019,4052.17703823,0,0,1771313562412,False,True
0,1.47055,10.00108,0,0,1771313568738,True,True
0,1.4696,27.57993,0,0,1771313593066,False,True
0,1.46939,65.93395,0,0,1771313600855,True,True
0,1.46932,1.65,0,0,1771313624029,True,True
0,1.46932,110.0,0,0,1771313624029,True,True
0,1.46932,188.35,0,0,1771313624029,True,True
0,1.46922,17.75428885,0,0,1771313624886,False,True
0,1.46933,13.35865,0,0,1771313635662,True,True
0,1.4692,6.67301,0,0,1771313660875,True,True
0,1.4699,261.03970188,0,0,1771313669794,False,True
0,1.46994,10.0,0,0,1771313672940,True,True
0,1.46959,73.17006784,0,0,1771313708738,False,True
0,1.46958,199.010987,0,0,1771313708738,False,True
0,1.46949,6.80508203,0,0,1771313713323,False,True
0,1.46948,393.19491797,0,0,1771313713323,False,True
0,1.46964,0.70045,0,0,1771313721134,True,True
0,1.46954,267.44859614,0,0,1771313728367,False,True
0,1.46976,22.54517671,0,0,1771313753921,False,True
0,1.46976,190.00000012,0,0,1771313757855,False,True
0,1.46977,340.18928132,0,0,1771313764650,True,True
0,1.47014,987.24290194,0,0,1771313764650,True,True
0,1.47025,11.65,0,0,1771313771088,True,True
0,1.47025,2.39284967,0,0,1771313771088,True,True
0,1.47038,62.97307786,0,0,1771313771088,True,True
0,1.47039,134.63407247,0,0,1771313771088,True,True
0,1.47039,250.0,0,0,1771313771088,True,True
0,1.47039,38.35,0,0,1771313771088,True,True
0,1.47039,47.60641735,0,0,1771313771429,True,True
0,1.46959,261.5625,0,0,1771313774673,False,True
0,1.46954,174.03008061,0,0,1771313774673,False,True
0,1.46971,14.778426,0,0,1771313787804,True,True
0,1.47031,305.744164,0,0,1771313787804,True,True
0,1.4709,4.090426,0,0,1771313832540,False,True
0,1.47109,6.60346,0,0,1771313833899,True,True
0,1.47109,148.60409628,0,0,1771313839346,True,True
0,1.472,1750.0,0,0,1771313846493,True,True
0,1.472,4.71522335,0,0,1771313850919,True,True
0,1.47285,1095.28477665,0,0,1771313850919,True,True
0,1.4729,20.069251,0,0,1771313858142,True,True
0,1.47314,12.908799,0,0,1771313858142,True,True
0,1.4733,36.30999,0,0,1771313860827,True,True
0,1.47347,600.78872,0,0,1771313866825,True,True
0,1.47362,3393.00498093,0,0,1771313866825,True,True
0,1.47363,1006.20629907,0,0,1771313866825,True,True
0,1.47298,1219.99334731,0,0,1771313887899,True,True
0,1.47348,31.30272186,0,0,1771313903036,False,True
0,1.47348,261.5625,0,0,1771313903036,False,True
0,1.47347,207.13477814,0,0,1771313903036,False,True
0,1.4734,1500.0,0,0,1771313908329,True,True
0,1.47349,35.39314786,0,0,1771313908329,True,True
0,1.47363,3464.60685214,0,0,1771313908329,True,True
0,1.47377,1.4716,0,0,1771313910140,True,True
0,1.47366,11.858,0,0,1771313919314,True,True
0,1.47371,0.9456993,0,0,1771313921941,True,True
0,1.47361,0.7737,0,0,1771313925603,True,True
0,1.47397,600.78872,0,0,1771313959869,True,True
0,1.47408,261.5625,0,0,1771313959869,True,True
0,1.4741,337.64878,0,0,1771313959869,True,True
0,1.47434,19.95994,0,0,1771313966409,True,True
0,1.47459,16.46285,0,0,1771313979763,True,True
0,1.47399,7.16202,0,0,1771313995558,False,True
0,1.47385,63.62427573,0,0,1771314021426,False,True
0,1.47384,536.37572427,0,0,1771314021426,False,True
0,1.47459,1.81923,0,0,1771314089899,True,True
0,1.47459,15.73033707,0,0,1771314091283,True,True
0,1.47451,6.58438,0,0,1771314108609,True,True
0,1.47453,0.70093,0,0,1771314119942,False,True
0,1.47451,67.81913992,0,0,1771314121151,True,True
0,1.47451,92.62066,0,0,1771314125396,True,True
0,1.47451,66.48935,0,0,1771314139951,True,True
0,1.47451,2.6912398,0,0,1771314142242,True,True
0,1.47415,1571.46994248,0,0,1771314145378,False,True
0,1.47424,41.43204,0,0,1771314150361,True,True
0,1.47416,35.47104792,0,0,1771314164771,True,True
0,1.47416,1.30098,0,0,1771314170584,True,True
0,1.47396,42.17513952,0,0,1771314178463,False,True
0,1.47368,395.16736048,0,0,1771314178463,False,True
0,1.47369,3.28572,0,0,1771314186268,True,True
0,1.47337,49.1935175,0,0,1771314213461,True,True
0,1.47337,82.2715725,0,0,1771314213461,True,True
0,1.4733,120.0,0,0,1771314218072,False,True
0,1.47331,0.87192,0,0,1771314229354,True,True
0,1.47331,22.19568,0,0,1771314233576,True,True
0,1.47331,26.61735,0,0,1771314234439,True,True
0,1.47331,15.475358,0,0,1771314239750,True,True
0,1.47331,16.914295,0,0,1771314239750,True,True
0,1.47343,12.04182432,0,0,1771314239856,True,True
0,1.47335,13.3087,0,0,1771314248706,True,True
0,1.47286,19.7439,0,0,1771314330276,False,True
0,1.47272,631.78430983,0,0,1771314330276,False,True
0,1.47266,347.47179017,0,0,1771314330276,False,True
0,1.47268,2.56624488,0,0,1771314335356,True,True
0,1.4728,27.32098209,0,0,1771314335356,True,True
0,1.47225,2.54265243,0,0,1771314346633,True,True
0,1.47226,57.16970339,0,0,1771314346633,True,True
0,1.47235,39.03195501,0,0,1771314390534,False,True
0,1.47221,34.47198,0,0,1771314398686,False,True
0,1.47233,12.49656,0,0,1771314401074,True,True
0,1.47191,3.61386037,0,0,1771314485842,True,True
0,1.47182,10.75794628,0,0,1771314504029,True,True
0,1.47211,3.34597,0,0,1771314527148,True,True
0,1.47211,133.35239,0,0,1771314538654,True,True
0,1.47211,10.7524211,0,0,1771314539488,True,True
0,1.47211,0.89843829,0,0,1771314540119,True,True
0,1.47211,16.15952712,0,0,1771314541091,True,True
0,1.4721,19.91398445,0,0,1771314541254,False,True
0,1.47287,20.0,0,0,1771314546865,True,True
0,1.47287,0.721449,0,0,1771314572931,True,True
0,1.4732,197.188331,0,0,1771314572931,True,True
0,1.47278,2036.7843249,0,0,1771314606611,True,True
0,1.4725,1.30590983,0,0,1771314629012,True,True
0,1.47276,7.0,0,0,1771314632809,True,True
0,1.47246,19.34016,0,0,1771314669075,True,True
0,1.47246,3.36172,0,0,1771314670035,True,True
0,1.47261,13.18486,0,0,1771314735640,True,True
0,1.47293,1500.0,0,0,1771314749956,True,True
0,1.47343,1.69483068,0,0,1771314755493,True,True
0,1.47414,38.14910401,0,0,1771314776634,False,True
0,1.47416,261.5625,0,0,1771314794969,False,True
0,1.47395,17.17833,0,0,1771314844342,False,True
0,1.47393,16.74435,0,0,1771314844342,False,True
0,1.47373,66.59251,0,0,1771314850120,True,True
0,1.47372,4.08647,0,0,1771314855645,False,True
0,1.47373,5.0,0,0,1771314866215,True,True
0,1.4744,47.25832,0,0,1771314903420,True,True
0,1.47441,65.86125,0,0,1771314904162,True,True
0,1.47422,7.0,0,0,1771314913779,False,True
0,1.47421,6.7832941,0,0,1771314913779,False,True
0,1.4742,387.70790013,0,0,1771314913779,False,True
0,1.47425,65.87197,0,0,1771314921671,True,True
0,1.47411,33.64843707,0,0,1771314927093,True,True
0,1.47464,5.99936,0,0,1771314990659,True,True
0,1.47466,13.29661,0,0,1771315006794,True,True
0,1.47444,13.57109898,0,0,1771315028243,False,True
0,1.47425,8.28491,0,0,1771315029316,False,True
0,1.47425,15.2451086,0,0,1771315032209,False,True
0,1.47425,179.82762087,0,0,1771315032243,False,True
0,1.47403,13.3022,0,0,1771315038781,True,True
0,1.47415,309.92783,0,0,1771315070673,True,True
0,1.47403,32.93263,0,0,1771315102248,True,True
0,1.47402,9.49495061,0,0,1771315110045,False,True
0,1.4734,2000.0,0,0,1771315138192,False,True
0,1.4734,13.57404642,0,0,1771315138192,False,True
0,1.47328,136.52593395,0,0,1771315138192,False,True
0,1.47321,15.802228,0,0,1771315138192,False,True
0,1.47317,1227.60939743,0,0,1771315138192,False,True
0,1.47266,10.10481713,0,0,1771315173311,True,True
0,1.47266,82.5043,0,0,1771315174380,True,True
0,1.47266,0.86808,0,0,1771315181038,True,True
0,1.47265,121.36913981,0,0,1771315205011,False,True
0,1.47265,15.29216,0,0,1771315205011,False,True
0,1.47261,14.097419,0,0,1771315205018,False,True
0,1.47199,15.97749,0,0,1771315205294,True,True
0,1.47189,16.808,0,0,1771315205722,True,True
0,1.47192,10.0848,0,0,1771315206229,True,True
0,1.47203,16.89163,0,0,1771315211042,True,True
0,1.47205,57.91086968,0,0,1771315216129,False,True
0,1.47266,13.662352,0,0,1771315233476,True,True
0,1.47266,15.18341,0,0,1771315233476,True,True
0,1.47266,16.813114,0,0,1771315233476,True,True
0,1.47266,18.388494,0,0,1771315233476,True,True
0,1.47266,19.610772,0,0,1771315233476,True,True
0,1.4738,12.52613,0,0,1771315237352,True,True
0,1.47475,33.25054,0,0,1771315264169,True,True
0,1.47482,20.612685,0,0,1771315272144,True,True
0,1.47482,20.938148,0,0,1771315272144,True,True
0,1.47482,59.34108802,0,0,1771315272144,True,True
0,1.47411,1.54090375,0,0,1771315284436,True,True
0,1.47362,66.29172,0,0,1771315357614,True,True
0,1.47383,7.66364,0,0,1771315402205,False,True
0,1.474,261.03970188,0,0,1771315403278,False,True
0,1.47387,10.0,0,0,1771315438042,True,True
0,1.47372,24.10337,0,0,1771315443013,False,True
0,1.47392,65.86393,0,0,1771315443299,True,True
0,1.47467,10.32616,0,0,1771315495778,False,True
0,1.47419,18.532211,0,0,1771315505851,False,True
0,1.474,154.72727567,0,0,1771315505851,False,True
0,1.4742,18.0,0,0,1771315513265,True,True
0,1.4752,4.00714,0,0,1771315563031,True,True
0,1.4754,5.50333756,0,0,1771315583954,False,True
0,1.47547,151.02040816,0,0,1771315620780,False,True
0,1.47486,261.5625,0,0,1771315655233,True,True
0,1.47488,261.5625,0,0,1771315655233,True,True
0,1.47491,637.63917105,0,0,1771315655233,True,True
0,1.475,20.4353543,0,0,1771315658156,False,True
0,1.47472,18.037322,0,0,1771315659995,False,True
0,1.47468,7.413798,0,0,1771315659995,False,True
0,1.47481,286.9363357,0,0,1771315692387,False,True
0,1.47499,1.12814428,0,0,1771315698546,True,True
0,1.47499,13.42789,0,0,1771315699728,True,True
0,1.47546,127.74362,0,0,1771315716690,True,True
0,1.47548,20.007049,0,0,1771315717474,True,True
0,1.47548,19.992951,0,0,1771315717474,True,True
0,1.47547,5.08076,0,0,1771315717525,False,True
0,1.47548,0.312306,0,0,1771315717979,True,True
0,1.47556,19.73488,0,0,1771315717979,True,True
0,1.4756,119.952814,0,0,1771315717979,True,True
0,1.4756,7.93724554,0,0,1771315719038,True,True
0,1.47579,19.487868,0,0,1771315719095,True,True
0,1.4757,5.0,0,0,1771315729064,False,True
0,1.47551,5.02683581,0,0,1771315755529,True,True
0,1.47529,67.78328329,0,0,1771315804637,True,True
0,1.47528,19.359037,0,0,1771315811033,False,True
0,1.47528,19.006561,0,0,1771315811033,False,True
0,1.47528,18.654086,0,0,1771315811033,False,True
0,1.47528,18.708313,0,0,1771315811033,False,True
0,1.47466,46.13380773,0,0,1771315812894,False,True
0,1.47445,103.86619227,0,0,1771315812894,False,True
0,1.4742,35.63289,0,0,1771315821828,False,True
0,1.47421,17.10746772,0,0,1771315828697,True,True
0,1.47421,91.1132064,0,0,1771315834817,True,True
0,1.47419,18.125208,0,0,1771315843650,False,True
0,1.47419,17.718205,0,0,1771315843650,False,True
0,1.47419,21.1302477,0,0,1771315843650,False,True
0,1.47399,261.5625,0,0,1771315849768,False,True
0,1.47397,145.50141582,0,0,1771315849768,False,True
0,1.47394,23.74587839,0,0,1771315857744,False,True
0,1.47386,16.935123,0,0,1771315857789,False,True
0,1.47386,18.047847,0,0,1771315857789,False,True
0,1.47375,98.78584,0,0,1771315865070,True,True
0,1.47374,10.0,0,0,1771315880551,True,True
0,1.47374,9.867819,0,0,1771315881444,True,True
0,1.47395,17.476848,0,0,1771315881591,True,True
0,1.47395,19.05085,0,0,1771315881591,True,True
0,1.47408,15.49441,0,0,1771315881591,True,True
0,1.47423,21.55826573,0,0,1771315884682,True,True
0,1.47424,41.66467427,0,0,1771315884682,True,True
0,1.47438,20.0,0,0,1771315905969,True,True
0,1.47442,20.265596,0,0,1771315919697,True,True
0,1.47445,47.387584,0,0,1771315919697,True,True
0,1.47442,10.0,0,0,1771315923790,True,True
0,1.47418,7.8633766,0,0,1771315939479,False,True
0,1.47434,10.0,0,0,1771315973536,True,True
0,1.47392,10.09617889,0,0,1771315994595,True,True
0,1.47347,14.116338,0,0,1771316049784,False,True
0,1.47323,6.17493,0,0,1771316087753,True,True
0,1.47352,10.0,0,0,1771316108320,True,True
0,1.47352,7.6112487,0,0,1771316109766,True,True
0,1.47303,3.28623,0,0,1771316117420,True,True
0,1.47283,5.0,0,0,1771316118864,True,True
0,1.47263,87.71652969,0,0,1771316119227,True,True
0,1.47263,87.71652969,0,0,1771316119227,True,True
0,1.4727,767.90204941,0,0,1771316138737,True,True
0,1.4727,300.31350548,0,0,1771316138742,True,True
0,1.4727,150.15675274,0,0,1771316138743,True,True
0,1.47352,0.0335743,0,0,1771316154010,True,True
0,1.47376,361.6164257,0,0,1771316154010,True,True
0,1.47376,500.0,0,0,1771316154010,True,True
0,1.47376,600.0,0,0,1771316154010,True,True
0,1.47302,20.0,0,0,1771316178257,False,True
0,1.4728,58.29997,0,0,1771316244664,False,True
0,1.4727,470.0,0,0,1771316311292,False,True
0,1.47222,70.78629573,0,0,1771316342174,False,True
0,1.47222,261.5625,0,0,1771316342174,False,True
0,1.47221,314.55673293,0,0,1771316342174,False,True
0,1.47335,10.10008484,0,0,1771316364245,True,True
0,1.47305,50.0,0,0,1771316372742,False,True
0,1.4724,100.0,0,0,1771316378723,False,True
0,1.47254,33.68545506,0,0,1771316386820,True,True
0,1.47272,6.52920285,0,0,1771316391960,True,True
0,1.47254,6066.1,0,0,1771316399482,False,True
0,1.47253,33.68545506,0,0,1771316399482,False,True
0,1.4725,11.48032388,0,0,1771316399482,False,True
0,1.4726,1500.0,0,0,1771316408743,True,True
0,1.47285,4434.9757,0,0,1771316485627,True,True
0,1.47281,17.29304,0,0,1771316497034,True,True
0,1.4728,71.16667862,0,0,1771316501773,False,True
0,1.47336,4.22053,0,0,1771316519777,True,True
0,1.47331,66.56576573,0,0,1771316539656,True,True
0,1.47334,34.43572068,0,0,1771316539656,True,True
0,1.47338,1.67981,0,0,1771316576037,True,True
0,1.47347,193.19167,0,0,1771316577647,True,True
0,1.47305,0.89776655,0,0,1771316608222,False,True
0,1.47305,40.0,0,0,1771316609368,False,True
0,1.47305,8.31566741,0,0,1771316612353,False,True
0,1.47256,4.86367739,0,0,1771316612353,False,True
0,1.47249,259.05471,0,0,1771316617608,True,True
0,1.47249,65.90864,0,0,1771316618901,True,True
0,1.47247,69.13048,0,0,1771316620386,True,True
0,1.47236,42.93656,0,0,1771316643955,True,True
0,1.47206,160.73912204,0,0,1771316649030,True,True
0,1.47204,19.48563,0,0,1771316658551,False,True
0,1.47205,0.82234,0,0,1771316669639,True,True
0,1.47205,227.37412,0,0,1771316670167,True,True
0,1.47124,199.38799,0,0,1771316696442,True,True
0,1.47116,43.56118885,0,0,1771316708538,False,True
0,1.47116,127.89005954,0,0,1771316708538,False,True
0,1.47039,3.4738,0,0,1771316719445,True,True
0,1.4705,64.32394,0,0,1771316731966,True,True
0,1.47121,35.39314786,0,0,1771316758490,False,True
0,1.4712,396.84467214,0,0,1771316758490,False,True
0,1.4713,10.11415754,0,0,1771316758832,True,True
0,1.47111,25.0,0,0,1771316771746,True,True
0,1.4711,43.56118885,0,0,1771316780215,False,True
0,1.4712,98.41247,0,0,1771316799430,False,True
0,1.4711,53.5203678,0,0,1771316822562,False,True
0,1.4711,6542.3609375,0,0,1771316824112,False,True
0,1.4711,16.4949816,0,0,1771316831543,False,True
0,1.47111,22.06246,0,0,1771316843935,True,True
0,1.4711,870.0,0,0,1771316853134,False,True
0,1.47137,50.0,0,0,1771316931544,True,True
0,1.47131,261.5625,0,0,1771316956997,True,True
0,1.47131,243.5475,0,0,1771316956997,True,True
0,1.47131,102.293986,0,0,1771316970326,True,True
0,1.47131,261.5625,0,0,1771316970326,True,True
0,1.47133,3398.28859471,0,0,1771316970326,True,True
0,1.47133,635.65034498,0,0,1771316970326,True,True
0,1.47139,2118.4803135,0,0,1771316970326,True,True
0,1.47139,283.02502,0,0,1771316970326,True,True
0,1.47139,1094.65599355,0,0,1771316970326,True,True
0,1.47139,3300.17523216,0,0,1771316970326,True,True
0,1.47139,6000.88095852,0,0,1771316970326,True,True
0,1.47131,1483.398937,0,0,1771316982384,True,True
0,1.4713,950.0,0,0,1771316999457,False,True
0,1.4711,1130.57920124,0,0,1771317001333,False,True
0,1.4711,1343.48332301,0,0,1771317001402,False,True
0,1.47059,3.34975,0,0,1771317006034,True,True
0,1.47115,261.5625,0,0,1771317041820,False,True
0,1.4711,351.74518,0,0,1771317041820,False,True
0,1.47146,289.12490124,0,0,1771317097111,False,True
0,1.47096,27.34251011,0,0,1771317183421,False,True
0,1.4703,710.0,0,0,1771317203009,False,True
0,1.47,7040.04141399,0,0,1771317216376,False,True
0,1.47,145.32543264,0,0,1771317219470,False,True
0,1.47,578.8317871,0,0,1771317224067,False,True
0,1.47,578.8317871,0,0,1771317224068,False,True
0,1.47,578.8317871,0,0,1771317224069,False,True
0,1.47,578.8317871,0,0,1771317224071,False,True
0,1.47,578.8317871,0,0,1771317224109,False,True
0,1.47,578.8317871,0,0,1771317224111,False,True
0,1.47,578.8317871,0,0,1771317224113,False,True
0,1.47001,8.50334351,0,0,1771317227683,True,True
0,1.47,116.0935902,0,0,1771317232794,False,True
0,1.47,6619.7918834,0,0,1771317232865,False,True
0,1.47,254.0,0,0,1771317232865,False,True
0,1.4697,13.689869,0,0,1771317235052,False,True
0,1.46944,8.70734,0,0,1771317312036,True,True
0,1.46938,6.60297,0,0,1771317314896,True,True
0,1.46921,6.80637893,0,0,1771317329622,False,True
0,1.4692,193.19362107,0,0,1771317329622,False,True
0,1.46915,35.3931478,0,0,1771317366940,False,True
0,1.46858,369.4,0,0,1771317375025,False,True
0,1.46846,20.1294194,0,0,1771317375075,False,True
0,1.46821,5.94831708,0,0,1771317376191,False,True
0,1.46816,44.36250322,0,0,1771317376191,False,True
0,1.46816,1.3e-07,0,0,1771317376191,False,True
0,1.468,1.65,0,0,1771317376589,False,True
0,1.46779,50.6958897,0,0,1771317376602,False,True
0,1.46755,23.1678648,0,0,1771317376656,False,True
0,1.4675,25.4991482,0,0,1771317376656,False,True
0,1.46725,549.62963953,0,0,1771317376677,False,True
0,1.467,1.65,0,0,1771317377677,False,True
0,1.46686,80.15668424,0,0,1771317377677,False,True
0,1.46683,4114.80039839,0,0,1771317377677,False,True
0,1.46683,233.383927,0,0,1771317377677,False,True
0,1.46675,2000.0,0,0,1771317378125,False,True
0,1.46673,128.2763289,0,0,1771317378125,False,True
0,1.46686,261.5625,0,0,1771317378378,True,True
0,1.46697,4167.56761191,0,0,1771317378378,True,True
0,1.46698,5620.14649809,0,0,1771317378378,True,True
0,1.46684,13.60056,0,0,1771317378384,True,True
0,1.46684,9.75841,0,0,1771317378390,True,True
0,1.46623,81.02195696,0,0,1771317379680,False,True
0,1.46623,180.54054304,0,0,1771317379680,False,True
0,1.46617,3410.24439842,0,0,1771317379680,False,True
0,1.46608,6076.2,0,0,1771317379680,False,True
0,1.46606,629.44732325,0,0,1771317379680,False,True
0,1.46605,6821.04682954,0,0,1771317379680,False,True
0,1.466,1.65,0,0,1771317379680,False,True
0,1.46596,2000.0,0,0,1771317379680,False,True
0,1.46595,6819.65744223,0,0,1771317379680,False,True
0,1.46594,261.5625,0,0,1771317379680,False,True
0,1.4658,2345.36590172,0,0,1771317379680,False,True
0,1.46579,261.5625,0,0,1771317379680,False,True
0,1.46572,2291.30193768,0,0,1771317379680,False,True
0,1.4657,69.65,0,0,1771317379680,False,True
0,1.46564,261.5625,0,0,1771317379680,False,True
0,1.46559,12159.27369012,0,0,1771317379680,False,True
0,1.46559,210.80913017,0,0,1771317379680,False,True
0,1.46657,688.182962,0,0,1771317388359,True,True
0,1.4666,1491.817038,0,0,1771317388359,True,True
0,1.46616,24.58267,0,0,1771317394753,False,True
0,1.46625,67.6607,0,0,1771317401366,False,True
0,1.46625,0.54049352,0,0,1771317401404,False,True
0,1.46624,15.078,0,0,1771317401404,False,True
0,1.46623,672.20220648,0,0,1771317401404,False,True
0,1.46623,15.078,0,0,1771317401436,False,True
0,1.46626,389.0257,0,0,1771317401482,False,True
0,1.46626,667.5962,0,0,1771317401499,False,True
0,1.46626,68.2011,0,0,1771317401503,False,True
0,1.46626,1620.75002836,0,0,1771317401504,False,True
0,1.46623,669.59157164,0,0,1771317401504,False,True
0,1.46623,61.1055,0,0,1771317401510,False,True
0,1.46623,57.3468,0,0,1771317401522,False,True
0,1.46623,123.7214,0,0,1771317401555,False,True
0,1.46623,891.20105588,0,0,1771317401583,False,True
0,1.4661,300.0,0,0,1771317401604,False,True
0,1.4666,18.00621144,0,0,1771317401768,True,True
0,1.46538,256.0539918,0,0,1771317401998,False,True
0,1.465,103.18088737,0,0,1771317403180,False,True
0,1.465,1.65,0,0,1771317403180,False,True
0,1.465,338.5665529,0,0,1771317403180,False,True
0,1.46482,47.78736195,0,0,1771317403180,False,True
0,1.46466,2000.0,0,0,1771317403180,False,True
0,1.46461,1588.05705596,0,0,1771317403180,False,True
0,1.46493,70.78629566,0,0,1771317403660,True,True
0,1.465,610.10871434,0,0,1771317403660,True,True
0,1.465,34.04621,0,0,1771317403661,True,True
0,1.465,204.27087,0,0,1771317403661,True,True
0,1.46499,198.0,0,0,1771317403663,True,True
0,1.46448,4.77955987,0,0,1771317408180,False,True
0,1.46417,3.41525389,0,0,1771317408180,False,True
0,1.464,33.80662609,0,0,1771317408180,False,True
0,1.46398,57.99856015,0,0,1771317408180,False,True
0,1.46398,56.2466666,0,0,1771317408180,False,True
0,1.46398,10.44541061,0,0,1771317408180,False,True
0,1.46398,10.99549057,0,0,1771317408180,False,True
0,1.46398,1734.38242142,0,0,1771317408181,False,True
0,1.46431,15.078,0,0,1771317409005,True,True
0,1.46441,18.96821,0,0,1771317409005,True,True
0,1.46413,68.09242,0,0,1771317410116,True,True
0,1.4642,1500.0,0,0,1771317413859,True,True
0,1.46456,261.5625,0,0,1771317418310,False,True
0,1.46451,35.39314786,0,0,1771317418310,False,True
0,1.46446,6078.9,0,0,1771317418310,False,True
0,1.46441,6828.66229277,0,0,1771317418310,False,True
0,1.46436,600.0,0,0,1771317418310,False,True
0,1.46433,261.5625,0,0,1771317418310,False,True
0,1.46429,6444.60189865,0,0,1771317418310,False,True
0,1.46462,50.0,0,0,1771317435644,False,True
0,1.4644,29.83836,0,0,1771317444930,True,True
0,1.4646,111.18941729,0,0,1771317453078,True,True
0,1.46483,10.0887,0,0,1771317462290,True,True
0,1.46546,55.95119228,0,0,1771317494054,False,True
0,1.46572,6.72598,0,0,1771317495746,True,True
0,1.4662,6.62355,0,0,1771317520029,True,True
0,1.4662,13.43912,0,0,1771317520859,True,True
0,1.46583,2.02173533,0,0,1771317537701,False,True
0,1.46587,701.95253569,0,0,1771317538850,True,True
0,1.46619,3.35966,0,0,1771317569608,True,True
0,1.46603,261.5625,0,0,1771317575070,False,True
0,1.46602,15.579596,0,0,1771317575070,False,True
0,1.46602,276.912144,0,0,1771317575070,False,True
0,1.46604,16.943603,0,0,1771317581909,False,True
0,1.46583,14.299066,0,0,1771317583142,False,True
0,1.46538,55.0,0,0,1771317591246,True,True
0,1.46538,48.27934,0,0,1771317593680,True,True
0,1.46538,158.28316,0,0,1771317594711,True,True
0,1.46538,1786.71684,0,0,1771317594711,True,True
0,1.46537,12.56358844,0,0,1771317599538,False,True
0,1.46537,19.29888,0,0,1771317599538,False,True
0,1.46537,19.408068,0,0,1771317599538,False,True
0,1.46537,18.72946356,0,0,1771317599538,False,True
0,1.46537,0.35104144,0,0,1771317600246,False,True
0,1.46537,19.053208,0,0,1771317600246,False,True
0,1.46539,510.42483,0,0,1771317611013,True,True
0,1.46538,13.25072,0,0,1771317639215,True,True
0,1.46548,13.25081,0,0,1771317645274,True,True
0,1.46537,13.64843008,0,0,1771317654887,False,True
0,1.46515,10.0,0,0,1771317706627,False,True
0,1.46516,201.45922629,0,0,1771317711073,True,True
0,1.46516,14.89718,0,0,1771317716739,True,True
0,1.46516,293.0,0,0,1771317721714,True,True
0,1.46516,3.0,0,0,1771317730656,True,True
0,1.46515,0.99487814,0,0,1771317739740,False,True
0,1.46515,9.00512186,0,0,1771317739740,False,True
0,1.46515,5.57359014,0,0,1771317740776,False,True
0,1.46403,11.06782,0,0,1771317751434,True,True
0,1.464,2000.0,0,0,1771317761256,False,True
0,1.4632,29.05798418,0,0,1771317764550,False,True
0,1.4631,44.06037349,0,0,1771317764550,False,True
0,1.46313,67.00283,0,0,1771317766385,True,True
0,1.46321,19.546067,0,0,1771317775811,True,True
0,1.46321,10.453933,0,0,1771317775811,True,True
0,1.46321,9.447517,0,0,1771317777618,True,True
0,1.46408,380.85814823,0,0,1771317786948,False,True
0,1.46409,13.45849,0,0,1771317807218,True,True
0,1.46409,5.420131,0,0,1771317809545,True,True
0,1.4641,17.539786,0,0,1771317809545,True,True
0,1.46455,44.563743,0,0,1771317809545,True,True
0,1.46515,36.89714086,0,0,1771317828993,True,True
0,1.46505,68.6746428,0,0,1771317830959,False,True
0,1.46505,71.7066972,0,0,1771317830959,False,True
0,1.46516,13.868792,0,0,1771317849066,True,True
0,1.46516,14.578613,0,0,1771317849066,True,True
0,1.46516,15.397636,0,0,1771317849066,True,True
0,1.46516,16.298561,0,0,1771317849066,True,True
0,1.46573,59.94574282,0,0,1771317849528,False,True
0,1.4657,13.32860675,0,0,1771317871942,False,True
0,1.46571,15.637473,0,0,1771317889820,True,True
0,1.46597,21.23954059,0,0,1771317889820,True,True
0,1.46631,6.81907142,0,0,1771317916278,True,True
0,1.46631,623.19692926,0,0,1771317916278,True,True
0,1.46631,646.82913351,0,0,1771317916278,True,True
0,1.4663,10.0,0,0,1771317941020,False,True
0,1.46631,6.81973599,0,0,1771317941809,True,True
0,1.46631,11.54059954,0,0,1771317941809,True,True
0,1.46639,6.81997392,0,0,1771317949947,True,True
0,1.46652,10.93431493,0,0,1771317949947,True,True
0,1.46638,1.65,0,0,1771317951864,False,True
0,1.46638,1.65,0,0,1771317952792,False,True
0,1.4665,470.0,0,0,1771317975178,True,True
0,1.4665,7.71221299,0,0,1771317975590,True,True
0,1.4675,14.9927,0,0,1771317979575,True,True
0,1.4668,628.73313313,0,0,1771317988433,False,True
0,1.46651,261.5625,0,0,1771317995464,False,True
0,1.4665,36.37589566,0,0,1771317995464,False,True
0,1.4665,261.5625,0,0,1771317995464,False,True
0,1.46649,261.5625,0,0,1771317995464,False,True
0,1.46646,20.348322,0,0,1771317995464,False,True
0,1.46644,71.62708234,0,0,1771317995464,False,True
0,1.46647,261.5625,0,0,1771317995578,False,True
0,1.46644,234.4375,0,0,1771317995578,False,True
0,1.46672,3.30947,0,0,1771317997052,True,True
0,1.46681,618.887,0,0,1771318022571,True,True
0,1.46688,70.78629573,0,0,1771318022571,True,True
0,1.46689,12.27923996,0,0,1771318022571,True,True
0,1.4668,1678.78764945,0,0,1771318042677,False,True
0,1.46704,668.33645,0,0,1771318046981,True,True
0,1.46694,388.32831599,0,0,1771318047056,False,True
0,1.46683,250.69694401,0,0,1771318047056,False,True
0,1.46638,15.95831,0,0,1771318057840,False,True
0,1.46638,19.640202,0,0,1771318057840,False,True
0,1.46638,20.022095,0,0,1771318057840,False,True
0,1.46632,1620.48098221,0,0,1771318057840,False,True
0,1.46635,3.39286,0,0,1771318062030,True,True
0,1.46637,13.37794,0,0,1771318066479,True,True
0,1.4663,3.30947,0,0,1771318067233,False,True
0,1.46631,634.9664307,0,0,1771318073827,True,True
0,1.46631,261.5625,0,0,1771318073827,True,True
0,1.46632,1170.85423476,0,0,1771318073827,True,True
0,1.4669,17.71482,0,0,1771318084826,True,True
0,1.46719,2745.57302836,0,0,1771318086759,True,True
0,1.4672,261.5625,0,0,1771318086759,True,True
0,1.46722,261.5625,0,0,1771318086759,True,True
0,1.46723,261.5625,0,0,1771318086759,True,True
0,1.46724,2581.00525058,0,0,1771318086759,True,True
0,1.4674,48.75682062,0,0,1771318103335,False,True
0,1.46757,66.82973,0,0,1771318103642,True,True
0,1.46757,3.15683,0,0,1771318104161,True,True
0,1.46721,261.5625,0,0,1771318124029,False,True
0,1.46719,70.78629573,0,0,1771318124029,False,True
0,1.46713,3407.99233126,0,0,1771318124029,False,True
0,1.4671,2392.49612795,0,0,1771318124029,False,True
0,1.46742,8.0,0,0,1771318163143,False,True
0,1.46722,42.0,0,0,1771318163143,False,True
0,1.46633,34.02517863,0,0,1771318203176,False,True
0,1.46632,25.39794,0,0,1771318234829,True,True
0,1.46655,597.83824,0,0,1771318246940,True,True
0,1.46638,261.5625,0,0,1771318250485,False,True
0,1.46634,740.4375,0,0,1771318250485,False,True
0,1.4663,2.730904,0,0,1771318285066,False,True
0,1.4663,17.349792,0,0,1771318285066,False,True
0,1.4663,18.495533,0,0,1771318285066,False,True
0,1.46575,11.423771,0,0,1771318285066,False,True
0,1.46571,1500.0,0,0,1771318325785,True,True
0,1.46607,10.0,0,0,1771318391298,True,True
0,1.46603,12.7057,0,0,1771318395066,True,True
0,1.46603,10.97544,0,0,1771318405465,True,True
0,1.46602,5.44207677,0,0,1771318413106,False,True
0,1.46602,12.75630323,0,0,1771318413106,False,True
0,1.46602,2.0,0,0,1771318415880,False,True
0,1.46603,18.771785,0,0,1771318416193,True,True
0,1.46603,11.228215,0,0,1771318416193,True,True
0,1.46603,8.471245,0,0,1771318434236,True,True
0,1.46603,19.644891,0,0,1771318434236,True,True
0,1.46603,19.726745,0,0,1771318434236,True,True
0,1.46607,4.160306,0,0,1771318434236,True,True
0,1.46607,16.070174,0,0,1771318434236,True,True
0,1.46607,11.926639,0,0,1771318434236,True,True
0,1.46607,5.862416,0,0,1771318440496,True,True
0,1.46645,4.41904,0,0,1771318454094,True,True
0,1.46637,1363.91224588,0,0,1771318454693,False,True
0,1.46639,1934.44377778,0,0,1771318456208,True,True
0,1.466,56.20737,0,0,1771318472228,False,True
0,1.466,0.69577,0,0,1771318473192,False,True
0,1.46659,3840.0,0,0,1771318497750,True,True
0,1.46658,11.0,0,0,1771318510730,False,True
0,1.46658,161.5822166,0,0,1771318544063,False,True
0,1.46659,5.28978105,0,0,1771318553045,True,True
0,1.46659,0.16254343,0,0,1771318555038,True,True
0,1.46677,3.19634657,0,0,1771318555038,True,True
0,1.46659,6.71763,0,0,1771318558532,True,True
0,1.46679,0.69919,0,0,1771318576150,True,True
0,1.46659,1.0,0,0,1771318586291,False,True
0,1.46659,13.673494,0,0,1771318599014,False,True
0,1.46659,15.62809,0,0,1771318599014,False,True
0,1.46658,10.698416,0,0,1771318599014,False,True
0,1.46658,3.075125,0,0,1771318605676,False,True
0,1.4665,6.75144,0,0,1771318632039,True,True
0,1.4665,1470.0,0,0,1771318634787,True,True
0,1.46717,70.78629573,0,0,1771318640414,True,True
0,1.46718,1591.16554427,0,0,1771318640414,True,True
0,1.46694,19.714508,0,0,1771318652226,False,True
0,1.46652,33.10173,0,0,1771318655653,True,True
0,1.46666,2.32398522,0,0,1771318700908,True,True
0,1.46711,2.70481422,0,0,1771318711169,True,True
0,1.46713,10.0,0,0,1771318720388,False,True
0,1.46714,24.10793,0,0,1771318721858,False,True
0,1.46722,11.28521786,0,0,1771318748375,False,True
0,1.46719,37.90173771,0,0,1771318748375,False,True
0,1.46716,261.5625,0,0,1771318762755,True,True
0,1.46716,394.18157906,0,0,1771318762755,True,True
0,1.46684,261.5625,0,0,1771318791029,False,True
0,1.46683,657.60193274,0,0,1771318791029,False,True
0,1.46681,35.39314787,0,0,1771318791029,False,True
0,1.46675,8618.2,0,0,1771318791029,False,True
0,1.46674,600.0,0,0,1771318791029,False,True
0,1.46673,600.0,0,0,1771318791029,False,True
0,1.46673,39.74327327,0,0,1771318791029,False,True
0,1.46665,19.172945,0,0,1771318798258,False,True
0,1.46649,19.829661,0,0,1771318802907,False,True
0,1.46641,0.273857,0,0,1771318802907,False,True
0,1.46641,19.829661,0,0,1771318802907,False,True
0,1.4657,13.836392,0,0,1771318818097,False,True
0,1.465,300.0,0,0,1771318818250,False,True
0,1.4647,1500.0,0,0,1771318819405,True,True
0,1.46571,14.136494,0,0,1771318826489,True,True
0,1.46571,15.863506,0,0,1771318826489,True,True
0,1.46571,0.374358,0,0,1771318829799,True,True
0,1.46635,16.71801,0,0,1771318831588,True,True
0,1.4662,2000.0,0,0,1771318837340,False,True
0,1.466,2000.0,0,0,1771318837373,False,True
0,1.4632,77.6013846,0,0,1771318886949,False,True
0,1.4631,2955.93962651,0,0,1771318889269,False,True
0,1.46286,59.93772,0,0,1771318914645,False,True
0,1.4631,8.19859,0,0,1771318920592,True,True
0,1.4631,8.19859,0,0,1771318921486,True,True
0,1.4631,3.779158,0,0,1771318933181,True,True
0,1.46315,20.230325,0,0,1771318933181,True,True
0,1.4632,20.120284,0,0,1771318933181,True,True
0,1.46333,13.78110268,0,0,1771318933181,True,True
0,1.4631,261.5625,0,0,1771318933317,False,True
0,1.4631,62.2975,0,0,1771318944650,True,True
0,1.46292,21.61204518,0,0,1771318962964,True,True
0,1.46295,2.19074205,0,0,1771318962964,True,True
0,1.46288,35.39314786,0,0,1771318969989,False,True
0,1.46288,169.68317472,0,0,1771318969989,False,True
0,1.46303,19.11288,0,0,1771318973322,True,True
0,1.46309,297.40988008,0,0,1771318976879,False,True
0,1.46309,500.03214493,0,0,1771318996393,False,True
0,1.46301,261.5625,0,0,1771319022004,False,True
0,1.46301,3417.59989106,0,0,1771319022004,False,True
0,1.46292,369.55720136,0,0,1771319022004,False,True
0,1.4635,205.03567621,0,0,1771319037579,False,True
0,1.46367,11.79165,0,0,1771319038598,True,True
0,1.46407,645.31896268,0,0,1771319056324,False,True
0,1.46407,8.1300121,0,0,1771319056324,False,True
0,1.46411,79.46954,0,0,1771319067601,True,True
0,1.46436,12.47007,0,0,1771319080614,True,True
0,1.46447,68.18584734,0,0,1771319089202,True,True
0,1.46466,23.97826117,0,0,1771319094667,True,True
0,1.46462,1.05802,0,0,1771319097943,True,True
0,1.46383,6.83118337,0,0,1771319112296,True,True
0,1.46384,127.11406663,0,0,1771319112296,True,True
0,1.46427,6.8315759,0,0,1771319115026,True,True
0,1.46428,2.29828984,0,0,1771319115026,True,True
0,1.46411,14.834951,0,0,1771319115346,False,True
0,1.46411,0.258939,0,0,1771319115346,False,True
0,1.46411,10.0,0,0,1771319125768,False,True
0,1.46411,2.69996099,0,0,1771319132219,False,True
0,1.46411,2.65407701,0,0,1771319140453,False,True
0,1.46411,16.091687,0,0,1771319140453,False,True
0,1.46411,16.610774,0,0,1771319140453,False,True
0,1.46364,34.64346199,0,0,1771319140453,False,True
0,1.4636,13.828915,0,0,1771319150907,False,True
0,1.46358,3416.27059109,0,0,1771319150907,False,True
0,1.46355,2156.19230881,0,0,1771319150907,False,True
0,1.46386,1001.59908,0,0,1771319167559,False,True
0,1.4636,10.0,0,0,1771319181903,False,True
0,1.46361,2.62768087,0,0,1771319182411,True,True
0,1.4636,8.037715,0,0,1771319192539,False,True
0,1.46288,150.0,0,0,1771319236585,False,True
0,1.46251,2.72015,0,0,1771319239172,True,True
0,1.4625,15.66227919,0,0,1771319239173,False,True
0,1.4625,9.33772081,0,0,1771319250282,False,True
0,1.46231,19.95657034,0,0,1771319254250,False,True
0,1.46231,61.3818651,0,0,1771319255119,False,True
0,1.46231,47.32562348,0,0,1771319255495,False,True
0,1.46157,9.0,0,0,1771319278175,True,True
0,1.46132,34.13031,0,0,1771319294760,True,True
0,1.46132,227.43219,0,0,1771319294760,True,True
0,1.46135,75.21145,0,0,1771319294760,True,True
0,1.46143,34.26669868,0,0,1771319299820,True,True
0,1.46147,100.24196132,0,0,1771319299820,True,True
0,1.46127,6000.0,0,0,1771319302754,True,True
0,1.46157,868.7979168,0,0,1771319309998,True,True
0,1.46206,467.23703,0,0,1771319346464,True,True
0,1.46149,8.55291518,0,0,1771319374650,True,True
0,1.46111,6.72573,0,0,1771319394673,True,True
0,1.46102,5.13730621,0,0,1771319395864,False,True
0,1.46102,346.64761169,0,0,1771319398409,False,True
0,1.46102,80.47708713,0,0,1771319398409,False,True
0,1.461,54.75701574,0,0,1771319398409,False,True
0,1.461,40.0,0,0,1771319398409,False,True
0,1.46091,5.976222,0,0,1771319398409,False,True
0,1.46055,2000.0,0,0,1771319398409,False,True
0,1.4604,261.5625,0,0,1771319398409,False,True
0,1.46037,390.83886433,0,0,1771319398409,False,True
0,1.46029,256.94649594,0,0,1771319398409,False,True
0,1.46025,261.5625,0,0,1771319398409,False,True
0,1.46025,1716.3697215,0,0,1771319398409,False,True
0,1.46025,223.0,0,0,1771319398409,False,True
0,1.4605,50.49558222,0,0,1771319398414,True,True
0,1.46047,1627.9,0,0,1771319398972,False,True
0,1.46047,372.1,0,0,1771319398974,False,True
0,1.46027,340.9,0,0,1771319398979,False,True
0,1.46026,35.39314786,0,0,1771319398979,False,True
0,1.4601,18.86172179,0,0,1771319398979,False,True
0,1.46008,22.79994858,0,0,1771319398979,False,True
0,1.46,200.0,0,0,1771319398979,False,True
0,1.46,1197.73862442,0,0,1771319398979,False,True
0,1.46,171.23287672,0,0,1771319398979,False,True
0,1.46,27.87456445,0,0,1771319398979,False,True
0,1.46,34.24657534,0,0,1771319398979,False,True
0,1.46,1657.25254084,0,0,1771319398979,False,True
0,1.46,44.37074683,0,0,1771319404410,False,True
0,1.46,65.06849316,0,0,1771319404410,False,True
0,1.46,42.97166001,0,0,1771319404410,False,True
0,1.46,189.23381944,0,0,1771319404410,False,True
0,1.46,342.89726027,0,0,1771319404410,False,True
0,1.46,25.0,0,0,1771319404410,False,True
0,1.46,7.0,0,0,1771319404410,False,True
0,1.46,273.97260273,0,0,1771319404410,False,True
0,1.45985,261.5625,0,0,1771319404410,False,True
0,1.45975,258.20881756,0,0,1771319404410,False,True
0,1.45975,1450.0,0,0,1771319404410,False,True
0,1.45975,1519.2779,0,0,1771319404410,False,True
0,1.45975,197.74319317,0,0,1771319404410,False,True
0,1.4597,138.61779315,0,0,1771319404410,False,True
0,1.4597,1861.38220685,0,0,1771319404411,False,True
0,1.45967,6107.4,0,0,1771319404411,False,True
0,1.45967,6850.84595206,0,0,1771319404411,False,True
0,1.45965,261.5625,0,0,1771319404411,False,True
0,1.4595,261.5625,0,0,1771319404411,False,True
0,1.45944,25.0,0,0,1771319404411,False,True
0,1.45944,801.29215366,0,0,1771319404411,False,True
0,1.45937,2745.57302836,0,0,1771319404411,False,True
0,1.45935,261.5625,0,0,1771319404411,False,True
0,1.45933,29769.8,0,0,1771319404411,False,True
0,1.4592,261.5625,0,0,1771319404411,False,True
0,1.45918,2356.03295562,0,0,1771319404411,False,True
0,1.45906,16780.73629585,0,0,1771319404411,False,True
0,1.45905,261.5625,0,0,1771319404411,False,True
0,1.45903,157.71245977,0,0,1771319404411,False,True
0,1.459,27.41603838,0,0,1771319404411,False,True
0,1.459,33.57958361,0,0,1771319404411,False,True
0,1.459,3307.14689985,0,0,1771319404411,False,True
0,1.459,6.60266127,0,0,1771319404412,False,True
0,1.46,500.0,0,0,1771319408442,False,True
0,1.45895,20.20838,0,0,1771319411263,True,True
0,1.45894,13.70858294,0,0,1771319411411,False,True
0,1.45866,1263.13655125,0,0,1771319411411,False,True
0,1.45845,25.04029876,0,0,1771319412235,True,True
0,1.45826,3428.7438454,0,0,1771319412235,False,True
0,1.45825,50.0,0,0,1771319412235,False,True
0,1.45816,2000.0,0,0,1771319412235,False,True
0,1.458,261.5625,0,0,1771319412235,False,True
0,1.4579,129.05325468,0,0,1771319412235,False,True
0,1.45785,261.5625,0,0,1771319412235,False,True
0,1.4577,261.5625,0,0,1771319412235,False,True
0,1.45762,1608.02441653,0,0,1771319412235,False,True
0,1.4579,1500.0,0,0,1771319413738,True,True
0,1.4581,2000.0,0,0,1771319413912,False,True
0,1.4581,261.5625,0,0,1771319413912,False,True
0,1.45791,68.59133965,0,0,1771319413912,False,True
0,1.45791,261.5625,0,0,1771319413912,False,True
0,1.45791,600.0,0,0,1771319413912,False,True
0,1.4579,600.0,0,0,1771319413912,False,True
0,1.4579,261.5625,0,0,1771319413912,False,True
0,1.45789,600.0,0,0,1771319413912,False,True
0,1.4578,1570.55557474,0,0,1771319413912,False,True
0,1.4588,62.34164215,0,0,1771319416483,False,True
0,1.45888,34.1874,0,0,1771319431100,True,True
0,1.45895,6854.2444909,0,0,1771319444057,False,True
0,1.4588,2000.0,0,0,1771319444057,False,True
0,1.4588,261.5625,0,0,1771319444057,False,True
0,1.45874,6109.6,0,0,1771319444057,False,True
0,1.45857,266.9489449,0,0,1771319444057,False,True
0,1.45902,48.75682062,0,0,1771319463649,True,True
0,1.45917,7.19437166,0,0,1771319463856,True,True
0,1.45917,41.99258391,0,0,1771319463856,True,True
0,1.45911,332.11491,0,0,1771319463937,True,True
0,1.45878,56.99021,0,0,1771319474667,False,True
0,1.45887,600.0,0,0,1771319482101,True,True
0,1.45888,70.78629573,0,0,1771319482101,True,True
0,1.45888,11.07217772,0,0,1771319482101,True,True
0,1.45866,155.06829785,0,0,1771319483093,False,True
0,1.45887,2.24886,0,0,1771319486050,True,True
0,1.45867,155.06829785,0,0,1771319493877,False,True
0,1.45869,21.33845,0,0,1771319495901,False,True
0,1.45837,6.78666,0,0,1771319499817,True,True
0,1.45806,155.06829785,0,0,1771319500883,False,True
0,1.4576,79.39,0,0,1771319512423,False,True
0,1.4575,25.0,0,0,1771319512423,False,True
0,1.45749,1124.37710302,0,0,1771319512423,False,True
0,1.45782,155.06829785,0,0,1771319513498,False,True
0,1.45782,10.08758,0,0,1771319519112,True,True
0,1.45761,68.4583,0,0,1771319520888,True,True
0,1.45799,12.41032,0,0,1771319526003,False,True
0,1.45799,171.46894012,0,0,1771319543159,False,True
0,1.458,50.0,0,0,1771319548797,True,True
0,1.45831,35.39314786,0,0,1771319551336,False,True
0,1.4583,2000.0,0,0,1771319551336,False,True
0,1.45825,804.16349866,0,0,1771319551336,False,True
0,1.45825,1397.23650949,0,0,1771319551336,False,True
0,1.4575,155.06829785,0,0,1771319563001,False,True
0,1.45784,112.62407306,0,0,1771319574980,False,True
0,1.45924,17.53938,0,0,1771319589033,True,True
0,1.45907,1500.0,0,0,1771319623900,True,True
0,1.45949,385.28521121,0,0,1771319650195,True,True
0,1.45964,3425.50217861,0,0,1771319653017,False,True
0,1.45964,261.5625,0,0,1771319653017,False,True
0,1.45962,804.03082972,0,0,1771319653017,False,True
0,1.45951,6851.58027601,0,0,1771319653017,False,True
0,1.45948,450.0,0,0,1771319653017,False,True
0,1.45944,261.5625,0,0,1771319653017,False,True
0,1.45943,2000.0,0,0,1771319653017,False,True
0,1.45929,261.5625,0,0,1771319653017,False,True
0,1.45928,2490.246534,0,0,1771319653017,False,True
0,1.45921,2745.57302836,0,0,1771319653017,False,True
0,1.4592,804.03082972,0,0,1771319653017,False,True
0,1.45919,25.0,0,0,1771319653017,False,True
0,1.45918,349.0,0,0,1771319653017,False,True
0,1.45912,206.14827591,0,0,1771319653017,False,True
0,1.45907,35.39314787,0,0,1771319653017,False,True
0,1.45906,261.5625,0,0,1771319653017,False,True
0,1.45906,4466.9282625,0,0,1771319653017,False,True
0,1.45904,6853.80795427,0,0,1771319653017,False,True
0,1.45895,3968.51477264,0,0,1771319653017,False,True
0,1.45893,10291.24088928,0,0,1771319653017,False,True
0,1.45961,6.85006576,0,0,1771319653726,True,True
0,1.45912,1643.90865728,0,0,1771319671185,False,True
0,1.45886,1.47798,0,0,1771319697210,True,True
0,1.45885,9.13451602,0,0,1771319697600,False,True
0,1.45863,145.93378183,0,0,1771319697600,False,True
0,1.45929,6.85740048,0,0,1771319708068,True,True
0,1.4593,26.67328952,0,0,1771319708068,True,True
0,1.45929,6.85264752,0,0,1771319715312,False,True
0,1.45921,6.85302321,0,0,1771319718750,False,True
0,1.45919,1189.87415849,0,0,1771319718750,False,True
0,1.45936,6.85272226,0,0,1771319732114,True,True
0,1.45937,1020.98810531,0,0,1771319732114,True,True
0,1.4596,53.8898,0,0,1771319755834,True,True
0,1.45855,13.3062,0,0,1771319773018,True,True
0,1.45839,261.5625,0,0,1771319773316,True,True
0,1.45842,261.43171874,0,0,1771319773338,True,True
0,1.45881,2690.0,0,0,1771319791475,True,True
0,1.45881,6.88764724,0,0,1771319793782,True,True
0,1.4592,70.78629573,0,0,1771319793782,True,True
0,1.45926,679.4140275,0,0,1771319793782,True,True
0,1.45926,132.60931042,0,0,1771319793782,True,True
0,1.45931,10.0,0,0,1771319814714,True,True
0,1.4593,69.69094771,0,0,1771319824639,False,True
0,1.45868,10.63693202,0,0,1771319832490,True,True
0,1.45891,70.78629573,0,0,1771319838004,False,True
0,1.4589,2000.0,0,0,1771319838004,False,True
0,1.45889,2929.21370427,0,0,1771319838004,False,True
0,1.45848,50.00081293,0,0,1771319854321,True,True
0,1.45785,611.73659878,0,0,1771319861581,True,True
0,1.45701,35.39314786,0,0,1771319868661,True,True
0,1.45701,50.95988214,0,0,1771319868661,True,True
0,1.457,298.55868222,0,0,1771319869400,False,True
0,1.4563,182.50865395,0,0,1771319869400,False,True
0,1.4563,1817.49134605,0,0,1771319869400,False,True
0,1.4562,804.06293563,0,0,1771319869400,False,True
0,1.45613,5100.19309396,0,0,1771319869400,False,True
0,1.45613,1021.30690604,0,0,1771319869400,False,True
0,1.45613,306.12527722,0,0,1771319869400,False,True
0,1.45701,13.29321,0,0,1771319884796,True,True
0,1.45624,3433.4939457,0,0,1771319905390,False,True
0,1.45621,4794.2054373,0,0,1771319905390,False,True
0,1.4562,2000.0,0,0,1771319905390,False,True
0,1.45615,460.48049264,0,0,1771319905390,False,True
0,1.45632,35.39314786,0,0,1771319929188,False,True
0,1.45632,16.93887214,0,0,1771319929188,False,True
0,1.4564,349.94509265,0,0,1771319942140,False,True
0,1.45601,89.05190718,0,0,1771319949129,True,True
0,1.456,0.97139604,0,0,1771319951279,False,True
0,1.45639,424.56352,0,0,1771319969480,False,True
0,1.45685,6.80960421,0,0,1771319981879,True,True
0,1.45647,876.57427577,0,0,1771319987086,False,True
0,1.45714,70.78629573,0,0,1771319997547,True,True
0,1.45715,207.32732427,0,0,1771319997547,True,True
0,1.45722,5.0,0,0,1771319998508,True,True
0,1.45945,2.04534,0,0,1771320018036,True,True
0,1.45917,66.38038,0,0,1771320023047,True,True
0,1.45815,9.13764607,0,0,1771320031940,False,True
0,1.45786,179.7713007,0,0,1771320031941,False,True
0,1.45801,66.58212,0,0,1771320043844,True,True
0,1.45786,7.0,0,0,1771320046920,False,True
0,1.45803,77.6294367,0,0,1771320062026,False,True
0,1.45926,60.1955544,0,0,1771320088713,False,True
0,1.4598,6.81739,0,0,1771320105868,True,True
0,1.46002,3.35713,0,0,1771320113036,True,True
0,1.46019,13.39683,0,0,1771320121043,True,True
0,1.45988,10.551816,0,0,1771320132394,True,True
0,1.4598,995.05106,0,0,1771320142912,True,True
0,1.45995,1.04857,0,0,1771320155488,False,True
0,1.46043,2975.94918689,0,0,1771320172499,False,True
0,1.46043,52.03174818,0,0,1771320172499,False,True
0,1.46043,201.45922629,0,0,1771320172499,False,True
0,1.45901,9.13113797,0,0,1771320191471,False,True
0,1.45871,0.86886203,0,0,1771320191471,False,True
0,1.45876,31.25674526,0,0,1771320192547,False,True
0,1.45884,15.52208,0,0,1771320193071,True,True
0,1.45865,8.216759,0,0,1771320195500,True,True
0,1.45837,285.60911,0,0,1771320203254,True,True
0,1.45823,4.0,0,0,1771320207290,True,True
0,1.45835,9.0,0,0,1771320208637,True,True
0,1.45845,6.76423671,0,0,1771320210614,True,True
0,1.45845,42.42271886,0,0,1771320210614,True,True
0,1.45845,6.7642367,0,0,1771320210771,True,True
0,1.45793,30.37655228,0,0,1771320218652,True,True
0,1.45774,2744.0,0,0,1771320222708,False,True
0,1.45756,70.78629573,0,0,1771320222873,False,True
0,1.45755,2000.0,0,0,1771320222873,False,True
0,1.4574,2745.57302836,0,0,1771320222873,False,True
0,1.45736,671.64067591,0,0,1771320222873,False,True
0,1.45825,178.94260254,0,0,1771320225057,False,True
0,1.45846,7.0,0,0,1771320262860,False,True
0,1.45847,13.44412,0,0,1771320265495,True,True
0,1.45842,40.81390134,0,0,1771320275377,True,True
0,1.45986,6.84997191,0,0,1771320315795,False,True
0,1.45985,993.15002809,0,0,1771320315795,False,True
0,1.45992,29.97239439,0,0,1771320325073,True,True
0,1.45993,6.84950676,0,0,1771320325073,True,True
0,1.45994,134.41847033,0,0,1771320325073,True,True
0,1.45982,60.0827499,0,0,1771320366384,False,True
0,1.45948,13.29321,0,0,1771320390805,False,True
0,1.45939,136.7018,0,0,1771320425519,True,True
0,1.45896,4944.5990132,0,0,1771320452296,False,True
0,1.45808,111.46016662,0,0,1771320460243,True,True
0,1.45806,2000.0,0,0,1771320470533,False,True
0,1.45797,261.43171874,0,0,1771320470535,True,True
0,1.45774,261.5625,0,0,1771320470798,True,True
0,1.45774,600.0,0,0,1771320470798,True,True
0,1.45774,41.69505172,0,0,1771320470798,True,True
0,1.45774,14.77629755,0,0,1771320478271,True,True
0,1.45773,99.0306846,0,0,1771320480370,False,True
0,1.4575,209.79167356,0,0,1771320491075,True,True
0,1.4575,1064.96638547,0,0,1771320491076,True,True
0,1.4575,225.24194097,0,0,1771320491076,True,True
0,1.45696,902.62851691,0,0,1771320523926,False,True
0,1.45714,1995.30452,0,0,1771320544001,True,True
0,1.45713,16.98714,0,0,1771320547036,True,True
0,1.45701,71.72769,0,0,1771320553875,False,True
0,1.45734,70.88574,0,0,1771320587553,True,True
0,1.45724,23.77783,0,0,1771320600061,True,True
0,1.45724,32.0,0,0,1771320600923,True,True
0,1.45722,11.05529707,0,0,1771320601608,False,True
0,1.45683,0.86269,0,0,1771320602998,True,True
0,1.45695,476.514585,0,0,1771320620690,True,True
0,1.45697,321.199145,0,0,1771320620690,True,True
0,1.45655,67.28661,0,0,1771320628816,True,True
0,1.4565,261.5625,0,0,1771320636799,False,True
0,1.45645,261.5625,0,0,1771320636799,False,True
0,1.45637,4476.875,0,0,1771320636799,False,True
0,1.45628,59.12946304,0,0,1771320672177,False,True
0,1.45642,41.85,0,0,1771320672548,True,True
0,1.45619,70.78629573,0,0,1771320686849,False,True
0,1.45616,84.28200212,0,0,1771320686849,False,True
0,1.45663,3.43258068,0,0,1771320694563,True,True
0,1.45651,56.47134927,0,0,1771320698474,False,True
0,1.45646,2943.52865073,0,0,1771320698474,False,True
0,1.45755,35.22044778,0,0,1771320732547,False,True
0,1.45728,3.45099,0,0,1771320749506,True,True
0,1.45726,396.27415057,0,0,1771320752308,False,True
0,1.45686,10.10577,0,0,1771320772650,True,True
0,1.45728,44.71322,0,0,1771320804932,True,True
0,1.45777,5.48783416,0,0,1771320818479,True,True
0,1.45775,1.3517,0,0,1771320834034,True,True
0,1.4578,10.0,0,0,1771320837494,False,True
0,1.45709,413.79310344,0,0,1771320847349,False,True
0,1.45759,41.2474974,0,0,1771320870581,False,True
0,1.45782,0.70895,0,0,1771320900407,True,True
0,1.45711,6.86289984,0,0,1771320922378,False,True
0,1.45711,373.56146777,0,0,1771320922378,False,True
0,1.45734,4.03636,0,0,1771320924030,True,True
0,1.45729,181.59197252,0,0,1771320957516,False,True
0,1.45702,9.0,0,0,1771320961491,True,True
0,1.45691,12.9112,0,0,1771320962732,True,True
0,1.45682,67.9412444,0,0,1771320979680,True,True
0,1.45695,294.36967,0,0,1771321001113,False,True
0,1.45724,57.06319089,0,0,1771321005096,True,True
0,1.45725,6075.77406405,0,0,1771321005096,True,True
0,1.45725,55.72593595,0,0,1771321005096,True,True
0,1.45736,1308.18630993,0,0,1771321005096,True,True
0,1.457,26.31057,0,0,1771321009917,True,True
0,1.45692,261.5625,0,0,1771321011097,True,True
0,1.45697,3431.77965229,0,0,1771321011097,True,True
0,1.45699,184.369863,0,0,1771321011097,True,True
0,1.457,609.84728471,0,0,1771321011097,True,True
0,1.4572,9.09984902,0,0,1771321072075,True,True
0,1.45693,70.78629573,0,0,1771321074654,False,True
0,1.4568,2000.0,0,0,1771321074654,False,True
0,1.4567,430.55130954,0,0,1771321074654,False,True
0,1.45669,5047.8522294,0,0,1771321074654,False,True
0,1.45666,186.00000043,0,0,1771321087200,False,True
0,1.45666,6.50267,0,0,1771321088274,False,True
0,1.45666,3.21456731,0,0,1771321088274,False,True
0,1.45666,1063.01064608,0,0,1771321088274,False,True
0,1.45666,83.86316285,0,0,1771321088274,False,True
0,1.45666,150.0,0,0,1771321088274,False,True
0,1.45666,6.25675676,0,0,1771321088274,False,True
0,1.45666,136.78424311,0,0,1771321088274,False,True
0,1.45666,1.41763,0,0,1771321103720,False,True
0,1.45658,216.57056562,0,0,1771321106735,True,True
0,1.45683,8.0,0,0,1771321124331,True,True
0,1.45677,6.69797459,0,0,1771321129586,True,True
0,1.45669,13.32995,0,0,1771321132787,True,True
0,1.45611,15.87647,0,0,1771321153043,True,True
0,1.4561,2000.0,0,0,1771321154012,False,True
0,1.456,939.49563692,0,0,1771321157674,False,True
0,1.456,20.6043956,0,0,1771321157674,False,True
0,1.456,17.5,0,0,1771321157674,False,True
0,1.45565,52.5,0,0,1771321157784,True,True
0,1.45545,155.06829785,0,0,1771321158495,False,True
0,1.45525,230.0,0,0,1771321162112,False,True
0,1.45523,12.58867,0,0,1771321162506,True,True
0,1.45523,20.26074,0,0,1771321162507,True,True
0,1.45523,0.68211,0,0,1771321162511,True,True
0,1.45523,228.03098,0,0,1771321162516,True,True
0,1.45523,666.66666666,0,0,1771321162516,True,True
0,1.45525,85.89589417,0,0,1771321162516,True,True
0,1.45525,57.45634573,0,0,1771321162516,True,True
0,1.45526,261.95011344,0,0,1771321162516,True,True
0,1.45526,545.06003279,0,0,1771321162517,True,True
0,1.45526,805.64791721,0,0,1771321162517,True,True
0,1.45522,257.84169992,0,0,1771321166688,False,True
0,1.4552,80.79895124,0,0,1771321166706,False,True
0,1.455,1000.0,0,0,1771321166801,False,True
0,1.455,91.47079037,0,0,1771321166801,False,True
0,1.455,34.02517863,0,0,1771321166801,False,True
0,1.4548,3250.13976063,0,0,1771321166802,False,True
0,1.45481,807.01014623,0,0,1771321166889,True,True
0,1.45481,1249.35640377,0,0,1771321166889,True,True
0,1.45481,30.0,0,0,1771321168802,True,True
0,1.45481,34.23127419,0,0,1771321181543,True,True
0,1.4548,7314.48407436,0,0,1771321196943,False,True
0,1.45481,1500.0,0,0,1771321205969,True,True
0,1.455,61180.0,0,0,1771321208043,True,True
0,1.45499,23.98188311,0,0,1771321212649,False,True
0,1.455,3.0,0,0,1771321223433,True,True
0,1.45529,0.73862,0,0,1771321240644,True,True
0,1.45501,6.67263,0,0,1771321251542,True,True
0,1.455,3.67353951,0,0,1771321252109,False,True
0,1.4548,522.39996748,0,0,1771321252962,False,True
0,1.4548,13788.19386215,0,0,1771321252963,False,True
0,1.4548,12020.27208793,0,0,1771321252964,False,True
0,1.4548,3.43689855,0,0,1771321252964,False,True
0,1.454,25.5,0,0,1771321254623,False,True
0,1.4539,8.18818219,0,0,1771321254623,False,True
0,1.45391,76.5,0,0,1771321256106,True,True
0,1.4539,1920.21129507,0,0,1771321268890,False,True
0,1.4538,14.411461,0,0,1771321283575,False,True
0,1.4539,6.65954,0,0,1771321305886,True,True
0,1.4542,4.03923297,0,0,1771321320185,False,True
0,1.45468,9.17076772,0,0,1771321324475,True,True
0,1.45532,8.088107,0,0,1771321331143,False,True
0,1.45554,228.6420752,0,0,1771321332555,True,True
0,1.45599,6.65386,0,0,1771321337831,True,True
0,1.456,66.76491,0,0,1771321344502,True,True
0,1.45621,6.86813187,0,0,1771321358605,True,True
0,1.45621,1.21997513,0,0,1771321381153,True,True
0,1.45626,32.53423487,0,0,1771321381153,True,True
0,1.45628,261.5625,0,0,1771321389849,True,True
0,1.45632,238.4375,0,0,1771321389849,True,True
0,1.4563,68.66717022,0,0,1771321456285,False,True
0,1.45651,1064.93831884,0,0,1771321483047,True,True
0,1.45651,450.48388458,0,0,1771321483047,True,True
0,1.45651,300.32258972,0,0,1771321483047,True,True
0,1.45651,150.16166949,0,0,1771321483048,True,True
0,1.45651,14179.80583994,0,0,1771321483049,True,True
0,1.45651,300.32258972,0,0,1771321483051,True,True
0,1.45651,600.64499216,0,0,1771321483051,True,True
0,1.45651,75.08061523,0,0,1771321483051,True,True
0,1.45651,2893.328,0,0,1771321483052,True,True
0,1.45651,3100.0,0,0,1771321483053,True,True
0,1.45651,145.399,0,0,1771321483053,True,True
0,1.45651,9363.89873193,0,0,1771321483053,True,True
0,1.45651,45990.86722396,0,0,1771321483054,True,True
0,1.45716,44.08335645,0,0,1771321484149,False,True
0,1.45717,774.8784,0,0,1771321494264,True,True
0,1.45717,261.5625,0,0,1771321494264,True,True
0,1.45718,144.9113755,0,0,1771321494264,True,True
0,1.45719,2217.0722149,0,0,1771321494264,True,True
0,1.45719,3393.5116058,0,0,1771321494264,True,True
0,1.45717,320.66682,0,0,1771321495774,True,True
0,1.45947,13.49119885,0,0,1771321536969,False,True
0,1.45894,35.39314786,0,0,1771321536969,False,True
0,1.45882,6.85485529,0,0,1771321536969,False,True
0,1.45881,4773.281708,0,0,1771321536969,False,True
0,1.45865,31.13624,0,0,1771321540716,True,True
0,1.45853,6.0,0,0,1771321541749,False,True
0,1.45845,6.85583307,0,0,1771321545033,True,True
0,1.45846,2.55515693,0,0,1771321545033,True,True
0,1.45816,2000.0,0,0,1771321565132,False,True
0,1.458,9.14303477,0,0,1771321565139,False,True
0,1.45798,932.81162497,0,0,1771321565139,False,True
0,1.45769,2000.0,0,0,1771321598722,False,True
0,1.4575,50.9173,0,0,1771321598722,False,True
0,1.45734,4.09114363,0,0,1771321599795,True,True
0,1.45727,1.29629,0,0,1771321625999,True,True
0,1.45726,3431.09671575,0,0,1771321626224,False,True
0,1.45726,2745.57302836,0,0,1771321626224,False,True
0,1.45726,2490.246534,0,0,1771321626224,False,True
0,1.45724,1009.39001706,0,0,1771321626224,False,True
0,1.45724,8280.98206662,0,0,1771321650934,True,True
0,1.4585,1000.0,0,0,1771321692841,True,True
0,1.4585,100.0,0,0,1771321692850,True,True
0,1.4585,400.0,0,0,1771321692913,True,True
0,1.4585,100.0,0,0,1771321692913,True,True
0,1.45821,14.506427,0,0,1771321700694,True,True
0,1.45821,5.294911,0,0,1771321701003,True,True
0,1.45821,7.033628,0,0,1771321701034,True,True
0,1.45734,8.41814241,0,0,1771321719989,True,True
0,1.45734,3.2162292,0,0,1771321719989,True,True
0,1.45734,20.88311697,0,0,1771321719989,True,True
0,1.45662,45.1663809,0,0,1771321751058,False,True
0,1.45586,1717.00098999,0,0,1771321754660,True,True
0,1.45631,4.74423,0,0,1771321763131,False,True
0,1.45646,2000.0,0,0,1771321779433,False,True
0,1.45629,3629.83005154,0,0,1771321779433,False,True
0,1.45673,10.08594,0,0,1771321807487,True,True
0,1.45661,16.8401,0,0,1771321809189,False,True
0,1.45605,24.24113,0,0,1771321840545,True,True
0,1.4565,784.19521467,0,0,1771321844406,True,True
0,1.45671,225.24265445,0,0,1771321856192,True,True
0,1.45671,393.38794381,0,0,1771321856192,True,True
0,1.45671,675.72796336,0,0,1771321856194,True,True
0,1.45671,1426.53585148,0,0,1771321856195,True,True
0,1.45729,35.39314786,0,0,1771321864866,True,True
0,1.45729,31.25524214,0,0,1771321864866,True,True
0,1.4574,1683.34,0,0,1771321876988,True,True
0,1.45778,49.999999,0,0,1771321901622,True,True
0,1.45789,95.0,0,0,1771321921781,True,True
0,1.45792,31.79699,0,0,1771321936767,True,True
0,1.45748,34.03352361,0,0,1771321950948,True,True
0,1.4577,84.00094,0,0,1771321977118,True,True
0,1.45773,108.34867701,0,0,1771321977764,True,True
0,1.45735,0.68276,0,0,1771322018042,True,True
0,1.45744,1983.72499399,0,0,1771322024574,False,True
0,1.45771,6.6237,0,0,1771322035230,False,True
0,1.4578,6.72543,0,0,1771322038854,True,True
0,1.4578,6.24028,0,0,1771322045512,True,True
0,1.45883,8.16049162,0,0,1771322075679,True,True
0,1.45884,3.42738066,0,0,1771322077769,True,True
0,1.45884,6.65593,0,0,1771322078048,True,True
0,1.45915,35.39314786,0,0,1771322086257,False,True
0,1.4591,176.96074214,0,0,1771322086257,False,True
0,1.45886,342.73336714,0,0,1771322101943,False,True
0,1.45887,3.632099,0,0,1771322134400,True,True
0,1.4592,3.36011,0,0,1771322143775,True,True
0,1.45992,72.55810862,0,0,1771322147586,True,True
0,1.45995,6.85317507,0,0,1771322147586,True,True
0,1.45996,4920.58871631,0,0,1771322147586,True,True
0,1.45963,343.0,0,0,1771322154272,False,True
0,1.45985,1.65,0,0,1771322155581,True,True
0,1.45984,35.39314786,0,0,1771322165962,True,True
0,1.45986,727.57489146,0,0,1771322165962,True,True
0,1.45987,3315.25798807,0,0,1771322165962,True,True
0,1.45966,70.78629573,0,0,1771322172843,False,True
0,1.45964,468.43478427,0,0,1771322172843,False,True
0,1.45947,440.10384557,0,0,1771322175088,True,True
0,1.45934,13.5569,0,0,1771322178009,True,True
0,1.45941,1150.0,0,0,1771322187598,True,True
0,1.4594,66.48410992,0,0,1771322188370,False,True
0,1.46054,683.3603,0,0,1771322212514,True,True
0,1.46053,57.1816012,0,0,1771322219273,True,True
0,1.46054,816.6397,0,0,1771322219273,True,True
0,1.46069,3423.04611918,0,0,1771322219273,True,True
0,1.46078,261.5625,0,0,1771322219273,True,True
0,1.4608,626.75103881,0,0,1771322219273,True,True
0,1.46081,1647.52335,0,0,1771322219273,True,True
0,1.46083,3855.47556645,0,0,1771322219273,True,True
0,1.4603,1500.0,0,0,1771322241095,True,True
0,1.46041,55.3986135,0,0,1771322241095,True,True
0,1.46042,626.75103881,0,0,1771322241095,True,True
0,1.46051,1644.30458,0,0,1771322241095,True,True
0,1.46057,70.78629573,0,0,1771322241095,True,True
0,1.46058,8962.80877689,0,0,1771322241095,True,True
0,1.46007,49.55196,0,0,1771322249555,True,True
0,1.4596,261.5625,0,0,1771322258030,True,True
0,1.4596,638.0435632,0,0,1771322258030,True,True
0,1.4596,419.41507291,0,0,1771322258030,True,True
0,1.4597,1000.0,0,0,1771322300560,True,True
0,1.4597,0.37048638,0,0,1771322300697,True,True
0,1.4605,261.5625,0,0,1771322305196,True,True
0,1.46056,320.16624323,0,0,1771322305196,True,True
0,1.46057,636.11933463,0,0,1771322305196,True,True
0,1.46063,2353.65975151,0,0,1771322305196,True,True
0,1.46064,1428.49217063,0,0,1771322305196,True,True
0,1.46013,82.55429311,0,0,1771322336425,True,True
0,1.46035,100.0,0,0,1771322359953,True,True
0,1.46044,1.35576,0,0,1771322400055,True,True
0,1.4602,728.22374,0,0,1771322403949,False,True
0,1.46021,10.22028,0,0,1771322405438,True,True
0,1.4602,1486.66542968,0,0,1771322407213,False,True
0,1.4602,1486.66542968,0,0,1771322407220,False,True
0,1.4602,1486.66542968,0,0,1771322407241,False,True
0,1.4602,1486.66542968,0,0,1771322407246,False,True
0,1.4602,1486.66542968,0,0,1771322407297,False,True
0,1.4602,1486.66542968,0,0,1771322407300,False,True
0,1.4602,1486.66542968,0,0,1771322407302,False,True
0,1.4602,1486.66542968,0,0,1771322407303,False,True
0,1.4602,1486.66542968,0,0,1771322407305,False,True
0,1.4602,8036.76875608,0,0,1771322407307,False,True
0,1.4602,1486.66542968,0,0,1771322407333,False,True
0,1.4602,1486.66542968,0,0,1771322407336,False,True
0,1.4602,1486.66542968,0,0,1771322407339,False,True
0,1.4602,1486.66542968,0,0,1771322407342,False,True
0,1.4602,1486.66542968,0,0,1771322407354,False,True
0,1.4602,1486.66542968,0,0,1771322407367,False,True
0,1.4602,1486.66542968,0,0,1771322407387,False,True
0,1.4602,1486.66542968,0,0,1771322407391,False,True
0,1.4602,1486.66542968,0,0,1771322407393,False,True
0,1.4602,1486.66542968,0,0,1771322407411,False,True
0,1.46026,6.78029,0,0,1771322420037,True,True
0,1.46026,0.86792762,0,0,1771322421090,True,True
0,1.46021,1.76191,0,0,1771322438037,True,True
0,1.46021,0.67134,0,0,1771322438062,True,True
0,1.46071,86.195256,0,0,1771322467068,True,True
0,1.4606,70.78629573,0,0,1771322490030,False,True
0,1.46059,470.78007427,0,0,1771322490030,False,True
0,1.46021,622.35717,0,0,1771322527444,True,True
0,1.4602,5.51312,0,0,1771322535028,False,True
0,1.4602,2392.3421875,0,0,1771322535484,False,True
0,1.4602,2392.3421875,0,0,1771322535488,False,True
0,1.4602,2392.3421875,0,0,1771322535490,False,True
0,1.4602,8036.76875608,0,0,1771322535494,False,True
0,1.4602,2392.3421875,0,0,1771322535584,False,True
0,1.4602,2392.3421875,0,0,1771322535589,False,True
0,1.4602,49.23480307,0,0,1771322535618,False,True
0,1.4602,2392.3421875,0,0,1771322535678,False,True
0,1.4602,2392.3421875,0,0,1771322535681,False,True
0,1.4602,2392.3421875,0,0,1771322535683,False,True
0,1.4602,2392.3421875,0,0,1771322535685,False,True
0,1.4602,2392.3421875,0,0,1771322535686,False,True
0,1.4602,2392.3421875,0,0,1771322535688,False,True
0,1.4602,2392.3421875,0,0,1771322535690,False,True
0,1.4602,2392.3421875,0,0,1771322535690,False,True
0,1.4602,2392.3421875,0,0,1771322535692,False,True
0,1.4602,2392.3421875,0,0,1771322535694,False,True
0,1.4602,2392.3421875,0,0,1771322535742,False,True
0,1.4602,2392.3421875,0,0,1771322535742,False,True
0,1.4602,2392.3421875,0,0,1771322535742,False,True
0,1.4602,2392.3421875,0,0,1771322535744,False,True
0,1.4602,2392.3421875,0,0,1771322535845,False,True
0,1.4602,2392.3421875,0,0,1771322535847,False,True
0,1.4602,2392.3421875,0,0,1771322535849,False,True
0,1.4602,2392.3421875,0,0,1771322535851,False,True
0,1.4602,2392.3421875,0,0,1771322535853,False,True
0,1.4602,7.73526485,0,0,1771322535894,False,True
0,1.46021,16.2753,0,0,1771322565608,True,True
0,1.46022,380.96281585,0,0,1771322568926,True,True
0,1.4602,6.9640197,0,0,1771322581799,False,True
0,1.46021,6.83057,0,0,1771322595618,True,True
0,1.4602,8345.2566606,0,0,1771322600475,False,True
0,1.4602,3.78327093,0,0,1771322600819,False,True
0,1.4602,4735.06992187,0,0,1771322611548,False,True
0,1.4602,4735.06992187,0,0,1771322611550,False,True
0,1.4602,4735.06992187,0,0,1771322611551,False,True
0,1.4602,11269.9375,0,0,1771322611733,False,True
0,1.4602,3954.98526468,0,0,1771322611734,False,True
0,1.46016,32.53954,0,0,1771322612103,True,True
0,1.46005,261.5625,0,0,1771322612336,False,True
0,1.4605,261.5625,0,0,1771322659671,True,True
0,1.46064,4466.9282625,0,0,1771322659671,True,True
0,1.46071,3968.51477264,0,0,1771322659671,True,True
0,1.46091,261.5625,0,0,1771322670030,True,True
0,1.45992,0.82854,0,0,1771322699434,True,True
0,1.4599,258.8019924,0,0,1771322699844,False,True
0,1.46004,10.72054751,0,0,1771322748462,False,True
0,1.46004,57.89761983,0,0,1771322760672,False,True
0,1.4599,2.7605076,0,0,1771322760672,False,True
0,1.45973,2490.246534,0,0,1771322760736,False,True
0,1.45961,10.7582655,0,0,1771322760739,True,True
0,1.4596,35.27301,0,0,1771322766877,False,True
0,1.4596,226.28949,0,0,1771322774566,False,True
0,1.45954,1980.500403,0,0,1771322774566,False,True
0,1.45974,65.74383005,0,0,1771322782856,True,True
0,1.45975,781.66747276,0,0,1771322782856,True,True
0,1.45976,3629.82669719,0,0,1771322782856,True,True
0,1.45963,51.26438572,0,0,1771322784647,False,True
0,1.45963,261.5625,0,0,1771322784647,False,True
0,1.45961,938.93215217,0,0,1771322784647,False,True
0,1.45959,3425.61506991,0,0,1771322784647,False,True
0,1.45954,322.6258922,0,0,1771322784647,False,True
0,1.45955,32.15358,0,0,1771322793873,True,True
0,1.45954,954.18496634,0,0,1771322799132,False,True
0,1.45955,6.8514268,0,0,1771322800886,True,True
0,1.45954,80.0711583,0,0,1771322809187,False,True
0,1.45954,631.1323528,0,0,1771322812414,False,True
0,1.45941,2368.8676472,0,0,1771322812414,False,True
0,1.45941,376.70538116,0,0,1771322813016,False,True
0,1.45887,2.39445771,0,0,1771322817512,False,True
0,1.45887,113.453536,0,0,1771322818066,False,True
0,1.45913,3.67365812,0,0,1771322832264,False,True
0,1.45949,56.3068514,0,0,1771322842648,True,True
0,1.4595,443.6931486,0,0,1771322842648,True,True
0,1.4593,638.02,0,0,1771322856342,False,True
0,1.45917,64.48976,0,0,1771322859606,True,True
0,1.45955,839.78255539,0,0,1771322905478,True,True
0,1.45955,300.32253945,0,0,1771322905491,True,True
0,1.45955,300.32259186,0,0,1771322905624,True,True
0,1.45955,150.16134835,0,0,1771322905624,True,True
0,1.45955,150.16129593,0,0,1771322905637,True,True
0,1.45955,150.16129593,0,0,1771322905648,True,True
0,1.45955,75.08063241,0,0,1771322905671,True,True
0,1.45955,75.08066353,0,0,1771322905770,True,True
0,1.45955,75.08064796,0,0,1771322905806,True,True
0,1.45955,150.16129593,0,0,1771322905809,True,True
0,1.45955,6.27917,0,0,1771322915492,True,True
0,1.45955,22.39476,0,0,1771322932885,True,True
0,1.45955,225.24153445,0,0,1771322935432,True,True
0,1.45955,150.16138973,0,0,1771322935435,True,True
0,1.45955,1298.123,0,0,1771322935439,True,True
0,1.45955,5.172e-05,0,0,1771322935440,True,True
0,1.45996,32.9647,0,0,1771322982125,True,True
0,1.46068,0.83830818,0,0,1771323001498,True,True
0,1.46068,0.83830818,0,0,1771323002254,True,True
0,1.46068,1.19786674,0,0,1771323002716,True,True
0,1.46037,507.51845,0,0,1771323036452,False,True
0,1.46022,13.49268,0,0,1771323037532,True,True
0,1.46059,8.15065829,0,0,1771323061387,True,True
0,1.46059,20.0,0,0,1771323064677,True,True
0,1.46058,67.28661,0,0,1771323071623,False,True
0,1.46059,101.88316365,0,0,1771323093763,True,True
0,1.46058,200.0,0,0,1771323098162,False,True
0,1.46028,8.20140481,0,0,1771323117154,True,True
0,1.46007,200.0,0,0,1771323129198,False,True
0,1.45989,261.5625,0,0,1771323162570,True,True
0,1.45989,1068.18992,0,0,1771323162570,True,True
0,1.45989,621.35659541,0,0,1771323162570,True,True
0,1.45989,2525.68638459,0,0,1771323162570,True,True
0,1.45988,500.0,0,0,1771323175094,False,True
0,1.45989,22.23202,0,0,1771323200638,True,True
0,1.45988,1990.246534,0,0,1771323210737,False,True
0,1.45988,651.47125692,0,0,1771323210737,False,True
0,1.45988,105.1799049,0,0,1771323212814,False,True
0,1.45988,2.17573124,0,0,1771323212836,False,True
0,1.45988,104.66414097,0,0,1771323212957,False,True
0,1.45988,186.60897419,0,0,1771323213308,False,True
0,1.45981,1550.0,0,0,1771323213311,False,True
0,1.45981,2493.815,0,0,1771323213312,False,True
0,1.45981,423.1132625,0,0,1771323213316,False,True
0,1.45898,2000.0,0,0,1771323216696,False,True
0,1.4586,1250.0,0,0,1771323251411,False,True
0,1.45861,67.21598,0,0,1771323255898,True,True
0,1.45841,0.66398,0,0,1771323303846,True,True
0,1.45838,2.23983879,0,0,1771323312932,False,True
0,1.45838,68.54645694,0,0,1771323326611,False,True
0,1.45806,190.97354306,0,0,1771323326611,False,True
0,1.45807,510.0,0,0,1771323326749,False,True
0,1.45807,15.0,0,0,1771323352012,True,True
0,1.45716,22.2211736,0,0,1771323355503,True,True
0,1.45593,173.19247012,0,0,1771323361260,False,True
0,1.4561,82.55852068,0,0,1771323361912,True,True
0,1.45596,313.27467081,0,0,1771323365471,False,True
0,1.45591,261.5625,0,0,1771323374332,False,True
0,1.45588,1657.481985,0,0,1771323374332,False,True
0,1.455,15.80756013,0,0,1771323387873,False,True
0,1.455,603.30158382,0,0,1771323387873,False,True
0,1.455,261.5625,0,0,1771323387873,False,True
0,1.45494,5119.32835605,0,0,1771323387873,False,True
0,1.45522,8.0,0,0,1771323390403,True,True
0,1.45367,4.81539826,0,0,1771323396425,False,True
0,1.45364,6.00655716,0,0,1771323396668,False,True
0,1.45362,9.67653046,0,0,1771323396672,False,True
0,1.45351,129.443031,0,0,1771323396672,False,True
0,1.45321,8300.821781,0,0,1771323396803,False,True
0,1.45311,67.0,0,0,1771323396978,False,True
0,1.45294,29.7492,0,0,1771323397022,False,True
0,1.45294,1.678e-05,0,0,1771323397411,False,True
0,1.4525,10.01,0,0,1771323398530,False,True
0,1.4525,2.91713597,0,0,1771323398530,False,True
0,1.4525,261.5625,0,0,1771323398530,False,True
0,1.45244,375.65258265,0,0,1771323398530,False,True
0,1.4539,374.9,0,0,1771323413149,False,True
0,1.45385,7861.04584266,0,0,1771323413149,False,True
0,1.45414,68.27586206,0,0,1771323424151,False,True
0,1.45397,26.06769489,0,0,1771323432414,False,True
0,1.454,687.75790921,0,0,1771323467769,True,True
0,1.45431,9.17468018,0,0,1771323467847,True,True
0,1.45471,2.933254,0,0,1771323472720,False,True
0,1.45495,137.03251256,0,0,1771323475851,True,True
0,1.45484,68.61646457,0,0,1771323486414,True,True
0,1.45393,14.21432,0,0,1771323508026,False,True
0,1.45398,476.67045,0,0,1771323522075,True,True
0,1.45338,179.9454,0,0,1771323552277,False,True
0,1.45335,52.91026,0,0,1771323562924,True,True
0,1.45335,33.31532,0,0,1771323563153,True,True
0,1.45278,261.5625,0,0,1771323564545,False,True
0,1.45274,158.67055,0,0,1771323564545,False,True
0,1.45367,12.99460277,0,0,1771323566850,True,True
0,1.45324,10.0,0,0,1771323566942,False,True
0,1.45349,86.52913,0,0,1771323570667,False,True
0,1.45346,10.0,0,0,1771323575417,True,True
0,1.45246,42.96120705,0,0,1771323581272,False,True
0,1.45245,652.23689652,0,0,1771323582015,False,True
0,1.45244,822.79800475,0,0,1771323582015,False,True
0,1.45241,665.63486422,0,0,1771323582015,False,True
0,1.4529,0.81797,0,0,1771323582736,True,True
0,1.45253,261.5625,0,0,1771323582812,False,True
0,1.45236,117.46713,0,0,1771323582812,False,True
0,1.45272,261.5625,0,0,1771323602112,False,True
0,1.45272,4810.7272375,0,0,1771323602112,False,True
0,1.45271,600.35115666,0,0,1771323602112,False,True
0,1.45258,334.2,0,0,1771323602112,False,True
0,1.45257,43.15910584,0,0,1771323602112,False,True
0,1.45326,117.65665249,0,0,1771323609446,False,True
0,1.45346,3440.05442031,0,0,1771323614382,False,True
0,1.45325,800.0,0,0,1771323614382,False,True
0,1.45323,597.70682921,0,0,1771323614382,False,True
0,1.45317,925.22047329,0,0,1771323614382,False,True
0,1.45312,800.0,0,0,1771323614382,False,True
0,1.4531,261.5625,0,0,1771323614382,False,True
0,1.4531,6952.2,0,0,1771323614382,False,True
0,1.45308,1241.65059191,0,0,1771323614382,False,True
0,1.45334,50.58365,0,0,1771323617704,True,True
0,1.45329,75.5785,0,0,1771323627388,False,True
0,1.45357,7.54672848,0,0,1771323633815,True,True
0,1.45358,131.16574,0,0,1771323637497,True,True
0,1.45357,71.99155,0,0,1771323642195,True,True
0,1.4537,1320.0,0,0,1771323691784,False,True
0,1.4537,151.9925575,0,0,1771323694393,False,True
0,1.4537,1659.61331,0,0,1771323694437,False,True
0,1.4537,650.14221862,0,0,1771323694438,False,True
0,1.4537,1581.8964,0,0,1771323694440,False,True
0,1.4537,7.24e-06,0,0,1771323694441,False,True
0,1.45317,9.17193479,0,0,1771323695277,False,True
0,1.45273,736.92594974,0,0,1771323695277,False,True
0,1.45321,261.5625,0,0,1771323699952,False,True
0,1.4532,238.4375,0,0,1771323699952,False,True
0,1.45366,968.15118526,0,0,1771323707702,False,True
0,1.4537,3432.61814814,0,0,1771323708132,False,True
0,1.45411,2.549,0,0,1771323728872,False,True
0,1.45411,87.90043,0,0,1771323728928,False,True
0,1.45427,7.52272,0,0,1771323731674,True,True
0,1.45562,68.07913,0,0,1771323759339,True,True
0,1.45512,137.44381984,0,0,1771323820744,False,True
0,1.45461,4.67432675,0,0,1771323876081,False,True
0,1.45461,4.48576182,0,0,1771323876682,False,True
0,1.45407,164.8337,0,0,1771323897597,False,True
0,1.45399,3.51674,0,0,1771323929979,False,True
0,1.45379,390.0,0,0,1771323937436,False,True
0,1.4538,19.29847,0,0,1771323939409,True,True
0,1.454,680.0,0,0,1771323969352,True,True
0,1.454,7.7579,0,0,1771323969859,True,True
0,1.454,9.21e-06,0,0,1771323969859,True,True
0,1.455,2000.0,0,0,1771324024578,False,True
0,1.45465,92.80328,0,0,1771324024578,False,True
0,1.45511,2.49618633,0,0,1771324052544,True,True
0,1.45428,9.16203983,0,0,1771324082910,False,True
0,1.45321,3.26901478,0,0,1771324087900,False,True
0,1.45336,1.11676,0,0,1771324089681,True,True
0,1.45391,53.40770749,0,0,1771324173650,True,True
0,1.45394,261.5625,0,0,1771324188119,False,True
0,1.45393,1238.4375,0,0,1771324188119,False,True
0,1.45393,1750.0,0,0,1771324188119,False,True
0,1.45449,9.17262888,0,0,1771324237270,True,True
0,1.45494,3.75987112,0,0,1771324237270,True,True
0,1.45477,82.47596215,0,0,1771324238115,False,True
0,1.45505,13.34873,0,0,1771324238958,True,True
0,1.45502,236.7438143,0,0,1771324239266,False,True
0,1.45525,13.49509,0,0,1771324241442,True,True
0,1.45515,6.83842,0,0,1771324243628,True,True
0,1.45536,80.7447191,0,0,1771324291296,False,True
0,1.45536,1659.61331,0,0,1771324293035,False,True
0,1.45536,15.4175263,0,0,1771324294638,False,True
0,1.45536,94.930037,0,0,1771324295235,False,True
0,1.45536,297.6794644,0,0,1771324296032,False,True
0,1.45537,6.73638,0,0,1771324300846,True,True
0,1.45536,124.9934762,0,0,1771324307119,False,True
0,1.45536,1087.03153454,0,0,1771324307913,False,True
0,1.45511,14.20028867,0,0,1771324344403,False,True
0,1.45561,381.0950856,0,0,1771324359342,False,True
0,1.455,6.47895,0,0,1771324363833,False,True
0,1.455,1.52105,0,0,1771324373840,False,True
0,1.45559,12.92389,0,0,1771324397267,True,True
0,1.45497,0.91142772,0,0,1771324422074,True,True
0,1.45527,1.69968459,0,0,1771324439710,True,True
0,1.45407,187.35988483,0,0,1771324450075,False,True
0,1.45465,37.22802,0,0,1771324466466,False,True
0,1.45489,4.24688,0,0,1771324466983,True,True
0,1.45361,128.30137905,0,0,1771324536433,True,True
0,1.45345,6.86302,0,0,1771324547401,True,True
0,1.45405,9.17417516,0,0,1771324578459,True,True
0,1.45447,210.0,0,0,1771324580208,False,True
0,1.45447,51.5625,0,0,1771324580360,False,True
0,1.45444,313.9675,0,0,1771324580360,False,True
0,1.4546,261.5625,0,0,1771324607376,False,True
0,1.45453,213.28919147,0,0,1771324607376,False,True
0,1.45551,27540.0,0,0,1771324625877,True,True
0,1.45551,4.85994065,0,0,1771324628460,True,True
0,1.4562,66.50802,0,0,1771324669323,True,True
0,1.45615,19.72061,0,0,1771324677662,False,True
0,1.45631,6.66713,0,0,1771324679644,True,True
0,1.45613,753.47178448,0,0,1771324684432,True,True
0,1.45613,169.35571851,0,0,1771324684440,True,True
0,1.45657,666.66666666,0,0,1771324696574,True,True
0,1.45662,6.58711334,0,0,1771324696574,True,True
0,1.45658,261.5625,0,0,1771324742604,False,True
0,1.45653,3171.30098875,0,0,1771324742604,False,True
0,1.45608,6.13192956,0,0,1771324800467,True,True
0,1.45581,5.41279425,0,0,1771324811742,False,True
0,1.4546,7.0,0,0,1771324872224,False,True
0,1.45452,293.0,0,0,1771324872224,False,True
0,1.45478,200.44672,0,0,1771324872753,True,True
0,1.45494,66.7258,0,0,1771324919373,True,True
0,1.45474,3.4370403,0,0,1771324935694,True,True
0,1.45401,33.28143,0,0,1771324981636,True,True
0,1.454,6.87757909,0,0,1771325000156,False,True
0,1.45395,48.13624314,0,0,1771325000156,False,True
0,1.45343,2170.0,0,0,1771325057180,True,True
0,1.45343,3.7596207,0,0,1771325062712,True,True
0,1.45425,5.2299498,0,0,1771325062712,True,True
0,1.45507,9.55422,0,0,1771325082263,True,True
0,1.45472,32.21557,0,0,1771325095707,True,True
0,1.4551,261.5625,0,0,1771325113603,False,True
0,1.45507,408.842549,0,0,1771325113603,False,True
0,1.45528,17.18543775,0,0,1771325115090,True,True
0,1.45499,4.0825,0,0,1771325124037,True,True
0,1.45509,13.31175,0,0,1771325130892,True,True
0,1.45514,67.37674,0,0,1771325137701,True,True
0,1.4549,261.5625,0,0,1771325153333,False,True
0,1.45487,1755.0375,0,0,1771325153333,False,True
0,1.45403,2.64477131,0,0,1771325170281,True,True
0,1.4545,261.5625,0,0,1771325213828,False,True
0,1.45448,198.78604098,0,0,1771325213828,False,True
0,1.45479,394.32885899,0,0,1771325223560,True,True
0,1.45357,69.28458898,0,0,1771325254225,True,True
0,1.45364,80.0,0,0,1771325263870,True,True
0,1.45364,0.2643,0,0,1771325281374,True,True
0,1.45422,139.5363281,0,0,1771325300782,True,True
0,1.45422,261.5625,0,0,1771325300782,True,True
0,1.45423,286.41793012,0,0,1771325300782,True,True
0,1.45401,100.56522,0,0,1771325335705,True,True
0,1.454,6.7357,0,0,1771325351785,False,True
0,1.4531,146.08567697,0,0,1771325370303,False,True
0,1.45247,61.53050012,0,0,1771325401905,True,True
0,1.45234,18.5141021,0,0,1771325409439,False,True
0,1.45234,17.6346804,0,0,1771325410221,False,True
0,1.45235,5.34524,0,0,1771325414242,True,True
0,1.45234,170.41441896,0,0,1771325416539,False,True
0,1.45209,16.10819233,0,0,1771325418884,False,True
0,1.45168,0.99927539,0,0,1771325418884,False,True
0,1.45168,5.55808422,0,0,1771325421386,False,True
0,1.45168,84.58494,0,0,1771325421395,False,True
0,1.45168,9.1e-07,0,0,1771325421427,False,True
0,1.45134,10.3095,0,0,1771325421641,True,True
0,1.45134,34.36501,0,0,1771325421642,True,True
0,1.45144,6.89008499,0,0,1771325447449,True,True
0,1.45153,27.47492501,0,0,1771325447449,True,True
0,1.45196,12.40357706,0,0,1771325466595,True,True
0,1.45197,159.08765488,0,0,1771325466595,True,True
0,1.45188,42.96514,0,0,1771325467117,False,True
0,1.45212,6.88338086,0,0,1771325481691,True,True
0,1.45272,590.23711,0,0,1771325509878,True,True
0,1.45264,1000.0000009,0,0,1771325521646,False,True
0,1.45171,50.0,0,0,1771325528820,False,True
0,1.45178,42.16945533,0,0,1771325531184,False,True
0,1.45259,50.0,0,0,1771325583904,True,True
0,1.45342,66.16962122,0,0,1771325597719,True,True
0,1.4534,33.3378,0,0,1771325598614,True,True
0,1.45342,29.2957,0,0,1771325602079,True,True
0,1.45321,70.78629573,0,0,1771325603302,False,True
0,1.4532,618.15728367,0,0,1771325603302,False,True
0,1.45321,34.50655624,0,0,1771325603464,False,True
0,1.45313,15.92463,0,0,1771325625983,False,True
0,1.45249,74.02621011,0,0,1771325645966,False,True
0,1.45265,5.01885103,0,0,1771325663370,False,True
0,1.45301,30.0,0,0,1771325674709,True,True
0,1.4532,8.74898,0,0,1771325682240,True,True
0,1.45374,3.73486,0,0,1771325701604,True,True
0,1.45347,261.5625,0,0,1771325703700,False,True
0,1.45347,884.19969848,0,0,1771325703700,False,True
0,1.4535,738.18278872,0,0,1771325732009,False,True
0,1.45356,18.87719,0,0,1771325745833,True,True
0,1.45374,96.11690419,0,0,1771325849434,True,True
0,1.45381,0.86524,0,0,1771325856097,True,True
0,1.45311,67.46854,0,0,1771325872410,True,True
0,1.45311,16.0,0,0,1771325872845,True,True
0,1.45361,130.0,0,0,1771325874306,True,True
0,1.45385,312.45015069,0,0,1771325930936,True,True
0,1.45447,168.58551,0,0,1771325934193,True,True
0,1.45456,6.80682,0,0,1771325961908,True,True
0,1.45462,11.3540478,0,0,1771325978672,False,True
0,1.45474,1.3545,0,0,1771326000120,True,True
0,1.45486,375.43192908,0,0,1771326006549,True,True
0,1.45486,282.01013904,0,0,1771326006549,True,True
0,1.4575,3.02391539,0,0,1771326013003,True,True
0,1.45751,65.48942461,0,0,1771326013003,True,True
0,1.45787,3.03124254,0,0,1771326037448,True,True
0,1.45788,3.76002746,0,0,1771326037448,True,True
0,1.45778,3.02791953,0,0,1771326045253,True,True
0,1.45778,14.03495047,0,0,1771326045253,True,True
0,1.4573,1.0,0,0,1771326050609,False,True
0,1.45731,3.02581359,0,0,1771326054915,True,True
0,1.45731,246.97418641,0,0,1771326054915,True,True
0,1.45731,336.37049,0,0,1771326055070,True,True
0,1.45731,14.197422,0,0,1771326059993,True,True
0,1.45731,67.94018,0,0,1771326060034,True,True
0,1.45754,9.617135,0,0,1771326061780,True,True
0,1.45753,9.0,0,0,1771326063532,True,True
0,1.45698,336.76669,0,0,1771326071566,True,True
0,1.4566,2000.0,0,0,1771326128081,False,True
0,1.45654,3432.77415101,0,0,1771326128081,False,True
0,1.45649,48.87719,0,0,1771326128081,False,True
0,1.45645,919.98908615,0,0,1771326128081,False,True
0,1.45645,4800.7361353,0,0,1771326128081,False,True
0,1.45645,261.5625,0,0,1771326128081,False,True
0,1.45641,6866.17750942,0,0,1771326128081,False,True
0,1.45636,6132.7,0,0,1771326128081,False,True
0,1.45633,626.47311372,0,0,1771326128081,False,True
0,1.4563,261.5625,0,0,1771326128081,False,True
0,1.45629,374.99077573,0,0,1771326128081,False,True
0,1.45619,6864.13587302,0,0,1771326128081,False,True
0,1.45618,211.22079295,0,0,1771326128081,False,True
0,1.45615,261.5625,0,0,1771326128081,False,True
0,1.45614,2068.26218863,0,0,1771326128081,False,True
0,1.45494,67.4459,0,0,1771326151605,True,True
0,1.45451,3275.33293354,0,0,1771326198754,False,True
0,1.45504,1.56504288,0,0,1771326223788,True,True
0,1.4548,33.60762,0,0,1771326250158,True,True
0,1.4546,6.80663,0,0,1771326254380,True,True
0,1.45486,34.19635,0,0,1771326287229,True,True
0,1.45488,605.75203299,0,0,1771326293215,False,True
0,1.45471,261.5625,0,0,1771326300151,True,True
0,1.45474,261.5625,0,0,1771326300151,True,True
0,1.45474,651.95697961,0,0,1771326300151,True,True
0,1.45486,467.27579039,0,0,1771326300151,True,True
0,1.45453,46.72387256,0,0,1771326301128,False,True
0,1.45453,5.98411231,0,0,1771326301509,False,True
0,1.45454,6.67478,0,0,1771326319509,True,True
0,1.45453,1722.30530284,0,0,1771326331663,False,True
0,1.45453,4910.21796875,0,0,1771326331663,False,True
0,1.45453,1571.716224,0,0,1771326331664,False,True
0,1.45453,1221.88073208,0,0,1771326331666,False,True
0,1.45401,5.47050268,0,0,1771326331669,False,True
0,1.45401,303.48502538,0,0,1771326331711,False,True
0,1.45336,1010.27785999,0,0,1771326333213,True,True
0,1.45358,107.60697122,0,0,1771326338896,False,True
0,1.45381,3.1326652,0,0,1771326340763,True,True
0,1.45571,21.2358,0,0,1771326375010,False,True
0,1.45599,200.13051691,0,0,1771326377368,True,True
0,1.456,26.94421,0,0,1771326378730,True,True
0,1.45583,21.94697549,0,0,1771326389547,False,True
0,1.45516,0.68379,0,0,1771326398043,True,True
0,1.45514,25.01441527,0,0,1771326410095,True,True
0,1.45514,61.50797473,0,0,1771326410095,True,True
0,1.45435,6.65757,0,0,1771326421223,True,True
0,1.45414,1030.54580554,0,0,1771326425330,True,True
0,1.45462,114.80705035,0,0,1771326425369,True,True
0,1.45517,332.19837022,0,0,1771326425480,True,True
0,1.45574,17.17,0,0,1771326434413,True,True
0,1.45505,17.04760268,0,0,1771326455771,False,True
0,1.45523,13.31138,0,0,1771326464193,True,True
0,1.45438,2774.01651579,0,0,1771326484074,True,True
0,1.45435,18.7204861,0,0,1771326491550,False,True
0,1.45286,76.72601,0,0,1771326496945,False,True
0,1.45402,13.35113,0,0,1771326511218,True,True
0,1.45424,33.17686,0,0,1771326523395,True,True
0,1.45486,503.35060561,0,0,1771326526109,True,True
0,1.45517,122.75262,0,0,1771326539733,True,True
0,1.45599,33.2748,0,0,1771326549776,True,True
0,1.45663,2.38867716,0,0,1771326609619,True,True
0,1.45664,125.48264284,0,0,1771326609619,True,True
0,1.45614,17.70838442,0,0,1771326613084,False,True
0,1.45613,8.88899523,0,0,1771326613084,False,True
0,1.4566,2.39172199,0,0,1771326618586,True,True
0,1.45661,3.91474801,0,0,1771326618586,True,True
0,1.4579,37.59911,0,0,1771326658238,True,True
0,1.4579,6.6594,0,0,1771326670096,True,True
0,1.4579,85.184521,0,0,1771326675020,True,True
0,1.45846,28.15288578,0,0,1771326675020,True,True
0,1.45847,769.21235322,0,0,1771326675020,True,True
0,1.45847,431.73550335,0,0,1771326684286,True,True
0,1.45849,15019.58641339,0,0,1771326684286,True,True
0,1.45849,11106.88281836,0,0,1771326684706,True,True
0,1.45839,3.43529509,0,0,1771326693660,True,True
0,1.45843,45.64009262,0,0,1771326725023,True,True
0,1.45837,261.5625,0,0,1771326729512,True,True
0,1.45838,636.3394502,0,0,1771326729512,True,True
0,1.45843,875.5694798,0,0,1771326729512,True,True
0,1.45842,13.41208,0,0,1771326743342,True,True
0,1.45825,1232.60092594,0,0,1771326748144,False,True
0,1.45825,244.95030017,0,0,1771326749641,False,True
0,1.45799,222.30013,0,0,1771326780901,True,True
0,1.45799,455.063036,0,0,1771326781231,True,True
0,1.45811,559.93665537,0,0,1771326781231,True,True
0,1.45817,6.4,0,0,1771326791751,False,True
0,1.45833,17.97927,0,0,1771326792639,True,True
0,1.45855,515.0,0,0,1771326812379,True,True
0,1.4585,44.09671065,0,0,1771326817469,True,True
0,1.4585,2.77461999,0,0,1771326817487,True,True
0,1.4585,9.62627513,0,0,1771326817529,True,True
0,1.45836,6.65739,0,0,1771326823942,True,True
0,1.45847,4.69757,0,0,1771326836251,True,True
0,1.45863,13.28629,0,0,1771326840652,True,True
0,1.45858,261.5625,0,0,1771326843042,False,True
0,1.45858,68.36776986,0,0,1771326845030,True,True
0,1.45857,261.5625,0,0,1771326852626,True,True
0,1.45858,631.31842614,0,0,1771326852626,True,True
0,1.45865,610.2991874,0,0,1771326852626,True,True
0,1.45873,261.5625,0,0,1771326852626,True,True
0,1.4588,5101.371423,0,0,1771326852626,True,True
0,1.45868,128.91241,0,0,1771326854661,True,True
0,1.45877,15.46031069,0,0,1771326867630,True,True
0,1.4586,8.226616,0,0,1771326868986,True,True
0,1.45847,33.605,0,0,1771326887423,True,True
0,1.45859,116.2849,0,0,1771326919925,True,True
0,1.45859,1.32799,0,0,1771326920048,True,True
0,1.45846,169.8740979,0,0,1771326934534,False,True
0,1.45846,193.38577896,0,0,1771326935837,False,True
0,1.45731,13.58365,0,0,1771326956981,True,True
0,1.457,13.66859952,0,0,1771326958538,False,True
0,1.457,6.93460284,0,0,1771326958538,False,True
0,1.45688,35.09384464,0,0,1771326958538,False,True
0,1.45691,3.31665025,0,0,1771326959149,False,True
0,1.45705,123.58103,0,0,1771326959580,True,True
0,1.45697,1.00933,0,0,1771326979417,True,True
0,1.45664,29.55058085,0,0,1771326987096,True,True
0,1.45655,14.14730095,0,0,1771327002898,False,True
0,1.45639,513.55335905,0,0,1771327002898,False,True
0,1.45631,2.54533096,0,0,1771327009286,True,True
0,1.45642,41.49384464,0,0,1771327009407,True,True
0,1.45643,294.08097536,0,0,1771327009407,True,True
0,1.45641,8.0,0,0,1771327023024,True,True
0,1.45641,5.30014,0,0,1771327023024,True,True
0,1.45641,98.42105,0,0,1771327023114,True,True
0,1.45559,387.46239634,0,0,1771327038945,True,True
0,1.45594,2.54576918,0,0,1771327054529,True,True
0,1.45557,70.78629573,0,0,1771327065042,False,True
0,1.45556,7542.34105336,0,0,1771327065042,False,True
0,1.4558,33.38369,0,0,1771327072312,True,True
0,1.45555,378.55806,0,0,1771327079672,True,True
0,1.45451,55.96386,0,0,1771327121918,False,True
0,1.45443,100.0,0,0,1771327125089,False,True
0,1.45457,37.40260573,0,0,1771327137815,True,True
0,1.45459,1117.25366064,0,0,1771327137815,True,True
0,1.45514,1.3312,0,0,1771327147983,True,True
0,1.45499,9.97128079,0,0,1771327165288,False,True
0,1.45499,4.08942857,0,0,1771327181546,False,True
0,1.455,30.0,0,0,1771327186963,True,True
0,1.45515,9.1668586,0,0,1771327186963,True,True
0,1.45589,35.39314786,0,0,1771327193922,False,True
0,1.45587,39.58240214,0,0,1771327193922,False,True
0,1.45601,10.40362,0,0,1771327232189,True,True
0,1.45703,60.0,0,0,1771327285992,False,True
0,1.45645,16.71168,0,0,1771327295673,False,True
0,1.456,18.87611,0,0,1771327318872,False,True
0,1.456,5.34354215,0,0,1771327325887,False,True
0,1.456,4.74728985,0,0,1771327326487,False,True
0,1.45493,4.10442427,0,0,1771327338220,False,True
0,1.45494,12.3132728,0,0,1771327353756,True,True
0,1.45495,21.63267167,0,0,1771327353756,True,True
0,1.45495,251.77193796,0,0,1771327353756,True,True
0,1.45497,1716.97279879,0,0,1771327353756,True,True
0,1.45464,43.6019964,0,0,1771327375947,False,True
0,1.45443,112.38434026,0,0,1771327375954,False,True
0,1.45446,660.7730572,0,0,1771327384729,False,True
0,1.45446,261.5625,0,0,1771327384729,False,True
0,1.4543,79.4227828,0,0,1771327384729,False,True
0,1.45463,1.33166,0,0,1771327395236,True,True
0,1.45386,70.33002,0,0,1771327416334,False,True
0,1.4542,34.27004797,0,0,1771327426251,False,True
0,1.45426,605.44085394,0,0,1771327449257,False,True
0,1.45424,262.96595659,0,0,1771327449257,False,True
0,1.45397,261.5625,0,0,1771327475779,False,True
0,1.45397,800.0,0,0,1771327475779,False,True
0,1.45397,661.39401814,0,0,1771327475779,False,True
0,1.45397,1577.91492434,0,0,1771327475779,False,True
0,1.45398,0.67428,0,0,1771327477035,True,True
0,1.45398,246.44648882,0,0,1771327480849,True,True
0,1.45398,300.32306171,0,0,1771327480850,True,True
0,1.45398,194.10401446,0,0,1771327480851,True,True
0,1.45453,1319.0211361,0,0,1771327531626,True,True
0,1.45502,9.16956941,0,0,1771327534348,True,True
0,1.45551,9.89487059,0,0,1771327534348,True,True
0,1.45582,0.66543,0,0,1771327539829,True,True
0,1.45382,4.10113356,0,0,1771327567918,True,True
0,1.45431,19.98328,0,0,1771327571186,True,True
0,1.45493,0.66735,0,0,1771327583876,True,True
0,1.45476,2533.27827,0,0,1771327655760,True,True
0,1.45499,261.5625,0,0,1771327680018,False,True
0,1.45493,436.16388,0,0,1771327680018,False,True
0,1.45611,60.31917112,0,0,1771327690134,False,True
0,1.45552,80.0,0,0,1771327725750,False,True
0,1.45644,4026.87582288,0,0,1771327757162,True,True
0,1.45656,3432.76527895,0,0,1771327757162,True,True
0,1.45657,2360.21602147,0,0,1771327757162,True,True
0,1.45661,610.18299957,0,0,1771327757162,True,True
0,1.45664,6865.15557054,0,0,1771327757162,True,True
0,1.45671,471.3,0,0,1771327757162,True,True
0,1.45672,3938.10220162,0,0,1771327757162,True,True
0,1.45605,1523.91833799,0,0,1771327791139,True,True
0,1.45679,1.35915,0,0,1771327800084,True,True
0,1.45693,19.26085,0,0,1771327811584,True,True
0,1.45706,1.34323,0,0,1771327817221,True,True
0,1.45743,6.861393,0,0,1771327854357,False,True
0,1.45742,442.05145665,0,0,1771327854357,False,True
0,1.45715,2547.96317,0,0,1771327859563,False,True
0,1.45708,3.35559,0,0,1771327868049,True,True
0,1.45706,371.45323285,0,0,1771327871306,False,True
0,1.45712,82.46332,0,0,1771327872998,False,True
0,1.45706,79.15815616,0,0,1771327873705,False,True
0,1.45706,111.24660384,0,0,1771327873705,False,True
0,1.4571,815.494415,0,0,1771327890059,False,True
0,1.4571,1142.11316169,0,0,1771327890205,False,True
0,1.45633,7.31066,0,0,1771327895582,True,True
0,1.4563,465.295551,0,0,1771327903483,False,True
0,1.45594,60.37592838,0,0,1771327903521,True,True
0,1.45532,3.08372041,0,0,1771327921923,True,True
0,1.45522,14.05286,0,0,1771327954674,False,True
0,1.45562,63.88586,0,0,1771327972908,True,True
0,1.45547,54.25683786,0,0,1771327989089,True,True
0,1.45557,45.54356214,0,0,1771327989089,True,True
0,1.45554,6.80364,0,0,1771327992074,True,True
0,1.45524,6.87171875,0,0,1771328004177,False,True
0,1.45524,8.93394125,0,0,1771328004177,False,True
0,1.45524,3.08372,0,0,1771328006793,False,True
0,1.45524,122.35746,0,0,1771328014310,False,True
0,1.45546,70.78418,0,0,1771328029189,False,True
0,1.45581,7.28742787,0,0,1771328050394,True,True
0,1.45591,1853.11875213,0,0,1771328050394,True,True
0,1.45599,18.357099,0,0,1771328050397,True,True
0,1.45591,117.85422,0,0,1771328081455,False,True
0,1.4561,6.49508,0,0,1771328094309,True,True
0,1.45596,35.24610726,0,0,1771328094696,False,True
0,1.45553,576.716268,0,0,1771328105421,True,True
0,1.4551,6.23244,0,0,1771328120758,True,True
0,1.45462,2026.88680569,0,0,1771328125954,True,True
0,1.45462,1410.44798869,0,0,1771328125954,True,True
0,1.4545,60.44068129,0,0,1771328126709,True,True
0,1.4539,643.51780876,0,0,1771328138204,True,True
0,1.4539,261.5625,0,0,1771328138204,True,True
0,1.45391,2632.19475551,0,0,1771328138204,True,True
0,1.45384,55.477625,0,0,1771328142533,True,True
0,1.4539,26.588695,0,0,1771328142533,True,True
0,1.45365,6.87923502,0,0,1771328161985,False,True
0,1.45351,129.443031,0,0,1771328161985,False,True
0,1.4534,1531.2266314,0,0,1771328161985,False,True
0,1.4534,1361.23063248,0,0,1771328161985,False,True
0,1.4534,272.09191258,0,0,1771328161985,False,True
0,1.4535,0.67783,0,0,1771328170034,True,True
0,1.45319,256.43382353,0,0,1771328173602,False,True
0,1.453,1693.71644872,0,0,1771328175439,False,True
0,1.45251,634.78287472,0,0,1771328182562,True,True
0,1.45251,31.49348528,0,0,1771328182562,True,True
0,1.45251,7.0,0,0,1771328193104,True,True
0,1.4525,2.05851979,0,0,1771328199775,False,True
0,1.4522,21.86617377,0,0,1771328199775,False,True
0,1.45231,100.0,0,0,1771328216693,True,True
0,1.45208,20.394783,0,0,1771328223222,True,True
0,1.45192,11.24468,0,0,1771328235623,True,True
0,1.4517,5.44859132,0,0,1771328242555,False,True
0,1.45184,5.33684,0,0,1771328251327,True,True
0,1.45158,175.70537705,0,0,1771328254886,True,True
0,1.45134,50.0,0,0,1771328256837,True,True
0,1.45133,5.91071288,0,0,1771328262600,False,True
0,1.45106,36.21801847,0,0,1771328262600,False,True
0,1.45103,261.5625,0,0,1771328262600,False,True
0,1.45101,640.97400734,0,0,1771328262600,False,True
0,1.451,1192.24487099,0,0,1771328262600,False,True
0,1.451,961.57457231,0,0,1771328262600,False,True
0,1.45123,54.17287,0,0,1771328264452,True,True
0,1.45165,1.60377,0,0,1771328269183,True,True
0,1.45188,66.74285,0,0,1771328300282,True,True
0,1.45182,13.34017,0,0,1771328301160,True,True
0,1.45148,52.95531,0,0,1771328346388,True,True
0,1.45133,10.0,0,0,1771328363198,True,True
0,1.45133,631.28473623,0,0,1771328367068,True,True
0,1.45133,1809.95211701,0,0,1771328367108,True,True
0,1.45184,12.87683318,0,0,1771328371253,False,True
0,1.45187,16.02448,0,0,1771328390467,True,True
0,1.45154,261.5625,0,0,1771328400480,False,True
0,1.45138,261.5625,0,0,1771328400480,False,True
0,1.45136,476.875,0,0,1771328400480,False,True
0,1.45124,1.08153,0,0,1771328404213,True,True
0,1.45144,17.05044,0,0,1771328449347,True,True
0,1.45136,65.21244,0,0,1771328460047,True,True
0,1.45183,0.85413,0,0,1771328489441,True,True
0,1.45179,15.75929573,0,0,1771328497419,True,True
0,1.45183,123.13989427,0,0,1771328497419,True,True
0,1.45304,12.6634,0,0,1771328536696,True,True
0,1.45303,608.89075616,0,0,1771328553267,True,True
0,1.45303,233.60119384,0,0,1771328553267,True,True
0,1.45237,249.86181,0,0,1771328569850,True,True
0,1.45224,429.25713,0,0,1771328586119,True,True
0,1.45215,6.7508,0,0,1771328588721,True,True
0,1.45222,34.43146761,0,0,1771328597497,True,True
0,1.45201,24.6176,0,0,1771328609447,True,True
0,1.452,100.0,0,0,1771328620209,False,True
0,1.4518,70.78629573,0,0,1771328620211,False,True
0,1.45209,17.04575,0,0,1771328637987,True,True
0,1.45213,113.76831,0,0,1771328644010,False,True
0,1.45187,16.6906,0,0,1771328656982,True,True
0,1.45158,246.27549298,0,0,1771328663181,True,True
0,1.45156,62.096,0,0,1771328701595,True,True
0,1.45177,3.29206495,0,0,1771328706439,False,True
0,1.45203,6.81929,0,0,1771328712378,True,True
0,1.45156,9.4055,0,0,1771328723000,True,True
0,1.45155,90.0,0,0,1771328758091,False,True
0,1.45077,40.0,0,0,1771328772929,False,True
0,1.45077,235.71565444,0,0,1771328773428,False,True
0,1.45028,103.87973645,0,0,1771328773433,True,True
0,1.45026,6.85855,0,0,1771328776358,True,True
0,1.45035,33.41687552,0,0,1771328778881,True,True
0,1.4501,10.0,0,0,1771328800280,False,True
0,1.4501,15.0,0,0,1771328800280,False,True
0,1.45,6896.55172413,0,0,1771328800280,False,True
0,1.45,8.96551724,0,0,1771328800280,False,True
0,1.45,172.4137931,0,0,1771328800280,False,True
0,1.45,542.0,0,0,1771328800280,False,True
0,1.45,269.41915056,0,0,1771328800280,False,True
0,1.45,5000.0,0,0,1771328800280,False,True
0,1.45,300.0,0,0,1771328800280,False,True
0,1.45,34.48275862,0,0,1771328800280,False,True
0,1.45,20.75862068,0,0,1771328800280,False,True
0,1.45,20.75862068,0,0,1771328800280,False,True
0,1.45,331.31724137,0,0,1771328800280,False,True
0,1.45,142.87586206,0,0,1771328800280,False,True
0,1.45,68.89655172,0,0,1771328800280,False,True
0,1.45,4360.13337984,0,0,1771328800280,False,True
0,1.45,8968.6,0,0,1771328800295,False,True
0,1.45,38618.52868912,0,0,1771328800295,False,True
0,1.45,33.89655172,0,0,1771328800295,False,True
0,1.45,100.0,0,0,1771328800295,False,True
0,1.45,3.5,0,0,1771328800295,False,True
0,1.45,5.0,0,0,1771328800295,False,True
0,1.45,344.8275862,0,0,1771328800295,False,True
0,1.45,53.6,0,0,1771328800295,False,True
0,1.45,137.93103448,0,0,1771328800295,False,True
0,1.45,100.0,0,0,1771328800295,False,True
0,1.45,482.24137932,0,0,1771328800295,False,True
0,1.45,100.0,0,0,1771328800295,False,True
0,1.45,34.48275862,0,0,1771328800295,False,True
0,1.45,25.65681553,0,0,1771328800295,False,True
0,1.45,16.06206896,0,0,1771328800295,False,True
0,1.45,5140.33103448,0,0,1771328800295,False,True
0,1.45,2.31034482,0,0,1771328800295,False,True
0,1.44999,2.0,0,0,1771328800295,False,True
0,1.44988,425.8,0,0,1771328800299,False,True
0,1.44942,26.32189857,0,0,1771328800500,True,True
0,1.44941,81.12172114,0,0,1771328800578,False,True
0,1.44941,146.13986887,0,0,1771328800578,False,True
0,1.4494,89.24,0,0,1771328800578,False,True
0,1.4492,500.0,0,0,1771328800578,False,True
0,1.44913,129.83427297,0,0,1771328800578,False,True
0,1.44911,1571.8409,0,0,1771328800578,False,True
0,1.44902,158.80195593,0,0,1771328800578,False,True
0,1.449,17.61904761,0,0,1771328800578,False,True
0,1.44896,261.5625,0,0,1771328800578,False,True
0,1.4489,403.00764348,0,0,1771328800578,False,True
0,1.4489,3.41525389,0,0,1771328800579,False,True
0,1.44955,9.4191,0,0,1771328801453,True,True
0,1.44955,10.989,0,0,1771328801574,True,True
0,1.44955,16.3601,0,0,1771328801800,True,True
0,1.44966,261.5625,0,0,1771328802019,False,True
0,1.44965,496.35957792,0,0,1771328802019,False,True
0,1.44965,758.30988937,0,0,1771328802019,False,True
0,1.44965,591.69011063,0,0,1771328802019,False,True
0,1.44965,1602.74882755,0,0,1771328802019,False,True
0,1.44954,75.25117245,0,0,1771328802019,False,True
0,1.44954,186.31132755,0,0,1771328802019,False,True
0,1.44954,1163.68867245,0,0,1771328802019,False,True
0,1.44954,1000.0,0,0,1771328802020,False,True
0,1.45005,660.0,0,0,1771328808816,False,True
0,1.45114,88.64865,0,0,1771328853774,False,True
0,1.45058,750.0,0,0,1771328858484,False,True
0,1.45021,88.64865,0,0,1771328863128,False,True
0,1.4502,0.75295305,0,0,1771328869248,False,True
0,1.45019,35.38898,0,0,1771328876782,True,True
0,1.45052,101.78694557,0,0,1771328892319,False,True
0,1.4508,6.85846,0,0,1771328893037,True,True
0,1.45127,280.0,0,0,1771328902593,False,True
0,1.45104,29.69013,0,0,1771328912850,True,True
0,1.45102,205.446145,0,0,1771328915752,True,True
0,1.45102,99.14228812,0,0,1771328915752,True,True
0,1.45083,199.8,0,0,1771328917498,False,True
0,1.45127,14.6,0,0,1771328972035,False,True
0,1.45145,69.2411,0,0,1771328984767,False,True
0,1.45145,1000.0,0,0,1771328986676,False,True
0,1.45163,53.74054573,0,0,1771328996747,True,True
0,1.45164,13.80050427,0,0,1771328996747,True,True
0,1.45112,1.25718102,0,0,1771329006955,False,True
0,1.45113,6.8913532,0,0,1771329018081,True,True
0,1.4513,493.1086468,0,0,1771329018081,True,True
0,1.45171,6.88842812,0,0,1771329031585,False,True
0,1.4517,69.11157188,0,0,1771329031585,False,True
0,1.45189,6.88737589,0,0,1771329033253,True,True
0,1.4519,195.79442411,0,0,1771329033253,True,True
0,1.45178,33.35369,0,0,1771329040537,True,True
0,1.45176,6.88891903,0,0,1771329046267,True,True
0,1.45177,261.5625,0,0,1771329046267,True,True
0,1.45182,405.12749097,0,0,1771329046267,True,True
0,1.45154,6.88923488,0,0,1771329048022,False,True
0,1.45153,65.66405512,0,0,1771329048022,False,True
0,1.45174,6.88872433,0,0,1771329052125,True,True
0,1.45179,59.62071367,0,0,1771329052125,True,True
0,1.45165,6.88871284,0,0,1771329053595,True,True
0,1.45165,400.80573123,0,0,1771329060219,True,True
0,1.45165,225.24147023,0,0,1771329060264,True,True
0,1.45165,150.16176261,0,0,1771329060433,True,True
0,1.45165,150.16103556,0,0,1771329060438,True,True
0,1.45165,150.1609174,0,0,1771329060444,True,True
0,1.45165,225.24233947,0,0,1771329060447,True,True
0,1.45165,150.16091739,0,0,1771329060449,True,True
0,1.45165,150.16188078,0,0,1771329060455,True,True
0,1.45165,150.16091739,0,0,1771329060460,True,True
0,1.45165,56.9538861,0,0,1771329060606,True,True
0,1.45218,65.66405512,0,0,1771329066426,True,True
0,1.45219,600.0,0,0,1771329066426,True,True
0,1.45221,600.0,0,0,1771329066426,True,True
0,1.45221,628.63509187,0,0,1771329066426,True,True
0,1.45222,171.52621504,0,0,1771329066426,True,True
0,1.45205,21.94723,0,0,1771329072300,True,True
0,1.4513,33.36145,0,0,1771329092278,True,True
0,1.45128,246.20390702,0,0,1771329096126,True,True
0,1.45121,7.0,0,0,1771329108626,True,True
0,1.45131,3.98045358,0,0,1771329129134,False,True
0,1.45132,31.295,0,0,1771329130096,True,True
0,1.4518,658.2724162,0,0,1771329136437,False,True
0,1.45174,9363.7,0,0,1771329136437,False,True
0,1.4517,29965.5,0,0,1771329136437,False,True
0,1.45166,3444.32539037,0,0,1771329136437,False,True
0,1.45156,4824.517862,0,0,1771329136437,False,True
0,1.45155,1193.55076699,0,0,1771329136437,False,True
0,1.45155,6889.15750197,0,0,1771329136437,False,True
0,1.4515,1485.19766,0,0,1771329136437,False,True
0,1.45135,688.95671285,0,0,1771329136437,False,True
0,1.45132,600.0,0,0,1771329136437,False,True
0,1.45131,600.0,0,0,1771329136437,False,True
0,1.45131,6887.66511212,0,0,1771329136437,False,True
0,1.45131,381.7,0,0,1771329136437,False,True
0,1.45127,2745.57302836,0,0,1771329136437,False,True
0,1.45126,2490.246534,0,0,1771329136437,False,True
0,1.45117,1722.39178212,0,0,1771329136437,False,True
0,1.45114,8524.03071297,0,0,1771329136506,True,True
0,1.45114,313.6172,0,0,1771329138217,True,True
0,1.45114,15406.82568244,0,0,1771329172814,True,True
0,1.45114,13779.29193071,0,0,1771329172835,True,True
0,1.45114,8524.03071297,0,0,1771329172839,True,True
0,1.45114,17348.71546,0,0,1771329172841,True,True
0,1.45114,1703.39481432,0,0,1771329172843,True,True
0,1.45114,18180.78499,0,0,1771329172847,True,True
0,1.45114,3636.15699,0,0,1771329172853,True,True
0,1.45114,12674.77937676,0,0,1771329172860,True,True
0,1.45114,12772.25101911,0,0,1771329172863,True,True
0,1.45114,1242.25985,0,0,1771329172877,True,True
0,1.45114,11178.85592947,0,0,1771329172878,True,True
0,1.45114,14253.42349896,0,0,1771329172924,True,True
0,1.45114,650.14221862,0,0,1771329172936,True,True
0,1.45114,1938.05129256,0,0,1771329172939,True,True
0,1.45114,12829.33366497,0,0,1771329172940,True,True
0,1.45114,12230.22151626,0,0,1771329172947,True,True
0,1.45114,3441.39263859,0,0,1771329173004,True,True
0,1.45114,2988.08972378,0,0,1771329173034,True,True
0,1.45114,230.59428134,0,0,1771329173076,True,True
0,1.45114,2616.33996897,0,0,1771329173142,True,True
0,1.45113,351.03678,0,0,1771329175863,False,True
0,1.45114,2027.0,0,0,1771329176378,True,True
0,1.45114,26.50405887,0,0,1771329190612,True,True
0,1.45112,33.45211,0,0,1771329202478,True,True
0,1.45114,133.81027,0,0,1771329217976,True,True
0,1.45114,9665.32454545,0,0,1771329226958,True,True
0,1.45114,5.29647,0,0,1771329230043,True,True
0,1.45114,9676.90640503,0,0,1771329231499,True,True
0,1.45114,9991.25685238,0,0,1771329231514,True,True
0,1.45114,14682.06974445,0,0,1771329231570,True,True
0,1.45114,13034.23193978,0,0,1771329231601,True,True
0,1.45114,8524.03071297,0,0,1771329231604,True,True
0,1.45114,8338.33467385,0,0,1771329232544,True,True
0,1.45114,8340.75783581,0,0,1771329232792,True,True
0,1.45114,10011.91536814,0,0,1771329233017,True,True
0,1.45114,7330.64748177,0,0,1771329233259,True,True
0,1.45114,8043.96453276,0,0,1771329233612,True,True
0,1.45114,7973.98679212,0,0,1771329233798,True,True
0,1.45114,7068.12046589,0,0,1771329233882,True,True
0,1.45114,7118.10956515,0,0,1771329234381,True,True
0,1.45114,6997.05899384,0,0,1771329234584,True,True
0,1.45114,7188.64581663,0,0,1771329234891,True,True
0,1.45114,7351.02659174,0,0,1771329235041,True,True
0,1.45114,7507.55570464,0,0,1771329235284,True,True
0,1.45114,7040.4655399,0,0,1771329235616,True,True
0,1.45114,8101.90077124,0,0,1771329235819,True,True
0,1.45114,7657.71762881,0,0,1771329236015,True,True
0,1.45114,7182.43915003,0,0,1771329236229,True,True
0,1.45114,6966.69695731,0,0,1771329236431,True,True
0,1.45114,7067.14853716,0,0,1771329236923,True,True
0,1.45114,7067.14838902,0,0,1771329237136,True,True
0,1.45114,7451.53752995,0,0,1771329238718,True,True
0,1.45114,7451.53752995,0,0,1771329238976,True,True
0,1.45114,7144.29655135,0,0,1771329239208,True,True
0,1.45113,6.55305522,0,0,1771329260724,False,True
0,1.45114,7243.24347273,0,0,1771329262124,True,True
0,1.45114,11200.07830167,0,0,1771329262127,True,True
0,1.45114,10308.91543709,0,0,1771329262127,True,True
0,1.45114,8463.14348448,0,0,1771329262133,True,True
0,1.45114,8804.88787797,0,0,1771329263320,True,True
0,1.45114,9646.7207512,0,0,1771329264840,True,True
0,1.45114,8364.98247751,0,0,1771329264921,True,True
0,1.45114,7757.71502645,0,0,1771329264989,True,True
0,1.45114,11524.94174791,0,0,1771329268282,True,True
0,1.45114,12979.41230994,0,0,1771329268342,True,True
0,1.45114,8524.03071297,0,0,1771329268362,True,True
0,1.45114,163.21235,0,0,1771329268660,True,True
0,1.45114,9147.56437366,0,0,1771329268662,True,True
0,1.45114,8940.07769833,0,0,1771329269176,True,True
0,1.45114,8281.72934304,0,0,1771329269263,True,True
0,1.45114,9672.19932764,0,0,1771329269553,True,True
0,1.45114,7743.4480453,0,0,1771329269881,True,True
0,1.45114,6991.71807798,0,0,1771329270200,True,True
0,1.45114,0.83265,0,0,1771329313282,True,True
0,1.45114,33.33168,0,0,1771329317535,True,True
0,1.45114,13.51068,0,0,1771329322041,True,True
0,1.45114,7844.06648088,0,0,1771329336937,True,True
0,1.45114,9273.28648767,0,0,1771329336962,True,True
0,1.45114,9638.73967309,0,0,1771329336975,True,True
0,1.45114,8524.03071297,0,0,1771329337037,True,True
0,1.45114,11452.87227977,0,0,1771329337038,True,True
0,1.45113,20.0,0,0,1771329341717,False,True
0,1.45113,14795.54823,0,0,1771329341717,False,True
0,1.45113,77.15177,0,0,1771329341717,False,True
0,1.45102,18180.78499,0,0,1771329341718,False,True
0,1.45102,10455.83482,0,0,1771329341718,False,True
0,1.45114,16051.54555685,0,0,1771329345041,True,True
0,1.45114,77.6791189,0,0,1771329345109,True,True
0,1.45114,150.12921461,0,0,1771329345112,True,True
0,1.45114,75.06460731,0,0,1771329345113,True,True
0,1.45114,75.0646073,0,0,1771329345115,True,True
0,1.45114,150.12921462,0,0,1771329345115,True,True
0,1.45114,150.12921461,0,0,1771329345115,True,True
0,1.45114,8524.03071297,0,0,1771329345124,True,True
0,1.45114,13386.22126002,0,0,1771329345201,True,True
0,1.45114,7937.18036194,0,0,1771329345895,True,True
0,1.45114,7597.29673809,0,0,1771329345981,True,True
0,1.45114,8524.03071297,0,0,1771329346059,True,True
0,1.45114,7879.80415251,0,0,1771329346074,True,True
0,1.45114,8040.23372368,0,0,1771329346146,True,True
0,1.45114,0.83419,0,0,1771329349146,True,True
0,1.45069,17.20843,0,0,1771329367407,False,True
0,1.45089,0.73575,0,0,1771329372951,True,True
0,1.45058,6.75834,0,0,1771329383245,True,True
0,1.4508,13.38398,0,0,1771329408857,True,True
0,1.4508,1985.0448414,0,0,1771329410222,True,True
0,1.45114,8673.40041638,0,0,1771329421365,True,True
0,1.45114,6998.35984654,0,0,1771329421387,True,True
0,1.45114,8524.03071297,0,0,1771329421395,True,True
0,1.45114,8754.44448569,0,0,1771329421440,True,True
0,1.45114,9813.09329827,0,0,1771329421463,True,True
0,1.45114,9418.66702676,0,0,1771329421526,True,True
0,1.45114,6958.68029884,0,0,1771329421578,True,True
0,1.45114,9584.17562589,0,0,1771329421580,True,True
0,1.45114,1703.39481432,0,0,1771329421590,True,True
0,1.45114,12282.87033219,0,0,1771329421647,True,True
0,1.45114,9561.15800572,0,0,1771329421659,True,True
0,1.45114,1106.78377368,0,0,1771329421690,True,True
0,1.45114,8524.03071297,0,0,1771329422219,True,True
0,1.45107,16.72997,0,0,1771329440764,True,True
0,1.45112,1459.21223508,0,0,1771329447620,True,True
0,1.45113,1889.90025492,0,0,1771329447620,True,True
0,1.45114,2.64982183,0,0,1771329457563,True,True
0,1.45114,9622.96962112,0,0,1771329464922,True,True
0,1.45114,15070.43308147,0,0,1771329464926,True,True
0,1.45114,18180.78499,0,0,1771329464927,True,True
0,1.45114,7705.14041212,0,0,1771329464934,True,True
0,1.45114,20305.42854256,0,0,1771329465021,True,True
0,1.45114,7968.51331092,0,0,1771329465030,True,True
0,1.45114,8524.03071297,0,0,1771329465030,True,True
0,1.45114,56.92462345,0,0,1771329465132,True,True
0,1.45114,10784.64743512,0,0,1771329465409,True,True
0,1.45114,7872.49544565,0,0,1771329465426,True,True
0,1.45114,56.92462345,0,0,1771329465505,True,True
0,1.45114,8524.03071297,0,0,1771329466063,True,True
0,1.45114,7683.43083292,0,0,1771329467141,True,True
0,1.45114,9124.81701831,0,0,1771329467241,True,True
0,1.45114,8802.8027392,0,0,1771329467451,True,True
0,1.45114,9190.7406593,0,0,1771329467696,True,True
0,1.45114,6988.07895725,0,0,1771329467898,True,True
0,1.45114,8706.19067869,0,0,1771329468204,True,True
0,1.45114,867.11001305,0,0,1771329468564,True,True
0,1.45057,0.93,0,0,1771329490296,False,True
0,1.45104,69.85629573,0,0,1771329517789,False,True
0,1.451,13.5799,0,0,1771329544001,True,True
0,1.451,2.63405411,0,0,1771329562546,True,True
0,1.451,4379.14308257,0,0,1771329566340,True,True
0,1.45144,303.99685,0,0,1771329582090,False,True
0,1.45132,2.98305463,0,0,1771329586552,False,True
0,1.45175,20.06573,0,0,1771329594079,True,True
0,1.45175,6.75317,0,0,1771329600166,True,True
0,1.45124,6.85397,0,0,1771329605564,True,True
0,1.45135,6.88836308,0,0,1771329609766,True,True
0,1.45136,60.64803692,0,0,1771329609766,True,True
0,1.45207,1.34451059,0,0,1771329626222,True,True
0,1.45206,6.88676776,0,0,1771329627912,True,True
0,1.45165,3.37682,0,0,1771329631032,True,True
0,1.45159,10.05717,0,0,1771329631316,True,True
0,1.45133,0.96858,0,0,1771329638394,True,True
0,1.45138,6.89063674,0,0,1771329639423,True,True
0,1.45139,10.07184326,0,0,1771329639423,True,True
0,1.45156,12.0,0,0,1771329641388,True,True
0,1.45178,6.89062636,0,0,1771329641388,True,True
0,1.45179,383.26221189,0,0,1771329641388,True,True
0,1.4519,70.78629573,0,0,1771329641388,True,True
0,1.45195,27.06086602,0,0,1771329641388,True,True
0,1.45139,6.88854351,0,0,1771329642913,True,True
0,1.4514,1.63766649,0,0,1771329642913,True,True
0,1.45162,6.89014486,0,0,1771329648966,True,True
0,1.45163,6.45586514,0,0,1771329648966,True,True
0,1.45148,6.78672,0,0,1771329656905,True,True
0,1.45148,2593.21328,0,0,1771329661608,True,True
0,1.45216,75.0,0,0,1771329681507,True,True
0,1.45197,96.61406,0,0,1771329688924,True,True
0,1.45193,75.17241379,0,0,1771329699407,False,True
0,1.45194,675.22911,0,0,1771329699890,True,True
0,1.45194,87.89498333,0,0,1771329701459,True,True
0,1.45193,71.49711,0,0,1771329706232,False,True
0,1.45211,9.11592,0,0,1771329725457,True,True
0,1.45194,128.21737,0,0,1771329736450,True,True
0,1.45284,10.05716,0,0,1771329747285,False,True
0,1.4535,115.46981178,0,0,1771329756584,False,True
0,1.45351,129.83427297,0,0,1771329767759,True,True
0,1.45368,84.70397,0,0,1771329778145,True,True
0,1.45347,23.86289,0,0,1771329791704,False,True
0,1.45372,1.66522,0,0,1771329791780,True,True
0,1.45363,633.85863741,0,0,1771329796022,True,True
0,1.455,7.67001714,0,0,1771329802506,False,True
0,1.45504,192.22146,0,0,1771329803862,True,True
0,1.45519,1073.79199894,0,0,1771329811884,True,True
0,1.45519,261.5625,0,0,1771329811884,True,True
0,1.45522,578.68222857,0,0,1771329811884,True,True
0,1.45532,23.86289,0,0,1771329826143,True,True
0,1.45532,261.5625,0,0,1771329826143,True,True
0,1.45534,76.42136548,0,0,1771329826143,True,True
0,1.45534,236.83650144,0,0,1771329826143,True,True
0,1.45534,236.83650145,0,0,1771329826143,True,True
0,1.45534,164.48024163,0,0,1771329826143,True,True
0,1.45518,2000.0,0,0,1771329849172,True,True
0,1.45518,2000.0,0,0,1771329849172,True,True
0,1.45488,13.25451,0,0,1771329853849,True,True
0,1.45522,5.305537,0,0,1771329866828,True,True
0,1.455,26.0,0,0,1771329883295,False,True
0,1.45465,672.44532,0,0,1771329900757,True,True
0,1.454,70.78629573,0,0,1771329914508,False,True
0,1.45397,2.66563427,0,0,1771329914508,False,True
0,1.454,59.02058,0,0,1771329921240,True,True
0,1.454,202.54192,0,0,1771329922751,True,True
0,1.4541,70.78629573,0,0,1771329922751,True,True
0,1.4541,59.51097,0,0,1771329923020,False,True
0,1.4541,354.87142565,0,0,1771329924745,False,True
0,1.45357,3.37236,0,0,1771329926035,True,True
0,1.45357,258.19014,0,0,1771329926846,True,True
0,1.45362,340.6671785,0,0,1771329926846,True,True
0,1.45363,89.1039815,0,0,1771329926846,True,True
0,1.45418,16.53165358,0,0,1771329938224,True,True
0,1.45418,6.66583,0,0,1771329938628,True,True
0,1.45403,15.49244,0,0,1771329943793,False,True
0,1.45401,6.8428,0,0,1771329951893,True,True
0,1.45398,5.55510467,0,0,1771329954058,True,True
0,1.45399,2.06617,0,0,1771329954687,True,True
0,1.45325,261.5625,0,0,1771329975710,True,True
0,1.45326,71.48989,0,0,1771329975710,True,True
0,1.45309,182.7770776,0,0,1771330003130,True,True
0,1.4531,1817.2229224,0,0,1771330003130,True,True
0,1.45406,1500.0,0,0,1771330027526,True,True
0,1.4542,1948.79952007,0,0,1771330027526,True,True
0,1.45421,261.5625,0,0,1771330027526,True,True
0,1.45428,1919.46803147,0,0,1771330027526,True,True
0,1.45435,2000.0,0,0,1771330028863,True,True
0,1.45445,1500.0,0,0,1771330029359,True,True
0,1.45448,3437.65850643,0,0,1771330029359,True,True
0,1.4552,2000.0,0,0,1771330032187,True,True
0,1.45508,400.0,0,0,1771330032939,False,True
0,1.45508,261.5625,0,0,1771330032939,False,True
0,1.45504,400.0,0,0,1771330032939,False,True
0,1.455,404.98995819,0,0,1771330032939,False,True
0,1.45603,2000.0,0,0,1771330038692,True,True
0,1.45608,15.99219,0,0,1771330041824,True,True
0,1.45635,12.69334,0,0,1771330049919,True,True
0,1.45715,150.13535184,0,0,1771330057003,True,True
0,1.45715,1296.66074209,0,0,1771330057014,True,True
0,1.45715,53.20390607,0,0,1771330057043,True,True
0,1.45734,1350.74352898,0,0,1771330057043,True,True
0,1.4579,129.443031,0,0,1771330059654,True,True
0,1.4585,18.27913,0,0,1771330067320,True,True
0,1.45821,128.10886,0,0,1771330069889,True,True
0,1.45777,4.59539,0,0,1771330079626,False,True
0,1.45777,3.42359749,0,0,1771330081303,False,True
0,1.45777,1.12661856,0,0,1771330081306,False,True
0,1.4583,60.25709265,0,0,1771330089986,False,True
0,1.45807,249.37074,0,0,1771330105631,True,True
0,1.45668,120.75468745,0,0,1771330142406,True,True
0,1.45663,9.14827292,0,0,1771330145087,False,True
0,1.45602,12.33873,0,0,1771330148614,False,True
0,1.45603,3.33379,0,0,1771330171342,True,True
0,1.45603,26.41374147,0,0,1771330172049,True,True
0,1.4566,134.4534049,0,0,1771330187422,False,True
0,1.45661,8.0,0,0,1771330190182,False,True
0,1.45661,27.140566,0,0,1771330198740,False,True
0,1.45648,6.86584499,0,0,1771330208705,True,True
0,1.45649,6.79579501,0,0,1771330208705,True,True
0,1.45646,49.05478786,0,0,1771330211968,False,True
0,1.45645,6.86600981,0,0,1771330211968,False,True
0,1.45644,1968.31470133,0,0,1771330211968,False,True
0,1.45664,6.86554591,0,0,1771330213985,True,True
0,1.45665,681.31741609,0,0,1771330213985,True,True
0,1.45664,6.86554591,0,0,1771330215990,True,True
0,1.45665,164.76117888,0,0,1771330215990,True,True
0,1.45693,6.86374774,0,0,1771330221575,False,True
0,1.45692,53.43513035,0,0,1771330221575,False,True
0,1.4571,66.72893,0,0,1771330221974,True,True
0,1.45745,174.95832,0,0,1771330271143,False,True
0,1.45749,8.5242609,0,0,1771330276727,False,True
0,1.45741,3.3,0,0,1771330303296,True,True
0,1.45722,68.38464667,0,0,1771330305204,True,True
0,1.45713,2.04742543,0,0,1771330308166,False,True
0,1.45781,49.05478786,0,0,1771330343776,True,True
0,1.45781,19.36928041,0,0,1771330343776,True,True
0,1.45777,3429.89634853,0,0,1771330381848,False,True
0,1.45776,685.94633156,0,0,1771330381848,False,True
0,1.45773,620.24297179,0,0,1771330381866,False,True
0,1.45773,65.70335977,0,0,1771330381868,False,True
0,1.45729,665.92163,0,0,1771330387018,True,True
0,1.45728,6.84621,0,0,1771330387360,True,True
0,1.45727,9.999999,0,0,1771330394162,True,True
0,1.45706,6.855382,0,0,1771330394914,False,True
0,1.45726,12.02425,0,0,1771330414705,False,True
0,1.45708,63.93091373,0,0,1771330414705,False,True
0,1.45699,463.50448586,0,0,1771330414705,False,True
0,1.4572,15.0,0,0,1771330429392,True,True
0,1.45724,2.63923963,0,0,1771330449165,True,True
0,1.45724,6.82815,0,0,1771330451764,True,True
0,1.45724,46.3189061,0,0,1771330455558,True,True
0,1.45724,486.6711339,0,0,1771330455558,True,True
0,1.45723,12.5246,0,0,1771330462001,False,True
0,1.45723,39.7879,0,0,1771330462898,False,True
0,1.45705,13.31970025,0,0,1771330467257,True,True
0,1.4569,66.0,0,0,1771330478488,False,True
0,1.4569,13.72768393,0,0,1771330503223,True,True
0,1.45611,70.78629573,0,0,1771330513462,False,True
0,1.4561,549.45667606,0,0,1771330513462,False,True
0,1.45651,3.39887,0,0,1771330519037,True,True
0,1.4564,351.06186,0,0,1771330519717,False,True
0,1.45655,13.46582,0,0,1771330522258,True,True
0,1.45724,7.12197889,0,0,1771330532422,False,True
0,1.45725,12.98074774,0,0,1771330542749,True,True
0,1.45725,8.88579885,0,0,1771330542749,True,True
0,1.45725,2.81621786,0,0,1771330542749,True,True
0,1.45725,17.91355856,0,0,1771330542749,True,True
0,1.45725,12.31408417,0,0,1771330542749,True,True
0,1.45725,2.47554289,0,0,1771330542749,True,True
0,1.45725,6.66270801,0,0,1771330542749,True,True
0,1.45725,13.74685185,0,0,1771330542749,True,True
0,1.45725,1.73034982,0,0,1771330542749,True,True
0,1.45725,2.82017244,0,0,1771330542749,True,True
0,1.45725,53.13568481,0,0,1771330542749,True,True
0,1.45725,30.65810007,0,0,1771330542749,True,True
0,1.45725,2.61432826,0,0,1771330542749,True,True
0,1.45725,14.87465248,0,0,1771330542749,True,True
0,1.45725,2.21298417,0,0,1771330542749,True,True
0,1.45725,4.38259295,0,0,1771330542749,True,True
0,1.45725,5.71178198,0,0,1771330542749,True,True
0,1.45725,1.88390451,0,0,1771330542749,True,True
0,1.45725,9.43608476,0,0,1771330542749,True,True
0,1.45725,5.43880078,0,0,1771330542749,True,True
0,1.45725,6.52128375,0,0,1771330542749,True,True
0,1.45725,19.89009687,0,0,1771330542749,True,True
0,1.45725,26.24159999,0,0,1771330542749,True,True
0,1.45725,2.79579975,0,0,1771330542749,True,True
0,1.45725,557.6875739,0,0,1771330542749,True,True
0,1.45725,4.90905779,0,0,1771330542749,True,True
0,1.45725,57.54099226,0,0,1771330542749,True,True
0,1.45725,41.67497695,0,0,1771330542749,True,True
0,1.45725,26.90203893,0,0,1771330542749,True,True
0,1.45725,14.69355079,0,0,1771330542749,True,True
0,1.45724,42.56083,0,0,1771330548597,False,True
0,1.4568,2.82917173,0,0,1771330576848,False,True
0,1.45675,21.92732786,0,0,1771330583333,True,True
0,1.45676,526.39343978,0,0,1771330583333,True,True
0,1.45702,3431.66188521,0,0,1771330608720,False,True
0,1.45721,24.68662108,0,0,1771330618391,False,True
0,1.45722,12.7524,0,0,1771330622649,True,True
0,1.45722,22.64074787,0,0,1771330622684,True,True
0,1.45722,261.5625,0,0,1771330622684,True,True
0,1.45723,264.11751977,0,0,1771330622684,True,True
0,1.45725,761.3355555,0,0,1771330626654,True,True
0,1.45725,8999.8222049,0,0,1771330626663,True,True
0,1.45725,300.32250774,0,0,1771330626666,True,True
0,1.45725,10677.64430497,0,0,1771330626679,True,True
0,1.45725,8010.16991198,0,0,1771330626705,True,True
0,1.45725,8524.03071297,0,0,1771330626790,True,True
0,1.45725,7707.70661566,0,0,1771330627136,True,True
0,1.45725,7167.90387036,0,0,1771330627225,True,True
0,1.45725,10145.59960698,0,0,1771330627237,True,True
0,1.45725,9782.23821785,0,0,1771330627238,True,True
0,1.45725,33.63843,0,0,1771330630491,True,True
0,1.45724,14.14893052,0,0,1771330633682,False,True
0,1.45725,8017.06018824,0,0,1771330638451,True,True
0,1.45725,7014.23934913,0,0,1771330640431,True,True
0,1.45725,7440.62718537,0,0,1771330640442,True,True
0,1.45725,2332.7373879,0,0,1771330640513,True,True
0,1.45725,2113.88762117,0,0,1771330640513,True,True
0,1.4578,33.62113,0,0,1771330643896,True,True
0,1.45785,3429.71707835,0,0,1771330651745,True,True
0,1.45785,667.92671217,0,0,1771330651745,True,True
0,1.45739,3430.79066001,0,0,1771330662922,True,True
0,1.4574,659.13270208,0,0,1771330662922,True,True
0,1.45709,0.67284,0,0,1771330682843,True,True
0,1.45709,3.33155,0,0,1771330689212,True,True
0,1.45709,5.70773482,0,0,1771330708994,True,True
0,1.45708,9.14968542,0,0,1771330726386,False,True
0,1.45685,930.85031458,0,0,1771330726386,False,True
0,1.4566,30.0,0,0,1771330748108,False,True
0,1.45703,6.86327666,0,0,1771330812251,False,True
0,1.45702,70.78629573,0,0,1771330812251,False,True
0,1.457,120.76928761,0,0,1771330812251,False,True
0,1.45724,6.0,0,0,1771330814709,True,True
0,1.45724,6.86296385,0,0,1771330814922,True,True
0,1.45725,1.01933615,0,0,1771330814922,True,True
0,1.45735,6.82782,0,0,1771330828010,True,True
0,1.45731,6.86214616,0,0,1771330833958,True,True
0,1.45731,59.75103384,0,0,1771330833958,True,True
0,1.45663,1164.60597406,0,0,1771330846702,True,True
0,1.4566,73.68635,0,0,1771330872546,False,True
0,1.45651,4.26579,0,0,1771330877112,True,True
0,1.45661,16.62131,0,0,1771330889965,True,True
0,1.45661,666.52967,0,0,1771330894428,True,True
0,1.45661,11413.96242481,0,0,1771330895542,True,True
0,1.45848,6.75619,0,0,1771330911164,True,True
0,1.45839,1.41353137,0,0,1771330945193,False,True
0,1.45835,34.19982,0,0,1771330957379,True,True
0,1.45821,501.220311,0,0,1771330965726,True,True
0,1.45821,33.21501,0,0,1771330965840,True,True
0,1.45823,11.03526189,0,0,1771330968137,True,True
0,1.45823,28.95923811,0,0,1771330968137,True,True
0,1.4573,16.67705,0,0,1771330981884,False,True
0,1.45735,442.46663399,0,0,1771330999323,False,True
0,1.45727,9.14350491,0,0,1771330999323,False,True
0,1.45727,1.1e-07,0,0,1771330999323,False,True
0,1.45753,504.48852427,0,0,1771331019782,False,True
0,1.45768,261.5625,0,0,1771331026793,True,True
0,1.45769,1099.56350585,0,0,1771331026793,True,True
0,1.45703,20.0,0,0,1771331057862,False,True
0,1.45687,1.31969558,0,0,1771331066742,True,True
0,1.45651,778.87715,0,0,1771331074096,False,True
0,1.45671,261.5625,0,0,1771331074693,True,True
0,1.45672,20.0,0,0,1771331074693,True,True
0,1.45674,3123.5183449,0,0,1771331074693,True,True
0,1.45579,57.2154,0,0,1771331101532,True,True
0,1.45562,1183.98473241,0,0,1771331102790,True,True
0,1.45562,261.5625,0,0,1771331102790,True,True
0,1.45564,4801.5591583,0,0,1771331102790,True,True
0,1.45565,568.1547847,0,0,1771331102790,True,True
0,1.45534,13.47201,0,0,1771331111522,True,True
0,1.45491,610.0,0,0,1771331114567,False,True
0,1.45464,111.32407,0,0,1771331124193,False,True
0,1.4547,979.5579419,0,0,1771331136463,True,True
0,1.45471,986.36119629,0,0,1771331136463,True,True
0,1.45486,3388.65592295,0,0,1771331136463,True,True
0,1.45518,6.23694,0,0,1771331143028,True,True
0,1.4549,1330.0,0,0,1771331159355,False,True
0,1.45478,69.43210725,0,0,1771331179277,False,True
0,1.45476,1916.32238925,0,0,1771331179277,False,True
0,1.45475,800.0,0,0,1771331179277,False,True
0,1.45471,5392.81482472,0,0,1771331179277,False,True
0,1.455,162.73,0,0,1771331186210,False,True
0,1.45619,33.36244,0,0,1771331196513,True,True
0,1.45622,201.97336,0,0,1771331198033,True,True
0,1.4563,19.23145,0,0,1771331219287,True,True
0,1.45588,2000.0,0,0,1771331239885,False,True
0,1.45573,261.5625,0,0,1771331239885,False,True
0,1.45567,3434.84017734,0,0,1771331239885,False,True
0,1.45563,1277.5482595,0,0,1771331239885,False,True
0,1.45556,261.5625,0,0,1771331239885,False,True
0,1.45554,305.50749486,0,0,1771331239885,False,True
0,1.45554,372.9095783,0,0,1771331239885,False,True
0,1.45578,33.37933,0,0,1771331243768,True,True
0,1.45621,6.65322,0,0,1771331274248,True,True
0,1.45629,3.86262181,0,0,1771331295704,False,True
0,1.45681,6.66406,0,0,1771331315844,True,True
0,1.45685,216.60552073,0,0,1771331319210,True,True
0,1.45709,16.99087,0,0,1771331323662,True,True
0,1.45745,3.0,0,0,1771331356158,False,True
0,1.45751,1.53893113,0,0,1771331360771,False,True
0,1.45741,800.0,0,0,1771331382744,True,True
0,1.45741,1303.510675,0,0,1771331382744,True,True
0,1.45741,261.5625,0,0,1771331382744,True,True
0,1.45741,2067.39432176,0,0,1771331382744,True,True
0,1.45741,2743.21059324,0,0,1771331382744,True,True
0,1.45696,12.38072,0,0,1771331393817,True,True
0,1.45679,6.86440736,0,0,1771331423399,False,True
0,1.45665,9.08395264,0,0,1771331423399,False,True
0,1.45649,34.34963,0,0,1771331433789,False,True
0,1.4566,19.45396,0,0,1771331455302,True,True
0,1.45671,3.17628365,0,0,1771331487399,False,True
0,1.45671,62.86562631,0,0,1771331507369,False,True
0,1.45603,24.6277034,0,0,1771331510697,False,True
0,1.45575,13.3359,0,0,1771331553584,True,True
0,1.45585,0.82112,0,0,1771331574641,True,True
0,1.45589,13.46924,0,0,1771331578307,True,True
0,1.45576,59.76419554,0,0,1771331615593,False,True
0,1.45484,0.66556,0,0,1771331619624,True,True
0,1.455,6.65725,0,0,1771331622920,True,True
0,1.455,1.46481099,0,0,1771331624236,True,True
0,1.455,134.76181,0,0,1771331630031,True,True
0,1.45568,6.80247,0,0,1771331645330,True,True
0,1.45532,6.87725897,0,0,1771331647639,False,True
0,1.4549,33.62329,0,0,1771331679492,True,True
0,1.45534,1.60468346,0,0,1771331700194,False,True
0,1.4553,13.35194,0,0,1771331706392,False,True
0,1.45581,29.60706,0,0,1771331719842,True,True
0,1.45596,475.0632,0,0,1771331731712,True,True
0,1.45596,356.1313,0,0,1771331731725,True,True
0,1.45596,1628.0,0,0,1771331731733,True,True
0,1.45596,974.98448188,0,0,1771331731736,True,True
0,1.45602,36.05277725,0,0,1771331731756,True,True
0,1.45605,1591.94722275,0,0,1771331731756,True,True
0,1.45635,658.11498248,0,0,1771331731897,True,True
0,1.45769,34.21531,0,0,1771331732940,True,True
0,1.45749,17.0429,0,0,1771331734063,False,True
0,1.45743,526.80923325,0,0,1771331736656,False,True
0,1.45834,500.0,0,0,1771331755257,False,True
0,1.45863,896.18463985,0,0,1771331757487,True,True
0,1.45835,104.37865116,0,0,1771331775587,True,True
0,1.4584,34.37180348,0,0,1771331779657,True,True
0,1.45855,500.0,0,0,1771331781814,True,True
0,1.45923,1.90520107,0,0,1771331793461,False,True
0,1.45936,3.48534,0,0,1771331797471,True,True
0,1.4595,3425.83076396,0,0,1771331805107,True,True
0,1.4595,261.5625,0,0,1771331805107,True,True
0,1.45951,800.0,0,0,1771331805107,True,True
0,1.45951,261.5625,0,0,1771331805107,True,True
0,1.45952,251.04423604,0,0,1771331805107,True,True
0,1.45951,252.90679749,0,0,1771331806288,True,True
0,1.4592,3426.55323075,0,0,1771331811155,True,True
0,1.45925,1500.0,0,0,1771331811155,True,True
0,1.45925,261.5625,0,0,1771331811155,True,True
0,1.4593,2947.17566474,0,0,1771331811155,True,True
0,1.45929,261.5625,0,0,1771331811462,True,True
0,1.45937,107.43749999,0,0,1771331811947,False,True
0,1.45893,13.39774,0,0,1771331812157,True,True
0,1.45894,774.53493632,0,0,1771331813102,True,True
0,1.45905,1500.0,0,0,1771331816636,True,True
0,1.45986,2.24742197,0,0,1771331820439,True,True
0,1.45971,30.0,0,0,1771331834931,False,True
0,1.46022,201.48908,0,0,1771331846522,True,True
0,1.4602,30.0,0,0,1771331856381,False,True
0,1.46011,30602.3,0,0,1771331856428,True,True
0,1.46011,800.0,0,0,1771331856428,True,True
0,1.46012,3424.39944567,0,0,1771331856428,True,True
0,1.46012,261.5625,0,0,1771331856428,True,True
0,1.46012,800.0,0,0,1771331856428,True,True
0,1.46021,3424.16501736,0,0,1771331856428,True,True
0,1.46021,261.5625,0,0,1771331856428,True,True
0,1.46021,800.0,0,0,1771331856428,True,True
0,1.46021,156.2457026,0,0,1771331856428,True,True
0,1.46021,26752.74358641,0,0,1771331856428,True,True
0,1.46022,1016.64808068,0,0,1771331862470,True,True
0,1.46029,1217.91810939,0,0,1771331862470,True,True
0,1.46029,3955.43380993,0,0,1771331862470,True,True
0,1.46029,3.32218749,0,0,1771331863283,True,True
0,1.46036,0.25104206,0,0,1771331863283,True,True
0,1.46036,1217.48907924,0,0,1771331870746,True,True
0,1.46036,3952.51092076,0,0,1771331870746,True,True
0,1.46036,5.14447345,0,0,1771331872342,True,True
0,1.46085,261.5625,0,0,1771331872451,True,True
0,1.46095,135.7256612,0,0,1771331872451,True,True
0,1.461,81.04059942,0,0,1771331872451,True,True
0,1.461,261.5625,0,0,1771331872451,True,True
0,1.4611,643.62192951,0,0,1771331872451,True,True
0,1.46123,0.79264214,0,0,1771331881190,True,True
0,1.4616,3.36207,0,0,1771331881267,True,True
0,1.4616,1000.0,0,0,1771331881267,True,True
0,1.4616,500.0,0,0,1771331881267,True,True
0,1.4616,500.0,0,0,1771331881267,True,True
0,1.4616,32.79484,0,0,1771331881267,True,True
0,1.4616,167.20516,0,0,1771331881267,True,True
0,1.4616,300.0,0,0,1771331881267,True,True
0,1.4616,62.44573,0,0,1771331881267,True,True
0,1.4616,37.5542,0,0,1771331881267,True,True
0,1.4616,7e-05,0,0,1771331881267,True,True
0,1.4616,100.0,0,0,1771331881267,True,True
0,1.4616,100.0,0,0,1771331881267,True,True
0,1.4616,100.0,0,0,1771331881267,True,True
0,1.4616,5.0,0,0,1771331881267,True,True
0,1.4616,95.0,0,0,1771331881267,True,True
0,1.4616,246.70908593,0,0,1771331881407,True,True
0,1.4616,335.66797,0,0,1771331883075,True,True
0,1.46159,4.78598,0,0,1771331890442,False,True
0,1.4616,16.78981937,0,0,1771331892953,True,True
0,1.4616,510.9489051,0,0,1771331894685,True,True
0,1.46158,20.32223,0,0,1771331900725,True,True
0,1.46211,261.5625,0,0,1771331906427,True,True
0,1.46212,402.6916,0,0,1771331906427,True,True
0,1.46205,486.11111112,0,0,1771331915556,True,True
0,1.46191,2.11234464,0,0,1771331922800,True,True
0,1.46138,27.72174468,0,0,1771331931441,False,True
0,1.46086,56.32796,0,0,1771331937121,False,True
0,1.46105,13.55381,0,0,1771331945626,True,True
0,1.46105,675.0648515,0,0,1771331953049,True,True
0,1.46087,5000.0,0,0,1771331965430,False,True
0,1.46086,16.68876314,0,0,1771331967431,False,True
0,1.46071,26.4109117,0,0,1771331969076,False,True
0,1.45991,280.0,0,0,1771331970935,False,True
0,1.45939,67.16257,0,0,1771331991394,True,True
0,1.45915,69.58931101,0,0,1771331991549,False,True
0,1.45915,800.0,0,0,1771331991549,False,True
0,1.45914,1025.80362866,0,0,1771331991549,False,True
0,1.45911,800.0,0,0,1771331991549,False,True
0,1.4591,800.0,0,0,1771331991549,False,True
0,1.45909,800.0,0,0,1771331991549,False,True
0,1.45905,704.60706033,0,0,1771331991549,False,True
0,1.45937,69.58931101,0,0,1771331993103,True,True
0,1.45937,261.5625,0,0,1771331993103,True,True
0,1.4594,4336.76738218,0,0,1771331993103,True,True
0,1.45949,1016.42511897,0,0,1771331993103,True,True
0,1.45951,6851.62971389,0,0,1771331993103,True,True
0,1.45955,1500.0,0,0,1771331993103,True,True
0,1.45955,261.5625,0,0,1771331993103,True,True
0,1.45959,345.66942896,0,0,1771331993103,True,True
0,1.45959,981.89321285,0,0,1771331993103,True,True
0,1.45945,25.0,0,0,1771331995842,True,True
0,1.45938,74.0,0,0,1771331996622,False,True
0,1.45913,35.37922,0,0,1771332004946,False,True
0,1.45907,6.85329227,0,0,1771332015606,True,True
0,1.45921,26.74115773,0,0,1771332015606,True,True
0,1.4594,6.85324046,0,0,1771332022150,True,True
0,1.45941,35.37922,0,0,1771332022150,True,True
0,1.45941,454.22144025,0,0,1771332022150,True,True
0,1.45944,6.85265557,0,0,1771332027407,True,True
0,1.45945,2.67356443,0,0,1771332027407,True,True
0,1.4598,6.85164894,0,0,1771332039921,True,True
0,1.45981,493.14835106,0,0,1771332039921,True,True
0,1.45979,1121.54056719,0,0,1771332065261,True,True
0,1.45985,1500.0,0,0,1771332065261,True,True
0,1.45985,2476.84504347,0,0,1771332065261,True,True
0,1.4594,24.83703,0,0,1771332083928,False,True
0,1.45945,128.41210133,0,0,1771332087546,True,True
0,1.45945,75.08046112,0,0,1771332087546,True,True
0,1.45945,1296.50743755,0,0,1771332087601,True,True
0,1.46004,10.55611786,0,0,1771332091193,False,True
0,1.46003,90.92768214,0,0,1771332091193,False,True
0,1.45989,261.5625,0,0,1771332110215,False,True
0,1.45989,1093.07531458,0,0,1771332110215,False,True
0,1.45988,3424.93903608,0,0,1771332110215,False,True
0,1.45984,220.42314934,0,0,1771332110215,False,True
0,1.4599,66.50276,0,0,1771332115942,True,True
0,1.4599,7.20076,0,0,1771332117979,True,True
0,1.4599,1426.29648,0,0,1771332122004,True,True
0,1.46005,261.5625,0,0,1771332122004,True,True
0,1.46013,359.8360676,0,0,1771332122004,True,True
0,1.4599,166.2569,0,0,1771332164520,True,True
0,1.45989,15.73033707,0,0,1771332178750,False,True
0,1.45989,1000.0,0,0,1771332183731,False,True
0,1.46085,13.29554,0,0,1771332205015,True,True
0,1.46084,10.42658065,0,0,1771332209501,False,True
0,1.46119,67.11108,0,0,1771332213116,True,True
0,1.46065,1.66011195,0,0,1771332227065,False,True
0,1.46065,11.22245651,0,0,1771332231725,False,True
0,1.46063,411.72338349,0,0,1771332231725,False,True
0,1.46065,9.65987,0,0,1771332240013,False,True
0,1.45999,209.00249443,0,0,1771332243871,True,True
0,1.45998,16.45743,0,0,1771332248891,False,True
0,1.45997,12.20472267,0,0,1771332251323,False,True
0,1.45994,80.66935767,0,0,1771332260869,False,True
0,1.4601,26.55296,0,0,1771332265094,True,True
0,1.4601,67.15199,0,0,1771332266882,True,True
0,1.45963,11.99652,0,0,1771332299000,False,True
0,1.46037,68.23443717,0,0,1771332305256,True,True
0,1.45986,64.29024,0,0,1771332315071,True,True
0,1.45975,35.39314787,0,0,1771332329326,False,True
0,1.45974,89.60685213,0,0,1771332329326,False,True
0,1.45933,334.95736,0,0,1771332342366,True,True
0,1.45922,13.57118,0,0,1771332352183,True,True
0,1.45901,261.5625,0,0,1771332369644,True,True
0,1.45902,149.03441549,0,0,1771332369644,True,True
0,1.45903,3426.93898252,0,0,1771332369644,True,True
0,1.45907,2368.81104076,0,0,1771332369644,True,True
0,1.459,47.24441,0,0,1771332381534,False,True
0,1.45901,2.58854,0,0,1771332386719,True,True
0,1.45901,372.93568164,0,0,1771332387182,True,True
0,1.45901,312.4183037,0,0,1771332387182,True,True
0,1.45901,6.50785,0,0,1771332394009,True,True
0,1.459,21.29568595,0,0,1771332414139,False,True
0,1.459,34.64016449,0,0,1771332414139,False,True
0,1.45882,6.21912,0,0,1771332414953,True,True
0,1.45881,8.76226114,0,0,1771332418024,False,True
0,1.45792,247.86855,0,0,1771332428893,False,True
0,1.45804,49.1261893,0,0,1771332431128,True,True
0,1.458,34.97942,0,0,1771332437987,False,True
0,1.45842,9.03252,0,0,1771332453776,False,True
0,1.45855,201.45578,0,0,1771332455586,True,True
0,1.45817,21.59357,0,0,1771332468479,False,True
0,1.45814,33.29357,0,0,1771332490965,True,True
0,1.4582,6.72349,0,0,1771332493907,True,True
0,1.45803,0.6642,0,0,1771332534791,True,True
0,1.45803,0.9858,0,0,1771332553793,True,True
0,1.45803,1499.0142,0,0,1771332553793,True,True
0,1.45802,82.76251,0,0,1771332568528,False,True
0,1.45802,648.56305099,0,0,1771332595242,False,True
0,1.4575,238.60226867,0,0,1771332608355,True,True
0,1.4575,238.60226867,0,0,1771332608355,True,True
0,1.45735,7.00605202,0,0,1771332611228,False,True
0,1.45682,1.66433569,0,0,1771332621735,False,True
0,1.45747,9.15222903,0,0,1771332647982,True,True
0,1.45784,6.86107391,0,0,1771332647982,True,True
0,1.45784,52.73392328,0,0,1771332647982,True,True
0,1.45785,251.99753378,0,0,1771332647982,True,True
0,1.45769,6.86016917,0,0,1771332649534,False,True
0,1.45769,60.26923083,0,0,1771332649534,False,True
0,1.4577,11.60616,0,0,1771332651908,True,True
0,1.4568,45.0,0,0,1771332666825,True,True
0,1.45725,15.65681,0,0,1771332675438,True,True
0,1.45624,251.49,0,0,1771332689339,False,True
0,1.4557,1500.0,0,0,1771332692673,True,True
0,1.45577,3434.61890677,0,0,1771332692673,True,True
0,1.45588,6868.71996965,0,0,1771332692673,True,True
0,1.45589,1182.69016881,0,0,1771332692673,True,True
0,1.45602,9028.2,0,0,1771332692673,True,True
0,1.45604,450.0,0,0,1771332692673,True,True
0,1.4561,6869.5936209,0,0,1771332692673,True,True
0,1.45611,261.5625,0,0,1771332692673,True,True
0,1.45624,18.05237245,0,0,1771332692673,True,True
0,1.45624,416.6,0,0,1771332692673,True,True
0,1.45624,8524.03071297,0,0,1771332692754,False,True
0,1.45624,1445.93174845,0,0,1771332693671,False,True
0,1.45562,35.6419,0,0,1771332702773,True,True
0,1.45562,2747.91330333,0,0,1771332703273,True,True
0,1.45475,13.3101,0,0,1771332711702,True,True
0,1.45475,1500.0,0,0,1771332720231,True,True
0,1.45544,3.57455167,0,0,1771332724095,False,True
0,1.45555,13.87524,0,0,1771332728221,False,True
0,1.45556,9.16355106,0,0,1771332749560,True,True
0,1.45602,1500.0,0,0,1771332749837,True,True
0,1.4564,2.3928179,0,0,1771332755464,True,True
0,1.4564,1497.6071821,0,0,1771332755491,True,True
0,1.4571,33.67446,0,0,1771332756763,True,True
0,1.45645,24.50222982,0,0,1771332774891,False,True
0,1.4567,6.76343,0,0,1771332774946,True,True
0,1.4566,67.28379,0,0,1771332778153,True,True
0,1.45633,37.5,0,0,1771332789068,False,True
0,1.45667,1.6646478,0,0,1771332795039,False,True
0,1.45659,3290.96863,0,0,1771332803710,False,True
0,1.4565,6.86577412,0,0,1771332840555,True,True
0,1.45649,57.91346114,0,0,1771332841303,False,True
0,1.4565,1490.0,0,0,1771332841580,True,True
0,1.45706,12.62855,0,0,1771332875404,True,True
0,1.45685,5.56119971,0,0,1771332886527,False,True
0,1.4569,5.83097,0,0,1771332910323,True,True
0,1.45689,58.0,0,0,1771332924383,False,True
0,1.4569,3.16405,0,0,1771332932556,True,True
0,1.4569,1490.0,0,0,1771332945810,True,True
0,1.4572,3000.0,0,0,1771332946950,False,True
0,1.45775,1500.0,0,0,1771332965496,True,True
0,1.45865,66.39449,0,0,1771332969309,True,True
0,1.45791,1000.0,0,0,1771332986551,True,True
0,1.458,1.65,0,0,1771333011087,False,True
0,1.45742,9.14479061,0,0,1771333020780,False,True
0,1.45741,3.49911624,0,0,1771333020780,False,True
0,1.45721,261.5625,0,0,1771333023036,True,True
0,1.45722,261.5625,0,0,1771333023036,True,True
0,1.45736,261.5625,0,0,1771333023036,True,True
0,1.45738,786.13353493,0,0,1771333023036,True,True
0,1.45743,1500.0,0,0,1771333023036,True,True
0,1.45757,485.0,0,0,1771333023036,True,True
0,1.45758,261.5625,0,0,1771333023036,True,True
0,1.45758,3031.39015919,0,0,1771333023036,True,True
0,1.45705,1000.0,0,0,1771333034143,True,True
0,1.457,1.65,0,0,1771333047493,False,True
0,1.45689,103.0538,0,0,1771333059784,False,True
0,1.45689,2.844e-05,0,0,1771333059786,False,True
0,1.45683,4.74317525,0,0,1771333059791,False,True
0,1.4565,27.72509602,0,0,1771333059805,False,True
0,1.45643,1255.2836,0,0,1771333059821,False,True
0,1.45601,73.97007,0,0,1771333062674,True,True
0,1.456,1.65,0,0,1771333064245,False,True
0,1.45576,0.90804802,0,0,1771333065434,True,True
0,1.45575,5.01459728,0,0,1771333072650,False,True
0,1.45542,619.17257259,0,0,1771333072650,False,True
0,1.455,1.65,0,0,1771333083072,False,True
0,1.45453,6.87507304,0,0,1771333084365,False,True
0,1.45412,1.65,0,0,1771333093695,False,True
0,1.45401,2.36224346,0,0,1771333137760,True,True
0,1.45401,1497.63775654,0,0,1771333137760,True,True
0,1.45489,1.08001,0,0,1771333144792,True,True
0,1.45489,1498.91999,0,0,1771333144814,True,True
0,1.4555,1.31938,0,0,1771333163014,True,True
0,1.4555,1490.0,0,0,1771333167391,True,True
0,1.4556,861.52429774,0,0,1771333169106,True,True
0,1.45595,1500.0,0,0,1771333169106,True,True
0,1.45604,70.78629573,0,0,1771333169106,True,True
0,1.45605,7364.1398259,0,0,1771333169106,True,True
0,1.45607,790.46378905,0,0,1771333169106,True,True
0,1.45615,6867.46188174,0,0,1771333169106,True,True
0,1.45626,2360.51774923,0,0,1771333169106,True,True
0,1.45627,3330.83615031,0,0,1771333169106,True,True
0,1.45547,67.40467612,0,0,1771333181188,False,True
0,1.45545,1932.59532388,0,0,1771333181188,False,True
0,1.4554,1500.0,0,0,1771333194989,True,True
0,1.45575,6.76012,0,0,1771333201673,True,True
0,1.45579,10.10165,0,0,1771333206039,True,True
0,1.45568,100.14143,0,0,1771333214099,False,True
0,1.45669,6.80153,0,0,1771333220462,True,True
0,1.45618,6.86494074,0,0,1771333222688,True,True
0,1.45619,6.47402926,0,0,1771333222688,True,True
0,1.45605,2000.0,0,0,1771333226410,False,True
0,1.45606,6.86765145,0,0,1771333227520,True,True
0,1.45619,6.86743312,0,0,1771333227520,True,True
0,1.45601,6.86813106,0,0,1771333241463,True,True
0,1.45609,26.96275894,0,0,1771333241463,True,True
0,1.4561,6.79966,0,0,1771333250782,True,True
0,1.45567,6.86794446,0,0,1771333257034,True,True
0,1.45574,13.53642554,0,0,1771333257034,True,True
0,1.45573,20.60977453,0,0,1771333260075,True,True
0,1.45561,2000.0,0,0,1771333261147,False,True
0,1.45517,230.98475972,0,0,1771333264610,True,True
0,1.45501,3.3279,0,0,1771333277242,True,True
0,1.45501,1500.0,0,0,1771333283499,True,True
0,1.45537,1.51267375,0,0,1771333284121,True,True
0,1.45546,59.99818767,0,0,1771333295724,True,True
0,1.4551,48.90813,0,0,1771333301970,True,True
0,1.4551,10.10644,0,0,1771333304822,True,True
0,1.4551,1440.0,0,0,1771333307641,True,True
0,1.45564,261.5625,0,0,1771333309377,False,True
0,1.45564,1738.4375,0,0,1771333309377,False,True
0,1.4552,1500.0,0,0,1771333322071,True,True
0,1.45553,2000.0,0,0,1771333329097,False,True
0,1.455,68.72852233,0,0,1771333367782,False,True
0,1.455,1.65,0,0,1771333367782,False,True
0,1.4543,322.50035105,0,0,1771333369191,True,True
0,1.45428,12.87163,0,0,1771333372025,True,True
0,1.454,1.65,0,0,1771333376527,False,True
0,1.45351,129.443031,0,0,1771333389876,False,True
0,1.453,1.65,0,0,1771333390166,False,True
0,1.45209,60.54406478,0,0,1771333390682,True,True
0,1.45225,337.9548,0,0,1771333391236,True,True
0,1.45225,2.7541,0,0,1771333391701,True,True
0,1.45225,44.0,0,0,1771333392191,True,True
0,1.4526,666.10323624,0,0,1771333406042,True,True
0,1.4531,7.3097774,0,0,1771333417934,True,True
0,1.4529,1.29995182,0,0,1771333427752,True,True
0,1.4529,1490.0,0,0,1771333429045,True,True
0,1.4528,13.55953,0,0,1771333435033,True,True
0,1.4524,31.99089,0,0,1771333445941,True,True
0,1.45229,13.39826,0,0,1771333448347,False,True
0,1.4526,6.78154,0,0,1771333448474,True,True
0,1.45229,67.479075,0,0,1771333466488,True,True
0,1.45215,16.87654,0,0,1771333468190,True,True
0,1.45201,0.66685,0,0,1771333477986,True,True
0,1.45201,1500.0,0,0,1771333494905,True,True
0,1.45201,2826.01217,0,0,1771333494905,True,True
0,1.45201,3.36871,0,0,1771333495565,True,True
0,1.45201,1.82078635,0,0,1771333496152,True,True
0,1.452,1.65,0,0,1771333502016,False,True
0,1.45193,2453.33047621,0,0,1771333502016,False,True
0,1.4513,72.881635,0,0,1771333502944,True,True
0,1.45102,44.0,0,0,1771333504355,True,True
0,1.45101,10.22923,0,0,1771333506710,True,True
0,1.45137,33.4551,0,0,1771333516974,True,True
0,1.45137,32.01152825,0,0,1771333519393,True,True
0,1.45137,1.35544175,0,0,1771333519393,True,True
0,1.45156,9.18903335,0,0,1771333528270,True,True
0,1.45185,10.88001665,0,0,1771333528270,True,True
0,1.45132,100.0,0,0,1771333539268,True,True
0,1.45124,1.69217734,0,0,1771333539901,False,True
0,1.4515,50.52184,0,0,1771333540530,True,True
0,1.4515,1440.0,0,0,1771333543794,True,True
0,1.4515,13.64243,0,0,1771333547658,True,True
0,1.4515,32.33302,0,0,1771333552031,True,True
0,1.45138,31.05615209,0,0,1771333568652,False,True
0,1.45128,222.0,0,0,1771333573302,True,True
0,1.4513,792.82910186,0,0,1771333573685,True,True
0,1.4513,160.99589814,0,0,1771333573685,True,True
0,1.451,1.65,0,0,1771333577482,False,True
0,1.45099,1885.23763888,0,0,1771333577482,False,True
0,1.45101,1.85318,0,0,1771333577780,True,True
0,1.45101,1490.0,0,0,1771333582349,True,True
0,1.45126,26.98903614,0,0,1771333584322,True,True
0,1.4515,1377.41046832,0,0,1771333605684,True,True
0,1.4515,33.44381,0,0,1771333616385,True,True
0,1.4514,673.80274,0,0,1771333630917,True,True
0,1.45182,9.09061101,0,0,1771333635548,False,True
0,1.4515,1500.0,0,0,1771333641667,True,True
0,1.45227,1500.0,0,0,1771333649311,True,True
0,1.45243,2366.68512152,0,0,1771333649311,True,True
0,1.45252,1133.31487848,0,0,1771333649311,True,True
0,1.45252,0.6642,0,0,1771333649311,True,True
0,1.45252,0.9858,0,0,1771333649311,True,True
0,1.45252,2556.12145875,0,0,1771333649311,True,True
0,1.45255,443.87854125,0,0,1771333649311,True,True
0,1.45227,1.34804,0,0,1771333668182,True,True
0,1.45226,9.17831164,0,0,1771333669055,False,True
0,1.4516,1500.0,0,0,1771333672685,True,True
0,1.45299,68.54436,0,0,1771333684046,False,True
0,1.453,1500.0,0,0,1771333684877,True,True
0,1.45383,51.58539101,0,0,1771333693377,True,True
0,1.4549,6.09304,0,0,1771333705976,True,True
0,1.455,11.6838488,0,0,1771333725400,True,True
0,1.455,3.43642612,0,0,1771333732022,True,True
0,1.45445,128.28212,0,0,1771333742756,True,True
0,1.45445,62.1,0,0,1771333744128,True,True
0,1.45445,266.665896,0,0,1771333744148,True,True
0,1.45445,75.08042435,0,0,1771333744149,True,True
0,1.45445,525.56452945,0,0,1771333744149,True,True
0,1.45445,150.16151684,0,0,1771333744156,True,True
0,1.45445,292.14551336,0,0,1771333744156,True,True
0,1.45474,261.5625,0,0,1771333750865,False,True
0,1.45473,4070.49508699,0,0,1771333750865,False,True
0,1.454,1500.0,0,0,1771333791887,True,True
0,1.4543,1500.0,0,0,1771333803335,True,True
0,1.45633,6.86619723,0,0,1771333830858,True,True
0,1.45633,9.24150277,0,0,1771333830858,True,True
0,1.45632,9.15314004,0,0,1771333850484,False,True
0,1.45579,30.52322265,0,0,1771333850484,False,True
0,1.45569,34.80137731,0,0,1771333850484,False,True
0,1.45539,6.86993607,0,0,1771333852491,True,True
0,1.45539,43.13074574,0,0,1771333852491,True,True
0,1.45515,350.68432205,0,0,1771333863749,True,True
0,1.45645,13.34397,0,0,1771333871007,True,True
0,1.45749,6.64327,0,0,1771333873733,True,True
0,1.45791,500.0,0,0,1771333878483,True,True
0,1.4573,335.28758,0,0,1771333885954,True,True
0,1.4571,7.89840388,0,0,1771333910841,False,True
0,1.45689,5.64048,0,0,1771333914916,False,True
0,1.45645,25.74754,0,0,1771333929498,True,True
0,1.4565,1500.0,0,0,1771333942880,True,True
0,1.4569,2.23117578,0,0,1771333948758,True,True
0,1.4567,1500.0,0,0,1771333961270,True,True
0,1.457,33.22936,0,0,1771333972916,True,True
0,1.4565,1500.0,0,0,1771333995822,True,True
0,1.45678,2359.63333036,0,0,1771333995822,True,True
0,1.4568,67.6085,0,0,1771333995824,True,True
0,1.4568,4.786e-05,0,0,1771333995825,True,True
0,1.4569,300.0,0,0,1771333995825,True,True
0,1.45693,1177.64835214,0,0,1771333995825,True,True
0,1.4565,1500.0,0,0,1771333995830,True,True
0,1.45693,50.0,0,0,1771333995985,True,True
0,1.4583,14.13243,0,0,1771334010798,False,True
0,1.45789,1.4765,0,0,1771334014873,False,True
0,1.4579,10.28658423,0,0,1771334018109,True,True
0,1.4579,13.3188,0,0,1771334036221,True,True
0,1.45763,1.39465778,0,0,1771334042073,False,True
0,1.4578,6.6594,0,0,1771334053495,True,True
0,1.4582,3.42888493,0,0,1771334081445,True,True
0,1.45807,1.74593127,0,0,1771334082461,False,True
0,1.45809,67.23765,0,0,1771334094263,True,True
0,1.45809,15.40269,0,0,1771334096162,True,True
0,1.45783,13.29574,0,0,1771334097932,False,True
0,1.4573,9.14381855,0,0,1771334108689,False,True
0,1.457,1.65,0,0,1771334111620,False,True
0,1.4566,1500.0,0,0,1771334117815,True,True
0,1.45719,367.398,0,0,1771334120294,False,True
0,1.4572,11.67248,0,0,1771334130837,True,True
0,1.4572,664.64658,0,0,1771334137534,True,True
0,1.45753,28.82282778,0,0,1771334140032,True,True
0,1.45759,38.43953222,0,0,1771334140032,True,True
0,1.45738,6.64533,0,0,1771334141610,True,True
0,1.45649,16.376969,0,0,1771334147969,True,True
0,1.45601,624.18716987,0,0,1771334155336,True,True
0,1.456,1.65,0,0,1771334161336,False,True
0,1.45554,388.12734544,0,0,1771334161346,True,True
0,1.4552,104.37865116,0,0,1771334162703,False,True
0,1.4553,1500.0,0,0,1771334169913,True,True
0,1.45568,35.39314786,0,0,1771334182241,False,True
0,1.45567,2464.60685214,0,0,1771334182241,False,True
0,1.455,1.65,0,0,1771334197226,False,True
0,1.45401,1500.0,0,0,1771334209960,True,True
0,1.4544,1500.0,0,0,1771334211371,True,True
0,1.45462,1169.05048,0,0,1771334211371,True,True
0,1.454,1.65,0,0,1771334228771,False,True
0,1.454,51.3351173,0,0,1771334241641,True,True
0,1.454,1498.6648827,0,0,1771334241641,True,True
0,1.45444,496.86858,0,0,1771334263904,False,True
0,1.45433,137.5203702,0,0,1771334271818,False,True
0,1.45345,261.5625,0,0,1771334273963,True,True
0,1.45348,4466.9282625,0,0,1771334273963,True,True
0,1.45348,720.41740835,0,0,1771334273963,True,True
0,1.4535,12.69116,0,0,1771334283850,True,True
0,1.45349,7.10442,0,0,1771334285852,False,True
0,1.4535,1480.0,0,0,1771334296875,True,True
0,1.45397,35.76657,0,0,1771334298182,True,True
0,1.4534,17.10782,0,0,1771334302885,True,True
0,1.4534,1480.0,0,0,1771334303124,True,True
0,1.4533,2.51400261,0,0,1771334308506,True,True
0,1.4533,1490.0,0,0,1771334311734,True,True
0,1.45336,1.43112,0,0,1771334321036,True,True
0,1.45325,1.30632,0,0,1771334324144,False,True
0,1.45371,11.87036,0,0,1771334330465,False,True
0,1.4539,337.13623,0,0,1771334335032,True,True
0,1.4535,6.32111,0,0,1771334341569,True,True
0,1.4533,97.64335,0,0,1771334351536,True,True
0,1.4532,35.39314787,0,0,1771334352174,False,True
0,1.45319,764.60685213,0,0,1771334352174,False,True
0,1.45318,200.0,0,0,1771334358221,True,True
0,1.45302,235.00602704,0,0,1771334363764,True,True
0,1.45309,767.92479189,0,0,1771334369179,False,True
0,1.45306,14065.17520811,0,0,1771334369179,False,True
0,1.4531,57.54432,0,0,1771334376028,True,True
0,1.4531,1440.0,0,0,1771334385739,True,True
0,1.45335,7061.2064825,0,0,1771334387172,False,True
0,1.45343,3440.07346647,0,0,1771334391655,False,True
0,1.4536,1500.0,0,0,1771334408296,True,True
0,1.45405,2.47406,0,0,1771334420665,False,True
0,1.4542,32.27303,0,0,1771334431836,True,True
0,1.45403,6.8768637,0,0,1771334441184,True,True
0,1.45415,5.1405563,0,0,1771334441184,True,True
0,1.45411,6.0,0,0,1771334446548,True,True
0,1.45411,6.87676489,0,0,1771334446680,True,True
0,1.4542,330.26723511,0,0,1771334446680,True,True
0,1.4551,261.5625,0,0,1771334463330,True,True
0,1.45513,1588.4375,0,0,1771334463330,True,True
0,1.455,10.0,0,0,1771334474365,True,True
0,1.45497,10.0,0,0,1771334481980,True,True
0,1.45511,168.08759,0,0,1771334498368,True,True
0,1.45547,16.81153,0,0,1771334502110,True,True
0,1.4555,15.88545,0,0,1771334521133,True,True
0,1.4549,1500.0,0,0,1771334525780,True,True
0,1.4549,261.5625,0,0,1771334525780,True,True
0,1.45505,238.4375,0,0,1771334525780,True,True
0,1.45485,66.72672,0,0,1771334531074,True,True
0,1.45485,1.86854,0,0,1771334539373,True,True
0,1.45484,4.49533969,0,0,1771334547202,False,True
0,1.45466,23.41602031,0,0,1771334547202,False,True
0,1.45485,2.19103573,0,0,1771334549642,True,True
0,1.45485,30.06752427,0,0,1771334549642,True,True
0,1.45485,1460.0,0,0,1771334565737,True,True
0,1.45556,28.30409,0,0,1771334576837,False,True
0,1.45601,1.65,0,0,1771334589804,True,True
0,1.45579,13.46323,0,0,1771334605177,True,True
0,1.45522,112.94617533,0,0,1771334627170,True,True
0,1.4553,135.2305,0,0,1771334627274,True,True
0,1.4553,650.14221862,0,0,1771334627343,True,True
0,1.4553,714.62728138,0,0,1771334627359,True,True
0,1.45565,493.0,0,0,1771334627432,True,True
0,1.45565,1072.1234,0,0,1771334627432,True,True
0,1.45565,1550.0,0,0,1771334627453,True,True
0,1.45565,5516.52103096,0,0,1771334627498,True,True
0,1.4557,28.30409,0,0,1771334627498,True,True
0,1.45573,343.75766046,0,0,1771334627498,True,True
0,1.45595,25.0,0,0,1771334627498,True,True
0,1.45601,18.1446,0,0,1771334627548,True,True
0,1.45601,477.809,0,0,1771334627580,True,True
0,1.45601,11848.9433824,0,0,1771334627613,True,True
0,1.45601,10114.88758514,0,0,1771334627622,True,True
0,1.45601,7391.38043246,0,0,1771334627624,True,True
0,1.45591,1780.14717375,0,0,1771334627680,True,True
0,1.45591,941.6445,0,0,1771334627686,True,True
0,1.45591,1239.4361,0,0,1771334627686,True,True
0,1.45591,599.0943,0,0,1771334627687,True,True
0,1.45591,1749.76803578,0,0,1771334627701,True,True
0,1.45591,150.13529704,0,0,1771334627718,True,True
0,1.45591,150.13529704,0,0,1771334627719,True,True
0,1.45591,258.31999832,0,0,1771334627721,True,True
0,1.45615,1500.0,0,0,1771334627819,True,True
0,1.4566,3.36711,0,0,1771334629704,False,True
0,1.4572,67.37923,0,0,1771334635277,True,True
0,1.45801,1179.37259747,0,0,1771334636258,True,True
0,1.45723,16.98633,0,0,1771334641388,True,True
0,1.45723,6.2972,0,0,1771334641593,True,True
0,1.4571,1500.0,0,0,1771334643835,True,True
0,1.4574,671.19286,0,0,1771334646475,True,True
0,1.45746,33.6568,0,0,1771334652793,True,True
0,1.45752,13.7242,0,0,1771334656450,True,True
0,1.45793,60.23271012,0,0,1771334659637,False,True
0,1.45876,1220.0,0,0,1771334671402,True,True
0,1.45876,0.23958739,0,0,1771334675011,True,True
0,1.4589,66.79661261,0,0,1771334675011,True,True
0,1.45877,261.5625,0,0,1771334676540,True,True
0,1.45884,1738.4375,0,0,1771334676540,True,True
0,1.45863,14.15712,0,0,1771334681504,False,True
0,1.45883,42.12279703,0,0,1771334682627,True,True
0,1.4589,66.55473,0,0,1771334684182,True,True
0,1.45992,513.90410958,0,0,1771334688828,True,True
0,1.4616,16.06444944,0,0,1771334692757,True,True
0,1.46108,3422.1260985,0,0,1771334693847,True,True
0,1.46108,261.5625,0,0,1771334693847,True,True
0,1.4612,1818.85865214,0,0,1771334693847,True,True
0,1.4611,34.22079255,0,0,1771334696851,True,True
0,1.46151,77.10154052,0,0,1771334700360,True,True
0,1.46132,34.21564065,0,0,1771334701209,True,True
0,1.46099,261.5625,0,0,1771334707450,True,True
0,1.46104,261.5625,0,0,1771334707450,True,True
0,1.46114,1319.19173307,0,0,1771334707450,True,True
0,1.45953,31.5774037,0,0,1771334715140,False,True
0,1.4588,7.999999,0,0,1771334719916,False,True
0,1.46012,6.07552989,0,0,1771334724502,False,True
0,1.46026,261.5625,0,0,1771334725073,True,True
0,1.46036,6.0,0,0,1771334725073,True,True
0,1.46046,4466.9282625,0,0,1771334725073,True,True
0,1.4605,7.999999,0,0,1771334725073,True,True
0,1.46051,716.15381159,0,0,1771334725073,True,True
0,1.46052,35.40150084,0,0,1771334725073,True,True
0,1.46,6.07552989,0,0,1771334725992,False,True
0,1.45982,6.07552989,0,0,1771334727359,False,True
0,1.46009,66.99698,0,0,1771334727442,True,True
0,1.45944,6.07552989,0,0,1771334731381,False,True
0,1.45944,6.07552989,0,0,1771334734048,False,True
0,1.45933,6.07552989,0,0,1771334735345,False,True
0,1.45951,6.07552989,0,0,1771334736880,False,True
0,1.45935,6.07552989,0,0,1771334743361,False,True
0,1.45902,10.0,0,0,1771334749474,True,True
0,1.45918,127.46067946,0,0,1771334751303,True,True
0,1.45918,261.5625,0,0,1771334751303,True,True
0,1.45921,329.75079314,0,0,1771334751303,True,True
0,1.45896,6.07552989,0,0,1771334751358,False,True
0,1.45896,6.07552989,0,0,1771334755340,False,True
0,1.45896,1.55733525,0,0,1771334756774,False,True
0,1.45871,4.51819464,0,0,1771334756774,False,True
0,1.45869,6.07552989,0,0,1771334758160,False,True
0,1.45869,6.07552989,0,0,1771334759609,False,True
0,1.45848,6.07552989,0,0,1771334763509,False,True
0,1.45849,6.07552989,0,0,1771334764525,False,True
0,1.45849,6.07552989,0,0,1771334765024,False,True
0,1.45823,6.07552989,0,0,1771334766159,False,True
0,1.45791,6.07552989,0,0,1771334770129,False,True
0,1.45792,261.5625,0,0,1771334770534,False,True
0,1.45791,261.5625,0,0,1771334770534,False,True
0,1.4579,357.11457122,0,0,1771334770534,False,True
0,1.45815,13.27926,0,0,1771334770939,True,True
0,1.45784,6.07552989,0,0,1771334771545,False,True
0,1.45791,6.07552989,0,0,1771334774100,False,True
0,1.458,876.66666667,0,0,1771334780186,True,True
0,1.45781,1859.84748,0,0,1771334791910,True,True
0,1.45748,7.08342,0,0,1771334796727,False,True
0,1.45748,261.5625,0,0,1771334799190,True,True
0,1.45749,81.42007649,0,0,1771334799190,True,True
0,1.45732,10.29286635,0,0,1771334809208,False,True
0,1.45733,13.51924,0,0,1771334809860,True,True
0,1.45736,716.99959471,0,0,1771334815619,False,True
0,1.45732,18.98112955,0,0,1771334815619,False,True
0,1.457,1.65,0,0,1771334823534,False,True
0,1.45697,27.76151395,0,0,1771334823534,False,True
0,1.45668,10.14263,0,0,1771334825712,True,True
0,1.45623,1760.0,0,0,1771334833246,True,True
0,1.45623,8.63753213,0,0,1771334834798,True,True
0,1.45682,552.81804805,0,0,1771334834798,True,True
0,1.45677,2820.84,0,0,1771334836428,False,True
0,1.45668,20.0,0,0,1771334836529,False,True
0,1.45696,0.80606193,0,0,1771334845882,True,True
0,1.4565,2.24098954,0,0,1771334857554,True,True
0,1.45646,58.63402,0,0,1771334871537,True,True
0,1.45662,6.8652085,0,0,1771334874672,True,True
0,1.4566,3.38192,0,0,1771334881621,True,True
0,1.45631,1243.3651205,0,0,1771334886933,True,True
0,1.45636,556.6348795,0,0,1771334886933,True,True
0,1.45654,33.25218,0,0,1771334893856,True,True
0,1.45654,6.64868,0,0,1771334896290,True,True
0,1.45672,10.0,0,0,1771334900709,True,True
0,1.4568,3.0,0,0,1771334906643,True,True
0,1.456,1.65,0,0,1771334912909,False,True
0,1.45563,1.50816,0,0,1771334912909,False,True
0,1.45586,287.43248464,0,0,1771334922090,False,True
0,1.45579,13.30434,0,0,1771334925721,True,True
0,1.45584,24.18191,0,0,1771334926154,True,True
0,1.45561,45.18631037,0,0,1771334931480,False,True
0,1.45571,29.21831176,0,0,1771334946384,False,True
0,1.45562,57.26508611,0,0,1771334956192,False,True
0,1.45565,32.16310912,0,0,1771334962308,True,True
0,1.45573,300.49598088,0,0,1771334962308,True,True
0,1.45575,13.46952,0,0,1771334966942,True,True
0,1.45563,41.22673891,0,0,1771334984419,False,True
0,1.45563,53.31595789,0,0,1771334997202,False,True
0,1.45564,6.80181,0,0,1771335006407,True,True
0,1.45564,269.40512,0,0,1771335008664,True,True
0,1.45563,38.38365093,0,0,1771335012749,False,True
0,1.45563,490.79873318,0,0,1771335018158,False,True
0,1.455,1.65,0,0,1771335023840,False,True
0,1.45488,19.01190029,0,0,1771335023840,False,True
0,1.45478,6.87389158,0,0,1771335023840,False,True
0,1.45477,22.1033785,0,0,1771335023840,False,True
0,1.45491,59.56104775,0,0,1771335035396,False,True
0,1.45505,6.87250223,0,0,1771335036889,True,True
0,1.45506,6.47332777,0,0,1771335036889,True,True
0,1.45507,632.79320557,0,0,1771335046509,False,True
0,1.4549,48.68291723,0,0,1771335051923,False,True
0,1.45486,19.20810041,0,0,1771335051923,False,True
0,1.455,6.80518,0,0,1771335058012,True,True
0,1.45499,61.0,0,0,1771335059141,False,True
0,1.45526,2087.8163145,0,0,1771335060587,True,True
0,1.45506,63.80778028,0,0,1771335062715,False,True
0,1.45516,128.27425,0,0,1771335069431,True,True
0,1.45522,60.0,0,0,1771335069675,True,True
0,1.45485,59.97012514,0,0,1771335075244,False,True
0,1.45458,789.29126771,0,0,1771335077324,True,True
0,1.45461,128.33440269,0,0,1771335077393,True,True
0,1.45464,35.39314786,0,0,1771335082303,True,True
0,1.45444,27.90762,0,0,1771335085968,False,True
0,1.45423,16.71688589,0,0,1771335087976,False,True
0,1.454,1.65,0,0,1771335087976,False,True
0,1.45399,37.99639605,0,0,1771335087976,False,True
0,1.45422,7.48552786,0,0,1771335100290,False,True
0,1.45421,54.31673563,0,0,1771335100290,False,True
0,1.4543,261.5625,0,0,1771335103479,False,True
0,1.45428,93.19104,0,0,1771335103479,False,True
0,1.45343,0.05248002,0,0,1771335108860,False,True
0,1.4532,6.08030095,0,0,1771335109726,False,True
0,1.453,1.65,0,0,1771335109726,False,True
0,1.45246,57.94481021,0,0,1771335109726,False,True
0,1.45292,789.53963785,0,0,1771335109729,True,True
0,1.45278,31.93882641,0,0,1771335109856,True,True
0,1.45298,105.74242376,0,0,1771335114867,True,True
0,1.45291,130.00380611,0,0,1771335115233,True,True
0,1.45405,0.6775,0,0,1771335123036,True,True
0,1.45424,67.95955423,0,0,1771335130092,False,True
0,1.45369,741.08309596,0,0,1771335135433,True,True
0,1.45379,33.38011,0,0,1771335136066,True,True
0,1.45411,34.71564786,0,0,1771335137676,True,True
0,1.45429,98.47782214,0,0,1771335137676,True,True
0,1.45407,261.5625,0,0,1771335140193,False,True
0,1.45404,119.40031585,0,0,1771335140193,False,True
0,1.45436,48.08884507,0,0,1771335146582,False,True
0,1.45455,261.5625,0,0,1771335155786,True,True
0,1.45456,35.39314787,0,0,1771335155786,True,True
0,1.45462,4534.47936661,0,0,1771335155786,True,True
0,1.45463,3437.31610575,0,0,1771335155786,True,True
0,1.45467,3297.78570977,0,0,1771335155786,True,True
0,1.45474,51.10233941,0,0,1771335157238,False,True
0,1.45494,2.70857,0,0,1771335157562,True,True
0,1.45468,67.23094,0,0,1771335169409,True,True
0,1.45468,52.87988319,0,0,1771335171264,False,True
0,1.45431,53.45474627,0,0,1771335181379,False,True
0,1.45417,210.0,0,0,1771335184085,True,True
0,1.45432,8.41405,0,0,1771335186561,False,True
0,1.45447,66.5798,0,0,1771335193311,True,True
0,1.45461,352.82553255,0,0,1771335194654,True,True
0,1.45457,48.09644251,0,0,1771335200741,False,True
0,1.4547,17.66265238,0,0,1771335206906,True,True
0,1.45413,60.58535716,0,0,1771335210681,False,True
0,1.4547,45.36164,0,0,1771335214932,True,True
0,1.45432,55.80326837,0,0,1771335223013,False,True
0,1.45444,14.18994,0,0,1771335223113,True,True
0,1.45502,40.05448,0,0,1771335235241,True,True
0,1.45507,640.0,0,0,1771335239306,True,True
0,1.45509,370.6243,0,0,1771335239382,True,True
0,1.45493,53.31631968,0,0,1771335243010,False,True
0,1.4549,6.73975297,0,0,1771335243010,False,True
0,1.45508,145.7817,0,0,1771335247883,True,True
0,1.45504,33.28143,0,0,1771335253099,True,True
0,1.45504,33.28143,0,0,1771335253099,True,True
0,1.45484,43.50034557,0,0,1771335258235,False,True
0,1.45503,2.75247266,0,0,1771335261061,True,True
0,1.45505,1.91604296,0,0,1771335262842,True,True
0,1.4551,1.32162223,0,0,1771335265957,True,True
0,1.45515,1.60317,0,0,1771335271539,True,True
0,1.45514,63.68389179,0,0,1771335273417,False,True
0,1.45513,77.18512039,0,0,1771335279201,False,True
0,1.45589,59.37716247,0,0,1771335296252,False,True
0,1.45588,261.5625,0,0,1771335296348,False,True
0,1.45586,623.67330998,0,0,1771335296348,False,True
0,1.45586,261.5625,0,0,1771335296348,False,True
0,1.45574,8353.20169002,0,0,1771335296348,False,True
0,1.45637,52.31477042,0,0,1771335300327,False,True
0,1.45576,0.83109495,0,0,1771335324902,True,True
0,1.45577,1.53322,0,0,1771335336105,True,True
0,1.45577,260.02928,0,0,1771335338556,True,True
0,1.4558,2539.37490309,0,0,1771335338556,True,True
0,1.45581,584.44845691,0,0,1771335338556,True,True
0,1.45595,9.59574,0,0,1771335345890,True,True
0,1.45521,620.83931762,0,0,1771335370773,True,True
0,1.4552,261.5625,0,0,1771335371145,True,True
0,1.45518,2338.74751794,0,0,1771335372142,True,True
0,1.45564,0.76519,0,0,1771335384100,True,True
0,1.45588,992.46265499,0,0,1771335409253,False,True
0,1.45583,432.28948434,0,0,1771335409423,False,True
0,1.45464,42.20440596,0,0,1771335421491,True,True
0,1.45496,0.66574,0,0,1771335428219,True,True
0,1.45493,12.64964,0,0,1771335450013,True,True
0,1.45493,631.53805085,0,0,1771335464691,True,True
0,1.45493,15.92265172,0,0,1771335464691,True,True
0,1.45428,5.0,0,0,1771335482787,False,True
0,1.45466,0.9987,0,0,1771335489674,True,True
0,1.45463,7.47578722,0,0,1771335490450,True,True
0,1.45467,26.23065278,0,0,1771335490450,True,True
0,1.45446,65.7642292,0,0,1771335492381,False,True
0,1.45475,367.97811,0,0,1771335498170,True,True
0,1.45495,168.49053,0,0,1771335508357,True,True
0,1.45496,12.68104,0,0,1771335513824,True,True
0,1.45494,65.28615,0,0,1771335521547,True,True
0,1.45496,60.07056,0,0,1771335549337,True,True
0,1.45496,25.0,0,0,1771335568484,True,True
0,1.45465,45.39314786,0,0,1771335570354,False,True
0,1.45464,611.78794736,0,0,1771335570354,False,True
0,1.45462,6140.7,0,0,1771335570354,False,True
0,1.45455,6874.93523471,0,0,1771335570354,False,True
0,1.45452,281.32821007,0,0,1771335570354,False,True
0,1.45455,50.06087,0,0,1771335584089,True,True
0,1.4545,21.24441,0,0,1771335587658,False,True
0,1.45428,16.31639024,0,0,1771335607109,False,True
0,1.45406,3.43864764,0,0,1771335607866,False,True
0,1.45331,6.87571791,0,0,1771335609524,True,True
0,1.45331,745.07176,0,0,1771335609524,True,True
0,1.45265,6.87571791,0,0,1771335623561,True,True
0,1.45289,6.88445602,0,0,1771335623561,True,True
0,1.45305,6.88307294,0,0,1771335624562,True,True
0,1.45306,261.5625,0,0,1771335624562,True,True
0,1.45307,53.35211706,0,0,1771335624562,True,True
0,1.4532,8.00911,0,0,1771335626393,False,True
0,1.45385,6.87922861,0,0,1771335641218,True,True
0,1.45404,59.89985139,0,0,1771335641218,True,True
0,1.45387,644.50400275,0,0,1771335644453,False,True
0,1.45385,11.12904725,0,0,1771335644453,False,True
0,1.45376,38.93182275,0,0,1771335648094,False,True
0,1.45365,6.87923502,0,0,1771335648094,False,True
0,1.45364,4.18894223,0,0,1771335648094,False,True
0,1.45361,6.87845084,0,0,1771335648914,True,True
0,1.45361,6.60738916,0,0,1771335648914,True,True
0,1.45401,6.0,0,0,1771335654343,True,True
0,1.45401,6.87936955,0,0,1771335654502,True,True
0,1.45421,2.58423045,0,0,1771335654502,True,True
0,1.45398,6.74268,0,0,1771335655973,True,True
0,1.45375,261.5625,0,0,1771335672322,True,True
0,1.45377,381.12935,0,0,1771335672322,True,True
0,1.45368,20.33327,0,0,1771335680763,True,True
0,1.45358,20.33327,0,0,1771335733175,True,True
0,1.45379,6.55988,0,0,1771335747643,True,True
0,1.45383,6.74458,0,0,1771335748369,True,True
0,1.45369,261.5625,0,0,1771335760572,False,True
0,1.45367,20.87785258,0,0,1771335760572,False,True
0,1.45367,261.5625,0,0,1771335760572,False,True
0,1.45365,1454.67786742,0,0,1771335760572,False,True
0,1.45387,33.39205,0,0,1771335770829,True,True
0,1.45383,13.55309,0,0,1771335772291,True,True
0,1.45466,62.00206786,0,0,1771335789388,True,True
0,1.45467,938.59129214,0,0,1771335789388,True,True
0,1.45467,33.39044,0,0,1771335792411,True,True
0,1.45486,173.0,0,0,1771335796434,True,True
0,1.45502,6.73874,0,0,1771335802056,True,True
0,1.45469,200.0,0,0,1771335826794,False,True
0,1.45511,296.2361,0,0,1771335836576,True,True
0,1.45499,40.0,0,0,1771335839565,False,True
0,1.45511,100.0,0,0,1771335840228,True,True
0,1.45478,1.69308,0,0,1771335842032,True,True
0,1.45462,33.10634,0,0,1771335844405,True,True
0,1.45466,28.75563,0,0,1771335849888,True,True
0,1.45479,35.39314786,0,0,1771335860417,False,True
0,1.45475,21.38363214,0,0,1771335860417,False,True
0,1.45493,49.58891,0,0,1771335873939,True,True
0,1.45495,8.74359,0,0,1771335874540,True,True
0,1.45491,3.40261,0,0,1771335900032,True,True
0,1.45504,10.46514,0,0,1771335916024,False,True
0,1.45498,332.84407,0,0,1771335931785,True,True
0,1.45491,337.34772,0,0,1771335936398,True,True
0,1.45447,261.5625,0,0,1771335946575,True,True
0,1.45451,479.98352,0,0,1771335946575,True,True
0,1.45494,17.18283915,0,0,1771335953693,True,True
0,1.45463,200.0,0,0,1771335956924,True,True
0,1.45443,6.5288985,0,0,1771335964177,False,True
0,1.45379,502.19908411,0,0,1771335980099,True,True
0,1.45379,825.82990349,0,0,1771335980099,True,True
0,1.4538,9865.3,0,0,1771335980101,True,True
0,1.45394,789.09426754,0,0,1771335980101,True,True
0,1.45412,261.5625,0,0,1771335980101,True,True
0,1.45414,29914.0,0,0,1771335980101,True,True
0,1.45416,6878.51982881,0,0,1771335980101,True,True
0,1.45417,2866.09299947,0,0,1771335980101,True,True
0,1.45417,314.79369487,0,0,1771335980101,True,True
0,1.45422,2870.73676104,0,0,1771335980101,True,True
0,1.45429,261.5625,0,0,1771335980107,True,True
0,1.45429,3100.0,0,0,1771335980108,True,True
0,1.45429,261.5625,0,0,1771335980109,True,True
0,1.45429,1200.0,0,0,1771335980110,True,True
0,1.45429,651.094,0,0,1771335980115,True,True
0,1.45429,1550.0,0,0,1771335980117,True,True
0,1.45429,3021.42381,0,0,1771335980122,True,True
0,1.4543,300.0,0,0,1771335980154,True,True
0,1.45506,205.83266,0,0,1771335983451,True,True
0,1.45497,358.48673499,0,0,1771335986369,True,True
0,1.45435,102.94287,0,0,1771336011298,False,True
0,1.45469,16.44603265,0,0,1771336014608,True,True
0,1.45469,67.17988735,0,0,1771336014608,True,True
0,1.45448,10.15748,0,0,1771336025789,True,True
0,1.45446,6.53412,0,0,1771336041042,False,True
0,1.45446,6.34705,0,0,1771336050543,True,True
0,1.45446,10.68061,0,0,1771336050575,True,True
0,1.45476,1.0,0,0,1771336066807,True,True
0,1.45474,337.0296,0,0,1771336069254,True,True
0,1.45446,16.68478,0,0,1771336075667,True,True
0,1.45446,244.87772,0,0,1771336075800,True,True
0,1.45446,642.48174381,0,0,1771336075800,True,True
0,1.45448,2112.64053619,0,0,1771336075800,True,True
0,1.45445,41.2527072,0,0,1771336076084,False,True
0,1.45411,66.75104,0,0,1771336077842,True,True
0,1.45478,790.88818,0,0,1771336094961,False,True
0,1.45463,0.66574,0,0,1771336120219,True,True
0,1.45447,6.55993,0,0,1771336123984,False,True
0,1.4542,21.8663018,0,0,1771336130804,False,True
0,1.45417,14.7314382,0,0,1771336130804,False,True
0,1.45426,261.5625,0,0,1771336139352,True,True
0,1.4543,261.5625,0,0,1771336139352,True,True
0,1.45434,446.44210776,0,0,1771336139352,True,True
0,1.45437,5746.26894119,0,0,1771336139352,True,True
0,1.45426,34.29719,0,0,1771336168332,True,True
0,1.45437,261.5625,0,0,1771336196021,True,True
0,1.4544,71.32962,0,0,1771336196021,True,True
0,1.45431,233.04691,0,0,1771336197749,True,True
0,1.45423,4.741048,0,0,1771336198246,True,True
0,1.4539,6.41267,0,0,1771336205929,True,True
0,1.45395,1.84477,0,0,1771336212968,True,True
0,1.45384,5.37723134,0,0,1771336219989,True,True
0,1.4546,6.8783,0,0,1771336237995,True,True
0,1.45496,36.7246,0,0,1771336238124,True,True
0,1.45496,2.786e-05,0,0,1771336238199,True,True
0,1.45533,970.12777214,0,0,1771336238199,True,True
0,1.45533,57.45826113,0,0,1771336238265,True,True
0,1.45564,1492.54173887,0,0,1771336238265,True,True
0,1.45564,1550.0,0,0,1771336238267,True,True
0,1.45564,729.30687212,0,0,1771336238291,True,True
0,1.45564,2417.1955,0,0,1771336238308,True,True
0,1.45564,733.7391,0,0,1771336238309,True,True
0,1.45564,51.57547834,0,0,1771336238317,True,True
0,1.45586,1550.0,0,0,1771336238445,True,True
0,1.45586,555.7495,0,0,1771336238477,True,True
0,1.45586,8.4704,0,0,1771336238492,True,True
0,1.45596,51.57547834,0,0,1771336238584,True,True
0,1.45605,87.01262166,0,0,1771336238584,True,True
0,1.45605,95.4109,0,0,1771336238649,True,True
0,1.45605,2312.4137976,0,0,1771336238680,True,True
0,1.45605,1475.0036838,0,0,1771336238680,True,True
0,1.45612,6.87836139,0,0,1771336238760,True,True
0,1.45695,248.86224,0,0,1771336239039,False,True
0,1.45696,789.47338706,0,0,1771336239317,True,True
0,1.45696,261.56249994,0,0,1771336239317,True,True
0,1.45594,9.15666015,0,0,1771336242224,False,True
0,1.45542,6.86519417,0,0,1771336244046,True,True
0,1.45542,15.35523943,0,0,1771336244046,True,True
0,1.45696,6.86413985,0,0,1771336252721,True,True
0,1.4574,1.886743,0,0,1771336257360,True,True
0,1.4574,0.80355,0,0,1771336263059,True,True
0,1.45769,4.69921588,0,0,1771336265847,True,True
0,1.4579,120.0,0,0,1771336267173,True,True
0,1.4579,9.443031,0,0,1771336267346,True,True
0,1.45942,500.0,0,0,1771336273438,True,True
0,1.45961,3792.97699631,0,0,1771336274778,True,True
0,1.45961,1167.06984502,0,0,1771336274778,True,True
0,1.45961,3712.77897003,0,0,1771336274778,True,True
0,1.45961,80.21101636,0,0,1771336274793,True,True
0,1.45961,3793.00299676,0,0,1771336274793,True,True
0,1.45961,350.0,0,0,1771336274793,True,True
0,1.46023,1000.0,0,0,1771336276609,True,True
0,1.46023,33.21637,0,0,1771336281382,True,True
0,1.45991,908.18087404,0,0,1771336283907,False,True
0,1.46023,5380.0,0,0,1771336302214,True,True
0,1.46023,2.9643533,0,0,1771336302390,True,True
0,1.46027,261.5625,0,0,1771336304760,True,True
0,1.4603,738.4375,0,0,1771336304760,True,True
0,1.4603,5670.0,0,0,1771336306348,True,True
0,1.4603,7.41368858,0,0,1771336306472,True,True
0,1.46065,9038.41325791,0,0,1771336306600,True,True
0,1.46123,1.0,0,0,1771336308077,True,True
0,1.46134,999.0,0,0,1771336308077,True,True
0,1.46101,261.5625,0,0,1771336308248,False,True
0,1.461,2000.0,0,0,1771336308248,False,True
0,1.46096,308.08184483,0,0,1771336308248,False,True
0,1.46034,261.5625,0,0,1771336321815,True,True
0,1.46035,477.92506593,0,0,1771336321815,True,True
0,1.46035,1022.07493407,0,0,1771336322617,True,True
0,1.46084,3898.39603929,0,0,1771336322617,True,True
0,1.46118,965.63913517,0,0,1771336323142,True,True
0,1.46118,1273.1,0,0,1771336323205,True,True
0,1.46118,63.6,0,0,1771336323206,True,True
0,1.4616,837.93555056,0,0,1771336323530,True,True
0,1.46231,129.05325468,0,0,1771336327123,True,True
0,1.4627,261.5625,0,0,1771336327123,True,True
0,1.4628,320.37591644,0,0,1771336327123,True,True
0,1.46207,11.0,0,0,1771336327705,False,True
0,1.46132,71.72175,0,0,1771336333322,False,True
0,1.46164,71.52488313,0,0,1771336342520,True,True
0,1.4624,6.80919,0,0,1771336344681,True,True
0,1.46151,27.4982728,0,0,1771336349203,True,True
0,1.4612,69.45164,0,0,1771336349425,False,True
0,1.46082,29.82334,0,0,1771336377465,True,True
0,1.46168,7.22839805,0,0,1771336393862,True,True
0,1.46106,662.29705,0,0,1771336396450,True,True
0,1.46104,2.27919837,0,0,1771336401675,False,True
0,1.4603,261.5625,0,0,1771336414406,True,True
0,1.46035,163.2758473,0,0,1771336414406,True,True
0,1.45953,137.44381984,0,0,1771336429431,True,True
0,1.45953,137.44381984,0,0,1771336429431,True,True
0,1.45952,3.19283051,0,0,1771336429432,False,True
0,1.45923,6121.8,0,0,1771336429432,False,True
0,1.45917,317.17146305,0,0,1771336429432,False,True
0,1.4591,2000.0,0,0,1771336429432,False,True
0,1.45902,557.83570644,0,0,1771336429432,False,True
0,1.45921,60.25592682,0,0,1771336429438,True,True
0,1.45905,2111.65689,0,0,1771336430163,False,True
0,1.45906,6.71718,0,0,1771336430634,True,True
0,1.45905,73.41757,0,0,1771336447274,False,True
0,1.45906,9.13965044,0,0,1771336449257,True,True
0,1.45973,106.14784,0,0,1771336449313,False,True
0,1.45999,103.067423,0,0,1771336454637,False,True
0,1.46032,6.71538,0,0,1771336456697,True,True
0,1.45935,1027.85486689,0,0,1771336475939,True,True
0,1.45935,33.60161,0,0,1771336476651,True,True
0,1.46035,9.94826,0,0,1771336485490,True,True
0,1.46035,10.18027,0,0,1771336496422,True,True
0,1.46084,5.53208202,0,0,1771336501549,False,True
0,1.46135,2.32875,0,0,1771336503880,True,True
0,1.46173,6.64277,0,0,1771336516725,True,True
0,1.46175,70.16092,0,0,1771336517401,True,True
0,1.46141,102.61953465,0,0,1771336522848,True,True
0,1.46099,127.35972,0,0,1771336527984,True,True
0,1.46082,332.13841,0,0,1771336531363,True,True
0,1.46054,70.78629573,0,0,1771336538251,False,True
0,1.46045,2000.0,0,0,1771336538251,False,True
0,1.46001,13.49609,0,0,1771336564033,True,True
0,1.46025,66.96441,0,0,1771336592802,True,True
0,1.46025,71.87171,0,0,1771336592936,True,True
0,1.46,250.0,0,0,1771336595912,False,True
0,1.46029,12.0,0,0,1771336610363,True,True
0,1.46045,6.56757608,0,0,1771336610363,True,True
0,1.45948,3.52865,0,0,1771336653826,False,True
0,1.45949,12.76299,0,0,1771336672369,True,True
0,1.45948,214.85127764,0,0,1771336674138,False,True
0,1.45948,7163.0,0,0,1771336674138,False,True
0,1.45901,261.5625,0,0,1771336675471,True,True
0,1.45901,674.54887934,0,0,1771336675471,True,True
0,1.459,82.24811514,0,0,1771336679444,False,True
0,1.45838,2.57982227,0,0,1771336689752,True,True
0,1.45865,4.14188773,0,0,1771336689752,True,True
0,1.45836,676.89592,0,0,1771336691564,True,True
0,1.45835,6.72224,0,0,1771336693296,True,True
0,1.45834,3.93210715,0,0,1771336694289,False,True
0,1.45791,66.59353,0,0,1771336721840,True,True
0,1.4579,129.05325468,0,0,1771336727532,False,True
0,1.45697,60.3510386,0,0,1771336729664,True,True
0,1.45705,4.83398,0,0,1771336732594,True,True
0,1.45705,64.91286,0,0,1771336732729,True,True
0,1.45698,35.39314786,0,0,1771336751555,True,True
0,1.45698,261.5625,0,0,1771336751555,True,True
0,1.45705,995.07403214,0,0,1771336751555,True,True
0,1.45697,13.45731,0,0,1771336757522,True,True
0,1.45688,495.0,0,0,1771336768176,False,True
0,1.45705,127.21542,0,0,1771336777524,True,True
0,1.45699,1.02899694,0,0,1771336779972,True,True
0,1.45699,261.5625,0,0,1771336780032,True,True
0,1.45705,307.96370786,0,0,1771336780032,True,True
0,1.45712,557.68801214,0,0,1771336780032,True,True
0,1.45715,35.39314787,0,0,1771336783689,True,True
0,1.45719,64.55611213,0,0,1771336783689,True,True
0,1.45724,2766.30293047,0,0,1771336784836,True,True
0,1.45725,16.98598,0,0,1771336790710,True,True
0,1.45717,1.08231,0,0,1771336798178,True,True
0,1.45694,6.86249335,0,0,1771336803693,True,True
0,1.45697,623.13750665,0,0,1771336803693,True,True
0,1.45705,1125.3745,0,0,1771336803807,True,True
0,1.45696,3431.80340473,0,0,1771336803993,True,True
0,1.457,3864.19659527,0,0,1771336803993,True,True
0,1.45694,6.86353835,0,0,1771336804236,True,True
0,1.45694,261.5625,0,0,1771336804236,True,True
0,1.45696,3431.80340473,0,0,1771336804236,True,True
0,1.457,5266.20340473,0,0,1771336804236,True,True
0,1.45703,6863.28017794,0,0,1771336804236,True,True
0,1.45705,374.6255,0,0,1771336804236,True,True
0,1.45712,557.83570644,0,0,1771336804236,True,True
0,1.45715,261.5625,0,0,1771336804236,True,True
0,1.45722,2353.772829,0,0,1771336804236,True,True
0,1.45723,6082.92285351,0,0,1771336804236,True,True
0,1.45693,250.52679263,0,0,1771336804466,False,True
0,1.45697,6.8635641,0,0,1771336806021,True,True
0,1.4572,9.1539884,0,0,1771336806021,True,True
0,1.45727,4.2660475,0,0,1771336806021,True,True
0,1.45698,6.86577031,0,0,1771336807741,True,True
0,1.45729,13.62162969,0,0,1771336807741,True,True
0,1.45698,6.86577031,0,0,1771336807852,True,True
0,1.45727,9.23338969,0,0,1771336807852,True,True
0,1.45699,3.38102,0,0,1771336811035,True,True
0,1.45716,0.77885,0,0,1771336815488,True,True
0,1.45641,2.45784,0,0,1771336817581,False,True
0,1.45677,6.86461229,0,0,1771336824352,True,True
0,1.45704,9.15210339,0,0,1771336824352,True,True
0,1.45709,0.16591432,0,0,1771336824352,True,True
0,1.45719,6.86264558,0,0,1771336835687,True,True
0,1.4572,71.06797442,0,0,1771336835687,True,True
0,1.45694,6.86264631,0,0,1771336838585,True,True
0,1.45702,30.51971369,0,0,1771336838585,True,True
0,1.45651,6.86236573,0,0,1771336849312,True,True
0,1.45651,6.86375222,0,0,1771336850418,True,True
0,1.45651,187.36535024,0,0,1771336850418,True,True
0,1.45669,0.89252124,0,0,1771336857095,True,True
0,1.45669,6.86550221,0,0,1771336858856,True,True
0,1.45684,59.78670779,0,0,1771336858856,True,True
0,1.45658,352.82553255,0,0,1771336863425,False,True
0,1.45718,66.6411,0,0,1771336876273,True,True
0,1.45727,0.91784,0,0,1771336877208,True,True
0,1.45691,4.61934,0,0,1771336893254,False,True
0,1.45702,345.51207692,0,0,1771336894390,True,True
0,1.45675,6.79654,0,0,1771336904907,True,True
0,1.45712,9.15222903,0,0,1771336912927,True,True
0,1.45734,388.65298359,0,0,1771336912927,True,True
0,1.45676,10.64008124,0,0,1771336915502,False,True
0,1.45517,33.70141,0,0,1771336931134,True,True
0,1.45555,8.24430628,0,0,1771336952929,True,True
0,1.45543,52.0236,0,0,1771336955440,True,True
0,1.45542,6.52732544,0,0,1771336962049,False,True
0,1.45434,60.45537436,0,0,1771336967237,True,True
0,1.4552,4.03573,0,0,1771336977402,True,True
0,1.45507,24.16945662,0,0,1771336979617,False,True
0,1.45505,666.66666666,0,0,1771336979617,False,True
0,1.45494,3436.54480996,0,0,1771336979617,False,True
0,1.45493,6132.0,0,0,1771336979617,False,True
0,1.45491,261.5625,0,0,1771336979617,False,True
0,1.4549,2339.10587169,0,0,1771336979617,False,True
0,1.45506,6.87561,0,0,1771336981809,False,True
0,1.45541,499.07194,0,0,1771337007313,True,True
0,1.45618,9.16056059,0,0,1771337037613,True,True
0,1.45693,5760.0,0,0,1771337038386,True,True
0,1.45695,18.584,0,0,1771337041434,False,True
0,1.4578,33.33466,0,0,1771337045734,True,True
0,1.45781,2.00767219,0,0,1771337046190,True,True
0,1.45768,3430.13110697,0,0,1771337049133,True,True
0,1.45771,261.5625,0,0,1771337049133,True,True
0,1.45772,37.42120567,0,0,1771337049133,True,True
0,1.45775,7594.02057537,0,0,1771337049133,True,True
0,1.45773,10.0,0,0,1771337053248,False,True
0,1.45837,66.46831,0,0,1771337068314,True,True
0,1.45846,6.7561,0,0,1771337071146,True,True
0,1.45891,6.36032,0,0,1771337074674,True,True
0,1.45893,0.6639,0,0,1771337074762,True,True
0,1.45861,2.12421,0,0,1771337074880,False,True
0,1.45904,30.0,0,0,1771337081103,False,True
0,1.4584,12.38935,0,0,1771337104781,True,True
0,1.45814,9.33552,0,0,1771337111719,False,True
0,1.45827,136.98630136,0,0,1771337117217,True,True
0,1.45831,8.63383,0,0,1771337118068,True,True
0,1.4583,183.17250745,0,0,1771337122445,True,True
0,1.45845,127.13388198,0,0,1771337134546,False,True
0,1.45878,6.29706,0,0,1771337145561,True,True
0,1.45861,11.69020786,0,0,1771337146076,False,True
0,1.4586,88.30979214,0,0,1771337146076,False,True
0,1.45934,261.5625,0,0,1771337168564,True,True
0,1.45938,41.69020786,0,0,1771337168564,True,True
0,1.45946,692.34388214,0,0,1771337168564,True,True
0,1.45947,5.0,0,0,1771337174193,False,True
0,1.45931,1.65,0,0,1771337188803,True,True
0,1.45931,51.3351173,0,0,1771337188803,True,True
0,1.4591,68.53539853,0,0,1771337196056,True,True
0,1.45923,261.5625,0,0,1771337199760,True,True
0,1.45945,307.97845206,0,0,1771337199881,True,True
0,1.45953,3968.51477264,0,0,1771337199899,True,True
0,1.45955,103.06691346,0,0,1771337199899,True,True
0,1.46066,590.84858531,0,0,1771337201875,True,True
0,1.46053,261.5625,0,0,1771337201884,True,True
0,1.46077,479.377972,0,0,1771337202143,True,True
0,1.46092,500.0,0,0,1771337202540,True,True
0,1.46164,165.06185,0,0,1771337212317,True,True
0,1.46143,66.2614,0,0,1771337217775,True,True
0,1.46124,16.5875421,0,0,1771337221322,False,True
0,1.46122,676.89592,0,0,1771337234306,True,True
0,1.46122,261.5625,0,0,1771337234306,True,True
0,1.46122,800.0,0,0,1771337234306,True,True
0,1.46122,607.58921929,0,0,1771337234306,True,True
0,1.46122,4190.00416641,0,0,1771337234324,False,True
0,1.46122,1394.88256388,0,0,1771337234339,False,True
0,1.46121,9.12095642,0,0,1771337234339,False,True
0,1.46053,60.6823641,0,0,1771337239898,True,True
0,1.46052,6.71102,0,0,1771337241757,True,True
0,1.45983,8177.3,0,0,1771337249448,True,True
0,1.45984,3425.05588644,0,0,1771337249448,True,True
0,1.45991,6849.73731257,0,0,1771337249448,True,True
0,1.45997,2568.62374116,0,0,1771337249448,True,True
0,1.46016,261.5625,0,0,1771337249448,True,True
0,1.46022,22009.85661816,0,0,1771337249448,True,True
0,1.45981,80.35466841,0,0,1771337251352,False,True
0,1.45939,97.57537073,0,0,1771337252425,True,True
0,1.45931,19.90907,0,0,1771337258482,True,True
0,1.45859,5.01640471,0,0,1771337264441,False,True
0,1.45861,65.76989102,0,0,1771337266605,False,True
0,1.45861,261.5625,0,0,1771337266605,False,True
0,1.45841,588.89489102,0,0,1771337266623,False,True
0,1.45717,120.60551863,0,0,1771337282808,True,True
0,1.45744,261.5625,0,0,1771337285757,True,True
0,1.45745,401.91119,0,0,1771337285757,True,True
0,1.45724,53.19169,0,0,1771337312453,True,True
0,1.45744,34.30672961,0,0,1771337314651,True,True
0,1.45679,67.08338,0,0,1771337320819,True,True
0,1.45684,1.65,0,0,1771337324378,False,True
0,1.45698,41.0,0,0,1771337352710,True,True
0,1.45691,67.28656,0,0,1771337359582,True,True
0,1.45655,1.41406975,0,0,1771337380189,False,True
0,1.45666,90.18343153,0,0,1771337381383,False,True
0,1.45757,1.36872,0,0,1771337397111,True,True
0,1.45737,3.61521126,0,0,1771337399897,True,True
0,1.45759,67.51270874,0,0,1771337399897,True,True
0,1.45722,300.0,0,0,1771337404238,False,True
0,1.45698,3.60878463,0,0,1771337407234,True,True
0,1.45721,36.44121537,0,0,1771337407234,True,True
0,1.45664,3.44302014,0,0,1771337438881,True,True
0,1.45664,65.46660986,0,0,1771337438881,True,True
0,1.45628,43.78461,0,0,1771337470914,True,True
0,1.4564,261.5625,0,0,1771337472097,True,True
0,1.45646,1071.9122,0,0,1771337472097,True,True
0,1.45614,25.43652,0,0,1771337482446,True,True
0,1.45613,57.28899449,0,0,1771337482985,False,True
0,1.45581,7.45289781,0,0,1771337482985,False,True
0,1.45633,9.15666016,0,0,1771337489448,True,True
0,1.4569,10.67931097,0,0,1771337491930,False,True
0,1.45649,33.25081,0,0,1771337543456,True,True
0,1.4565,0.78649,0,0,1771337547989,False,True
0,1.45691,850.0,0,0,1771337555462,True,True
0,1.45691,20.0,0,0,1771337555462,True,True
0,1.4569,25.78512768,0,0,1771337563006,False,True
0,1.45667,100.75701,0,0,1771337571537,True,True
0,1.45667,9.99753,0,0,1771337584691,True,True
0,1.45666,151.03043949,0,0,1771337620464,False,True
0,1.45629,6.73037,0,0,1771337621543,True,True
0,1.45629,479.46203122,0,0,1771337625763,True,True
0,1.45629,3.33338,0,0,1771337627516,True,True
0,1.45629,36.66719,0,0,1771337639289,True,True
0,1.45628,68.66811327,0,0,1771337643209,False,True
0,1.45628,6.86681132,0,0,1771337643209,False,True
0,1.45578,34.34065934,0,0,1771337648102,True,True
0,1.45521,52.91313179,0,0,1771337651367,False,True
0,1.45469,261.5625,0,0,1771337654968,True,True
0,1.45481,789.55016693,0,0,1771337654968,True,True
0,1.45483,611.00567307,0,0,1771337654968,True,True
0,1.45442,23.31568083,0,0,1771337660583,False,True
0,1.45508,64.02237,0,0,1771337672916,True,True
0,1.45524,667.15957,0,0,1771337680216,True,True
0,1.45487,10.1,0,0,1771337695191,True,True
0,1.45475,104.267,0,0,1771337698471,True,True
0,1.45505,9.1648108,0,0,1771337726491,True,True
0,1.45563,36.47956612,0,0,1771337726491,True,True
0,1.45565,20.92810308,0,0,1771337726491,True,True
0,1.45547,1.65,0,0,1771337746567,False,True
0,1.4555,1.65,0,0,1771337774665,False,True
0,1.45516,20.0,0,0,1771337780690,False,True
0,1.45532,33.27252,0,0,1771337789943,True,True
0,1.45536,20.59552,0,0,1771337794977,False,True
0,1.45558,100.0,0,0,1771337795195,True,True
0,1.45569,261.5625,0,0,1771337803738,True,True
0,1.45573,2731.75678758,0,0,1771337803738,True,True
0,1.45544,261.5625,0,0,1771337805538,False,True
0,1.45541,4738.43750029,0,0,1771337805538,False,True
0,1.45573,49.13629573,0,0,1771337811819,False,True
0,1.4557,15.078,0,0,1771337811819,False,True
0,1.45569,4804.79700891,0,0,1771337811819,False,True
0,1.45568,5134.93877755,0,0,1771337811819,False,True
0,1.45592,5.05,0,0,1771337818778,True,True
0,1.45567,31.08207535,0,0,1771337823043,False,True
0,1.4556,37.61292572,0,0,1771337823043,False,True
0,1.45587,40.4679,0,0,1771337841334,False,True
0,1.45597,13.53429,0,0,1771337846495,True,True
0,1.45579,150.0,0,0,1771337856879,False,True
0,1.45553,26.89958121,0,0,1771337859228,False,True
0,1.4554,35.39314786,0,0,1771337864752,True,True
0,1.45549,193.80886616,0,0,1771337864752,True,True
0,1.45549,9.09471833,0,0,1771337876187,True,True
0,1.45544,144.8574,0,0,1771337878670,True,True
0,1.45544,66.5464,0,0,1771337881126,True,True
0,1.4548,24.8419,0,0,1771337899109,True,True
0,1.45437,35.39314786,0,0,1771337903820,False,True
0,1.45436,10150.1,0,0,1771337903820,False,True
0,1.45431,1137.64224015,0,0,1771337903820,False,True
0,1.45442,28.39561,0,0,1771337908589,False,True
0,1.45462,33.29104,0,0,1771337908802,True,True
0,1.45462,261.5625,0,0,1771337913773,False,True
0,1.45454,3437.48932224,0,0,1771337913773,False,True
0,1.45452,663.19378471,0,0,1771337913773,False,True
0,1.45448,6875.30501216,0,0,1771337913773,False,True
0,1.45447,85.5847689,0,0,1771337913773,False,True
0,1.45459,63.88104,0,0,1771337924634,True,True
0,1.45431,33.29104,0,0,1771337935086,False,True
0,1.45431,170.34217,0,0,1771337935086,False,True
0,1.45451,9.98779,0,0,1771337938059,True,True
0,1.4543,143.40179,0,0,1771337941821,False,True
0,1.45551,0.98029109,0,0,1771337953162,True,True
0,1.45551,6.23908,0,0,1771337958079,True,True
0,1.45537,3.4012,0,0,1771337990038,True,True
0,1.45518,17.29309,0,0,1771338004406,False,True
0,1.45548,1.56157022,0,0,1771338016530,True,True
0,1.4553,2.34301377,0,0,1771338024427,True,True
0,1.45553,10.96718623,0,0,1771338024427,True,True
0,1.45493,86.77338,0,0,1771338034372,False,True
0,1.4549,2.31795744,0,0,1771338040695,True,True
0,1.45491,7.76413256,0,0,1771338040695,True,True
0,1.45479,3.5562418,0,0,1771338046728,False,True
0,1.45492,2.21466409,0,0,1771338057815,True,True
0,1.45493,7.89571591,0,0,1771338057815,True,True
0,1.4544,40.55607292,0,0,1771338065212,True,True
0,1.454,27.51031636,0,0,1771338086115,False,True
0,1.45355,7.3273,0,0,1771338101945,True,True
0,1.45352,68.45622,0,0,1771338111609,True,True
0,1.45352,15.0,0,0,1771338113083,True,True
0,1.45351,7.62823,0,0,1771338125437,False,True
0,1.45351,121.814801,0,0,1771338126705,False,True
0,1.45351,35.33044565,0,0,1771338126705,False,True
0,1.45351,261.5625,0,0,1771338126705,False,True
0,1.45351,622.83492108,0,0,1771338126705,False,True
0,1.45351,68.79897627,0,0,1771338126705,False,True
0,1.45351,1645.999336,0,0,1771338126705,False,True
0,1.45352,16.951951,0,0,1771338132489,True,True
0,1.45352,17.997688,0,0,1771338132489,True,True
0,1.45352,19.070945,0,0,1771338132489,True,True
0,1.45352,19.566294,0,0,1771338132489,True,True
0,1.45381,16.150666,0,0,1771338132635,True,True
0,1.45401,6.34901,0,0,1771338138199,True,True
0,1.454,2.0,0,0,1771338139728,False,True
0,1.45401,0.70164579,0,0,1771338141679,True,True
0,1.454,6.90434486,0,0,1771338144507,False,True
0,1.45401,7.91485321,0,0,1771338145742,True,True
0,1.45401,20.852676,0,0,1771338145742,True,True
0,1.45401,20.935207,0,0,1771338145742,True,True
0,1.45401,18.05619379,0,0,1771338145742,True,True
0,1.45401,2.65893221,0,0,1771338147335,True,True
0,1.45401,20.247454,0,0,1771338147335,True,True
0,1.45401,17.09361379,0,0,1771338147335,True,True
0,1.45401,2.60363721,0,0,1771338148573,True,True
0,1.45401,17.39636279,0,0,1771338148573,True,True
0,1.45401,1.69566521,0,0,1771338148789,True,True
0,1.4547,16.30433479,0,0,1771338148789,True,True
0,1.45461,64.72971,0,0,1771338150178,True,True
0,1.4547,27.51012716,0,0,1771338151055,False,True
0,1.45459,12.67168473,0,0,1771338156727,False,True
0,1.45328,108.34867701,0,0,1771338178302,False,True
0,1.45352,39.85164542,0,0,1771338178862,True,True
0,1.45353,293.26947458,0,0,1771338178862,True,True
0,1.4535,403.00764348,0,0,1771338203383,False,True
0,1.4535,3.41525389,0,0,1771338203383,False,True
0,1.45352,652.58822713,0,0,1771338220832,False,True
0,1.4535,237.04703287,0,0,1771338220832,False,True
0,1.4535,12.72833602,0,0,1771338230646,False,True
0,1.45301,68.65102,0,0,1771338231124,True,True
0,1.453,1.65,0,0,1771338232537,False,True
0,1.45256,14.31116,0,0,1771338232606,True,True
0,1.45286,13.49306,0,0,1771338251642,True,True
0,1.45231,0.00035279,0,0,1771338259642,False,True
0,1.45231,70.78594294,0,0,1771338259642,False,True
0,1.4523,151.57336638,0,0,1771338259642,False,True
0,1.45229,4813.6321751,0,0,1771338259642,False,True
0,1.45227,6143.0,0,0,1771338259642,False,True
0,1.45225,3442.92541327,0,0,1771338259642,False,True
0,1.45218,6886.17400276,0,0,1771338259642,False,True
0,1.45216,643.95874858,0,0,1771338259642,False,True
0,1.45214,261.5625,0,0,1771338259642,False,True
0,1.45207,29937.1,0,0,1771338259642,False,True
0,1.45203,350.7,0,0,1771338259642,False,True
0,1.452,1.65,0,0,1771338259642,False,True
0,1.45199,261.5625,0,0,1771338259642,False,True
0,1.45199,790.64656102,0,0,1771338259642,False,True
0,1.45196,4466.9282625,0,0,1771338259642,False,True
0,1.45186,25.0,0,0,1771338259642,False,True
0,1.45184,261.5625,0,0,1771338259642,False,True
0,1.45184,2745.57302836,0,0,1771338259642,False,True
0,1.45181,3968.51477264,0,0,1771338259642,False,True
0,1.45178,6667.45703255,0,0,1771338259642,False,True
0,1.45178,2490.246534,0,0,1771338259642,False,True
0,1.45177,33433.70999873,0,0,1771338259642,False,True
0,1.45172,60121.63,0,0,1771338259642,False,True
0,1.45169,261.5625,0,0,1771338259642,False,True
0,1.45168,1377.71409677,0,0,1771338259642,False,True
0,1.45167,1377.72358731,0,0,1771338259642,False,True
0,1.45156,4.0,0,0,1771338259642,False,True
0,1.45156,21356.21434013,0,0,1771338259642,False,True
0,1.45155,49874.8,0,0,1771338259642,False,True
0,1.45154,261.5625,0,0,1771338259642,False,True
0,1.45153,15070.84,0,0,1771338259642,False,True
0,1.45153,6889.24648222,0,0,1771338259642,False,True
0,1.45149,6885.18693701,0,0,1771338259642,False,True
0,1.45142,479.23502579,0,0,1771338259642,False,True
0,1.45139,261.5625,0,0,1771338259642,False,True
0,1.45139,21358.82164801,0,0,1771338259642,False,True
0,1.45136,1719.1543482,0,0,1771338259642,False,True
0,1.45135,17.22534192,0,0,1771338259642,False,True
0,1.45134,790.64656102,0,0,1771338259642,False,True
0,1.45131,6756.415037,0,0,1771338259642,False,True
0,1.4513,10206.07364525,0,0,1771338259642,False,True
0,1.45127,13771.22107627,0,0,1771338259642,False,True
0,1.45126,2369.11312052,0,0,1771338259642,False,True
0,1.45124,261.5625,0,0,1771338259642,False,True
0,1.45122,21361.30295002,0,0,1771338259642,False,True
0,1.45118,29979.95,0,0,1771338259642,False,True
0,1.45116,790.64656102,0,0,1771338259642,False,True
0,1.45112,21362.7349985,0,0,1771338259642,False,True
0,1.45109,261.5625,0,0,1771338259642,False,True
0,1.451,1.65,0,0,1771338259642,False,True
0,1.45099,828.26145459,0,0,1771338259642,False,True
0,1.45094,261.5625,0,0,1771338259642,False,True
0,1.45086,25636.11817677,0,0,1771338259642,False,True
0,1.45084,16.29650769,0,0,1771338259642,False,True
0,1.45082,34426.56116767,0,0,1771338259642,False,True
0,1.45079,261.5625,0,0,1771338259642,False,True
0,1.45078,35526.01609749,0,0,1771338259642,False,True
0,1.45199,790.6465,0,0,1771338259732,False,True
0,1.45123,261.5625,0,0,1771338260654,True,True
0,1.45123,14848.4375,0,0,1771338260654,True,True
0,1.45123,9.7575,0,0,1771338260981,True,True
0,1.45123,19.7306,0,0,1771338260981,True,True
0,1.45144,35.39314786,0,0,1771338261101,True,True
0,1.45144,103.33365214,0,0,1771338261101,True,True
0,1.45144,17.2388,0,0,1771338261400,True,True
0,1.45144,6244.5386523,0,0,1771338263991,True,True
0,1.45144,4985.0187339,0,0,1771338263992,True,True
0,1.45144,3628.6376138,0,0,1771338263992,True,True
0,1.45145,19.842227,0,0,1771338264036,True,True
0,1.45145,20.090255,0,0,1771338264036,True,True
0,1.45145,20.448517,0,0,1771338264036,True,True
0,1.45145,20.806779,0,0,1771338264036,True,True
0,1.45145,21.165042,0,0,1771338264036,True,True
0,1.45173,14858.195,0,0,1771338271345,True,True
0,1.45173,29561.805,0,0,1771338271345,True,True
0,1.45173,14858.195,0,0,1771338271382,True,True
0,1.45211,77.93081,0,0,1771338285187,False,True
0,1.45217,23.62944,0,0,1771338295888,True,True
0,1.45217,7544.40876882,0,0,1771338300133,True,True
0,1.45251,19.745131,0,0,1771338306776,True,True
0,1.45298,18.63626878,0,0,1771338311840,True,True
0,1.45287,3441.44440213,0,0,1771338313327,False,True
0,1.45284,4817.5263345,0,0,1771338313327,False,True
0,1.45281,6883.21159963,0,0,1771338313327,False,True
0,1.45271,99.61959489,0,0,1771338313327,False,True
0,1.45227,944.39815739,0,0,1771338347500,True,True
0,1.45227,1.44775,0,0,1771338348146,True,True
0,1.45225,100.59466,0,0,1771338359859,False,True
0,1.45261,75.0,0,0,1771338378966,True,True
0,1.45251,40.08732618,0,0,1771338394986,True,True
0,1.45254,300.04879,0,0,1771338464249,False,True
0,1.45255,506.04110013,0,0,1771338465702,True,True
0,1.45254,200.0,0,0,1771338479474,False,True
0,1.45255,168.73639,0,0,1771338484776,True,True
0,1.45255,128.49849,0,0,1771338488455,True,True
0,1.45255,40.86606313,0,0,1771338492056,True,True
0,1.45255,33.41963,0,0,1771338493761,True,True
0,1.45278,2488.49395627,0,0,1771338499344,False,True
0,1.45278,777.95108773,0,0,1771338499344,False,True
0,1.45279,6.68393,0,0,1771338499387,True,True
0,1.45265,26.73571,0,0,1771338507169,True,True
0,1.45262,456.77888,0,0,1771338507890,False,True
0,1.45273,80.48295279,0,0,1771338516622,True,True
0,1.45273,80.0,0,0,1771338522988,True,True
0,1.45272,16.34969,0,0,1771338524132,False,True
0,1.45273,13.3662,0,0,1771338526539,True,True
0,1.453,13.3662,0,0,1771338532692,True,True
0,1.453,5.656512,0,0,1771338534523,True,True
0,1.45324,35.39314787,0,0,1771338534523,True,True
0,1.45325,458.95034013,0,0,1771338534523,True,True
0,1.45323,10.78968374,0,0,1771338541001,True,True
0,1.45304,14.17717,0,0,1771338556251,False,True
0,1.45304,5.065246,0,0,1771338573670,False,True
0,1.45304,19.380058,0,0,1771338573670,False,True
0,1.45299,18.609901,0,0,1771338573670,False,True
0,1.45299,19.16049,0,0,1771338573670,False,True
0,1.45273,33.73566,0,0,1771338574127,True,True
0,1.45326,628.05131,0,0,1771338590894,True,True
0,1.45325,35.31537763,0,0,1771338594159,False,True
0,1.45273,334.08594,0,0,1771338596327,True,True
0,1.45273,8.0,0,0,1771338600573,True,True
0,1.45351,14.80554,0,0,1771338601256,True,True
0,1.45351,15.053216,0,0,1771338601256,True,True
0,1.45351,16.374156,0,0,1771338601256,True,True
0,1.45351,17.722616,0,0,1771338601256,True,True
0,1.45353,15.02549,0,0,1771338601306,True,True
0,1.45353,14.915413,0,0,1771338601306,True,True
0,1.45353,14.887894,0,0,1771338601306,True,True
0,1.45367,15.161625,0,0,1771338601306,True,True
0,1.45401,642.88721488,0,0,1771338601391,True,True
0,1.45401,150.10946573,0,0,1771338601402,True,True
0,1.45401,394.1143057,0,0,1771338601408,True,True
0,1.45401,7227.33360644,0,0,1771338601415,True,True
0,1.45401,450.3319153,0,0,1771338601419,True,True
0,1.45401,150.11063843,0,0,1771338601419,True,True
0,1.45401,150.11063844,0,0,1771338601420,True,True
0,1.45401,300.22127687,0,0,1771338601422,True,True
0,1.45401,187.67300983,0,0,1771338601440,True,True
0,1.45401,14635.00207582,0,0,1771338601442,True,True
0,1.45401,150.10946575,0,0,1771338601446,True,True
0,1.45401,150.11063843,0,0,1771338601450,True,True
0,1.45401,1037.2142414,0,0,1771338601467,True,True
0,1.45404,300.0,0,0,1771338601467,True,True
0,1.45434,33.1035,0,0,1771338603120,False,True
0,1.45434,3.022e-05,0,0,1771338603218,False,True
0,1.45381,1.87350363,0,0,1771338603371,True,True
0,1.45381,42.09854563,0,0,1771338603371,True,True
0,1.45381,135.18093,0,0,1771338603532,True,True
0,1.45313,3.37338,0,0,1771338606045,True,True
0,1.4533,1.87857672,0,0,1771338606260,True,True
0,1.45331,261.5625,0,0,1771338606260,True,True
0,1.45333,736.55892328,0,0,1771338606260,True,True
0,1.45328,261.5625,0,0,1771338609901,False,True
0,1.45308,6.88193354,0,0,1771338609901,False,True
0,1.45307,261.5625,0,0,1771338609901,False,True
0,1.45295,210.97731573,0,0,1771338609901,False,True
0,1.45292,261.5625,0,0,1771338609901,False,True
0,1.45281,6148.7,0,0,1771338609901,False,True
0,1.4528,2000.0,0,0,1771338609901,False,True
0,1.45277,261.5625,0,0,1771338609901,False,True
0,1.45272,2.26367,0,0,1771338609901,False,True
0,1.45272,18.503222,0,0,1771338609901,False,True
0,1.45272,18.393083,0,0,1771338609901,False,True
0,1.45272,18.365549,0,0,1771338609901,False,True
0,1.45272,20.292968,0,0,1771338609901,False,True
0,1.45272,19.742277,0,0,1771338609901,False,True
0,1.45272,19.356793,0,0,1771338609901,False,True
0,1.45272,19.466931,0,0,1771338609901,False,True
0,1.45272,19.714742,0,0,1771338609901,False,True
0,1.45272,20.292968,0,0,1771338609901,False,True
0,1.45272,410.79854773,0,0,1771338609901,False,True
0,1.45371,3.53415,0,0,1771338620435,False,True
0,1.45284,0.86068,0,0,1771338648489,True,True
0,1.45279,1.85321527,0,0,1771338648567,True,True
0,1.45279,20.36711694,0,0,1771338648567,True,True
0,1.45305,26.72614,0,0,1771338651785,True,True
0,1.45304,14.17942,0,0,1771338652115,False,True
0,1.45302,0.67481,0,0,1771338661794,True,True
0,1.45256,19.95637532,0,0,1771338663202,False,True
0,1.45254,188.40040933,0,0,1771338663202,False,True
0,1.45254,16.880774,0,0,1771338663202,False,True
0,1.45254,17.761989,0,0,1771338663202,False,True
0,1.45254,18.395363,0,0,1771338663202,False,True
0,1.45254,18.230135,0,0,1771338663202,False,True
0,1.45254,18.367825,0,0,1771338663202,False,True
0,1.45254,18.670742,0,0,1771338663202,False,True
0,1.45254,19.166426,0,0,1771338663202,False,True
0,1.45254,19.359191,0,0,1771338663202,False,True
0,1.45254,19.166426,0,0,1771338663202,False,True
0,1.4525,16.110155,0,0,1771338663376,False,True
0,1.45244,15.339704,0,0,1771338663376,False,True
0,1.45225,14.350146,0,0,1771338663831,False,True
0,1.45185,222.0,0,0,1771338664781,True,True
0,1.45275,101.92299,0,0,1771338670943,True,True
0,1.45334,19.31176,0,0,1771338674776,True,True
0,1.45461,7.05640486,0,0,1771338683061,True,True
0,1.45461,8.09542314,0,0,1771338683145,True,True
0,1.45471,16.470637,0,0,1771338683182,True,True
0,1.45471,15.64573,0,0,1771338683182,True,True
0,1.45495,13.8836,0,0,1771338683703,True,True
0,1.45495,3.9e-05,0,0,1771338683864,True,True
0,1.45503,117.639057,0,0,1771338688456,False,True
0,1.45615,44.05149,0,0,1771338693454,True,True
0,1.45574,157.68134,0,0,1771338698316,False,True
0,1.45632,113.52742977,0,0,1771338705524,True,True
0,1.45632,150.16174208,0,0,1771338705525,True,True
0,1.45632,150.16129479,0,0,1771338705528,True,True
0,1.45632,613.4780907,0,0,1771338705530,True,True
0,1.45675,53.19496,0,0,1771338705614,False,True
0,1.45691,4.0,0,0,1771338706048,True,True
0,1.45805,1151.33779178,0,0,1771338706615,True,True
0,1.45807,3741.79649724,0,0,1771338706615,True,True
0,1.45853,6330.27388547,0,0,1771338706615,True,True
0,1.45826,5.13739,0,0,1771338708923,False,True
0,1.45845,6.56637,0,0,1771338721731,True,True
0,1.45807,593.23095073,0,0,1771338735109,False,True
0,1.4581,2000.0,0,0,1771338743868,False,True
0,1.45678,261.5625,0,0,1771338752582,True,True
0,1.45685,4798.7227718,0,0,1771338752582,True,True
0,1.45686,28732.6646782,0,0,1771338752582,True,True
0,1.45775,70.25202,0,0,1771338755901,True,True
0,1.45789,102.24041,0,0,1771338760238,True,True
0,1.45712,200.0,0,0,1771338762523,False,True
0,1.45637,261.5625,0,0,1771338763150,False,True
0,1.45623,70.78629573,0,0,1771338763150,False,True
0,1.45622,155.93856319,0,0,1771338763150,False,True
0,1.45683,67.08982,0,0,1771338763219,True,True
0,1.45683,6.30324,0,0,1771338763268,True,True
0,1.45622,71.93573752,0,0,1771338764033,False,True
0,1.4558,20.497321,0,0,1771338766528,False,True
0,1.45565,19.620101,0,0,1771338766752,False,True
0,1.45533,17.975305,0,0,1771338767064,False,True
0,1.45594,70.78629573,0,0,1771338784383,True,True
0,1.45609,14129.06546479,0,0,1771338784383,True,True
0,1.45673,30.44413,0,0,1771338785586,True,True
0,1.45734,64.27729,0,0,1771338787157,True,True
0,1.45685,133.10744,0,0,1771338788842,True,True
0,1.4562,85.76994,0,0,1771338795316,False,True
0,1.45524,70.78629573,0,0,1771338803051,False,True
0,1.4552,671.16323558,0,0,1771338803051,False,True
0,1.45477,25.43233,0,0,1771338804579,True,True
0,1.45532,2.85951,0,0,1771338805153,True,True
0,1.45503,19.38394,0,0,1771338820031,True,True
0,1.45516,28.29528,0,0,1771338827192,True,True
0,1.45631,34.16254,0,0,1771338829035,True,True
0,1.45523,3.28662,0,0,1771338839969,False,True
0,1.45523,9.76984175,0,0,1771338840152,False,True
0,1.45667,6.79906,0,0,1771338850865,True,True
0,1.4582,45.88890748,0,0,1771338854891,True,True
0,1.4582,3.97709252,0,0,1771338854891,True,True
0,1.45817,6.733,0,0,1771338856678,True,True
0,1.45801,13.28737,0,0,1771338858540,True,True
0,1.45827,33.2223,0,0,1771338873035,True,True
0,1.45896,632.853,0,0,1771338885525,True,True
0,1.45896,350.8569,0,0,1771338885532,True,True
0,1.45896,516.2901,0,0,1771338885534,True,True
0,1.45862,13.56477,0,0,1771338892908,True,True
0,1.4582,295.78671,0,0,1771338899472,False,True
0,1.4582,129.05325468,0,0,1771338899541,False,True
0,1.45827,261.5625,0,0,1771338899611,True,True
0,1.45835,1500.0,0,0,1771338899611,True,True
0,1.45842,230.38468,0,0,1771338899611,True,True
0,1.4582,516.2901,0,0,1771338900412,False,True
0,1.4582,1058.8699353,0,0,1771338900420,False,True
0,1.4578,2000.0,0,0,1771338900590,False,True
0,1.45774,70.7862957,0,0,1771338900590,False,True
0,1.45762,1082.7710698,0,0,1771338900683,False,True
0,1.45741,321.23831843,0,0,1771338900734,False,True
0,1.4574,24.99999997,0,0,1771338900734,False,True
0,1.45765,100.36508,0,0,1771338910367,True,True
0,1.45746,66.47867,0,0,1771338914632,True,True
0,1.45746,6.86125,0,0,1771338915044,True,True
0,1.45813,13.29111,0,0,1771338922207,True,True
0,1.45916,12.65598,0,0,1771338925829,True,True
0,1.45902,1000.0,0,0,1771338927464,False,True
0,1.45942,1783.38988794,0,0,1771338928173,True,True
0,1.45855,14.0,0,0,1771338931437,True,True
0,1.45695,1.03490184,0,0,1771338957773,True,True
0,1.45695,6.58910738,0,0,1771338957813,True,True
0,1.45745,80.0,0,0,1771338960996,True,True
0,1.45735,6.71262,0,0,1771338966021,True,True
0,1.45765,31.91264,0,0,1771338968566,True,True
0,1.45735,125.743,0,0,1771338971027,True,True
0,1.45625,9.90079978,0,0,1771338982696,True,True
0,1.45558,118.261,0,0,1771338996679,False,True
0,1.4558,18.299217,0,0,1771339000834,True,True
0,1.45625,261.5625,0,0,1771339000834,True,True
0,1.45627,748.138283,0,0,1771339000834,True,True
0,1.45662,12.84998,0,0,1771339011036,True,True
0,1.45606,16.10449,0,0,1771339013130,True,True
0,1.4558,0.72746798,0,0,1771339027030,False,True
0,1.456,22.23546,0,0,1771339034594,True,True
0,1.45604,47.59438592,0,0,1771339035215,True,True
0,1.45612,20.273054,0,0,1771339038828,True,True
0,1.45612,20.437876,0,0,1771339038828,True,True
0,1.45621,7.96011,0,0,1771339038828,True,True
0,1.4562,13.30389,0,0,1771339049321,True,True
0,1.45621,12.229286,0,0,1771339055684,True,True
0,1.45621,12.215654,0,0,1771339055684,True,True
0,1.45567,6.83612,0,0,1771339074203,True,True
0,1.45621,7.836399,0,0,1771339076519,True,True
0,1.45621,0.487071,0,0,1771339076519,True,True
0,1.45621,20.443976,0,0,1771339079654,True,True
0,1.45635,71.794304,0,0,1771339079654,True,True
0,1.45585,152.48823711,0,0,1771339086231,True,True
0,1.45535,37.499693,0,0,1771339094585,True,True
0,1.45504,261.5625,0,0,1771339097381,True,True
0,1.45505,357.00454,0,0,1771339097381,True,True
0,1.45485,197.95855242,0,0,1771339101941,False,True
0,1.45443,14.411144,0,0,1771339103576,False,True
0,1.45351,129.443031,0,0,1771339105121,False,True
0,1.45265,1079.45705298,0,0,1771339106572,False,True
0,1.45204,64.02067,0,0,1771339110780,True,True
0,1.45148,54.8675,0,0,1771339116407,True,True
0,1.45148,131.5117,0,0,1771339116593,True,True
0,1.45148,91.7254,0,0,1771339116699,True,True
0,1.45081,500.0,0,0,1771339119370,True,True
0,1.4508,326.62293,0,0,1771339121013,False,True
0,1.4508,5500.96327689,0,0,1771339125906,False,True
0,1.45064,20.88,0,0,1771339125906,False,True
0,1.45002,2000.0,0,0,1771339126101,False,True
0,1.45,276.25,0,0,1771339126102,False,True
0,1.45,13.752,0,0,1771339126108,False,True
0,1.45,13.752,0,0,1771339126110,False,True
0,1.45,13.752,0,0,1771339126112,False,True
0,1.45,199.73537931,0,0,1771339126135,False,True
0,1.45,1.65,0,0,1771339126135,False,True
0,1.45,23.44827587,0,0,1771339126135,False,True
0,1.45,300.0,0,0,1771339126135,False,True
0,1.4499,6.89702738,0,0,1771339126135,False,True
0,1.44983,6.85506105,0,0,1771339126135,False,True
0,1.4497,6358.51325639,0,0,1771339126135,False,True
0,1.44941,81.1217,0,0,1771339126281,False,True
0,1.44941,2.114e-05,0,0,1771339126281,False,True
0,1.44932,10.0,0,0,1771339126705,False,True
0,1.44935,678.09776,0,0,1771339127861,True,True
0,1.44935,17.2061,0,0,1771339127861,True,True
0,1.44913,129.8342729,0,0,1771339134115,False,True
0,1.44914,15.078,0,0,1771339134132,True,True
0,1.44914,49.71517,0,0,1771339134132,True,True
0,1.449,2.67770876,0,0,1771339134132,False,True
0,1.449,20.0,0,0,1771339134132,False,True
0,1.4489,20298.93979156,0,0,1771339134132,False,True
0,1.44882,2.07065059,0,0,1771339134135,False,True
0,1.44871,2000.0,0,0,1771339134135,False,True
0,1.44852,100.0,0,0,1771339134247,False,True
0,1.44823,65.8735,0,0,1771339134305,False,True
0,1.44823,1.457e-05,0,0,1771339134318,False,True
0,1.44811,33.0,0,0,1771339134318,False,True
0,1.44801,13.8120593,0,0,1771339134318,False,True
0,1.4475,10.01,0,0,1771339134445,False,True
0,1.44729,11.91896635,0,0,1771339134445,False,True
0,1.44726,499.99999995,0,0,1771339134445,False,True
0,1.44851,479.377972,0,0,1771339134445,True,True
0,1.44819,27.12391,0,0,1771339134560,True,True
0,1.44703,2.35289789,0,0,1771339134572,False,True
0,1.4467,132.02160183,0,0,1771339136242,False,True
0,1.4467,37.71157762,0,0,1771339136242,False,True
0,1.4467,446.97754989,0,0,1771339136242,False,True
0,1.4467,200.13051691,0,0,1771339136242,False,True
0,1.44721,10.0,0,0,1771339136587,True,True
0,1.44721,329.55023,0,0,1771339136587,True,True
0,1.44721,50.0,0,0,1771339136597,True,True
0,1.44721,100.0,0,0,1771339136599,True,True
0,1.44721,344.63078,0,0,1771339136601,True,True
0,1.44772,45.58122,0,0,1771339138333,True,True
0,1.4464,89.29353,0,0,1771339140829,True,True
0,1.4468,261.5625,0,0,1771339143241,False,True
0,1.44671,1357.81881185,0,0,1771339143241,False,True
0,1.44755,1.24729697,0,0,1771339150591,True,True
0,1.44825,16.72705,0,0,1771339153724,True,True
0,1.44873,73.0967435,0,0,1771339174655,True,True
0,1.4504,100.0,0,0,1771339182204,False,True
0,1.4504,150.0,0,0,1771339182204,False,True
0,1.45001,238.620225,0,0,1771339184929,False,True
0,1.45035,261.5625,0,0,1771339191421,False,True
0,1.45034,2486.35080333,0,0,1771339191421,False,True
0,1.45096,21.640845,0,0,1771339193665,True,True
0,1.45096,21.778684,0,0,1771339193665,True,True
0,1.45096,21.806252,0,0,1771339193665,True,True
0,1.45096,21.695981,0,0,1771339193665,True,True
0,1.45096,21.530573,0,0,1771339193665,True,True
0,1.45096,21.310029,0,0,1771339193665,True,True
0,1.45096,21.117054,0,0,1771339193665,True,True
0,1.45097,21.447721,0,0,1771339193705,True,True
0,1.45111,12.80663,0,0,1771339195421,True,True
0,1.4508,17.18698,0,0,1771339198834,False,True
0,1.45104,100.0,0,0,1771339198950,True,True
0,1.45074,6.89303389,0,0,1771339200393,False,True
0,1.45024,1427.6223,0,0,1771339205367,False,True
0,1.45024,572.3777,0,0,1771339205382,False,True
0,1.45009,17.709246,0,0,1771339205440,False,True
0,1.45009,19.309146,0,0,1771339205440,False,True
0,1.45004,14.868555,0,0,1771339205482,False,True
0,1.45004,16.551268,0,0,1771339205482,False,True
0,1.44862,2.17281857,0,0,1771339211787,True,True
0,1.44863,2987.62781768,0,0,1771339211787,True,True
0,1.44809,10.0,0,0,1771339215819,False,True
0,1.44639,13.82752923,0,0,1771339222761,False,True
0,1.44639,6.91376461,0,0,1771339222761,False,True
0,1.44621,1727.93056296,0,0,1771339222761,False,True
0,1.44615,1000.0,0,0,1771339223019,True,True
0,1.44724,6.90970398,0,0,1771339225826,False,True
0,1.44701,188.22411602,0,0,1771339225826,False,True
0,1.44701,663.5765,0,0,1771339225851,False,True
0,1.44701,387.44779268,0,0,1771339225907,False,True
0,1.44725,32.60686,0,0,1771339226889,True,True
0,1.44644,6.91352562,0,0,1771339232974,False,True
0,1.44644,261.5625,0,0,1771339232974,False,True
0,1.44643,931.52397438,0,0,1771339232974,False,True
0,1.4464,2.42658,0,0,1771339237607,True,True
0,1.44639,14.04877,0,0,1771339238001,False,True
0,1.4461,740.9210223,0,0,1771339238041,False,True
0,1.4461,740.9210223,0,0,1771339238041,False,True
0,1.4461,1623.6042406,0,0,1771339238041,False,True
0,1.44593,77.79216616,0,0,1771339239198,False,True
0,1.44584,9922.20783384,0,0,1771339239198,False,True
0,1.44584,1762.3118937,0,0,1771339239924,False,True
0,1.44584,1323.32658635,0,0,1771339239924,False,True
0,1.44584,7686.29574033,0,0,1771339239924,False,True
0,1.44576,403.3,0,0,1771339239927,False,True
0,1.4454,6.91850006,0,0,1771339239931,False,True
0,1.44539,6.84,0,0,1771339239931,False,True
0,1.44539,70.78629573,0,0,1771339239931,False,True
0,1.44538,23654.79642815,0,0,1771339239931,False,True
0,1.44535,25.0,0,0,1771339239931,False,True
0,1.44524,2000.0,0,0,1771339239932,False,True
0,1.44518,24.15693785,0,0,1771339239932,False,True
0,1.4451,20.8883203,0,0,1771339239932,False,True
0,1.44505,512.42517559,0,0,1771339239932,False,True
0,1.445,69.20415224,0,0,1771339239932,False,True
0,1.4449,1116.92541402,0,0,1771339239932,False,True
0,1.44477,130.226,0,0,1771339240071,False,True
0,1.44477,8.442e-05,0,0,1771339240079,False,True
0,1.44456,357.5617988,0,0,1771339240115,False,True
0,1.44438,263.18617942,0,0,1771339240213,True,True
0,1.44438,34.57204,0,0,1771339240339,True,True
0,1.44438,51.03233,0,0,1771339240341,True,True
0,1.44438,6.80431,0,0,1771339240346,True,True
0,1.44438,29.25173,0,0,1771339240348,True,True
0,1.44438,345.30603,0,0,1771339240349,True,True
0,1.44438,680.43104,0,0,1771339240351,True,True
0,1.44438,100.0,0,0,1771339240351,True,True
0,1.44438,6.90612,0,0,1771339240353,True,True
0,1.44438,10.0,0,0,1771339240354,True,True
0,1.44438,402.91043,0,0,1771339240356,True,True
0,1.44438,112.96516,0,0,1771339240357,True,True
0,1.44438,3.40216,0,0,1771339240357,True,True
0,1.44438,100.0,0,0,1771339240358,True,True
0,1.44438,241.71422,0,0,1771339240359,True,True
0,1.44438,184.81435046,0,0,1771339240361,True,True
0,1.44438,505.79769954,0,0,1771339240361,True,True
0,1.44438,6.91993,0,0,1771339240364,True,True
0,1.44438,172.65301,0,0,1771339240374,True,True
0,1.44438,63.28009,0,0,1771339240375,True,True
0,1.44438,4.22505,0,0,1771339240560,True,True
0,1.44438,25.0,0,0,1771339240560,True,True
0,1.44438,100.0,0,0,1771339240564,True,True
0,1.44438,18.7037,0,0,1771339240771,True,True
0,1.44438,17.0715,0,0,1771339240926,True,True
0,1.44438,19.685,0,0,1771339241044,True,True
0,1.44438,47.1938,0,0,1771339241234,True,True
0,1.44437,8.77199055,0,0,1771339241253,False,True
0,1.44437,6.92343374,0,0,1771339241253,False,True
0,1.44437,261.5625,0,0,1771339241253,False,True
0,1.4443,22.79994858,0,0,1771339241253,False,True
0,1.44401,2000.0,0,0,1771339241253,False,True
0,1.444,1500.0,0,0,1771339241253,False,True
0,1.44396,258.63900434,0,0,1771339241253,False,True
0,1.44396,31.0,0,0,1771339241253,False,True
0,1.44438,9.4513,0,0,1771339241419,True,True
0,1.44386,6.92587924,0,0,1771339242256,False,True
0,1.44385,27.40683574,0,0,1771339242256,False,True
0,1.44404,328.14673563,0,0,1771339242256,True,True
0,1.44385,234.15566426,0,0,1771339242256,False,True
0,1.44385,96.7,0,0,1771339242256,False,True
0,1.44384,261.5625,0,0,1771339242256,False,True
0,1.44383,261.5625,0,0,1771339242256,False,True
0,1.44382,261.5625,0,0,1771339242256,False,True
0,1.44381,261.5625,0,0,1771339242256,False,True
0,1.4438,20.77850117,0,0,1771339242256,False,True
0,1.4438,261.5625,0,0,1771339242256,False,True
0,1.44371,496.55333457,0,0,1771339242256,False,True
0,1.44371,196.10654864,0,0,1771339242257,False,True
0,1.4437,5.55435067,0,0,1771339242257,False,True
0,1.4437,34.0,0,0,1771339242257,False,True
0,1.44363,45.33966936,0,0,1771339242257,False,True
0,1.44415,1000.0,0,0,1771339242647,True,True
0,1.44372,6.92655085,0,0,1771339243253,False,True
0,1.44371,29.45128967,0,0,1771339243253,False,True
0,1.44415,2.52966653,0,0,1771339244921,True,True
0,1.44416,11.07895347,0,0,1771339244921,True,True
0,1.44385,136.08621,0,0,1771339245472,True,True
0,1.44385,1363.91379,0,0,1771339245560,True,True
0,1.44408,2.52966653,0,0,1771339245560,True,True
0,1.44409,2035.71173347,0,0,1771339245560,True,True
0,1.444,2.52966653,0,0,1771339245801,True,True
0,1.44401,31.49188347,0,0,1771339245801,True,True
0,1.44403,10.0,0,0,1771339245881,True,True
0,1.44364,2.50665737,0,0,1771339246262,True,True
0,1.44384,32.02394263,0,0,1771339246262,True,True
0,1.4438,51.7959,0,0,1771339246446,True,True
0,1.4438,6.80431,0,0,1771339246586,True,True
0,1.44363,36.10684661,0,0,1771339246673,False,True
0,1.44329,2.03718832,0,0,1771339247171,True,True
0,1.44329,18.7291526,0,0,1771339247171,True,True
0,1.44328,2369.27432739,0,0,1771339247171,False,True
0,1.44321,41.8264375,0,0,1771339247171,False,True
0,1.44325,6.91153,0,0,1771339247458,True,True
0,1.44325,34.55764,0,0,1771339247467,True,True
0,1.44325,207.34583,0,0,1771339247468,True,True
0,1.44321,8.47040381,0,0,1771339248130,False,True
0,1.44321,1681.95279664,0,0,1771339248166,False,True
0,1.4432,2.763688,0,0,1771339248166,False,True
0,1.44303,152.95378805,0,0,1771339248236,False,True
0,1.44292,102.30851864,0,0,1771339248254,False,True
0,1.44285,4.85150916,0,0,1771339248254,False,True
0,1.4428,7.872188,0,0,1771339248254,False,True
0,1.4428,84.9677842,0,0,1771339248254,False,True
0,1.4428,2284.98997676,0,0,1771339248255,False,True
0,1.44278,51.57468221,0,0,1771339248255,False,True
0,1.44272,13034.61327795,0,0,1771339248255,False,True
0,1.4425,10.0,0,0,1771339248255,False,True
0,1.44232,6.93327416,0,0,1771339248255,False,True
0,1.44232,261.5625,0,0,1771339248255,False,True
0,1.44231,23703.66997449,0,0,1771339248255,False,True
0,1.44221,2000.0,0,0,1771339248255,False,True
0,1.4422,1690.42320045,0,0,1771339248255,False,True
0,1.44205,6933.2828854,0,0,1771339248255,False,True
0,1.44204,261.5625,0,0,1771339248255,False,True
0,1.44203,149.5204149,0,0,1771339248255,False,True
0,1.442,39611.86731368,0,0,1771339248255,False,True
0,1.442,9.1247348,0,0,1771339248256,False,True
0,1.442,15.44717408,0,0,1771339248256,False,True
0,1.44236,261.5625,0,0,1771339248631,False,True
0,1.44219,261.5625,0,0,1771339248631,False,True
0,1.44204,1893.15028749,0,0,1771339248631,False,True
0,1.44203,10.0,0,0,1771339248631,False,True
0,1.44203,261.5625,0,0,1771339248631,False,True
0,1.44202,800.0,0,0,1771339248631,False,True
0,1.44201,4838.1330993,0,0,1771339248631,False,True
0,1.44201,800.0,0,0,1771339248631,False,True
0,1.44201,380.7,0,0,1771339248631,False,True
0,1.442,363.56077744,0,0,1771339248631,False,True
0,1.442,1230.34674063,0,0,1771339248631,False,True
0,1.44187,8862.2,0,0,1771339248631,False,True
0,1.44185,25.0,0,0,1771339248631,False,True
0,1.4418,277.36365842,0,0,1771339248631,False,True
0,1.44174,261.5625,0,0,1771339248631,False,True
0,1.44174,2384.67934401,0,0,1771339248631,False,True
0,1.44173,30094.9,0,0,1771339248631,False,True
0,1.44171,6936.16653698,0,0,1771339248631,False,True
0,1.44169,57.54955573,0,0,1771339248631,False,True
0,1.44281,13.62151,0,0,1771339249240,True,True
0,1.4429,30.0,0,0,1771339249361,True,True
0,1.44254,6.93221678,0,0,1771339250253,False,True
0,1.44253,6859.18181976,0,0,1771339250253,False,True
0,1.4439,6.92568737,0,0,1771339258966,False,True
0,1.44376,3.10995263,0,0,1771339258966,False,True
0,1.44403,12.87595,0,0,1771339259554,True,True
0,1.44361,57.91034573,0,0,1771339260797,True,True
0,1.44361,80.21206427,0,0,1771339260797,True,True
0,1.44304,263.37411,0,0,1771339262155,True,True
0,1.44301,17.70984065,0,0,1771339264880,True,True
0,1.44399,3.0586306,0,0,1771339272857,False,True
0,1.44399,357.5617988,0,0,1771339274224,True,True
0,1.444,348.58502453,0,0,1771339274224,True,True
0,1.444,300.31174792,0,0,1771339274225,True,True
0,1.444,225.23381094,0,0,1771339274231,True,True
0,1.444,56.92462345,0,0,1771339274365,True,True
0,1.444,7.10783508,0,0,1771339274377,True,True
0,1.444,7.10783508,0,0,1771339274379,True,True
0,1.444,5.87396122,0,0,1771339274475,True,True
0,1.44437,10.38507872,0,0,1771339274569,True,True
0,1.44465,30.86241868,0,0,1771339274569,True,True
0,1.44465,44.08335645,0,0,1771339274798,True,True
0,1.44465,42.96120705,0,0,1771339275118,True,True
0,1.44548,2.69944931,0,0,1771339283057,True,True
0,1.4458,261.5625,0,0,1771339288040,True,True
0,1.4458,800.0,0,0,1771339288040,True,True
0,1.44581,663.63169,0,0,1771339288040,True,True
0,1.44485,20.292764,0,0,1771339291183,False,True
0,1.4446,1763.54248893,0,0,1771339291183,False,True
0,1.44454,3259.48161455,0,0,1771339291183,False,True
0,1.44496,70.78629573,0,0,1771339300222,False,True
0,1.44483,294.68265459,0,0,1771339300222,False,True
0,1.44507,6.7842,0,0,1771339300957,True,True
0,1.44362,15.211759,0,0,1771339308328,False,True
0,1.44362,16.458625,0,0,1771339308328,False,True
0,1.44362,17.56695,0,0,1771339308328,False,True
0,1.44362,18.952356,0,0,1771339308328,False,True
0,1.44362,19.090896,0,0,1771339308328,False,True
0,1.44362,18.952356,0,0,1771339308328,False,True
0,1.44362,19.201729,0,0,1771339308328,False,True
0,1.44362,19.92214,0,0,1771339308328,False,True
0,1.44362,20.504011,0,0,1771339308328,False,True
0,1.44362,20.365378,0,0,1771339308328,False,True
0,1.44362,9.2e-05,0,0,1771339315681,False,True
0,1.4429,1.35193014,0,0,1771339317080,True,True
0,1.44273,23.51567,0,0,1771339323337,False,True
0,1.44294,261.5625,0,0,1771339323458,False,True
0,1.44281,245.25332501,0,0,1771339323458,False,True
0,1.44338,261.5625,0,0,1771339326404,False,True
0,1.44337,952.44374,0,0,1771339326404,False,True
0,1.44422,19.38945717,0,0,1771339332808,False,True
0,1.44504,1.0,0,0,1771339336032,True,True
0,1.44504,12.56907,0,0,1771339336032,True,True
0,1.44364,5.21935,0,0,1771339346491,True,True
0,1.44356,9.23015862,0,0,1771339346513,False,True
0,1.44297,139.37393766,0,0,1771339346513,False,True
0,1.44359,301.0,0,0,1771339351808,True,True
0,1.44358,1231.69238219,0,0,1771339355892,False,True
0,1.44245,10.75316435,0,0,1771339359274,True,True
0,1.44214,27.29190433,0,0,1771339360042,True,True
0,1.44202,10.0,0,0,1771339360261,True,True
0,1.44202,7.10797,0,0,1771339360266,True,True
0,1.44201,7.0,0,0,1771339360496,False,True
0,1.44148,23.8779,0,0,1771339360634,False,True
0,1.44148,4.886e-05,0,0,1771339360681,False,True
0,1.4413,99.2,0,0,1771339360756,False,True
0,1.44102,6938.17005624,0,0,1771339360756,False,True
0,1.441,6.93962526,0,0,1771339361429,False,True
0,1.441,50.0,0,0,1771339361429,False,True
0,1.44066,6.14281808,0,0,1771339361436,False,True
0,1.44042,130.61936101,0,0,1771339361436,False,True
0,1.44011,2000.0,0,0,1771339361436,False,True
0,1.44002,6.86,0,0,1771339361436,False,True
0,1.44,45.41666666,0,0,1771339361436,False,True
0,1.44,5.22222222,0,0,1771339361436,False,True
0,1.44,19.23076923,0,0,1771339361436,False,True
0,1.44,1539.0081628,0,0,1771339361436,False,True
0,1.4401,693.0074,0,0,1771339361560,False,True
0,1.4401,3.003e-05,0,0,1771339361561,False,True
0,1.44,1494.28476997,0,0,1771339361561,False,True
0,1.44,1550.0,0,0,1771339361561,False,True
0,1.44,1527.9759,0,0,1771339361562,False,True
0,1.44,580.40477834,0,0,1771339361562,False,True
0,1.44,3.47222222,0,0,1771339361562,False,True
0,1.44,111.11111111,0,0,1771339361562,False,True
0,1.44,3.64583333,0,0,1771339361562,False,True
0,1.44,60.4375,0,0,1771339361562,False,True
0,1.44,34.72222222,0,0,1771339361562,False,True
0,1.44,20.79166666,0,0,1771339361562,False,True
0,1.44,2285.41466612,0,0,1771339361562,False,True
0,1.44,69277.8,0,0,1771339361562,False,True
0,1.44,1550.0,0,0,1771339361562,False,True
0,1.44,693.0074,0,0,1771339361567,False,True
0,1.44,51356.75710054,0,0,1771339361574,False,True
0,1.44,1.95926365,0,0,1771339361574,False,True
0,1.44,69.44444444,0,0,1771339361574,False,True
0,1.44,1388.88888888,0,0,1771339361574,False,True
0,1.44,11441.09580625,0,0,1771339361574,False,True
0,1.44,1089.6081,0,0,1771339361574,False,True
0,1.44,1076.6773,0,0,1771339361581,False,True
0,1.44,1367.7524,0,0,1771339361585,False,True
0,1.44,1550.0,0,0,1771339361586,False,True
0,1.44,1023.4542,0,0,1771339361586,False,True
0,1.44,1550.0,0,0,1771339361587,False,True
0,1.44,1194.6427,0,0,1771339361588,False,True
0,1.44,2800.0,0,0,1771339361588,False,True
0,1.44,1550.0,0,0,1771339361590,False,True
0,1.44,259.136,0,0,1771339361590,False,True
0,1.44,1207.7042,0,0,1771339361594,False,True
0,1.44,677.6964,0,0,1771339361595,False,True
0,1.44,654.9526,0,0,1771339361597,False,True
0,1.44,3582.9619,0,0,1771339361597,False,True
0,1.44,110.4734,0,0,1771339361597,False,True
0,1.44,229.4053,0,0,1771339361597,False,True
0,1.44,2617.2532,0,0,1771339361598,False,True
0,1.44,2833.8962,0,0,1771339361598,False,True
0,1.44,2748.8782,0,0,1771339361598,False,True
0,1.44,1550.0,0,0,1771339361630,False,True
0,1.44,2147.40598,0,0,1771339361648,False,True
0,1.44,46737.00611375,0,0,1771339361651,False,True
0,1.43997,17.70870227,0,0,1771339361651,False,True
0,1.43918,193.5258,0,0,1771339361740,True,True
0,1.43908,159.89883133,0,0,1771339361929,False,True
0,1.43878,236.31131931,0,0,1771339362767,False,True
0,1.43827,325.14426087,0,0,1771339362767,False,True
0,1.43827,174.85573913,0,0,1771339362767,False,True
0,1.43818,261.5625,0,0,1771339362767,False,True
0,1.43808,41.78016327,0,0,1771339362767,False,True
0,1.43808,857.30971119,0,0,1771339362767,False,True
0,1.43808,212.36860426,0,0,1771339362767,False,True
0,1.43808,201.64557745,0,0,1771339362767,False,True
0,1.43808,37.71157762,0,0,1771339362767,False,True
0,1.43808,800.13642564,0,0,1771339362768,False,True
0,1.43808,3394.29486918,0,0,1771339362768,False,True
0,1.43808,616.25307139,0,0,1771339362768,False,True
0,1.438,384.51749542,0,0,1771339362768,False,True
0,1.438,1077.72172572,0,0,1771339362768,False,True
0,1.438,55.63282336,0,0,1771339362768,False,True
0,1.43799,261.5625,0,0,1771339362768,False,True
0,1.43795,5501.63467505,0,0,1771339362768,False,True
0,1.43795,431.20876069,0,0,1771339362768,False,True
0,1.43788,81.77221593,0,0,1771339363365,False,True
0,1.43777,14887.23636034,0,0,1771339363461,False,True
0,1.43777,13761.72378749,0,0,1771339363470,False,True
0,1.43777,1186.44468048,0,0,1771339363484,False,True
0,1.43777,73.02976136,0,0,1771339363484,False,True
0,1.4375,10.0,0,0,1771339363632,False,True
0,1.43723,300.0,0,0,1771339363767,False,True
0,1.43723,261.5625,0,0,1771339363767,False,True
0,1.43719,18.09085785,0,0,1771339363767,False,True
0,1.43712,6.83018121,0,0,1771339363767,False,True
0,1.437,413.51646094,0,0,1771339363767,False,True
0,1.43725,20.12548006,0,0,1771339364255,True,True
0,1.43774,73.77415445,0,0,1771339365418,False,True
0,1.43774,6.95773178,0,0,1771339365645,False,True
0,1.43835,1293.73773313,0,0,1771339366224,True,True
0,1.43835,150.15289721,0,0,1771339366228,True,True
0,1.43751,16.2224,0,0,1771339367584,True,True
0,1.43735,51.95309,0,0,1771339369173,True,True
0,1.43735,1448.0469,0,0,1771339369207,True,True
0,1.43712,261.5625,0,0,1771339370623,False,True
0,1.43711,83.94957692,0,0,1771339370623,False,True
0,1.43724,261.5625,0,0,1771339370767,False,True
0,1.43712,261.5625,0,0,1771339370767,False,True
0,1.43711,1916.05042308,0,0,1771339370767,False,True
0,1.43704,560.82457692,0,0,1771339370767,False,True
0,1.43704,59.5105494,0,0,1771339370767,False,True
0,1.43748,183.93,0,0,1771339370819,False,True
0,1.4375,2619.15796799,0,0,1771339371272,False,True
0,1.43733,15.46031069,0,0,1771339374657,False,True
0,1.4375,16.68876314,0,0,1771339375654,False,True
0,1.43751,9.6e-05,0,0,1771339376829,True,True
0,1.43778,261.5625,0,0,1771339376855,False,True
0,1.43764,261.5625,0,0,1771339376855,False,True
0,1.43755,812.72891305,0,0,1771339376855,False,True
0,1.43819,12.58560302,0,0,1771339377661,False,True
0,1.43875,70.78629573,0,0,1771339379884,True,True
0,1.43875,253.25318427,0,0,1771339379884,True,True
0,1.43743,70.78629573,0,0,1771339383786,False,True
0,1.43742,8.19870427,0,0,1771339383786,False,True
0,1.43744,261.5625,0,0,1771339383891,False,True
0,1.43742,6.87929573,0,0,1771339383891,False,True
0,1.43742,261.5625,0,0,1771339383891,False,True
0,1.43741,94.96231216,0,0,1771339383891,False,True
0,1.43799,250.0,0,0,1771339384516,False,True
0,1.43799,11.5625,0,0,1771339384516,False,True
0,1.43792,14.381885,0,0,1771339384516,False,True
0,1.43777,74.055615,0,0,1771339384516,False,True
0,1.43777,50.0,0,0,1771339384516,False,True
0,1.43777,100.0,0,0,1771339384516,False,True
0,1.43818,742.49857062,0,0,1771339386874,False,True
0,1.43754,287.65044226,0,0,1771339388121,False,True
0,1.43812,20.76386379,0,0,1771339393218,False,True
0,1.43812,4.81953318,0,0,1771339393261,False,True
0,1.43812,1443.89063034,0,0,1771339394230,False,True
0,1.43757,42.16945533,0,0,1771339397673,True,True
0,1.43701,1000.0,0,0,1771339399138,False,True
0,1.43703,24.51088686,0,0,1771339399493,True,True
0,1.437,343.5813051,0,0,1771339400458,False,True
0,1.437,1400.0,0,0,1771339401669,False,True
0,1.437,1013.9182395,0,0,1771339401989,False,True
0,1.43666,11.0,0,0,1771339403271,False,True
0,1.43616,30.7545,0,0,1771339403271,False,True
0,1.43608,39.02773,0,0,1771339403271,False,True
0,1.43667,7.0,0,0,1771339404005,True,True
0,1.43608,91.98637784,0,0,1771339408266,False,True
0,1.43527,85.1582866,0,0,1771339408290,False,True
0,1.43527,414.8417134,0,0,1771339408299,False,True
0,1.435,100.0,0,0,1771339408299,False,True
0,1.435,4313.70034843,0,0,1771339408299,False,True
0,1.435,1250.0,0,0,1771339408299,False,True
0,1.43505,1500.0,0,0,1771339408445,True,True
0,1.43586,0.91821186,0,0,1771339410444,True,True
0,1.43467,38.18583051,0,0,1771339411342,False,True
0,1.43468,41.71688,0,0,1771339411790,True,True
0,1.43468,219.84562,0,0,1771339411814,True,True
0,1.43477,122.65797,0,0,1771339411814,True,True
0,1.43467,2.47374477,0,0,1771339411820,False,True
0,1.43477,34.25157,0,0,1771339411824,True,True
0,1.43466,13.24157628,0,0,1771339411996,True,True
0,1.43466,86.75842372,0,0,1771339411996,True,True
0,1.43466,34.76083,0,0,1771339411997,True,True
0,1.434,2.778362,0,0,1771339412782,False,True
0,1.43376,40.68537182,0,0,1771339412782,False,True
0,1.43374,6.89,0,0,1771339412782,False,True
0,1.43373,18.06710846,0,0,1771339412782,False,True
0,1.43342,1990.69279052,0,0,1771339412782,False,True
0,1.43412,34.7774,0,0,1771339413208,True,True
0,1.43413,62.34164215,0,0,1771339414733,False,True
0,1.43525,847.57896347,0,0,1771339415939,True,True
0,1.43525,652.42103653,0,0,1771339415942,True,True
0,1.43535,1500.0,0,0,1771339415966,True,True
0,1.43548,9.29514887,0,0,1771339416905,True,True
0,1.43596,4.37123113,0,0,1771339416905,True,True
0,1.43411,50.0,0,0,1771339419733,False,True
0,1.43411,50.0,0,0,1771339419733,False,True
0,1.43411,100.0,0,0,1771339419733,False,True
0,1.43411,50.0,0,0,1771339419733,False,True
0,1.43413,1.65,0,0,1771339419827,False,True
0,1.43415,1.65,0,0,1771339420053,True,True
0,1.43456,261.5625,0,0,1771339420731,False,True
0,1.43442,261.5625,0,0,1771339420731,False,True
0,1.43431,2603.75112567,0,0,1771339420731,False,True
0,1.43431,150.49951659,0,0,1771339420734,False,True
0,1.43505,39.0,0,0,1771339421990,True,True
0,1.43482,18.025,0,0,1771339423045,True,True
0,1.43485,205.50945,0,0,1771339423368,True,True
0,1.4342,9886.3,0,0,1771339427336,False,True
0,1.43419,14.15978814,0,0,1771339427336,False,True
0,1.43417,30306.2,0,0,1771339427336,False,True
0,1.43396,192.4592912,0,0,1771339427337,False,True
0,1.43396,268.2407088,0,0,1771339427342,False,True
0,1.43375,20.2216,0,0,1771339429380,True,True
0,1.43397,13.67592,0,0,1771339431272,True,True
0,1.43373,37.15287709,0,0,1771339431592,True,True
0,1.4333,209.3071931,0,0,1771339435120,False,True
0,1.4332,30.49259689,0,0,1771339435805,False,True
0,1.4332,78.7774031,0,0,1771339436022,False,True
0,1.43314,100.0,0,0,1771339436087,True,True
0,1.43314,41.60973,0,0,1771339436188,True,True
0,1.43313,2386.26185684,0,0,1771339436839,False,True
0,1.43313,5681.71075607,0,0,1771339436839,False,True
0,1.43313,2073.9646214,0,0,1771339436980,False,True
0,1.43283,10811.3934908,0,0,1771339437755,False,True
0,1.43283,68.0,0,0,1771339438275,False,True
0,1.43284,64.89869,0,0,1771339438276,True,True
0,1.43283,2246.7716838,0,0,1771339439042,False,True
0,1.43262,1.65,0,0,1771339439544,False,True
0,1.43253,17.66806633,0,0,1771339439658,False,True
0,1.4325,10.0,0,0,1771339439857,False,True
0,1.43234,240.39641277,0,0,1771339440277,False,True
0,1.43234,2.43343723,0,0,1771339440381,False,True
0,1.43234,532.0,0,0,1771339440421,False,True
0,1.43235,137.15352,0,0,1771339440788,True,True
0,1.43275,85.7307,0,0,1771339443388,True,True
0,1.43275,1328.5386,0,0,1771339443389,True,True
0,1.43275,85.7307,0,0,1771339443390,True,True
0,1.43374,10.462,0,0,1771339444725,True,True
0,1.43374,7.498e-05,0,0,1771339445353,True,True
0,1.43351,9.99870283,0,0,1771339452827,False,True
0,1.43354,261.5625,0,0,1771339453110,False,True
0,1.4335,6440.84187685,0,0,1771339453110,False,True
0,1.4335,164.01759206,0,0,1771339453235,False,True
0,1.43445,1.58896,0,0,1771339459102,True,True
0,1.43431,46.34257,0,0,1771339460987,False,True
0,1.4335,133.95148,0,0,1771339465325,False,True
0,1.43217,3.05572703,0,0,1771339476306,False,True
0,1.43216,82.09881148,0,0,1771339476306,False,True
0,1.4321,4.88792682,0,0,1771339476306,False,True
0,1.43191,6.82272514,0,0,1771339477783,False,True
0,1.43175,131.41033001,0,0,1771339477783,False,True
0,1.43149,29.74925401,0,0,1771339477783,False,True
0,1.43149,9.67652346,0,0,1771339477783,False,True
0,1.43118,497.40601888,0,0,1771339477783,False,True
0,1.43118,3488.35586812,0,0,1771339477816,False,True
0,1.43126,6.98543537,0,0,1771339479476,False,True
0,1.43244,331.01557611,0,0,1771339485627,True,True
0,1.43244,150.15985756,0,0,1771339485628,True,True
0,1.43244,1658.8830046,0,0,1771339485633,True,True
0,1.43244,1722.45497933,0,0,1771339485633,True,True
0,1.43255,1500.0,0,0,1771339490732,True,True
0,1.43291,70.78629573,0,0,1771339490732,True,True
0,1.43293,261.5625,0,0,1771339490732,True,True
0,1.43304,3546.36495658,0,0,1771339490732,True,True
0,1.4327,3489.89042706,0,0,1771339491952,False,True
0,1.43258,6980.41296123,0,0,1771339491952,False,True
0,1.43251,261.5625,0,0,1771339491952,False,True
0,1.43251,800.0,0,0,1771339491952,False,True
0,1.4325,261.5625,0,0,1771339491952,False,True
0,1.4325,800.0,0,0,1771339491952,False,True
0,1.43249,800.0,0,0,1771339491952,False,True
0,1.43244,70.78629573,0,0,1771339491952,False,True
0,1.43238,6185.2,0,0,1771339491952,False,True
0,1.43234,261.5625,0,0,1771339491952,False,True
0,1.43226,2607.1145739,0,0,1771339491952,False,True
0,1.4322,422.2,0,0,1771339491952,False,True
0,1.43219,261.5625,0,0,1771339491952,False,True
0,1.43212,6982.62785036,0,0,1771339491952,False,True
0,1.43207,21646.8404339,0,0,1771339491952,False,True
0,1.43204,261.5625,0,0,1771339491952,False,True
0,1.43203,6979.61723577,0,0,1771339491952,False,True
0,1.43202,1250.75509205,0,0,1771339491952,False,True
0,1.43325,37.16665192,0,0,1771339493789,True,True
0,1.43391,644.0389006,0,0,1771339494447,True,True
0,1.43391,855.9610994,0,0,1771339494448,True,True
0,1.43395,459.64497301,0,0,1771339494448,True,True
0,1.43449,261.5625,0,0,1771339497431,False,True
0,1.43436,9820.4,0,0,1771339497431,False,True
0,1.43432,2607.1145739,0,0,1771339497431,False,True
0,1.43425,235.6774053,0,0,1771339497431,False,True
0,1.43427,88.69575,0,0,1771339498447,False,True
0,1.43429,2.64333278,0,0,1771339500257,False,True
0,1.43396,1.65,0,0,1771339502851,False,True
0,1.43411,6.75291,0,0,1771339503460,True,True
0,1.43377,1500.0,0,0,1771339504242,True,True
0,1.43415,1500.0,0,0,1771339504975,True,True
0,1.43445,261.5625,0,0,1771339504975,True,True
0,1.4345,3238.4375,0,0,1771339504975,True,True
0,1.43284,2150.57462395,0,0,1771339510841,False,True
0,1.43284,1047.78228087,0,0,1771339510846,False,True
0,1.43284,206.9956209,0,0,1771339511006,False,True
0,1.43284,3573.7937851,0,0,1771339511036,False,True
0,1.43224,39.85810867,0,0,1771339513521,False,True
0,1.43185,46.0,0,0,1771339516390,True,True
0,1.43185,650.14221862,0,0,1771339516535,True,True
0,1.43185,803.85778138,0,0,1771339516536,True,True
0,1.43253,250.0,0,0,1771339518559,False,True
0,1.43253,250.0,0,0,1771339518559,False,True
0,1.43315,50.0,0,0,1771339524322,True,True
0,1.43185,650.14221862,0,0,1771339535047,True,True
0,1.43119,8216.56089718,0,0,1771339537773,False,True
0,1.43105,14.67453968,0,0,1771339537858,False,True
0,1.43105,1999.99996032,0,0,1771339537858,False,True
0,1.43074,803.85778138,0,0,1771339538886,False,True
0,1.43074,1182.13548,0,0,1771339538973,False,True
0,1.43075,34.85956,0,0,1771339539397,True,True
0,1.43074,8.4e-07,0,0,1771339539749,False,True
0,1.43059,140.57918168,0,0,1771339539749,False,True
0,1.43059,5.56068719,0,0,1771339539749,False,True
0,1.43021,217.8619719,0,0,1771339539749,False,True
0,1.43075,650.14221862,0,0,1771339541357,True,True
0,1.43075,778.34163133,0,0,1771339541396,True,True
0,1.43075,71.51615,0,0,1771339541416,True,True
0,1.43105,1500.0,0,0,1771339541434,True,True
0,1.43215,54.63393,0,0,1771339541963,True,True
0,1.43165,300.0,0,0,1771339544478,True,True
0,1.43145,23.01975,0,0,1771339546484,True,True
0,1.43163,394.02329,0,0,1771339546884,False,True
0,1.43166,20.0,0,0,1771339548256,False,True
0,1.43145,1.53598994,0,0,1771339549015,True,True
0,1.43128,440.4,0,0,1771339554787,False,True
0,1.43127,4559.6,0,0,1771339554787,False,True
0,1.43055,710.99167112,0,0,1771339556659,False,True
0,1.43054,212.21877,0,0,1771339556953,False,True
0,1.43057,778.34163133,0,0,1771339557363,False,True
0,1.43004,13.98562277,0,0,1771339560243,False,True
0,1.43002,26.68159106,0,0,1771339560243,False,True
0,1.43002,6.42231736,0,0,1771339560953,False,True
0,1.43,233.07438254,0,0,1771339560953,False,True
0,1.43,116.57596711,0,0,1771339560996,False,True
0,1.43,8668.19176649,0,0,1771339560996,False,True
0,1.43,2390.42361812,0,0,1771339561077,False,True
0,1.43,60.0,0,0,1771339561077,False,True
0,1.43,1102.81818181,0,0,1771339561077,False,True
0,1.43,3583.58655855,0,0,1771339561077,False,True
0,1.43,46149.78650457,0,0,1771339561122,False,True
0,1.43,17322.38823547,0,0,1771339561123,False,True
0,1.43,3352.58835175,0,0,1771339561125,False,True
0,1.43,34.27004797,0,0,1771339561125,False,True
0,1.43,1.98320577,0,0,1771339561125,False,True
0,1.43,18.47552447,0,0,1771339561125,False,True
0,1.43004,16.97154,0,0,1771339561525,True,True
0,1.42934,261.5625,0,0,1771339562165,False,True
0,1.42931,261.5625,0,0,1771339562165,False,True
0,1.42923,343.78413031,0,0,1771339562165,False,True
0,1.42923,284.06977294,0,0,1771339562165,False,True
0,1.42951,1570.16671232,0,0,1771339563290,False,True
0,1.42951,1169.35135135,0,0,1771339563290,False,True
0,1.42951,5133.05964912,0,0,1771339563291,False,True
0,1.42951,1934.44377778,0,0,1771339563291,False,True
0,1.42976,261.5625,0,0,1771339563291,True,True
0,1.42993,261.5625,0,0,1771339563291,True,True
0,1.43005,70.78629573,0,0,1771339563291,True,True
0,1.4302,105.38940357,0,0,1771339563291,True,True
0,1.42951,84.97850943,0,0,1771339563291,False,True
0,1.42925,426.11912385,0,0,1771339563291,False,True
0,1.42925,1715.38461539,0,0,1771339563291,False,True
0,1.42925,150.0,0,0,1771339563291,False,True
0,1.42951,261.5625,0,0,1771339566583,False,True
0,1.42951,800.0,0,0,1771339566583,False,True
0,1.42949,261.5625,0,0,1771339566583,False,True
0,1.42949,800.0,0,0,1771339566583,False,True
0,1.42948,800.0,0,0,1771339566583,False,True
0,1.42947,70.78629573,0,0,1771339566583,False,True
0,1.42947,800.0,0,0,1771339566583,False,True
0,1.42931,261.5625,0,0,1771339566583,False,True
0,1.42923,944.52620427,0,0,1771339566583,False,True
0,1.42923,5000.0,0,0,1771339566583,False,True
0,1.42923,5000.0,0,0,1771339566583,False,True
0,1.43024,206.01429,0,0,1771339566683,True,True
0,1.42995,1.72144301,0,0,1771339566971,True,True
0,1.42968,10.72926919,0,0,1771339572844,False,True
0,1.43039,697.76366744,0,0,1771339574716,True,True
0,1.43092,369.28499989,0,0,1771339576619,False,True
0,1.43095,13.67749,0,0,1771339577188,True,True
0,1.43107,1339.77843817,0,0,1771339579197,True,True
0,1.43107,2154.1135284,0,0,1771339579198,True,True
0,1.43114,70.78629573,0,0,1771339579218,True,True
0,1.43121,1190.7,0,0,1771339579230,True,True
0,1.4317,5.4,0,0,1771339579417,True,True
0,1.43181,828.0981139,0,0,1771339580610,True,True
0,1.43181,966.8059454,0,0,1771339580610,True,True
0,1.43181,1205.0959407,0,0,1771339580611,True,True
0,1.43219,27.91658525,0,0,1771339581797,True,True
0,1.43299,500.0,0,0,1771339590344,False,True
0,1.43299,9.28378804,0,0,1771339590658,False,True
0,1.43299,99.73599,0,0,1771339590775,False,True
0,1.433,26.0,0,0,1771339590874,True,True
0,1.433,6.52248781,0,0,1771339591863,True,True
0,1.43375,1500.0,0,0,1771339592271,True,True
0,1.43425,261.5625,0,0,1771339592271,True,True
0,1.43428,3238.4375,0,0,1771339592271,True,True
0,1.43346,70.78629573,0,0,1771339592780,False,True
0,1.43346,1354.69312119,0,0,1771339592780,False,True
0,1.43395,3.77279543,0,0,1771339594888,True,True
0,1.43284,697.81722771,0,0,1771339595932,False,True
0,1.43279,502.5,0,0,1771339595932,False,True
0,1.43262,201.6313176,0,0,1771339595932,False,True
0,1.43295,125.2687,0,0,1771339598502,True,True
0,1.43295,1374.7313,0,0,1771339598502,True,True
0,1.43354,261.5625,0,0,1771339600255,False,True
0,1.43353,163.2758473,0,0,1771339600255,False,True
0,1.43361,34.8216223,0,0,1771339600800,False,True
0,1.43399,59.0,0,0,1771339601592,True,True
0,1.4319,59.0,0,0,1771339607285,False,True
0,1.43183,13.06572,0,0,1771339607285,False,True
0,1.4325,6.97637103,0,0,1771339607873,True,True
0,1.4316,261.5625,0,0,1771339610316,True,True
0,1.43204,261.5625,0,0,1771339610316,True,True
0,1.43204,1575.70831,0,0,1771339610316,True,True
0,1.43205,70.78629573,0,0,1771339610316,True,True
0,1.43219,2400.67421396,0,0,1771339610316,True,True
0,1.43222,6752.84156832,0,0,1771339610316,True,True
0,1.43222,231.37437538,0,0,1771339610316,True,True
0,1.43223,261.5625,0,0,1771339610316,True,True
0,1.43227,909.01166993,0,0,1771339610316,True,True
0,1.43199,49.83420627,0,0,1771339610924,True,True
0,1.43199,261.5625,0,0,1771339610924,True,True
0,1.432,2333.86656181,0,0,1771339610924,True,True
0,1.43135,13.96960215,0,0,1771339615396,False,True
0,1.43086,54.5537208,0,0,1771339616051,False,True
0,1.43128,81.85522,0,0,1771339616096,True,True
0,1.43084,8018.44906209,0,0,1771339616598,False,True
0,1.43084,13897.77614346,0,0,1771339616602,False,True
0,1.43084,4191.65563401,0,0,1771339616618,False,True
0,1.43084,9203.54461681,0,0,1771339616618,False,True
0,1.43083,1221.32975,0,0,1771339617007,True,True
0,1.43068,13.69674,0,0,1771339619237,True,True
0,1.43151,261.5625,0,0,1771339620824,True,True
0,1.43173,261.5625,0,0,1771339620824,True,True
0,1.43181,160.09012,0,0,1771339620824,True,True
0,1.43115,18.91069645,0,0,1771339620970,False,True
0,1.4318,50.0,0,0,1771339622090,True,True
0,1.43109,39.58179,0,0,1771339628063,True,True
0,1.43138,15.25837988,0,0,1771339628222,True,True
0,1.43128,116.28334,0,0,1771339629975,True,True
0,1.43057,66.23257493,0,0,1771339632702,False,True
0,1.43036,84.42658099,0,0,1771339632702,False,True
0,1.43096,6.83196,0,0,1771339633711,True,True
0,1.43115,11.55839,0,0,1771339633948,True,True
0,1.43101,30.48895535,0,0,1771339634356,True,True
0,1.43045,71.483,0,0,1771339635258,False,True
0,1.43046,6.0,0,0,1771339644161,True,True
0,1.43043,3495.43652324,0,0,1771339644480,False,True
0,1.43043,261.5625,0,0,1771339644480,False,True
0,1.43028,261.5625,0,0,1771339644480,False,True
0,1.43011,261.5625,0,0,1771339644480,False,True
0,1.43004,2607.65760248,0,0,1771339644480,False,True
0,1.42993,261.5625,0,0,1771339644480,False,True
0,1.42978,261.5625,0,0,1771339644480,False,True
0,1.42976,6553.18875746,0,0,1771339644480,False,True
0,1.42975,6994.19989219,0,0,1771339644480,False,True
0,1.42974,874.28483501,0,0,1771339644480,False,True
0,1.42972,21682.4266583,0,0,1771339644480,False,True
0,1.42971,30395.6,0,0,1771339644480,False,True
0,1.42968,2745.57302836,0,0,1771339644480,False,True
0,1.42963,4578.89774033,0,0,1771339644480,False,True
0,1.42954,12693.10525402,0,0,1771339644480,False,True
0,1.43069,3.40852235,0,0,1771339644926,True,True
0,1.43032,143.37864318,0,0,1771339649246,False,True
0,1.4309,1.31826886,0,0,1771339649654,True,True
0,1.43076,6.91946,0,0,1771339654648,True,True
0,1.43067,200.0,0,0,1771339654870,True,True
0,1.43013,33.22439702,0,0,1771339657760,False,True
0,1.43013,15.20013398,0,0,1771339657760,False,True
0,1.43013,794.2191447,0,0,1771339658882,False,True
0,1.42995,21.67907968,0,0,1771339661761,False,True
0,1.42971,1028.32092032,0,0,1771339661761,False,True
0,1.43094,6.79678,0,0,1771339674232,False,True
0,1.43094,1.84414804,0,0,1771339675534,True,True
0,1.43044,13.83564,0,0,1771339677584,True,True
0,1.43315,57.8668,0,0,1771339682524,True,True
0,1.43315,3.573e-05,0,0,1771339682541,True,True
0,1.43342,600.42018111,0,0,1771339682590,True,True
0,1.43342,840.91293125,0,0,1771339682591,True,True
0,1.43342,450.31513584,0,0,1771339682591,True,True
0,1.43342,300.21009056,0,0,1771339682592,True,True
0,1.43342,117.4019,0,0,1771339682731,True,True
0,1.43342,1550.0,0,0,1771339682734,True,True
0,1.43342,1531.3802,0,0,1771339682739,True,True
0,1.43342,111.2319968,0,0,1771339682806,True,True
0,1.43342,150.13455861,0,0,1771339682807,True,True
0,1.43342,225.20183791,0,0,1771339682808,True,True
0,1.43342,225.20183791,0,0,1771339682809,True,True
0,1.43342,150.13455861,0,0,1771339682810,True,True
0,1.43342,150.13455861,0,0,1771339682810,True,True
0,1.43342,300.26911722,0,0,1771339682810,True,True
0,1.43342,274.93119542,0,0,1771339682811,True,True
0,1.43366,50.0,0,0,1771339685313,True,True
0,1.43326,70.7862957,0,0,1771339685905,False,True
0,1.43292,6.97875666,0,0,1771339686420,True,True
0,1.43292,261.5625,0,0,1771339689921,False,True
0,1.43278,69.79438573,0,0,1771339689921,False,True
0,1.43277,254.04459427,0,0,1771339689921,False,True
0,1.43302,69.78269668,0,0,1771339690200,False,True
0,1.43302,101.84402811,0,0,1771339690200,False,True
0,1.434,261.5625,0,0,1771339695990,False,True
0,1.43397,261.5625,0,0,1771339695990,False,True
0,1.43388,2468.01881,0,0,1771339695990,False,True
0,1.43468,3000.0,0,0,1771339696748,False,True
0,1.4347,2670.0236525,0,0,1771339697040,True,True
0,1.4347,2088.6280661,0,0,1771339697040,True,True
0,1.4347,470.19250913,0,0,1771339697040,True,True
0,1.43526,67.59667,0,0,1771339700089,True,True
0,1.43493,261.5625,0,0,1771339701402,True,True
0,1.43493,26.08794226,0,0,1771339701402,True,True
0,1.43493,59.71956,0,0,1771339701439,True,True
0,1.43478,1.34993,0,0,1771339703279,True,True
0,1.4344,12.94654,0,0,1771339706448,True,True
0,1.43471,2000.0,0,0,1771339716305,False,True
0,1.4355,1112.03903698,0,0,1771339718820,True,True
0,1.43549,2000.0,0,0,1771339720376,False,True
0,1.4354,4.84851862,0,0,1771339722315,True,True
0,1.43545,8.365868,0,0,1771339722805,True,True
0,1.43554,287.52473316,0,0,1771339726519,True,True
0,1.43553,2000.0,0,0,1771339726813,False,True
0,1.43521,2000.0,0,0,1771339727200,False,True
0,1.43462,15.6387356,0,0,1771339728669,False,True
0,1.43444,8.36452605,0,0,1771339729121,True,True
0,1.43411,709.53382,0,0,1771339730554,False,True
0,1.43411,1290.46618,0,0,1771339731310,False,True
0,1.43417,1404.6591408,0,0,1771339735729,False,True
0,1.43338,67.59667003,0,0,1771339736910,False,True
0,1.43338,261.5625,0,0,1771339736910,False,True
0,1.43323,1086.16983333,0,0,1771339736910,False,True
0,1.43323,261.5625,0,0,1771339736910,False,True
0,1.43314,3449.48128438,0,0,1771339736910,False,True
0,1.4331,7400.06215226,0,0,1771339736910,False,True
0,1.43411,2000.0,0,0,1771339741174,False,True
0,1.43347,261.5625,0,0,1771339742582,True,True
0,1.43355,610.01568404,0,0,1771339742582,True,True
0,1.43318,10.12774,0,0,1771339743715,True,True
0,1.433,1625.63249,0,0,1771339747938,False,True
0,1.43351,20.27542,0,0,1771339748634,True,True
0,1.43308,9.62627513,0,0,1771339753330,False,True
0,1.43323,50.0,0,0,1771339757648,True,True
0,1.43274,129.87636,0,0,1771339760212,True,True
0,1.43323,50.00941086,0,0,1771339763791,True,True
0,1.4331,8.18741192,0,0,1771339764633,False,True
0,1.43351,261.5625,0,0,1771339766462,True,True
0,1.43365,938.22814169,0,0,1771339766462,True,True
0,1.43269,1.35215,0,0,1771339772655,True,True
0,1.43251,72.88652,0,0,1771339772850,False,True
0,1.43436,162.40129,0,0,1771339777805,True,True
0,1.43436,637.59871,0,0,1771339777824,True,True
0,1.43458,751.92230479,0,0,1771339777824,True,True
0,1.43467,261.5625,0,0,1771339780647,False,True
0,1.43453,2599.43617293,0,0,1771339780647,False,True
0,1.43431,261.5625,0,0,1771339780647,False,True
0,1.43419,34.68478552,0,0,1771339780647,False,True
0,1.43418,1842.75404155,0,0,1771339780647,False,True
0,1.43399,83.81089,0,0,1771339783219,False,True
0,1.43445,187.53958,0,0,1771339787493,True,True
0,1.43445,261.5625,0,0,1771339788048,False,True
0,1.4343,261.5625,0,0,1771339788048,False,True
0,1.43416,901.08052753,0,0,1771339788048,False,True
0,1.43437,10.00018,0,0,1771339788771,False,True
0,1.43454,74.05728,0,0,1771339788806,True,True
0,1.43454,13.451851,0,0,1771339789671,True,True
0,1.43451,3485.49406643,0,0,1771339790038,False,True
0,1.43422,261.5625,0,0,1771339790038,False,True
0,1.4342,70.78629573,0,0,1771339790038,False,True
0,1.43418,1182.15713784,0,0,1771339790038,False,True
0,1.43386,101.69080363,0,0,1771339791690,False,True
0,1.43448,204.70832636,0,0,1771339792511,True,True
0,1.43447,50.0,0,0,1771339793360,True,True
0,1.43454,17.05400422,0,0,1771339796912,True,True
0,1.43525,10.94599578,0,0,1771339796912,True,True
0,1.43524,70.78629573,0,0,1771339797046,True,True
0,1.43524,75.55760427,0,0,1771339797046,True,True
0,1.43554,3326.50143271,0,0,1771339802931,True,True
0,1.43515,6.9660318,0,0,1771339804418,True,True
0,1.43515,6.89924509,0,0,1771339804418,True,True
0,1.43597,6.96916981,0,0,1771339811016,True,True
0,1.43598,11.03083019,0,0,1771339811016,True,True
0,1.43598,16.8227,0,0,1771339811107,True,True
0,1.43562,6.96916981,0,0,1771339811479,True,True
0,1.43563,3.76675019,0,0,1771339811479,True,True
0,1.43452,6.74561,0,0,1771339814546,True,True
0,1.43417,20.0,0,0,1771339817944,False,True
0,1.43432,1.7325,0,0,1771339820993,True,True
0,1.43432,138.7417,0,0,1771339821672,True,True
0,1.43385,6.96471959,0,0,1771339824614,True,True
0,1.43385,261.5625,0,0,1771339824614,True,True
0,1.43429,87.11194916,0,0,1771339824614,True,True
0,1.4343,1.76364233,0,0,1771339824614,True,True
0,1.43385,6.96471959,0,0,1771339825610,True,True
0,1.43385,61.21063041,0,0,1771339825610,True,True
0,1.43331,2000.0,0,0,1771339829375,False,True
0,1.43318,6.97749061,0,0,1771339829375,False,True
0,1.43317,409.1,0,0,1771339829375,False,True
0,1.43316,326.66025812,0,0,1771339829375,False,True
0,1.433,200.0,0,0,1771339830189,False,True
0,1.43261,1531.3802,0,0,1771339830903,False,True
0,1.43261,468.6198,0,0,1771339830959,False,True
0,1.43241,2000.0,0,0,1771339830978,False,True
0,1.43225,6.98202129,0,0,1771339831042,False,True
0,1.43222,6.98216754,0,0,1771339831042,False,True
0,1.43221,70.78629573,0,0,1771339831085,False,True
0,1.431,50.0,0,0,1771339831342,False,True
0,1.43045,1310.47819985,0,0,1771339831386,False,True
0,1.43046,6.97635736,0,0,1771339831513,True,True
0,1.43046,690.7646233,0,0,1771339831513,True,True
0,1.43045,8672.22244491,0,0,1771339831601,False,True
0,1.43,4000.0,0,0,1771339832891,False,True
0,1.42921,161.00307875,0,0,1771339833206,False,True
0,1.42911,2000.0,0,0,1771339833206,False,True
0,1.429,86.46606018,0,0,1771339833206,False,True
0,1.4288,358.49832214,0,0,1771339833206,False,True
0,1.4288,261.5625,0,0,1771339833206,False,True
0,1.42873,1.65,0,0,1771339833206,False,True
0,1.42864,6.99966401,0,0,1771339833206,False,True
0,1.42863,4100.67813772,0,0,1771339833206,False,True
0,1.42902,6.99187079,0,0,1771339834447,True,True
0,1.42903,10.45893921,0,0,1771339834447,True,True
0,1.42903,13.96065,0,0,1771339834448,True,True
0,1.42903,69.80308,0,0,1771339834450,True,True
0,1.42903,554.15932,0,0,1771339834451,True,True
0,1.42853,17.65519236,0,0,1771339838822,False,True
0,1.42853,5.14475622,0,0,1771339839212,False,True
0,1.42842,10.07406778,0,0,1771339839212,False,True
0,1.42824,6.18931899,0,0,1771339839543,False,True
0,1.42818,66.3502,0,0,1771339839543,False,True
0,1.42801,11.03083019,0,0,1771339839543,False,True
0,1.42801,16.8227,0,0,1771339839543,False,True
0,1.42801,799.34183192,0,0,1771339839543,False,True
0,1.42801,1567.56977,0,0,1771339839561,False,True
0,1.42801,3.36e-06,0,0,1771339839561,False,True
0,1.4275,10.0,0,0,1771339839612,False,True
0,1.42745,6.93,0,0,1771339839747,False,True
0,1.42744,131.8071,0,0,1771339839747,False,True
0,1.42744,9.23e-06,0,0,1771339839811,False,True
0,1.42727,1349.78519077,0,0,1771339839811,False,True
0,1.42727,1046.05547909,0,0,1771339840044,False,True
0,1.42713,14.0141,0,0,1771339840057,False,True
0,1.42713,4.027e-05,0,0,1771339840060,False,True
0,1.42705,1306.31565973,0,0,1771339840060,False,True
0,1.42705,867.5143,0,0,1771339840062,False,True
0,1.42701,7.00005346,0,0,1771339840204,True,True
0,1.42701,59.39772654,0,0,1771339840204,True,True
0,1.427,1000.0,0,0,1771339840497,False,True
0,1.427,700.07007,0,0,1771339840497,False,True
0,1.427,7.08e-06,0,0,1771339840501,False,True
0,1.42691,2.96945147,0,0,1771339840804,False,True
0,1.42673,20.03054853,0,0,1771339840804,False,True
0,1.42673,24.1526617,0,0,1771339840823,False,True
0,1.42673,26.17420132,0,0,1771339840823,False,True
0,1.42672,11.3617248,0,0,1771339840823,False,True
0,1.42664,13.41862243,0,0,1771339840823,False,True
0,1.42664,522.54329555,0,0,1771339840856,False,True
0,1.42645,81.45670445,0,0,1771339840856,False,True
0,1.42691,70.78629,0,0,1771339841689,True,True
0,1.42691,5.73e-06,0,0,1771339841701,True,True
0,1.42855,7.000105,0,0,1771339842815,False,True
0,1.42817,70.01967552,0,0,1771339842815,False,True
0,1.42816,2490.246534,0,0,1771339842815,False,True
0,1.42815,2432.73368548,0,0,1771339842815,False,True
0,1.42865,8.79826,0,0,1771339847613,True,True
0,1.42894,6.99819446,0,0,1771339856408,False,True
0,1.42893,143.00180554,0,0,1771339856408,False,True
0,1.42953,7.43233288,0,0,1771339856555,True,True
0,1.42945,48.98770409,0,0,1771339857505,False,True
0,1.42923,2.79812245,0,0,1771339858418,True,True
0,1.42898,6.99799857,0,0,1771339858799,False,True
0,1.42897,42.82548074,0,0,1771339858799,False,True
0,1.42897,261.5625,0,0,1771339858799,False,True
0,1.4289,1211.09432069,0,0,1771339858799,False,True
0,1.42943,0.67752,0,0,1771339859344,True,True
0,1.429,65.02533,0,0,1771339861659,True,True
0,1.42899,6.34833,0,0,1771339861841,True,True
0,1.42966,261.5625,0,0,1771339864745,False,True
0,1.42962,102.2525,0,0,1771339864745,False,True
0,1.4306,39.18777,0,0,1771339868568,True,True
0,1.42958,169.25947,0,0,1771339878038,True,True
0,1.42924,13.0942,0,0,1771339881925,True,True
0,1.42844,198.48951048,0,0,1771339885038,True,True
0,1.42825,712.51331,0,0,1771339890042,False,True
0,1.42875,261.5625,0,0,1771339895985,False,True
0,1.42873,65.70767641,0,0,1771339895985,False,True
0,1.42908,1500.0,0,0,1771339900298,True,True
0,1.42919,1000.0,0,0,1771339902236,False,True
0,1.42945,2.37205,0,0,1771339903966,True,True
0,1.42931,261.5625,0,0,1771339904006,False,True
0,1.4293,165.56783,0,0,1771339904006,False,True
0,1.43162,917.9241,0,0,1771339914983,True,True
0,1.43162,2.517e-05,0,0,1771339914997,True,True
0,1.43197,2.47107847,0,0,1771339918584,True,True
0,1.43117,9.28378803,0,0,1771339920424,False,True
0,1.43206,230.70054038,0,0,1771339922531,True,True
0,1.43181,2000.0,0,0,1771339935726,False,True
0,1.43181,261.5625,0,0,1771339935726,False,True
0,1.43163,27.96081499,0,0,1771339935726,False,True
0,1.43156,261.5625,0,0,1771339935726,False,True
0,1.43149,1687.73688317,0,0,1771339935726,False,True
0,1.43248,65.08106,0,0,1771339937476,True,True
0,1.43197,1.88810367,0,0,1771339942712,False,True
0,1.43211,150.276903,0,0,1771339943762,False,True
0,1.43267,78.0621,0,0,1771339946626,False,True
0,1.43388,17.43521076,0,0,1771339957971,True,True
0,1.43268,261.5625,0,0,1771339964566,False,True
0,1.43265,64.55833365,0,0,1771339964566,False,True
0,1.43265,800.0,0,0,1771339964566,False,True
0,1.43258,800.0,0,0,1771339964566,False,True
0,1.43256,800.0,0,0,1771339964566,False,True
0,1.43256,8731.2,0,0,1771339964566,False,True
0,1.43255,800.0,0,0,1771339964566,False,True
0,1.43241,6978.36955306,0,0,1771339964566,False,True
0,1.4324,23978.24668379,0,0,1771339964566,False,True
0,1.43241,261.5625,0,0,1771339964851,False,True
0,1.43239,261.5625,0,0,1771339964851,False,True
0,1.43236,2744.3530038,0,0,1771339964851,False,True
0,1.43234,6673.94036474,0,0,1771339966813,True,True
0,1.43185,18.15537724,0,0,1771339975616,False,True
0,1.43151,629.30532533,0,0,1771339975616,False,True
0,1.43177,3.77853985,0,0,1771339975782,True,True
0,1.43202,50.0,0,0,1771339979043,True,True
0,1.43166,16.9016255,0,0,1771339980288,False,True
0,1.4314,200.0,0,0,1771339980456,True,True
0,1.43028,2000.0,0,0,1771339984494,False,True
0,1.42937,10.5883,0,0,1771339992883,False,True
0,1.42881,100.0,0,0,1771339995700,False,True
0,1.42881,61.55774753,0,0,1771339998126,True,True
0,1.42857,418.6198,0,0,1771340001923,False,True
0,1.42857,113.0155856,0,0,1771340001937,False,True
0,1.42857,2468.3646144,0,0,1771340002055,False,True
0,1.4299,261.5625,0,0,1771340006171,True,True
0,1.42995,509.7041484,0,0,1771340006171,True,True
0,1.42995,300.28648604,0,0,1771340006174,True,True
0,1.42995,690.00936556,0,0,1771340006178,True,True
0,1.43044,68.5493,0,0,1771340010359,True,True
0,1.42967,85.14078581,0,0,1771340016961,True,True
0,1.42931,193.99,0,0,1771340022488,False,True
0,1.42821,660.0,0,0,1771340030859,False,True
0,1.42827,172.83717679,0,0,1771340035236,True,True
0,1.42821,2000.0,0,0,1771340035273,False,True
0,1.42798,118.93522,0,0,1771340035273,False,True
0,1.42811,203.99184722,0,0,1771340038115,False,True
0,1.42815,844.54944,0,0,1771340043672,True,True
0,1.42818,66.48502953,0,0,1771340043672,True,True
0,1.4282,707.23851175,0,0,1771340043672,True,True
0,1.4282,10.25658,0,0,1771340044663,True,True
0,1.42933,261.5625,0,0,1771340057467,True,True
0,1.42935,390.45503,0,0,1771340057467,True,True
0,1.43024,6890.5439,0,0,1771340065405,True,True
0,1.43003,13.77595,0,0,1771340081208,True,True
0,1.43,1532.4929406,0,0,1771340089706,True,True
0,1.43,756.758491,0,0,1771340089707,True,True
0,1.43,6.2485684,0,0,1771340089708,True,True
0,1.43141,1761.5625,0,0,1771340093197,False,True
0,1.43112,25.04978406,0,0,1771340097096,True,True
0,1.43112,102.60484,0,0,1771340097330,True,True
0,1.43165,5.02994,0,0,1771340103054,True,True
0,1.43123,34.14668,0,0,1771340106448,True,True
0,1.43114,31.43204392,0,0,1771340107732,True,True
0,1.43115,38.08497,0,0,1771340110767,True,True
0,1.43115,1461.91503,0,0,1771340111656,True,True
0,1.43181,2.13661123,0,0,1771340112961,False,True
0,1.43203,2.2789,0,0,1771340114028,True,True
0,1.4327,17.19734,0,0,1771340123048,True,True
0,1.43275,3.85555,0,0,1771340125048,True,True
0,1.43322,13.68546,0,0,1771340129993,True,True
0,1.43274,3.697076,0,0,1771340133883,True,True
0,1.43232,33.82777,0,0,1771340146705,True,True
0,1.43333,13.68374,0,0,1771340158764,True,True
0,1.43384,35.39314786,0,0,1771340165825,False,True
0,1.4336,183.85104125,0,0,1771340165825,False,True
0,1.43393,6.81777,0,0,1771340168557,True,True
0,1.43505,727.73372086,0,0,1771340172205,True,True
0,1.43505,225.21029797,0,0,1771340172207,True,True
0,1.43505,150.14019865,0,0,1771340172214,True,True
0,1.43505,375.35049663,0,0,1771340172214,True,True
0,1.43505,7.15247708,0,0,1771340172251,True,True
0,1.43574,261.5625,0,0,1771340174911,True,True
0,1.43584,6964.56429685,0,0,1771340174911,True,True
0,1.43585,1500.0,0,0,1771340174911,True,True
0,1.43585,261.5625,0,0,1771340174911,True,True
0,1.43612,3845.29790801,0,0,1771340174911,True,True
0,1.43573,201.9709,0,0,1771340175532,True,True
0,1.43507,10.0,0,0,1771340178599,False,True
0,1.43555,12.696305,0,0,1771340183637,True,True
0,1.43602,13.52418,0,0,1771340185209,True,True
0,1.43725,14.733516,0,0,1771340190212,True,True
0,1.43678,2000.0,0,0,1771340190838,False,True
0,1.43638,5.375217,0,0,1771340191342,True,True
0,1.43668,5.3778,0,0,1771340191774,True,True
0,1.43664,7.143735,0,0,1771340191857,True,True
0,1.43646,6827.03701,0,0,1771340193063,True,True
0,1.43677,3.36936,0,0,1771340196427,True,True
0,1.43651,2000.0,0,0,1771340197381,False,True
0,1.43671,2000.0,0,0,1771340208580,False,True
0,1.43645,12.9414,0,0,1771340208729,True,True
0,1.43631,2000.0,0,0,1771340209373,False,True
0,1.43595,1500.0,0,0,1771340210192,True,True
0,1.43638,9.24667,0,0,1771340211674,True,True
0,1.43772,8.354336,0,0,1771340217390,True,True
0,1.43741,6.79678,0,0,1771340218827,False,True
0,1.43681,30.56136,0,0,1771340221878,False,True
0,1.43686,1500.0,0,0,1771340225266,True,True
0,1.43693,300.0,0,0,1771340225266,True,True
0,1.43694,27.03881186,0,0,1771340225266,True,True
0,1.4371,261.5625,0,0,1771340225266,True,True
0,1.4371,1257.41273814,0,0,1771340225266,True,True
0,1.43753,15.078,0,0,1771340227379,True,True
0,1.43754,16.82259,0,0,1771340227379,True,True
0,1.43765,1.35773342,0,0,1771340227608,True,True
0,1.43764,100.00509,0,0,1771340232175,True,True
0,1.43752,445.08598141,0,0,1771340236763,True,True
0,1.43765,50.0,0,0,1771340238712,True,True
0,1.4375,70.7862957,0,0,1771340240998,False,True
0,1.4375,70.7862957,0,0,1771340240998,False,True
0,1.43737,740.0,0,0,1771340241133,False,True
0,1.43737,10580.06427502,0,0,1771340241260,False,True
0,1.43737,3192.1092545,0,0,1771340241264,False,True
0,1.43737,8876.08744484,0,0,1771340241265,False,True
0,1.43737,13999.96577255,0,0,1771340241292,False,True
0,1.43737,159.6054627,0,0,1771340241524,False,True
0,1.43737,7848.32718449,0,0,1771340241651,False,True
0,1.43737,7325.55845552,0,0,1771340241725,False,True
0,1.43737,12552.50794281,0,0,1771340241754,False,True
0,1.43738,10.10682,0,0,1771340244994,True,True
0,1.43737,11187.0307492,0,0,1771340245210,False,True
0,1.43737,9522.46493474,0,0,1771340245216,False,True
0,1.43737,15344.39215398,0,0,1771340245218,False,True
0,1.43737,37726.96111076,0,0,1771340245702,False,True
0,1.43737,2817.92030725,0,0,1771340245755,False,True
0,1.43737,17509.45253281,0,0,1771340245790,False,True
0,1.43737,9204.17131655,0,0,1771340245799,False,True
0,1.43737,8268.14870006,0,0,1771340245800,False,True
0,1.43737,7598.9706813,0,0,1771340245807,False,True
0,1.43737,9115.42241643,0,0,1771340245813,False,True
0,1.43737,608.00660455,0,0,1771340245814,False,True
0,1.43737,11933.64299815,0,0,1771340245822,False,True
0,1.43737,1142.53368104,0,0,1771340245894,False,True
0,1.43738,170.49943,0,0,1771340246624,True,True
0,1.43737,750.0,0,0,1771340246871,False,True
0,1.43737,8106.2421875,0,0,1771340247318,False,True
0,1.43737,8106.2421875,0,0,1771340247320,False,True
0,1.43737,8106.2421875,0,0,1771340247323,False,True
0,1.43737,11933.64299815,0,0,1771340247348,False,True
0,1.43737,13.66241119,0,0,1771340247358,False,True
0,1.43737,8106.2421875,0,0,1771340247587,False,True
0,1.43737,9678.99071836,0,0,1771340248408,False,True
0,1.43737,5073.61601562,0,0,1771340249944,False,True
0,1.43737,11933.64299815,0,0,1771340250188,False,True
0,1.43737,5073.61601562,0,0,1771340250189,False,True
0,1.43737,5073.61601562,0,0,1771340250190,False,True
0,1.43737,5073.61601562,0,0,1771340250236,False,True
0,1.43737,791.12827148,0,0,1771340250856,False,True
0,1.43737,791.12827148,0,0,1771340250891,False,True
0,1.43737,791.12827148,0,0,1771340250893,False,True
0,1.43737,791.12827148,0,0,1771340250900,False,True
0,1.43737,791.12827148,0,0,1771340250901,False,True
0,1.43737,791.12827148,0,0,1771340250901,False,True
0,1.43737,791.12827148,0,0,1771340250914,False,True
0,1.43737,791.12827148,0,0,1771340250914,False,True
0,1.43737,11933.64299815,0,0,1771340251995,False,True
0,1.43737,1354.84267578,0,0,1771340252003,False,True
0,1.43737,1354.84267578,0,0,1771340252003,False,True
0,1.43737,1354.84267578,0,0,1771340252011,False,True
0,1.43737,1354.84267578,0,0,1771340252012,False,True
0,1.43737,1354.84267578,0,0,1771340252016,False,True
0,1.43737,11933.64299815,0,0,1771340252832,False,True
0,1.43737,1354.84267578,0,0,1771340252841,False,True
0,1.43737,1354.84267578,0,0,1771340252841,False,True
0,1.43737,1354.84267578,0,0,1771340252842,False,True
0,1.43737,1354.84267578,0,0,1771340252980,False,True
0,1.43737,608.01689022,0,0,1771340253057,False,True
0,1.43737,917.9241,0,0,1771340253084,False,True
0,1.43737,1659.61331,0,0,1771340253137,False,True
0,1.43737,3400.0,0,0,1771340253153,False,True
0,1.43737,650.14221862,0,0,1771340253154,False,True
0,1.43737,17.67284229,0,0,1771340253167,False,True
0,1.43737,1142.53368104,0,0,1771340253190,False,True
0,1.43737,1550.0,0,0,1771340253196,False,True
0,1.43737,1550.0,0,0,1771340253221,False,True
0,1.43737,1763.03739514,0,0,1771340253246,False,True
0,1.43737,150068.44739495,0,0,1771340253256,False,True
0,1.43631,261.5625,0,0,1771340253371,True,True
0,1.43644,80.14054,0,0,1771340253371,True,True
0,1.43559,133.04364,0,0,1771340253648,False,True
0,1.43577,73.43165,0,0,1771340254543,True,True
0,1.4353,359.6809,0,0,1771340263618,False,True
0,1.4353,63.3480387,0,0,1771340264649,False,True
0,1.4353,1576.9710613,0,0,1771340264655,False,True
0,1.4348,6967.02346081,0,0,1771340264655,False,True
0,1.43521,2000.0,0,0,1771340264694,False,True
0,1.4349,7.6636,0,0,1771340265760,False,True
0,1.43491,1387.29778116,0,0,1771340266373,False,True
0,1.43491,66.3491665,0,0,1771340267178,False,True
0,1.4347,17.15852,0,0,1771340269204,True,True
0,1.43357,40.9066,0,0,1771340274516,True,True
0,1.43344,8.38199937,0,0,1771340275551,False,True
0,1.43387,261.5625,0,0,1771340287518,False,True
0,1.43384,2601.58960188,0,0,1771340287518,False,True
0,1.43384,261.5625,0,0,1771340287518,False,True
0,1.43368,261.5625,0,0,1771340287518,False,True
0,1.43345,4216.71864859,0,0,1771340287518,False,True
0,1.43415,2601.58960188,0,0,1771340289356,False,True
0,1.43415,261.5625,0,0,1771340289356,False,True
0,1.43404,3800.10995827,0,0,1771340289356,False,True
0,1.43378,2343.31226182,0,0,1771340294166,False,True
0,1.43546,59.47757695,0,0,1771340318205,False,True
0,1.43586,21.004833,0,0,1771340327548,True,True
0,1.43615,21.520477,0,0,1771340327548,True,True
0,1.43565,193.3270643,0,0,1771340328393,False,True
0,1.43491,261.5625,0,0,1771340328424,False,True
0,1.43483,86.71180083,0,0,1771340328424,False,True
0,1.4356,261.5625,0,0,1771340335491,False,True
0,1.43557,4873.2063948,0,0,1771340335491,False,True
0,1.43545,261.5625,0,0,1771340335491,False,True
0,1.43544,4466.9282625,0,0,1771340335491,False,True
0,1.43542,10691.2,0,0,1771340335491,False,True
0,1.43538,381.9,0,0,1771340335491,False,True
0,1.43537,15.078,0,0,1771340335491,False,True
0,1.4353,4897.3779127,0,0,1771340335491,False,True
0,1.43604,42.20107,0,0,1771340339795,True,True
0,1.43523,20.79728,0,0,1771340343589,True,True
0,1.43515,261.4475131,0,0,1771340343662,False,True
0,1.43435,261.5625,0,0,1771340344882,False,True
0,1.43433,261.5625,0,0,1771340344882,False,True
0,1.43422,226.875,0,0,1771340344882,False,True
0,1.43429,133.04364,0,0,1771340348208,False,True
0,1.43455,80.92312,0,0,1771340349825,True,True
0,1.43484,14.13398,0,0,1771340351299,True,True
0,1.43542,1.65,0,0,1771340351788,False,True
0,1.43533,13.13878,0,0,1771340362775,False,True
0,1.43511,14.716642,0,0,1771340371181,False,True
0,1.4343,8.99444727,0,0,1771340373686,True,True
0,1.43409,61.33194087,0,0,1771340374506,True,True
0,1.43428,261.5625,0,0,1771340380326,False,True
0,1.4342,26.47907,0,0,1771340380326,False,True
0,1.43453,6.9709,0,0,1771340404232,False,True
0,1.43453,6.9709,0,0,1771340404237,False,True
0,1.43379,6.97452207,0,0,1771340406427,False,True
0,1.43367,73.02547793,0,0,1771340406427,False,True
0,1.4338,6.90099,0,0,1771340407408,True,True
0,1.43418,1.65,0,0,1771340407798,False,True
0,1.43496,6.97136037,0,0,1771340411760,True,True
0,1.43497,13.28299963,0,0,1771340411760,True,True
0,1.43448,10.0,0,0,1771340413918,True,True
0,1.43448,6.647147,0,0,1771340413963,True,True
0,1.435,4000.0,0,0,1771340414417,True,True
0,1.435,1.65,0,0,1771340421601,True,True
0,1.43599,6.96383679,0,0,1771340427448,False,True
0,1.43599,15.03156012,0,0,1771340427448,False,True
0,1.436,1.65,0,0,1771340428625,True,True
0,1.43604,1.65,0,0,1771340428636,True,True
0,1.43737,6.96027589,0,0,1771340432049,True,True
0,1.43738,27.51328411,0,0,1771340432049,True,True
0,1.43714,261.5625,0,0,1771340437873,True,True
0,1.43743,6.95920089,0,0,1771340437873,True,True
0,1.43744,70.7862957,0,0,1771340437873,True,True
0,1.43745,3139.63050969,0,0,1771340437873,True,True
0,1.43724,2.38123878,0,0,1771340442388,False,True
0,1.43639,17.349049,0,0,1771340442942,False,True
0,1.43605,70.78629573,0,0,1771340442942,False,True
0,1.43588,6.96437028,0,0,1771340442942,False,True
0,1.43587,620.86967499,0,0,1771340442942,False,True
0,1.43581,261.5625,0,0,1771340445147,True,True
0,1.43605,6.95768918,0,0,1771340445147,True,True
0,1.43607,261.5625,0,0,1771340445147,True,True
0,1.43611,2966.42080733,0,0,1771340445147,True,True
0,1.43581,64.68724,0,0,1771340445167,True,True
0,1.43581,28.58126,0,0,1771340445189,True,True
0,1.43549,6.96626239,0,0,1771340445270,False,True
0,1.43548,2.02818488,0,0,1771340445270,False,True
0,1.43634,3.44624,0,0,1771340447043,True,True
0,1.43673,24.00721,0,0,1771340451958,True,True
0,1.43782,46.59669152,0,0,1771340456895,True,True
0,1.43783,6.95782642,0,0,1771340456895,True,True
0,1.43784,46.44548206,0,0,1771340456895,True,True
0,1.43742,24.00721,0,0,1771340457242,False,True
0,1.43742,4466.9282625,0,0,1771340457242,False,True
0,1.43741,6.9569573,0,0,1771340457242,False,True
0,1.4374,4873.2063948,0,0,1771340457242,False,True
0,1.43739,2602.3886308,0,0,1771340457242,False,True
0,1.43735,8474.96203573,0,0,1771340460227,True,True
0,1.43735,12060.85025269,0,0,1771340460292,True,True
0,1.43735,7788.21711484,0,0,1771340460347,True,True
0,1.43735,18667.07851414,0,0,1771340460357,True,True
0,1.43735,10805.50654566,0,0,1771340460371,True,True
0,1.43735,678.63231189,0,0,1771340460371,True,True
0,1.43735,7984.91705707,0,0,1771340460376,True,True
0,1.43735,6750.27085545,0,0,1771340460376,True,True
0,1.43785,1.53078,0,0,1771340464056,True,True
0,1.438,1.65,0,0,1771340465862,True,True
0,1.438,261.5625,0,0,1771340465862,True,True
0,1.43825,803.62970624,0,0,1771340465862,True,True
0,1.43828,0.78989084,0,0,1771340466048,True,True
0,1.43835,6.75696,0,0,1771340468358,True,True
0,1.4387,24.1896042,0,0,1771340469748,True,True
0,1.43884,763.94432585,0,0,1771340470414,True,True
0,1.43847,97.7762,0,0,1771340476659,True,True
0,1.43824,9.40646622,0,0,1771340477524,False,True
0,1.43875,67.35443,0,0,1771340479981,True,True
0,1.43884,350.0,0,0,1771340482933,True,True
0,1.43884,2.69346411,0,0,1771340490825,True,True
0,1.439,1.65,0,0,1771340490893,True,True
0,1.43939,3620.0,0,0,1771340491173,True,True
0,1.43939,7.68612576,0,0,1771340493399,True,True
0,1.43957,6138.39351154,0,0,1771340493425,True,True
0,1.43987,4.79246499,0,0,1771340495587,True,True
0,1.43875,2.45384832,0,0,1771340499908,False,True
0,1.43835,1.65,0,0,1771340499908,False,True
0,1.43831,61.37982948,0,0,1771340499908,False,True
0,1.43809,27.0,0,0,1771340499919,False,True
0,1.43753,19.839586,0,0,1771340505194,False,True
0,1.43734,82.22996515,0,0,1771340512514,False,True
0,1.43872,261.5625,0,0,1771340523349,False,True
0,1.43869,2620.40154925,0,0,1771340523349,False,True
0,1.43864,261.5625,0,0,1771340523349,False,True
0,1.43842,69.52072412,0,0,1771340523349,False,True
0,1.43841,74.46495224,0,0,1771340523349,False,True
0,1.43898,24.0,0,0,1771340528021,False,True
0,1.439,1.65,0,0,1771340528418,True,True
0,1.43964,69.14439254,0,0,1771340528815,True,True
0,1.43964,261.5625,0,0,1771340528815,True,True
0,1.43968,1500.0,0,0,1771340528815,True,True
0,1.43973,6211.9,0,0,1771340528815,True,True
0,1.4398,6067.41421285,0,0,1771340528815,True,True
0,1.43904,3.3,0,0,1771340535273,True,True
0,1.439,1.65,0,0,1771340544719,True,True
0,1.43966,17.03016,0,0,1771340549965,True,True
0,1.43959,1500.0,0,0,1771340554018,True,True
0,1.43983,6948.19270589,0,0,1771340554020,True,True
0,1.44,1.65,0,0,1771340554327,True,True
0,1.43976,6.77968,0,0,1771340568371,True,True
0,1.43968,25.51523,0,0,1771340569396,True,True
0,1.43992,86.81037835,0,0,1771340570557,True,True
0,1.43992,261.5625,0,0,1771340570557,True,True
0,1.43994,81.65682251,0,0,1771340570557,True,True
0,1.441,1.65,0,0,1771340587530,True,True
0,1.44115,23.89867,0,0,1771340587530,True,True
0,1.44081,6.82863,0,0,1771340587985,False,True
0,1.44141,6.2971,0,0,1771340595399,True,True
0,1.4409,13.67075,0,0,1771340604613,True,True
0,1.44184,8.47053317,0,0,1771340612575,True,True
0,1.44184,12.09587683,0,0,1771340612575,True,True
0,1.44134,1.65,0,0,1771340619095,False,True
0,1.44193,1399.74894759,0,0,1771340631330,True,True
0,1.442,1.65,0,0,1771340631556,True,True
0,1.44284,1.65,0,0,1771340632430,True,True
0,1.44284,3.23792682,0,0,1771340632470,True,True
0,1.443,1.65,0,0,1771340632532,True,True
0,1.44308,160.87427628,0,0,1771340632612,True,True
0,1.44282,25.0,0,0,1771340634236,True,True
0,1.44282,9.484794,0,0,1771340634556,True,True
0,1.44288,34.36197,0,0,1771340635593,True,True
0,1.44298,144.88118326,0,0,1771340637016,False,True
0,1.44281,13.8616469,0,0,1771340649195,False,True
0,1.44227,14.09416754,0,0,1771340651697,False,True
0,1.44181,185.0,0,0,1771340654119,False,True
0,1.44219,10.96881998,0,0,1771340656437,True,True
0,1.44201,2000.0,0,0,1771340657148,False,True
0,1.44276,261.5625,0,0,1771340666178,True,True
0,1.44279,1500.0,0,0,1771340666178,True,True
0,1.4428,8261.3,0,0,1771340666178,True,True
0,1.44291,261.5625,0,0,1771340666178,True,True
0,1.44298,3653.71232291,0,0,1771340666178,True,True
0,1.443,1.65,0,0,1771340666178,True,True
0,1.44306,3126.50253111,0,0,1771340666178,True,True
0,1.44232,261.5625,0,0,1771340684810,True,True
0,1.4424,738.4375,0,0,1771340684810,True,True
0,1.44171,13.8616469,0,0,1771340684912,False,True
0,1.44209,13.8616469,0,0,1771340685979,True,True
0,1.44209,86.1383531,0,0,1771340685979,True,True
0,1.44199,4860.9451252,0,0,1771340689104,True,True
0,1.442,139.0548748,0,0,1771340689104,True,True
0,1.442,3514.65744811,0,0,1771340689104,True,True
0,1.44222,395.5,0,0,1771340689104,True,True
0,1.44225,1089.84255189,0,0,1771340689104,True,True
0,1.44258,261.5625,0,0,1771340699042,False,True
0,1.44257,183.4375,0,0,1771340699042,False,True
0,1.4426,10.149321,0,0,1771340700614,True,True
0,1.4421,16.0,0,0,1771340705812,True,True
0,1.44299,839.14671875,0,0,1771340711022,False,True
0,1.4425,10.19309,0,0,1771340713449,True,True
0,1.44164,13.55916,0,0,1771340727218,True,True
0,1.44127,12.75928,0,0,1771340729656,True,True
0,1.44122,7.82512643,0,0,1771340729738,False,True
0,1.44121,13.43594,0,0,1771340737918,True,True
0,1.44168,792.02453754,0,0,1771340742598,True,True
0,1.44168,4207.97546246,0,0,1771340742608,True,True
0,1.44101,116.6963962,0,0,1771340746472,False,True
0,1.44,6.80828,0,0,1771340761033,True,True
0,1.44,0.13616445,0,0,1771340761592,True,True
0,1.441,6.93962527,0,0,1771340766354,True,True
0,1.44165,35.39314786,0,0,1771340769121,False,True
0,1.44141,2000.0,0,0,1771340769121,False,True
0,1.44127,261.5625,0,0,1771340769121,False,True
0,1.44125,73.89948838,0,0,1771340769121,False,True
0,1.44166,261.5625,0,0,1771340771197,False,True
0,1.44161,538.4375,0,0,1771340771197,False,True
0,1.44141,14.29586,0,0,1771340778410,True,True
0,1.44045,74.60465745,0,0,1771340784380,True,True
0,1.44005,252.96511307,0,0,1771340786742,True,True
0,1.44005,225.41764448,0,0,1771340786906,True,True
0,1.44005,225.22468788,0,0,1771340786908,True,True
0,1.44005,300.29958385,0,0,1771340786909,True,True
0,1.44005,75.07489596,0,0,1771340786911,True,True
0,1.44005,75.07489596,0,0,1771340786911,True,True
0,1.44005,120.71849092,0,0,1771340786925,True,True
0,1.44104,12.89398,0,0,1771340787221,True,True
0,1.44085,13.44191,0,0,1771340788900,True,True
0,1.44155,15.84961,0,0,1771340806780,True,True
0,1.44155,65.28467,0,0,1771340806826,True,True
0,1.442,1.65,0,0,1771340812697,True,True
0,1.442,31.93449,0,0,1771340812697,True,True
0,1.44172,35.39314786,0,0,1771340816994,True,True
0,1.44237,0.90619017,0,0,1771340817802,True,True
0,1.44012,103.8802322,0,0,1771340834917,True,True
0,1.44011,2000.0,0,0,1771340835122,False,True
0,1.44003,2000.0,0,0,1771340838633,False,True
0,1.43972,3.74042,0,0,1771340838958,False,True
0,1.43962,17.622635,0,0,1771340842156,True,True
0,1.4399,33.61083,0,0,1771340842812,True,True
0,1.44,6.94444445,0,0,1771340848020,True,True
0,1.44004,2993.05555555,0,0,1771340848020,True,True
0,1.44004,6.9444,0,0,1771340848557,True,True
0,1.44004,4.445e-05,0,0,1771340848657,True,True
0,1.44099,261.5625,0,0,1771340857126,False,True
0,1.44099,8.53022,0,0,1771340857126,False,True
0,1.44099,261.5625,0,0,1771340859191,True,True
0,1.441,6.93962527,0,0,1771340859191,True,True
0,1.44107,246.71647292,0,0,1771340859191,True,True
0,1.44031,55.65846,0,0,1771340864689,True,True
0,1.43985,13.61731,0,0,1771340871735,True,True
0,1.43995,84.88689,0,0,1771340872473,True,True
0,1.44022,261.5625,0,0,1771340878460,False,True
0,1.44018,261.5625,0,0,1771340878460,False,True
0,1.44004,261.5625,0,0,1771340878460,False,True
0,1.43986,949.11047,0,0,1771340878460,False,True
0,1.441,6.93962527,0,0,1771340889481,True,True
0,1.442,6.93481277,0,0,1771340891738,True,True
0,1.44228,6.659959,0,0,1771340892677,False,True
0,1.44275,1344.9651,0,0,1771340902198,True,True
0,1.44245,50.86907,0,0,1771340918230,True,True
0,1.44282,1900.0,0,0,1771340921854,True,True
0,1.443,1.65,0,0,1771340921854,True,True
0,1.443,838.35,0,0,1771340921854,True,True
0,1.443,7.0412823,0,0,1771340922353,True,True
0,1.44336,3.0319677,0,0,1771340922353,True,True
0,1.44361,82.0167126,0,0,1771340923384,True,True
0,1.444,1.65,0,0,1771340933146,True,True
0,1.4443,22.79994858,0,0,1771340933173,True,True
0,1.44476,99.98211022,0,0,1771340937153,True,True
0,1.44476,75.06314642,0,0,1771340937159,True,True
0,1.44476,86.24538805,0,0,1771340937191,True,True
0,1.445,1.65,0,0,1771340937206,True,True
0,1.446,1.65,0,0,1771340938875,True,True
0,1.447,1.65,0,0,1771340944478,True,True
0,1.44741,261.5625,0,0,1771340944478,True,True
0,1.44745,1500.0,0,0,1771340944478,True,True
0,1.44756,167.90963543,0,0,1771340944478,True,True
0,1.4468,13.96960215,0,0,1771340944478,False,True
0,1.44655,54.96155,0,0,1771340946433,False,True
0,1.44695,1500.0,0,0,1771340946482,True,True
0,1.448,1.65,0,0,1771340947727,True,True
0,1.44825,5.24664,0,0,1771340947727,True,True
0,1.44825,58.21329127,0,0,1771340947728,True,True
0,1.44899,261.5625,0,0,1771340948955,True,True
0,1.449,1.65,0,0,1771340948955,True,True
0,1.44913,130.61936101,0,0,1771340948955,True,True
0,1.44921,261.5625,0,0,1771340948955,True,True
0,1.44924,25.0,0,0,1771340948955,True,True
0,1.44935,6902.15855308,0,0,1771340948955,True,True
0,1.44936,261.5625,0,0,1771340948955,True,True
0,1.44938,81.69044372,0,0,1771340948955,True,True
0,1.44939,2816.8822792,0,0,1771340948955,True,True
0,1.44941,146.13986887,0,0,1771340948955,True,True
0,1.44945,1500.0,0,0,1771340948955,True,True
0,1.44951,261.5625,0,0,1771340948955,True,True
0,1.44976,2371.38810033,0,0,1771340948955,True,True
0,1.44978,260.54161301,0,0,1771340948955,True,True
0,1.44996,261.5625,0,0,1771340948955,True,True
0,1.45,1.95297383,0,0,1771340948955,True,True
0,1.45,1.65,0,0,1771340948955,True,True
0,1.45024,11590.22268822,0,0,1771340948955,True,True
0,1.44857,1.68953755,0,0,1771340956204,False,True
0,1.44904,1.00285,0,0,1771340962854,True,True
0,1.4474,13.9489791,0,0,1771340967930,False,True
0,1.44693,261.5625,0,0,1771340968143,False,True
0,1.44681,357.7,0,0,1771340968143,False,True
0,1.4468,12.08432573,0,0,1771340968143,False,True
0,1.44678,261.5625,0,0,1771340968143,False,True
0,1.44664,690.96085016,0,0,1771340968143,False,True
0,1.44661,690.96085016,0,0,1771340968143,False,True
0,1.44655,261.5625,0,0,1771340968143,False,True
0,1.4464,4265.08969252,0,0,1771340968143,False,True
0,1.44769,30.32604,0,0,1771340977247,True,True
0,1.448,6.90607735,0,0,1771340981039,True,True
0,1.44815,261.5625,0,0,1771340981039,True,True
0,1.44824,21.82472306,0,0,1771340981039,True,True
0,1.44825,1258.35375709,0,0,1771340981039,True,True
0,1.44696,14.49603,0,0,1771340984412,True,True
0,1.44644,6.68994,0,0,1771340986750,True,True
0,1.44521,150.74244,0,0,1771340989019,False,True
0,1.44494,261.5625,0,0,1771340992504,True,True
0,1.44495,240.21782,0,0,1771340992504,True,True
0,1.44484,67.02536,0,0,1771340993142,True,True
0,1.44473,7.62918994,0,0,1771340995153,False,True
0,1.44471,2000.0,0,0,1771340997617,False,True
0,1.44456,261.5625,0,0,1771340997617,False,True
0,1.44441,261.5625,0,0,1771340997617,False,True
0,1.44431,2476.875,0,0,1771340997617,False,True
0,1.4447,261.5625,0,0,1771340998642,True,True
0,1.44483,261.5625,0,0,1771340998642,True,True
0,1.44483,2586.50880822,0,0,1771340998642,True,True
0,1.44498,261.5625,0,0,1771340998642,True,True
0,1.445,6.92041523,0,0,1771340998642,True,True
0,1.44504,15.078,0,0,1771340998642,True,True
0,1.44505,1500.0,0,0,1771340998642,True,True
0,1.4451,70.78629573,0,0,1771340998642,True,True
0,1.44511,2869.15793897,0,0,1771340998642,True,True
0,1.44512,6922.33047925,0,0,1771340998642,True,True
0,1.44513,261.5625,0,0,1771340998642,True,True
0,1.44514,2745.57302836,0,0,1771340998642,True,True
0,1.44519,2490.246534,0,0,1771340998642,True,True
0,1.4452,6919.49827436,0,0,1771340998642,True,True
0,1.44523,2650.50872369,0,0,1771340998642,True,True
0,1.44523,14488.09148219,0,0,1771340998642,True,True
0,1.44573,6.85303,0,0,1771341002222,True,True
0,1.44552,6.91792572,0,0,1771341002422,False,True
0,1.44551,1924.20420971,0,0,1771341002422,False,True
0,1.44579,399.48093595,0,0,1771341004584,True,True
0,1.44579,75.08066264,0,0,1771341004593,True,True
0,1.44579,15786.7796541,0,0,1771341004626,True,True
0,1.44579,5953.2039547,0,0,1771341004630,True,True
0,1.44579,4890.59792384,0,0,1771341004632,True,True
0,1.446,6.91562933,0,0,1771341004717,True,True
0,1.44655,1500.0,0,0,1771341007339,True,True
0,1.447,6.91085004,0,0,1771341007834,True,True
0,1.448,6.90607735,0,0,1771341015634,True,True
0,1.44824,6.909237,0,0,1771341018451,True,True
0,1.44825,261.5625,0,0,1771341018451,True,True
0,1.44826,261.5625,0,0,1771341018451,True,True
0,1.44829,261.5625,0,0,1771341018451,True,True
0,1.44845,1500.0,0,0,1771341018451,True,True
0,1.44859,261.5625,0,0,1771341018451,True,True
0,1.44874,6905.45090707,0,0,1771341018451,True,True
0,1.44875,261.5625,0,0,1771341018451,True,True
0,1.44889,2650.50872369,0,0,1771341018451,True,True
0,1.449,6.90131125,0,0,1771341018451,True,True
0,1.44909,261.5625,0,0,1771341018451,True,True
0,1.44911,2372.41554351,0,0,1771341018451,True,True
0,1.44912,2745.57302836,0,0,1771341018451,True,True
0,1.44924,261.5625,0,0,1771341018451,True,True
0,1.44929,25.0,0,0,1771341018451,True,True
0,1.44949,261.5625,0,0,1771341018451,True,True
0,1.44964,261.5625,0,0,1771341018451,True,True
0,1.44973,13807.80710357,0,0,1771341018451,True,True
0,1.44991,261.5625,0,0,1771341018451,True,True
0,1.45,6.89655173,0,0,1771341018451,True,True
0,1.45,16262.04995217,0,0,1771341018455,False,True
0,1.45,11464.0965999,0,0,1771341018457,False,True
0,1.45,4286.25569692,0,0,1771341018458,False,True
0,1.44834,6.909237,0,0,1771341021896,True,True
0,1.44835,6.625133,0,0,1771341021896,True,True
0,1.44914,6.909237,0,0,1771341023393,True,True
0,1.44915,18.565093,0,0,1771341023393,True,True
0,1.44894,6.90212969,0,0,1771341026240,True,True
0,1.44895,18.09787031,0,0,1771341026240,True,True
0,1.44834,6.90212969,0,0,1771341027402,True,True
0,1.44835,1.22070031,0,0,1771341027402,True,True
0,1.44854,6.90263192,0,0,1771341030369,True,True
0,1.44855,60.62218808,0,0,1771341030369,True,True
0,1.44821,1480.0,0,0,1771341031084,False,True
0,1.44793,6.61155,0,0,1771341036487,True,True
0,1.44707,6.90887508,0,0,1771341039988,True,True
0,1.44708,10.01467492,0,0,1771341039988,True,True
0,1.44624,1.03847977,0,0,1771341043311,False,True
0,1.44592,6.91601195,0,0,1771341050766,False,True
0,1.44591,70.78629573,0,0,1771341050766,False,True
0,1.44589,1227.94850232,0,0,1771341050766,False,True
0,1.44629,6.32757,0,0,1771341057805,True,True
0,1.44628,135.70685,0,0,1771341060919,True,True
0,1.44627,33.55836,0,0,1771341061608,True,True
0,1.446,12.75434,0,0,1771341062374,True,True
0,1.44684,16.90407,0,0,1771341072187,True,True
0,1.44608,6.76352,0,0,1771341083079,True,True
0,1.44608,67.13739,0,0,1771341084106,True,True
0,1.44595,138.3173692,0,0,1771341084511,False,True
0,1.44552,72.77657867,0,0,1771341086409,False,True
0,1.44526,166.66247133,0,0,1771341086409,False,True
0,1.44526,3.74626601,0,0,1771341087060,False,True
0,1.4453,172.1139,0,0,1771341091607,True,True
0,1.4453,1320.0,0,0,1771341092861,True,True
0,1.44536,287.9376038,0,0,1771341093168,False,True
0,1.44567,4.55491417,0,0,1771341097999,True,True
0,1.44537,1.70316301,0,0,1771341099978,False,True
0,1.44484,121.48801,0,0,1771341102373,False,True
0,1.4452,220.91003498,0,0,1771341110773,True,True
0,1.4452,225.2334143,0,0,1771341110776,True,True
0,1.4452,600.62243812,0,0,1771341110776,True,True
0,1.4452,453.2341126,0,0,1771341110845,True,True
0,1.44586,67.00726,0,0,1771341111640,True,True
0,1.44599,6.81489,0,0,1771341112090,True,True
0,1.446,6.91562933,0,0,1771341112969,True,True
0,1.44619,290.0,0,0,1771341119536,True,True
0,1.44608,10.0,0,0,1771341121170,True,True
0,1.44607,297.35766594,0,0,1771341121813,False,True
0,1.4454,1500.0,0,0,1771341127112,True,True
0,1.4458,1500.0,0,0,1771341130301,True,True
0,1.446,6.91562933,0,0,1771341130482,True,True
0,1.4457,6.92041523,0,0,1771341143220,False,True
0,1.44579,2474.51164,0,0,1771341144252,False,True
0,1.447,6.91085004,0,0,1771341146604,True,True
0,1.44715,6.92041523,0,0,1771341147519,False,True
0,1.4472,0.84003,0,0,1771341150030,True,True
0,1.4479,2.24778699,0,0,1771341151679,True,True
0,1.448,6.90607735,0,0,1771341155751,True,True
0,1.44865,5.35096,0,0,1771341157450,True,True
0,1.44801,310.0,0,0,1771341159879,False,True
0,1.44727,32.03648,0,0,1771341160939,True,True
0,1.44687,9.20877089,0,0,1771341164034,False,True
0,1.44615,261.5625,0,0,1771341166644,True,True
0,1.4462,107.72249989,0,0,1771341166644,True,True
0,1.44596,1370.0,0,0,1771341169567,False,True
0,1.44606,6.78012,0,0,1771341174729,True,True
0,1.44601,279.20081,0,0,1771341176707,True,True
0,1.44575,261.5625,0,0,1771341178509,False,True
0,1.4457,338.94064466,0,0,1771341178509,False,True
0,1.4457,1.1721,0,0,1771341183020,True,True
0,1.4457,69.15820632,0,0,1771341184823,True,True
0,1.44599,261.5625,0,0,1771341188010,True,True
0,1.446,6.91562933,0,0,1771341188010,True,True
0,1.44615,100.80318767,0,0,1771341188010,True,True
0,1.44496,261.5625,0,0,1771341192486,False,True
0,1.44494,261.5625,0,0,1771341192486,False,True
0,1.44494,15.078,0,0,1771341192486,False,True
0,1.44493,570.13481968,0,0,1771341192486,False,True
0,1.44516,12.44813278,0,0,1771341192782,True,True
0,1.44512,6.76682,0,0,1771341198500,True,True
0,1.4453,6.78406,0,0,1771341200136,True,True
0,1.44508,327.74501,0,0,1771341200223,True,True
0,1.44456,430.0,0,0,1771341211352,False,True
0,1.4444,37.9047,0,0,1771341214280,True,True
0,1.44429,1.54965,0,0,1771341215508,True,True
0,1.4443,39.05685,0,0,1771341221625,True,True
0,1.44418,6.92520776,0,0,1771341221912,False,True
0,1.44418,1.15119,0,0,1771341223843,False,True
0,1.44401,32.1950679,0,0,1771341227831,False,True
0,1.44396,277.8049321,0,0,1771341227831,False,True
0,1.44384,271.96042188,0,0,1771341235631,True,True
0,1.44388,3547.23462358,0,0,1771341235631,True,True
0,1.444,6.92520776,0,0,1771341239827,True,True
0,1.44407,127.51691224,0,0,1771341239827,True,True
0,1.44324,6.78994,0,0,1771341247060,True,True
0,1.44384,692.6044437,0,0,1771341251951,False,True
0,1.44346,2000.0,0,0,1771341251951,False,True
0,1.44341,2578.70666501,0,0,1771341251951,False,True
0,1.44332,6928.42978826,0,0,1771341251951,False,True
0,1.44324,261.5625,0,0,1771341251951,False,True
0,1.44321,692.58312729,0,0,1771341251951,False,True
0,1.4432,6725.40184276,0,0,1771341251951,False,True
0,1.44319,6184.8,0,0,1771341251951,False,True
0,1.44318,22530.36592169,0,0,1771341251951,False,True
0,1.44315,371.2,0,0,1771341251951,False,True
0,1.44311,692.89505412,0,0,1771341251951,False,True
0,1.44309,261.5625,0,0,1771341251951,False,True
0,1.44306,2745.57302836,0,0,1771341251951,False,True
0,1.44305,4466.9282625,0,0,1771341251951,False,True
0,1.44305,2593.19079367,0,0,1771341251951,False,True
0,1.443,2049.16146916,0,0,1771341251951,False,True
0,1.44294,2841.35255377,0,0,1771341251951,False,True
0,1.44336,134.51663,0,0,1771341252950,True,True
0,1.44323,16.97188,0,0,1771341254276,True,True
0,1.44322,6.93000694,0,0,1771341254546,False,True
0,1.44339,6.93000694,0,0,1771341264359,False,True
0,1.4434,1500.0,0,0,1771341267665,True,True
0,1.444,5.42063019,0,0,1771341268225,True,True
0,1.444,1.50457757,0,0,1771341268956,True,True
0,1.44422,202.26267243,0,0,1771341268956,True,True
0,1.44429,100.90425,0,0,1771341279094,True,True
0,1.44399,534.2,0,0,1771341287223,False,True
0,1.44399,2000.0,0,0,1771341292616,False,True
0,1.44313,6.93000694,0,0,1771341294456,False,True
0,1.44293,131.80710923,0,0,1771341303004,False,True
0,1.44307,12.74725,0,0,1771341313539,True,True
0,1.4431,1500.0,0,0,1771341314403,True,True
0,1.4435,6.28641,0,0,1771341316908,True,True
0,1.44338,131.01410784,0,0,1771341318965,False,True
0,1.44337,131.41033001,0,0,1771341319156,False,True
0,1.444,6.92520776,0,0,1771341326092,True,True
0,1.44477,130.2260844,0,0,1771341326298,True,True
0,1.445,6.92041523,0,0,1771341326731,True,True
0,1.44499,1465.81492635,0,0,1771341330751,False,True
0,1.44439,24.92039318,0,0,1771341333915,True,True
0,1.44417,38.52926,0,0,1771341334870,False,True
0,1.44439,168.07418,0,0,1771341335246,True,True
0,1.444,2.07489,0,0,1771341344611,True,True
0,1.4445,32.50095,0,0,1771341349028,True,True
0,1.44403,69.25063883,0,0,1771341354533,False,True
0,1.44403,261.5625,0,0,1771341354533,False,True
0,1.44402,32.50095,0,0,1771341354533,False,True
0,1.44401,69.25159798,0,0,1771341354533,False,True
0,1.44399,3.46262785,0,0,1771341354533,False,True
0,1.44398,2579.02378739,0,0,1771341354533,False,True
0,1.445,6.9204,0,0,1771341364984,True,True
0,1.445,1.523e-05,0,0,1771341365055,True,True
0,1.446,6.91562933,0,0,1771341365600,True,True
0,1.44686,100.0,0,0,1771341366291,True,True
0,1.44699,818.09036579,0,0,1771341367296,False,True
0,1.44699,826.65482,0,0,1771341368539,False,True
0,1.447,6.91085004,0,0,1771341369954,True,True
0,1.44783,33.44717,0,0,1771341396030,True,True
0,1.44742,261.5625,0,0,1771341399553,True,True
0,1.44747,3756.02893756,0,0,1771341399553,True,True
0,1.4472,337.72882,0,0,1771341402535,True,True
0,1.448,6.90607735,0,0,1771341404366,True,True
0,1.44869,32.7294,0,0,1771341405497,True,True
0,1.44853,14.10034,0,0,1771341409589,True,True
0,1.44876,1100.0,0,0,1771341411342,True,True
0,1.44876,5.20680863,0,0,1771341414246,True,True
0,1.449,6.90131125,0,0,1771341418245,True,True
0,1.44939,8.2793451,0,0,1771341418245,True,True
0,1.4494,20.49778,0,0,1771341419006,True,True
0,1.4494,1118.8404079,0,0,1771341419987,True,True
0,1.4494,1927.2064491,0,0,1771341419988,True,True
0,1.4494,523.79143464,0,0,1771341419992,True,True
0,1.44954,1104.61679055,0,0,1771341419992,True,True
0,1.4496,3248.87385061,0,0,1771341419992,True,True
0,1.4496,340.98212577,0,0,1771341419994,True,True
0,1.44967,6074.82171004,0,0,1771341420000,True,True
0,1.44995,761.75103475,0,0,1771341421071,True,True
0,1.44995,5311.92338447,0,0,1771341421079,True,True
0,1.45,6.89655173,0,0,1771341421079,True,True
0,1.45014,5282.55895147,0,0,1771341421079,True,True
0,1.45014,3274.64274944,0,0,1771341421083,True,True
0,1.45038,761.75103475,0,0,1771341421741,False,True
0,1.4501,1500.0,0,0,1771341422011,True,True
0,1.4501,261.5625,0,0,1771341422011,True,True
0,1.45012,5967.36087834,0,0,1771341422011,True,True
0,1.45012,200.23912166,0,0,1771341422011,True,True
0,1.45036,261.5625,0,0,1771341422011,True,True
0,1.45036,800.0,0,0,1771341422011,True,True
0,1.45037,27.11380276,0,0,1771341422011,True,True
0,1.45037,800.0,0,0,1771341422011,True,True
0,1.45038,800.0,0,0,1771341422011,True,True
0,1.45039,3121.08457558,0,0,1771341422011,True,True
0,1.45039,9.54102051,0,0,1771341422011,True,True
0,1.44968,2000.0,0,0,1771341425121,False,True
0,1.44954,202.91954689,0,0,1771341428775,True,True
0,1.44953,9.19705142,0,0,1771341429191,False,True
0,1.44812,35.39314786,0,0,1771341439153,False,True
0,1.44812,261.5625,0,0,1771341439153,False,True
0,1.44804,5667.9883411,0,0,1771341439153,False,True
0,1.44766,66.81819,0,0,1771341448833,True,True
0,1.44751,2000.0,0,0,1771341449910,False,True
0,1.44788,228.56014,0,0,1771341452761,True,True
0,1.44841,4006.14466898,0,0,1771341455019,True,True
0,1.44753,261.5625,0,0,1771341455829,False,True
0,1.44753,4738.4375,0,0,1771341455829,False,True
0,1.44759,6170.6,0,0,1771341456621,True,True
0,1.4476,1500.0,0,0,1771341456621,True,True
0,1.44763,70.78629573,0,0,1771341456621,True,True
0,1.44764,6909.89652384,0,0,1771341456621,True,True
0,1.44778,261.5625,0,0,1771341456621,True,True
0,1.44778,30033.1,0,0,1771341456621,True,True
0,1.448,261.5625,0,0,1771341456621,True,True
0,1.44806,3968.51477264,0,0,1771341456621,True,True
0,1.44815,261.5625,0,0,1771341456621,True,True
0,1.44821,6725.40184276,0,0,1771341456621,True,True
0,1.44828,2578.74503289,0,0,1771341456621,True,True
0,1.44837,261.5625,0,0,1771341456621,True,True
0,1.44837,21403.39998033,0,0,1771341456621,True,True
0,1.44841,822.13762772,0,0,1771341456621,True,True
0,1.44852,21401.27746491,0,0,1771341456621,True,True
0,1.44853,2000.0,0,0,1771341456621,True,True
0,1.44856,261.5625,0,0,1771341456621,True,True
0,1.44872,50055.2,0,0,1771341456621,True,True
0,1.44876,1447.25345,0,0,1771341456621,True,True
0,1.44877,261.5625,0,0,1771341456621,True,True
0,1.44899,261.5625,0,0,1771341456621,True,True
0,1.449,30887.07599522,0,0,1771341456624,False,True
0,1.449,16844.764695,0,0,1771341456625,False,True
0,1.449,26952.62213207,0,0,1771341456627,False,True
0,1.449,268398.28668689,0,0,1771341456627,False,True
0,1.44809,261.5625,0,0,1771341457512,False,True
0,1.44809,261.5625,0,0,1771341457542,False,True
0,1.44796,552.8030303,0,0,1771341457669,True,True
0,1.448,748.53667475,0,0,1771341458892,True,True
0,1.448,300.31843554,0,0,1771341458897,True,True
0,1.448,150.15921777,0,0,1771341458899,True,True
0,1.448,150.15921777,0,0,1771341458900,True,True
0,1.448,150.8264,0,0,1771341458947,True,True
0,1.448,5.417e-05,0,0,1771341458947,True,True
0,1.44879,6.0,0,0,1771341460193,True,True
0,1.44879,54.2557,0,0,1771341460615,True,True
0,1.44879,1550.0,0,0,1771341460620,True,True
0,1.44879,1642.77957881,0,0,1771341460620,True,True
0,1.4488,1500.0,0,0,1771341460621,True,True
0,1.44885,6941.3998,0,0,1771341460625,True,True
0,1.44885,9.16e-06,0,0,1771341460713,True,True
0,1.44932,50.0,0,0,1771341461322,False,True
0,1.44933,9.20336798,0,0,1771341463206,True,True
0,1.44964,552.65486493,0,0,1771341463206,True,True
0,1.44978,0.76028,0,0,1771341472953,False,True
0,1.4499,6.39893,0,0,1771341473631,True,True
0,1.45039,2734.8153339,0,0,1771341477440,True,True
0,1.45039,1491.5140511,0,0,1771341477440,True,True
0,1.45039,1198.80810672,0,0,1771341477443,True,True
0,1.45074,91.83757742,0,0,1771341480907,True,True
0,1.45082,23.44333507,0,0,1771341485237,False,True
0,1.45089,11035.84293828,0,0,1771341487033,True,True
0,1.451,1.65,0,0,1771341487380,True,True
0,1.45156,172.32494695,0,0,1771341488711,True,True
0,1.45156,1470.0,0,0,1771341489817,False,True
0,1.45155,17.67372998,0,0,1771341489824,False,True
0,1.45159,11030.56801557,0,0,1771341491082,True,True
0,1.45161,6.88890267,0,0,1771341491082,True,True
0,1.4519,500.0,0,0,1771341491301,True,True
0,1.452,1.65,0,0,1771341491605,True,True
0,1.4525,2.96945147,0,0,1771341491644,True,True
0,1.45253,1497.03054853,0,0,1771341491644,False,True
0,1.45245,261.5625,0,0,1771341491644,False,True
0,1.45231,28076.81177978,0,0,1771341491644,False,True
0,1.45299,13.53392425,0,0,1771341491816,False,True
0,1.453,1.65,0,0,1771341492167,True,True
0,1.45305,159.77091226,0,0,1771341492167,True,True
0,1.45367,4.85150916,0,0,1771341493518,True,True
0,1.45385,1500.0,0,0,1771341493518,True,True
0,1.45399,261.5625,0,0,1771341493518,True,True
0,1.454,1.65,0,0,1771341493518,True,True
0,1.45429,261.5625,0,0,1771341493518,True,True
0,1.45439,3013.69035832,0,0,1771341493518,True,True
0,1.45439,600.50314466,0,0,1771341493518,True,True
0,1.45415,6.82079,0,0,1771341494280,True,True
0,1.45455,261.5625,0,0,1771341495523,True,True
0,1.45471,530.46203754,0,0,1771341495523,True,True
0,1.45471,4207.97546246,0,0,1771341495523,True,True
0,1.45471,2000.0,0,0,1771341495523,True,True
0,1.45471,137.13141452,0,0,1771341495523,True,True
0,1.45474,261.5625,0,0,1771341495523,True,True
0,1.45475,25.0,0,0,1771341495523,True,True
0,1.45475,430.8,0,0,1771341495523,True,True
0,1.45482,1500.0,0,0,1771341495523,True,True
0,1.45483,259.63837564,0,0,1771341495523,True,True
0,1.45489,261.5625,0,0,1771341495523,True,True
0,1.455,1.65,0,0,1771341495523,True,True
0,1.45501,1.65,0,0,1771341495523,True,True
0,1.45503,114.06076539,0,0,1771341495523,True,True
0,1.45503,6.9444,0,0,1771341495523,True,True
0,1.45503,4.445e-05,0,0,1771341495523,True,True
0,1.45503,2241.75479686,0,0,1771341495523,True,True
0,1.45504,261.5625,0,0,1771341495523,True,True
0,1.45511,9.17086234,0,0,1771341495523,True,True
0,1.45517,81.36506944,0,0,1771341495523,True,True
0,1.45518,2406.14677136,0,0,1771341495523,True,True
0,1.45518,5964.94398896,0,0,1771341495523,True,True
0,1.45518,5000.0,0,0,1771341495523,True,True
0,1.45344,13.48851,0,0,1771341499728,True,True
0,1.45275,261.5625,0,0,1771341513605,False,True
0,1.45265,70.78629573,0,0,1771341513605,False,True
0,1.45264,4667.65120427,0,0,1771341513605,False,True
0,1.45181,632.14344,0,0,1771341520091,True,True
0,1.452,700.43082,0,0,1771341520091,True,True
0,1.45302,66.74515,0,0,1771341531509,True,True
0,1.45302,40.38485362,0,0,1771341531882,True,True
0,1.45394,1.65,0,0,1771341543005,False,True
0,1.454,25.61518666,0,0,1771341545693,False,True
0,1.45265,1500.0,0,0,1771341557876,True,True
0,1.45281,35.39314786,0,0,1771341557876,True,True
0,1.45282,6883.17110359,0,0,1771341557876,True,True
0,1.4529,12092.11808783,0,0,1771341557876,True,True
0,1.4529,1196.7271817,0,0,1771341557876,True,True
0,1.4529,876.57427577,0,0,1771341557876,True,True
0,1.4529,2140.66976549,0,0,1771341557876,True,True
0,1.451,34.42885964,0,0,1771341574474,True,True
0,1.451,6.75387,0,0,1771341574774,True,True
0,1.45249,34.11782,0,0,1771341578723,True,True
0,1.45173,1.7325,0,0,1771341582393,False,True
0,1.45255,6.81633,0,0,1771341585744,True,True
0,1.45306,16.82532,0,0,1771341596097,True,True
0,1.4535,2000.0,0,0,1771341601417,False,True
0,1.45355,1500.0,0,0,1771341602527,True,True
0,1.45289,35.39314786,0,0,1771341607036,False,True
0,1.45288,6.88288089,0,0,1771341607036,False,True
0,1.45287,526.25205125,0,0,1771341607036,False,True
0,1.45196,105.83615491,0,0,1771341611279,True,True
0,1.45265,6.88596162,0,0,1771341617364,True,True
0,1.45266,73.82735838,0,0,1771341617364,True,True
0,1.45254,6.88449199,0,0,1771341617880,False,True
0,1.45246,6622.5,0,0,1771341617880,False,True
0,1.45245,2000.0,0,0,1771341617880,False,True
0,1.45236,6885.31941722,0,0,1771341617880,False,True
0,1.45235,26562.19197337,0,0,1771341617880,False,True
0,1.45233,6.88596162,0,0,1771341621679,True,True
0,1.45234,646.14307838,0,0,1771341621679,True,True
0,1.45271,6.88368635,0,0,1771341625964,False,True
0,1.4527,348.64874365,0,0,1771341625964,False,True
0,1.45271,13.34146,0,0,1771341626558,True,True
0,1.4523,203.12607588,0,0,1771341627227,True,True
0,1.45224,6.88591417,0,0,1771341628355,False,True
0,1.45213,6.88643578,0,0,1771341631302,False,True
0,1.45213,4993.11356422,0,0,1771341631302,False,True
0,1.45173,6.99102,0,0,1771341639528,True,True
0,1.45163,13.7776155,0,0,1771341640895,False,True
0,1.4515,6.88942473,0,0,1771341640895,False,True
0,1.45149,16.55608777,0,0,1771341640895,False,True
0,1.4515,389.88018,0,0,1771341642367,False,True
0,1.4515,48.7293,0,0,1771341644401,False,True
0,1.45042,6.89455468,0,0,1771341649654,False,True
0,1.45041,18.0258385,0,0,1771341649654,False,True
0,1.45081,11.0,0,0,1771341661538,True,True
0,1.45095,2.51394,0,0,1771341661538,True,True
0,1.45034,520.0,0,0,1771341666717,False,True
0,1.4504,334.56487,0,0,1771341667797,True,True
0,1.4511,2000.0,0,0,1771341683127,False,True
0,1.44974,10.0,0,0,1771341696806,False,True
0,1.44975,20.33454,0,0,1771341699156,True,True
0,1.451,3.3372,0,0,1771341714248,True,True
0,1.45085,1.81677,0,0,1771341717533,False,True
0,1.44974,9.05858981,0,0,1771341724623,False,True
0,1.4511,1629.0567211,0,0,1771341733802,True,True
0,1.4511,1228.0839399,0,0,1771341733802,True,True
0,1.4511,971.442439,0,0,1771341733803,True,True
0,1.45129,261.5625,0,0,1771341735217,False,True
0,1.45127,3738.4375,0,0,1771341735217,False,True
0,1.45185,6.88629352,0,0,1771341738890,True,True
0,1.45205,13.34348,0,0,1771341741637,True,True
0,1.45215,16.83818,0,0,1771341750498,True,True
0,1.45205,34.43407596,0,0,1771341750688,False,True
0,1.4516,261.5625,0,0,1771341751289,False,True
0,1.45159,6.99102,0,0,1771341751289,False,True
0,1.4515,794.23264,0,0,1771341751289,False,True
0,1.45031,12.67473,0,0,1771341759732,True,True
0,1.4496,38.8472,0,0,1771341766614,True,True
0,1.44968,128.40748,0,0,1771341768955,True,True
0,1.44966,552.03632399,0,0,1771341772708,False,True
0,1.44924,68.5,0,0,1771341775309,False,True
0,1.44992,3448.45763269,0,0,1771341784653,False,True
0,1.44979,6425.4,0,0,1771341784653,False,True
0,1.44974,448.27112516,0,0,1771341784653,False,True
0,1.45015,10.0,0,0,1771341788837,True,True
0,1.45015,3.846843,0,0,1771341789079,True,True
0,1.45095,6.76156,0,0,1771341789345,True,True
0,1.45154,70.78629573,0,0,1771341796248,True,True
0,1.45155,133.87214627,0,0,1771341796248,True,True
0,1.45021,9.18941333,0,0,1771341822045,False,True
0,1.44857,6.74759,0,0,1771341830549,True,True
0,1.44895,135.02159,0,0,1771341841049,True,True
0,1.44892,16.71516,0,0,1771341841424,True,True
0,1.44909,13.36733,0,0,1771341854171,True,True
0,1.44909,17.804277,0,0,1771341858061,True,True
0,1.44955,1500.0,0,0,1771341858061,True,True
0,1.44964,9.20066889,0,0,1771341858061,True,True
0,1.44994,3448.42513781,0,0,1771341858061,True,True
0,1.45,6165.0,0,0,1771341858061,True,True
0,1.45004,2571.59002868,0,0,1771341858061,True,True
0,1.45004,6896.38969077,0,0,1771341858061,True,True
0,1.45008,261.5625,0,0,1771341858061,True,True
0,1.45009,831.46323981,0,0,1771341858061,True,True
0,1.44931,6.76202,0,0,1771341882966,True,True
0,1.44984,20.99458,0,0,1771341898489,True,True
0,1.44976,1500.0,0,0,1771341901210,True,True
0,1.44993,18.014663,0,0,1771341901389,True,True
0,1.45035,10.0,0,0,1771341901714,True,True
0,1.45035,8.36798,0,0,1771341903805,True,True
0,1.45095,648.25547,0,0,1771341903805,True,True
0,1.45044,145.84099,0,0,1771341907231,False,True
0,1.44901,13.76111966,0,0,1771341923846,False,True
0,1.44857,13.80671973,0,0,1771341924024,False,True
0,1.44788,2581.51920464,0,0,1771341927173,True,True
0,1.44788,261.5625,0,0,1771341927173,True,True
0,1.44789,6164.7,0,0,1771341927173,True,True
0,1.4479,3453.28145805,0,0,1771341927173,True,True
0,1.44805,261.5625,0,0,1771341927173,True,True
0,1.44805,6905.86746095,0,0,1771341927173,True,True
0,1.44808,5371.50687636,0,0,1771341927173,True,True
0,1.44785,133.62901,0,0,1771341929676,True,True
0,1.44763,231.03673074,0,0,1771341931710,True,True
0,1.44764,64.75289,0,0,1771341931925,True,True
0,1.44733,70.78629573,0,0,1771341932123,False,True
0,1.44726,29.21370427,0,0,1771341932123,False,True
0,1.44725,233.82092045,0,0,1771341934359,True,True
0,1.44725,229.20011125,0,0,1771341936983,True,True
0,1.447,750.0,0,0,1771341938239,False,True
0,1.447,6.50028,0,0,1771341938333,False,True
0,1.44671,225.56941176,0,0,1771341938384,True,True
0,1.44671,239.48884994,0,0,1771341939799,True,True
0,1.44671,227.37766575,0,0,1771341941075,True,True
0,1.4467,1510.59445809,0,0,1771341941464,False,True
0,1.4467,715.09625368,0,0,1771341941468,False,True
0,1.4467,138.12860976,0,0,1771341941468,False,True
0,1.44656,3136.51413968,0,0,1771341942191,False,True
0,1.44656,3121.08457558,0,0,1771341942191,False,True
0,1.44656,9.54102051,0,0,1771341942191,False,True
0,1.44656,1415.79551837,0,0,1771341942191,False,True
0,1.446,33.46081,0,0,1771341944093,True,True
0,1.446,20.51551,0,0,1771341944529,True,True
0,1.446,231.96150338,0,0,1771341945066,True,True
0,1.446,230.11778711,0,0,1771341946387,True,True
0,1.44599,1319.01981553,0,0,1771341947182,False,True
0,1.44599,1045.87099732,0,0,1771341947182,False,True
0,1.44535,445.64305378,0,0,1771341947473,False,True
0,1.44535,1104.35694622,0,0,1771341947473,False,True
0,1.44535,94.4511605,0,0,1771341947477,False,True
0,1.44535,721.52751267,0,0,1771341947477,False,True
0,1.44528,2366.3093531,0,0,1771341947505,False,True
0,1.44515,259.63837564,0,0,1771341947505,False,True
0,1.44514,7690.10224916,0,0,1771341947505,False,True
0,1.44491,228.28674268,0,0,1771341949018,True,True
0,1.44495,235.69449057,0,0,1771341951341,True,True
0,1.44543,238.53414446,0,0,1771341954297,True,True
0,1.44525,234.7555444,0,0,1771341958203,True,True
0,1.44525,1265.2444556,0,0,1771341958390,True,True
0,1.44556,70.78629573,0,0,1771341958394,True,True
0,1.44586,165.85147717,0,0,1771341958394,True,True
0,1.44605,237.58378984,0,0,1771341962608,True,True
0,1.44565,232.88905258,0,0,1771341965051,True,True
0,1.44494,226.47139703,0,0,1771341969110,True,True
0,1.44477,59.23256,0,0,1771341970067,False,True
0,1.44494,6.76467,0,0,1771341970215,True,True
0,1.44495,240.44626484,0,0,1771341971254,True,True
0,1.44477,0.73519,0,0,1771341973138,True,True
0,1.44485,224.67169377,0,0,1771341974352,True,True
0,1.44476,59.3804,0,0,1771341976400,False,True
0,1.44477,241.40802997,0,0,1771341977153,True,True
0,1.44555,261.5625,0,0,1771341984450,False,True
0,1.44557,1.18114,0,0,1771342000193,False,True
0,1.44575,202.20932848,0,0,1771342005754,False,True
0,1.44575,44.25813364,0,0,1771342007752,False,True
0,1.44576,10.0,0,0,1771342008167,True,True
0,1.44576,9.449978,0,0,1771342008995,True,True
0,1.446,50.550022,0,0,1771342008995,True,True
0,1.446,1.31719791,0,0,1771342009058,True,True
0,1.44605,20.801494,0,0,1771342009058,True,True
0,1.44635,46.10238809,0,0,1771342009058,True,True
0,1.44621,0.99009901,0,0,1771342014409,False,True
0,1.44655,452.67697,0,0,1771342015484,True,True
0,1.44622,20.28264,0,0,1771342016369,True,True
0,1.44622,1470.0,0,0,1771342018552,True,True
0,1.44667,1500.0,0,0,1771342018896,True,True
0,1.44686,261.5625,0,0,1771342029777,False,True
0,1.44684,130.9837,0,0,1771342029777,False,True
0,1.44695,764.34349065,0,0,1771342032484,True,True
0,1.44695,300.32255162,0,0,1771342032484,True,True
0,1.44695,150.16122118,0,0,1771342032486,True,True
0,1.44695,150.16122119,0,0,1771342032492,True,True
0,1.44695,135.01151536,0,0,1771342032492,True,True
0,1.44735,1500.0,0,0,1771342035588,True,True
0,1.44775,1500.0,0,0,1771342036520,True,True
0,1.44785,16.465794,0,0,1771342036974,True,True
0,1.44815,83.534206,0,0,1771342036974,True,True
0,1.44808,141.0,0,0,1771342047754,False,True
0,1.44808,120.5625,0,0,1771342047780,False,True
0,1.44802,10.56363672,0,0,1771342047780,False,True
0,1.44798,868.87386328,0,0,1771342047780,False,True
0,1.44825,10.05566,0,0,1771342048791,True,True
0,1.44825,1489.0,0,0,1771342048977,True,True
0,1.44825,0.94434,0,0,1771342048993,True,True
0,1.44814,33.42824,0,0,1771342058700,True,True
0,1.44814,1460.0,0,0,1771342059295,True,True
0,1.44858,2.20814818,0,0,1771342062558,False,True
0,1.44813,20.0,0,0,1771342071181,False,True
0,1.44813,0.909725,0,0,1771342072308,False,True
0,1.44774,1036.09764184,0,0,1771342072625,True,True
0,1.44773,9.20339973,0,0,1771342073229,False,True
0,1.44725,1500.0,0,0,1771342092856,True,True
0,1.44785,34.50655624,0,0,1771342094424,True,True
0,1.44805,13.37406,0,0,1771342102110,True,True
0,1.44805,5.15361,0,0,1771342107035,True,True
0,1.44767,371.1170958,0,0,1771342114162,False,True
0,1.44711,10.0,0,0,1771342118458,False,True
0,1.44711,9.57004,0,0,1771342124937,False,True
0,1.44681,92.88907,0,0,1771342131343,True,True
0,1.44575,15.106346,0,0,1771342135300,False,True
0,1.44523,1742.70683206,0,0,1771342140143,False,True
0,1.44484,1.73995,0,0,1771342144584,True,True
0,1.44415,1203.0,0,0,1771342152607,True,True
0,1.44405,416.49805221,0,0,1771342153916,True,True
0,1.44405,33.58379,0,0,1771342156744,True,True
0,1.44405,138.20362922,0,0,1771342156867,True,True
0,1.44363,34.53015776,0,0,1771342165156,False,True
0,1.44363,46.91635821,0,0,1771342165156,False,True
0,1.44333,3.08364179,0,0,1771342165156,False,True
0,1.44404,20.0,0,0,1771342173851,True,True
0,1.44404,1.55065,0,0,1771342174082,True,True
0,1.44477,1500.0,0,0,1771342175821,True,True
0,1.44621,14.12,0,0,1771342187919,False,True
0,1.44679,14.929603,0,0,1771342200493,True,True
0,1.44801,67.63618,0,0,1771342202791,True,True
0,1.44705,1.36801,0,0,1771342224038,True,True
0,1.44705,6.91061124,0,0,1771342225198,False,True
0,1.44704,14.67191188,0,0,1771342225198,False,True
0,1.44739,6.90906635,0,0,1771342226677,True,True
0,1.4474,10.98645365,0,0,1771342226677,True,True
0,1.44691,1280.0,0,0,1771342227305,False,True
0,1.4467,1382.45662542,0,0,1771342230734,False,True
0,1.44725,48.33405,0,0,1771342241076,True,True
0,1.44693,6.77469,0,0,1771342243555,True,True
0,1.44622,9.21163383,0,0,1771342248421,False,True
0,1.44587,6.91101495,0,0,1771342248631,True,True
0,1.44588,93.53675505,0,0,1771342248631,True,True
0,1.44685,1500.0,0,0,1771342254726,True,True
0,1.44773,9.21660048,0,0,1771342258413,True,True
0,1.44785,8.98009952,0,0,1771342258413,True,True
0,1.44784,389.4,0,0,1771342259680,True,True
0,1.44785,185.83127538,0,0,1771342259680,True,True
0,1.44786,115.44989981,0,0,1771342259680,True,True
0,1.44759,65.03868,0,0,1771342264847,True,True
0,1.44761,920.0,0,0,1771342266054,False,True
0,1.44761,36.3713,0,0,1771342266251,False,True
0,1.44645,2.04339,0,0,1771342275039,True,True
0,1.44675,261.5625,0,0,1771342279240,False,True
0,1.44674,1069.88157,0,0,1771342279240,False,True
0,1.44682,6.69586,0,0,1771342280710,True,True
0,1.4466,64.90666,0,0,1771342281250,True,True
0,1.4466,64.90666,0,0,1771342281250,True,True
0,1.4466,1430.0,0,0,1771342282493,True,True
0,1.44723,6.84139,0,0,1771342291785,True,True
0,1.44736,387.70606,0,0,1771342298036,True,True
0,1.44731,10.07622,0,0,1771342300069,True,True
0,1.4479,8.22411,0,0,1771342305661,True,True
0,1.4481,1060.0,0,0,1771342327180,False,True
0,1.4481,660.0057098,0,0,1771342329303,False,True
0,1.44793,549.9942902,0,0,1771342329303,False,True
0,1.44775,15.720946,0,0,1771342331716,False,True
0,1.44728,6.83841,0,0,1771342342438,True,True
0,1.44702,33.44994,0,0,1771342345166,True,True
0,1.44747,261.5625,0,0,1771342349274,False,True
0,1.44746,1108.23744,0,0,1771342349274,False,True
0,1.44802,9.212875,0,0,1771342352146,True,True
0,1.44887,3450.96523497,0,0,1771342360524,True,True
0,1.44892,6901.69229495,0,0,1771342360524,True,True
0,1.44893,41.01258899,0,0,1771342360524,True,True
0,1.44895,673.308874,0,0,1771342360524,True,True
0,1.44903,261.5625,0,0,1771342360524,True,True
0,1.44907,2582.31006881,0,0,1771342360524,True,True
0,1.44913,1.0,0,0,1771342360524,True,True
0,1.44914,4767.08025159,0,0,1771342360524,True,True
0,1.448,6.0,0,0,1771342371431,False,True
0,1.44767,61.05286899,0,0,1771342371431,False,True
0,1.44765,824.67286101,0,0,1771342371431,False,True
0,1.44811,0.84000138,0,0,1771342378195,True,True
0,1.44779,17.08399,0,0,1771342381706,True,True
0,1.44778,18.925527,0,0,1771342382462,False,True
0,1.44781,261.5625,0,0,1771342385942,False,True
0,1.4478,1465.21919336,0,0,1771342385942,False,True
0,1.44775,6.90726991,0,0,1771342391882,False,True
0,1.44735,261.5625,0,0,1771342391994,True,True
0,1.44742,1433.0947,0,0,1771342391994,True,True
0,1.44616,1641.38822814,0,0,1771342396488,False,True
0,1.44613,18.587541,0,0,1771342396488,False,True
0,1.44595,65.08572,0,0,1771342397365,True,True
0,1.44576,1230.0,0,0,1771342400229,False,True
0,1.44555,210.0,0,0,1771342402395,False,True
0,1.44555,1.33132717,0,0,1771342402736,False,True
0,1.44531,11.73271283,0,0,1771342402736,False,True
0,1.444,1.38504156,0,0,1771342405022,False,True
0,1.443,0.26495844,0,0,1771342407066,False,True
0,1.443,1.12104295,0,0,1771342407066,False,True
0,1.44277,4.85150916,0,0,1771342407189,False,True
0,1.4425,220.98693,0,0,1771342407398,False,True
0,1.44251,1.23907,0,0,1771342408019,True,True
0,1.4425,4779.01307,0,0,1771342413036,False,True
0,1.4425,3493.90099336,0,0,1771342413036,False,True
0,1.44207,729.35619081,0,0,1771342413592,True,True
0,1.4445,14.8981517,0,0,1771342440197,False,True
0,1.44465,67.23735,0,0,1771342444045,True,True
0,1.44452,640.0,0,0,1771342448465,False,True
0,1.44455,640.0,0,0,1771342448612,False,True
0,1.44485,1500.0,0,0,1771342451887,True,True
0,1.44578,10.0,0,0,1771342459707,True,True
0,1.44578,5.189033,0,0,1771342459946,True,True
0,1.44605,393.15619461,0,0,1771342459946,True,True
0,1.44636,1110.0,0,0,1771342460301,True,True
0,1.44636,2.6762976,0,0,1771342461471,True,True
0,1.44677,261.5625,0,0,1771342462930,False,True
0,1.44676,32.9375,0,0,1771342462930,False,True
0,1.44739,201.27161,0,0,1771342466130,True,True
0,1.44681,10.0,0,0,1771342477570,False,True
0,1.44681,4.791161,0,0,1771342486185,False,True
0,1.44603,0.98542,0,0,1771342487637,True,True
0,1.44603,261.5625,0,0,1771342496947,False,True
0,1.44601,3457.77886046,0,0,1771342496947,False,True
0,1.44595,812.15466442,0,0,1771342496947,False,True
0,1.44836,552.32963392,0,0,1771342512232,True,True
0,1.44848,937.67036608,0,0,1771342512232,True,True
0,1.44848,8.6889,0,0,1771342512419,True,True
0,1.44848,4.628e-05,0,0,1771342512422,True,True
0,1.45011,450.3434,0,0,1771342513085,True,True
0,1.45011,4.89e-05,0,0,1771342513208,True,True
0,1.45056,1090.9677,0,0,1771342513231,True,True
0,1.45056,153.16531784,0,0,1771342513242,True,True
0,1.45056,150.11454074,0,0,1771342513244,True,True
0,1.45056,150.11454074,0,0,1771342513244,True,True
0,1.45056,150.11454074,0,0,1771342513245,True,True
0,1.45056,750.57270369,0,0,1771342513247,True,True
0,1.45056,750.5727037,0,0,1771342513247,True,True
0,1.45056,300.22908148,0,0,1771342513250,True,True
0,1.45056,300.22908147,0,0,1771342513251,True,True
0,1.45077,2068.6088,0,0,1771342513279,True,True
0,1.45167,64.90756,0,0,1771342513933,True,True
0,1.45176,13.50486,0,0,1771342513958,True,True
0,1.45051,261.5625,0,0,1771342515750,False,True
0,1.4505,1238.4375,0,0,1771342515750,False,True
0,1.45086,34.18,0,0,1771342518212,True,True
0,1.45065,10.7524211,0,0,1771342523191,True,True
0,1.45127,1.65,0,0,1771342525768,False,True
0,1.45129,3.19078,0,0,1771342527998,True,True
0,1.45045,34.13005,0,0,1771342529043,True,True
0,1.44992,9.18909667,0,0,1771342532178,False,True
0,1.44975,1500.0,0,0,1771342542498,True,True
0,1.44991,416.9,0,0,1771342542498,True,True
0,1.44879,30.90164896,0,0,1771342548904,True,True
0,1.44855,9.1970197,0,0,1771342551621,False,True
0,1.44821,7.0,0,0,1771342551621,False,True
0,1.44813,29.2883903,0,0,1771342551621,False,True
0,1.44811,6.69429,0,0,1771342553348,True,True
0,1.4486,20.7096507,0,0,1771342561858,True,True
0,1.44853,15.243039,0,0,1771342564263,True,True
0,1.44868,410.7,0,0,1771342564263,True,True
0,1.4488,300.0,0,0,1771342564263,True,True
0,1.44899,261.5625,0,0,1771342564263,True,True
0,1.449,1.65,0,0,1771342564263,True,True
0,1.449,1.65,0,0,1771342564263,True,True
0,1.44912,5008.57839771,0,0,1771342564263,True,True
0,1.44913,70.78629573,0,0,1771342564263,True,True
0,1.44913,2578.99510786,0,0,1771342564263,True,True
0,1.44914,261.5625,0,0,1771342564263,True,True
0,1.44915,18477.33390237,0,0,1771342564263,True,True
0,1.44829,1.0,0,0,1771342568625,False,True
0,1.44803,18.09449,0,0,1771342570118,False,True
0,1.44758,3.5,0,0,1771342573683,False,True
0,1.44787,37.0,0,0,1771342579772,False,True
0,1.44709,16.07443,0,0,1771342584975,True,True
0,1.44781,67.03078,0,0,1771342596035,True,True
0,1.44859,9171.19108516,0,0,1771342605725,True,True
0,1.44859,290.32766424,0,0,1771342605733,True,True
0,1.449,1.65,0,0,1771342606905,True,True
0,1.449,92.56201,0,0,1771342606905,True,True
0,1.44995,6.7982,0,0,1771342612900,True,True
0,1.44999,25.54897,0,0,1771342627536,True,True
0,1.45,1.65,0,0,1771342629321,True,True
0,1.45,19.172414,0,0,1771342629321,True,True
0,1.45009,12.168586,0,0,1771342629321,True,True
0,1.45007,12.86968,0,0,1771342631557,True,True
0,1.45064,30.02789,0,0,1771342646075,True,True
0,1.45083,92.86715,0,0,1771342652777,True,True
0,1.45064,14.00761,0,0,1771342657179,False,True
0,1.44912,2285.58687949,0,0,1771342669283,False,True
0,1.44847,69.78629573,0,0,1771342671748,False,True
0,1.44817,27.06743,0,0,1771342679853,True,True
0,1.4482,770.0,0,0,1771342681767,False,True
0,1.44871,261.5625,0,0,1771342682900,True,True
0,1.44873,70.78629573,0,0,1771342682900,True,True
0,1.44874,19.65120427,0,0,1771342682900,True,True
0,1.4486,21.81176,0,0,1771342684010,True,True
0,1.4482,1400.0,0,0,1771342685105,False,True
0,1.44824,0.96254099,0,0,1771342686974,True,True
0,1.44823,16.295754,0,0,1771342690251,False,True
0,1.4471,5.02786,0,0,1771342705812,True,True
0,1.4471,4.18819899,0,0,1771342708698,True,True
0,1.44701,70.78629573,0,0,1771342721189,False,True
0,1.44733,35.58276,0,0,1771342729249,False,True
0,1.44734,13.68164,0,0,1771342735948,True,True
0,1.44734,4.503444,0,0,1771342737350,True,True
0,1.44754,98.097166,0,0,1771342737350,True,True
0,1.4474,32.09968,0,0,1771342739382,True,True
0,1.44606,163.20726869,0,0,1771342745031,True,True
0,1.44605,10.0,0,0,1771342745437,False,True
0,1.44605,8.422599,0,0,1771342747122,False,True
0,1.44605,16.20236022,0,0,1771342747989,True,True
0,1.44606,4.42581912,0,0,1771342749528,True,True
0,1.44581,3458.28314398,0,0,1771342753342,True,True
0,1.4459,541.71685602,0,0,1771342753342,True,True
0,1.44568,35.56468643,0,0,1771342759505,True,True
0,1.44567,225.0,0,0,1771342762016,False,True
0,1.44559,198.52342335,0,0,1771342762458,False,True
0,1.44559,2167.00304838,0,0,1771342762458,False,True
0,1.44549,2365.9780156,0,0,1771342762491,False,True
0,1.44543,6497.58695159,0,0,1771342763317,False,True
0,1.44543,6514.43177977,0,0,1771342763317,False,True
0,1.44514,307.09827422,0,0,1771342776654,True,True
0,1.445,0.52895705,0,0,1771342778811,False,True
0,1.445,0.855126,0,0,1771342778811,False,True
0,1.44496,7691.25196201,0,0,1771342779517,False,True
0,1.44487,11933.64299815,0,0,1771342781030,False,True
0,1.44487,3119.36699218,0,0,1771342781578,False,True
0,1.44487,2571.83262398,0,0,1771342781582,False,True
0,1.44487,714.47303909,0,0,1771342781589,False,True
0,1.4447,752.60943,0,0,1771342785041,False,True
0,1.4447,11933.64299815,0,0,1771342785066,False,True
0,1.4447,331.4173216,0,0,1771342786076,False,True
0,1.44459,13.43882,0,0,1771342789745,True,True
0,1.44458,10236.10237334,0,0,1771342790270,False,True
0,1.44458,8107.74219459,0,0,1771342790286,False,True
0,1.44459,16.80189,0,0,1771342793296,True,True
0,1.44487,5.48783,0,0,1771342798112,False,True
0,1.44464,37.74188861,0,0,1771342802838,False,True
0,1.44464,223.82061139,0,0,1771342802841,False,True
0,1.44457,33.00425022,0,0,1771342802841,False,True
0,1.44456,6.92252312,0,0,1771342802841,False,True
0,1.44455,465.30878007,0,0,1771342802841,False,True
0,1.44455,490.17365273,0,0,1771342802844,False,True
0,1.44455,262.2663086,0,0,1771342802844,False,True
0,1.44438,6.92338581,0,0,1771342807053,False,True
0,1.44438,346.78533419,0,0,1771342807053,False,True
0,1.44488,20.458446,0,0,1771342814406,True,True
0,1.44587,1.0,0,0,1771342820676,True,True
0,1.44593,20.388262,0,0,1771342820676,True,True
0,1.446,1.65,0,0,1771342820676,True,True
0,1.44647,1250.0,0,0,1771342823957,False,True
0,1.447,1.65,0,0,1771342835505,True,True
0,1.44735,6.91000532,0,0,1771342853456,True,True
0,1.44736,2.1479133,0,0,1771342853456,True,True
0,1.44735,59.41314141,0,0,1771342853686,True,True
0,1.44736,6.91000574,0,0,1771342853686,True,True
0,1.4474,136.88940285,0,0,1771342853686,True,True
0,1.44731,6.91010817,0,0,1771342855070,True,True
0,1.44732,24.79738183,0,0,1771342855070,True,True
0,1.44713,9.20940694,0,0,1771342858368,False,True
0,1.44699,6.91089779,0,0,1771342858368,False,True
0,1.44698,18.87969527,0,0,1771342858368,False,True
0,1.44753,33.45757,0,0,1771342860289,True,True
0,1.448,1.65,0,0,1771342872031,True,True
0,1.44837,14.77523,0,0,1771342872031,True,True
0,1.44846,51.9315,0,0,1771342872031,True,True
0,1.44833,261.5625,0,0,1771342873430,False,True
0,1.4483,262.05251,0,0,1771342873430,False,True
0,1.448,13.50803,0,0,1771342887908,True,True
0,1.44844,66.54291,0,0,1771342891173,True,True
0,1.44852,1.0,0,0,1771342903749,True,True
0,1.44852,33.35836,0,0,1771342903749,True,True
0,1.44851,4.22503,0,0,1771342914756,False,True
0,1.44852,29.67021,0,0,1771342914759,True,True
0,1.44852,10.0,0,0,1771342917085,True,True
0,1.44852,1.94362173,0,0,1771342917191,True,True
0,1.44884,36.33941636,0,0,1771342923768,True,True
0,1.44884,167.22221,0,0,1771342926884,True,True
0,1.44878,632.14344,0,0,1771342927810,True,True
0,1.44882,873.95556664,0,0,1771342927810,True,True
0,1.44882,321.90099336,0,0,1771342927810,True,True
0,1.44851,21.594604,0,0,1771342931865,False,True
0,1.44805,35.99207739,0,0,1771342931865,False,True
0,1.4484,189.55621,0,0,1771342956770,True,True
0,1.449,1.65,0,0,1771342965881,True,True
0,1.44916,5.1029,0,0,1771342965881,True,True
0,1.44952,1.0,0,0,1771342974404,True,True
0,1.44962,78.51529,0,0,1771342974404,True,True
0,1.44962,32.06505,0,0,1771342977802,True,True
0,1.44962,1257.75542027,0,0,1771342978249,True,True
0,1.44962,714.47303909,0,0,1771342978249,True,True
0,1.44962,752.60943,0,0,1771342978249,True,True
0,1.44962,755.37158057,0,0,1771342978249,True,True
0,1.44962,1099.79053007,0,0,1771342978249,True,True
0,1.44962,5.06787298,0,0,1771342979267,True,True
0,1.44999,1035.08953524,0,0,1771342980293,False,True
0,1.45,1.65,0,0,1771342990303,True,True
0,1.45015,18.63205,0,0,1771342990303,True,True
0,1.45015,1080.0,0,0,1771342993153,True,True
0,1.45015,5.827689,0,0,1771342993230,True,True
0,1.4505,0.933111,0,0,1771342993230,True,True
0,1.4505,3580.0,0,0,1771342999253,True,True
0,1.45014,33.46562,0,0,1771343008292,True,True
0,1.44951,56.49715954,0,0,1771343012157,False,True
0,1.4495,3253.68786601,0,0,1771343012157,False,True
0,1.44952,3.44708721,0,0,1771343015825,True,True
0,1.4495,13.58627,0,0,1771343019067,True,True
0,1.44938,8.58603,0,0,1771343022294,False,True
0,1.44962,3378.53558717,0,0,1771343023407,False,True
0,1.4497,1430.0,0,0,1771343024100,False,True
0,1.44998,3.0,0,0,1771343030036,True,True
0,1.4498,7.12167,0,0,1771343032510,False,True
0,1.45012,3.5112,0,0,1771343035422,False,True
0,1.44998,426.01528,0,0,1771343040754,True,True
0,1.45006,261.5625,0,0,1771343040754,True,True
0,1.45007,1108.45289333,0,0,1771343040754,True,True
0,1.44917,10.0,0,0,1771343049341,False,True
0,1.45034,66.81819,0,0,1771343064578,True,True
0,1.45046,940.0,0,0,1771343068945,False,True
0,1.4505,7.69490978,0,0,1771343076763,True,True
0,1.4505,142.51867245,0,0,1771343076763,True,True
0,1.45057,4192.81155913,0,0,1771343076763,True,True
0,1.45057,331.4173216,0,0,1771343076763,True,True
0,1.45057,1548.51260041,0,0,1771343076763,True,True
0,1.45068,3673.49703308,0,0,1771343076763,True,True
0,1.45068,2390.0,0,0,1771343077018,True,True
0,1.45046,16.63572,0,0,1771343082705,False,True
0,1.45046,0.710501,0,0,1771343088765,False,True
0,1.45014,162.106719,0,0,1771343088765,False,True
0,1.45042,261.5625,0,0,1771343088933,True,True
0,1.45048,63.88191346,0,0,1771343088933,True,True
0,1.45049,12.44749654,0,0,1771343088933,True,True
0,1.45049,12.90562,0,0,1771343089712,True,True
0,1.45068,7.07552437,0,0,1771343095201,True,True
0,1.45068,1.73670288,0,0,1771343096253,True,True
0,1.451,1.65,0,0,1771343096253,True,True
0,1.45102,12.67372712,0,0,1771343096253,True,True
0,1.45102,2602.60678548,0,0,1771343102894,True,True
0,1.45102,5939.15033702,0,0,1771343102894,True,True
0,1.45168,6.75387,0,0,1771343117401,True,True
0,1.45122,31.40474746,0,0,1771343118105,False,True
0,1.4512,1310.87712254,0,0,1771343118105,False,True
0,1.4516,6.87177,0,0,1771343121005,True,True
0,1.45159,1.59442,0,0,1771343125035,True,True
0,1.45102,20.0,0,0,1771343129329,False,True
0,1.45102,0.123775,0,0,1771343129872,False,True
0,1.45082,35.39314787,0,0,1771343129872,False,True
0,1.45081,106.78793713,0,0,1771343129872,False,True
0,1.45086,2.5744,0,0,1771343132671,True,True
0,1.4515,770.0,0,0,1771343143709,False,True
0,1.452,1.65,0,0,1771343149499,True,True
0,1.45244,2000.0,0,0,1771343149563,False,True
0,1.45244,2000.0,0,0,1771343149563,False,True
0,1.453,1.65,0,0,1771343152868,True,True
0,1.4535,3439.97248022,0,0,1771343153874,False,True
0,1.4535,6951.97595368,0,0,1771343153874,False,True
0,1.45351,129.443031,0,0,1771343154039,True,True
0,1.45355,2135.6865819,0,0,1771343154039,True,True
0,1.45355,1445.4614757,0,0,1771343154039,True,True
0,1.45355,1101.89171003,0,0,1771343154039,True,True
0,1.45359,4.85150916,0,0,1771343154039,True,True
0,1.45394,6058.77878256,0,0,1771343154291,True,True
0,1.454,1.65,0,0,1771343154291,True,True
0,1.45401,3579.99838179,0,0,1771343154291,True,True
0,1.45401,1101.53796363,0,0,1771343154291,True,True
0,1.45444,8534.43516895,0,0,1771343164142,True,True
0,1.45451,6050.0,0,0,1771343164438,True,True
0,1.45361,50.0,0,0,1771343171759,True,True
0,1.4536,9.17051541,0,0,1771343171828,False,True
0,1.45296,261.5625,0,0,1771343174816,False,True
0,1.45284,6883.07040004,0,0,1771343174816,False,True
0,1.45278,8685.6,0,0,1771343174816,False,True
0,1.45268,261.5625,0,0,1771343174816,False,True
0,1.45261,1023.69931402,0,0,1771343174816,False,True
0,1.45254,2567.13124328,0,0,1771343174816,False,True
0,1.4525,261.5625,0,0,1771343174816,False,True
0,1.45247,354.75133422,0,0,1771343174816,False,True
0,1.45343,1.086,0,0,1771343177034,True,True
0,1.45331,261.5625,0,0,1771343178274,False,True
0,1.4533,1889.01212395,0,0,1771343178274,False,True
0,1.4533,1047.78228087,0,0,1771343178274,False,True
0,1.4533,206.9956209,0,0,1771343178274,False,True
0,1.4533,168.44125938,0,0,1771343178274,False,True
0,1.45329,64.75198,0,0,1771343179475,True,True
0,1.45294,7.12768,0,0,1771343191783,False,True
0,1.453,42.52082786,0,0,1771343196874,True,True
0,1.45304,157.97034983,0,0,1771343196874,True,True
0,1.45165,20.46864232,0,0,1771343208154,False,True
0,1.45168,66.70958,0,0,1771343210035,True,True
0,1.45179,261.5625,0,0,1771343215312,False,True
0,1.45176,1147.41574,0,0,1771343215312,False,True
0,1.45151,20.640574,0,0,1771343218856,False,True
0,1.45051,42.5208278,0,0,1771343223330,False,True
0,1.45083,14.7501,0,0,1771343230777,True,True
0,1.45083,7.7e-05,0,0,1771343230795,True,True
0,1.4516,9.18751371,0,0,1771343243118,True,True
0,1.45139,7.09606,0,0,1771343247964,False,True
0,1.45131,1.68393,0,0,1771343248737,True,True
0,1.45239,9.1852,0,0,1771343253374,True,True
0,1.45239,6.684e-05,0,0,1771343253385,True,True
0,1.45355,3.43985415,0,0,1771343253713,True,True
0,1.45304,13.47518,0,0,1771343255917,True,True
0,1.45251,9.99914,0,0,1771343274558,True,True
0,1.45289,315.50642288,0,0,1771343280831,True,True
0,1.45291,1500.0,0,0,1771343280831,True,True
0,1.45311,6153.2,0,0,1771343280831,True,True
0,1.45318,6881.46762783,0,0,1771343280831,True,True
0,1.45327,2567.52101714,0,0,1771343280831,True,True
0,1.45328,2657.11407018,0,0,1771343280831,True,True
0,1.45235,1240.33536,0,0,1771343289126,True,True
0,1.45189,1340.0,0,0,1771343291436,False,True
0,1.45203,6.0,0,0,1771343297076,True,True
0,1.45215,12.0,0,0,1771343297076,True,True
0,1.45092,206.89655172,0,0,1771343306436,False,True
0,1.45142,10.0,0,0,1771343308015,True,True
0,1.45065,6.69277,0,0,1771343330449,True,True
0,1.45064,32.74953,0,0,1771343330617,False,True
0,1.45115,1.70009992,0,0,1771343333228,True,True
0,1.45157,16.69119,0,0,1771343335396,True,True
0,1.45095,3.33594,0,0,1771343341167,True,True
0,1.45065,5.73391,0,0,1771343343029,True,True
0,1.45215,70.95521,0,0,1771343355376,False,True
0,1.45215,940.0,0,0,1771343355662,False,True
0,1.45135,2.42841591,0,0,1771343390144,True,True
0,1.45111,261.5625,0,0,1771343390921,False,True
0,1.45109,94.20873,0,0,1771343390921,False,True
0,1.45124,100.1205,0,0,1771343396000,False,True
0,1.44981,0.70126,0,0,1771343410116,True,True
0,1.44995,1500.0,0,0,1771343431246,True,True
0,1.45039,9.19619508,0,0,1771343431488,True,True
0,1.45056,6.89549155,0,0,1771343431488,True,True
0,1.45057,660.06420337,0,0,1771343431488,True,True
0,1.44948,71.20636,0,0,1771343445187,False,True
0,1.45,6.8962707,0,0,1771343449517,True,True
0,1.45005,1500.0,0,0,1771343449728,True,True
0,1.45075,1500.0,0,0,1771343455097,True,True
0,1.45,13.39644,0,0,1771343481187,True,True
0,1.45174,17.2482,0,0,1771343508232,True,True
0,1.45174,6.8e-05,0,0,1771343508251,True,True
0,1.45331,7.0625539,0,0,1771343510205,True,True
0,1.45331,8.1578741,0,0,1771343510211,True,True
0,1.45371,10966.910406,0,0,1771343510213,True,True
0,1.45406,38.58176204,0,0,1771343540428,True,True
0,1.45412,60.79952348,0,0,1771343540428,True,True
0,1.45401,16.726157,0,0,1771343542786,False,True
0,1.4533,14.229684,0,0,1771343545040,False,True
0,1.45259,9.17370174,0,0,1771343560074,False,True
0,1.45146,34.39499209,0,0,1771343562371,True,True
0,1.45144,33.35571,0,0,1771343567264,True,True
0,1.45156,1800.0,0,0,1771343576052,True,True
0,1.45156,2.88481409,0,0,1771343578171,True,True
0,1.45311,4.17903626,0,0,1771343589690,True,True
0,1.45311,5.00174012,0,0,1771343590429,True,True
0,1.45371,63.93287,0,0,1771343598470,True,True
0,1.45259,6.74927,0,0,1771343603033,True,True
0,1.4525,580.0,0,0,1771343612269,False,True
0,1.45333,7.01158837,0,0,1771343634749,True,True
0,1.45333,2.0,0,0,1771343650636,False,True
0,1.45423,261.5625,0,0,1771343666469,True,True
0,1.45424,8.0,0,0,1771343666469,True,True
0,1.45431,66.65489,0,0,1771343666469,True,True
0,1.45409,7.41557,0,0,1771343673042,True,True
0,1.45398,6.978911,0,0,1771343700322,False,True
0,1.45369,10.0,0,0,1771343702357,False,True
0,1.45369,6.977485,0,0,1771343702792,False,True
0,1.45358,14.44281676,0,0,1771343708819,True,True
0,1.45359,66.42734,0,0,1771343710596,True,True
0,1.45376,9.82280431,0,0,1771343715849,True,True
0,1.4544,261.5625,0,0,1771343726429,True,True
0,1.45441,71.46469,0,0,1771343726429,True,True
0,1.454,58.9953011,0,0,1771343726836,False,True
0,1.454,261.5625,0,0,1771343726836,False,True
0,1.45397,3679.4421989,0,0,1771343726836,False,True
0,1.45445,261.5625,0,0,1771343738996,False,True
0,1.45444,261.5625,0,0,1771343738996,False,True
0,1.45442,1627.44962395,0,0,1771343738996,False,True
0,1.45483,10.15818,0,0,1771343741489,True,True
0,1.45483,249.32441261,0,0,1771343744676,True,True
0,1.4549,32.11458019,0,0,1771343744676,True,True
0,1.45517,81.36506945,0,0,1771343744776,True,True
0,1.45548,271.48656602,0,0,1771343744872,False,True
0,1.45679,240.9252139,0,0,1771343749507,True,True
0,1.45731,6.64846,0,0,1771343764990,True,True
0,1.45629,334.1,0,0,1771343777660,True,True
0,1.4563,1169.59589,0,0,1771343777660,True,True
0,1.45619,3433.6178658,0,0,1771343781360,True,True
0,1.45619,2425.6056421,0,0,1771343781360,True,True
0,1.45534,70.5739,0,0,1771343803436,True,True
0,1.45555,6.72074,0,0,1771343818232,True,True
0,1.45522,17.30365,0,0,1771343838533,True,True
0,1.45539,17.999999,0,0,1771343841458,False,True
0,1.45558,33.66908,0,0,1771343843829,True,True
0,1.45594,171.423751,0,0,1771343851788,True,True
0,1.4557,2000.0,0,0,1771343867191,False,True
0,1.45569,167.92498,0,0,1771343867328,True,True
0,1.45568,33.66908,0,0,1771343867332,False,True
0,1.45497,343.64969724,0,0,1771343872138,False,True
0,1.4548,24.89417956,0,0,1771343872810,False,True
0,1.45387,2199.35416793,0,0,1771343874197,True,True
0,1.45374,1.65665617,0,0,1771343877751,True,True
0,1.45363,0.99141,0,0,1771343878237,True,True
0,1.45363,2.89204,0,0,1771343878269,True,True
0,1.45355,1500.0,0,0,1771343882381,True,True
0,1.45377,10.0,0,0,1771343886296,True,True
0,1.45377,3.839878,0,0,1771343889629,True,True
0,1.45454,29.874842,0,0,1771343889629,True,True
0,1.45465,48.26816,0,0,1771343903627,False,True
0,1.4552,6.23793,0,0,1771343920039,True,True
0,1.45509,7.0542348,0,0,1771343929444,True,True
0,1.45509,7.0542348,0,0,1771343929447,True,True
0,1.45508,261.5625,0,0,1771343930014,False,True
0,1.45508,68.96181426,0,0,1771343930014,False,True
0,1.45509,5.8215,0,0,1771343933396,True,True
0,1.45509,6.94e-05,0,0,1771343933475,True,True
0,1.45582,1.0356806,0,0,1771343933475,True,True
0,1.45637,16.20513669,0,0,1771343965040,False,True
0,1.45634,200.79486331,0,0,1771343965040,False,True
0,1.45605,3.66901,0,0,1771343968241,False,True
0,1.4563,9.06874787,0,0,1771343970362,False,True
0,1.45657,3.32538,0,0,1771343971444,True,True
0,1.45632,9.04513,0,0,1771343984763,True,True
0,1.45598,261.5625,0,0,1771343986389,False,True
0,1.45597,2361.61580831,0,0,1771343986389,False,True
0,1.45596,3408.32567798,0,0,1771343986389,False,True
0,1.45623,66.50539,0,0,1771343989080,True,True
0,1.45633,14.86505,0,0,1771343994713,True,True
0,1.45648,2.83046997,0,0,1771343999598,False,True
0,1.45717,14.576199,0,0,1771344004132,True,True
0,1.4579,20.11908208,0,0,1771344005184,True,True
0,1.4579,109.71519082,0,0,1771344012270,True,True
0,1.45792,6.85995588,0,0,1771344012270,True,True
0,1.45792,408.2,0,0,1771344012270,True,True
0,1.45793,577.07298184,0,0,1771344012270,True,True
0,1.45812,6.79663,0,0,1771344013300,True,True
0,1.45774,29.48049513,0,0,1771344019247,True,True
0,1.45849,6.85918972,0,0,1771344021978,True,True
0,1.4585,9.15196028,0,0,1771344021978,True,True
0,1.45849,6.85918972,0,0,1771344022934,True,True
0,1.4585,26.44466028,0,0,1771344022934,True,True
0,1.45844,6.85918972,0,0,1771344023744,True,True
0,1.45845,3378.50492518,0,0,1771344023744,True,True
0,1.45844,500.0,0,0,1771344026753,True,True
0,1.45844,500.0,0,0,1771344028909,True,True
0,1.45843,10.96504063,0,0,1771344029113,False,True
0,1.45801,6.85866352,0,0,1771344029113,False,True
0,1.458,332.00511585,0,0,1771344029113,False,True
0,1.45802,9.9854,0,0,1771344034953,True,True
0,1.45789,500.0,0,0,1771344039642,True,True
0,1.45788,10.39415976,0,0,1771344048313,False,True
0,1.45788,20.879633,0,0,1771344048313,False,True
0,1.45788,6.85927511,0,0,1771344048313,False,True
0,1.45758,173.85195213,0,0,1771344048313,False,True
0,1.45789,8.917,0,0,1771344049032,True,True
0,1.45874,6.85966832,0,0,1771344050328,True,True
0,1.45875,60.38766168,0,0,1771344050328,True,True
0,1.45875,274.54258891,0,0,1771344055312,True,True
0,1.45894,13.98562277,0,0,1771344058616,True,True
0,1.45912,3362.53582723,0,0,1771344058616,True,True
0,1.4589,1.65,0,0,1771344058815,False,True
0,1.45942,500.0,0,0,1771344060244,True,True
0,1.45952,6902.90784562,0,0,1771344060244,True,True
0,1.45952,16659.817099,0,0,1771344060259,True,True
0,1.45952,7722.6003811,0,0,1771344060259,True,True
0,1.45952,3990.67467428,0,0,1771344060259,True,True
0,1.45986,261.5625,0,0,1771344060816,True,True
0,1.45989,258.73781086,0,0,1771344060816,True,True
0,1.45997,6127.5,0,0,1771344060816,True,True
0,1.46,1.9395736,0,0,1771344060816,True,True
0,1.46,86.99507357,0,0,1771344060816,True,True
0,1.46004,261.5625,0,0,1771344060816,True,True
0,1.46008,22.79994858,0,0,1771344060816,True,True
0,1.46014,2583.53695389,0,0,1771344060816,True,True
0,1.46019,261.5625,0,0,1771344060816,True,True
0,1.46027,17238.94627073,0,0,1771344060816,True,True
0,1.45923,11.36206,0,0,1771344072172,False,True
0,1.45932,66.42283,0,0,1771344075824,False,True
0,1.46064,261.5625,0,0,1771344082318,False,True
0,1.46063,238.4375,0,0,1771344082318,False,True
0,1.461,81.04059942,0,0,1771344094127,True,True
0,1.461,48.95940058,0,0,1771344094127,True,True
0,1.461,5.79761516,0,0,1771344094914,True,True
0,1.46142,26.20054468,0,0,1771344094985,True,True
0,1.46142,13.71478832,0,0,1771344095224,True,True
0,1.46145,1095.91463044,0,0,1771344095224,True,True
0,1.46145,3560.37058124,0,0,1771344095224,True,True
0,1.46145,1.35196769,0,0,1771344095227,True,True
0,1.46165,6026.70571041,0,0,1771344095236,True,True
0,1.46172,1095.72325563,0,0,1771344095404,True,True
0,1.462,25.0,0,0,1771344099732,True,True
0,1.46223,8488.80776902,0,0,1771344099748,True,True
0,1.46231,129.443031,0,0,1771344099772,True,True
0,1.46238,6.83816792,0,0,1771344099772,True,True
0,1.46242,500.0,0,0,1771344099772,True,True
0,1.46248,1095.14831726,0,0,1771344099772,True,True
0,1.4625,1127.85529242,0,0,1771344099772,True,True
0,1.4625,1478.7184042,0,0,1771344099773,True,True
0,1.4625,952.60966123,0,0,1771344099774,True,True
0,1.46262,239.96537232,0,0,1771344099775,True,True
0,1.46276,25.0,0,0,1771344099775,True,True
0,1.46298,29.22581769,0,0,1771344099775,True,True
0,1.463,25.0,0,0,1771344099775,True,True
0,1.46308,158.67491436,0,0,1771344100206,True,True
0,1.46313,2957.16546504,0,0,1771344100206,True,True
0,1.46313,3063.47440338,0,0,1771344100207,True,True
0,1.46321,8505.54610156,0,0,1771344100207,True,True
0,1.46321,2440.41815961,0,0,1771344100209,True,True
0,1.46416,261.5625,0,0,1771344100830,True,True
0,1.4643,738.4375,0,0,1771344100830,True,True
0,1.4643,500.0,0,0,1771344100830,True,True
0,1.46424,261.5625,0,0,1771344101829,True,True
0,1.46436,738.4375,0,0,1771344101829,True,True
0,1.46423,261.5625,0,0,1771344103719,True,True
0,1.46424,300.0,0,0,1771344103719,True,True
0,1.46434,1055.54095,0,0,1771344103719,True,True
0,1.4644,1254.77790177,0,0,1771344106933,False,True
0,1.46441,9.50652743,0,0,1771344106945,True,True
0,1.46457,4.81539826,0,0,1771344106951,True,True
0,1.46496,257.68699489,0,0,1771344107296,True,True
0,1.46535,348.58502453,0,0,1771344108822,True,True
0,1.46535,300.31174792,0,0,1771344108822,True,True
0,1.46535,225.23381094,0,0,1771344108822,True,True
0,1.46535,56.92462345,0,0,1771344108822,True,True
0,1.46535,7.10783508,0,0,1771344108822,True,True
0,1.46535,7.10783508,0,0,1771344108822,True,True
0,1.46535,5.87396122,0,0,1771344108822,True,True
0,1.46543,500.0,0,0,1771344110417,True,True
0,1.46567,3411.42542895,0,0,1771344110417,True,True
0,1.4658,4689.5577903,0,0,1771344110417,True,True
0,1.46584,6.01928017,0,0,1771344111399,True,True
0,1.46615,535.53314846,0,0,1771344111457,True,True
0,1.46617,11162.15583529,0,0,1771344111457,True,True
0,1.46617,2354.74875286,0,0,1771344111539,True,True
0,1.4663,261.03970188,0,0,1771344111636,False,True
0,1.46673,128.66405892,0,0,1771344112222,True,True
0,1.46683,80.7181523,0,0,1771344112236,True,True
0,1.46693,500.0,0,0,1771344112239,True,True
0,1.4675,25.01,0,0,1771344112554,True,True
0,1.46779,51.5746,0,0,1771344112770,True,True
0,1.46779,8.221e-05,0,0,1771344112821,True,True
0,1.46824,146.1398,0,0,1771344113335,True,True
0,1.46824,6.887e-05,0,0,1771344113337,True,True
0,1.46832,30.56613113,0,0,1771344113337,True,True
0,1.46832,9.422e-05,0,0,1771344113418,True,True
0,1.46846,239.00987224,0,0,1771344113536,True,True
0,1.469,5.01885103,0,0,1771344113826,True,True
0,1.469,818.75971747,0,0,1771344115636,True,True
0,1.46958,5.01885103,0,0,1771344115636,True,True
0,1.46958,19.98114897,0,0,1771344115636,True,True
0,1.4696,261.5625,0,0,1771344115636,True,True
0,1.46986,261.5625,0,0,1771344115636,True,True
0,1.46999,270.63471747,0,0,1771344115636,True,True
0,1.46942,261.5625,0,0,1771344116065,True,True
0,1.46966,10.97801375,0,0,1771344116083,False,True
0,1.46999,1.01073,0,0,1771344116258,False,True
0,1.47,150.0,0,0,1771344116355,True,True
0,1.47,1.92441509,0,0,1771344116355,True,True
0,1.47007,256.79232804,0,0,1771344116359,True,True
0,1.47116,14.20028867,0,0,1771344116823,True,True
0,1.47096,559.7324,0,0,1771344116927,False,True
0,1.47096,880.5352,0,0,1771344116929,False,True
0,1.47096,559.7324,0,0,1771344116930,False,True
0,1.47076,1500.0,0,0,1771344117826,True,True
0,1.47076,261.5625,0,0,1771344117826,True,True
0,1.47113,261.5625,0,0,1771344117826,True,True
0,1.47113,1506.58541137,0,0,1771344117826,True,True
0,1.47116,113.68977087,0,0,1771344117826,True,True
0,1.47124,356.59981776,0,0,1771344117826,True,True
0,1.47095,509.8715509,0,0,1771344118158,True,True
0,1.4725,25.0,0,0,1771344119836,True,True
0,1.4727,80.39661,0,0,1771344120594,True,True
0,1.4729,50.0,0,0,1771344120674,True,True
0,1.47307,6.78854366,0,0,1771344120756,True,True
0,1.47291,1.84013017,0,0,1771344121609,False,True
0,1.47276,31.23014972,0,0,1771344121770,False,True
0,1.47276,14.76985028,0,0,1771344121770,False,True
0,1.47313,20.86325431,0,0,1771344121853,True,True
0,1.47319,157.5862898,0,0,1771344121853,True,True
0,1.4739,176.0,0,0,1771344123332,False,True
0,1.47391,261.5625,0,0,1771344123449,False,True
0,1.4739,1116.06205835,0,0,1771344123449,False,True
0,1.47434,238.057,0,0,1771344123775,True,True
0,1.47434,7.617e-05,0,0,1771344123776,True,True
0,1.47444,500.0,0,0,1771344123778,True,True
0,1.47462,261.5625,0,0,1771344124110,False,True
0,1.47454,295.07633,0,0,1771344124110,False,True
0,1.47432,1491.0562176,0,0,1771344124110,False,True
0,1.47432,783.35299999,0,0,1771344124110,False,True
0,1.47486,68.6164645,0,0,1771344124154,True,True
0,1.47515,33.87118,0,0,1771344125488,True,True
0,1.47342,632.14344,0,0,1771344126324,True,True
0,1.47399,261.5625,0,0,1771344126324,True,True
0,1.47468,1715.641252,0,0,1771344126324,True,True
0,1.47517,339.6,0,0,1771344126324,True,True
0,1.47518,261.5625,0,0,1771344126324,True,True
0,1.47519,255.90035944,0,0,1771344126324,True,True
0,1.47522,4.51701153,0,0,1771344126324,True,True
0,1.47546,4.77955987,0,0,1771344126324,True,True
0,1.47548,261.5625,0,0,1771344126324,True,True
0,1.47556,136.23016871,0,0,1771344126324,True,True
0,1.4756,128.2763289,0,0,1771344126324,True,True
0,1.47569,52179.18057788,0,0,1771344126324,True,True
0,1.47585,22.79994858,0,0,1771344126324,True,True
0,1.47591,261.5625,0,0,1771344126324,True,True
0,1.47606,261.5625,0,0,1771344126324,True,True
0,1.47607,17213.87362007,0,0,1771344126324,True,True
0,1.47607,8524.03071297,0,0,1771344126324,True,True
0,1.47607,313.6172,0,0,1771344126324,True,True
0,1.47607,15406.82568244,0,0,1771344126324,True,True
0,1.47607,10707.2345165,0,0,1771344126324,True,True
0,1.47631,261.5625,0,0,1771344126324,True,True
0,1.47634,25.0,0,0,1771344126324,True,True
0,1.4764,2785.49491421,0,0,1771344126324,True,True
0,1.4764,8524.03071297,0,0,1771344126324,True,True
0,1.4764,17348.71546,0,0,1771344126324,True,True
0,1.4764,1703.39481432,0,0,1771344126324,True,True
0,1.4764,18180.78499,0,0,1771344126324,True,True
0,1.4764,3636.15699,0,0,1771344126324,True,True
0,1.4764,6988.1221185,0,0,1771344126324,True,True
0,1.47661,261.5625,0,0,1771344126324,True,True
0,1.47676,261.5625,0,0,1771344126324,True,True
0,1.47706,261.5625,0,0,1771344126324,True,True
0,1.47719,1500.0,0,0,1771344126324,True,True
0,1.47736,261.5625,0,0,1771344126324,True,True
0,1.47741,71.70913024,0,0,1771344126324,True,True
0,1.47745,500.0,0,0,1771344126324,True,True
0,1.4775,25.0,0,0,1771344126324,True,True
0,1.47751,261.5625,0,0,1771344126324,True,True
0,1.47765,2282.13562802,0,0,1771344126324,True,True
0,1.47765,2662.11359524,0,0,1771344126324,True,True
0,1.47766,261.5625,0,0,1771344126324,True,True
0,1.47774,76.4232963,0,0,1771344126324,True,True
0,1.47781,261.5625,0,0,1771344126324,True,True
0,1.47796,261.5625,0,0,1771344126324,True,True
0,1.47798,9249.02662757,0,0,1771344126324,True,True
0,1.47798,1242.25985,0,0,1771344126324,True,True
0,1.47798,11178.85592947,0,0,1771344126324,True,True
0,1.47798,12747.38030446,0,0,1771344126324,True,True
0,1.478,4.68041902,0,0,1771344126324,True,True
0,1.47833,344.50293416,0,0,1771344126324,True,True
0,1.47837,17.6327302,0,0,1771344126324,True,True
0,1.47841,29.02311459,0,0,1771344126324,True,True
0,1.47852,1110.20399653,0,0,1771344126324,True,True
0,1.47852,650.14221862,0,0,1771344126324,True,True
0,1.47852,565.21691305,0,0,1771344126324,True,True
0,1.47854,2.91713597,0,0,1771344126324,True,True
0,1.47859,80.07652756,0,0,1771344126324,True,True
0,1.47859,5.96737543,0,0,1771344126324,True,True
0,1.47895,500.0,0,0,1771344126324,True,True
0,1.47984,446.27109232,0,0,1771344126324,True,True
0,1.47985,337.60224823,0,0,1771344126324,True,True
0,1.47985,462.10694305,0,0,1771344126324,True,True
0,1.48,12367.22672192,0,0,1771344126324,True,True
0,1.48,12230.22151626,0,0,1771344126324,True,True
0,1.48,3441.39263859,0,0,1771344126324,True,True
0,1.48,2988.08972378,0,0,1771344126324,True,True
0,1.48,230.59428134,0,0,1771344126324,True,True
0,1.48,2616.33996897,0,0,1771344126324,True,True
0,1.48,2027.0,0,0,1771344126324,True,True
0,1.48,26.50405887,0,0,1771344126324,True,True
0,1.48,133.81027,0,0,1771344126324,True,True
0,1.48,9665.32454545,0,0,1771344126324,True,True
0,1.48,5.29647,0,0,1771344126324,True,True
0,1.48,5465.42218049,0,0,1771344126324,True,True
0,1.48,2078.43581522,0,0,1771344126324,True,True
0,1.48,349.65,0,0,1771344126324,True,True
0,1.48006,127.12102212,0,0,1771344126324,True,True
0,1.48021,1656.2773872,0,0,1771344126324,True,True
0,1.48021,6644.5443938,0,0,1771344126324,True,True
0,1.48024,237.10862225,0,0,1771344126324,True,True
0,1.48033,255.01283167,0,0,1771344126324,True,True
0,1.48045,500.0,0,0,1771344126324,True,True
0,1.48054,2354.59100466,0,0,1771344126324,True,True
0,1.48054,14682.06974445,0,0,1771344126324,True,True
0,1.48054,13034.23193978,0,0,1771344126324,True,True
0,1.48054,8524.03071297,0,0,1771344126324,True,True
0,1.48054,8338.33467385,0,0,1771344126324,True,True
0,1.48054,8340.75783581,0,0,1771344126324,True,True
0,1.48054,3798.7805426,0,0,1771344126324,True,True
0,1.48057,11.70960187,0,0,1771344126324,True,True
0,1.48075,39.39439702,0,0,1771344126324,True,True
0,1.48162,678.44376494,0,0,1771344126324,True,True
0,1.48163,5483.58706171,0,0,1771344126324,True,True
0,1.48163,4516.41293829,0,0,1771344126324,True,True
0,1.48164,2814.23454348,0,0,1771344126324,True,True
0,1.48164,8043.96453276,0,0,1771344126324,True,True
0,1.48164,7973.98679212,0,0,1771344126324,True,True
0,1.48164,7068.12046589,0,0,1771344126324,True,True
0,1.48164,7118.10956515,0,0,1771344126324,True,True
0,1.48164,6997.05899384,0,0,1771344126324,True,True
0,1.48164,7188.64581663,0,0,1771344126324,True,True
0,1.48164,7351.02659174,0,0,1771344126324,True,True
0,1.48164,7507.55570464,0,0,1771344126324,True,True
0,1.48164,7040.4655399,0,0,1771344126324,True,True
0,1.48164,4923.33145385,0,0,1771344126324,True,True
0,1.48195,500.0,0,0,1771344126324,True,True
0,1.48233,2678.56931739,0,0,1771344126324,True,True
0,1.48233,7657.71762881,0,0,1771344126324,True,True
0,1.48233,7182.43915003,0,0,1771344126324,True,True
0,1.48233,6966.69695731,0,0,1771344126324,True,True
0,1.48233,7067.14853716,0,0,1771344126324,True,True
0,1.48233,7067.14838902,0,0,1771344126324,True,True
0,1.48233,7451.53752995,0,0,1771344126324,True,True
0,1.48233,7451.53752995,0,0,1771344126324,True,True
0,1.48233,7144.29655135,0,0,1771344126324,True,True
0,1.48233,4633.25013253,0,0,1771344126324,True,True
0,1.4825,25.49,0,0,1771344126324,True,True
0,1.48292,2584.5033402,0,0,1771344126324,True,True
0,1.48292,11200.07830167,0,0,1771344126324,True,True
0,1.48292,6215.41835813,0,0,1771344126324,True,True
0,1.48295,4093.49707896,0,0,1771344126324,True,True
0,1.48295,8463.14348448,0,0,1771344126324,True,True
0,1.48295,8804.88787797,0,0,1771344126324,True,True
0,1.48295,9646.7207512,0,0,1771344126324,True,True
0,1.48295,8364.98247751,0,0,1771344126324,True,True
0,1.48295,7426.18546157,0,0,1771344126324,True,True
0,1.483,35.25710344,0,0,1771344126324,True,True
0,1.483,296.27246144,0,0,1771344126324,True,True
0,1.483,1757.72753856,0,0,1771344126324,True,True
0,1.48331,49.77546945,0,0,1771344126324,True,True
0,1.48337,156.50504347,0,0,1771344126324,True,True
0,1.48348,9560.93369643,0,0,1771344126324,True,True
0,1.48348,12979.41230994,0,0,1771344126324,True,True
0,1.48348,8524.03071297,0,0,1771344126324,True,True
0,1.48348,163.21235,0,0,1771344126324,True,True
0,1.48348,9147.56437366,0,0,1771344126324,True,True
0,1.48348,8940.07769833,0,0,1771344126324,True,True
0,1.48348,5201.31878519,0,0,1771344126324,True,True
0,1.4845,79.75735892,0,0,1771344126324,True,True
0,1.48453,127.89005954,0,0,1771344126324,True,True
0,1.4849,29.22581769,0,0,1771344126324,True,True
0,1.48511,2843.5373217,0,0,1771344126324,True,True
0,1.48511,2535.55076391,0,0,1771344126324,True,True
0,1.4852,15.14947482,0,0,1771344126324,True,True
0,1.48521,7121.49908891,0,0,1771344126324,True,True
0,1.48521,7743.4480453,0,0,1771344126324,True,True
0,1.48521,6991.71807798,0,0,1771344126324,True,True
0,1.48521,0.83265,0,0,1771344126324,True,True
0,1.48521,33.33168,0,0,1771344126324,True,True
0,1.48521,13.51068,0,0,1771344126324,True,True
0,1.48521,7844.06648088,0,0,1771344126324,True,True
0,1.48521,9273.28648767,0,0,1771344126324,True,True
0,1.48521,9638.73967309,0,0,1771344126324,True,True
0,1.48521,8524.03071297,0,0,1771344126324,True,True
0,1.48521,11452.87227977,0,0,1771344126324,True,True
0,1.48521,16051.54555685,0,0,1771344126324,True,True
0,1.48521,77.6791189,0,0,1771344126324,True,True
0,1.48521,150.12921461,0,0,1771344126324,True,True
0,1.48521,75.06460731,0,0,1771344126324,True,True
0,1.48521,75.0646073,0,0,1771344126324,True,True
0,1.48521,150.12921462,0,0,1771344126324,True,True
0,1.48521,150.12921461,0,0,1771344126324,True,True
0,1.48521,8524.03071297,0,0,1771344126324,True,True
0,1.48521,13386.22126002,0,0,1771344126324,True,True
0,1.48521,7937.18036194,0,0,1771344126324,True,True
0,1.48521,7597.29673809,0,0,1771344126324,True,True
0,1.48521,8524.03071297,0,0,1771344126324,True,True
0,1.48521,7879.80415251,0,0,1771344126324,True,True
0,1.48521,8040.23372368,0,0,1771344126324,True,True
0,1.48521,0.83419,0,0,1771344126324,True,True
0,1.48521,8673.40041638,0,0,1771344126324,True,True
0,1.48521,6998.35984654,0,0,1771344126324,True,True
0,1.48521,5726.90848319,0,0,1771344126324,True,True
0,1.48548,254.12799452,0,0,1771344126324,True,True
0,1.48584,21.72172106,0,0,1771344126324,True,True
0,1.48584,7.51705177,0,0,1771344126324,True,True
0,1.48584,2.32213173,0,0,1771344126324,True,True
0,1.48616,236.16449736,0,0,1771344126324,True,True
0,1.48628,4.74399376,0,0,1771344126324,True,True
0,1.48646,500.0,0,0,1771344126324,True,True
0,1.48685,2.35289789,0,0,1771344126324,True,True
0,1.48705,9.50652743,0,0,1771344126324,True,True
0,1.48706,146.13986887,0,0,1771344126324,True,True
0,1.48727,28.85019483,0,0,1771344126324,True,True
0,1.4875,25.57,0,0,1771344126324,True,True
0,1.48832,1558.10535056,0,0,1771344126324,True,True
0,1.48832,2331.90542227,0,0,1771344126324,True,True
0,1.48841,13.70858294,0,0,1771344126324,True,True
0,1.48888,44.0,0,0,1771344126324,True,True
0,1.48902,126.73825385,0,0,1771344126324,True,True
0,1.48975,6238.09222663,0,0,1771344126324,True,True
0,1.48975,6056.96625476,0,0,1771344126324,True,True
0,1.49,250.0,0,0,1771344126324,True,True
0,1.49,1.90186335,0,0,1771344126324,True,True
0,1.49,826.38012013,0,0,1771344126324,True,True
0,1.49044,79.43964995,0,0,1771344126324,True,True
0,1.49066,253.24585593,0,0,1771344126324,True,True
0,1.49078,163.63886118,0,0,1771344126324,True,True
0,1.4914,2.583216,0,0,1771344126324,True,True
0,1.49143,641.362,0,0,1771344126324,True,True
0,1.49146,5.91588218,0,0,1771344126324,True,True
0,1.49162,22.79994858,0,0,1771344126324,True,True
0,1.4921,235.22310158,0,0,1771344126324,True,True
0,1.49226,20.10373527,0,0,1771344126324,True,True
0,1.4925,25.26,0,0,1771344126324,True,True
0,1.49324,50.6958897,0,0,1771344126324,True,True
0,1.49352,125.97537361,0,0,1771344126324,True,True
0,1.49362,155.43117803,0,0,1771344126324,True,True
0,1.49365,896.17036802,0,0,1771344126324,True,True
0,1.49365,9418.66702676,0,0,1771344126324,True,True
0,1.49365,6958.68029884,0,0,1771344126324,True,True
0,1.49365,9584.17562589,0,0,1771344126324,True,True
0,1.49365,1703.39481432,0,0,1771344126324,True,True
0,1.49365,3901.95436342,0,0,1771344126324,True,True
0,1.49479,6.68990293,0,0,1771344126324,True,True
0,1.495,8374.22606584,0,0,1771344126324,True,True
0,1.495,5084.77393416,0,0,1771344126324,True,True
0,1.495,41.08997174,0,0,1771344126324,True,True
0,1.4951,20.55670325,0,0,1771344126324,True,True
0,1.49585,252.36642352,0,0,1771344126324,True,True
0,1.49619,28.67816133,0,0,1771344126324,True,True
0,1.4964,79.1233961,0,0,1771344126324,True,True
0,1.49708,90.96001592,0,0,1771344126324,True,True
0,1.4975,10.01,0,0,1771344126324,True,True
0,1.49797,30.90716103,0,0,1771344126324,True,True
0,1.49803,126.35608655,0,0,1771344126324,True,True
0,1.49807,234.28603332,0,0,1771344126324,True,True
0,1.4981,3562.0501188,0,0,1771344126324,True,True
0,1.4981,1106.78377368,0,0,1771344126324,True,True
0,1.4981,3015.57765839,0,0,1771344126324,True,True
0,1.49907,5.89889145,0,0,1771344126324,True,True
0,1.5,5502.55416313,0,0,1771344126324,True,True
0,1.5,2.64982183,0,0,1771344126324,True,True
0,1.5,1494.79601504,0,0,1771344126324,True,True
0,1.5,3300.0,0,0,1771344126324,True,True
0,1.5,200.0,0,0,1771344126324,True,True
0,1.5,16.66666701,0,0,1771344126324,True,True
0,1.5,16.06792185,0,0,1771344126324,True,True
0,1.5,34.48275862,0,0,1771344126324,True,True
0,1.5,10.0,0,0,1771344126324,True,True
0,1.5,1712.88635056,0,0,1771344126324,True,True
0,1.5,2838.06990804,0,0,1771344126324,True,True
0,1.5,2257.19215929,0,0,1771344126324,True,True
0,1.5005,6.145329,0,0,1771344126324,True,True
0,1.50062,76.4232963,0,0,1771344126324,True,True
0,1.5009,2.238824,0,0,1771344126324,True,True
0,1.50106,251.49139122,0,0,1771344126324,True,True
0,1.50148,522.93124728,0,0,1771344126324,True,True
0,1.50238,78.80859279,0,0,1771344126324,True,True
0,1.5025,10.0,0,0,1771344126324,True,True
0,1.50256,125.97537361,0,0,1771344126324,True,True
0,1.50276,4.69228655,0,0,1771344126324,True,True
0,1.50312,274.55567411,0,0,1771344126324,True,True
0,1.50323,11.70960187,0,0,1771344126324,True,True
0,1.50393,154.36469399,0,0,1771344126324,True,True
0,1.50406,233.30651443,0,0,1771344126324,True,True
0,1.50414,16.84485304,0,0,1771344126324,True,True
0,1.50443,5.86488015,0,0,1771344126324,True,True
0,1.505,1688.58609889,0,0,1771344126324,True,True
0,1.50505,2.86575946,0,0,1771344126324,True,True
0,1.5051,9346.43650549,0,0,1771344126324,True,True
0,1.5051,5653.56349451,0,0,1771344126324,True,True
0,1.50518,28.50701908,0,0,1771344126324,True,True
0,1.50548,50.0,0,0,1771344126324,True,True
0,1.50552,9.99706185,0,0,1771344126324,True,True
0,1.50563,67.21420568,0,0,1771344126324,True,True
0,1.50588,146.13986887,0,0,1771344126324,True,True
0,1.50628,250.61905599,0,0,1771344126324,True,True
0,1.50655,103.69333632,0,0,1771344126324,True,True
0,1.5071,124.84024948,0,0,1771344126324,True,True
0,1.50715,29.22581769,0,0,1771344126324,True,True
0,1.5074,22.79994858,0,0,1771344126324,True,True
0,1.5075,10.0,0,0,1771344126324,True,True
0,1.50824,953.58020703,0,0,1771344126324,True,True
0,1.50835,1270.33941772,0,0,1771344126324,True,True
0,1.50835,1268.17252323,0,0,1771344126324,True,True
0,1.50835,1270.33941772,0,0,1771344126324,True,True
0,1.50835,1270.33941772,0,0,1771344126324,True,True
0,1.50838,78.49471084,0,0,1771344126324,True,True
0,1.50891,1267.7018712,0,0,1771344126324,True,True
0,1.50931,1267.3659055,0,0,1771344126324,True,True
0,1.50971,2.9807049,0,0,1771344126324,True,True
0,1.50986,47.78736195,0,0,1771344126324,True,True
0,1.51,87.73268955,0,0,1771344126324,True,True
0,1.51,331.12582781,0,0,1771344126324,True,True
0,1.51,989.0,0,0,1771344126324,True,True
0,1.51,740.0,0,0,1771344126324,True,True
0,1.51,839.22487678,0,0,1771344126324,True,True
0,1.51,7705.14041212,0,0,1771344126324,True,True
0,1.51,2035.69898612,0,0,1771344126324,True,True
0,1.51,3192.1092545,0,0,1771344126324,True,True
0,1.51,8876.08744484,0,0,1771344126324,True,True
0,1.51,6201.5328571,0,0,1771344126324,True,True
0,1.51,7798.43291545,0,0,1771344126324,True,True
0,1.51,159.6054627,0,0,1771344126324,True,True
0,1.51,10.47493277,0,0,1771344126324,True,True
0,1.51,7837.85225172,0,0,1771344126324,True,True
0,1.51,686.17846125,0,0,1771344126324,True,True
0,1.51,56.92462345,0,0,1771344126324,True,True
0,1.51,6582.45537082,0,0,1771344126324,True,True
0,1.51,4202.1920643,0,0,1771344126324,True,True
0,1.51,7872.49544565,0,0,1771344126324,True,True
0,1.51,56.92462345,0,0,1771344126324,True,True
0,1.51,420.89580941,0,0,1771344126324,True,True
0,1.51,8103.13490356,0,0,1771344126324,True,True
0,1.51,3083.89584564,0,0,1771344126324,True,True
0,1.51,4599.53498728,0,0,1771344126324,True,True
0,1.51,4922.92994746,0,0,1771344126324,True,True
0,1.51,4201.88707085,0,0,1771344126324,True,True
0,1.51,8802.8027392,0,0,1771344126324,True,True
0,1.51,1011.58871358,0,0,1771344126324,True,True
0,1.51005,9.50652743,0,0,1771344126324,True,True
0,1.51008,232.42327448,0,0,1771344126324,True,True
0,1.51016,952.36783387,0,0,1771344126324,True,True
0,1.5106,6984.85430994,0,0,1771344126324,True,True
0,1.5106,6015.14569006,0,0,1771344126324,True,True
0,1.51145,954.85261863,0,0,1771344126324,True,True
0,1.51145,18.08064856,0,0,1771344126324,True,True
0,1.51145,936.77197007,0,0,1771344126324,True,True
0,1.51152,249.74942471,0,0,1771344126324,True,True
0,1.51153,954.80207948,0,0,1771344126324,True,True
0,1.51165,125.59610955,0,0,1771344126324,True,True
0,1.51199,6439.27109488,0,0,1771344126324,True,True
0,1.51199,867.11001305,0,0,1771344126324,True,True
0,1.51199,87.73268955,0,0,1771344126344,True,True
0,1.47277,34.0105977,0,0,1771344126344,False,True
0,1.51199,3042.96551205,0,0,1771344126344,True,True
0,1.51199,7000.0,0,0,1771344126344,True,True
0,1.51199,2864.62271264,0,0,1771344126344,True,True
0,1.51199,1095.00041723,0,0,1771344126344,True,True
0,1.51199,990.61656571,0,0,1771344126344,True,True
0,1.51199,4994.10417548,0,0,1771344126344,True,True
0,1.51199,2619.15796799,0,0,1771344126344,True,True
0,1.51199,1335.85391305,0,0,1771344126345,True,True
0,1.47277,10.0,0,0,1771344126345,False,True
0,1.47342,800.0,0,0,1771344126373,False,True
0,1.47341,800.0,0,0,1771344126402,False,True
0,1.47295,1440.2676,0,0,1771344126723,True,True
0,1.47279,70.78629573,0,0,1771344126926,False,True
0,1.47278,2.33683817,0,0,1771344126926,False,True
0,1.47278,1e-07,0,0,1771344126926,False,True
0,1.47335,2678.56931739,0,0,1771344127519,False,True
0,1.47335,7657.71762881,0,0,1771344127519,False,True
0,1.47335,1820.7254935,0,0,1771344127519,False,True
0,1.47335,903.055905,0,0,1771344127520,False,True
0,1.47335,9560.93369643,0,0,1771344127520,False,True
0,1.47335,1342.37628887,0,0,1771344127520,False,True
0,1.47335,350.6465494,0,0,1771344127520,False,True
0,1.47355,4093.49707896,0,0,1771344127749,False,True
0,1.47355,5266.38634737,0,0,1771344127749,False,True
0,1.47355,3196.75713711,0,0,1771344127935,False,True
0,1.47355,4409.41253623,0,0,1771344127935,False,True
0,1.47355,1753.7137529,0,0,1771344128156,False,True
0,1.47355,1753.7137529,0,0,1771344128157,False,True
0,1.47355,888.04783594,0,0,1771344128159,False,True
0,1.47355,6718.12183749,0,0,1771344128159,False,True
0,1.47355,1753.7137529,0,0,1771344128159,False,True
0,1.47355,1174.88516081,0,0,1771344128160,False,True
0,1.47355,6431.28451262,0,0,1771344128160,False,True
0,1.47355,1933.69796489,0,0,1771344128162,False,True
0,1.47355,7145.04738337,0,0,1771344128162,False,True
0,1.47355,281.13807807,0,0,1771344128164,False,True
0,1.47355,1.3e-07,0,0,1771344128164,False,True
0,1.474,70.0,0,0,1771344128500,True,True
0,1.47336,800.0,0,0,1771344128553,False,True
0,1.47335,4108.01120213,0,0,1771344128553,False,True
0,1.47335,4108.01120213,0,0,1771344128553,False,True
0,1.47335,3106.91138614,0,0,1771344128553,False,True
0,1.47432,22.79994858,0,0,1771344128989,True,True
0,1.47431,458.3,0,0,1771344129171,True,True
0,1.47474,70.7862,0,0,1771344129336,True,True
0,1.47536,22.79994858,0,0,1771344129398,True,True
0,1.47507,146.13986887,0,0,1771344129747,True,True
0,1.47386,70.7862,0,0,1771344129937,False,True
0,1.47496,13.42343,0,0,1771344130260,True,True
0,1.47403,632.1434,0,0,1771344130407,True,True
0,1.47403,4e-05,0,0,1771344130409,True,True
0,1.47405,318.77036,0,0,1771344130409,True,True
0,1.47465,15.078,0,0,1771344130606,True,True
0,1.47466,70.78629573,0,0,1771344130606,True,True
0,1.47466,1023.93570427,0,0,1771344130606,True,True
0,1.47466,1.859e-05,0,0,1771344130607,True,True
0,1.47482,800.0,0,0,1771344130608,True,True
0,1.47496,800.0,0,0,1771344130609,True,True
0,1.47499,2047.8714,0,0,1771344130611,True,True
0,1.47499,4.572e-05,0,0,1771344130611,True,True
0,1.47504,75.8963,0,0,1771344130612,True,True
0,1.47504,365.4037,0,0,1771344130612,True,True
0,1.47505,800.0,0,0,1771344130612,True,True
0,1.47506,800.0,0,0,1771344130612,True,True
0,1.47507,82.4677,0,0,1771344130612,True,True
0,1.47507,571.39243113,0,0,1771344130614,True,True
0,1.47551,15.078,0,0,1771344131930,False,True
0,1.47551,11.882,0,0,1771344131930,False,True
0,1.4756,10.9051,0,0,1771344132431,False,True
0,1.47543,13.4727828,0,0,1771344133039,False,True
0,1.47542,70.78629573,0,0,1771344133827,False,True
0,1.47542,261.5625,0,0,1771344133827,False,True
0,1.47527,261.5625,0,0,1771344133827,False,True
0,1.47526,778.00215456,0,0,1771344133827,False,True
0,1.47526,3859.78557117,0,0,1771344133827,False,True
0,1.47526,1634.71363586,0,0,1771344133827,False,True
0,1.47526,6007.33764421,0,0,1771344133827,False,True
0,1.47526,4895.97234109,0,0,1771344133828,False,True
0,1.47526,2354.59100466,0,0,1771344133828,False,True
0,1.47526,3154.10153657,0,0,1771344133828,False,True
0,1.47526,6305.86674959,0,0,1771344133928,False,True
0,1.47526,778.00215456,0,0,1771344133928,False,True
0,1.47526,5432.4349013,0,0,1771344133928,False,True
0,1.47526,3002.84888028,0,0,1771344133928,False,True
0,1.47526,4064.29950874,0,0,1771344134111,False,True
0,1.47526,560.48505438,0,0,1771344134111,False,True
0,1.47526,733.72603577,0,0,1771344134111,False,True
0,1.47526,8524.03071297,0,0,1771344134111,False,True
0,1.47526,163.21235,0,0,1771344134111,False,True
0,1.47526,1482.34088656,0,0,1771344134111,False,True
0,1.47526,5222.10145829,0,0,1771344134111,False,True
0,1.47526,6363.66866799,0,0,1771344134111,False,True
0,1.47526,228.78916454,0,0,1771344134306,False,True
0,1.47526,2.10104144,0,0,1771344134306,False,True
0,1.47526,775.90111312,0,0,1771344134306,False,True
0,1.47526,6219.70125455,0,0,1771344134306,False,True
0,1.47526,671.35122102,0,0,1771344134430,False,True
0,1.47526,6169.01586913,0,0,1771344134430,False,True
0,1.47526,4070.93372271,0,0,1771344134430,False,True
0,1.47526,3594.28976439,0,0,1771344134433,False,True
0,1.47526,3238.0864982,0,0,1771344134433,False,True
0,1.47526,6441.77410725,0,0,1771344134433,False,True
0,1.47526,5372.78518357,0,0,1771344134433,False,True
0,1.47526,778.00215456,0,0,1771344134433,False,True
0,1.47526,228.78197475,0,0,1771344134433,False,True
0,1.47526,1053.73968607,0,0,1771344134436,False,True
0,1.47526,7144.29655135,0,0,1771344134436,False,True
0,1.47526,4633.25013253,0,0,1771344134436,False,True
0,1.47526,288.07983615,0,0,1771344134436,False,True
0,1.47526,5413.91136398,0,0,1771344134437,False,True
0,1.47526,4586.87421638,0,0,1771344134437,False,True
0,1.47526,614.44456879,0,0,1771344134466,False,True
0,1.47526,3151.2455294,0,0,1771344134466,False,True
0,1.47526,3116.29026998,0,0,1771344134466,False,True
0,1.47526,10.7255266,0,0,1771344134466,False,True
0,1.47526,1612.55240665,0,0,1771344134753,False,True
0,1.47526,2835.7848988,0,0,1771344134791,False,True
0,1.47526,762.98157182,0,0,1771344135142,False,True
0,1.47526,324.97908757,0,0,1771344135142,False,True
0,1.47526,636.21290961,0,0,1771344135142,False,True
0,1.47526,141.78924495,0,0,1771344135142,False,True
0,1.47526,1582.38432405,0,0,1771344135142,False,True
0,1.47526,6433.39442419,0,0,1771344135144,False,True
0,1.47526,1723.42939915,0,0,1771344135144,False,True
0,1.47526,117.4721417,0,0,1771344135387,False,True
0,1.47526,117.4721417,0,0,1771344135387,False,True
0,1.47526,71.0320714,0,0,1771344135403,False,True
0,1.47526,1420.6414284,0,0,1771344135404,False,True
0,1.47526,71.0320714,0,0,1771344135404,False,True
0,1.47526,277.70128883,0,0,1771344135998,False,True
0,1.47493,14232.69758124,0,0,1771344135998,False,True
0,1.47493,15311.90241876,0,0,1771344136002,False,True
0,1.47471,29.749239,0,0,1771344136217,False,True
0,1.47418,2370.85513624,0,0,1771344136449,True,True
0,1.47471,800.0,0,0,1771344136871,True,True
0,1.47472,800.0,0,0,1771344136871,True,True
0,1.47504,15.078,0,0,1771344136871,True,True
0,1.47505,800.0,0,0,1771344136871,True,True
0,1.47519,800.0,0,0,1771344136871,True,True
0,1.47526,800.0,0,0,1771344136871,True,True
0,1.47527,800.0,0,0,1771344136871,True,True
0,1.47551,70.78629573,0,0,1771344136871,True,True
0,1.47552,800.0,0,0,1771344136871,True,True
0,1.47553,800.0,0,0,1771344136871,True,True
0,1.47553,1141.80219989,0,0,1771344136871,True,True
0,1.47446,6.66958,0,0,1771344138942,False,True
0,1.47445,26.79,0,0,1771344139179,False,True
0,1.47446,155.55562253,0,0,1771344139502,True,True
0,1.47494,9.67654975,0,0,1771344139864,True,True
0,1.47497,154.48828462,0,0,1771344140638,True,True
0,1.47497,218.5489,0,0,1771344141331,True,True
0,1.47497,9.437e-05,0,0,1771344141849,True,True
0,1.47594,198.82,0,0,1771344141849,True,True
0,1.47598,26.79,0,0,1771344141849,True,True
0,1.47649,355.19504771,0,0,1771344141849,True,True
0,1.47693,618.53225659,0,0,1771344142268,False,True
0,1.47745,500.0,0,0,1771344144531,True,True
0,1.47837,79.51916912,0,0,1771344145126,True,True
0,1.47814,11.1447,0,0,1771344145862,False,True
0,1.47884,1.65,0,0,1771344146206,False,True
0,1.47868,26.78,0,0,1771344146357,False,True
0,1.47929,79.2025987,0,0,1771344146520,True,True
0,1.47855,9.3314,0,0,1771344146788,False,True
0,1.47855,14.697,0,0,1771344146990,False,True
0,1.47815,4.61421034,0,0,1771344147366,False,True
0,1.47883,78.88748027,0,0,1771344147838,True,True
0,1.47795,952.36783387,0,0,1771344148818,False,True
0,1.47795,1.21237316,0,0,1771344148840,False,True
0,1.47795,952.36783387,0,0,1771344148840,False,True
0,1.47744,506.91745002,0,0,1771344149009,False,True
0,1.47744,993.08254998,0,0,1771344149029,False,True
0,1.47685,78.57328413,0,0,1771344149361,True,True
0,1.47663,261.5625,0,0,1771344150508,True,True
0,1.47666,13.37809093,0,0,1771344150508,True,True
0,1.47662,506.89897125,0,0,1771344151031,False,True
0,1.47662,506.94095084,0,0,1771344152060,False,True
0,1.47662,256.49949563,0,0,1771344152072,False,True
0,1.47662,250.44551243,0,0,1771344152072,False,True
0,1.47662,506.9450033,0,0,1771344152087,False,True
0,1.47662,506.45239104,0,0,1771344152100,False,True
0,1.47662,6.49651095,0,0,1771344152144,False,True
0,1.47662,643.64570767,0,0,1771344152144,False,True
0,1.47662,626.69371005,0,0,1771344152882,False,True
0,1.47553,6.18308592,0,0,1771344153909,False,True
0,1.47563,253.39789467,0,0,1771344153926,True,True
0,1.4755,202.87234907,0,0,1771344155784,True,True
0,1.47546,10.23935722,0,0,1771344156181,True,True
0,1.47551,6.18308592,0,0,1771344156181,True,True
0,1.47568,252.51793429,0,0,1771344156541,True,True
0,1.4756,237.85811972,0,0,1771344156541,False,True
0,1.47537,251.64237665,0,0,1771344157892,True,True
0,1.47528,31.18989025,0,0,1771344159177,True,True
0,1.47546,116.03161049,0,0,1771344159177,True,True
0,1.47576,103.54801696,0,0,1771344159177,True,True
0,1.47518,67.78833769,0,0,1771344160971,False,True
0,1.47517,1288.51167588,0,0,1771344160971,False,True
0,1.47935,249.89936433,0,0,1771344164121,True,True
0,1.4791,4.69228655,0,0,1771344164357,True,True
0,1.47925,63.00404,0,0,1771344164831,True,True
0,1.479,2.31870519,0,0,1771344165327,False,True
0,1.479,58.81043612,0,0,1771344165664,False,True
0,1.4765,1.4761072,0,0,1771344167560,False,True
0,1.4761,989.4254,0,0,1771344172041,True,True
0,1.4761,1019.2855,0,0,1771344172042,True,True
0,1.4761,1025.5375,0,0,1771344172044,True,True
0,1.4756,5.38326056,0,0,1771344172064,False,True
0,1.47731,6.86036934,0,0,1771344175525,True,True
0,1.47743,23.96610569,0,0,1771344175525,True,True
0,1.47647,33.00002,0,0,1771344178606,True,True
0,1.47645,257.37410681,0,0,1771344184381,False,True
0,1.47639,16.38387323,0,0,1771344185596,True,True
0,1.47638,9.42977069,0,0,1771344185732,True,True
0,1.47565,725.6,0,0,1771344189255,True,True
0,1.47565,482.31445959,0,0,1771344189340,True,True
0,1.47565,271.12350434,0,0,1771344189340,True,True
0,1.47565,1909.29937893,0,0,1771344189342,True,True
0,1.47575,568.2594,0,0,1771344189343,True,True
0,1.47575,614.2749,0,0,1771344189344,True,True
0,1.47714,10.53526,0,0,1771344192374,True,True
0,1.47658,101.93233669,0,0,1771344192604,False,True
0,1.47635,17.64444,0,0,1771344193762,False,True
0,1.47662,632.14344,0,0,1771344196613,True,True
0,1.47706,1367.85656,0,0,1771344196613,True,True
0,1.47706,6.55697,0,0,1771344196729,True,True
0,1.47706,28.54126862,0,0,1771344196811,True,True
0,1.47661,12.58016,0,0,1771344200996,True,True
0,1.47658,28.71261646,0,0,1771344201566,True,True
0,1.47661,1.00256,0,0,1771344202032,True,True
0,1.47669,4.59644746,0,0,1771344207122,True,True
0,1.4767,4572.36383308,0,0,1771344207122,True,True
0,1.47697,1932.20769527,0,0,1771344207122,True,True
0,1.47662,6.99682,0,0,1771344209914,False,True
0,1.47659,199.21446,0,0,1771344210435,False,True
0,1.47704,3.0796198,0,0,1771344231447,True,True
0,1.47704,261.5625,0,0,1771344231447,True,True
0,1.4771,2735.3578802,0,0,1771344231447,True,True
0,1.47665,39.07572123,0,0,1771344236646,True,True
0,1.47666,62.6150824,0,0,1771344236646,True,True
0,1.47634,12.57795,0,0,1771344237510,True,True
0,1.47699,2745.57302836,0,0,1771344239010,True,True
0,1.47699,261.5625,0,0,1771344239010,True,True
0,1.477,2.06334526,0,0,1771344239010,True,True
0,1.477,261.5625,0,0,1771344239010,True,True
0,1.47701,2745.57302836,0,0,1771344239010,True,True
0,1.47701,3154.85668318,0,0,1771344239010,True,True
0,1.47701,290.32766424,0,0,1771344239010,True,True
0,1.47614,70.78629573,0,0,1771344239300,False,True
0,1.47613,5.38566427,0,0,1771344239300,False,True
0,1.47563,500.0,0,0,1771344248555,False,True
0,1.47513,4.74399376,0,0,1771344249231,False,True
0,1.47454,1080.31403535,0,0,1771344249538,False,True
0,1.4746,61.39207,0,0,1771344250297,True,True
0,1.47414,7.30363,0,0,1771344251088,True,True
0,1.47414,80.59473,0,0,1771344256231,True,True
0,1.47412,103.83871052,0,0,1771344256450,False,True
0,1.47412,261.5625,0,0,1771344257372,True,True
0,1.47414,2490.246534,0,0,1771344257372,True,True
0,1.47415,4248.190966,0,0,1771344257372,True,True
0,1.4739,1.45115117,0,0,1771344257510,True,True
0,1.47568,13.6018928,0,0,1771344271554,False,True
0,1.47536,499.00062485,0,0,1771344272856,False,True
0,1.47536,0.99937515,0,0,1771344272856,False,True
0,1.47461,72.32874873,0,0,1771344274755,False,True
0,1.47535,232.88905258,0,0,1771344277570,True,True
0,1.47674,235.69449057,0,0,1771344286654,True,True
0,1.47683,5.55961,0,0,1771344290178,True,True
0,1.47757,233.82092045,0,0,1771344294291,True,True
0,1.47798,5.01885103,0,0,1771344295156,True,True
0,1.47748,632.14344,0,0,1771344295497,False,True
0,1.47746,674.20825079,0,0,1771344295497,False,True
0,1.47797,65.56301,0,0,1771344295707,True,True
0,1.47799,500.0,0,0,1771344300591,False,True
0,1.47839,2000.0,0,0,1771344312650,True,True
0,1.47776,500.0,0,0,1771344313092,False,True
0,1.47706,7.0,0,0,1771344322208,True,True
0,1.47749,34.95734,0,0,1771344322447,False,True
0,1.47746,32.73342,0,0,1771344324581,True,True
0,1.47745,7234.59606789,0,0,1771344324800,False,True
0,1.47745,7075.39046842,0,0,1771344324971,False,True
0,1.47778,13.26171,0,0,1771344329101,True,True
0,1.47894,34.35134,0,0,1771344331294,False,True
0,1.47914,500.0,0,0,1771344335308,True,True
0,1.47872,5.0,0,0,1771344336567,True,True
0,1.47927,393.7,0,0,1771344337652,True,True
0,1.47939,15.078,0,0,1771344337652,True,True
0,1.4794,91.222,0,0,1771344337652,True,True
0,1.47957,44.36250335,0,0,1771344338847,True,True
0,1.48022,5177.83974026,0,0,1771344338847,True,True
0,1.47934,67.9412444,0,0,1771344338865,False,True
0,1.48045,500.0,0,0,1771344341428,True,True
0,1.48218,25.0,0,0,1771344341797,True,True
0,1.48234,270.09689726,0,0,1771344341797,True,True
0,1.48274,6849.88913537,0,0,1771344343349,True,True
0,1.48157,7273.1,0,0,1771344343451,False,True
0,1.48156,15.078,0,0,1771344343451,False,True
0,1.48084,261.5625,0,0,1771344344833,False,True
0,1.4808,263.4375,0,0,1771344344833,False,True
0,1.48149,4408.96852578,0,0,1771344345584,False,True
0,1.48215,261.5625,0,0,1771344345845,True,True
0,1.48216,15.078,0,0,1771344345845,True,True
0,1.48226,358.3,0,0,1771344345845,True,True
0,1.48227,6041.5,0,0,1771344345845,True,True
0,1.48241,2.76488266,0,0,1771344345845,True,True
0,1.48242,70.78629573,0,0,1771344345845,True,True
0,1.48242,234.57382534,0,0,1771344345845,True,True
0,1.48166,15.078,0,0,1771344346198,False,True
0,1.48244,68.40524,0,0,1771344350371,True,True
0,1.48237,10.11995616,0,0,1771344350733,False,True
0,1.48291,1.01561,0,0,1771344354950,False,True
0,1.4842,23.1678648,0,0,1771344355850,True,True
0,1.48451,269.6780718,0,0,1771344355850,True,True
0,1.48457,8.64820358,0,0,1771344355850,True,True
0,1.48457,252.91429642,0,0,1771344355850,True,True
0,1.48472,261.5625,0,0,1771344355850,True,True
0,1.48477,1536.02700265,0,0,1771344355850,True,True
0,1.48486,2315.6751965,0,0,1771344355850,True,True
0,1.48487,261.5625,0,0,1771344355850,True,True
0,1.48496,500.0,0,0,1771344355850,True,True
0,1.48517,261.5625,0,0,1771344355850,True,True
0,1.48532,261.5625,0,0,1771344355850,True,True
0,1.48541,778.83576709,0,0,1771344355850,True,True
0,1.48422,26.93,0,0,1771344356589,False,True
0,1.48409,5.09,0,0,1771344358914,False,True
0,1.4841,261.5625,0,0,1771344359056,False,True
0,1.48409,134.45709748,0,0,1771344359056,False,True
0,1.48409,42.12279703,0,0,1771344359056,False,True
0,1.48409,16.06444944,0,0,1771344359056,False,True
0,1.48409,77.10154052,0,0,1771344359056,False,True
0,1.48409,318.0060298,0,0,1771344359056,False,True
0,1.48474,261.5625,0,0,1771344361453,True,True
0,1.48488,453.3,0,0,1771344361453,True,True
0,1.48489,261.5625,0,0,1771344361453,True,True
0,1.48492,329.92669079,0,0,1771344361453,True,True
0,1.48422,53.90835579,0,0,1771344362415,False,True
0,1.48424,33.67252793,0,0,1771344362415,True,True
0,1.48371,1.65,0,0,1771344363359,False,True
0,1.48372,1.65,0,0,1771344363649,True,True
0,1.48371,26.41,0,0,1771344363818,False,True
0,1.48371,7251.34,0,0,1771344363940,False,True
0,1.48346,5.03,0,0,1771344366134,False,True
0,1.48506,5.09,0,0,1771344373380,False,True
0,1.48548,254.11157335,0,0,1771344373852,True,True
0,1.48579,3365.2219263,0,0,1771344373852,True,True
0,1.48586,1255.6376319,0,0,1771344373852,True,True
0,1.48588,6730.04974798,0,0,1771344373852,True,True
0,1.48619,25.0,0,0,1771344373852,True,True
0,1.48622,261.5625,0,0,1771344373852,True,True
0,1.48633,6728.01881869,0,0,1771344373852,True,True
0,1.48637,261.5625,0,0,1771344373852,True,True
0,1.48639,4551.7190956,0,0,1771344373852,True,True
0,1.48646,500.0,0,0,1771344373852,True,True
0,1.48651,10450.925389,0,0,1771344373852,True,True
0,1.48651,1000.0,0,0,1771344373852,True,True
0,1.48603,261.43171874,0,0,1771344374208,False,True
0,1.48512,22.7774567,0,0,1771344378947,False,True
0,1.48512,22.7774567,0,0,1771344378952,False,True
0,1.4847,16.91570255,0,0,1771344379659,False,True
0,1.48544,15.078,0,0,1771344380430,True,True
0,1.48553,4.47074,0,0,1771344380430,True,True
0,1.48433,15.078,0,0,1771344385592,False,True
0,1.48471,126.50870197,0,0,1771344388297,True,True
0,1.48379,158.00111443,0,0,1771344392232,False,True
0,1.48379,0.31643725,0,0,1771344392235,False,True
0,1.48319,7221.0170387,0,0,1771344392438,False,True
0,1.4838,84.3569741,0,0,1771344392490,True,True
0,1.48319,811.72994584,0,0,1771344392930,False,True
0,1.48237,5.12,0,0,1771344394702,False,True
0,1.48213,204.14537768,0,0,1771344398893,True,True
0,1.48088,26.53856973,0,0,1771344401409,False,True
0,1.48088,44.247726,0,0,1771344402103,False,True
0,1.48088,25.433814,0,0,1771344402103,False,True
0,1.48088,2.63405411,0,0,1771344402168,False,True
0,1.48088,9.34604425,0,0,1771344402241,False,True
0,1.48121,70.78629573,0,0,1771344405057,True,True
0,1.48122,1939.37081897,0,0,1771344405057,True,True
0,1.48201,339.0993644,0,0,1771344409566,True,True
0,1.48153,6.7138,0,0,1771344418497,True,True
0,1.48153,205.6026936,0,0,1771344418944,True,True
0,1.48125,61.47732074,0,0,1771344419779,False,True
0,1.48126,91.12239,0,0,1771344420336,False,True
0,1.48126,261.5625,0,0,1771344420336,False,True
0,1.48114,352.21661673,0,0,1771344420336,False,True
0,1.4817,34.76405,0,0,1771344424685,False,True
0,1.48333,231.15258131,0,0,1771344432395,False,True
0,1.48388,2346.5744,0,0,1771344436360,True,True
0,1.48388,1022.97030711,0,0,1771344436360,True,True
0,1.48394,6738.82923484,0,0,1771344436361,True,True
0,1.48462,1025.18012849,0,0,1771344440068,False,True
0,1.48447,8.354336,0,0,1771344441541,False,True
0,1.48406,122.75379,0,0,1771344449837,False,True
0,1.48404,3329.29623857,0,0,1771344451441,False,True
0,1.48404,3097.83748559,0,0,1771344451464,False,True
0,1.48474,984.97698621,0,0,1771344464671,False,True
0,1.48382,62.62466,0,0,1771344468618,True,True
0,1.48444,506.81582501,0,0,1771344469116,True,True
0,1.48356,2540.22953764,0,0,1771344485355,False,True
0,1.48357,70.78629573,0,0,1771344486284,False,True
0,1.48489,26.96199033,0,0,1771344499480,True,True
0,1.48489,160.46514759,0,0,1771344499491,True,True
0,1.48461,17706.5094,0,0,1771344500661,False,True
0,1.48461,1847.997083,0,0,1771344500662,False,True
0,1.48443,261.5625,0,0,1771344500662,False,True
0,1.48147,65.94396,0,0,1771344511650,True,True
0,1.48148,48.8537,0,0,1771344513562,True,True
0,1.48103,742.72634585,0,0,1771344519325,False,True
0,1.48104,231.95958,0,0,1771344520951,True,True
0,1.48123,200.12698,0,0,1771344536463,True,True
0,1.48,337.83783783,0,0,1771344543870,False,True
0,1.47994,8.55976,0,0,1771344547103,True,True
0,1.47954,500.0,0,0,1771344547191,False,True
0,1.47893,1095.91463044,0,0,1771344547548,False,True
0,1.47893,317.68207375,0,0,1771344547548,False,True
0,1.48124,329.63462,0,0,1771344562593,True,True
0,1.4788,1.31868651,0,0,1771344566501,True,True
0,1.47979,9.94306,0,0,1771344575383,True,True
0,1.4792,632.14344,0,0,1771344576764,False,True
0,1.4792,261.5625,0,0,1771344576764,False,True
0,1.47914,67.60685263,0,0,1771344576764,False,True
0,1.47914,6725.40184276,0,0,1771344576764,False,True
0,1.47913,5514.77400464,0,0,1771344576764,False,True
0,1.48052,8.56505356,0,0,1771344584567,False,True
0,1.48073,3376.71535612,0,0,1771344592479,True,True
0,1.48077,4.91104592,0,0,1771344592479,True,True
0,1.48095,60.84323573,0,0,1771344596153,True,True
0,1.48215,6.74816111,0,0,1771344606412,True,True
0,1.48216,155.87699889,0,0,1771344606412,True,True
0,1.48152,0.65345,0,0,1771344612127,True,True
0,1.48034,7.13148378,0,0,1771344621165,True,True
0,1.47954,500.0,0,0,1771344625077,False,True
0,1.47958,70.7862,0,0,1771344631380,False,True
0,1.47958,9.573e-05,0,0,1771344631389,False,True
0,1.47939,500.0,0,0,1771344631391,False,True
0,1.4792,1183.41156922,0,0,1771344631406,False,True
0,1.4792,816.58843078,0,0,1771344631408,False,True
0,1.47877,1415.01824656,0,0,1771344638238,False,True
0,1.47875,500.0,0,0,1771344638238,False,True
0,1.47854,500.0,0,0,1771344643438,False,True
0,1.47852,1827.67026093,0,0,1771344643438,False,True
0,1.47852,1.35196769,0,0,1771344643438,False,True
0,1.47852,1000.27400995,0,0,1771344643438,False,True
0,1.47853,518.54580468,0,0,1771344660647,True,True
0,1.47853,216.8998346,0,0,1771344660671,True,True
0,1.47853,162.67453439,0,0,1771344660675,True,True
0,1.47853,108.44991729,0,0,1771344660676,True,True
0,1.47853,162.67453439,0,0,1771344660687,True,True
0,1.47853,1.99773253,0,0,1771344674817,True,True
0,1.47852,12.696305,0,0,1771344679472,False,True
0,1.47853,66.13214,0,0,1771344683790,True,True
0,1.47852,3.18444061,0,0,1771344684382,False,True
0,1.4784,500.0,0,0,1771344686062,False,True
0,1.47828,500.0,0,0,1771344686088,False,True
0,1.47826,1415.35466481,0,0,1771344686098,False,True
0,1.47824,500.0,0,0,1771344686098,False,True
0,1.47824,500.0,0,0,1771344686098,False,True
0,1.47783,261.5625,0,0,1771344689708,False,True
0,1.47779,2738.4375,0,0,1771344689708,False,True
0,1.47778,500.0,0,0,1771344715181,False,True
0,1.47773,1415.85388745,0,0,1771344715307,False,True
0,1.47745,500.0,0,0,1771344715697,False,True
0,1.47717,500.0,0,0,1771344719053,False,True
0,1.47678,500.0,0,0,1771344720077,False,True
0,1.47671,236.6377729,0,0,1771344720117,False,True
0,1.47671,500.0,0,0,1771344720117,False,True
0,1.47625,403.48109873,0,0,1771344723885,True,True
0,1.47625,216.89934661,0,0,1771344723889,True,True
0,1.47598,10.73592,0,0,1771344735128,False,True
0,1.47598,444.19580945,0,0,1771344735128,False,True
0,1.47598,13.451851,0,0,1771344738034,False,True
0,1.47599,655.13782,0,0,1771344738421,True,True
0,1.47598,3.697076,0,0,1771344739098,False,True
0,1.47598,482.77196218,0,0,1771344739562,False,True
0,1.47597,1267.7018712,0,0,1771344739562,False,True
0,1.47597,18.08064856,0,0,1771344739562,False,True
0,1.47597,936.77197007,0,0,1771344739562,False,True
0,1.47596,0.47065203,0,0,1771344739562,False,True
0,1.47596,1266.89525347,0,0,1771344739562,False,True
0,1.47595,954.80207948,0,0,1771344739562,False,True
0,1.47595,0.80661773,0,0,1771344739562,False,True
0,1.47595,520.98986395,0,0,1771344739562,False,True
0,1.47595,746.37604155,0,0,1771344739930,False,True
0,1.47584,55.82838,0,0,1771344741107,False,True
0,1.47562,363.65605958,0,0,1771344742394,True,True
0,1.4756,254.28056286,0,0,1771344744758,False,True
0,1.47544,1405.51871276,0,0,1771344744814,False,True
0,1.47538,789.70443544,0,0,1771344747221,False,True
0,1.47538,1095.72325563,0,0,1771344747221,False,True
0,1.47538,2678.71977728,0,0,1771344747221,False,True
0,1.47538,1404.32749871,0,0,1771344747221,False,True
0,1.47531,4405.76049303,0,0,1771344747653,False,True
0,1.47531,162.3130338,0,0,1771344747653,False,True
0,1.47513,500.0,0,0,1771344747732,False,True
0,1.47488,14.733516,0,0,1771344749666,False,True
0,1.4758,5.375217,0,0,1771344750335,False,True
0,1.4758,5.3778,0,0,1771344750538,False,True
0,1.476,7.143735,0,0,1771344750662,False,True
0,1.4763,130.74193467,0,0,1771344751754,True,True
0,1.4763,110.98500217,0,0,1771344751832,True,True
0,1.4763,172.44806816,0,0,1771344751948,True,True
0,1.47608,8.365868,0,0,1771344758368,False,True
0,1.47698,100.41597225,0,0,1771344766699,True,True
0,1.47675,6.97637103,0,0,1771344768465,False,True
0,1.47721,67.60685263,0,0,1771344773368,True,True
0,1.47722,261.5625,0,0,1771344773368,True,True
0,1.47734,6053.0,0,0,1771344773368,True,True
0,1.47741,67.50319688,0,0,1771344773368,True,True
0,1.47742,4063.0083575,0,0,1771344773368,True,True
0,1.47743,261.5625,0,0,1771344773368,True,True
0,1.47743,2071.91483749,0,0,1771344773368,True,True
0,1.47646,67.50319688,0,0,1771344775046,False,True
0,1.47631,27.65495942,0,0,1771344775046,False,True
0,1.47604,45.88923153,0,0,1771344777796,False,True
0,1.47637,300.0,0,0,1771344786811,True,True
0,1.47637,261.5625,0,0,1771344786811,True,True
0,1.47636,156.60420354,0,0,1771344786852,True,True
0,1.47636,110.70502189,0,0,1771344786867,True,True
0,1.47661,67.72268913,0,0,1771344796568,False,True
0,1.47661,261.5625,0,0,1771344796568,False,True
0,1.4766,1364.14902773,0,0,1771344796568,False,True
0,1.47628,5.0,0,0,1771344798580,False,True
0,1.4755,8.0,0,0,1771344799157,True,True
0,1.4765,162.65969406,0,0,1771344803136,True,True
0,1.4765,54.21989801,0,0,1771344803137,True,True
0,1.47742,40.66806,0,0,1771344803850,True,True
0,1.47641,260.0,0,0,1771344805049,False,True
0,1.47678,261.5625,0,0,1771344810421,True,True
0,1.47692,238.4375,0,0,1771344810421,True,True
0,1.47677,48.98770409,0,0,1771344819069,True,True
0,1.47683,32.79438,0,0,1771344819546,True,True
0,1.47779,6120.0,0,0,1771344828161,True,True
0,1.47779,0.65758,0,0,1771344830742,True,True
0,1.47779,4.41934735,0,0,1771344830831,True,True
0,1.47836,938.13704958,0,0,1771344835056,True,True
0,1.47895,15.078,0,0,1771344837757,True,True
0,1.47947,130.78304169,0,0,1771344837766,True,True
0,1.47967,110.50002,0,0,1771344839560,True,True
0,1.48044,37.99191573,0,0,1771344840707,True,True
0,1.48045,60.34,0,0,1771344840707,True,True
0,1.48065,401.66808427,0,0,1771344840707,True,True
0,1.48014,70.78629573,0,0,1771344842275,False,True
0,1.47989,139.21370427,0,0,1771344842275,False,True
0,1.47969,261.5625,0,0,1771344842428,False,True
0,1.47966,532.4375,0,0,1771344842428,False,True
0,1.47975,65.49783,0,0,1771344845380,True,True
0,1.47798,261.5625,0,0,1771344856849,True,True
0,1.47802,436.5,0,0,1771344856849,True,True
0,1.47816,2535.71128229,0,0,1771344856849,True,True
0,1.47816,261.5625,0,0,1771344856849,True,True
0,1.47832,6764.43530494,0,0,1771344856849,True,True
0,1.47833,261.5625,0,0,1771344856849,True,True
0,1.47841,2322.35693265,0,0,1771344856849,True,True
0,1.47739,166.26982,0,0,1771344863528,True,True
0,1.47701,261.5625,0,0,1771344866378,True,True
0,1.47701,238.4375,0,0,1771344866378,True,True
0,1.47701,13.52768101,0,0,1771344867194,True,True
0,1.47701,19.0,0,0,1771344867666,True,True
0,1.47738,53.10145,0,0,1771344869784,True,True
0,1.47741,261.5625,0,0,1771344871006,True,True
0,1.47758,35.39314786,0,0,1771344871006,True,True
0,1.47758,203.04435214,0,0,1771344871006,True,True
0,1.47734,28.30594,0,0,1771344880558,False,True
0,1.4784,26.55072,0,0,1771344883298,True,True
0,1.4793,0.78151,0,0,1771344894080,False,True
0,1.47954,91.25999634,0,0,1771344894549,False,True
0,1.47824,35.39314786,0,0,1771344900019,False,True
0,1.47781,500.0,0,0,1771344901271,True,True
0,1.4783,15.60326,0,0,1771344907113,True,True
0,1.47923,9.39601,0,0,1771344914642,True,True
0,1.47887,782.0143593,0,0,1771344917378,True,True
0,1.47795,201.19808,0,0,1771344923822,True,True
0,1.47795,16.90571345,0,0,1771344924523,True,True
0,1.47794,10.14926181,0,0,1771344924711,False,True
0,1.478,500.0,0,0,1771344931528,True,True
0,1.47746,2.47264237,0,0,1771344933769,True,True
0,1.47745,32.76664,0,0,1771344935016,True,True
0,1.47885,261.5625,0,0,1771344936911,True,True
0,1.47886,395.24544,0,0,1771344936911,True,True
0,1.47817,26.75561,0,0,1771344937825,False,True
0,1.47838,1000.0,0,0,1771344944666,False,True
0,1.4792,261.5625,0,0,1771344954883,False,True
0,1.47919,3120.9754859,0,0,1771344954883,False,True
0,1.47979,500.0,0,0,1771344961789,True,True
0,1.47965,921.32682847,0,0,1771344963803,True,True
0,1.47941,1083.18180896,0,0,1771344968260,False,True
0,1.47919,500.0,0,0,1771344968574,False,True
0,1.47905,170.0,0,0,1771344968574,False,True
0,1.47849,500.0,0,0,1771344979420,False,True
0,1.478,4059.5399188,0,0,1771344979588,False,True
0,1.478,4059.5399188,0,0,1771344981731,False,True
0,1.47829,328.2,0,0,1771344992061,True,True
0,1.47851,171.8,0,0,1771344992061,True,True
0,1.47858,261.5625,0,0,1771344992712,True,True
0,1.47859,412.0,0,0,1771344992712,True,True
0,1.47859,261.5625,0,0,1771344992712,True,True
0,1.47876,261.5625,0,0,1771344992712,True,True
0,1.47887,12331.45545403,0,0,1771344992712,True,True
0,1.47869,50.73429436,0,0,1771344998287,True,True
0,1.48048,56.24579,0,0,1771345005385,True,True
0,1.48178,532.6,0,0,1771345012073,True,True
0,1.48195,75.52677498,0,0,1771345012104,True,True
0,1.48195,108.42052703,0,0,1771345012105,True,True
0,1.48195,108.42052704,0,0,1771345012110,True,True
0,1.48195,68.69126487,0,0,1771345012173,True,True
0,1.48195,138.94090608,0,0,1771345012185,True,True
0,1.4822,70.78629573,0,0,1771345016070,True,True
0,1.48223,353.177434,0,0,1771345016070,True,True
0,1.48226,1000.0,0,0,1771345016070,True,True
0,1.48229,1000.0,0,0,1771345016070,True,True
0,1.48231,1000.0,0,0,1771345016070,True,True
0,1.48233,4704.40959245,0,0,1771345016070,True,True
0,1.48271,1.65,0,0,1771345020756,True,True
0,1.48136,500.0,0,0,1771345022391,True,True
0,1.48152,13.05868,0,0,1771345035620,True,True
0,1.48127,49.00936,0,0,1771345035998,True,True
0,1.4803,570.17739484,0,0,1771345047486,False,True
0,1.48017,500.0,0,0,1771345052705,True,True
0,1.48074,7255.8,0,0,1771345056652,False,True
0,1.48033,4.87548,0,0,1771345056775,False,True
0,1.47808,32.70667,0,0,1771345063576,True,True
0,1.478,4059.5399188,0,0,1771345064533,False,True
0,1.47807,1350.40241992,0,0,1771345064893,True,True
0,1.47769,103.25008,0,0,1771345065293,False,True
0,1.4775,70.85617597,0,0,1771345071756,False,True
0,1.47701,500.0,0,0,1771345072529,False,True
0,1.477,10000.0,0,0,1771345072529,False,True
0,1.47742,10.83192,0,0,1771345082237,True,True
0,1.47742,500.0,0,0,1771345082975,True,True
0,1.47696,189.2001134,0,0,1771345083429,False,True
0,1.47768,1012.924922,0,0,1771345094353,True,True
0,1.47877,720.0,0,0,1771345096302,True,True
0,1.47877,9.8427004,0,0,1771345096375,True,True
0,1.47962,80.51898,0,0,1771345097765,True,True
0,1.48009,14.247555,0,0,1771345100190,False,True
0,1.48317,500.0,0,0,1771345113231,True,True
0,1.48352,2526.82924329,0,0,1771345116404,True,True
0,1.48366,261.5625,0,0,1771345116404,True,True
0,1.48371,535.6115675,0,0,1771345116404,True,True
0,1.48372,479.37797206,0,0,1771345116404,True,True
0,1.48386,6739.19480133,0,0,1771345116404,True,True
0,1.48386,15617.18891325,0,0,1771345116404,True,True
0,1.48372,67.231556,0,0,1771345123315,False,True
0,1.48262,29.37666853,0,0,1771345125791,False,True
0,1.48223,43.58,0,0,1771345127672,False,True
0,1.48114,13.90871832,0,0,1771345139404,False,True
0,1.48114,71.23206749,0,0,1771345139404,False,True
0,1.48149,2.4664682,0,0,1771345142732,True,True
0,1.48146,500.0,0,0,1771345143521,True,True
0,1.48366,15.078,0,0,1771345148452,False,True
0,1.48365,322.30163981,0,0,1771345148452,False,True
0,1.48372,164.71774,0,0,1771345168763,True,True
0,1.48332,30.81979,0,0,1771345169248,True,True
0,1.4831,300.0,0,0,1771345173821,True,True
0,1.4832,200.0,0,0,1771345173821,True,True
0,1.48317,195.93859,0,0,1771345180310,True,True
0,1.48316,32.69,0,0,1771345180610,False,True
0,1.48317,119.70154596,0,0,1771345185750,True,True
0,1.48317,21.4756363,0,0,1771345185756,True,True
0,1.48421,131.92617,0,0,1771345186763,True,True
0,1.48415,261.5625,0,0,1771345188426,True,True
0,1.48416,3368.91304383,0,0,1771345188426,True,True
0,1.48416,261.5625,0,0,1771345188426,True,True
0,1.48427,6108.18972066,0,0,1771345188426,True,True
0,1.48396,261.5625,0,0,1771345191801,True,True
0,1.48414,67.231556,0,0,1771345191801,True,True
0,1.48414,96.69618161,0,0,1771345191801,True,True
0,1.48391,343.5813051,0,0,1771345192522,True,True
0,1.48377,6.73906911,0,0,1771345203197,True,True
0,1.48403,335.61407816,0,0,1771345203197,True,True
0,1.48312,6.7395991,0,0,1771345204061,True,True
0,1.48349,493.2604009,0,0,1771345204061,True,True
0,1.48293,6.73959847,0,0,1771345206159,True,True
0,1.48294,119.77288153,0,0,1771345206159,True,True
0,1.4823,70.7862957,0,0,1771345206713,False,True
0,1.48209,6.74722857,0,0,1771345215698,False,True
0,1.48208,18.31172143,0,0,1771345215698,False,True
0,1.48256,70.7862957,0,0,1771345217452,True,True
0,1.48261,6.74860007,0,0,1771345217452,True,True
0,1.48262,67.40206423,0,0,1771345217452,True,True
0,1.48326,15.078,0,0,1771345218770,True,True
0,1.4834,6.74483,0,0,1771345218770,True,True
0,1.48341,1170.7295,0,0,1771345218770,True,True
0,1.48334,6.74482752,0,0,1771345229242,True,True
0,1.48335,261.5625,0,0,1771345229242,True,True
0,1.48336,1053.38559248,0,0,1771345229242,True,True
0,1.48303,6.74256422,0,0,1771345234328,True,True
0,1.48303,358.1,0,0,1771345234328,True,True
0,1.48303,135.15743578,0,0,1771345234328,True,True
0,1.48302,2696.0,0,0,1771345247993,False,True
0,1.48302,2696.0,0,0,1771345247993,False,True
0,1.48144,6.74966009,0,0,1771345255073,True,True
0,1.48145,74.95359991,0,0,1771345255073,True,True
0,1.48011,6.74966147,0,0,1771345257389,True,True
0,1.48012,0.12022853,0,0,1771345257389,True,True
0,1.4801,50.0,0,0,1771345260512,False,True
0,1.47943,261.5625,0,0,1771345264565,True,True
0,1.4795,238.4375,0,0,1771345264565,True,True
0,1.48018,50.0,0,0,1771345265000,True,True
0,1.47978,13.24362,0,0,1771345266044,True,True
0,1.47974,782.0143593,0,0,1771345266975,False,True
0,1.47974,921.32682847,0,0,1771345266975,False,True
0,1.47974,5787.45881223,0,0,1771345266975,False,True
0,1.47941,15.078,0,0,1771345266975,False,True
0,1.47937,355.2,0,0,1771345266975,False,True
0,1.47936,1970.63650995,0,0,1771345266975,False,True
0,1.47943,261.5625,0,0,1771345269072,True,True
0,1.47945,1069.4375,0,0,1771345269072,True,True
0,1.4797,13.44465,0,0,1771345270309,True,True
0,1.47886,4524.49164392,0,0,1771345283669,False,True
0,1.47875,156.48089292,0,0,1771345283681,False,True
0,1.47875,443.55560708,0,0,1771345283681,False,True
0,1.47875,792.2165,0,0,1771345283701,False,True
0,1.47875,5.436e-05,0,0,1771345283702,False,True
0,1.47854,2.86575946,0,0,1771345283778,False,True
0,1.47844,1204.64599817,0,0,1771345283783,False,True
0,1.47844,5888.55392419,0,0,1771345283783,False,True
0,1.47844,564.57742919,0,0,1771345283821,False,True
0,1.47808,500.0,0,0,1771345294804,True,True
0,1.47807,701.95253569,0,0,1771345295260,False,True
0,1.47807,10000.0,0,0,1771345296126,False,True
0,1.47808,13.36364,0,0,1771345296700,True,True
0,1.47807,90.21587091,0,0,1771345302134,False,True
0,1.47796,1392.94731631,0,0,1771345302212,False,True
0,1.47777,70.78629573,0,0,1771345302563,False,True
0,1.47776,1119.84876286,0,0,1771345302563,False,True
0,1.47776,1190.63505859,0,0,1771345302569,False,True
0,1.47776,1190.63505859,0,0,1771345302572,False,True
0,1.47776,10424.39898101,0,0,1771345302574,False,True
0,1.47769,116.29670083,0,0,1771345302579,False,True
0,1.47769,4411.11784821,0,0,1771345303964,False,True
0,1.47731,3028.03965262,0,0,1771345304454,False,True
0,1.47733,16.74637,0,0,1771345305123,True,True
0,1.47731,4635.23824645,0,0,1771345310261,False,True
0,1.47735,557.77054,0,0,1771345317002,False,True
0,1.47768,8.13548,0,0,1771345319112,True,True
0,1.47716,7286.54877086,0,0,1771345320509,False,True
0,1.47716,949.9635,0,0,1771345320550,False,True
0,1.47716,1550.0,0,0,1771345320555,False,True
0,1.47716,1012.37714834,0,0,1771345320588,False,True
0,1.477,20.0,0,0,1771345320651,False,True
0,1.47681,10901.26584981,0,0,1771345321271,False,True
0,1.47746,500.0,0,0,1771345325049,True,True
0,1.47681,3033.18658769,0,0,1771345331438,False,True
0,1.47643,205.0,0,0,1771345332723,False,True
0,1.47459,261.5625,0,0,1771345334369,False,True
0,1.47451,4466.9282625,0,0,1771345334369,False,True
0,1.47449,2462.78210952,0,0,1771345334369,False,True
0,1.47514,261.5625,0,0,1771345337182,True,True
0,1.47541,132.77567,0,0,1771345337182,True,True
0,1.47522,6.64601,0,0,1771345340104,True,True
0,1.47518,3.45339,0,0,1771345340801,False,True
0,1.47648,6.2271,0,0,1771345342026,True,True
0,1.47616,1199.79064169,0,0,1771345343435,False,True
0,1.47735,357.40281108,0,0,1771345353948,False,True
0,1.47737,500.0,0,0,1771345355340,True,True
0,1.47757,98.38647,0,0,1771345355580,True,True
0,1.48038,261.5625,0,0,1771345380928,True,True
0,1.48038,17.15388,0,0,1771345380928,True,True
0,1.4802,3.54907,0,0,1771345381613,True,True
0,1.48093,49.87257,0,0,1771345384343,False,True
0,1.4812,261.5625,0,0,1771345385597,True,True
0,1.48134,238.4375,0,0,1771345385597,True,True
0,1.48036,3377.5568105,0,0,1771345391684,True,True
0,1.48043,4581.64857508,0,0,1771345391684,True,True
0,1.47988,23.79989,0,0,1771345397712,False,True
0,1.47921,1.09882978,0,0,1771345404059,True,True
0,1.47997,2.21165351,0,0,1771345405646,True,True
0,1.4788,3381.13079263,0,0,1771345413117,True,True
0,1.47914,6040.0,0,0,1771345413117,True,True
0,1.47919,300.0,0,0,1771345413117,True,True
0,1.47923,2534.23497336,0,0,1771345413117,True,True
0,1.47938,58.32667913,0,0,1771345413117,True,True
0,1.47939,6759.54312994,0,0,1771345413117,True,True
0,1.47939,2745.57302836,0,0,1771345413117,True,True
0,1.47939,4466.9282625,0,0,1771345413117,True,True
0,1.4794,14153.72971071,0,0,1771345413117,True,True
0,1.47929,5.96093164,0,0,1771345414828,True,True
0,1.47995,64.82536409,0,0,1771345415845,True,True
0,1.47996,435.17463591,0,0,1771345415845,True,True
0,1.47996,261.5625,0,0,1771345416732,False,True
0,1.47997,920.55405405,0,0,1771345419475,True,True
0,1.4791,24.5103,0,0,1771345430384,True,True
0,1.47912,12.7164,0,0,1771345437628,True,True
0,1.47941,8000.0,0,0,1771345443842,True,True
0,1.47997,500.0,0,0,1771345446134,True,True
0,1.47996,524.80728,0,0,1771345451058,True,True
0,1.47966,29.347873,0,0,1771345451640,False,True
0,1.47996,47.5724621,0,0,1771345456434,True,True
0,1.47997,18.0284479,0,0,1771345456434,True,True
0,1.47925,261.5625,0,0,1771345461138,False,True
0,1.47924,61.67006101,0,0,1771345461138,False,True
0,1.47922,773.28493861,0,0,1771345461138,False,True
0,1.47997,40.57037419,0,0,1771345475272,True,True
0,1.47997,6080.0,0,0,1771345475472,True,True
0,1.47997,438.63547035,0,0,1771345476472,True,True
0,1.48072,61.36452965,0,0,1771345476472,True,True
0,1.48063,421.48153613,0,0,1771345480543,False,True
0,1.48063,71.52488313,0,0,1771345480543,False,True
0,1.48063,27.4982728,0,0,1771345480543,False,True
0,1.48063,252.37142493,0,0,1771345480543,False,True
0,1.48064,20.29061,0,0,1771345481162,True,True
0,1.48025,147.050869,0,0,1771345486960,False,True
0,1.48028,201.0,0,0,1771345488075,True,True
0,1.48028,12.45853,0,0,1771345491101,True,True
0,1.4798,754.76048,0,0,1771345492615,True,True
0,1.4798,2000.0,0,0,1771345501894,True,True
0,1.4798,150.0,0,0,1771345503233,True,True
0,1.4798,401.7,0,0,1771345506753,True,True
0,1.4798,98.3,0,0,1771345506753,True,True
0,1.47999,32.80422,0,0,1771345511965,True,True
0,1.47981,9.77065254,0,0,1771345512544,False,True
0,1.47979,1458.3081984,0,0,1771345515914,False,True
0,1.47979,26.3022596,0,0,1771345516325,False,True
0,1.47979,2141.39882651,0,0,1771345516860,False,True
0,1.47901,12.3131474,0,0,1771345519947,False,True
0,1.479,10.0,0,0,1771345521696,False,True
0,1.479,13.51543124,0,0,1771345522196,False,True
0,1.47903,2500.0,0,0,1771345522574,True,True
0,1.479,1307.48456876,0,0,1771345536228,False,True
0,1.47887,7700.0,0,0,1771345536228,False,True
0,1.47854,500.0,0,0,1771345537003,True,True
0,1.47939,98.6519,0,0,1771345555435,False,True
0,1.47981,13.38062,0,0,1771345556101,True,True
0,1.47972,3.26491,0,0,1771345556401,True,True
0,1.47997,54.17307,0,0,1771345558751,False,True
0,1.47752,261.5625,0,0,1771345567267,True,True
0,1.47754,159.84284698,0,0,1771345567267,True,True
0,1.47774,78.59465302,0,0,1771345567267,True,True
0,1.47622,14.0,0,0,1771345570106,False,True
0,1.47661,360.0,0,0,1771345580213,False,True
0,1.47662,1458.3081984,0,0,1771345580792,True,True
0,1.47662,26.3022596,0,0,1771345580792,True,True
0,1.47662,2141.39882651,0,0,1771345580792,True,True
0,1.47692,832.20793459,0,0,1771345582790,False,True
0,1.47679,914.14486826,0,0,1771345587858,False,True
0,1.47633,21.57476472,0,0,1771345591316,False,True
0,1.47627,40.99004645,0,0,1771345591316,False,True
0,1.47743,366.1,0,0,1771345596772,True,True
0,1.4777,1296.68765,0,0,1771345596772,True,True
0,1.47716,500.0,0,0,1771345597529,True,True
0,1.47714,1805.0,0,0,1771345599698,True,True
0,1.4771,12.45318,0,0,1771345616318,True,True
0,1.47657,16.76009,0,0,1771345618654,True,True
0,1.4765,0.95980495,0,0,1771345621794,True,True
0,1.47694,453.9,0,0,1771345627780,True,True
0,1.47696,46.1,0,0,1771345627780,True,True
0,1.47675,65.54393,0,0,1771345639858,True,True
0,1.47642,0.98394,0,0,1771345641153,True,True
0,1.47706,52.86281,0,0,1771345642808,True,True
0,1.47706,159.61478,0,0,1771345643016,True,True
0,1.47707,8.10645916,0,0,1771345648099,False,True
0,1.4771,1.65021,0,0,1771345648787,True,True
0,1.47703,500.0,0,0,1771345658038,True,True
0,1.47605,6.73775,0,0,1771345665166,True,True
0,1.4763,261.5625,0,0,1771345679599,False,True
0,1.47627,3125.37476038,0,0,1771345679599,False,True
0,1.47549,463.12898441,0,0,1771345683659,True,True
0,1.47449,500.0,0,0,1771345688312,True,True
0,1.4749,261.5625,0,0,1771345693887,False,True
0,1.47483,2512.99460219,0,0,1771345693887,False,True
0,1.4748,8032.8,0,0,1771345693887,False,True
0,1.47473,3390.43268308,0,0,1771345693887,False,True
0,1.47468,2816.49647224,0,0,1771345693887,False,True
0,1.47499,1.33314,0,0,1771345696602,True,True
0,1.47488,13.25451,0,0,1771345697275,False,True
0,1.47456,137.44381984,0,0,1771345702801,False,True
0,1.47456,124.11868016,0,0,1771345702801,False,True
0,1.47446,13.32513968,0,0,1771345702801,False,True
0,1.47443,500.0,0,0,1771345718204,False,True
0,1.47428,261.5625,0,0,1771345718204,False,True
0,1.47422,67.8324809,0,0,1771345718204,False,True
0,1.47421,2488.5655414,0,0,1771345718204,False,True
0,1.4742,3178.18911756,0,0,1771345718204,False,True
0,1.47474,261.5625,0,0,1771345718559,True,True
0,1.47478,238.4375,0,0,1771345718559,True,True
0,1.47543,261.5625,0,0,1771345731263,False,True
0,1.47532,2738.4375,0,0,1771345731263,False,True
0,1.47599,207.75674,0,0,1771345743497,False,True
0,1.4753,500.0,0,0,1771345748858,True,True
0,1.4748,261.5625,0,0,1771345751865,False,True
0,1.47471,261.5625,0,0,1771345751865,False,True
0,1.47471,1000.0,0,0,1771345751865,False,True
0,1.4747,2000.0,0,0,1771345751865,False,True
0,1.47461,261.5625,0,0,1771345751865,False,True
0,1.4746,5580.80503483,0,0,1771345751865,False,True
0,1.47459,7987.4,0,0,1771345751865,False,True
0,1.47447,2534.81330687,0,0,1771345751865,False,True
0,1.47446,261.5625,0,0,1771345751865,False,True
0,1.47442,250.17187748,0,0,1771345751865,False,True
0,1.47455,33.22958,0,0,1771345752578,True,True
0,1.47406,1380.04555363,0,0,1771345758252,False,True
0,1.47406,4485.27523015,0,0,1771345758252,False,True
0,1.47387,6025.20655997,0,0,1771345758252,False,True
0,1.47387,1565.84886922,0,0,1771345761123,False,True
0,1.47369,3376.390625,0,0,1771345761125,False,True
0,1.47369,3376.390625,0,0,1771345761127,False,True
0,1.47369,3376.390625,0,0,1771345761129,False,True
0,1.47369,567.52928037,0,0,1771345761135,False,True
0,1.47357,34.12830061,0,0,1771345761167,True,True
0,1.47348,12175.46718343,0,0,1771345766192,False,True
0,1.47349,466.93903589,0,0,1771345766488,True,True
0,1.47348,666.42939907,0,0,1771345767583,False,True
0,1.47348,960.816217,0,0,1771345767609,False,True
0,1.47274,800.0,0,0,1771345770197,True,True
0,1.47273,30.3076164,0,0,1771345773098,False,True
0,1.47273,49.52957972,0,0,1771345773191,False,True
0,1.47197,28.88485666,0,0,1771345777329,False,True
0,1.47157,426.01603409,0,0,1771345777329,False,True
0,1.47162,500.0,0,0,1771345779107,True,True
0,1.47184,261.5625,0,0,1771345792102,False,True
0,1.47156,261.5625,0,0,1771345792105,False,True
0,1.47151,500.0,0,0,1771345792105,False,True
0,1.47157,1300.28443724,0,0,1771345792122,False,True
0,1.47327,33.46655,0,0,1771345796646,True,True
0,1.47236,702.74672,0,0,1771345799240,False,True
0,1.47236,7958.2,0,0,1771345799240,False,True
0,1.47229,3396.05337118,0,0,1771345799240,False,True
0,1.47223,261.5625,0,0,1771345799240,False,True
0,1.47222,6204.44368879,0,0,1771345799240,False,True
0,1.47222,588.0091564,0,0,1771345799240,False,True
0,1.47222,4739.5136095,0,0,1771345799240,False,True
0,1.4721,2000.0,0,0,1771345799240,False,True
0,1.47207,15818.2072238,0,0,1771345799240,False,True
0,1.47255,6.7237,0,0,1771345800063,True,True
0,1.47242,6.79154045,0,0,1771345800255,False,True
0,1.47241,261.5625,0,0,1771345800255,False,True
0,1.4724,67.91632708,0,0,1771345800255,False,True
0,1.47239,7607.01660728,0,0,1771345800255,False,True
0,1.47244,6.79088474,0,0,1771345806265,True,True
0,1.47245,270.02671036,0,0,1771345806265,True,True
0,1.47224,6.79218056,0,0,1771345809366,True,True
0,1.47225,493.20781944,0,0,1771345809366,True,True
0,1.4717,131.3298169,0,0,1771345812078,False,True
0,1.47234,6.79630433,0,0,1771345824645,True,True
0,1.47235,6.39805567,0,0,1771345824645,True,True
0,1.47225,835.25213675,0,0,1771345830333,True,True
0,1.47314,6.79068066,0,0,1771345839623,True,True
0,1.47315,493.20931934,0,0,1771345839623,True,True
0,1.47229,6.79190393,0,0,1771345852209,True,True
0,1.4723,193.20809607,0,0,1771345852209,True,True
0,1.47265,16.72986,0,0,1771345865385,True,True
0,1.47245,2.4813092,0,0,1771345869636,True,True
0,1.47245,500.0,0,0,1771345869873,True,True
0,1.47227,30.48529,0,0,1771345871012,True,True
0,1.47236,261.5625,0,0,1771345871584,False,True
0,1.47232,7950.1,0,0,1771345871584,False,True
0,1.47225,500.0,0,0,1771345871584,False,True
0,1.47213,2820.72368593,0,0,1771345871584,False,True
0,1.47212,12431.95332069,0,0,1771345871584,False,True
0,1.47211,261.5625,0,0,1771345871584,False,True
0,1.47197,1886.77541382,0,0,1771345871584,False,True
0,1.47295,1.30533962,0,0,1771345875055,True,True
0,1.4713,67.18883,0,0,1771345885344,True,True
0,1.47129,500.0,0,0,1771345892096,False,True
0,1.47122,500.0,0,0,1771345892096,False,True
0,1.47116,127.89,0,0,1771345892113,False,True
0,1.47116,5.954e-05,0,0,1771345892125,False,True
0,1.47107,1422.10994046,0,0,1771345892125,False,True
0,1.47107,20.18177581,0,0,1771345892128,False,True
0,1.47106,1529.81822419,0,0,1771345892128,False,True
0,1.47083,237.58378984,0,0,1771345892192,False,True
0,1.47077,500.0,0,0,1771345892193,False,True
0,1.47049,470.1,0,0,1771345892226,False,True
0,1.47048,255.1659312,0,0,1771345892226,False,True
0,1.47007,1313.4970469,0,0,1771345892228,False,True
0,1.47007,763.0,0,0,1771345892228,False,True
0,1.47,1.9196001,0,0,1771345892607,False,True
0,1.47,48.3648861,0,0,1771345892607,False,True
0,1.47,861.6351139,0,0,1771345892617,False,True
0,1.46982,954.53765,0,0,1771345895202,True,True
0,1.46955,500.0,0,0,1771345900120,True,True
0,1.46982,12549.38010931,0,0,1771345913643,True,True
0,1.46982,4459.50533244,0,0,1771345913659,True,True
0,1.46946,134.74337512,0,0,1771345915901,True,True
0,1.46946,479.37797206,0,0,1771345915901,True,True
0,1.46945,70.07708,0,0,1771345916575,False,True
0,1.46961,126.98867,0,0,1771345916700,True,True
0,1.4707,13.66859952,0,0,1771345923036,False,True
0,1.47152,6.93460284,0,0,1771345926333,False,True
0,1.47211,300.0,0,0,1771345930376,True,True
0,1.47226,200.0,0,0,1771345930376,True,True
0,1.47128,9.49105666,0,0,1771345932426,False,True
0,1.47096,1.27074,0,0,1771345935045,False,True
0,1.47112,261.5625,0,0,1771345947051,False,True
0,1.47096,482.63307128,0,0,1771345947051,False,True
0,1.47129,261.5625,0,0,1771345960649,True,True
0,1.47133,238.4375,0,0,1771345960649,True,True
0,1.47155,261.5625,0,0,1771345972354,False,True
0,1.4715,3397.88039464,0,0,1771345972354,False,True
0,1.47142,4752.470837,0,0,1771345972354,False,True
0,1.47141,261.5625,0,0,1771345972354,False,True
0,1.4714,7792.9,0,0,1771345972354,False,True
0,1.4714,6796.20810855,0,0,1771345972354,False,True
0,1.47127,2490.246534,0,0,1771345972354,False,True
0,1.47122,261.5625,0,0,1771345972354,False,True
0,1.4712,450.0,0,0,1771345972354,False,True
0,1.47114,29566.9,0,0,1771345972354,False,True
0,1.47113,2832.52360719,0,0,1771345972354,False,True
0,1.47107,1439.06839,0,0,1771345972354,False,True
0,1.47102,4466.9282625,0,0,1771345972354,False,True
0,1.471,2745.57302836,0,0,1771345972354,False,True
0,1.47099,2535.48529744,0,0,1771345972354,False,True
0,1.47096,6796.16240351,0,0,1771345972354,False,True
0,1.47095,2000.0,0,0,1771345972354,False,True
0,1.47094,261.5625,0,0,1771345972354,False,True
0,1.4709,10000.0,0,0,1771345972354,False,True
0,1.47088,3968.51477264,0,0,1771345972354,False,True
0,1.47081,6310.10700814,0,0,1771345972354,False,True
0,1.47126,3.0,0,0,1771345975796,False,True
0,1.47095,13.1633,0,0,1771345982838,True,True
0,1.4713,12.50573,0,0,1771345984579,True,True
0,1.47269,261.5625,0,0,1771345990905,True,True
0,1.4727,238.4375,0,0,1771345990905,True,True
0,1.47253,261.5625,0,0,1771345991446,True,True
0,1.47267,3268.219533,0,0,1771345991446,True,True
0,1.47209,261.5625,0,0,1771345992042,False,True
0,1.47201,2490.246534,0,0,1771345992042,False,True
0,1.47201,261.5625,0,0,1771345992042,False,True
0,1.472,6062.1,0,0,1771345992042,False,True
0,1.47191,7164.71213309,0,0,1771345992848,True,True
0,1.47191,17764.55209723,0,0,1771345992860,True,True
0,1.47252,67.29645,0,0,1771346007135,True,True
0,1.47225,99.86678,0,0,1771346011410,True,True
0,1.47277,26.5692,0,0,1771346013414,True,True
0,1.47457,261.5625,0,0,1771346021218,True,True
0,1.47468,238.4375,0,0,1771346021218,True,True
0,1.47453,4.17568707,0,0,1771346021696,True,True
0,1.47435,252.86252,0,0,1771346026583,True,True
0,1.47435,6.64885,0,0,1771346026964,True,True
0,1.47426,771.10456301,0,0,1771346032069,True,True
0,1.47426,216.88991603,0,0,1771346032098,True,True
0,1.47426,512.0055209,0,0,1771346032103,True,True
0,1.47499,6.8741,0,0,1771346032981,False,True
0,1.47479,2000.0,0,0,1771346034461,False,True
0,1.47574,261.5625,0,0,1771346051559,True,True
0,1.47581,238.4375,0,0,1771346051559,True,True
0,1.47575,544.5502287,0,0,1771346054794,True,True
0,1.47594,116.26204384,0,0,1771346069013,True,True
0,1.47594,108.45005254,0,0,1771346069014,True,True
0,1.47594,108.44983132,0,0,1771346069033,True,True
0,1.47594,166.8380723,0,0,1771346069045,True,True
0,1.47709,6.578,0,0,1771346069285,True,True
0,1.47709,6.578,0,0,1771346069285,True,True
0,1.47745,72.79705809,0,0,1771346073013,False,True
0,1.47746,261.03970188,0,0,1771346075349,True,True
0,1.47761,2.10206186,0,0,1771346078359,False,True
0,1.47845,500.0,0,0,1771346081808,True,True
0,1.48005,1500.0,0,0,1771346090960,True,True
0,1.48014,66.6106,0,0,1771346090960,True,True
0,1.48024,237.34620604,0,0,1771346091021,True,True
0,1.48033,255.01283167,0,0,1771346091021,True,True
0,1.48045,500.0,0,0,1771346091021,True,True
0,1.48053,2243.20362321,0,0,1771346091021,True,True
0,1.48004,261.5625,0,0,1771346091079,False,True
0,1.47998,930.51590367,0,0,1771346091079,False,True
0,1.48094,84.40585033,0,0,1771346099543,True,True
0,1.48094,261.5625,0,0,1771346099543,True,True
0,1.48096,154.03164967,0,0,1771346099543,True,True
0,1.48121,210.0,0,0,1771346104055,False,True
0,1.48121,51.5625,0,0,1771346104186,False,True
0,1.48105,158.4375,0,0,1771346104186,False,True
0,1.48101,35.3931392,0,0,1771346104497,False,True
0,1.481,20.6068608,0,0,1771346104497,False,True
0,1.48182,3.26793,0,0,1771346106397,True,True
0,1.48151,127.89005954,0,0,1771346107608,False,True
0,1.48182,108.5354496,0,0,1771346108261,False,True
0,1.48132,137.44381984,0,0,1771346110578,True,True
0,1.48132,124.11868016,0,0,1771346110578,True,True
0,1.48133,13.32513968,0,0,1771346110578,True,True
0,1.48079,261.5625,0,0,1771346112113,True,True
0,1.4808,238.4375,0,0,1771346112113,True,True
0,1.48164,65.42663,0,0,1771346116188,True,True
0,1.48164,479.8804028,0,0,1771346116837,True,True
0,1.48167,5.05297,0,0,1771346118164,True,True
0,1.48224,2308.05463966,0,0,1771346119931,True,True
0,1.48299,67.43133804,0,0,1771346121777,False,True
0,1.48299,261.5625,0,0,1771346121777,False,True
0,1.48298,352.68268196,0,0,1771346121777,False,True
0,1.48298,2000.0,0,0,1771346121779,False,True
0,1.48307,3386.93726038,0,0,1771346124553,True,True
0,1.4831,32.0,0,0,1771346127744,True,True
0,1.4831,0.12521786,0,0,1771346127750,True,True
0,1.48357,411.6,0,0,1771346133789,True,True
0,1.48357,261.5625,0,0,1771346133789,True,True
0,1.48358,2670.82234839,0,0,1771346133789,True,True
0,1.4834,261.5625,0,0,1771346142393,True,True
0,1.48356,238.4375,0,0,1771346142393,True,True
0,1.48347,261.5625,0,0,1771346142722,True,True
0,1.48366,500.0,0,0,1771346142722,True,True
0,1.48366,2765.81705941,0,0,1771346142722,True,True
0,1.48367,261.5625,0,0,1771346142722,True,True
0,1.48383,4077.80898444,0,0,1771346142722,True,True
0,1.48374,6739.72528879,0,0,1771346149032,True,True
0,1.48376,1316.5806705,0,0,1771346149032,True,True
0,1.48377,6026.0,0,0,1771346149032,True,True
0,1.48379,2765.81705941,0,0,1771346149032,True,True
0,1.48383,2524.23763391,0,0,1771346149032,True,True
0,1.48391,1502.94642755,0,0,1771346149032,True,True
0,1.48394,29331.8,0,0,1771346149032,True,True
0,1.48405,3968.51477264,0,0,1771346149032,True,True
0,1.48413,261.5625,0,0,1771346149032,True,True
0,1.48425,6737.42400376,0,0,1771346149032,True,True
0,1.48428,261.5625,0,0,1771346149032,True,True
0,1.48435,15225.61790007,0,0,1771346149032,True,True
0,1.48444,261.5625,0,0,1771346149032,True,True
0,1.4845,79.75735891,0,0,1771346149032,True,True
0,1.4845,15223.99120092,0,0,1771346149032,True,True
0,1.48452,4033.10675354,0,0,1771346149032,True,True
0,1.48367,6.60771,0,0,1771346155023,True,True
0,1.48389,8.00635,0,0,1771346159880,True,True
0,1.48452,108.61959539,0,0,1771346163018,True,True
0,1.48452,162.67486789,0,0,1771346163018,True,True
0,1.48452,162.67484305,0,0,1771346163019,True,True
0,1.48452,271.1244999,0,0,1771346163019,True,True
0,1.48452,108.44976307,0,0,1771346163019,True,True
0,1.48452,271.12453679,0,0,1771346163020,True,True
0,1.48452,54.22451861,0,0,1771346163022,True,True
0,1.48452,1550.0,0,0,1771346163024,True,True
0,1.48452,1533.3894,0,0,1771346163024,True,True
0,1.48452,1520.0,0,0,1771346163027,True,True
0,1.48452,224.61122176,0,0,1771346163031,True,True
0,1.48496,500.0,0,0,1771346164296,True,True
0,1.48536,2303.20656884,0,0,1771346164438,True,True
0,1.48548,254.12799452,0,0,1771346164496,True,True
0,1.48616,236.40113512,0,0,1771346164734,True,True
0,1.48693,261.5625,0,0,1771346165057,False,True
0,1.48684,261.5625,0,0,1771346165057,False,True
0,1.48679,1020.1017928,0,0,1771346165057,False,True
0,1.48727,28.85019483,0,0,1771346165490,True,True
0,1.4875,7377.43161004,0,0,1771346165490,True,True
0,1.4875,97.22079638,0,0,1771346165490,True,True
0,1.48746,261.5625,0,0,1771346167057,True,True
0,1.48778,84.01779833,0,0,1771346167057,True,True
0,1.4878,261.5625,0,0,1771346167057,True,True
0,1.48788,405.78212367,0,0,1771346167057,True,True
0,1.48788,337.37963981,0,0,1771346167057,True,True
0,1.48788,195.93859,0,0,1771346167057,True,True
0,1.48788,119.70154596,0,0,1771346167057,True,True
0,1.48788,21.4756363,0,0,1771346167057,True,True
0,1.48765,500.0,0,0,1771346172748,True,True
0,1.48834,32.4178,0,0,1771346174628,True,True
0,1.48821,245.64916477,0,0,1771346175038,True,True
0,1.48821,10.79390576,0,0,1771346175558,True,True
0,1.48816,8.21225597,0,0,1771346176636,False,True
0,1.48851,16.94915254,0,0,1771346176972,True,True
0,1.48807,261.5625,0,0,1771346181011,False,True
0,1.48805,205.8957,0,0,1771346181011,False,True
0,1.48865,261.5625,0,0,1771346181115,True,True
0,1.48879,3738.4375,0,0,1771346181115,True,True
0,1.48879,2272.2625,0,0,1771346181115,True,True
0,1.48886,261.5625,0,0,1771346181115,True,True
0,1.48892,1466.175,0,0,1771346181115,True,True
0,1.48892,2.21165351,0,0,1771346181115,True,True
0,1.48892,920.55405405,0,0,1771346181115,True,True
0,1.48892,8000.0,0,0,1771346181115,True,True
0,1.48892,500.0,0,0,1771346181115,True,True
0,1.48892,18.0284479,0,0,1771346181115,True,True
0,1.48892,40.57037419,0,0,1771346181115,True,True
0,1.48892,6080.0,0,0,1771346181115,True,True
0,1.48892,438.63547035,0,0,1771346181115,True,True
0,1.48946,500.0,0,0,1771346181967,True,True
0,1.48978,766.3610696,0,0,1771346181967,True,True
0,1.48999,261.5625,0,0,1771346181967,True,True
0,1.49,1.90045398,0,0,1771346181967,True,True
0,1.49005,15167.36431511,0,0,1771346181967,True,True
0,1.49014,261.5625,0,0,1771346181967,True,True
0,1.49019,4.69228655,0,0,1771346181967,True,True
0,1.49021,15165.7185223,0,0,1771346181967,True,True
0,1.49029,261.5625,0,0,1771346181967,True,True
0,1.49029,6.39739246,0,0,1771346181967,True,True
0,1.4903,1157.26480084,0,0,1771346181967,True,True
0,1.49043,15.078,0,0,1771346182577,True,True
0,1.49044,79.36013078,0,0,1771346182577,True,True
0,1.49066,252.99245804,0,0,1771346182577,True,True
0,1.49066,569.20860269,0,0,1771346182577,True,True
0,1.49066,960.816217,0,0,1771346182577,True,True
0,1.49066,764.99276252,0,0,1771346182577,True,True
0,1.49097,500.0,0,0,1771346182577,True,True
0,1.49104,261.5625,0,0,1771346182577,True,True
0,1.49061,3100.0,0,0,1771346182674,True,True
0,1.49133,3.252,0,0,1771346183145,True,True
0,1.49132,1270.5431,0,0,1771346183242,False,True
0,1.49162,22.79994858,0,0,1771346183258,True,True
0,1.49194,72.59276142,0,0,1771346183258,True,True
0,1.49116,500.0,0,0,1771346183562,True,True
0,1.49175,3908.96852578,0,0,1771346183562,True,True
0,1.49175,6282.51199959,0,0,1771346183562,True,True
0,1.49175,1000.0,0,0,1771346183562,True,True
0,1.49091,9.2592,0,0,1771346183640,False,True
0,1.49161,7788.2,0,0,1771346186308,False,True
0,1.4921,56.72542054,0,0,1771346193184,True,True
0,1.49164,261.5625,0,0,1771346193560,False,True
0,1.49143,67.0497442,0,0,1771346193560,False,True
0,1.49138,233.24598871,0,0,1771346193560,False,True
0,1.49175,7.13148378,0,0,1771346193844,False,True
0,1.49208,261.5625,0,0,1771346198220,True,True
0,1.4921,164.85221571,0,0,1771346198220,True,True
0,1.4921,13.64546534,0,0,1771346198542,True,True
0,1.49239,9.2592,0,0,1771346201994,True,True
0,1.49254,3.89659,0,0,1771346201994,True,True
0,1.49305,261.5625,0,0,1771346203064,True,True
0,1.49325,238.4375,0,0,1771346203064,True,True
0,1.4934,671.287,0,0,1771346205035,False,True
0,1.49343,26.34,0,0,1771346205720,False,True
0,1.49354,83.69377452,0,0,1771346206062,True,True
0,1.49354,261.5625,0,0,1771346206062,True,True
0,1.49355,261.5625,0,0,1771346206062,True,True
0,1.49356,4466.9282625,0,0,1771346206062,True,True
0,1.49358,512.54477788,0,0,1771346206062,True,True
0,1.49323,1500.0,0,0,1771346206652,True,True
0,1.49334,120.5058,0,0,1771346208273,True,True
0,1.49336,3348.16620803,0,0,1771346209847,True,True
0,1.49341,6696.12338268,0,0,1771346209847,True,True
0,1.49361,489.7,0,0,1771346209847,True,True
0,1.49362,155.27562241,0,0,1771346209847,True,True
0,1.49362,261.5625,0,0,1771346209847,True,True
0,1.49377,261.5625,0,0,1771346209847,True,True
0,1.49379,841.97410646,0,0,1771346209847,True,True
0,1.49381,6694.32860826,0,0,1771346209847,True,True
0,1.49387,4093.21192986,0,0,1771346209847,True,True
0,1.49391,5989.6,0,0,1771346209847,True,True
0,1.49392,261.5625,0,0,1771346209847,True,True
0,1.49399,3968.51477264,0,0,1771346209847,True,True
0,1.49401,411.69731528,0,0,1771346209847,True,True
0,1.49334,44.44629573,0,0,1771346211640,False,True
0,1.49333,14.2150925,0,0,1771346211640,False,True
0,1.49366,22.91179994,0,0,1771346212682,True,True
0,1.49336,558.58009562,0,0,1771346213189,True,True
0,1.49334,6.14155,0,0,1771346214042,True,True
0,1.49333,985.7849,0,0,1771346214096,False,True
0,1.49333,7.5e-06,0,0,1771346214098,False,True
0,1.49322,13.6282,0,0,1771346214338,False,True
0,1.49322,6.643e-05,0,0,1771346215024,False,True
0,1.49226,15.078,0,0,1771346215260,False,True
0,1.49211,26.57,0,0,1771346219882,False,True
0,1.49378,16.16264796,0,0,1771346221295,True,True
0,1.4921,16.4396495,0,0,1771346221973,False,True
0,1.49189,500.0,0,0,1771346233341,True,True
0,1.49156,2500.0,0,0,1771346234083,False,True
0,1.49189,64.12265133,0,0,1771346234411,True,True
0,1.49211,35.87734867,0,0,1771346234411,True,True
0,1.49218,10.05964748,0,0,1771346235844,True,True
0,1.49213,16.01698,0,0,1771346236500,True,True
0,1.49173,55.9518893,0,0,1771346248300,False,True
0,1.49193,68.96814,0,0,1771346250027,False,True
0,1.49229,14.0,0,0,1771346253094,False,True
0,1.49173,60.9660516,0,0,1771346254199,False,True
0,1.49224,13.11368,0,0,1771346254245,True,True
0,1.49081,10.05964748,0,0,1771346255694,False,True
0,1.49081,261.5625,0,0,1771346255694,False,True
0,1.4908,228.37785252,0,0,1771346255694,False,True
0,1.49176,2.59618,0,0,1771346257584,True,True
0,1.49176,4.10731117,0,0,1771346260990,True,True
0,1.49461,70.78629573,0,0,1771346263645,True,True
0,1.49462,25.85542317,0,0,1771346263645,True,True
0,1.49466,403.3582811,0,0,1771346263645,True,True
0,1.49313,1.65,0,0,1771346264460,False,True
0,1.49321,1000.0,0,0,1771346267207,True,True
0,1.49258,6.70349117,0,0,1771346267967,False,True
0,1.49233,1005.13961389,0,0,1771346275510,True,True
0,1.49125,10.45092,0,0,1771346280716,True,True
0,1.49157,418.1,0,0,1771346281671,True,True
0,1.49231,17.52954272,0,0,1771346281886,True,True
0,1.49197,12.97984,0,0,1771346285300,True,True
0,1.49188,335.55301,0,0,1771346291224,True,True
0,1.49122,3352.95932189,0,0,1771346291752,True,True
0,1.49166,1256.92181865,0,0,1771346291752,True,True
0,1.49166,6.49014,0,0,1771346291847,True,True
0,1.49125,500.0,0,0,1771346293905,True,True
0,1.49077,15.70524,0,0,1771346298029,True,True
0,1.49028,8.779047,0,0,1771346298875,False,True
0,1.48975,70.78629573,0,0,1771346303850,False,True
0,1.48971,139.21370427,0,0,1771346303850,False,True
0,1.48971,3146.1024,0,0,1771346303950,False,True
0,1.49044,815.494415,0,0,1771346306327,True,True
0,1.49044,1134.505585,0,0,1771346306327,True,True
0,1.49044,7.60757669,0,0,1771346306361,True,True
0,1.49021,13.42543179,0,0,1771346310299,True,True
0,1.49078,1956.48175,0,0,1771346313748,True,True
0,1.49018,70.78629573,0,0,1771346324170,True,True
0,1.49019,267.22968309,0,0,1771346324170,True,True
0,1.49021,15.078,0,0,1771346324170,True,True
0,1.49024,146.90602118,0,0,1771346324170,True,True
0,1.49059,1340.0,0,0,1771346329692,True,True
0,1.49059,1.75058198,0,0,1771346330660,True,True
0,1.49144,71.42229,0,0,1771346331336,False,True
0,1.49165,34.30797,0,0,1771346331887,True,True
0,1.49165,119.8923917,0,0,1771346335324,True,True
0,1.4941,1.51061,0,0,1771346347496,True,True
0,1.49353,18.67195714,0,0,1771346347664,True,True
0,1.49272,1298.33213,0,0,1771346353207,True,True
0,1.49305,500.0,0,0,1771346354429,True,True
0,1.49305,1300.23107063,0,0,1771346354562,True,True
0,1.49342,32.42566,0,0,1771346367398,True,True
0,1.49255,131.66213482,0,0,1771346368411,True,True
0,1.49249,15.078,0,0,1771346368432,False,True
0,1.49241,70.78629573,0,0,1771346368432,False,True
0,1.49219,261.5625,0,0,1771346368432,False,True
0,1.49211,753.31326411,0,0,1771346368432,False,True
0,1.49239,50.0,0,0,1771346369846,True,True
0,1.49195,1340.0,0,0,1771346379109,False,True
0,1.49185,35.39314786,0,0,1771346384708,True,True
0,1.49185,200.0,0,0,1771346384708,True,True
0,1.49185,179.04388767,0,0,1771346384708,True,True
0,1.49186,15.078,0,0,1771346384708,True,True
0,1.49186,70.48496447,0,0,1771346384708,True,True
0,1.49185,1.30253,0,0,1771346385679,True,True
0,1.49177,1512.49012276,0,0,1771346389856,False,True
0,1.49177,384.29583649,0,0,1771346389859,False,True
0,1.49152,261.5625,0,0,1771346395117,False,True
0,1.49149,73.73118373,0,0,1771346395117,False,True
0,1.49149,10.200237,0,0,1771346395170,False,True
0,1.49125,3.0,0,0,1771346397958,False,True
0,1.49036,6.70978823,0,0,1771346407353,False,True
0,1.49035,243.29021177,0,0,1771346407353,False,True
0,1.49,1000.0,0,0,1771346414421,False,True
0,1.48979,6.71146819,0,0,1771346414962,True,True
0,1.4898,493.28853181,0,0,1771346414962,True,True
0,1.48902,14.9114709,0,0,1771346420012,False,True
0,1.48902,14.9114709,0,0,1771346420012,False,True
0,1.48902,96.53314475,0,0,1771346420511,False,True
0,1.48783,35.39314786,0,0,1771346425067,False,True
0,1.48675,0.65053,0,0,1771346435586,True,True
0,1.4863,79.77132796,0,0,1771346435793,True,True
0,1.48655,8.0,0,0,1771346436434,True,True
0,1.48679,6.72468386,0,0,1771346436434,True,True
0,1.4868,1.59548614,0,0,1771346436434,True,True
0,1.48562,6.72862601,0,0,1771346445302,True,True
0,1.48563,493.27137399,0,0,1771346445302,True,True
0,1.4859,35.39314786,0,0,1771346447162,True,True
0,1.48593,6.73002217,0,0,1771346447162,True,True
0,1.48594,152.71412997,0,0,1771346447162,True,True
0,1.48592,433.79949419,0,0,1771346453114,True,True
0,1.48592,379.57426393,0,0,1771346453115,True,True
0,1.48592,255.52952553,0,0,1771346453115,True,True
0,1.48592,901.7193744,0,0,1771346453115,True,True
0,1.48592,1206.9319412,0,0,1771346453115,True,True
0,1.48592,162.67473759,0,0,1771346453115,True,True
0,1.48592,47.39528246,0,0,1771346453115,True,True
0,1.48676,6.72910848,0,0,1771346454440,True,True
0,1.48677,25.86507152,0,0,1771346454440,True,True
0,1.48453,8.36452605,0,0,1771346464255,False,True
0,1.48454,17.52954272,0,0,1771346464664,True,True
0,1.48543,50.0,0,0,1771346467614,True,True
0,1.48559,16.7290521,0,0,1771346475568,True,True
0,1.48572,400.8,0,0,1771346475568,True,True
0,1.48573,82.4709479,0,0,1771346475568,True,True
0,1.486,309.33479,0,0,1771346496059,True,True
0,1.48599,235.5577763,0,0,1771346496916,True,True
0,1.48599,2018.88328835,0,0,1771346500633,False,True
0,1.48574,500.0,0,0,1771346505827,True,True
0,1.48583,65.1945,0,0,1771346519052,True,True
0,1.4855,52.1221999,0,0,1771346522504,False,True
0,1.486,3.18188,0,0,1771346528363,True,True
0,1.48586,460.3,0,0,1771346536081,True,True
0,1.48587,39.7,0,0,1771346536081,True,True
0,1.486,4.42876864,0,0,1771346544611,True,True
0,1.48573,261.5625,0,0,1771346545465,False,True
0,1.4857,7544.0,0,0,1771346545465,False,True
0,1.48562,1630.4606052,0,0,1771346545465,False,True
0,1.48587,550.0,0,0,1771346554798,False,True
0,1.486,6.18188,0,0,1771346555446,True,True
0,1.486,1470.0,0,0,1771346565156,True,True
0,1.486,2.90335469,0,0,1771346565174,True,True
0,1.48758,261.5625,0,0,1771346566335,True,True
0,1.48765,238.4375,0,0,1771346566335,True,True
0,1.48711,121.35999,0,0,1771346590835,True,True
0,1.48838,467.7,0,0,1771346596659,True,True
0,1.48838,32.3,0,0,1771346596659,True,True
0,1.48796,22.20878,0,0,1771346603600,False,True
0,1.48768,1771.6828,0,0,1771346612544,True,True
0,1.48673,61.85733,0,0,1771346617589,True,True
0,1.48537,35.3931478,0,0,1771346633610,True,True
0,1.48538,3888.233454,0,0,1771346633610,True,True
0,1.48539,5512.3965034,0,0,1771346633610,True,True
0,1.48453,3.29783,0,0,1771346636986,False,True
0,1.48453,115.0758,0,0,1771346637290,False,True
0,1.48453,9.78e-05,0,0,1771346637351,False,True
0,1.48262,235.69449057,0,0,1771346639816,False,True
0,1.48247,529.96117294,0,0,1771346641289,True,True
0,1.48369,65.98001,0,0,1771346669100,True,True
0,1.48387,82.02223,0,0,1771346671047,False,True
0,1.48412,6017.1,0,0,1771346672395,True,True
0,1.48424,2518.57497466,0,0,1771346672395,True,True
0,1.48427,261.5625,0,0,1771346672395,True,True
0,1.48429,33.2805696,0,0,1771346672395,True,True
0,1.48431,1664.3458025,0,0,1771346672395,True,True
0,1.48438,50.65217948,0,0,1771346672395,True,True
0,1.48453,1957.81186,0,0,1771346673944,True,True
0,1.48393,261.5625,0,0,1771346679363,False,True
0,1.4839,217.35814199,0,0,1771346679363,False,True
0,1.48404,261.5625,0,0,1771346682684,False,True
0,1.48403,63.54137951,0,0,1771346682684,False,True
0,1.48401,859.182558,0,0,1771346682684,False,True
0,1.4838,389.01384549,0,0,1771346693341,False,True
0,1.4838,108.5354496,0,0,1771346693341,False,True
0,1.4838,245.64916477,0,0,1771346693341,False,True
0,1.4838,56.72542054,0,0,1771346693341,False,True
0,1.4838,13.64546534,0,0,1771346693341,False,True
0,1.4838,22.91179994,0,0,1771346693341,False,True
0,1.4838,13.6282,0,0,1771346693341,False,True
0,1.4838,6.643e-05,0,0,1771346693341,False,True
0,1.4838,16.4396495,0,0,1771346693341,False,True
0,1.4838,317.7373759,0,0,1771346693341,False,True
0,1.48381,7.85153,0,0,1771346695059,True,True
0,1.48392,3369.72637822,0,0,1771346699284,False,True
0,1.48401,588.29550377,0,0,1771346702900,True,True
0,1.48381,134.63314036,0,0,1771346705882,False,True
0,1.4838,8039.77340884,0,0,1771346705882,False,True
0,1.48474,62.65462,0,0,1771346711465,True,True
0,1.48343,3.327913,0,0,1771346717701,False,True
0,1.48408,53.80200578,0,0,1771346719101,True,True
0,1.4841,424.09778267,0,0,1771346719101,True,True
0,1.4833,2169.19137466,0,0,1771346722851,False,True
0,1.48461,1304.93533,0,0,1771346736088,True,True
0,1.48357,1.65,0,0,1771346748886,True,True
0,1.48357,12.37746,0,0,1771346749182,True,True
0,1.483,1.65,0,0,1771346751225,False,True
0,1.48279,58.9343437,0,0,1771346751225,False,True
0,1.4821,23.60259,0,0,1771346760992,False,True
0,1.48276,261.5625,0,0,1771346762377,True,True
0,1.4828,51.9726,0,0,1771346762377,True,True
0,1.48277,6.19848,0,0,1771346762385,True,True
0,1.48243,222.0,0,0,1771346763406,False,True
0,1.48245,261.5625,0,0,1771346763545,False,True
0,1.48244,201.9742,0,0,1771346763545,False,True
0,1.48201,6.19551,0,0,1771346766831,True,True
0,1.482,1.65,0,0,1771346766890,False,True
0,1.481,1.65,0,0,1771346770126,False,True
0,1.48074,253.39789467,0,0,1771346770126,False,True
0,1.48059,694.39367059,0,0,1771346770126,False,True
0,1.48058,261.5625,0,0,1771346770126,False,True
0,1.48045,117.10956509,0,0,1771346770126,False,True
0,1.48045,1882.89043491,0,0,1771346770126,False,True
0,1.48043,261.5625,0,0,1771346770126,False,True
0,1.48038,6019.0,0,0,1771346770126,False,True
0,1.48029,6753.76156851,0,0,1771346770126,False,True
0,1.48028,261.5625,0,0,1771346770126,False,True
0,1.48014,22548.18410734,0,0,1771346770126,False,True
0,1.48014,2817.92030725,0,0,1771346770126,False,True
0,1.48014,3979.09558541,0,0,1771346770126,False,True
0,1.48013,261.5625,0,0,1771346770126,False,True
0,1.48006,127.12102212,0,0,1771346770126,False,True
0,1.48006,2322.94075116,0,0,1771346770126,False,True
0,1.48006,2526.87770341,0,0,1771346770126,False,True
0,1.48005,1685.1208985,0,0,1771346770126,False,True
0,1.48,2162.16216216,0,0,1771346770126,False,True
0,1.48,1.65,0,0,1771346770126,False,True
0,1.47998,261.5625,0,0,1771346770126,False,True
0,1.47993,4181.35941005,0,0,1771346770126,False,True
0,1.47993,2575.70707678,0,0,1771346770126,False,True
0,1.47983,261.5625,0,0,1771346770126,False,True
0,1.47982,6366.90173977,0,0,1771346770126,False,True
0,1.47982,7140.62044562,0,0,1771346770126,False,True
0,1.47973,1127.52825444,0,0,1771346770126,False,True
0,1.47973,7598.9706813,0,0,1771346770126,False,True
0,1.47973,9115.42241643,0,0,1771346770126,False,True
0,1.47973,608.00660455,0,0,1771346770126,False,True
0,1.47973,2499.83265334,0,0,1771346770126,False,True
0,1.47968,261.5625,0,0,1771346770126,False,True
0,1.47966,726.516,0,0,1771346770126,False,True
0,1.47961,1.65584175,0,0,1771346770126,False,True
0,1.47958,2333.26570485,0,0,1771346770126,False,True
0,1.48047,261.43171874,0,0,1771346770387,True,True
0,1.48051,934.2357158,0,0,1771346770717,True,True
0,1.4805,57.70941,0,0,1771346787861,True,True
0,1.482,835.24574917,0,0,1771346799629,True,True
0,1.48205,504.75425083,0,0,1771346799629,True,True
0,1.48205,1.75058198,0,0,1771346799629,True,True
0,1.48205,335.29368373,0,0,1771346799629,True,True
0,1.4829,2000.0,0,0,1771346815107,False,True
0,1.48168,68.34482,0,0,1771346825809,True,True
0,1.48285,1500.0,0,0,1771346832139,True,True
0,1.48296,3371.64383875,0,0,1771346832139,True,True
0,1.48297,70.7862957,0,0,1771346832139,True,True
0,1.48312,6742.58766624,0,0,1771346832139,True,True
0,1.48315,261.5625,0,0,1771346832139,True,True
0,1.48321,1846.88804165,0,0,1771346832139,True,True
0,1.48235,1304.93533,0,0,1771346841289,True,True
0,1.48125,6.53326,0,0,1771346851840,True,True
0,1.48164,51.0,0,0,1771346856347,True,True
0,1.4824,22.0878,0,0,1771346860036,False,True
0,1.48295,58.66138823,0,0,1771346861907,True,True
0,1.48142,67.5028013,0,0,1771346877322,False,True
0,1.48067,19.8547,0,0,1771346890717,True,True
0,1.48021,103.79881046,0,0,1771346891957,True,True
0,1.48024,3376.14375388,0,0,1771346893487,True,True
0,1.4802,3376.25567853,0,0,1771346894410,True,True
0,1.48018,304.64602595,0,0,1771346894850,True,True
0,1.47974,2.35785,0,0,1771346901064,True,True
0,1.47986,45.6752,0,0,1771346904167,True,True
0,1.47928,70.78629573,0,0,1771346905504,False,True
0,1.47926,155.55562247,0,0,1771346905504,False,True
0,1.47991,0.79129688,0,0,1771346915853,True,True
0,1.47991,447.40870312,0,0,1771346915901,True,True
0,1.4801,672.97478234,0,0,1771346915901,True,True
0,1.47973,12.43962,0,0,1771346918817,True,True
0,1.47926,2595.19114361,0,0,1771346918837,False,True
0,1.47902,100.0,0,0,1771346920334,False,True
0,1.47943,261.5625,0,0,1771346922441,True,True
0,1.47944,2766.47715262,0,0,1771346922441,True,True
0,1.47944,2082.64791201,0,0,1771346922441,True,True
0,1.47973,3379.01734213,0,0,1771346924725,True,True
0,1.48012,261.5625,0,0,1771346924725,True,True
0,1.48024,6359.42015787,0,0,1771346924725,True,True
0,1.4797,2000.0,0,0,1771346925732,False,True
0,1.47949,261.5625,0,0,1771346925732,False,True
0,1.47926,1624.44094215,0,0,1771346925732,False,True
0,1.47926,958.36097534,0,0,1771346925732,False,True
0,1.47926,348.49513616,0,0,1771346925732,False,True
0,1.47926,80.44027644,0,0,1771346925732,False,True
0,1.47985,1500.0,0,0,1771346926968,True,True
0,1.48011,1119.14169,0,0,1771346926968,True,True
0,1.4805,6.72373,0,0,1771346928815,True,True
0,1.47981,6.54292,0,0,1771346935239,True,True
0,1.47929,13.69511,0,0,1771346938583,True,True
0,1.48134,3.1162,0,0,1771346946699,True,True
0,1.48134,67.67009573,0,0,1771346948025,True,True
0,1.48139,259.61278427,0,0,1771346948025,True,True
0,1.48115,6.62105,0,0,1771346952034,True,True
0,1.48116,1000.0,0,0,1771346952214,True,True
0,1.48119,4720.4295958,0,0,1771346952214,True,True
0,1.48119,1000.0,0,0,1771346952214,True,True
0,1.48122,2537.91298748,0,0,1771346952214,True,True
0,1.48123,1688.07141217,0,0,1771346952214,True,True
0,1.48131,261.5625,0,0,1771346952214,True,True
0,1.48143,2745.57302836,0,0,1771346952214,True,True
0,1.48144,4466.9282625,0,0,1771346952214,True,True
0,1.48148,261.5625,0,0,1771346952214,True,True
0,1.48151,329.13535718,0,0,1771346952214,True,True
0,1.48026,1756.4481915,0,0,1771346955741,False,True
0,1.47901,4.69228655,0,0,1771346964437,False,True
0,1.4792,15.05636,0,0,1771346967115,True,True
0,1.47899,26.94636,0,0,1771346974951,True,True
0,1.47889,2545.40857,0,0,1771346981253,True,True
0,1.47868,70.7862957,0,0,1771346982501,False,True
0,1.47862,79.5191691,0,0,1771346982519,False,True
0,1.47781,261.5625,0,0,1771346986384,False,True
0,1.4778,96.29449769,0,0,1771346986384,False,True
0,1.4778,384.29583649,0,0,1771346986384,False,True
0,1.47866,26.26041,0,0,1771346987152,True,True
0,1.47869,9.2486,0,0,1771346987194,True,True
0,1.47841,9.829,0,0,1771346990689,True,True
0,1.47894,6.76159952,0,0,1771347002986,False,True
0,1.47893,261.5625,0,0,1771347002986,False,True
0,1.47892,2549.47337777,0,0,1771347002986,False,True
0,1.47866,261.5625,0,0,1771347002986,False,True
0,1.47866,2745.57302836,0,0,1771347002986,False,True
0,1.47865,2000.0,0,0,1771347002986,False,True
0,1.47853,4720.4295958,0,0,1771347002986,False,True
0,1.47853,12454.63739855,0,0,1771347003012,True,True
0,1.47904,15.078,0,0,1771347004422,False,True
0,1.47883,25.0,0,0,1771347023123,True,True
0,1.4794,2000.0,0,0,1771347031868,False,True
0,1.47904,1.80337,0,0,1771347033141,True,True
0,1.47905,104.78759,0,0,1771347034598,True,True
0,1.47905,2.82237,0,0,1771347037506,True,True
0,1.47905,1392.39004,0,0,1771347038111,True,True
0,1.47954,6.76088956,0,0,1771347038111,True,True
0,1.47955,6760.76067917,0,0,1771347038111,True,True
0,1.47981,4306.3487285,0,0,1771347038111,True,True
0,1.47982,20833.32577277,0,0,1771347038111,True,True
0,1.4795,190.6458,0,0,1771347046536,True,True
0,1.47942,6.65915,0,0,1771347050278,True,True
0,1.47942,6.75853556,0,0,1771347051659,True,True
0,1.47943,19.12612444,0,0,1771347051659,True,True
0,1.47971,13.51616195,0,0,1771347060354,False,True
0,1.47941,10.90019805,0,0,1771347060354,False,True
0,1.47795,16.9153218,0,0,1771347069796,False,True
0,1.47779,1.65751,0,0,1771347080661,True,True
0,1.4777,1500.0,0,0,1771347082723,True,True
0,1.47804,44.09671065,0,0,1771347085678,False,True
0,1.47905,1500.0,0,0,1771347092552,True,True
0,1.47946,6759.22650154,0,0,1771347092552,True,True
0,1.47954,261.5625,0,0,1771347092552,True,True
0,1.47962,2825.19644052,0,0,1771347092552,True,True
0,1.47963,46.85749375,0,0,1771347092552,True,True
0,1.47963,4599.86524618,0,0,1771347092552,True,True
0,1.47905,145.29899,0,0,1771347092558,False,True
0,1.47962,5.35376,0,0,1771347094321,True,True
0,1.48106,132.19098,0,0,1771347102019,True,True
0,1.48131,2536.8795172,0,0,1771347107173,True,True
0,1.48131,261.5625,0,0,1771347107173,True,True
0,1.48146,2310.18294281,0,0,1771347107173,True,True
0,1.48114,16.89189189,0,0,1771347110663,False,True
0,1.48123,34.85491,0,0,1771347112478,False,True
0,1.48189,15.0,0,0,1771347120930,False,True
0,1.4825,11790.0,0,0,1771347124390,True,True
0,1.4825,0.84325,0,0,1771347124637,True,True
0,1.4824,261.5625,0,0,1771347127182,True,True
0,1.48246,2524.93978619,0,0,1771347127182,True,True
0,1.48247,4729.2089474,0,0,1771347127182,True,True
0,1.4825,3824.61254381,0,0,1771347127182,True,True
0,1.4825,8629.21573257,0,0,1771347132088,True,True
0,1.4825,6997.56737427,0,0,1771347132141,True,True
0,1.4825,8757.76109935,0,0,1771347132143,True,True
0,1.48343,35.39314786,0,0,1771347139506,False,True
0,1.48342,1674.60010994,0,0,1771347139506,False,True
0,1.48342,1909.16578238,0,0,1771347139601,False,True
0,1.48312,6.22444,0,0,1771347147658,True,True
0,1.48212,7.157,0,0,1771347187104,False,True
0,1.48241,4.86598,0,0,1771347190384,True,True
0,1.48182,65.34053,0,0,1771347202033,True,True
0,1.48189,2834.80555237,0,0,1771347204064,True,True
0,1.48216,8.35235,0,0,1771347207363,True,True
0,1.48176,261.5625,0,0,1771347212145,True,True
0,1.48187,2320.62787359,0,0,1771347212145,True,True
0,1.48164,19.92402826,0,0,1771347223213,True,True
0,1.4813,0.66183,0,0,1771347225038,True,True
0,1.48025,196.26786,0,0,1771347243849,True,True
0,1.47925,49.27796013,0,0,1771347247837,False,True
0,1.47926,1674.60010994,0,0,1771347251367,True,True
0,1.47926,1909.16578238,0,0,1771347251367,True,True
0,1.48111,19.17241006,0,0,1771347259316,True,True
0,1.48111,47.02601994,0,0,1771347259316,True,True
0,1.48105,100.0,0,0,1771347262645,True,True
0,1.48104,14.42304,0,0,1771347264393,True,True
0,1.48196,41.83295,0,0,1771347272398,False,True
0,1.4833,131.86747,0,0,1771347294665,True,True
0,1.48407,15.0,0,0,1771347300561,False,True
0,1.484,16.55727,0,0,1771347316082,True,True
0,1.48352,67.1624584,0,0,1771347332251,True,True
0,1.48344,100.0,0,0,1771347333705,False,True
0,1.48331,3370.85398951,0,0,1771347335212,True,True
0,1.4834,3264.97187049,0,0,1771347335212,True,True
0,1.48317,55.80279895,0,0,1771347336269,False,True
0,1.4831,129.67762615,0,0,1771347336269,False,True
0,1.48289,100.0,0,0,1771347338575,True,True
0,1.48407,7.758806,0,0,1771347348068,True,True
0,1.4847,973.8608987,0,0,1771347351054,True,True
0,1.48479,1.95668,0,0,1771347353031,True,True
0,1.48471,261.5625,0,0,1771347353241,False,True
0,1.4847,2476.84294719,0,0,1771347353241,False,True
0,1.48461,6024.0,0,0,1771347353241,False,True
0,1.48452,3368.06982892,0,0,1771347353241,False,True
0,1.48444,4304.03812716,0,0,1771347353241,False,True
0,1.48425,21.57933,0,0,1771347356753,True,True
0,1.48453,33.02029,0,0,1771347360682,True,True
0,1.48453,93.71796385,0,0,1771347361875,True,True
0,1.485,92.65,0,0,1771347362340,True,True
0,1.485,5744.25901553,0,0,1771347362340,True,True
0,1.48561,70.717713,0,0,1771347363452,False,True
0,1.48542,21.47751288,0,0,1771347375693,True,True
0,1.48587,21.30815,0,0,1771347390440,True,True
0,1.48519,130.70118572,0,0,1771347402393,True,True
0,1.48542,543.92153152,0,0,1771347402393,True,True
0,1.4856,9.7469036,0,0,1771347407438,False,True
0,1.48495,1098.44102495,0,0,1771347413776,False,True
0,1.48461,261.5625,0,0,1771347414443,True,True
0,1.48462,1738.4375,0,0,1771347414443,True,True
0,1.4843,30.81429,0,0,1771347414479,False,True
0,1.48428,7.11510898,0,0,1771347421822,False,True
0,1.48428,49.62336582,0,0,1771347427398,True,True
0,1.48429,63.27027418,0,0,1771347427398,True,True
0,1.48437,6.47791962,0,0,1771347428757,True,True
0,1.47964,49.6233658,0,0,1771347453339,False,True
0,1.47946,261.5625,0,0,1771347455719,False,True
0,1.47931,261.5625,0,0,1771347455719,False,True
0,1.47931,1777.15736931,0,0,1771347455719,False,True
0,1.47931,4252.14263069,0,0,1771347455720,False,True
0,1.4793,2000.0,0,0,1771347455720,False,True
0,1.47919,1224.61644618,0,0,1771347455720,False,True
0,1.47919,5535.82352059,0,0,1771347455721,False,True
0,1.47916,2074.20772345,0,0,1771347455721,False,True
0,1.47913,535.18763654,0,0,1771347455721,False,True
0,1.4785,1000.0,0,0,1771347477282,False,True
0,1.47864,632.19306,0,0,1771347478202,True,True
0,1.47865,127.12102212,0,0,1771347479820,True,True
0,1.47841,125.97537361,0,0,1771347480303,True,True
0,1.47825,124.84024948,0,0,1771347484653,True,True
0,1.47751,1.0,0,0,1771347485902,True,True
0,1.47671,236.6377729,0,0,1771347499506,False,True
0,1.4766,16.93078694,0,0,1771347499506,False,True
0,1.47645,146.43144016,0,0,1771347499506,False,True
0,1.47693,124.84024948,0,0,1771347504811,True,True
0,1.47669,9.80571413,0,0,1771347506748,False,True
0,1.4762,253.378378,0,0,1771347508194,False,True
0,1.47622,2370.85844249,0,0,1771347508357,True,True
0,1.4761,32.8524,0,0,1771347520724,False,True
0,1.47664,2.0001,0,0,1771347528381,False,True
0,1.47695,203.11442112,0,0,1771347528725,True,True
0,1.47661,2.81593251,0,0,1771347532452,True,True
0,1.47661,55.84545572,0,0,1771347532452,True,True
0,1.47665,1500.0,0,0,1771347535426,True,True
0,1.47673,69.9375394,0,0,1771347535426,True,True
0,1.47677,462.37134926,0,0,1771347535426,True,True
0,1.47637,64.38740872,0,0,1771347545908,False,True
0,1.47637,899.66777585,0,0,1771347545908,False,True
0,1.47637,1100.33222415,0,0,1771347545908,False,True
0,1.47637,6.0,0,0,1771347545908,False,True
0,1.47636,1370.51072304,0,0,1771347545908,False,True
0,1.47636,21.47751288,0,0,1771347545908,False,True
0,1.47636,9.7469036,0,0,1771347545908,False,True
0,1.47633,984.038,0,0,1771347568933,True,True
0,1.47623,53.271911,0,0,1771347570233,False,True
0,1.47638,130.53254643,0,0,1771347572140,False,True
0,1.4763,216.82178,0,0,1771347600316,False,True
0,1.47599,15.27739906,0,0,1771347602221,False,True
0,1.47585,22.79994858,0,0,1771347607584,False,True
0,1.4757,1999.99999992,0,0,1771347607584,False,True
0,1.47616,637.50016444,0,0,1771347609898,False,True
0,1.47593,4.34425,0,0,1771347612044,True,True
0,1.47617,6.77428751,0,0,1771347613915,False,True
0,1.47612,254.26541437,0,0,1771347613915,False,True
0,1.47618,0.67078,0,0,1771347614031,True,True
0,1.47611,6.70658,0,0,1771347614917,True,True
0,1.47611,261.03970188,0,0,1771347614957,False,True
0,1.4761,90.71802185,0,0,1771347617802,False,True
0,1.4761,1208.87784792,0,0,1771347621704,False,True
0,1.4761,700.4041302,0,0,1771347621705,False,True
0,1.4758,2000.0,0,0,1771347621774,False,True
0,1.4756,254.28056286,0,0,1771347622442,False,True
0,1.4756,127.50524524,0,0,1771347622442,False,True
0,1.47311,6.78835932,0,0,1771347629740,False,True
0,1.4731,23.18143068,0,0,1771347629740,False,True
0,1.47344,13.3662,0,0,1771347637477,False,True
0,1.47329,196.0235202,0,0,1771347640726,False,True
0,1.47329,5586.93941009,0,0,1771347641241,False,True
0,1.4731,674.62271724,0,0,1771347645430,False,True
0,1.47401,6.78615812,0,0,1771347656466,True,True
0,1.47413,15.18942188,0,0,1771347656466,True,True
0,1.47422,676.94690862,0,0,1771347657363,False,True
0,1.47475,3.26219284,0,0,1771347660188,True,True
0,1.4742,2000.0,0,0,1771347663492,False,True
0,1.4738,41.92841464,0,0,1771347664247,False,True
0,1.47294,26.58082432,0,0,1771347681305,True,True
0,1.47305,843.60150156,0,0,1771347681442,True,True
0,1.47333,6.45642241,0,0,1771347681482,False,True
0,1.47489,3.32666844,0,0,1771347689639,False,True
0,1.47424,98.47825,0,0,1771347696653,True,True
0,1.47407,5.92285543,0,0,1771347697689,False,True
0,1.47425,75.07759484,0,0,1771347699927,True,True
0,1.47425,150.15518968,0,0,1771347699929,True,True
0,1.47425,783.78618361,0,0,1771347699931,True,True
0,1.47425,490.98103187,0,0,1771347699987,True,True
0,1.47523,5.60068,0,0,1771347703705,False,True
0,1.47525,2.22225523,0,0,1771347706999,False,True
0,1.47539,6.53386562,0,0,1771347709200,True,True
0,1.47545,4.03428784,0,0,1771347718645,True,True
0,1.47601,25.0,0,0,1771347720906,False,True
0,1.47631,12.61757,0,0,1771347722821,True,True
0,1.4763,392.39555037,0,0,1771347723657,False,True
0,1.4755,20.633508,0,0,1771347725561,False,True
0,1.47551,82.86886956,0,0,1771347725689,True,True
0,1.47535,67.10943,0,0,1771347731045,True,True
0,1.47566,5777.17996736,0,0,1771347734942,True,True
0,1.47631,542.20444292,0,0,1771347738613,True,True
0,1.47696,6.2212,0,0,1771347738646,False,True
0,1.47731,6.57925,0,0,1771347741795,True,True
0,1.47731,6.56136,0,0,1771347747364,True,True
0,1.47722,1.41722,0,0,1771347753635,False,True
0,1.4773,579.9459881,0,0,1771347757897,False,True
0,1.47733,1500.0,0,0,1771347765211,True,True
0,1.47875,1852.62046969,0,0,1771347769357,False,True
0,1.47875,1349.08558393,0,0,1771347769622,False,True
0,1.4783,5759.92939983,0,0,1771347771660,True,True
0,1.47825,196.46693,0,0,1771347774455,True,True
0,1.47815,1.75336535,0,0,1771347780532,False,True
0,1.47685,30.0,0,0,1771347783922,True,True
0,1.4762,2000.0,0,0,1771347794531,False,True
0,1.4761,2000.0,0,0,1771347796796,False,True
0,1.47526,35.39314786,0,0,1771347797194,False,True
0,1.47508,415.67264107,0,0,1771347797194,False,True
0,1.47419,11.97099759,0,0,1771347800049,True,True
0,1.4741,72.6977652,0,0,1771347805582,False,True
0,1.4741,72.6977652,0,0,1771347805632,False,True
0,1.4741,1491.7911,0,0,1771347805671,False,True
0,1.4741,362.8133696,0,0,1771347805673,False,True
0,1.47396,125.0,0,0,1771347805861,False,True
0,1.47405,131.46419,0,0,1771347809299,True,True
0,1.47372,2.87508,0,0,1771347817894,True,True
0,1.47364,3.28243,0,0,1771347823777,False,True
0,1.47525,3.70648,0,0,1771347849037,True,True
0,1.475,3.28193,0,0,1771347884648,True,True
0,1.47504,11.56533,0,0,1771347886692,True,True
0,1.47555,129.00753,0,0,1771347895612,True,True
0,1.47545,16.41935,0,0,1771347898584,False,True
0,1.47535,1075.86212725,0,0,1771347903725,True,True
0,1.47535,424.13787275,0,0,1771347903727,True,True
0,1.47515,13.12815,0,0,1771347933881,True,True
0,1.47504,6.6411,0,0,1771347940396,True,True
0,1.47544,261.5625,0,0,1771347964302,True,True
0,1.47545,1500.0,0,0,1771347964302,True,True
0,1.47545,261.5625,0,0,1771347964302,True,True
0,1.47551,64.14519573,0,0,1771347964302,True,True
0,1.47552,1268.83429427,0,0,1771347964302,True,True
0,1.47476,21.45642,0,0,1771347980196,True,True
0,1.47488,9.97949,0,0,1771347998848,True,True
0,1.47484,961.3153075,0,0,1771348001634,True,True
0,1.47485,371.4382425,0,0,1771348001634,True,True
0,1.47503,49.90719,0,0,1771348006961,False,True
0,1.47454,1.65001723,0,0,1771348022143,False,True
0,1.47425,60.74373961,0,0,1771348026017,False,True
0,1.47422,21.06368039,0,0,1771348026017,False,True
0,1.47588,261.5625,0,0,1771348031845,True,True
0,1.47589,394.95199,0,0,1771348031845,True,True
0,1.47565,9.51367,0,0,1771348035671,True,True
0,1.47844,33.84438352,0,0,1771348062140,True,True
0,1.47844,37.16782554,0,0,1771348067767,True,True
0,1.47795,1500.0,0,0,1771348072386,True,True
0,1.47809,1384.32549182,0,0,1771348072386,True,True
0,1.4781,261.5625,0,0,1771348072386,True,True
0,1.47817,60.74373961,0,0,1771348072386,True,True
0,1.47821,6047.1,0,0,1771348072386,True,True
0,1.47831,261.5625,0,0,1771348072386,True,True
0,1.47839,3030.06837002,0,0,1771348072386,True,True
0,1.47839,12454.63739855,0,0,1771348072386,True,True
0,1.47815,108.44921018,0,0,1771348073355,True,True
0,1.47693,6.70113,0,0,1771348100766,True,True
0,1.47616,31.40198057,0,0,1771348113107,True,True
0,1.4758,50.0,0,0,1771348130218,False,True
0,1.47487,1641.08325,0,0,1771348166274,True,True
0,1.47368,10.0,0,0,1771348179318,True,True
0,1.47364,70.78629573,0,0,1771348179318,False,True
0,1.47359,1192.17983973,0,0,1771348179318,False,True
0,1.47273,79.83719612,0,0,1771348189135,False,True
0,1.47205,33.86907308,0,0,1771348191441,True,True
0,1.47204,48.23358,0,0,1771348193553,False,True
0,1.472,3396.73913043,0,0,1771348194382,False,True
0,1.47197,28.88485666,0,0,1771348194388,False,True
0,1.47196,125.0,0,0,1771348194388,False,True
0,1.47116,127.89005954,0,0,1771348196011,False,True
0,1.47104,4470.92736627,0,0,1771348196011,False,True
0,1.47105,6.71935545,0,0,1771348205197,True,True
0,1.47105,51.94203278,0,0,1771348205197,True,True
0,1.47083,237.58378984,0,0,1771348217030,False,True
0,1.4708,23.11667119,0,0,1771348217077,False,True
0,1.47049,65.98557,0,0,1771348219823,True,True
0,1.47048,255.16593123,0,0,1771348223663,False,True
0,1.47,1.9196001,0,0,1771348224389,False,True
0,1.46944,11.91897165,0,0,1771348229988,False,True
0,1.46911,156.63034775,0,0,1771348230076,False,True
0,1.46832,77.792,0,0,1771348232571,False,True
0,1.46832,3.279e-05,0,0,1771348232571,False,True
0,1.46824,146.13986887,0,0,1771348232571,False,True
0,1.46811,6.8114787,0,0,1771348232571,False,True
0,1.46804,1110.0147551,0,0,1771348232571,False,True
0,1.46779,50.69588973,0,0,1771348233023,False,True
0,1.46773,957.67063517,0,0,1771348233023,False,True
0,1.46773,53.1147,0,0,1771348233070,False,True
0,1.46773,989.21466483,0,0,1771348233072,False,True
0,1.46723,68.15564022,0,0,1771348233388,False,True
0,1.46686,80.15668424,0,0,1771348235545,False,True
0,1.46673,128.27632897,0,0,1771348235562,False,True
0,1.46673,25.0,0,0,1771348235562,False,True
0,1.46672,500.0,0,0,1771348235562,False,True
0,1.46665,20.58140092,0,0,1771348235591,False,True
0,1.46605,272.21254356,0,0,1771348239415,True,True
0,1.46654,6.81941155,0,0,1771348239780,True,True
0,1.46655,608.36536845,0,0,1771348239780,True,True
0,1.46597,47.74989533,0,0,1771348242711,False,True
0,1.46538,256.05399184,0,0,1771348243030,False,True
0,1.46538,220.88999703,0,0,1771348243030,False,True
0,1.4651,25.00403327,0,0,1771348244153,True,True
0,1.4651,3000.0,0,0,1771348244154,True,True
0,1.465,3412.96928327,0,0,1771348248384,False,True
0,1.46497,238.53414446,0,0,1771348248443,False,True
0,1.46457,4.77955987,0,0,1771348248592,False,True
0,1.46376,6.83172104,0,0,1771348248727,False,True
0,1.46375,284.54377896,0,0,1771348248727,False,True
0,1.46399,261.5625,0,0,1771348250298,False,True
0,1.46397,157.0573,0,0,1771348250298,False,True
0,1.46397,104.5052,0,0,1771348250298,False,True
0,1.46395,8.5103856,0,0,1771348250298,False,True
0,1.46395,253.0521144,0,0,1771348250298,False,True
0,1.46392,6.83097437,0,0,1771348250298,False,True
0,1.46391,261.5625,0,0,1771348250298,False,True
0,1.4639,261.5625,0,0,1771348250298,False,True
0,1.46388,243.2014275,0,0,1771348250298,False,True
0,1.46374,337.7,0,0,1771348250298,False,True
0,1.46373,500.0,0,0,1771348250298,False,True
0,1.46371,604.45509813,0,0,1771348250298,False,True
0,1.46337,6.83354175,0,0,1771348252470,False,True
0,1.46336,1779.33876876,0,0,1771348252470,False,True
0,1.46334,66.44815918,0,0,1771348252470,False,True
0,1.46334,195.11434082,0,0,1771348252470,False,True
0,1.4632,29.05798418,0,0,1771348252470,False,True
0,1.46319,261.5625,0,0,1771348252470,False,True
0,1.46319,863.35075893,0,0,1771348252470,False,True
0,1.46406,6.83032116,0,0,1771348255341,False,True
0,1.46406,638.77692,0,0,1771348255341,False,True
0,1.46406,250.02651226,0,0,1771348255341,False,True
0,1.46406,19.8606,0,0,1771348255405,False,True
0,1.46253,261.5625,0,0,1771348263629,False,True
0,1.46252,261.5625,0,0,1771348263629,False,True
0,1.46252,2300.71333661,0,0,1771348263629,False,True
0,1.46255,22.33584,0,0,1771348266418,False,True
0,1.46309,6.71935545,0,0,1771348266459,True,True
0,1.46237,13.64171643,0,0,1771348267922,False,True
0,1.46407,6.57188749,0,0,1771348272396,True,True
0,1.46386,71.56490327,0,0,1771348272484,False,True
0,1.46407,698.31072166,0,0,1771348273692,True,True
0,1.46407,12763.02242208,0,0,1771348274459,True,True
0,1.46407,291.75999694,0,0,1771348274459,True,True
0,1.46407,150.16171331,0,0,1771348274459,True,True
0,1.46407,225.24161476,0,0,1771348274460,True,True
0,1.46407,150.1616892,0,0,1771348274460,True,True
0,1.46407,225.24163887,0,0,1771348274460,True,True
0,1.46407,75.08085666,0,0,1771348274467,True,True
0,1.46407,150.16139704,0,0,1771348274520,True,True
0,1.46407,150.16107437,0,0,1771348274520,True,True
0,1.46407,150.16152067,0,0,1771348274522,True,True
0,1.46407,150.16095075,0,0,1771348274523,True,True
0,1.46407,75.08085666,0,0,1771348274523,True,True
0,1.46407,150.1614364,0,0,1771348274525,True,True
0,1.46407,1664.24649498,0,0,1771348274538,True,True
0,1.46555,25.40699,0,0,1771348279734,True,True
0,1.46434,261.5625,0,0,1771348291254,False,True
0,1.4643,6064.6,0,0,1771348291254,False,True
0,1.46402,346.4,0,0,1771348291254,False,True
0,1.46401,2428.7008856,0,0,1771348291254,False,True
0,1.46425,22.43845812,0,0,1771348318289,True,True
0,1.46231,128.66405892,0,0,1771348327650,False,True
0,1.46136,2000.0,0,0,1771348327806,False,True
0,1.46125,3710.93,0,0,1771348327806,False,True
0,1.4619,11.54337999,0,0,1771348332912,False,True
0,1.46102,80.47708713,0,0,1771348358540,False,True
0,1.46102,523.34992722,0,0,1771348358540,False,True
0,1.461,54.75701574,0,0,1771348358540,False,True
0,1.46073,369.281317,0,0,1771348359079,False,True
0,1.46164,14.41152071,0,0,1771348363645,False,True
0,1.46169,8.62816662,0,0,1771348364683,True,True
0,1.46255,33.89009,0,0,1771348365584,True,True
0,1.46232,10.05964748,0,0,1771348373659,False,True
0,1.46244,2940.29156752,0,0,1771348373829,True,True
0,1.46288,140.69829,0,0,1771348374716,False,True
0,1.46295,132.78268,0,0,1771348375988,True,True
0,1.46355,6.75917,0,0,1771348379545,True,True
0,1.463,24.22689,0,0,1771348382853,False,True
0,1.46272,10.0,0,0,1771348390788,False,True
0,1.46322,102.77962,0,0,1771348401407,False,True
0,1.46425,6.27341,0,0,1771348418709,True,True
0,1.46425,646.23045245,0,0,1771348418709,True,True
0,1.46425,847.49613755,0,0,1771348418709,True,True
0,1.46428,1001.67079299,0,0,1771348418709,True,True
0,1.46444,24.22689,0,0,1771348420936,False,True
0,1.46444,1.65,0,0,1771348423488,False,True
0,1.46445,1500.0,0,0,1771348423581,True,True
0,1.46563,369.20666016,0,0,1771348433151,False,True
0,1.46569,6080.8,0,0,1771348434088,False,True
0,1.46566,261.5625,0,0,1771348434088,False,True
0,1.46557,5183.75284999,0,0,1771348434088,False,True
0,1.46707,34.12852803,0,0,1771348438579,True,True
0,1.46707,28.83999795,0,0,1771348438580,True,True
0,1.46705,125.21745554,0,0,1771348445245,True,True
0,1.46641,3304.21304,0,0,1771348452964,True,True
0,1.46605,6.65352477,0,0,1771348462940,True,True
0,1.46606,50.68168978,0,0,1771348463714,False,True
0,1.46606,235.06483789,0,0,1771348463714,False,True
0,1.46634,64.06521,0,0,1771348469512,True,True
0,1.46726,69.72764,0,0,1771348485887,False,True
0,1.46745,1.01206,0,0,1771348487155,True,True
0,1.46701,261.5625,0,0,1771348491036,True,True
0,1.46705,1284.57187425,0,0,1771348491036,True,True
0,1.46705,261.5625,0,0,1771348491036,True,True
0,1.46706,261.5625,0,0,1771348491036,True,True
0,1.46711,754.57896236,0,0,1771348491036,True,True
0,1.46711,13.64171643,0,0,1771348491036,True,True
0,1.46711,14.41152071,0,0,1771348491036,True,True
0,1.46711,6.61924581,0,0,1771348491036,True,True
0,1.46669,6.1975,0,0,1771348491744,True,True
0,1.46676,61.46134594,0,0,1771348500705,False,True
0,1.46714,132.37533,0,0,1771348505623,True,True
0,1.4684,2.00892081,0,0,1771348510633,True,True
0,1.46824,44.30569371,0,0,1771348512714,True,True
0,1.46825,1500.0,0,0,1771348512714,True,True
0,1.46838,4127.81678331,0,0,1771348512714,True,True
0,1.46798,2.00892081,0,0,1771348520361,True,True
0,1.46727,34.70784,0,0,1771348531297,False,True
0,1.46842,53.74588,0,0,1771348538068,False,True
0,1.46843,53.70527113,0,0,1771348538641,True,True
0,1.46843,75.08068247,0,0,1771348538642,True,True
0,1.46843,75.08064953,0,0,1771348538653,True,True
0,1.46843,150.16129904,0,0,1771348538654,True,True
0,1.46843,145.97209783,0,0,1771348538709,True,True
0,1.46904,1500.0,0,0,1771348539902,True,True
0,1.46928,1167.50394815,0,0,1771348539902,True,True
0,1.46892,46.09354,0,0,1771348541966,False,True
0,1.46875,6.61164,0,0,1771348543329,True,True
0,1.4665,53.88829,0,0,1771348555105,False,True
0,1.46881,50.0,0,0,1771348592504,False,True
0,1.46893,3.14297982,0,0,1771348592504,True,True
0,1.46895,100.0,0,0,1771348597192,True,True
0,1.46894,190.66555899,0,0,1771348601595,True,True
0,1.46863,67.75606,0,0,1771348604174,True,True
0,1.46781,10.23293205,0,0,1771348612739,False,True
0,1.4676,12.50791072,0,0,1771348612739,False,True
0,1.46739,11.99320723,0,0,1771348612739,False,True
0,1.46745,118.59769,0,0,1771348613622,False,True
0,1.46733,1000.0,0,0,1771348620750,True,True
0,1.46651,217.25229,0,0,1771348628769,True,True
0,1.46634,66.02921,0,0,1771348633803,True,True
0,1.46724,49.6465191,0,0,1771348658323,False,True
0,1.46756,34.85312,0,0,1771348673992,False,True
0,1.46692,104.56904,0,0,1771348696866,False,True
0,1.46783,6.68452,0,0,1771348734094,True,True
0,1.46939,5.23898622,0,0,1771348749851,True,True
0,1.46955,1500.0,0,0,1771348753194,True,True
0,1.47055,5.23613613,0,0,1771348756054,True,True
0,1.46965,1323.18503,0,0,1771348767083,True,True
0,1.46949,5.51638,0,0,1771348776218,False,True
0,1.46907,6.47475862,0,0,1771348797692,False,True
0,1.46989,33.35053,0,0,1771348802872,True,True
0,1.47009,6.80230462,0,0,1771348805885,False,True
0,1.47008,261.5625,0,0,1771348805885,False,True
0,1.47007,121.70716486,0,0,1771348805885,False,True
0,1.4697,680.41096822,0,0,1771348808298,False,True
0,1.4688,6.0,0,0,1771348809142,True,True
0,1.4686,2.00892081,0,0,1771348824573,True,True
0,1.4686,3.23416784,0,0,1771348824573,True,True
0,1.46879,1.35556135,0,0,1771348824573,True,True
0,1.4685,70.97973,0,0,1771348834939,False,True
0,1.47103,1.32774,0,0,1771348864183,True,True
0,1.47059,195.65217391,0,0,1771348869504,True,True
0,1.4705,261.5625,0,0,1771348869532,False,True
0,1.47049,2000.0,0,0,1771348869532,False,True
0,1.47034,261.5625,0,0,1771348869532,False,True
0,1.4703,5856.0158775,0,0,1771348869532,False,True
0,1.4706,12.03254,0,0,1771348869756,True,True
0,1.47093,95.03306,0,0,1771348873323,True,True
0,1.47055,18.84693,0,0,1771348878747,True,True
0,1.47063,6.66643,0,0,1771348882084,True,True
0,1.47162,3397.59873301,0,0,1771348891551,False,True
0,1.4716,2.39718699,0,0,1771348891551,False,True
0,1.4705,5.30106,0,0,1771348909639,True,True
0,1.47043,1.99647,0,0,1771348913062,True,True
0,1.46967,9.81924436,0,0,1771348915663,True,True
0,1.47017,35.39314786,0,0,1771348920164,True,True
0,1.4703,6801.33459355,0,0,1771348920164,True,True
0,1.47036,81.79735665,0,0,1771348920164,True,True
0,1.47037,1204.5977379,0,0,1771348920164,True,True
0,1.47038,6803.18265655,0,0,1771348920164,True,True
0,1.4704,2535.51309044,0,0,1771348920164,True,True
0,1.47041,6078.1,0,0,1771348920164,True,True
0,1.47042,1500.0,0,0,1771348920164,True,True
0,1.47042,376.5,0,0,1771348920164,True,True
0,1.47043,97.90530318,0,0,1771348920164,True,True
0,1.47045,880.73312988,0,0,1771348920164,True,True
0,1.4705,3968.51477264,0,0,1771348920164,True,True
0,1.47054,2745.57302836,0,0,1771348920164,True,True
0,1.47061,261.5625,0,0,1771348920164,True,True
0,1.47062,29583.2,0,0,1771348920164,True,True
0,1.47062,29583.2,0,0,1771348920164,True,True
0,1.47064,67.99760648,0,0,1771348920164,True,True
0,1.4707,6799.52370832,0,0,1771348920164,True,True
0,1.4708,261.5625,0,0,1771348920164,True,True
0,1.47084,1359.76720785,0,0,1771348920164,True,True
0,1.47086,1359.74871843,0,0,1771348920164,True,True
0,1.47087,2490.246534,0,0,1771348920164,True,True
0,1.47091,16792.32686332,0,0,1771348920164,True,True
0,1.47095,261.5625,0,0,1771348920164,True,True
0,1.47107,13605.97254088,0,0,1771348920164,True,True
0,1.47108,2535.51309044,0,0,1771348920164,True,True
0,1.47108,16430.01511055,0,0,1771348920164,True,True
0,1.47054,10.1449,0,0,1771348932551,True,True
0,1.47036,3.26783213,0,0,1771348933775,True,True
0,1.46901,7.274101,0,0,1771348954701,True,True
0,1.46879,6.77372,0,0,1771348958038,True,True
0,1.46736,131.85526,0,0,1771348973537,True,True
0,1.46668,35.39314786,0,0,1771348976876,False,True
0,1.46635,2628.87663245,0,0,1771348976876,False,True
0,1.46635,5.23898622,0,0,1771348976876,False,True
0,1.46635,5.23613613,0,0,1771348976876,False,True
0,1.46681,261.5625,0,0,1771348987944,False,True
0,1.46679,1000.0,0,0,1771348987944,False,True
0,1.46679,261.5625,0,0,1771348987944,False,True
0,1.46678,1000.0,0,0,1771348987944,False,True
0,1.46677,836.98515055,0,0,1771348987944,False,True
0,1.46677,163.01484945,0,0,1771348987951,False,True
0,1.46677,261.5625,0,0,1771348987951,False,True
0,1.46672,2935.5328011,0,0,1771348987951,False,True
0,1.46718,34.88875983,0,0,1771349013522,False,True
0,1.46684,58.32513,0,0,1771349025953,True,True
0,1.46685,6.68366,0,0,1771349039631,True,True
0,1.46685,31.1082,0,0,1771349040330,True,True
0,1.46601,25.0,0,0,1771349046098,True,True
0,1.466,0.794874,0,0,1771349046420,False,True
0,1.466,0.56938249,0,0,1771349046420,False,True
0,1.46543,60.01945617,0,0,1771349046569,True,True
0,1.46563,175.0,0,0,1771349049411,False,True
0,1.46557,2546.96195215,0,0,1771349049874,False,True
0,1.46529,9.80897979,0,0,1771349055138,False,True
0,1.46633,66.68497,0,0,1771349072469,True,True
0,1.46647,60.93914902,0,0,1771349073461,True,True
0,1.46648,5.74849098,0,0,1771349073461,True,True
0,1.46734,189.07670276,0,0,1771349086961,False,True
0,1.46841,132.39338,0,0,1771349091030,True,True
0,1.46881,33.37414,0,0,1771349099054,True,True
0,1.46992,65.94648,0,0,1771349110741,True,True
0,1.46983,55.47749407,0,0,1771349111234,False,True
0,1.46906,47.05338,0,0,1771349118781,False,True
0,1.46909,11.83917,0,0,1771349121262,True,True
0,1.46904,25.77734,0,0,1771349131376,True,True
0,1.46935,518.67484,0,0,1771349139952,False,True
0,1.46942,5.68902,0,0,1771349143170,True,True
0,1.46935,199.0,0,0,1771349144271,False,True
0,1.47,1295.03014635,0,0,1771349152131,True,True
0,1.47075,2546.96195215,0,0,1771349152818,True,True
0,1.47075,7.97682336,0,0,1771349152818,True,True
0,1.4713,59.69677873,0,0,1771349154627,False,True
0,1.47164,9.49195,0,0,1771349160559,True,True
0,1.47145,1.83215643,0,0,1771349165693,True,True
0,1.47215,21.43324,0,0,1771349170211,True,True
0,1.47212,64.24813,0,0,1771349171754,True,True
0,1.47105,25.31713,0,0,1771349198514,True,True
0,1.47173,2385.75010361,0,0,1771349210633,True,True
0,1.47224,6.72768,0,0,1771349214786,True,True
0,1.47233,59.66028108,0,0,1771349217988,False,True
0,1.4727,6.53221973,0,0,1771349220208,True,True
0,1.4721,6.72302,0,0,1771349225874,True,True
0,1.47145,2005.0776,0,0,1771349237653,True,True
0,1.47145,1392.94882997,0,0,1771349237654,True,True
0,1.47246,5.86018402,0,0,1771349244015,True,True
0,1.47243,699.52392,0,0,1771349249591,False,True
0,1.47245,2.12542016,0,0,1771349250574,True,True
0,1.47184,1.78532631,0,0,1771349257568,False,True
0,1.47221,12.49588,0,0,1771349260449,True,True
0,1.4727,1.72472329,0,0,1771349268394,True,True
0,1.47259,13.18593,0,0,1771349276300,True,True
0,1.47259,1.72485213,0,0,1771349276340,True,True
0,1.47259,0.91051787,0,0,1771349276452,True,True
0,1.47261,132.25151213,0,0,1771349276452,True,True
0,1.47261,131.89876,0,0,1771349276718,True,True
0,1.4727,1.72472329,0,0,1771349282116,True,True
0,1.4722,11.1958,0,0,1771349288825,False,True
0,1.4727,3.01487064,0,0,1771349305930,True,True
0,1.4727,9.88871,0,0,1771349308679,True,True
0,1.47155,2.16343,0,0,1771349318688,True,True
0,1.47155,3.29731,0,0,1771349322206,True,True
0,1.47199,137.03325591,0,0,1771349334721,False,True
0,1.4727,57.5113631,0,0,1771349356625,True,True
0,1.47291,59.63562078,0,0,1771349356625,True,True
0,1.47294,9.59126997,0,0,1771349356625,True,True
0,1.47255,6.25609,0,0,1771349365348,True,True
0,1.473,1.32457569,0,0,1771349393058,True,True
0,1.473,67.3455,0,0,1771349393731,True,True
0,1.473,25.21108,0,0,1771349395298,True,True
0,1.473,3.01425661,0,0,1771349398872,True,True
0,1.47266,13.33926,0,0,1771349403710,False,True
0,1.47285,1500.0,0,0,1771349403896,True,True
0,1.473,16921.48443794,0,0,1771349404681,True,True
0,1.47324,1.89341241,0,0,1771349408584,True,True
0,1.47255,6.78908643,0,0,1771349414344,True,True
0,1.47272,178.96535003,0,0,1771349414344,True,True
0,1.47273,6.79075819,0,0,1771349416736,True,True
0,1.47274,79.79323181,0,0,1771349416736,True,True
0,1.4725,6.79075837,0,0,1771349418214,True,True
0,1.47269,332.65255459,0,0,1771349418214,True,True
0,1.47263,6.25411678,0,0,1771349426431,True,True
0,1.47285,1500.0,0,0,1771349430956,True,True
0,1.47285,6.78645616,0,0,1771349430956,True,True
0,1.47323,261.5625,0,0,1771349430956,True,True
0,1.47336,1086.00437336,0,0,1771349430956,True,True
0,1.47338,261.5625,0,0,1771349430956,True,True
0,1.47338,584.08417048,0,0,1771349430956,True,True
0,1.47294,6.78645616,0,0,1771349437681,True,True
0,1.47309,657.28953384,0,0,1771349437681,True,True
0,1.47251,6.78904549,0,0,1771349448288,True,True
0,1.47251,54.61630999,0,0,1771349448288,True,True
0,1.47252,31.85837,0,0,1771349448578,True,True
0,1.47251,3.31196847,0,0,1771349453971,True,True
0,1.4725,67.91171477,0,0,1771349454870,False,True
0,1.47132,10.66804,0,0,1771349468550,True,True
0,1.4723,25.0,0,0,1771349476100,True,True
0,1.4725,6.69076,0,0,1771349485644,True,True
0,1.47235,169.79658369,0,0,1771349495512,True,True
0,1.4722,6.75876,0,0,1771349517033,True,True
0,1.4718,100.0,0,0,1771349524307,True,True
0,1.46904,1550.0,0,0,1771349530144,False,True
0,1.46904,2799.29759577,0,0,1771349530145,False,True
0,1.46867,154.0927,0,0,1771349539306,False,True
0,1.46881,13.41104,0,0,1771349540815,True,True
0,1.46896,6.80753731,0,0,1771349541919,True,True
0,1.46896,10.0,0,0,1771349542006,True,True
0,1.4684,261.5625,0,0,1771349545972,False,True
0,1.46834,2124.18760361,0,0,1771349545972,False,True
0,1.46834,6.53221973,0,0,1771349545972,False,True
0,1.46834,5.86018402,0,0,1771349545972,False,True
0,1.46834,2.12542016,0,0,1771349545972,False,True
0,1.46834,1.72472329,0,0,1771349545972,False,True
0,1.46834,1.72485213,0,0,1771349545972,False,True
0,1.46834,1.72472329,0,0,1771349545972,False,True
0,1.46834,3.01487064,0,0,1771349545972,False,True
0,1.46834,3.01425661,0,0,1771349545972,False,True
0,1.46834,1.89341241,0,0,1771349545972,False,True
0,1.46834,6.25411678,0,0,1771349545972,False,True
0,1.4669,2000.0,0,0,1771349575531,False,True
0,1.46645,119.25262907,0,0,1771349590650,True,True
0,1.46634,214.62163,0,0,1771349594722,False,True
0,1.46675,13.24421,0,0,1771349597453,True,True
0,1.4666,0.99009901,0,0,1771349599413,False,True
0,1.46673,29.90080676,0,0,1771349606412,False,True
0,1.46717,42.75726,0,0,1771349632439,False,True
0,1.46675,60.89146885,0,0,1771349647965,False,True
0,1.4664,620.4949,0,0,1771349647980,False,True
0,1.4664,891.8045,0,0,1771349647990,False,True
0,1.4664,487.7006,0,0,1771349648005,False,True
0,1.46623,490.5,0,0,1771349648033,False,True
0,1.46607,1017.08875867,0,0,1771349648134,False,True
0,1.4659,1081.64221219,0,0,1771349648183,False,True
0,1.4659,4828.96324595,0,0,1771349648330,False,True
0,1.4658,5253.33547336,0,0,1771349648330,False,True
0,1.46523,500.0,0,0,1771349649170,False,True
0,1.46487,60.03793179,0,0,1771349649284,True,True
0,1.46398,8.9047,0,0,1771349655110,False,True
0,1.46398,2.787e-05,0,0,1771349655151,False,True
0,1.46365,39.7126,0,0,1771349655562,True,True
0,1.46244,51.34957741,0,0,1771349657303,False,True
0,1.46224,38.37988,0,0,1771349661185,True,True
0,1.46325,13.4002,0,0,1771349667033,True,True
0,1.46322,627.23171775,0,0,1771349676272,False,True
0,1.46322,372.76828225,0,0,1771349676272,False,True
0,1.46337,2217.37737288,0,0,1771349678313,False,True
0,1.46428,1274.1514,0,0,1771349696331,True,True
0,1.46428,225.8486,0,0,1771349696335,True,True
0,1.46465,705.74157239,0,0,1771349696430,True,True
0,1.4665,205.40582,0,0,1771349709967,True,True
0,1.46614,0.66045,0,0,1771349715994,True,True
0,1.46615,68.20584524,0,0,1771349718299,True,True
0,1.46457,261.5625,0,0,1771349723974,False,True
0,1.46434,1158.41934435,0,0,1771349723974,False,True
0,1.46533,158.23604,0,0,1771349728857,False,True
0,1.46569,9.45079,0,0,1771349730327,True,True
0,1.46591,211.40841,0,0,1771349738934,False,True
0,1.4665,6.68635,0,0,1771349750386,True,True
0,1.46625,198.57654,0,0,1771349751357,True,True
0,1.46615,9.0,0,0,1771349763017,True,True
0,1.46561,35.21823,0,0,1771349766674,False,True
0,1.465,705.74157239,0,0,1771349784402,False,True
0,1.46501,764.85525137,0,0,1771349790248,True,True
0,1.46545,1.31231106,0,0,1771349807762,True,True
0,1.46624,60.24609,0,0,1771349825576,True,True
0,1.46632,20.15084,0,0,1771349830041,True,True
0,1.46731,16.71484,0,0,1771349839113,True,True
0,1.46714,51.34957741,0,0,1771349844688,False,True
0,1.46714,2216.87976675,0,0,1771349844688,False,True
0,1.46599,9.04441487,0,0,1771349850294,False,True
0,1.46628,14.08412,0,0,1771349862604,False,True
0,1.46681,2.72942475,0,0,1771349869763,False,True
0,1.46695,0.49760613,0,0,1771349872491,True,True
0,1.46695,73.161,0,0,1771349873945,True,True
0,1.46843,13.36039,0,0,1771349892871,True,True
0,1.46843,33.07624,0,0,1771349897214,True,True
0,1.46825,3601.33476562,0,0,1771349904890,False,True
0,1.46825,764.85525137,0,0,1771349904892,False,True
0,1.46825,3171.64754474,0,0,1771349905256,False,True
0,1.46744,38.28758,0,0,1771349909844,False,True
0,1.46728,100.0,0,0,1771349919240,False,True
0,1.46584,72.83489,0,0,1771349957052,False,True
0,1.46575,3.37745,0,0,1771349965147,True,True
0,1.46555,2176.63449714,0,0,1771349969207,False,True
0,1.46555,58.00661957,0,0,1771349971222,False,True
0,1.46501,261.5625,0,0,1771349979827,True,True
0,1.46501,25.94235786,0,0,1771349979827,True,True
0,1.46501,470.0,0,0,1771349979827,True,True
0,1.46501,2745.57302836,0,0,1771349979827,True,True
0,1.46501,3108.69178378,0,0,1771349979827,True,True
0,1.46501,6.75633,0,0,1771349979946,True,True
0,1.46501,15.15,0,0,1771349980533,True,True
0,1.46515,116.8419534,0,0,1771349989854,False,True
0,1.46584,6.82317968,0,0,1771350000615,True,True
0,1.46585,6.43098032,0,0,1771350000615,True,True
0,1.46547,592.82354,0,0,1771350006514,False,True
0,1.465,800.0,0,0,1771350012874,False,True
0,1.465,2958.42554313,0,0,1771350014103,False,True
0,1.465,535.83288448,0,0,1771350014131,False,True
0,1.46384,6.82991603,0,0,1771350016734,True,True
0,1.46385,26.95618717,0,0,1771350016734,True,True
0,1.46385,112.29039331,0,0,1771350016734,True,True
0,1.46385,112.29039331,0,0,1771350016734,True,True
0,1.46385,62.34164215,0,0,1771350016734,True,True
0,1.46385,62.34164215,0,0,1771350016734,True,True
0,1.46385,62.34164215,0,0,1771350016734,True,True
0,1.46385,62.34164215,0,0,1771350016734,True,True
0,1.46385,62.34164215,0,0,1771350016734,True,True
0,1.46385,62.34164215,0,0,1771350016734,True,True
0,1.46385,62.34164215,0,0,1771350016734,True,True
0,1.46385,62.34164215,0,0,1771350016734,True,True
0,1.46415,6.8330568,0,0,1771350029441,True,True
0,1.46416,6.5642632,0,0,1771350029441,True,True
0,1.46359,35.39314786,0,0,1771350030738,False,True
0,1.46358,6.83256125,0,0,1771350030738,False,True
0,1.46357,14.02492089,0,0,1771350030738,False,True
0,1.46369,41.33489,0,0,1771350030916,False,True
0,1.46306,545.73777428,0,0,1771350047499,False,True
0,1.46222,6.83599792,0,0,1771350056988,True,True
0,1.46243,481.6,0,0,1771350056988,True,True
0,1.46247,358.55876431,0,0,1771350056988,True,True
0,1.46254,35.39314786,0,0,1771350056988,True,True
0,1.46256,3417.44179299,0,0,1771350056988,True,True
0,1.46267,6092.7,0,0,1771350056988,True,True
0,1.46268,3968.51477264,0,0,1771350056988,True,True
0,1.46269,2727.1305072,0,0,1771350056988,True,True
0,1.46229,20.54240333,0,0,1771350057045,False,True
0,1.46221,944.7,0,0,1771350063185,False,True
0,1.46221,47.2,0,0,1771350063186,False,True
0,1.46221,944.7,0,0,1771350063195,False,True
0,1.46221,2837.53788082,0,0,1771350063274,False,True
0,1.46102,80.477,0,0,1771350067159,False,True
0,1.46102,8.713e-05,0,0,1771350067163,False,True
0,1.46029,256.94649594,0,0,1771350067810,False,True
0,1.46008,7.02789034,0,0,1771350068012,False,True
0,1.46012,35.39314786,0,0,1771350074505,False,True
0,1.46012,35.15393214,0,0,1771350074505,False,True
0,1.46031,63.91716,0,0,1771350081605,True,True
0,1.46024,185.30862581,0,0,1771350081993,False,True
0,1.4603,900.0,0,0,1771350084484,False,True
0,1.46086,26.59236,0,0,1771350091604,True,True
0,1.46086,1.29520979,0,0,1771350092315,True,True
0,1.46142,44.40201995,0,0,1771350093915,True,True
0,1.46125,6161.72473521,0,0,1771350094465,False,True
0,1.46157,1020.0,0,0,1771350106962,True,True
0,1.46195,261.5625,0,0,1771350140702,True,True
0,1.46197,2571.12235356,0,0,1771350140702,True,True
0,1.462,484.17441644,0,0,1771350140702,True,True
0,1.46142,1.20029,0,0,1771350144350,False,True
0,1.46134,0.71163663,0,0,1771350146720,False,True
0,1.46157,261.5625,0,0,1771350147979,False,True
0,1.46146,388.9375,0,0,1771350147979,False,True
0,1.46029,33.12662,0,0,1771350172361,True,True
0,1.4603,2176.63449714,0,0,1771350173036,True,True
0,1.4603,20.54240333,0,0,1771350173036,True,True
0,1.46044,14.08899,0,0,1771350176131,True,True
0,1.46008,15.77205824,0,0,1771350195780,False,True
0,1.46,60.0,0,0,1771350196682,False,True
0,1.46,3.0,0,0,1771350196682,False,True
0,1.45933,14.08899,0,0,1771350197590,False,True
0,1.45913,63.0,0,0,1771350197630,False,True
0,1.45913,63.0,0,0,1771350197635,False,True
0,1.45913,113.48884994,0,0,1771350197636,False,True
0,1.45903,157.71245977,0,0,1771350197777,False,True
0,1.459,1946.35366689,0,0,1771350197777,False,True
0,1.45894,13.70858294,0,0,1771350197777,False,True
0,1.45834,2202.7485753,0,0,1771350199067,False,True
0,1.45845,68.56594329,0,0,1771350199524,False,True
0,1.45845,2.29023268,0,0,1771350199524,False,True
0,1.45922,261.5625,0,0,1771350206046,True,True
0,1.45924,66.54973476,0,0,1771350206046,True,True
0,1.45924,191.88776524,0,0,1771350206046,True,True
0,1.45875,261.5625,0,0,1771350207295,False,True
0,1.4587,2000.0,0,0,1771350207295,False,True
0,1.45854,8406.3,0,0,1771350207295,False,True
0,1.45854,3428.07895278,0,0,1771350207295,False,True
0,1.45845,261.5625,0,0,1771350207295,False,True
0,1.45842,6856.6989522,0,0,1771350207295,False,True
0,1.4583,261.5625,0,0,1771350207295,False,True
0,1.45829,29803.4,0,0,1771350207295,False,True
0,1.45822,300.0,0,0,1771350207295,False,True
0,1.45814,2572.50275406,0,0,1771350207295,False,True
0,1.4581,6855.79867889,0,0,1771350207295,False,True
0,1.45808,4788.1935664,0,0,1771350207295,False,True
0,1.45807,261.5625,0,0,1771350207295,False,True
0,1.458,1.08061751,0,0,1771350207295,False,True
0,1.458,0.29112461,0,0,1771350207295,False,True
0,1.45795,49668.1,0,0,1771350207295,False,True
0,1.4579,129.05325468,0,0,1771350207295,False,True
0,1.45787,8887.51039496,0,0,1771350207295,False,True
0,1.458,1.65,0,0,1771350232303,False,True
0,1.4578,138.22644,0,0,1771350232303,False,True
0,1.45823,30.93416409,0,0,1771350245357,False,True
0,1.45805,261.5625,0,0,1771350246237,False,True
0,1.45804,1563.68462883,0,0,1771350246237,False,True
0,1.45804,261.5625,0,0,1771350246237,False,True
0,1.458,1.35887539,0,0,1771350246237,False,True
0,1.458,0.01286673,0,0,1771350246237,False,True
0,1.45797,261.5625,0,0,1771350246237,False,True
0,1.45791,66.54973476,0,0,1771350246237,False,True
0,1.4579,2000.0,0,0,1771350246237,False,True
0,1.45783,2578.13251863,0,0,1771350246237,False,True
0,1.45781,240.16994355,0,0,1771350246237,False,True
0,1.45781,21.39255645,0,0,1771350246237,False,True
0,1.45779,2358.27758926,0,0,1771350246237,False,True
0,1.45778,4695.72032271,0,0,1771350246237,False,True
0,1.45778,1409.67967729,0,0,1771350246237,False,True
0,1.45778,1428.55035,0,0,1771350246237,False,True
0,1.45774,4146.33547644,0,0,1771350246237,False,True
0,1.45774,339.0993644,0,0,1771350246237,False,True
0,1.45855,25.885512,0,0,1771350260767,True,True
0,1.45919,6.40845554,0,0,1771350266007,False,True
0,1.45861,1.37080192,0,0,1771350271023,True,True
0,1.45864,261.5625,0,0,1771350280458,False,True
0,1.45862,1000.0,0,0,1771350280458,False,True
0,1.45861,1238.4375,0,0,1771350280458,False,True
0,1.45853,1.99713441,0,0,1771350292950,True,True
0,1.45852,600.0,0,0,1771350301560,False,True
0,1.458,0.26633135,0,0,1771350304547,False,True
0,1.458,1.10541077,0,0,1771350304547,False,True
0,1.45724,9967.80850771,0,0,1771350304547,False,True
0,1.45724,1170.66856234,0,0,1771350304548,False,True
0,1.45723,1164.18522851,0,0,1771350304548,False,True
0,1.45723,411.66066056,0,0,1771350304549,False,True
0,1.45705,6860.03940681,0,0,1771350304549,False,True
0,1.457,10.0,0,0,1771350304549,False,True
0,1.457,1.65,0,0,1771350304549,False,True
0,1.457,0.54458923,0,0,1771350304549,False,True
0,1.457,0.82809437,0,0,1771350304549,False,True
0,1.45696,261.5625,0,0,1771350304549,False,True
0,1.45695,42.83769658,0,0,1771350304549,False,True
0,1.45725,75.0,0,0,1771350304571,False,True
0,1.45739,5.22949706,0,0,1771350305948,False,True
0,1.45724,9.42977069,0,0,1771350307016,False,True
0,1.45717,68.62617264,0,0,1771350308228,False,True
0,1.45716,250.16292736,0,0,1771350308228,False,True
0,1.45716,196.23707264,0,0,1771350308245,False,True
0,1.457,140.4299,0,0,1771350308255,False,True
0,1.45659,350.0,0,0,1771350308561,False,True
0,1.45609,19.92402826,0,0,1771350311537,False,True
0,1.45675,68.46067,0,0,1771350314584,True,True
0,1.45669,1000.0,0,0,1771350317147,False,True
0,1.45669,261.5625,0,0,1771350317147,False,True
0,1.45655,34.41479124,0,0,1771350317147,False,True
0,1.45654,261.5625,0,0,1771350317147,False,True
0,1.45652,1000.0,0,0,1771350317147,False,True
0,1.45649,322.5384961,0,0,1771350317147,False,True
0,1.45647,1575.84588907,0,0,1771350317147,False,True
0,1.45642,438.3,0,0,1771350317147,False,True
0,1.45642,2580.22548911,0,0,1771350317147,False,True
0,1.45641,1000.0,0,0,1771350317147,False,True
0,1.45638,2745.57302836,0,0,1771350317147,False,True
0,1.45637,4798.7128522,0,0,1771350317147,False,True
0,1.45636,16.10458324,0,0,1771350317147,False,True
0,1.45781,15.58523497,0,0,1771350322449,False,True
0,1.45806,637.5782,0,0,1771350334262,False,True
0,1.45806,1550.0,0,0,1771350334267,False,True
0,1.45738,1197.06120361,0,0,1771350334602,True,True
0,1.45824,33.19816,0,0,1771350339583,True,True
0,1.45828,20.0,0,0,1771350343051,True,True
0,1.45736,32.32374476,0,0,1771350345284,True,True
0,1.45722,15.63088,0,0,1771350348023,True,True
0,1.45686,6.72404,0,0,1771350351122,True,True
0,1.45777,30.89273525,0,0,1771350360180,False,True
0,1.45824,2.32661,0,0,1771350363794,True,True
0,1.45743,6.72335,0,0,1771350372747,True,True
0,1.4575,2000.0,0,0,1771350387468,False,True
0,1.45739,651.8165537,0,0,1771350387468,False,True
0,1.45801,63.77842,0,0,1771350393635,True,True
0,1.45778,13.28865,0,0,1771350395265,True,True
0,1.45791,8308.79135201,0,0,1771350404870,False,True
0,1.4579,467.27679369,0,0,1771350404870,False,True
0,1.4579,1532.72320631,0,0,1771350404877,False,True
0,1.45807,199.78945857,0,0,1771350411753,False,True
0,1.45824,33.23233,0,0,1771350416784,True,True
0,1.45881,3420.60052269,0,0,1771350423449,False,True
0,1.45881,261.5625,0,0,1771350423456,False,True
0,1.45881,836.12664133,0,0,1771350427110,True,True
0,1.45881,225.24187538,0,0,1771350427111,True,True
0,1.45881,450.48375075,0,0,1771350427113,True,True
0,1.45881,225.24187538,0,0,1771350427115,True,True
0,1.45881,150.16125026,0,0,1771350427115,True,True
0,1.45881,1227.18354371,0,0,1771350427142,True,True
0,1.45883,3.0,0,0,1771350427194,False,True
0,1.45884,687.62995227,0,0,1771350428172,True,True
0,1.45945,201.61477,0,0,1771350429052,True,True
0,1.45877,11.57993179,0,0,1771350431609,False,True
0,1.45899,261.5625,0,0,1771350447225,False,True
0,1.45899,717.25264,0,0,1771350447225,False,True
0,1.45898,2255.44038622,0,0,1771350447225,False,True
0,1.45962,2575.13050193,0,0,1771350448474,False,True
0,1.45962,261.5625,0,0,1771350448474,False,True
0,1.45952,397.56252429,0,0,1771350448474,False,True
0,1.45963,3234.25552622,0,0,1771350449722,False,True
0,1.45937,33.19816,0,0,1771350450970,False,True
0,1.4593,3201.05736622,0,0,1771350450970,False,True
0,1.45923,261.5625,0,0,1771350452251,False,True
0,1.45922,2202.7485753,0,0,1771350452251,False,True
0,1.45922,6.40845554,0,0,1771350452251,False,True
0,1.45922,5.22949706,0,0,1771350452251,False,True
0,1.45922,15.58523497,0,0,1771350452251,False,True
0,1.4591,410.3,0,0,1771350452251,False,True
0,1.4591,332.42126335,0,0,1771350452251,False,True
0,1.4593,3234.25552622,0,0,1771350453501,False,True
0,1.45963,717.25264,0,0,1771350454788,False,True
0,1.45962,2517.00288622,0,0,1771350454788,False,True
0,1.45947,717.25264,0,0,1771350456035,False,True
0,1.4593,1453.43730226,0,0,1771350456035,False,True
0,1.4593,261.5625,0,0,1771350456035,False,True
0,1.45922,802.00308396,0,0,1771350456035,False,True
0,1.45963,2575.13050193,0,0,1771350457289,False,True
0,1.45963,659.12502429,0,0,1771350457289,False,True
0,1.45963,3234.25552622,0,0,1771350458539,False,True
0,1.45964,2.44736,0,0,1771350459388,True,True
0,1.45964,991.70293721,0,0,1771350459510,True,True
0,1.46011,261.5625,0,0,1771350459772,False,True
0,1.46002,2972.69302622,0,0,1771350459772,False,True
0,1.46062,75.0,0,0,1771350460487,True,True
0,1.46073,3234.25552622,0,0,1771350461043,False,True
0,1.46037,261.5625,0,0,1771350462278,False,True
0,1.46035,2972.69302622,0,0,1771350462278,False,True
0,1.46015,3234.25552622,0,0,1771350463520,False,True
0,1.46004,261.5625,0,0,1771350464776,False,True
0,1.4599,483.90392508,0,0,1771350464776,False,True
0,1.4599,2488.78910114,0,0,1771350464776,False,True
0,1.46005,7.0,0,0,1771350466035,False,True
0,1.45981,3227.25552622,0,0,1771350466035,False,True
0,1.45995,3234.25552622,0,0,1771350467284,False,True
0,1.45957,261.5625,0,0,1771350468535,False,True
0,1.45953,9.12863733,0,0,1771350468535,False,True
0,1.45941,2963.56438889,0,0,1771350468535,False,True
0,1.45996,2490.246534,0,0,1771350469785,False,True
0,1.45996,261.5625,0,0,1771350469785,False,True
0,1.45995,482.44649222,0,0,1771350469785,False,True
0,1.46031,198.95979,0,0,1771350470531,True,True
0,1.46006,1000.0,0,0,1771350471044,False,True
0,1.46002,1000.0,0,0,1771350471044,False,True
0,1.46001,1000.0,0,0,1771350471044,False,True
0,1.45999,234.25552622,0,0,1771350471044,False,True
0,1.45964,3234.25552622,0,0,1771350472280,False,True
0,1.45981,3234.25552622,0,0,1771350473540,False,True
0,1.46013,717.25264,0,0,1771350474790,False,True
0,1.46013,2517.00288622,0,0,1771350474790,False,True
0,1.46004,261.5625,0,0,1771350476038,False,True
0,1.46003,1000.0,0,0,1771350476038,False,True
0,1.46002,1000.0,0,0,1771350476038,False,True
0,1.46001,972.69302622,0,0,1771350476038,False,True
0,1.45976,261.5625,0,0,1771350477287,False,True
0,1.45975,316.90392027,0,0,1771350477287,False,True
0,1.45967,2655.78910595,0,0,1771350477287,False,True
0,1.46034,165.84184,0,0,1771350478075,True,True
0,1.45988,261.5625,0,0,1771350478534,False,True
0,1.45987,2972.69302622,0,0,1771350478534,False,True
0,1.45975,3234.25552622,0,0,1771350479774,False,True
0,1.46007,261.5625,0,0,1771350480599,True,True
0,1.46023,67.00857329,0,0,1771350480599,True,True
0,1.46024,261.5625,0,0,1771350480599,True,True
0,1.46052,43.27075068,0,0,1771350480620,True,True
0,1.46051,85.58654168,0,0,1771350480692,True,True
0,1.45998,218.28513184,0,0,1771350481031,False,True
0,1.45998,901.75502931,0,0,1771350481031,False,True
0,1.45997,261.5625,0,0,1771350481031,False,True
0,1.45986,722.10612528,0,0,1771350481031,False,True
0,1.45985,925.05185306,0,0,1771350481031,False,True
0,1.45983,205.49488673,0,0,1771350481031,False,True
0,1.46048,3234.25552622,0,0,1771350482307,False,True
0,1.46067,3234.25552608,0,0,1771350483560,False,True
0,1.4606,31.6154254,0,0,1771350485268,False,True
0,1.46053,419.04152382,0,0,1771350485287,False,True
0,1.46052,20.20877524,0,0,1771350485287,False,True
0,1.46045,300.0,0,0,1771350485492,False,True
0,1.45995,234.7555444,0,0,1771350486685,True,True
0,1.46056,19.488,0,0,1771350494242,True,True
0,1.46012,639.86,0,0,1771350503942,False,True
0,1.4611,32.0890514,0,0,1771350508916,False,True
0,1.46132,717.25264,0,0,1771350512260,False,True
0,1.461,1247.89679,0,0,1771350512260,False,True
0,1.46203,15.25284,0,0,1771350524487,True,True
0,1.46185,30.50568002,0,0,1771350526845,False,True
0,1.46184,837.40735998,0,0,1771350526845,False,True
0,1.46193,10.0,0,0,1771350532593,False,True
0,1.4625,9000.0,0,0,1771350535063,True,True
0,1.46279,2162.15583529,0,0,1771350535063,True,True
0,1.46279,2354.74875286,0,0,1771350535063,True,True
0,1.46309,9.93669,0,0,1771350537434,True,True
0,1.46309,13.61323,0,0,1771350538298,True,True
0,1.46317,58.08118,0,0,1771350540236,True,True
0,1.46278,37.58910326,0,0,1771350541033,True,True
0,1.4624,12.95145815,0,0,1771350543538,False,True
0,1.46184,1319.68917589,0,0,1771350556443,False,True
0,1.46157,23.60572,0,0,1771350566211,True,True
0,1.46169,31.50433,0,0,1771350570413,True,True
0,1.46186,49.44843,0,0,1771350584439,True,True
0,1.46111,94.43539,0,0,1771350596140,False,True
0,1.46175,6.84331237,0,0,1771350600871,True,True
0,1.46176,382.65737162,0,0,1771350600871,True,True
0,1.46202,6.83985171,0,0,1771350604982,False,True
0,1.46164,261.5625,0,0,1771350604982,False,True
0,1.46162,252.39118239,0,0,1771350614492,True,True
0,1.46162,316.61382588,0,0,1771350617920,True,True
0,1.46162,37.58910326,0,0,1771350617920,True,True
0,1.46162,13.41198557,0,0,1771350617920,True,True
0,1.46162,225.24194499,0,0,1771350617930,True,True
0,1.46162,150.1609942,0,0,1771350617938,True,True
0,1.46162,930.87425113,0,0,1771350617959,True,True
0,1.46244,6839.94879001,0,0,1771350618201,True,True
0,1.46245,580.89910837,0,0,1771350618201,True,True
0,1.46245,919.10089163,0,0,1771350618203,True,True
0,1.46395,6.83083438,0,0,1771350619573,False,True
0,1.46395,193.16916562,0,0,1771350619573,False,True
0,1.46391,6.84143188,0,0,1771350622051,True,True
0,1.46392,6.55267812,0,0,1771350622051,True,True
0,1.46316,6.83188269,0,0,1771350634569,True,True
0,1.46317,261.5625,0,0,1771350634569,True,True
0,1.46319,4731.60561731,0,0,1771350634569,True,True
0,1.46468,1214.25934468,0,0,1771350651470,False,True
0,1.46468,530.0329239,0,0,1771350651475,False,True
0,1.46427,6.82947251,0,0,1771350654848,True,True
0,1.46428,6.59287749,0,0,1771350654848,True,True
0,1.46434,6.82947251,0,0,1771350655273,True,True
0,1.46435,143.43052749,0,0,1771350655273,True,True
0,1.46433,6.82947251,0,0,1771350655947,True,True
0,1.46434,136.57989164,0,0,1771350655947,True,True
0,1.46422,63.50207,0,0,1771350663334,True,True
0,1.46448,630.59384218,0,0,1771350668865,True,True
0,1.46541,252.22292737,0,0,1771350687281,True,True
0,1.4652,9.09737029,0,0,1771350693779,False,True
0,1.46451,66.26175,0,0,1771350702096,True,True
0,1.46411,261.5625,0,0,1771350712953,True,True
0,1.46411,1000.0,0,0,1771350712953,True,True
0,1.46412,3354.64615053,0,0,1771350712953,True,True
0,1.46242,2000.0,0,0,1771350721484,False,True
0,1.46272,10.1534,0,0,1771350729830,True,True
0,1.46286,13.47008,0,0,1771350735702,True,True
0,1.46335,9.57359,0,0,1771350747592,True,True
0,1.46233,1214.25934468,0,0,1771350751196,False,True
0,1.46233,530.0329239,0,0,1771350751196,False,True
0,1.46203,25.0,0,0,1771350754782,True,True
0,1.462,1.65,0,0,1771350757433,False,True
0,1.46139,2000.0,0,0,1771350762419,False,True
0,1.461,1.65,0,0,1771350764525,False,True
0,1.46046,3.49507,0,0,1771350768488,False,True
0,1.46065,11.4517,0,0,1771350768754,True,True
0,1.46064,73.3993318,0,0,1771350769328,True,True
0,1.46045,13.29527,0,0,1771350774354,True,True
0,1.46078,11.61772,0,0,1771350785089,True,True
0,1.46,1.65,0,0,1771350796759,False,True
0,1.45996,364.83746192,0,0,1771350796759,False,True
0,1.46037,287.52473316,0,0,1771350805881,False,True
0,1.45991,100.0,0,0,1771350817130,True,True
0,1.46016,67.94210908,0,0,1771350830604,True,True
0,1.4604,7.94746839,0,0,1771350852078,False,True
0,1.46042,43.45011402,0,0,1771350855192,False,True
0,1.4604,3.9873287,0,0,1771350855456,False,True
0,1.46053,1.36534,0,0,1771350858313,False,True
0,1.4605,2000.0,0,0,1771350863766,False,True
0,1.46047,1937.26019118,0,0,1771350863766,False,True
0,1.46058,11.44656,0,0,1771350867507,True,True
0,1.46063,0.85406427,0,0,1771350874472,False,True
0,1.46074,9.13132559,0,0,1771350876576,True,True
0,1.46108,1333.57733441,0,0,1771350876576,True,True
0,1.4626,43.19964,0,0,1771350923492,False,True
0,1.46207,170.9962,0,0,1771350932464,True,True
0,1.46213,16.76285,0,0,1771350940155,True,True
0,1.46253,6.33163,0,0,1771350944295,False,True
0,1.46207,99.37986,0,0,1771350958992,True,True
0,1.4618,1693.71644872,0,0,1771350968412,False,True
0,1.4619,1995.45528,0,0,1771350971019,True,True
0,1.46119,12.61625,0,0,1771350989586,True,True
0,1.46258,261.5625,0,0,1771350997845,True,True
0,1.46259,40.70929786,0,0,1771350997845,True,True
0,1.46259,220.0,0,0,1771351016083,False,True
0,1.4626,1551.38442606,0,0,1771351044652,True,True
0,1.4626,66.37999,0,0,1771351048912,True,True
0,1.46467,10.24121474,0,0,1771351062189,True,True
0,1.46467,6.54754996,0,0,1771351063524,True,True
0,1.46441,60.13975,0,0,1771351064256,False,True
0,1.46467,11.01271958,0,0,1771351068341,True,True
0,1.4654,3.73231075,0,0,1771351075431,True,True
0,1.46494,451.28810736,0,0,1771351079170,False,True
0,1.46465,423.8,0,0,1771351079170,False,True
0,1.46452,70.78629573,0,0,1771351079170,False,True
0,1.46445,111.15045691,0,0,1771351079170,False,True
0,1.46505,5.49270595,0,0,1771351083324,True,True
0,1.46474,344.30326701,0,0,1771351083741,False,True
0,1.46474,191.73852299,0,0,1771351083741,False,True
0,1.46501,3.21374472,0,0,1771351093946,True,True
0,1.4639,9.73094586,0,0,1771351105352,True,True
0,1.4641,0.82204426,0,0,1771351119943,False,True
0,1.46415,18.92892,0,0,1771351167836,True,True
0,1.46436,1.0,0,0,1771351196033,True,True
0,1.46435,261.5625,0,0,1771351210251,False,True
0,1.46424,6.8294815,0,0,1771351210251,False,True
0,1.46423,33.87981636,0,0,1771351210251,False,True
0,1.46423,220.0,0,0,1771351210251,False,True
0,1.46423,1551.38442606,0,0,1771351210251,False,True
0,1.46423,6.54754996,0,0,1771351210251,False,True
0,1.46423,11.01271958,0,0,1771351210251,False,True
0,1.46423,3.73231075,0,0,1771351210251,False,True
0,1.46423,5.49270595,0,0,1771351210251,False,True
0,1.46423,3.21374472,0,0,1771351210251,False,True
0,1.4638,6.82882534,0,0,1771351215314,True,True
0,1.46381,18.17117466,0,0,1771351215314,True,True
0,1.46374,6.83289536,0,0,1771351222025,True,True
0,1.46375,10.06292464,0,0,1771351222025,True,True
0,1.46325,0.90319494,0,0,1771351244091,True,True
0,1.46428,6.82311,0,0,1771351252943,False,True
0,1.46435,6.79499,0,0,1771351253057,True,True
0,1.46371,6.82932509,0,0,1771351256442,True,True
0,1.46372,73.8229403,0,0,1771351256442,True,True
0,1.46445,191.22661,0,0,1771351295419,True,True
0,1.46452,9.1095215,0,0,1771351298397,True,True
0,1.46471,19.64751,0,0,1771351303015,False,True
0,1.46527,4.99077554,0,0,1771351325428,False,True
0,1.46453,1.65,0,0,1771351348729,True,True
0,1.46481,18.97292,0,0,1771351362182,True,True
0,1.46499,66.94244,0,0,1771351368397,True,True
0,1.46483,7.50940382,0,0,1771351370633,True,True
0,1.46454,12.56079,0,0,1771351374139,True,True
0,1.46453,12.1727,0,0,1771351375630,False,True
0,1.46454,6.30336,0,0,1771351378829,True,True
0,1.46453,7242.44505809,0,0,1771351384380,False,True
0,1.46453,4398.2981799,0,0,1771351384431,False,True
0,1.46453,7815.56329006,0,0,1771351384443,False,True
0,1.46453,531.52077195,0,0,1771351384532,False,True
0,1.46452,1422.89623904,0,0,1771351384532,False,True
0,1.46452,351.05017343,0,0,1771351384532,False,True
0,1.464,1.65,0,0,1771351387732,False,True
0,1.46331,261.5625,0,0,1771351389427,False,True
0,1.46331,345.30139076,0,0,1771351391900,True,True
0,1.46443,128.7452,0,0,1771351403828,True,True
0,1.46412,13.52604,0,0,1771351406785,True,True
0,1.46434,6.7608,0,0,1771351409459,True,True
0,1.46416,60.0,0,0,1771351413244,False,True
0,1.46432,13.3905,0,0,1771351416104,True,True
0,1.46499,3.84385573,0,0,1771351422118,True,True
0,1.46537,2.36771427,0,0,1771351422118,True,True
0,1.46594,81.31874,0,0,1771351423903,True,True
0,1.46593,0.74904,0,0,1771351437034,True,True
0,1.46602,33.03307,0,0,1771351441905,True,True
0,1.46655,733.58058,0,0,1771351453363,True,True
0,1.46741,317.74779,0,0,1771351462194,True,True
0,1.46669,884.93897865,0,0,1771351472762,True,True
0,1.4667,170.4832,0,0,1771351487493,True,True
0,1.46536,1361.54992,0,0,1771351497885,True,True
0,1.46586,66.23915,0,0,1771351501353,True,True
0,1.46557,362.69894999,0,0,1771351520262,False,True
0,1.46675,11.13573,0,0,1771351527029,True,True
0,1.46675,331.21607,0,0,1771351527196,True,True
0,1.46575,496.83124,0,0,1771351543469,True,True
0,1.4657,261.5625,0,0,1771351543953,False,True
0,1.46568,1272.61614,0,0,1771351543953,False,True
0,1.46447,13.37954,0,0,1771351554367,True,True
0,1.46485,66.21611,0,0,1771351554959,True,True
0,1.46456,22.08646284,0,0,1771351564848,False,True
0,1.46508,33.13766,0,0,1771351574931,True,True
0,1.4648,816.03234828,0,0,1771351583691,False,True
0,1.4648,351.05017343,0,0,1771351583691,False,True
0,1.4648,832.91747829,0,0,1771351583691,False,True
0,1.46467,52.02150036,0,0,1771351583691,False,True
0,1.46436,421.36668378,0,0,1771351599459,False,True
0,1.46436,107.25331622,0,0,1771351599459,False,True
0,1.46416,2000.0,0,0,1771351599460,False,True
0,1.46675,3.37515,0,0,1771351620035,True,True
0,1.46671,202.91608429,0,0,1771351629490,True,True
0,1.46627,47.62436,0,0,1771351643399,False,True
0,1.46606,16.9284171,0,0,1771351666242,False,True
0,1.46561,300.98133486,0,0,1771351666555,True,True
0,1.46574,31.72489,0,0,1771351667357,True,True
0,1.46553,1.09288014,0,0,1771351682234,True,True
0,1.46506,200.58877291,0,0,1771351685923,True,True
0,1.46519,804.692016,0,0,1771351694310,True,True
0,1.46616,66.0184,0,0,1771351697072,True,True
0,1.46616,132.45118,0,0,1771351705935,True,True
0,1.46616,25.0,0,0,1771351707875,True,True
0,1.46601,13.25921,0,0,1771351710867,True,True
0,1.466,136.42564802,0,0,1771351723129,False,True
0,1.46562,435.21115799,0,0,1771351740191,True,True
0,1.46533,791.13472686,0,0,1771351745397,True,True
0,1.46533,261.5625,0,0,1771351745397,True,True
0,1.46535,183.43558164,0,0,1771351745397,True,True
0,1.46528,68.22678583,0,0,1771351746504,True,True
0,1.46542,58.52261,0,0,1771351748147,True,True
0,1.46587,533.35561816,0,0,1771351773939,False,True
0,1.46587,105.65739117,0,0,1771351773939,False,True
0,1.46587,63.13656736,0,0,1771351773939,False,True
0,1.46547,18.00978258,0,0,1771351776684,True,True
0,1.46673,128.27632897,0,0,1771351788688,True,True
0,1.46765,188.47005,0,0,1771351793388,True,True
0,1.46765,17.38152829,0,0,1771351793937,True,True
0,1.4672,50.0,0,0,1771351794907,False,True
0,1.46788,6.81302853,0,0,1771351807082,True,True
0,1.46788,6.41003314,0,0,1771351807082,True,True
0,1.46792,6.81285376,0,0,1771351815446,True,True
0,1.46793,1038.72751133,0,0,1771351815446,True,True
0,1.46774,128.27632897,0,0,1771351817015,False,True
0,1.46774,132.9534404,0,0,1771351817025,False,True
0,1.46774,3738.77023063,0,0,1771351820956,False,True
0,1.46686,6.81441558,0,0,1771351821822,True,True
0,1.46687,20.23811122,0,0,1771351821822,True,True
0,1.4669,261.5625,0,0,1771351822798,False,True
0,1.46687,6.8172367,0,0,1771351822798,False,True
0,1.46686,261.5625,0,0,1771351822798,False,True
0,1.46685,261.5625,0,0,1771351822798,False,True
0,1.4668,511.9412833,0,0,1771351822798,False,True
0,1.46708,6.29245,0,0,1771351824514,True,True
0,1.46674,6.81713909,0,0,1771351833367,True,True
0,1.46674,166.03000091,0,0,1771351833367,True,True
0,1.46721,6.81713909,0,0,1771351836517,True,True
0,1.46722,93.18286091,0,0,1771351836517,True,True
0,1.46722,17.77017727,0,0,1771351836556,True,True
0,1.46843,426.04831,0,0,1771351849094,True,True
0,1.46878,1500.0,0,0,1771351850558,True,True
0,1.46887,274.337741,0,0,1771351850558,True,True
0,1.46875,1500.0,0,0,1771351861733,True,True
0,1.46882,3404.10496017,0,0,1771351861733,True,True
0,1.46892,1211.224006,0,0,1771351861733,True,True
0,1.46893,495.46929383,0,0,1771351861733,True,True
0,1.46845,370.07021,0,0,1771351877365,True,True
0,1.46888,173.50634497,0,0,1771351886282,True,True
0,1.46895,41.60049,0,0,1771351887897,True,True
0,1.46895,64.06178,0,0,1771351894670,True,True
0,1.46914,266.87479,0,0,1771351896612,True,True
0,1.46901,195.1791,0,0,1771351902883,True,True
0,1.46801,1129.87636987,0,0,1771351904339,True,True
0,1.46855,0.71696571,0,0,1771351909882,True,True
0,1.46927,102.09151483,0,0,1771351923766,True,True
0,1.46805,163.74538,0,0,1771351932698,True,True
0,1.46804,65.96849,0,0,1771351935126,True,True
0,1.46803,25.79209,0,0,1771351937945,True,True
0,1.468,1.65,0,0,1771351941991,False,True
0,1.46789,18.83247382,0,0,1771351952113,False,True
0,1.46751,66.13446,0,0,1771351952491,True,True
0,1.46801,36.44662443,0,0,1771351974949,True,True
0,1.4674,2.02419,0,0,1771351978040,True,True
0,1.46758,420.0,0,0,1771351990769,False,True
0,1.46709,20.0,0,0,1771352011255,True,True
0,1.46768,6.20111,0,0,1771352019500,True,True
0,1.46739,261.5625,0,0,1771352020114,False,True
0,1.46725,1000.0,0,0,1771352020114,False,True
0,1.46724,261.5625,0,0,1771352020114,False,True
0,1.46716,683.28363298,0,0,1771352020114,False,True
0,1.46821,2646.69893,0,0,1771352023333,True,True
0,1.46961,261.5625,0,0,1771352037106,False,True
0,1.4696,261.5625,0,0,1771352037106,False,True
0,1.46957,35.39314786,0,0,1771352037106,False,True
0,1.46957,8.34372214,0,0,1771352037106,False,True
0,1.46984,9.68132585,0,0,1771352054699,False,True
0,1.46984,6.95994115,0,0,1771352054699,False,True
0,1.46965,1500.0,0,0,1771352059409,True,True
0,1.4698,261.5625,0,0,1771352059409,True,True
0,1.46983,238.4375,0,0,1771352059409,True,True
0,1.4695,1.86185777,0,0,1771352067625,False,True
0,1.46905,6.75309894,0,0,1771352076024,True,True
0,1.46753,30.895213,0,0,1771352120055,False,True
0,1.46753,100.0,0,0,1771352133863,False,True
0,1.46716,6088.2,0,0,1771352137491,True,True
0,1.46717,842.95452646,0,0,1771352137491,True,True
0,1.46741,261.5625,0,0,1771352137491,True,True
0,1.46743,4064.98251354,0,0,1771352137491,True,True
0,1.467,1.65,0,0,1771352139257,False,True
0,1.46689,67.84649,0,0,1771352139257,False,True
0,1.4666,389.01384549,0,0,1771352144290,False,True
0,1.4666,108.5354496,0,0,1771352144290,False,True
0,1.4666,245.64916477,0,0,1771352144290,False,True
0,1.4666,56.72542054,0,0,1771352144290,False,True
0,1.4666,13.64546534,0,0,1771352144290,False,True
0,1.4666,22.91179994,0,0,1771352144290,False,True
0,1.4666,13.6282,0,0,1771352144290,False,True
0,1.4666,6.643e-05,0,0,1771352144290,False,True
0,1.4666,16.4396495,0,0,1771352144290,False,True
0,1.4666,317.7373759,0,0,1771352144290,False,True
0,1.4666,815.71356249,0,0,1771352144290,False,True
0,1.46651,2344.31380954,0,0,1771352144290,False,True
0,1.46647,1359.77258602,0,0,1771352144290,False,True
0,1.46626,1213.9584892,0,0,1771352144290,False,True
0,1.46682,1072.84314884,0,0,1771352146091,False,True
0,1.46801,136.369835,0,0,1771352152095,False,True
0,1.46795,300.0,0,0,1771352157068,True,True
0,1.46813,33.06183,0,0,1771352165547,True,True
0,1.46813,2.33131786,0,0,1771352168777,True,True
0,1.46953,6.25014,0,0,1771352175541,True,True
0,1.46933,434.04127,0,0,1771352179846,False,True
0,1.46935,1.59092,0,0,1771352180341,True,True
0,1.46976,12.32854344,0,0,1771352182365,True,True
0,1.46936,234.0,0,0,1771352185662,True,True
0,1.4684,13.89267,0,0,1771352197683,False,True
0,1.4684,20.15799739,0,0,1771352206813,False,True
0,1.46774,1.32901046,0,0,1771352212768,True,True
0,1.4676,34.75298,0,0,1771352220288,False,True
0,1.46723,165.29338,0,0,1771352223456,True,True
0,1.46601,1364.2471743,0,0,1771352244896,True,True
0,1.466,1.65,0,0,1771352245161,False,True
0,1.4657,33.14397,0,0,1771352245161,False,True
0,1.46642,10.0,0,0,1771352263433,True,True
0,1.46662,3.4738,0,0,1771352274289,False,True
0,1.46815,12.57651,0,0,1771352299845,True,True
0,1.46815,3.37193,0,0,1771352300034,True,True
0,1.46854,15.1577,0,0,1771352303201,True,True
0,1.46853,38.66704,0,0,1771352303233,True,True
0,1.46827,38.0,0,0,1771352316135,False,True
0,1.46664,7.99231,0,0,1771352324107,True,True
0,1.46616,15.59107,0,0,1771352329870,False,True
0,1.46604,37.93302,0,0,1771352330796,True,True
0,1.46593,2.0,0,0,1771352337102,False,True
0,1.46652,70.0,0,0,1771352343404,False,True
0,1.4666,2000.0,0,0,1771352346383,False,True
0,1.46565,68.29508091,0,0,1771352351112,True,True
0,1.46513,261.5625,0,0,1771352351977,True,True
0,1.4652,9728.73984976,0,0,1771352351977,True,True
0,1.46512,25.0,0,0,1771352352567,False,True
0,1.46509,25.0,0,0,1771352352729,False,True
0,1.46507,60.01292259,0,0,1771352353047,True,True
0,1.46545,101.8,0,0,1771352360558,True,True
0,1.46645,2.97954,0,0,1771352378733,True,True
0,1.46634,33.43743,0,0,1771352381438,True,True
0,1.46812,66.87486,0,0,1771352403321,True,True
0,1.46881,3.37703221,0,0,1771352410000,True,True
0,1.46948,17.59107,0,0,1771352414649,True,True
0,1.4695,803.2272849,0,0,1771352414649,True,True
0,1.4695,225.23877422,0,0,1771352414652,True,True
0,1.4695,150.15918281,0,0,1771352414652,True,True
0,1.4695,150.15918282,0,0,1771352414661,True,True
0,1.4695,150.15918281,0,0,1771352414662,True,True
0,1.4695,300.31836563,0,0,1771352414663,True,True
0,1.4695,225.23877422,0,0,1771352414663,True,True
0,1.4695,375.39795703,0,0,1771352414664,True,True
0,1.4695,150.15918282,0,0,1771352414665,True,True
0,1.4695,150.15918281,0,0,1771352414665,True,True
0,1.4695,224.78292993,0,0,1771352414666,True,True
0,1.47,500.0,0,0,1771352415805,True,True
0,1.47,2541.0,0,0,1771352415805,True,True
0,1.47,350.0,0,0,1771352415805,True,True
0,1.47007,256.79232804,0,0,1771352415805,True,True
0,1.47011,1500.0,0,0,1771352415805,True,True
0,1.47024,666.6145302,0,0,1771352415805,True,True
0,1.47033,6.80581213,0,0,1771352415805,True,True
0,1.47034,340.51206484,0,0,1771352415805,True,True
0,1.47113,6.80192614,0,0,1771352420395,True,True
0,1.47114,1030.39782359,0,0,1771352420395,True,True
0,1.47116,128.664,0,0,1771352423830,True,True
0,1.47116,5.892e-05,0,0,1771352423837,True,True
0,1.47194,6.79781034,0,0,1771352423961,True,True
0,1.47195,1493.20218966,0,0,1771352423961,True,True
0,1.47195,6.79781034,0,0,1771352423993,True,True
0,1.47259,25.0,0,0,1771352424093,True,True
0,1.47261,71.63675555,0,0,1771352424093,True,True
0,1.47258,50.0,0,0,1771352424103,True,True
0,1.47258,1156.4559,0,0,1771352424110,True,True
0,1.47258,293.5441,0,0,1771352424179,True,True
0,1.4727,80.39661004,0,0,1771352424232,True,True
0,1.47266,301.31147404,0,0,1771352424414,True,True
0,1.47266,157.08852596,0,0,1771352424440,True,True
0,1.47318,6.79781034,0,0,1771352424498,True,True
0,1.47319,157.5862898,0,0,1771352424498,True,True
0,1.47324,11451.95433349,0,0,1771352424498,True,True
0,1.47324,2260.16317622,0,0,1771352424675,True,True
0,1.47346,2.43578087,0,0,1771352426187,True,True
0,1.47399,6.78430654,0,0,1771352427177,False,True
0,1.47374,35.39314786,0,0,1771352427177,False,True
0,1.47373,1027.8225456,0,0,1771352427177,False,True
0,1.47391,6.78726042,0,0,1771352427754,True,True
0,1.474,300.0,0,0,1771352427754,True,True
0,1.47417,201.94155313,0,0,1771352427754,True,True
0,1.47473,6.78494478,0,0,1771352434491,True,True
0,1.47474,41.21565175,0,0,1771352434491,True,True
0,1.47442,22.22113685,0,0,1771352435538,True,True
0,1.47464,6.7165,0,0,1771352435891,True,True
0,1.47465,65.70895,0,0,1771352436052,True,True
0,1.47465,4.73194674,0,0,1771352440941,True,True
0,1.47454,6.78364125,0,0,1771352451621,True,True
0,1.47455,960.37031875,0,0,1771352451621,True,True
0,1.47513,35.39314786,0,0,1771352466076,True,True
0,1.47519,255.90035944,0,0,1771352466076,True,True
0,1.47555,4.77955987,0,0,1771352466076,True,True
0,1.47559,638.52646565,0,0,1771352466076,True,True
0,1.4756,127.89005954,0,0,1771352467715,True,True
0,1.47585,22.79994858,0,0,1771352467811,True,True
0,1.47594,500.0,0,0,1771352467811,True,True
0,1.47625,1500.0,0,0,1771352467811,True,True
0,1.4763,261.5625,0,0,1771352467811,True,True
0,1.47653,6061.1,0,0,1771352467811,True,True
0,1.47657,261.5625,0,0,1771352467811,True,True
0,1.47669,2919.09040141,0,0,1771352467811,True,True
0,1.47598,29.48863024,0,0,1771352470311,True,True
0,1.47605,115.60583991,0,0,1771352478876,True,True
0,1.47604,616.07809,0,0,1771352480857,True,True
0,1.47617,26.98903614,0,0,1771352484488,False,True
0,1.47605,6.95628406,0,0,1771352489149,False,True
0,1.47606,8.0322373,0,0,1771352494049,True,True
0,1.47605,1.0786741,0,0,1771352505871,False,True
0,1.47605,49.4141894,0,0,1771352505871,False,True
0,1.47605,215.15001912,0,0,1771352506065,False,True
0,1.47651,24.36596,0,0,1771352512756,True,True
0,1.47755,7.23737,0,0,1771352514994,True,True
0,1.47776,16.27147,0,0,1771352521074,True,True
0,1.47841,29.02311459,0,0,1771352523745,True,True
0,1.47859,51.98063398,0,0,1771352523745,True,True
0,1.47859,28.09589358,0,0,1771352523783,True,True
0,1.47897,739.16279752,0,0,1771352523809,True,True
0,1.47897,300.20889028,0,0,1771352523846,True,True
0,1.47897,310.52386707,0,0,1771352523847,True,True
0,1.47958,25.0,0,0,1771352524168,True,True
0,1.48,500.0,0,0,1771352524362,True,True
0,1.48006,127.50524524,0,0,1771352524362,True,True
0,1.48029,872.49475476,0,0,1771352524362,True,True
0,1.48018,30.11173,0,0,1771352524850,True,True
0,1.47979,55.7224,0,0,1771352525319,False,True
0,1.47985,1500.0,0,0,1771352526401,True,True
0,1.48014,6757.15206437,0,0,1771352526408,True,True
0,1.48023,25.0,0,0,1771352526408,True,True
0,1.48033,255.01283167,0,0,1771352526408,True,True
0,1.4786,182.48175182,0,0,1771352538293,True,True
0,1.47865,34.04741618,0,0,1771352539128,True,True
0,1.47769,24.9875,0,0,1771352544078,True,True
0,1.47769,24.85265042,0,0,1771352544194,True,True
0,1.47777,20.32925,0,0,1771352551897,True,True
0,1.47777,2.13e-06,0,0,1771352551927,True,True
0,1.47855,3.78682859,0,0,1771352557803,True,True
0,1.47875,596.991,0,0,1771352558565,True,True
0,1.47875,903.009,0,0,1771352558577,True,True
0,1.48014,35.3931,0,0,1771352559469,True,True
0,1.48014,4.787e-05,0,0,1771352559519,True,True
0,1.48181,68.29508091,0,0,1771352566254,True,True
0,1.48195,500.0,0,0,1771352566286,True,True
0,1.48195,6.21265395,0,0,1771352567043,True,True
0,1.4818,6.26032,0,0,1771352571939,False,True
0,1.48211,2.45731638,0,0,1771352572291,False,True
0,1.48185,50.7754265,0,0,1771352578864,True,True
0,1.48171,261.43171874,0,0,1771352579534,True,True
0,1.4817,49.91568296,0,0,1771352579845,True,True
0,1.48119,59.35169859,0,0,1771352588561,True,True
0,1.48106,25.29511,0,0,1771352597048,True,True
0,1.48077,9903.2,0,0,1771352600944,True,True
0,1.48101,11098.4270152,0,0,1771352600944,True,True
0,1.48051,168.86073042,0,0,1771352601747,True,True
0,1.48075,327.76315,0,0,1771352603890,True,True
0,1.48075,31.00300524,0,0,1771352606165,False,True
0,1.48121,1500.0,0,0,1771352608430,True,True
0,1.4804,9.00031276,0,0,1771352622267,False,True
0,1.48012,39.78329049,0,0,1771352622267,False,True
0,1.48,2000.0,0,0,1771352622267,False,True
0,1.47997,717.51932722,0,0,1771352622267,False,True
0,1.47919,12.44089,0,0,1771352640612,True,True
0,1.47919,130.69077227,0,0,1771352640963,True,True
0,1.47919,533.35561816,0,0,1771352640963,True,True
0,1.47919,105.65739117,0,0,1771352640963,True,True
0,1.47919,63.13656736,0,0,1771352640963,True,True
0,1.47919,18.00978258,0,0,1771352640963,True,True
0,1.47919,17.38152829,0,0,1771352640963,True,True
0,1.47919,13.22306167,0,0,1771352640963,True,True
0,1.47919,18.83247382,0,0,1771352640963,True,True
0,1.47919,9.68132585,0,0,1771352640963,True,True
0,1.47919,6.95994115,0,0,1771352640963,True,True
0,1.47919,1.86185777,0,0,1771352640963,True,True
0,1.47919,14.47744751,0,0,1771352640963,True,True
0,1.47919,659.3583033,0,0,1771352640966,True,True
0,1.47919,363.36399892,0,0,1771352640966,True,True
0,1.47919,2.43578087,0,0,1771352640966,True,True
0,1.47919,48.00059653,0,0,1771352640966,True,True
0,1.47919,4.73194674,0,0,1771352640966,True,True
0,1.47919,6.95628406,0,0,1771352640966,True,True
0,1.47919,8.0322373,0,0,1771352640966,True,True
0,1.47919,1.0786741,0,0,1771352640966,True,True
0,1.47919,34.04741618,0,0,1771352640966,True,True
0,1.47919,3.78682859,0,0,1771352640966,True,True
0,1.47919,50.7754265,0,0,1771352640966,True,True
0,1.48058,1.33086,0,0,1771352643034,True,True
0,1.48058,7.67650578,0,0,1771352644114,True,True
0,1.4812,9.42004418,0,0,1771352644479,True,True
0,1.481,13.23978,0,0,1771352653468,True,True
0,1.47923,59.42915119,0,0,1771352656885,True,True
0,1.47935,6.61949,0,0,1771352658618,True,True
0,1.47933,25.97310368,0,0,1771352661335,True,True
0,1.47935,24.02689632,0,0,1771352661335,True,True
0,1.47935,24.02689632,0,0,1771352661335,True,True
0,1.47919,16.30971154,0,0,1771352671496,False,True
0,1.47886,3380.96492656,0,0,1771352671496,False,True
0,1.47885,35.39314786,0,0,1771352671496,False,True
0,1.47881,6040.2,0,0,1771352671496,False,True
0,1.47879,1542.4118,0,0,1771352671496,False,True
0,1.47876,6762.42135091,0,0,1771352671496,False,True
0,1.47874,4728.9933787,0,0,1771352671496,False,True
0,1.47873,2000.0,0,0,1771352671496,False,True
0,1.47859,261.5625,0,0,1771352671496,False,True
0,1.47857,6007.88251554,0,0,1771352671496,False,True
0,1.47853,2984.8329849,0,0,1771352671496,False,True
0,1.47906,2.59578977,0,0,1771352671542,True,True
0,1.47984,34.0367597,0,0,1771352674498,True,True
0,1.4801,1.30599875,0,0,1771352676838,False,True
0,1.48033,26.25402,0,0,1771352677887,True,True
0,1.48032,1.2,0,0,1771352678787,False,True
0,1.4806,6.47205,0,0,1771352681846,False,True
0,1.4818,2000.0,0,0,1771352692827,False,True
0,1.48079,139.30342,0,0,1771352705002,False,True
0,1.47975,55.33587,0,0,1771352712347,True,True
0,1.47975,6.55681,0,0,1771352712384,True,True
0,1.47989,261.5625,0,0,1771352724048,True,True
0,1.4799,35.39314786,0,0,1771352724048,True,True
0,1.47991,738.181624,0,0,1771352724048,True,True
0,1.47963,851.63,0,0,1771352727209,False,True
0,1.4799,22.21147226,0,0,1771352729656,True,True
0,1.47842,7.31021742,0,0,1771352738732,True,True
0,1.47841,2000.0,0,0,1771352739948,False,True
0,1.47841,3382.01027879,0,0,1771352739948,False,True
0,1.4784,9.01241911,0,0,1771352739948,False,True
0,1.47831,359.13845511,0,0,1771352739948,False,True
0,1.47831,74.55169,0,0,1771352742354,False,True
0,1.47845,33.53865,0,0,1771352745213,True,True
0,1.48014,6.73019,0,0,1771352756881,True,True
0,1.47984,207.19648272,0,0,1771352757340,False,True
0,1.47923,3380.14012083,0,0,1771352761935,True,True
0,1.47932,2352.95136203,0,0,1771352761935,True,True
0,1.47918,34.81612,0,0,1771352765270,False,True
0,1.47918,1.65,0,0,1771352774042,True,True
0,1.47917,2.22088527,0,0,1771352774275,False,True
0,1.47896,65.01061556,0,0,1771352780303,True,True
0,1.4791,2000.0,0,0,1771352797895,False,True
0,1.47895,365.26987737,0,0,1771352797895,False,True
0,1.47895,532.5089522,0,0,1771352797898,False,True
0,1.4789,316.51540079,0,0,1771352797899,False,True
0,1.47882,367.4,0,0,1771352797899,False,True
0,1.47882,64.33481012,0,0,1771352797899,False,True
0,1.4788,261.5625,0,0,1771352797899,False,True
0,1.4778,3381.71606434,0,0,1771352797978,True,True
0,1.47835,947.00329961,0,0,1771352801498,True,True
0,1.4788,26.25828,0,0,1771352803152,True,True
0,1.47931,7925.41594818,0,0,1771352803685,False,True
0,1.47917,53.01549,0,0,1771352809709,True,True
0,1.47877,14.40000035,0,0,1771352811856,False,True
0,1.47915,16.40932,0,0,1771352821939,True,True
0,1.48,78.25689,0,0,1771352833792,False,True
0,1.47931,27.68329,0,0,1771352841865,False,True
0,1.48078,9.99394,0,0,1771352845353,True,True
0,1.4825,10.01,0,0,1771352869215,True,True
0,1.4828,261.5625,0,0,1771352869215,True,True
0,1.48282,1071.67792,0,0,1771352869215,True,True
0,1.48277,65.97243,0,0,1771352869291,True,True
0,1.48304,59.22539546,0,0,1771352872536,False,True
0,1.48334,58.92801608,0,0,1771352873265,True,True
0,1.48337,89.62510365,0,0,1771352873265,True,True
0,1.48305,28.39928,0,0,1771352874485,True,True
0,1.48305,738.69874027,0,0,1771352874541,True,True
0,1.48305,191.84664878,0,0,1771352874543,True,True
0,1.48305,191.84664878,0,0,1771352874544,True,True
0,1.48337,66.87993982,0,0,1771352874589,True,True
0,1.48344,43.59502589,0,0,1771352874589,True,True
0,1.48345,43.78,0,0,1771352874759,True,True
0,1.48396,261.5625,0,0,1771352875858,True,True
0,1.484,53.90835579,0,0,1771352875858,True,True
0,1.484,123.27090535,0,0,1771352875860,False,True
0,1.484,2928.53041238,0,0,1771352879624,False,True
0,1.48401,4.72368784,0,0,1771352880346,True,True
0,1.48426,12.92868025,0,0,1771352881601,False,True
0,1.48434,14.57144589,0,0,1771352886451,True,True
0,1.4845,16.8406871,0,0,1771352898696,True,True
0,1.48425,8.95887,0,0,1771352907264,True,True
0,1.48415,1500.0,0,0,1771352921040,True,True
0,1.4843,261.5625,0,0,1771352921040,True,True
0,1.48434,2520.25158997,0,0,1771352921040,True,True
0,1.48437,9700.96543314,0,0,1771352921040,True,True
0,1.48438,648.34249003,0,0,1771352921040,True,True
0,1.48443,6738.54354897,0,0,1771352921040,True,True
0,1.48444,2091.05394572,0,0,1771352921040,True,True
0,1.48401,2.02154972,0,0,1771352924788,False,True
0,1.484,1242.21423265,0,0,1771352924847,False,True
0,1.484,3769.65447133,0,0,1771352924855,False,True
0,1.48343,6.52538,0,0,1771352925270,True,True
0,1.48355,1.60095,0,0,1771352929846,True,True
0,1.48357,261.5625,0,0,1771352932524,False,True
0,1.48357,6.98647176,0,0,1771352932524,False,True
0,1.48358,635.51349423,0,0,1771352937576,True,True
0,1.48358,17.01473,0,0,1771352937910,True,True
0,1.48365,1.45564,0,0,1771352940889,True,True
0,1.48361,1000.0,0,0,1771352943127,True,True
0,1.48364,1000.0,0,0,1771352943127,True,True
0,1.48365,493.54436,0,0,1771352943127,True,True
0,1.48373,5071.31574004,0,0,1771352943127,True,True
0,1.4838,261.5625,0,0,1771352943127,True,True
0,1.48382,1514.17733,0,0,1771352943127,True,True
0,1.48385,5598.42711767,0,0,1771352943127,True,True
0,1.48386,137.58743107,0,0,1771352943127,True,True
0,1.48372,1.47717,0,0,1771352949645,True,True
0,1.48365,47.1809389,0,0,1771352953163,True,True
0,1.48371,43.45011402,0,0,1771352955167,True,True
0,1.48371,268.51068615,0,0,1771352955167,True,True
0,1.48329,66.67234602,0,0,1771352966420,False,True
0,1.48326,572.05765398,0,0,1771352966420,False,True
0,1.48313,129.05325468,0,0,1771352970692,False,True
0,1.48354,1.30571,0,0,1771352977481,True,True
0,1.48366,479.37797206,0,0,1771352978961,False,True
0,1.4823,990.18417,0,0,1771352998450,False,True
0,1.4823,3146.65253923,0,0,1771352999202,False,True
0,1.48215,18.83787806,0,0,1771352999202,False,True
0,1.48213,9706.19890843,0,0,1771352999202,False,True
0,1.48208,3997.40649075,0,0,1771352999202,False,True
0,1.48291,6.74349758,0,0,1771353004081,False,True
0,1.4829,685.28323488,0,0,1771353004081,False,True
0,1.4829,506.04110013,0,0,1771353004081,False,True
0,1.4829,10.78968374,0,0,1771353004081,False,True
0,1.4831,65.36663602,0,0,1771353004462,True,True
0,1.48312,6.74286357,0,0,1771353004462,True,True
0,1.48313,91.61841041,0,0,1771353004462,True,True
0,1.48345,7.0,0,0,1771353015800,False,True
0,1.48252,70.78629573,0,0,1771353024736,False,True
0,1.4825,2000.0,0,0,1771353024736,False,True
0,1.48231,6.74622717,0,0,1771353024736,False,True
0,1.4823,464.4,0,0,1771353024736,False,True
0,1.48223,6024.9,0,0,1771353024736,False,True
0,1.48222,663.95139923,0,0,1771353024736,False,True
0,1.48211,26901.40035612,0,0,1771353024736,False,True
0,1.48209,261.5625,0,0,1771353024736,False,True
0,1.48209,4019.53722806,0,0,1771353024736,False,True
0,1.48221,1.31964,0,0,1771353035285,True,True
0,1.48239,6.74612335,0,0,1771353040383,True,True
0,1.4824,13.49137494,0,0,1771353040383,True,True
0,1.48288,66.94418263,0,0,1771353060031,True,True
0,1.48289,6.05581737,0,0,1771353060031,True,True
0,1.48311,31.80604,0,0,1771353062695,True,True
0,1.48293,69.72008119,0,0,1771353067406,True,True
0,1.48259,6.22767,0,0,1771353083794,True,True
0,1.48252,3.30651,0,0,1771353084036,True,True
0,1.48296,13.41881,0,0,1771353089023,True,True
0,1.48317,150.49811552,0,0,1771353094680,True,True
0,1.48313,11.72125,0,0,1771353097313,False,True
0,1.483,5.0,0,0,1771353108430,True,True
0,1.48431,148.68604558,0,0,1771353119177,False,True
0,1.48435,148.76033558,0,0,1771353119286,False,True
0,1.48435,148.76033558,0,0,1771353119286,False,True
0,1.4845,62.91667182,0,0,1771353122491,True,True
0,1.48453,127.12102212,0,0,1771353122491,True,True
0,1.48467,7.67287606,0,0,1771353122491,True,True
0,1.48354,13.18364,0,0,1771353129130,True,True
0,1.4828,13.5142907,0,0,1771353147883,False,True
0,1.48247,261.5625,0,0,1771353148657,True,True
0,1.48253,1000.0,0,0,1771353148657,True,True
0,1.48254,6.99933683,0,0,1771353148657,True,True
0,1.48272,30.99625224,0,0,1771353155826,True,True
0,1.4825,1.76996,0,0,1771353157889,False,True
0,1.48201,47.74279,0,0,1771353160349,False,True
0,1.48244,6.0,0,0,1771353170484,False,True
0,1.4825,816.68498807,0,0,1771353181237,False,True
0,1.48235,33.5143522,0,0,1771353181265,False,True
0,1.48185,163.33258,0,0,1771353185688,True,True
0,1.482,97.52312746,0,0,1771353188951,False,True
0,1.48225,13.07331,0,0,1771353199096,True,True
0,1.48266,3.3,0,0,1771353203762,True,True
0,1.48265,6027.3,0,0,1771353212461,False,True
0,1.48264,1313.94769812,0,0,1771353212461,False,True
0,1.4827,19.32830656,0,0,1771353212858,False,True
0,1.48234,9.3355,0,0,1771353216593,False,True
0,1.48273,7.9707,0,0,1771353223451,True,True
0,1.48274,494.73316,0,0,1771353224628,True,True
0,1.4831,20.03397,0,0,1771353234273,True,True
0,1.48245,6.67587,0,0,1771353242428,True,True
0,1.48255,899.27785402,0,0,1771353243224,True,True
0,1.48308,0.03828561,0,0,1771353247349,True,True
0,1.4824,301.37281872,0,0,1771353255802,True,True
0,1.48132,10.0,0,0,1771353262664,True,True
0,1.48083,261.5625,0,0,1771353264945,False,True
0,1.48076,15.48912824,0,0,1771353264945,False,True
0,1.48073,222.94838176,0,0,1771353264945,False,True
0,1.48099,153.39881,0,0,1771353265356,True,True
0,1.48045,13.20749,0,0,1771353271645,True,True
0,1.48023,150.0,0,0,1771353293152,True,True
0,1.47946,261.5625,0,0,1771353296457,False,True
0,1.47944,2251.73001281,0,0,1771353296457,False,True
0,1.47944,1602.04860108,0,0,1771353296458,False,True
0,1.47929,2237.75144791,0,0,1771353296458,False,True
0,1.47929,854.11898063,0,0,1771353296459,False,True
0,1.47929,75.0,0,0,1771353296460,False,True
0,1.47929,2038.80643212,0,0,1771353296460,False,True
0,1.47929,1554.32085495,0,0,1771353296463,False,True
0,1.47926,1595.20466,0,0,1771353296463,False,True
0,1.4792,690.29314265,0,0,1771353296463,False,True
0,1.4792,1309.70685735,0,0,1771353296464,False,True
0,1.47918,2790.84329999,0,0,1771353296464,False,True
0,1.47918,1157.2861351,0,0,1771353296464,False,True
0,1.47918,518.79882741,0,0,1771353296465,False,True
0,1.47916,381.8,0,0,1771353296465,False,True
0,1.47915,686.52555159,0,0,1771353296465,False,True
0,1.47915,219.77285298,0,0,1771353296466,False,True
0,1.47915,775.29430148,0,0,1771353296466,False,True
0,1.47907,1304.40353537,0,0,1771353296466,False,True
0,1.47916,2745.57302836,0,0,1771353296474,False,True
0,1.47914,775.29430148,0,0,1771353296474,False,True
0,1.47908,579.68467741,0,0,1771353296474,False,True
0,1.47908,1744.7083611,0,0,1771353296474,False,True
0,1.47907,2702.39223112,0,0,1771353296474,False,True
0,1.47907,2752.03485704,0,0,1771353296478,False,True
0,1.47899,12.35929463,0,0,1771353296478,False,True
0,1.47884,1584.18346509,0,0,1771353296478,False,True
0,1.47884,464.67166264,0,0,1771353296478,False,True
0,1.47884,662.56906117,0,0,1771353296478,False,True
0,1.47908,330.06339319,0,0,1771353296480,False,True
0,1.47885,390.83666621,0,0,1771353296484,False,True
0,1.47939,3379.75201743,0,0,1771353296496,False,True
0,1.47908,2324.39595939,0,0,1771353296496,False,True
0,1.47907,219.39999801,0,0,1771353296496,False,True
0,1.47908,14.81478111,0,0,1771353296569,False,True
0,1.47893,487.60666396,0,0,1771353296655,False,True
0,1.47895,2258.37127246,0,0,1771353296738,False,True
0,1.47941,261.5625,0,0,1771353299796,True,True
0,1.47942,76.40955366,0,0,1771353299796,True,True
0,1.4794,899.27785402,0,0,1771353300391,False,True
0,1.47871,43.78,0,0,1771353301706,False,True
0,1.4774,1.34068952,0,0,1771353315917,True,True
0,1.47799,261.5625,0,0,1771353334330,True,True
0,1.47801,34.05245834,0,0,1771353334330,True,True
0,1.47807,1465.17818166,0,0,1771353334330,True,True
0,1.47765,261.5625,0,0,1771353334844,False,True
0,1.4776,773.57477186,0,0,1771353334844,False,True
0,1.4776,365.26987737,0,0,1771353334844,False,True
0,1.4776,532.5089522,0,0,1771353334844,False,True
0,1.4776,148.55311973,0,0,1771353334844,False,True
0,1.4776,4.72368784,0,0,1771353334844,False,True
0,1.4776,14.57144589,0,0,1771353334844,False,True
0,1.47744,6.5563,0,0,1771353338057,True,True
0,1.47808,534.12565463,0,0,1771353344615,False,True
0,1.47804,2882.73419228,0,0,1771353345088,False,True
0,1.47801,398.51798021,0,0,1771353345203,False,True
0,1.47804,3210.27074825,0,0,1771353345799,False,True
0,1.4784,500.0,0,0,1771353349281,False,True
0,1.47782,13.13749,0,0,1771353358584,True,True
0,1.47764,41.1,0,0,1771353360941,False,True
0,1.47802,16.0,0,0,1771353363037,False,True
0,1.47805,808.53040994,0,0,1771353363640,True,True
0,1.47805,383.74301646,0,0,1771353363641,True,True
0,1.47805,307.7265736,0,0,1771353363642,True,True
0,1.47853,35.39314787,0,0,1771353364248,True,True
0,1.47883,1.09981213,0,0,1771353364248,True,True
0,1.47815,1500.0,0,0,1771353371200,True,True
0,1.4782,29.00524209,0,0,1771353378231,False,True
0,1.47894,125.73553,0,0,1771353382758,True,True
0,1.47846,7.89906627,0,0,1771353385129,False,True
0,1.47874,186.72483,0,0,1771353389260,False,True
0,1.47902,641.89189189,0,0,1771353390668,True,True
0,1.47939,3372.99919781,0,0,1771353393162,False,True
0,1.47953,1.0,0,0,1771353398582,True,True
0,1.47934,1201.97016024,0,0,1771353401899,True,True
0,1.47905,487.96760717,0,0,1771353405971,True,True
0,1.47912,261.5625,0,0,1771353407852,False,True
0,1.47909,353.53102363,0,0,1771353407852,False,True
0,1.47992,11.2785971,0,0,1771353410576,False,True
0,1.48,3.32845,0,0,1771353414034,True,True
0,1.47994,7.89906627,0,0,1771353423829,True,True
0,1.47995,347.5534452,0,0,1771353423829,True,True
0,1.47939,20.6329,0,0,1771353442140,True,True
0,1.47899,3380.68288729,0,0,1771353453350,False,True
0,1.47899,261.5625,0,0,1771353453350,False,True
0,1.47892,70.78629573,0,0,1771353453350,False,True
0,1.47891,893.94455021,0,0,1771353453350,False,True
0,1.47877,41.05489699,0,0,1771353464445,False,True
0,1.47902,261.5625,0,0,1771353465160,True,True
0,1.47903,7079.68519812,0,0,1771353465160,True,True
0,1.47903,1101.81480188,0,0,1771353465572,True,True
0,1.4791,4.28482834,0,0,1771353465572,True,True
0,1.4789,0.65724525,0,0,1771353484630,False,True
0,1.478,18.64307989,0,0,1771353487800,False,True
0,1.478,31.12081,0,0,1771353493654,False,True
0,1.478,1500.0,0,0,1771353494557,False,True
0,1.478,12724.27659837,0,0,1771353494593,False,True
0,1.478,2640.70917345,0,0,1771353494611,False,True
0,1.47727,1.65,0,0,1771353495135,False,True
0,1.4777,137.36327148,0,0,1771353509017,False,True
0,1.4777,1.38364,0,0,1771353511062,False,True
0,1.4777,100.0,0,0,1771353516008,True,True
0,1.4777,4.02814509,0,0,1771353516434,True,True
0,1.4777,394.97185491,0,0,1771353518811,True,True
0,1.47903,13.14034,0,0,1771353524258,True,True
0,1.47842,800.98995207,0,0,1771353533563,False,True
0,1.47817,6.62862,0,0,1771353537366,True,True
0,1.47815,100.0,0,0,1771353547612,True,True
0,1.47809,65.4965,0,0,1771353550010,True,True
0,1.47853,261.5625,0,0,1771353558646,False,True
0,1.47851,226.40510717,0,0,1771353558646,False,True
0,1.47851,35.15739283,0,0,1771353558646,False,True
0,1.47843,261.5625,0,0,1771353558646,False,True
0,1.47833,58.73261864,0,0,1771353558646,False,True
0,1.47833,719.3066518,0,0,1771353558646,False,True
0,1.47826,386.79297842,0,0,1771353558646,False,True
0,1.47826,0.65724525,0,0,1771353558646,False,True
0,1.47865,10.0,0,0,1771353571544,False,True
0,1.47904,47.82959,0,0,1771353583804,True,True
0,1.47895,6.55049,0,0,1771353593611,True,True
0,1.4795,280.38164,0,0,1771353604812,True,True
0,1.47955,139.61836,0,0,1771353604812,True,True
0,1.47999,261.5625,0,0,1771353608966,True,True
0,1.48,261.5625,0,0,1771353608966,True,True
0,1.48001,261.5625,0,0,1771353608966,True,True
0,1.48002,9.81636573,0,0,1771353608966,True,True
0,1.48004,6.76006986,0,0,1771353608966,True,True
0,1.48005,77.17233106,0,0,1771353608966,True,True
0,1.48004,6.76006986,0,0,1771353609599,True,True
0,1.48004,261.5625,0,0,1771353609599,True,True
0,1.48005,287.61638439,0,0,1771353609599,True,True
0,1.48005,647.0319726,0,0,1771353609603,True,True
0,1.48005,852.9680274,0,0,1771353609605,True,True
0,1.48004,261.5625,0,0,1771353609631,True,True
0,1.48008,138.37038267,0,0,1771353609649,True,True
0,1.48015,1500.0,0,0,1771353609672,True,True
0,1.48021,677.6475,0,0,1771353609672,True,True
0,1.48034,46.16625458,0,0,1771353609715,True,True
0,1.48034,10.36548067,0,0,1771353609715,True,True
0,1.48035,844.9883217,0,0,1771353609715,True,True
0,1.48035,1726.39449027,0,0,1771353609717,True,True
0,1.4805,25.0,0,0,1771353609748,True,True
0,1.48052,358.59437343,0,0,1771353609748,True,True
0,1.4809,415.818,0,0,1771353609870,True,True
0,1.4809,205.1509,0,0,1771353609881,True,True
0,1.4809,509.3048,0,0,1771353609882,True,True
0,1.48082,25.0,0,0,1771353610153,True,True
0,1.48136,4.96933142,0,0,1771353610516,True,True
0,1.48136,4.96933142,0,0,1771353610546,True,True
0,1.48136,1.96042949,0,0,1771353610549,True,True
0,1.48202,25.0,0,0,1771353615198,True,True
0,1.4821,7845.15112966,0,0,1771353615198,True,True
0,1.4821,917.6159,0,0,1771353615263,True,True
0,1.4821,1217.19900034,0,0,1771353615302,True,True
0,1.48323,6.7420427,0,0,1771353615804,False,True
0,1.48323,261.02622622,0,0,1771353615804,False,True
0,1.48332,131.02652,0,0,1771353617770,True,True
0,1.48321,13.24146956,0,0,1771353620255,False,True
0,1.48321,48.5807341,0,0,1771353620285,False,True
0,1.48218,6.74681887,0,0,1771353624073,False,True
0,1.4821,193.25318113,0,0,1771353624073,False,True
0,1.48214,6.74529216,0,0,1771353625013,True,True
0,1.48215,515.6976062,0,0,1771353625013,True,True
0,1.48197,6.74777492,0,0,1771353629700,False,True
0,1.48195,70.78629573,0,0,1771353629700,False,True
0,1.48239,25.0,0,0,1771353635549,True,True
0,1.48345,37.64857,0,0,1771353636058,True,True
0,1.48401,6.73849906,0,0,1771353637645,False,True
0,1.48386,3.04501403,0,0,1771353637645,False,True
0,1.48418,6.73780656,0,0,1771353645010,True,True
0,1.48418,27.93713693,0,0,1771353645010,True,True
0,1.48421,23.11667119,0,0,1771353648359,True,True
0,1.48451,1499.88332881,0,0,1771353648359,True,True
0,1.48451,0.11667119,0,0,1771353648370,True,True
0,1.485,34.0367597,0,0,1771353649368,True,True
0,1.48548,254.12799452,0,0,1771353649507,True,True
0,1.48705,52.66557227,0,0,1771353662892,True,True
0,1.48705,31.3506607,0,0,1771353663669,True,True
0,1.48704,68.28922768,0,0,1771353664544,True,True
0,1.48704,74.86675281,0,0,1771353664544,True,True
0,1.48704,186.69574719,0,0,1771353664546,True,True
0,1.48704,197.01532242,0,0,1771353664546,True,True
0,1.48704,165.27200044,0,0,1771353664546,True,True
0,1.48705,220.1483,0,0,1771353664582,True,True
0,1.48705,1195.83546703,0,0,1771353664604,True,True
0,1.48706,146.13986887,0,0,1771353664604,True,True
0,1.48727,28.85019483,0,0,1771353664604,True,True
0,1.48733,179.17446927,0,0,1771353664604,True,True
0,1.48733,82.44,0,0,1771353664611,True,True
0,1.48733,38.38553073,0,0,1771353664632,True,True
0,1.48749,96.40618889,0,0,1771353664655,True,True
0,1.4875,10.01,0,0,1771353664655,True,True
0,1.48715,1500.0,0,0,1771353664681,True,True
0,1.4878,8647.61357276,0,0,1771353664929,True,True
0,1.4878,9854.26830308,0,0,1771353664949,True,True
0,1.4878,591.77296,0,0,1771353665205,True,True
0,1.4878,261.5625,0,0,1771353665205,True,True
0,1.48795,38.6404,0,0,1771353665861,False,True
0,1.48796,500.0,0,0,1771353666228,True,True
0,1.48735,10.0,0,0,1771353669384,False,True
0,1.48729,8.9614768,0,0,1771353669384,False,True
0,1.48683,40.1684419,0,0,1771353671472,False,True
0,1.48685,1.86592,0,0,1771353672335,True,True
0,1.4867,325.66999,0,0,1771353673296,True,True
0,1.48672,10.38006,0,0,1771353678199,True,True
0,1.48586,261.5625,0,0,1771353685052,False,True
0,1.48581,16.12261,0,0,1771353685052,False,True
0,1.48651,582.55704,0,0,1771353687048,True,True
0,1.48674,240.10093844,0,0,1771353687048,True,True
0,1.486,0.78688,0,0,1771353691787,True,True
0,1.48584,20.4857,0,0,1771353695921,False,True
0,1.48522,261.5625,0,0,1771353704113,False,True
0,1.48521,2510.73986956,0,0,1771353704113,False,True
0,1.48519,6013.6,0,0,1771353704113,False,True
0,1.48503,6731.89245684,0,0,1771353704113,False,True
0,1.48502,2490.246534,0,0,1771353704113,False,True
0,1.485,1.18335,0,0,1771353718696,True,True
0,1.48329,137.36327148,0,0,1771353738141,True,True
0,1.48301,132.2299,0,0,1771353747915,True,True
0,1.48323,1.72823,0,0,1771353765303,True,True
0,1.48265,5.0,0,0,1771353768033,False,True
0,1.483,11.83555,0,0,1771353769542,True,True
0,1.48291,13.92457,0,0,1771353788217,False,True
0,1.48309,24.9759,0,0,1771353788296,True,True
0,1.48299,6.04009,0,0,1771353789240,True,True
0,1.4833,3.42398967,0,0,1771353803550,True,True
0,1.4833,3.42398967,0,0,1771353803552,True,True
0,1.4833,2.14638345,0,0,1771353803554,True,True
0,1.48443,21.10936642,0,0,1771353807979,False,True
0,1.48428,6737.24449858,0,0,1771353807979,False,True
0,1.48413,261.5625,0,0,1771353807979,False,True
0,1.48408,4706.6829156,0,0,1771353807979,False,True
0,1.48407,535.12701744,0,0,1771353807979,False,True
0,1.48424,5.0,0,0,1771353825633,False,True
0,1.48391,261.5625,0,0,1771353831123,False,True
0,1.48385,468.36136,0,0,1771353831123,False,True
0,1.4841,261.5625,0,0,1771353833783,True,True
0,1.48424,196.36025,0,0,1771353833783,True,True
0,1.48419,34.32578594,0,0,1771353837119,True,True
0,1.48419,62.53828406,0,0,1771353837119,True,True
0,1.48425,1500.0,0,0,1771353840181,True,True
0,1.48439,969.02094463,0,0,1771353840181,True,True
0,1.4844,18.6465,0,0,1771353850535,True,True
0,1.48544,261.5625,0,0,1771353850817,True,True
0,1.48558,383.72281781,0,0,1771353850817,True,True
0,1.48558,107.60697122,0,0,1771353850817,True,True
0,1.48537,261.5625,0,0,1771353857401,True,True
0,1.48538,366.21107,0,0,1771353857401,True,True
0,1.48546,14.5544141,0,0,1771353869350,False,True
0,1.48491,334.31661,0,0,1771353881389,True,True
0,1.48439,60.29861031,0,0,1771353893898,True,True
0,1.48468,27.48067,0,0,1771353936208,False,True
0,1.48468,15.931576,0,0,1771353945049,False,True
0,1.48432,62.80162,0,0,1771353957656,True,True
0,1.48469,250.0,0,0,1771353966333,True,True
0,1.48504,13.04355,0,0,1771353993410,True,True
0,1.48486,10.8385415,0,0,1771353994661,False,True
0,1.48415,54.82236277,0,0,1771353996145,False,True
0,1.48552,19.054457,0,0,1771354002878,True,True
0,1.48549,326.15942,0,0,1771354014203,True,True
0,1.48552,98.99285,0,0,1771354015351,True,True
0,1.48508,46.62273,0,0,1771354016724,False,True
0,1.486,8678.35386805,0,0,1771354020385,True,True
0,1.48504,16.29906,0,0,1771354026953,True,True
0,1.48436,3.47223,0,0,1771354035357,False,True
0,1.48429,21.58201362,0,0,1771354042953,False,True
0,1.48428,599.06287614,0,0,1771354042953,False,True
0,1.484,1.65,0,0,1771354052644,False,True
0,1.48387,44.97274,0,0,1771354052644,False,True
0,1.48392,19.63346914,0,0,1771354058718,False,True
0,1.48451,66.38915,0,0,1771354060770,True,True
0,1.48456,100.0,0,0,1771354067979,False,True
0,1.48461,500.0,0,0,1771354068869,False,True
0,1.48418,2464.57670693,0,0,1771354088307,False,True
0,1.48441,8.98651237,0,0,1771354095581,True,True
0,1.48497,21.86567,0,0,1771354096268,True,True
0,1.48481,112.89288,0,0,1771354099344,True,True
0,1.48462,522.44289836,0,0,1771354104811,False,True
0,1.48462,34.67494349,0,0,1771354104811,False,True
0,1.48462,52.66557227,0,0,1771354104811,False,True
0,1.48462,822.65797844,0,0,1771354104811,False,True
0,1.48462,14.5544141,0,0,1771354104811,False,True
0,1.48454,6.58738,0,0,1771354107306,True,True
0,1.48413,6.68448181,0,0,1771354113947,True,True
0,1.483,1.65,0,0,1771354133623,False,True
0,1.4829,2639.58426715,0,0,1771354133623,False,True
0,1.48281,28.55015181,0,0,1771354133623,False,True
0,1.48278,261.5625,0,0,1771354133623,False,True
0,1.48275,2068.65308104,0,0,1771354133623,False,True
0,1.48308,16.78938425,0,0,1771354133791,True,True
0,1.48407,101.80389,0,0,1771354152160,False,True
0,1.48415,31.7942,0,0,1771354154907,True,True
0,1.48422,53.99691148,0,0,1771354162883,True,True
0,1.48424,12.06056852,0,0,1771354162883,True,True
0,1.48473,3.17890767,0,0,1771354164909,True,True
0,1.48475,64.17254111,0,0,1771354164909,True,True
0,1.48455,9.73977828,0,0,1771354165396,False,True
0,1.48555,8.37557,0,0,1771354171943,True,True
0,1.48555,2.67222,0,0,1771354177818,True,True
0,1.48554,10.0,0,0,1771354178325,False,True
0,1.48475,25.0,0,0,1771354192271,False,True
0,1.48513,2.44159,0,0,1771354198294,True,True
0,1.48563,25.0,0,0,1771354202098,True,True
0,1.48512,6.73370316,0,0,1771354209005,True,True
0,1.48513,92.29180684,0,0,1771354209005,True,True
0,1.48469,1.36535,0,0,1771354220112,True,True
0,1.48484,6.73473236,0,0,1771354223277,False,True
0,1.48483,168.1396647,0,0,1771354223277,False,True
0,1.48452,6.73618408,0,0,1771354237749,False,True
0,1.48444,6.15454,0,0,1771354242828,False,True
0,1.48445,2.67149996,0,0,1771354252144,True,True
0,1.48445,2.67149996,0,0,1771354252146,True,True
0,1.48445,2.67149996,0,0,1771354252148,True,True
0,1.48445,3.55047431,0,0,1771354252478,True,True
0,1.486,8145.33388431,0,0,1771354262983,True,True
0,1.48684,59.12727715,0,0,1771354266243,True,True
0,1.48685,9.0,0,0,1771354266243,True,True
0,1.48652,38.70633,0,0,1771354281758,True,True
0,1.48616,3364.37530279,0,0,1771354293504,False,True
0,1.48615,70.78629573,0,0,1771354293504,False,True
0,1.48609,5564.83840148,0,0,1771354293504,False,True
0,1.48603,34.31594,0,0,1771354294149,False,True
0,1.48633,261.5625,0,0,1771354297634,True,True
0,1.48634,42.60146,0,0,1771354297634,True,True
0,1.48634,4000.0,0,0,1771354304979,True,True
0,1.48605,16.62435,0,0,1771354318653,True,True
0,1.48627,326.66784,0,0,1771354321128,True,True
0,1.48632,28.18483573,0,0,1771354322846,True,True
0,1.48634,34.60753427,0,0,1771354322846,True,True
0,1.48644,499.66362584,0,0,1771354326013,True,True
0,1.48644,1.6486,0,0,1771354328606,True,True
0,1.48645,6.10577,0,0,1771354333249,True,True
0,1.48644,2.77461999,0,0,1771354336092,False,True
0,1.48765,173.02029126,0,0,1771354354031,True,True
0,1.4881,3359.98924803,0,0,1771354369750,False,True
0,1.48801,535.2046255,0,0,1771354369750,False,True
0,1.488,6720.38532321,0,0,1771354369750,False,True
0,1.48794,6867.2773157,0,0,1771354369750,False,True
0,1.48752,1.95286,0,0,1771354381078,True,True
0,1.48719,2.5,0,0,1771354381485,False,True
0,1.48644,85.15648125,0,0,1771354389870,False,True
0,1.486,1.65,0,0,1771354389870,False,True
0,1.48579,50.77008875,0,0,1771354389870,False,True
0,1.48614,6.5934,0,0,1771354390316,True,True
0,1.48614,80.4547442,0,0,1771354391920,True,True
0,1.48605,13.31324,0,0,1771354392562,True,True
0,1.486,8931.75208607,0,0,1771354415216,False,True
0,1.486,302.5883,0,0,1771354415221,False,True
0,1.486,1550.0,0,0,1771354415223,False,True
0,1.486,3439.3373,0,0,1771354415231,False,True
0,1.486,3557.86336372,0,0,1771354415233,False,True
0,1.48502,89.4032,0,0,1771354418882,False,True
0,1.48533,65.3655,0,0,1771354431307,True,True
0,1.4853,320.0,0,0,1771354459807,True,True
0,1.48502,6.22222222,0,0,1771354471680,True,True
0,1.48506,24.125127,0,0,1771354475181,True,True
0,1.4853,13.03969,0,0,1771354491810,True,True
0,1.48535,13.33152,0,0,1771354495039,True,True
0,1.48585,32.6023,0,0,1771354501385,True,True
0,1.48575,162.9698,0,0,1771354502823,True,True
0,1.48531,7.20051,0,0,1771354527581,False,True
0,1.48667,0.66598,0,0,1771354558040,True,True
0,1.48741,2.88204,0,0,1771354567644,True,True
0,1.48726,9.70051,0,0,1771354570855,True,True
0,1.48735,155.89298,0,0,1771354570855,True,True
0,1.48703,13.19486,0,0,1771354571359,False,True
0,1.48708,115.46981178,0,0,1771354589858,True,True
0,1.48673,785.95410345,0,0,1771354593090,True,True
0,1.48675,4711.0828704,0,0,1771354593090,True,True
0,1.48676,410.9311511,0,0,1771354593090,True,True
0,1.48671,68.55854,0,0,1771354596663,True,True
0,1.48725,429.22082726,0,0,1771354612161,True,True
0,1.48725,12.93169882,0,0,1771354613470,True,True
0,1.48725,80.94361808,0,0,1771354620003,True,True
0,1.4869,429.7531777,0,0,1771354621598,False,True
0,1.48643,6.69397,0,0,1771354622058,True,True
0,1.4864,261.5625,0,0,1771354623012,True,True
0,1.48644,410.88271252,0,0,1771354623012,True,True
0,1.48663,6.59198,0,0,1771354624312,True,True
0,1.48621,125.50041,0,0,1771354631963,True,True
0,1.48621,13.18928,0,0,1771354632924,True,True
0,1.48648,52.12823,0,0,1771354634291,True,True
0,1.48655,1500.0,0,0,1771354637863,True,True
0,1.48701,68.5991,0,0,1771354643553,False,True
0,1.4868,3.48285412,0,0,1771354659461,False,True
0,1.48687,101.69906865,0,0,1771354667015,True,True
0,1.48687,159.86343135,0,0,1771354667021,True,True
0,1.48696,31.99614437,0,0,1771354667021,True,True
0,1.48696,383.7141674,0,0,1771354667025,True,True
0,1.48696,205.30674851,0,0,1771354667027,True,True
0,1.48713,1222.0093,0,0,1771354667047,True,True
0,1.48713,277.9907,0,0,1771354667119,True,True
0,1.48756,101.57086545,0,0,1771354667125,True,True
0,1.48758,242.12753455,0,0,1771354667125,True,True
0,1.48758,1389.5967,0,0,1771354667126,True,True
0,1.48758,15.9184,0,0,1771354667135,True,True
0,1.48758,2320.87213809,0,0,1771354667140,True,True
0,1.4876,1899.32676191,0,0,1771354667140,True,True
0,1.4876,4978.73,0,0,1771354667140,True,True
0,1.48705,1500.0,0,0,1771354667170,True,True
0,1.48771,22.12572,0,0,1771354668255,True,True
0,1.48775,403.2550168,0,0,1771354678717,True,True
0,1.48759,6.51042,0,0,1771354693244,True,True
0,1.487,1.65,0,0,1771354700628,False,True
0,1.48698,8.96126604,0,0,1771354700628,False,True
0,1.48692,989.38873296,0,0,1771354700628,False,True
0,1.48677,3070.80699394,0,0,1771354703702,True,True
0,1.4866,1.63545,0,0,1771354706139,True,True
0,1.48659,3.64390989,0,0,1771354708078,False,True
0,1.48625,620.64488976,0,0,1771354708123,True,True
0,1.48601,47.24077,0,0,1771354726848,True,True
0,1.486,1.65,0,0,1771354730931,False,True
0,1.48554,13.19496,0,0,1771354733024,True,True
0,1.48553,975.4745361,0,0,1771354735015,False,True
0,1.48504,3.36691268,0,0,1771354740190,False,True
0,1.485,1.65,0,0,1771354740331,False,True
0,1.48452,158.0,0,0,1771354742955,False,True
0,1.48481,13.20349,0,0,1771354743329,True,True
0,1.48407,261.5625,0,0,1771354762720,True,True
0,1.48409,3011.77414,0,0,1771354762720,True,True
0,1.48408,2.87633754,0,0,1771354767321,False,True
0,1.48401,11.406835,0,0,1771354770921,True,True
0,1.48401,6.67178,0,0,1771354776032,True,True
0,1.48401,3.0,0,0,1771354779720,True,True
0,1.48401,95.21103,0,0,1771354784446,True,True
0,1.484,1.65,0,0,1771354790530,False,True
0,1.48344,70.78629573,0,0,1771354790530,False,True
0,1.48343,2000.0,0,0,1771354790530,False,True
0,1.483,1.65,0,0,1771354792904,False,True
0,1.48273,473.28554,0,0,1771354792904,False,True
0,1.48285,6.71022,0,0,1771354800100,True,True
0,1.48372,54.74398,0,0,1771354805588,True,True
0,1.48306,6.74043134,0,0,1771354806838,True,True
0,1.48307,10.04911157,0,0,1771354806838,True,True
0,1.48307,16.77555,0,0,1771354806937,True,True
0,1.48309,5.13000905,0,0,1771354810070,False,True
0,1.48308,56.86999095,0,0,1771354810070,False,True
0,1.48365,65.46026,0,0,1771354817169,True,True
0,1.4833,6.64138,0,0,1771354822370,True,True
0,1.48299,8.37557,0,0,1771354822941,True,True
0,1.48299,2.67222,0,0,1771354822941,True,True
0,1.48287,4.31072,0,0,1771354830036,True,True
0,1.48284,5.03435036,0,0,1771354839840,False,True
0,1.48283,167.34394964,0,0,1771354839840,False,True
0,1.48318,70.78629573,0,0,1771354846582,True,True
0,1.4832,6.74275688,0,0,1771354846582,True,True
0,1.48321,124.73643307,0,0,1771354846582,True,True
0,1.48325,6.60998,0,0,1771354849285,True,True
0,1.48355,507.09590426,0,0,1771354852693,True,True
0,1.48355,0.65923,0,0,1771354857489,True,True
0,1.48355,67.87107,0,0,1771354858502,True,True
0,1.48355,33.36975,0,0,1771354860120,True,True
0,1.48347,2060.23505,0,0,1771354860418,False,True
0,1.48355,1500.0,0,0,1771354869584,True,True
0,1.48355,649.82514104,0,0,1771354869584,True,True
0,1.48357,9310.8,0,0,1771354869584,True,True
0,1.4837,261.5625,0,0,1771354869584,True,True
0,1.48373,6739.78553798,0,0,1771354869584,True,True
0,1.48382,4718.8443318,0,0,1771354869584,True,True
0,1.48383,11866.17434752,0,0,1771354869584,True,True
0,1.48367,16.16205,0,0,1771354886837,False,True
0,1.48368,2862.79037818,0,0,1771354886899,True,True
0,1.48368,1102.11569762,0,0,1771354886956,True,True
0,1.48368,1035.0939242,0,0,1771354886956,True,True
0,1.48474,177.88665,0,0,1771354891755,True,True
0,1.4845,22.43375,0,0,1771354901559,True,True
0,1.48335,70.78629573,0,0,1771354908621,False,True
0,1.48335,261.5625,0,0,1771354908621,False,True
0,1.4833,167.31483011,0,0,1771354908621,False,True
0,1.4833,3.64390989,0,0,1771354908621,False,True
0,1.4833,1000.0,0,0,1771354913050,False,True
0,1.48292,8.99375609,0,0,1771354930323,True,True
0,1.48333,70.78629573,0,0,1771354930323,True,True
0,1.48334,55.05382661,0,0,1771354930323,True,True
0,1.48337,1305.85904,0,0,1771354938860,True,True
0,1.48345,327.27049,0,0,1771354946041,True,True
0,1.48404,261.5625,0,0,1771354967320,False,True
0,1.48403,4738.4375,0,0,1771354967320,False,True
0,1.48433,62.90016,0,0,1771354967744,True,True
0,1.48425,261.5625,0,0,1771354973758,True,True
0,1.48426,25.40896322,0,0,1771354973758,True,True
0,1.48389,126.53116166,0,0,1771354977170,True,True
0,1.484,5600.0,0,0,1771355007931,True,True
0,1.48421,4.0,0,0,1771355053656,False,True
0,1.48451,172.41820643,0,0,1771355055924,True,True
0,1.48412,1205.02142955,0,0,1771355065588,False,True
0,1.48414,61.13881,0,0,1771355077709,False,True
0,1.48401,6.67129,0,0,1771355081903,True,True
0,1.48401,1.3147362,0,0,1771355093711,True,True
0,1.48401,100.0,0,0,1771355098559,True,True
0,1.484,1.65,0,0,1771355102573,False,True
0,1.48301,100.0,0,0,1771355103144,False,True
0,1.48442,19.071663,0,0,1771355132725,True,True
0,1.48449,6.13007,0,0,1771355134589,True,True
0,1.48398,6.60579,0,0,1771355144006,True,True
0,1.48333,32.62822,0,0,1771355149053,True,True
0,1.48371,16.67979,0,0,1771355158764,True,True
0,1.484,1.82614555,0,0,1771355181470,False,True
0,1.48375,39.94251262,0,0,1771355188144,False,True
0,1.48375,8.5576562,0,0,1771355188452,False,True
0,1.4837,9.63331,0,0,1771355189300,False,True
0,1.48351,25.37049,0,0,1771355212565,True,True
0,1.483,1.65,0,0,1771355216369,False,True
0,1.48259,65.0,0,0,1771355222571,True,True
0,1.48265,14.11956,0,0,1771355223329,True,True
0,1.48302,5369.22553,0,0,1771355225059,True,True
0,1.48333,3.0,0,0,1771355228213,True,True
0,1.48329,14.36219,0,0,1771355228328,False,True
0,1.48506,59.14280605,0,0,1771355271410,False,True
0,1.48517,8.22114,0,0,1771355273650,True,True
0,1.48459,1190.44201,0,0,1771355285324,True,True
0,1.48409,261.5625,0,0,1771355288022,True,True
0,1.4841,237.38679683,0,0,1771355288022,True,True
0,1.48333,13.48317636,0,0,1771355305412,False,True
0,1.48302,17.08041,0,0,1771355307326,False,True
0,1.48371,9.63331,0,0,1771355313870,True,True
0,1.48371,3.04666,0,0,1771355313870,True,True
0,1.48291,1.0,0,0,1771355328284,False,True
0,1.48306,4.69984559,0,0,1771355333689,True,True
0,1.48355,1.65,0,0,1771355337581,True,True
0,1.48275,100.0,0,0,1771355348786,False,True
0,1.48298,16.36584,0,0,1771355350078,True,True
0,1.48393,25.0,0,0,1771355353112,True,True
0,1.48358,2.15921879,0,0,1771355356556,True,True
0,1.48351,1.0,0,0,1771355359929,False,True
0,1.48373,1000.0,0,0,1771355362807,True,True
0,1.48376,1021.08667093,0,0,1771355362807,True,True
0,1.48381,1.31552511,0,0,1771355369748,True,True
0,1.48363,35.24474,0,0,1771355385688,True,True
0,1.48317,2.62314,0,0,1771355394101,True,True
0,1.48322,0.85771,0,0,1771355395038,True,True
0,1.48329,101.01010102,0,0,1771355396346,True,True
0,1.48389,6.11642,0,0,1771355418474,True,True
0,1.4828,3.47225,0,0,1771355424766,False,True
0,1.482,1.65,0,0,1771355431165,False,True
0,1.48225,6.74600332,0,0,1771355452099,True,True
0,1.48226,6.48202668,0,0,1771355452099,True,True
0,1.48291,9.40001348,0,0,1771355470665,True,True
0,1.48288,232.51088,0,0,1771355472058,True,True
0,1.48283,9.26452,0,0,1771355478487,True,True
0,1.48296,6.61105,0,0,1771355479034,True,True
0,1.48275,261.03970188,0,0,1771355492508,False,True
0,1.48312,628.60013,0,0,1771355512070,True,True
0,1.48304,67.31404573,0,0,1771355514156,False,True
0,1.48304,24.58242427,0,0,1771355514156,False,True
0,1.48303,39.17731,0,0,1771355529518,True,True
0,1.48231,2.61307,0,0,1771355545970,True,True
0,1.48204,7900.47915315,0,0,1771355560894,True,True
0,1.48204,2099.52084685,0,0,1771355560906,True,True
0,1.48296,16.37765,0,0,1771355563108,True,True
0,1.48373,0.66076,0,0,1771355572033,True,True
0,1.48304,1159.84571,0,0,1771355585030,False,True
0,1.48341,8.68988391,0,0,1771355586085,True,True
0,1.483,38.6091,0,0,1771355586966,False,True
0,1.48316,261.5625,0,0,1771355592491,False,True
0,1.48313,803.57275871,0,0,1771355592491,False,True
0,1.48401,163.18617,0,0,1771355605386,True,True
0,1.48393,78.38352,0,0,1771355606951,True,True
0,1.48493,131.84446,0,0,1771355648958,True,True
0,1.4845,1709.88543,0,0,1771355649722,False,True
0,1.48435,575.47561732,0,0,1771355653861,True,True
0,1.48535,65.40734,0,0,1771355657966,True,True
0,1.48515,1500.0,0,0,1771355663818,True,True
0,1.48666,8003.80192794,0,0,1771355672175,True,True
0,1.48666,8701.58884982,0,0,1771355677558,True,True
0,1.48666,15700.15250169,0,0,1771355677558,True,True
0,1.48666,7064.5337203,0,0,1771355677579,True,True
0,1.48666,16811.80021736,0,0,1771355677591,True,True
0,1.4861,5.83969106,0,0,1771355692630,True,True
0,1.48607,8.96868024,0,0,1771355695616,False,True
0,1.48536,345.85555017,0,0,1771355696505,True,True
0,1.48508,5.83969106,0,0,1771355701112,True,True
0,1.48568,70.78629573,0,0,1771355725211,True,True
0,1.4857,4706.8440115,0,0,1771355725211,True,True
0,1.48584,261.5625,0,0,1771355725211,True,True
0,1.48584,29271.2,0,0,1771355725211,True,True
0,1.48596,358.1,0,0,1771355725211,True,True
0,1.48597,6732.05712752,0,0,1771355725211,True,True
0,1.48601,4466.9282625,0,0,1771355725211,True,True
0,1.48602,261.5625,0,0,1771355725211,True,True
0,1.48621,800.0,0,0,1771355725211,True,True
0,1.48628,261.5625,0,0,1771355725211,True,True
0,1.48628,1038.5402125,0,0,1771355725371,False,True
0,1.48629,35.39314786,0,0,1771355726182,False,True
0,1.48628,7746.07754235,0,0,1771355726182,False,True
0,1.48628,9877.06310515,0,0,1771355726238,False,True
0,1.48628,14234.05682334,0,0,1771355726688,False,True
0,1.48628,7923.2643263,0,0,1771355728374,False,True
0,1.48628,7147.36115181,0,0,1771355728383,False,True
0,1.48629,73.03013,0,0,1771355728432,True,True
0,1.48629,28.46116276,0,0,1771355728488,False,True
0,1.48628,12556.20390624,0,0,1771355728488,False,True
0,1.48628,7740.3086609,0,0,1771355728508,False,True
0,1.48628,7434.88644319,0,0,1771355728508,False,True
0,1.48628,12052.41838065,0,0,1771355728516,False,True
0,1.48628,7914.99160917,0,0,1771355729754,False,True
0,1.48628,8912.90793862,0,0,1771355729943,False,True
0,1.48628,7679.23835236,0,0,1771355729946,False,True
0,1.48628,7286.01340512,0,0,1771355730476,False,True
0,1.48628,6810.5608343,0,0,1771355730954,False,True
0,1.48628,7187.65733488,0,0,1771355730975,False,True
0,1.48659,162.99832,0,0,1771355733561,True,True
0,1.48662,6.0,0,0,1771355751186,True,True
0,1.4863,6.93198511,0,0,1771355764757,False,True
0,1.48628,73.76578157,0,0,1771355764757,False,True
0,1.48628,7783.22471699,0,0,1771355767878,False,True
0,1.48628,8657.2339494,0,0,1771355767886,False,True
0,1.48628,8793.05098526,0,0,1771355767888,False,True
0,1.48629,163.12272,0,0,1771355768860,True,True
0,1.48656,598.95392,0,0,1771355774994,True,True
0,1.4866,119.57799,0,0,1771355774994,True,True
0,1.48628,7809.8086174,0,0,1771355782611,False,True
0,1.48628,6942.31205346,0,0,1771355782643,False,True
0,1.48628,7982.70532998,0,0,1771355783612,False,True
0,1.48628,8158.6073244,0,0,1771355783636,False,True
0,1.48628,11337.53976371,0,0,1771355783638,False,True
0,1.48628,6751.75703125,0,0,1771355784144,False,True
0,1.48628,8468.12527029,0,0,1771355789360,False,True
0,1.48628,11397.65914849,0,0,1771355794404,False,True
0,1.48628,8281.54531575,0,0,1771355794607,False,True
0,1.48629,39.57742,0,0,1771355795076,True,True
0,1.48628,4357.665625,0,0,1771355796333,False,True
0,1.48628,4357.665625,0,0,1771355796336,False,True
0,1.48628,4357.665625,0,0,1771355796428,False,True
0,1.48628,4357.665625,0,0,1771355796429,False,True
0,1.48628,4357.665625,0,0,1771355796430,False,True
0,1.48628,4357.665625,0,0,1771355796431,False,True
0,1.48628,4357.665625,0,0,1771355796432,False,True
0,1.48628,4357.665625,0,0,1771355796435,False,True
0,1.48628,4357.665625,0,0,1771355796436,False,True
0,1.48628,4357.665625,0,0,1771355796439,False,True
0,1.48628,4357.665625,0,0,1771355796440,False,True
0,1.48628,4357.665625,0,0,1771355796440,False,True
0,1.48628,4357.665625,0,0,1771355796444,False,True
0,1.48628,11933.64299815,0,0,1771355796464,False,True
0,1.48628,2584.0209168,0,0,1771355796971,False,True
0,1.48628,4357.665625,0,0,1771355796972,False,True
0,1.48628,4357.665625,0,0,1771355796975,False,True
0,1.48628,4357.665625,0,0,1771355796984,False,True
0,1.48628,4357.665625,0,0,1771355796988,False,True
0,1.48628,4357.665625,0,0,1771355796993,False,True
0,1.48628,222.1767486,0,0,1771355798086,False,True
0,1.48628,8145.821875,0,0,1771355799684,False,True
0,1.48628,7067.92436743,0,0,1771355799689,False,True
0,1.48628,6763.68870759,0,0,1771355799691,False,True
0,1.48628,8145.821875,0,0,1771355799696,False,True
0,1.48628,8145.821875,0,0,1771355799729,False,True
0,1.48628,8145.821875,0,0,1771355799736,False,True
0,1.48628,8145.821875,0,0,1771355799738,False,True
0,1.48628,11933.64299815,0,0,1771355799767,False,True
0,1.48629,6.59624,0,0,1771355799898,True,True
0,1.48628,2029.59277343,0,0,1771355800488,False,True
0,1.48628,2029.59277343,0,0,1771355800492,False,True
0,1.48628,2029.59277343,0,0,1771355800493,False,True
0,1.48628,2029.59277343,0,0,1771355800493,False,True
0,1.48628,2029.59277343,0,0,1771355800496,False,True
0,1.48628,2029.59277343,0,0,1771355800501,False,True
0,1.48628,2029.59277343,0,0,1771355800502,False,True
0,1.48628,2029.59277343,0,0,1771355800504,False,True
0,1.48628,2029.59277343,0,0,1771355800505,False,True
0,1.48628,11933.64299815,0,0,1771355800668,False,True
0,1.48628,2029.59277343,0,0,1771355800871,False,True
0,1.48628,2029.59277343,0,0,1771355800873,False,True
0,1.48628,2029.59277343,0,0,1771355800876,False,True
0,1.48628,2029.59277343,0,0,1771355800876,False,True
0,1.48628,522.8217698,0,0,1771355801139,False,True
0,1.48628,11933.64299815,0,0,1771355801683,False,True
0,1.48628,2029.59277343,0,0,1771355801713,False,True
0,1.48628,2029.59277343,0,0,1771355801714,False,True
0,1.48628,699.71723632,0,0,1771355806226,False,True
0,1.48628,699.71723632,0,0,1771355806227,False,True
0,1.48628,699.71723632,0,0,1771355806230,False,True
0,1.48628,699.71723632,0,0,1771355806232,False,True
0,1.48628,699.71723632,0,0,1771355806235,False,True
0,1.48628,699.71723632,0,0,1771355806238,False,True
0,1.48628,699.71723632,0,0,1771355806239,False,True
0,1.48628,699.71723632,0,0,1771355806240,False,True
0,1.48628,699.71723632,0,0,1771355806241,False,True
0,1.48628,699.71723632,0,0,1771355806242,False,True
0,1.48628,699.71723632,0,0,1771355806243,False,True
0,1.48628,699.71723632,0,0,1771355806244,False,True
0,1.48628,699.71723632,0,0,1771355806244,False,True
0,1.48628,699.71723632,0,0,1771355806246,False,True
0,1.48628,699.71723632,0,0,1771355806248,False,True
0,1.48628,699.71723632,0,0,1771355806250,False,True
0,1.48628,699.71723632,0,0,1771355806251,False,True
0,1.48628,699.71723632,0,0,1771355806253,False,True
0,1.48628,699.71723632,0,0,1771355806255,False,True
0,1.48628,699.71723632,0,0,1771355806257,False,True
0,1.48628,699.71723632,0,0,1771355806259,False,True
0,1.48628,699.71723632,0,0,1771355806260,False,True
0,1.48628,699.71723632,0,0,1771355806262,False,True
0,1.48628,699.71723632,0,0,1771355806264,False,True
0,1.48628,699.71723632,0,0,1771355806266,False,True
0,1.48628,699.71723632,0,0,1771355806268,False,True
0,1.48628,699.71723632,0,0,1771355806270,False,True
0,1.48628,699.71723632,0,0,1771355806272,False,True
0,1.48628,699.71723632,0,0,1771355806274,False,True
0,1.48628,699.71723632,0,0,1771355806275,False,True
0,1.48628,11933.64299815,0,0,1771355806390,False,True
0,1.48628,699.71723632,0,0,1771355806893,False,True
0,1.48628,699.71723632,0,0,1771355806894,False,True
0,1.48628,699.71723632,0,0,1771355806894,False,True
0,1.48628,49.40751037,0,0,1771355806897,False,True
0,1.48628,699.71723632,0,0,1771355806900,False,True
0,1.48628,699.71723632,0,0,1771355806902,False,True
0,1.48628,49.40751037,0,0,1771355806904,False,True
0,1.48628,49.40751037,0,0,1771355806904,False,True
0,1.48628,49.40751037,0,0,1771355806907,False,True
0,1.48628,49.40751037,0,0,1771355806907,False,True
0,1.48628,49.40751037,0,0,1771355806908,False,True
0,1.48628,49.40751037,0,0,1771355806909,False,True
0,1.48628,49.40751037,0,0,1771355806911,False,True
0,1.48628,49.40751037,0,0,1771355806912,False,True
0,1.48628,49.40751037,0,0,1771355806913,False,True
0,1.48628,49.40751037,0,0,1771355806915,False,True
0,1.48628,49.40751037,0,0,1771355806917,False,True
0,1.48628,49.40751037,0,0,1771355806919,False,True
0,1.48628,49.40751037,0,0,1771355806921,False,True
0,1.48628,49.40751037,0,0,1771355806923,False,True
0,1.48628,49.40751037,0,0,1771355807003,False,True
0,1.48628,49.40751037,0,0,1771355807004,False,True
0,1.48628,49.40751037,0,0,1771355807005,False,True
0,1.48628,49.40751037,0,0,1771355807006,False,True
0,1.48628,49.40751037,0,0,1771355807008,False,True
0,1.48628,49.40751037,0,0,1771355807010,False,True
0,1.48628,49.40751037,0,0,1771355807011,False,True
0,1.48628,49.40751037,0,0,1771355807013,False,True
0,1.48628,49.40751037,0,0,1771355807015,False,True
0,1.48628,49.40751037,0,0,1771355807016,False,True
0,1.48628,49.40751037,0,0,1771355807018,False,True
0,1.48628,49.40751037,0,0,1771355807019,False,True
0,1.48628,49.40751037,0,0,1771355807021,False,True
0,1.48628,49.40751037,0,0,1771355807023,False,True
0,1.48628,49.40751037,0,0,1771355807025,False,True
0,1.48628,49.40751037,0,0,1771355807026,False,True
0,1.48628,49.40751037,0,0,1771355807028,False,True
0,1.48628,49.40751037,0,0,1771355807029,False,True
0,1.48628,49.40751037,0,0,1771355807031,False,True
0,1.48628,49.40751037,0,0,1771355807033,False,True
0,1.48628,49.40751037,0,0,1771355807034,False,True
0,1.48628,49.40751037,0,0,1771355807036,False,True
0,1.48628,49.40751037,0,0,1771355807038,False,True
0,1.48628,49.40751037,0,0,1771355807040,False,True
0,1.48628,49.40751037,0,0,1771355807041,False,True
0,1.48628,49.40751037,0,0,1771355807043,False,True
0,1.48628,49.40751037,0,0,1771355807046,False,True
0,1.48628,49.40751037,0,0,1771355807048,False,True
0,1.48628,49.40751037,0,0,1771355807050,False,True
0,1.48628,49.40751037,0,0,1771355807051,False,True
0,1.48628,49.40751037,0,0,1771355807053,False,True
0,1.48628,49.40751037,0,0,1771355807054,False,True
0,1.48628,49.40751037,0,0,1771355807056,False,True
0,1.48628,49.40751037,0,0,1771355807058,False,True
0,1.48628,49.40751037,0,0,1771355807059,False,True
0,1.48628,49.40751037,0,0,1771355807061,False,True
0,1.48628,49.40751037,0,0,1771355807063,False,True
0,1.48628,49.40751037,0,0,1771355807064,False,True
0,1.48628,49.40751037,0,0,1771355807911,False,True
0,1.48628,49.40751037,0,0,1771355807911,False,True
0,1.48628,49.40751037,0,0,1771355807913,False,True
0,1.48628,49.40751037,0,0,1771355807915,False,True
0,1.48628,49.40751037,0,0,1771355807916,False,True
0,1.48628,49.40751037,0,0,1771355807918,False,True
0,1.48628,49.40751037,0,0,1771355807920,False,True
0,1.48628,11933.64299815,0,0,1771355808199,False,True
0,1.48628,1512.49012276,0,0,1771355808825,False,True
0,1.48628,522.75090302,0,0,1771355808875,False,True
0,1.48628,49.23512253,0,0,1771355808979,False,True
0,1.48628,77319.40548545,0,0,1771355809080,False,True
0,1.48628,56.80995203,0,0,1771355809137,False,True
0,1.48628,11933.64299815,0,0,1771355809222,False,True
0,1.48628,11933.64299815,0,0,1771355810218,False,True
0,1.48628,56.80848646,0,0,1771355810469,False,True
0,1.48628,11933.64299815,0,0,1771355811212,False,True
0,1.48628,752.34658203,0,0,1771355811876,False,True
0,1.48628,752.34658203,0,0,1771355812189,False,True
0,1.48628,11933.64299815,0,0,1771355812244,False,True
0,1.48628,2241.23100724,0,0,1771355813034,False,True
0,1.48628,4.4886328,0,0,1771355813038,False,True
0,1.486,65.0134,0,0,1771355813805,False,True
0,1.486,5.895e-05,0,0,1771355813809,False,True
0,1.48522,1.65,0,0,1771355815789,True,True
0,1.485,192.1343654,0,0,1771355820975,False,True
0,1.485,96.7012534,0,0,1771355821227,False,True
0,1.485,4.08405036,0,0,1771355822172,False,True
0,1.4853,105.804545,0,0,1771355825049,False,True
0,1.4854,8.97864542,0,0,1771355834897,True,True
0,1.48566,10.0,0,0,1771355834897,True,True
0,1.4857,146.06942458,0,0,1771355834897,True,True
0,1.48769,197.52098892,0,0,1771355876831,True,True
0,1.48779,69.13629573,0,0,1771355879903,True,True
0,1.48779,256.41108427,0,0,1771355879903,True,True
0,1.48841,13.70858294,0,0,1771355887723,True,True
0,1.48847,17.76456706,0,0,1771355887723,True,True
0,1.48877,51.41748,0,0,1771355888780,True,True
0,1.48718,33.62067806,0,0,1771355906053,True,True
0,1.48655,54.57562,0,0,1771355908205,True,True
0,1.48661,261.5625,0,0,1771355914160,False,True
0,1.48657,245.53340426,0,0,1771355914160,False,True
0,1.4864,881.65365985,0,0,1771355915915,True,True
0,1.48613,70.78629573,0,0,1771355916625,False,True
0,1.48613,216.18516749,0,0,1771355916625,False,True
0,1.48613,45.37733251,0,0,1771355916625,False,True
0,1.48612,127.04087392,0,0,1771355916625,False,True
0,1.48612,5.83969106,0,0,1771355916625,False,True
0,1.48612,5.83969106,0,0,1771355916625,False,True
0,1.48629,3364.09258064,0,0,1771355918353,True,True
0,1.48639,4536.38657251,0,0,1771355918353,True,True
0,1.48639,2099.52084685,0,0,1771355918353,True,True
0,1.48639,2099.52084685,0,0,1771355918353,True,True
0,1.48674,64.72835,0,0,1771355925775,False,True
0,1.48694,6.2391,0,0,1771355925998,True,True
0,1.4871,47.11885057,0,0,1771355926888,False,True
0,1.48675,667.26988397,0,0,1771355934669,True,True
0,1.48501,231.26924,0,0,1771355955246,True,True
0,1.485,1.65,0,0,1771355957856,False,True
0,1.484,1.65,0,0,1771355962331,False,True
0,1.48338,101.07816711,0,0,1771355971228,True,True
0,1.48389,1.92621,0,0,1771355981003,False,True
0,1.48337,730.93602693,0,0,1771355996951,True,True
0,1.48353,1675.69808,0,0,1771356012867,False,True
0,1.48326,34.80626,0,0,1771356018959,False,True
0,1.48407,6.74009858,0,0,1771356023129,True,True
0,1.48409,2.45238,0,0,1771356027962,False,True
0,1.4841,1.33453,0,0,1771356037403,True,True
0,1.4841,6.67138,0,0,1771356039033,True,True
0,1.48448,6.73856555,0,0,1771356047074,True,True
0,1.48449,6.36036445,0,0,1771356047074,True,True
0,1.48475,6.73490218,0,0,1771356055742,True,True
0,1.48476,1709.85387342,0,0,1771356055742,True,True
0,1.48494,16.67117,0,0,1771356059847,True,True
0,1.4848,121.78867,0,0,1771356068957,False,True
0,1.48538,8.03979,0,0,1771356089849,True,True
0,1.48494,156.0,0,0,1771356092137,False,True
0,1.48538,9946.25847683,0,0,1771356097562,True,True
0,1.48538,45.70173317,0,0,1771356099378,True,True
0,1.4869,38.58472733,0,0,1771356105008,False,True
0,1.48631,65.21336,0,0,1771356111983,True,True
0,1.48597,261.5625,0,0,1771356117550,True,True
0,1.48597,1000.0,0,0,1771356117550,True,True
0,1.48599,261.5625,0,0,1771356117550,True,True
0,1.48599,476.875,0,0,1771356117550,True,True
0,1.486,38.99914,0,0,1771356124527,True,True
0,1.4861,81.3291865,0,0,1771356142632,True,True
0,1.48632,13.4132035,0,0,1771356142632,True,True
0,1.48597,64.70028934,0,0,1771356145452,True,True
0,1.48489,19.6523035,0,0,1771356172119,False,True
0,1.4848,20.16443923,0,0,1771356172119,False,True
0,1.48499,67.73501,0,0,1771356188179,True,True
0,1.48373,0.86046652,0,0,1771356196813,True,True
0,1.48413,628.35869,0,0,1771356221505,True,True
0,1.48395,1575.41556892,0,0,1771356223033,True,True
0,1.48456,29.63841138,0,0,1771356251429,True,True
0,1.48457,32.93778,0,0,1771356263693,True,True
0,1.48499,16.31843,0,0,1771356275693,True,True
0,1.48451,123.108,0,0,1771356277389,False,True
0,1.48429,98.10638,0,0,1771356286597,True,True
0,1.48452,24.25117,0,0,1771356290515,False,True
0,1.483,1.65,0,0,1771356309215,False,True
0,1.483,99.85,0,0,1771356309215,False,True
0,1.48286,11.20128,0,0,1771356309486,False,True
0,1.48337,2.08416766,0,0,1771356309950,True,True
0,1.48313,67.73501,0,0,1771356311446,False,True
0,1.48305,37.26499,0,0,1771356311446,False,True
0,1.48317,327.32997,0,0,1771356312240,True,True
0,1.48366,157.0264,0,0,1771356322573,True,True
0,1.48341,70.78629573,0,0,1771356327460,True,True
0,1.48341,261.5625,0,0,1771356327460,True,True
0,1.48342,976.97108427,0,0,1771356327460,True,True
0,1.48352,100.0,0,0,1771356327570,True,True
0,1.48346,31.25258,0,0,1771356341926,True,True
0,1.48319,3.02246,0,0,1771356366905,True,True
0,1.48335,21.09093664,0,0,1771356367971,False,True
0,1.48227,26.985,0,0,1771356382340,True,True
0,1.48206,70.78629573,0,0,1771356400004,False,True
0,1.48206,261.5625,0,0,1771356400004,False,True
0,1.48205,435.66312732,0,0,1771356400004,False,True
0,1.482,1.65,0,0,1771356407837,False,True
0,1.48244,6.61658,0,0,1771356422938,True,True
0,1.48198,3.34327612,0,0,1771356457641,True,True
0,1.48243,12.1236,0,0,1771356468266,True,True
0,1.48243,30.35556485,0,0,1771356471763,True,True
0,1.48243,2.79375522,0,0,1771356472563,True,True
0,1.481,1.65,0,0,1771356490391,False,True
0,1.48061,22.11176168,0,0,1771356490868,True,True
0,1.48,1.65,0,0,1771356493000,False,True
0,1.47938,67.59588477,0,0,1771356494280,False,True
0,1.47912,540.79175279,0,0,1771356494280,False,True
0,1.479,1.65,0,0,1771356496188,False,True
0,1.48003,250.07445,0,0,1771356508458,False,True
0,1.47971,4.0,0,0,1771356517072,False,True
0,1.47971,0.33790405,0,0,1771356541154,False,True
0,1.47929,26.63216595,0,0,1771356541154,False,True
0,1.47967,76.16115,0,0,1771356544935,True,True
0,1.47929,160.25352727,0,0,1771356547284,False,True
0,1.47934,1022.12,0,0,1771356547703,True,True
0,1.47929,47.07025,0,0,1771356552601,True,True
0,1.47912,52.96423795,0,0,1771356555492,False,True
0,1.47912,43.50631205,0,0,1771356555492,False,True
0,1.47907,100.0,0,0,1771356559991,True,True
0,1.47888,261.5625,0,0,1771356560300,False,True
0,1.47885,1217.2,0,0,1771356560338,False,True
0,1.47885,60.8,0,0,1771356560338,False,True
0,1.47885,642.04104871,0,0,1771356560347,False,True
0,1.47885,1217.2,0,0,1771356560374,False,True
0,1.47879,6.94364557,0,0,1771356560810,False,True
0,1.47879,4.05635443,0,0,1771356560812,False,True
0,1.47866,135.67550389,0,0,1771356562356,True,True
0,1.47834,6.74009858,0,0,1771356563058,False,True
0,1.47834,2.45238,0,0,1771356563058,False,True
0,1.47834,252.37002142,0,0,1771356563058,False,True
0,1.47826,1464.21875418,0,0,1771356563058,False,True
0,1.47809,13.10028,0,0,1771356568232,True,True
0,1.47807,0.33827898,0,0,1771356569511,False,True
0,1.47801,54.47913102,0,0,1771356569511,False,True
0,1.47859,31.34957,0,0,1771356579333,True,True
0,1.4787,1.21857036,0,0,1771356623764,True,True
0,1.47875,63.6,0,0,1771356637175,False,True
0,1.47869,0.1457226,0,0,1771356637317,False,True
0,1.47869,0.19241454,0,0,1771356637317,False,True
0,1.47826,0.3382355,0,0,1771356639060,False,True
0,1.47822,528.57587091,0,0,1771356639060,False,True
0,1.4785,6.76290515,0,0,1771356641807,True,True
0,1.47851,21.42903485,0,0,1771356641807,True,True
0,1.47826,1414.53591415,0,0,1771356655065,False,True
0,1.47838,1461.9434495,0,0,1771356659616,False,True
0,1.4788,1064.06262,0,0,1771356660977,True,True
0,1.48035,5.72285416,0,0,1771356689919,False,True
0,1.4804,3.56309,0,0,1771356698974,False,True
0,1.4807,32.70998,0,0,1771356704235,True,True
0,1.4807,16.39915267,0,0,1771356723069,True,True
0,1.48112,24.3540575,0,0,1771356723069,True,True
0,1.48121,55.62293983,0,0,1771356723069,True,True
0,1.48031,76.29205,0,0,1771356732415,True,True
0,1.48031,287.9376038,0,0,1771356733317,True,True
0,1.48057,21.96456,0,0,1771356742112,True,True
0,1.48031,12.38541,0,0,1771356744285,False,True
0,1.48025,22.1092294,0,0,1771356766575,False,True
0,1.48025,3483.42024197,0,0,1771356766589,False,True
0,1.47973,261.5625,0,0,1771356766638,True,True
0,1.47976,738.4375,0,0,1771356766638,True,True
0,1.47966,2.11611,0,0,1771356768879,True,True
0,1.47881,211.50414965,0,0,1771356773895,True,True
0,1.47883,25.0,0,0,1771356779201,True,True
0,1.47987,26.80823,0,0,1771356806239,True,True
0,1.47951,132.1749,0,0,1771356809413,True,True
0,1.47941,43.96012188,0,0,1771356811499,False,True
0,1.47941,1956.03987812,0,0,1771356811499,False,True
0,1.48031,3.19966,0,0,1771356817528,True,True
0,1.48008,16.74189,0,0,1771356826218,False,True
0,1.4799,9807.73280098,0,0,1771356826485,False,True
0,1.4799,7085.30051209,0,0,1771356826736,False,True
0,1.47919,3.30823,0,0,1771356841620,False,True
0,1.47918,6595.83663195,0,0,1771356848569,False,True
0,1.48036,548.39675,0,0,1771356857411,True,True
0,1.48031,26.17541,0,0,1771356858975,True,True
0,1.48046,65.43411,0,0,1771356868838,True,True
0,1.47991,1.65,0,0,1771356889839,True,True
0,1.47991,11.93571,0,0,1771356891375,True,True
0,1.4799,18041.75957835,0,0,1771356898477,False,True
0,1.4799,493.19328465,0,0,1771356898477,False,True
0,1.4799,506.80671535,0,0,1771356898552,False,True
0,1.47959,8.03979,0,0,1771356903496,True,True
0,1.47959,107.0003179,0,0,1771356903496,True,True
0,1.4796,3379.29975876,0,0,1771356903496,True,True
0,1.47965,261.5625,0,0,1771356903496,True,True
0,1.47972,6198.39590017,0,0,1771356903496,True,True
0,1.47972,45.70173317,0,0,1771356903496,True,True
0,1.47934,13.32047,0,0,1771356921918,True,True
0,1.47931,28.4699659,0,0,1771356943144,False,True
0,1.47907,15.228551,0,0,1771356944459,True,True
0,1.479,1.65,0,0,1771356949998,False,True
0,1.47814,0.33826296,0,0,1771356956035,False,True
0,1.478,1.65,0,0,1771356956956,False,True
0,1.4775,103.43147208,0,0,1771356962656,False,True
0,1.477,1.65,0,0,1771356970449,False,True
0,1.47612,6037.0,0,0,1771356971334,False,True
0,1.47607,73.81029821,0,0,1771356971334,False,True
0,1.47607,1142.53368104,0,0,1771356971334,False,True
0,1.47607,750.0,0,0,1771356971334,False,True
0,1.47607,1421.01065171,0,0,1771356971334,False,True
0,1.47603,261.5625,0,0,1771356971334,False,True
0,1.476,1.65,0,0,1771356971334,False,True
0,1.476,6422.01903579,0,0,1771356971334,False,True
0,1.476,353.02546601,0,0,1771356971334,False,True
0,1.47597,775.8454405,0,0,1771356971334,False,True
0,1.47588,261.5625,0,0,1771356971334,False,True
0,1.47585,23.03757156,0,0,1771356971334,False,True
0,1.47579,6692.77120943,0,0,1771356971334,False,True
0,1.47579,80.93081048,0,0,1771356971334,False,True
0,1.47578,2329.65270503,0,0,1771356971334,False,True
0,1.47573,261.5625,0,0,1771356971334,False,True
0,1.4757,25.0,0,0,1771356971334,False,True
0,1.4756,254.28056286,0,0,1771356971334,False,True
0,1.4756,5154.81560913,0,0,1771356971334,False,True
0,1.4756,11933.64299815,0,0,1771356971334,False,True
0,1.4756,13.66241119,0,0,1771356971334,False,True
0,1.4756,8106.2421875,0,0,1771356971334,False,True
0,1.4756,4231.03679403,0,0,1771356971334,False,True
0,1.47559,775.8454405,0,0,1771356971334,False,True
0,1.47559,2745.57302836,0,0,1771356971334,False,True
0,1.47558,261.5625,0,0,1771356971334,False,True
0,1.47548,1664.97295547,0,0,1771356971334,False,True
0,1.47548,5073.61601562,0,0,1771356971334,False,True
0,1.47548,38.83729039,0,0,1771356971334,False,True
0,1.47543,261.5625,0,0,1771356971334,False,True
0,1.47539,339.87885876,0,0,1771356971334,False,True
0,1.47534,10155.45962915,0,0,1771356971334,False,True
0,1.47532,1137.90471985,0,0,1771356971334,False,True
0,1.47532,5073.61601562,0,0,1771356971334,False,True
0,1.47532,5073.61601562,0,0,1771356971334,False,True
0,1.47532,5073.61601562,0,0,1771356971334,False,True
0,1.47532,791.12827148,0,0,1771356971334,False,True
0,1.47532,791.12827148,0,0,1771356971334,False,True
0,1.47532,791.12827148,0,0,1771356971334,False,True
0,1.47532,791.12827148,0,0,1771356971334,False,True
0,1.47532,791.12827148,0,0,1771356971334,False,True
0,1.47532,697.9308811,0,0,1771356971334,False,True
0,1.47528,93.19739038,0,0,1771356971334,False,True
0,1.47528,168.36510962,0,0,1771356971334,False,True
0,1.47518,352.86669141,0,0,1771356971334,False,True
0,1.47516,269.89647045,0,0,1771356971334,False,True
0,1.47516,791.12827148,0,0,1771356971334,False,True
0,1.47516,11933.64299815,0,0,1771356971334,False,True
0,1.47516,1354.84267578,0,0,1771356971334,False,True
0,1.47516,1354.84267578,0,0,1771356971334,False,True
0,1.47516,1354.84267578,0,0,1771356971334,False,True
0,1.47516,1354.84267578,0,0,1771356971334,False,True
0,1.47516,1354.84267578,0,0,1771356971334,False,True
0,1.47516,1245.7075235,0,0,1771356971334,False,True
0,1.47514,10687.93547465,0,0,1771356971334,False,True
0,1.47514,1354.84267578,0,0,1771356971334,False,True
0,1.47514,1354.84267578,0,0,1771356971334,False,True
0,1.47514,149.78321361,0,0,1771356971334,False,True
0,1.47513,261.5625,0,0,1771356971334,False,True
0,1.4751,943.49696217,0,0,1771356971334,False,True
0,1.4751,1354.84267578,0,0,1771356971334,False,True
0,1.4751,608.01689022,0,0,1771356971334,False,True
0,1.4751,917.9241,0,0,1771356971334,False,True
0,1.4751,1659.61331,0,0,1771356971334,False,True
0,1.4751,3400.0,0,0,1771356971334,False,True
0,1.4751,650.14221862,0,0,1771356971334,False,True
0,1.4751,17.67284229,0,0,1771356971334,False,True
0,1.4751,1142.53368104,0,0,1771356971334,False,True
0,1.4751,1550.0,0,0,1771356971334,False,True
0,1.4751,1550.0,0,0,1771356971334,False,True
0,1.4751,1763.03739514,0,0,1771356971334,False,True
0,1.4751,33486.71992474,0,0,1771356971334,False,True
0,1.47501,16581.72747021,0,0,1771356971334,False,True
0,1.47568,15.3881,0,0,1771356982451,True,True
0,1.47579,361.85483,0,0,1771356991687,True,True
0,1.47557,5.45018,0,0,1771356997135,False,True
0,1.4764,3.36195,0,0,1771357004941,True,True
0,1.47701,657.96525,0,0,1771357012951,True,True
0,1.47685,1.69785537,0,0,1771357020208,False,True
0,1.47717,6.55648,0,0,1771357022782,True,True
0,1.4772,6.73771,0,0,1771357023080,True,True
0,1.47688,37.83018,0,0,1771357026714,True,True
0,1.47695,3.28709,0,0,1771357033557,True,True
0,1.47684,17.77017727,0,0,1771357034454,False,True
0,1.47698,134.6,0,0,1771357055538,True,True
0,1.47763,328.66856,0,0,1771357068476,True,True
0,1.47763,78.84576,0,0,1771357068913,True,True
0,1.4769,10.0,0,0,1771357078462,False,True
0,1.47736,249.76555,0,0,1771357085611,True,True
0,1.47736,191.87317733,0,0,1771357088112,True,True
0,1.47736,3023.00439926,0,0,1771357088113,True,True
0,1.47736,863.42754613,0,0,1771357088113,True,True
0,1.47736,287.80920912,0,0,1771357088113,True,True
0,1.47736,1343.10936862,0,0,1771357088113,True,True
0,1.47825,32.85618,0,0,1771357092218,True,True
0,1.47825,11.52667,0,0,1771357093002,True,True
0,1.47807,1.34208,0,0,1771357098859,True,True
0,1.47662,1610.61848104,0,0,1771357121057,False,True
0,1.47709,261.5625,0,0,1771357124558,False,True
0,1.47695,1201.01800534,0,0,1771357124558,False,True
0,1.47694,53.65779218,0,0,1771357124558,False,True
0,1.47923,30.40938333,0,0,1771357152565,True,True
0,1.47924,3.74452667,0,0,1771357152565,True,True
0,1.47907,100.0,0,0,1771357154419,True,True
0,1.47996,221.10128,0,0,1771357198494,True,True
0,1.48061,6.7568154,0,0,1771357204454,True,True
0,1.48062,3.2431846,0,0,1771357204454,True,True
0,1.48061,6.7568154,0,0,1771357204575,True,True
0,1.48062,1509.48148212,0,0,1771357204575,True,True
0,1.48052,64.56851985,0,0,1771357205001,False,True
0,1.48009,60.89387953,0,0,1771357212124,False,True
0,1.48009,261.5625,0,0,1771357212124,False,True
0,1.48009,72.45759167,0,0,1771357212124,False,True
0,1.4801,207.05382,0,0,1771357212641,True,True
0,1.47989,13.08704,0,0,1771357229633,True,True
0,1.47989,32.80068,0,0,1771357229806,True,True
0,1.47989,17.93485012,0,0,1771357233053,True,True
0,1.48008,67.31161,0,0,1771357234582,False,True
0,1.48051,1438.4681874,0,0,1771357239680,True,True
0,1.48041,24.87637,0,0,1771357242402,False,True
0,1.48117,6.09653179,0,0,1771357251300,True,True
0,1.48077,8.84477,0,0,1771357256423,False,True
0,1.48155,63.6372,0,0,1771357265595,True,True
0,1.48123,3375.55442488,0,0,1771357300296,False,True
0,1.4812,261.5625,0,0,1771357300296,False,True
0,1.48118,1486.43959591,0,0,1771357300296,False,True
0,1.48113,6751.55670301,0,0,1771357300296,False,True
0,1.48105,1296.15777137,0,0,1771357300296,False,True
0,1.48103,261.5625,0,0,1771357300296,False,True
0,1.48098,2567.16650483,0,0,1771357300296,False,True
0,1.48138,33.25261,0,0,1771357305183,True,True
0,1.48067,13.23244,0,0,1771357328141,True,True
0,1.48053,1.65,0,0,1771357329824,False,True
0,1.48061,1.32108,0,0,1771357329844,True,True
0,1.48058,10.13177,0,0,1771357331732,True,True
0,1.48016,98.13194,0,0,1771357349453,True,True
0,1.48016,2.92306237,0,0,1771357349510,True,True
0,1.4801,480.46092,0,0,1771357354054,True,True
0,1.48014,1970.45959481,0,0,1771357354054,True,True
0,1.48014,1.31820392,0,0,1771357354809,True,True
0,1.48,0.33783784,0,0,1771357373338,False,True
0,1.47942,115.20121947,0,0,1771357381769,False,True
0,1.47974,31.40231,0,0,1771357383239,True,True
0,1.47973,11.13813,0,0,1771357390391,False,True
0,1.47973,4727.9394318,0,0,1771357401881,False,True
0,1.47973,261.5625,0,0,1771357401881,False,True
0,1.47973,10.4980682,0,0,1771357401881,False,True
0,1.47973,1442.12065088,0,0,1771357407293,False,True
0,1.47973,1564.634268,0,0,1771357407293,False,True
0,1.47972,3378.99930207,0,0,1771357407293,False,True
0,1.47964,950.27338118,0,0,1771357407293,False,True
0,1.47974,1.30172783,0,0,1771357407591,True,True
0,1.47996,3.42800189,0,0,1771357407591,True,True
0,1.47997,261.5625,0,0,1771357410854,True,True
0,1.47999,3378.40996162,0,0,1771357410854,True,True
0,1.48005,2441.31406833,0,0,1771357410854,True,True
0,1.47995,3.52078,0,0,1771357412291,True,True
0,1.48031,13.0885,0,0,1771357424089,True,True
0,1.48045,8.1,0,0,1771357431619,True,True
0,1.47974,1.65,0,0,1771357461034,False,True
0,1.48045,34.97863995,0,0,1771357491168,False,True
0,1.48109,10.46147,0,0,1771357508540,True,True
0,1.48138,9.50732,0,0,1771357527230,True,True
0,1.48277,13.48826858,0,0,1771357550112,True,True
0,1.48348,23.48577,0,0,1771357553850,True,True
0,1.48548,65.87822,0,0,1771357570564,True,True
0,1.48533,261.5625,0,0,1771357575458,True,True
0,1.48534,3954.82862903,0,0,1771357575458,True,True
0,1.48468,261.5625,0,0,1771357578787,True,True
0,1.48469,1758.27227751,0,0,1771357578787,True,True
0,1.48469,20.14744,0,0,1771357579231,True,True
0,1.48312,261.5625,0,0,1771357592562,True,True
0,1.48313,3714.36926,0,0,1771357592562,True,True
0,1.4828,510.06204478,0,0,1771357593143,True,True
0,1.48204,3373.72784779,0,0,1771357606039,False,True
0,1.48204,261.5625,0,0,1771357606039,False,True
0,1.48196,338.2,0,0,1771357606039,False,True
0,1.48194,70.78629573,0,0,1771357606039,False,True
0,1.48194,1501.943233,0,0,1771357606039,False,True
0,1.4819,1795.0278216,0,0,1771357606039,False,True
0,1.48287,49.48734,0,0,1771357631050,True,True
0,1.48166,2.55168418,0,0,1771357650072,False,True
0,1.48174,19.85216,0,0,1771357670594,True,True
0,1.48206,1058.3628,0,0,1771357677469,True,True
0,1.4821,334.68726806,0,0,1771357683117,True,True
0,1.48294,18.9203,0,0,1771357713635,True,True
0,1.4831,14.09419213,0,0,1771357725925,False,True
0,1.48309,49.86261337,0,0,1771357725925,False,True
0,1.48313,7.18271,0,0,1771357734199,True,True
0,1.4838,12.17331,0,0,1771357738991,True,True
0,1.48307,2656.93916,0,0,1771357750260,True,True
0,1.483,229.20201402,0,0,1771357753122,False,True
0,1.483,9.09471833,0,0,1771357753122,False,True
0,1.483,65.29924,0,0,1771357756398,True,True
0,1.483,35.2258,0,0,1771357760323,True,True
0,1.483,16.29667,0,0,1771357760807,True,True
0,1.48335,17.53479747,0,0,1771357776153,True,True
0,1.48336,359.66965728,0,0,1771357776153,True,True
0,1.48353,30.71474804,0,0,1771357777150,True,True
0,1.48347,66.10069,0,0,1771357777756,True,True
0,1.48299,151.6555266,0,0,1771357792422,False,True
0,1.48299,7201.0390625,0,0,1771357792422,False,True
0,1.48299,7117.12345789,0,0,1771357792491,False,True
0,1.48299,4098.60521942,0,0,1771357792501,False,True
0,1.48299,1.65,0,0,1771357807820,False,True
0,1.48299,303.0,0,0,1771357810514,False,True
0,1.48301,65.10125534,0,0,1771357830834,False,True
0,1.483,1373.36693206,0,0,1771357830834,False,True
0,1.483,6.09653179,0,0,1771357830834,False,True
0,1.48349,6.74148232,0,0,1771357837625,True,True
0,1.4835,27.74184768,0,0,1771357837625,True,True
0,1.48351,3.47992,0,0,1771357848620,False,True
0,1.48361,12.52553,0,0,1771357857658,False,True
0,1.48299,10.0,0,0,1771357874565,False,True
0,1.48299,8089.4619496,0,0,1771357875822,False,True
0,1.48239,125.59124501,0,0,1771357884449,False,True
0,1.48265,65.96175,0,0,1771357894293,True,True
0,1.48265,4.82454573,0,0,1771357910496,True,True
0,1.48267,1.72496427,0,0,1771357910496,True,True
0,1.48267,1293.09378499,0,0,1771357914561,False,True
0,1.48269,6.20176184,0,0,1771357919328,False,True
0,1.48318,13.22014,0,0,1771357932038,True,True
0,1.48262,185.64433233,0,0,1771357942714,True,True
0,1.48225,32.98533,0,0,1771357954197,True,True
0,1.48302,10.14041,0,0,1771357971029,False,True
0,1.48285,2745.57302836,0,0,1771357973508,False,True
0,1.48284,19.05097602,0,0,1771357973508,False,True
0,1.48284,3371.90428567,0,0,1771357973508,False,True
0,1.48282,3891.74313697,0,0,1771357973508,False,True
0,1.48163,6.22414908,0,0,1771357981563,False,True
0,1.48277,31.35447,0,0,1771357993107,True,True
0,1.48228,21.58074892,0,0,1771357996751,False,True
0,1.48219,43.37263,0,0,1771358006910,False,True
0,1.48243,9.81924436,0,0,1771358013293,False,True
0,1.48274,125.59124501,0,0,1771358018443,True,True
0,1.48274,135.97125499,0,0,1771358018443,True,True
0,1.48275,1157.12253,0,0,1771358018443,True,True
0,1.48275,6.20176184,0,0,1771358018443,True,True
0,1.48275,6.17036546,0,0,1771358018443,True,True
0,1.48296,56.97389678,0,0,1771358019592,True,True
0,1.48296,152.18374322,0,0,1771358019592,True,True
0,1.48297,628.53567,0,0,1771358026958,True,True
0,1.48298,1008.5370503,0,0,1771358061498,True,True
0,1.48298,6.92209022,0,0,1771358061585,True,True
0,1.48298,6.92209022,0,0,1771358061588,True,True
0,1.48298,12.03596126,0,0,1771358062383,True,True
0,1.48447,0.05378362,0,0,1771358064062,True,True
0,1.48488,261.5625,0,0,1771358070771,True,True
0,1.48489,1047.64244153,0,0,1771358070771,True,True
0,1.48497,5272.91901847,0,0,1771358070771,True,True
0,1.48429,1.92581,0,0,1771358083154,True,True
0,1.48399,3.38531856,0,0,1771358092474,False,True
0,1.48395,6.73877152,0,0,1771358097748,True,True
0,1.484,10000.0,0,0,1771358102133,True,True
0,1.48488,62.658,0,0,1771358105350,True,True
0,1.48478,3.28544474,0,0,1771358106303,True,True
0,1.48419,261.5625,0,0,1771358112862,False,True
0,1.48417,70.78629573,0,0,1771358112862,False,True
0,1.48417,261.5625,0,0,1771358112862,False,True
0,1.48409,6738.12854218,0,0,1771358112862,False,True
0,1.48406,6019.7,0,0,1771358112862,False,True
0,1.484,6.11078,0,0,1771358113013,True,True
0,1.4839,32.62426,0,0,1771358117584,True,True
0,1.484,41.0954301,0,0,1771358130764,True,True
0,1.484,6.2826,0,0,1771358146570,True,True
0,1.484,1379.1374663,0,0,1771358149005,True,True
0,1.484,10292.48474763,0,0,1771358151765,True,True
0,1.484,4065.162973,0,0,1771358151766,True,True
0,1.484,2439.5793993,0,0,1771358151766,True,True
0,1.484,2111.12913773,0,0,1771358151766,True,True
0,1.48445,6.24961,0,0,1771358155362,True,True
0,1.48437,7.33595155,0,0,1771358156174,True,True
0,1.4846,9.41157,0,0,1771358160751,True,True
0,1.48469,50.0508523,0,0,1771358176342,False,True
0,1.48418,629.53053,0,0,1771358178708,True,True
0,1.48419,6.63583,0,0,1771358181226,True,True
0,1.48443,18.92424,0,0,1771358182429,True,True
0,1.48475,82.3683,0,0,1771358191449,True,True
0,1.48489,9.17855,0,0,1771358197049,True,True
0,1.48529,75.0,0,0,1771358199390,True,True
0,1.48529,190.50909,0,0,1771358200477,True,True
0,1.48529,7.89071494,0,0,1771358201844,True,True
0,1.48529,1.2777,0,0,1771358210535,True,True
0,1.48529,66.30622975,0,0,1771358212620,True,True
0,1.48548,188.24977452,0,0,1771358212620,True,True
0,1.48584,42.68350573,0,0,1771358212620,True,True
0,1.4859,6366.80746933,0,0,1771358212620,True,True
0,1.48593,2313.58737873,0,0,1771358212620,True,True
0,1.486,4223.85428197,0,0,1771358212620,True,True
0,1.486,189.2001134,0,0,1771358212620,True,True
0,1.486,301.20742883,0,0,1771358212620,True,True
0,1.48603,153.69346192,0,0,1771358212620,True,True
0,1.48603,895.63375342,0,0,1771358212620,True,True
0,1.48603,366.48746192,0,0,1771358212620,True,True
0,1.48535,3366.22012523,0,0,1771358242396,True,True
0,1.48516,20.28397565,0,0,1771358242435,False,True
0,1.48518,1.73273,0,0,1771358248790,True,True
0,1.48502,6.10844,0,0,1771358256230,True,True
0,1.48502,0.66019,0,0,1771358258032,True,True
0,1.48501,34.6799,0,0,1771358264574,False,True
0,1.48502,2.89688714,0,0,1771358271726,True,True
0,1.48549,176.52406,0,0,1771358272373,False,True
0,1.48547,32.9145,0,0,1771358276610,True,True
0,1.48539,1660.92438,0,0,1771358277160,True,True
0,1.48527,70.78629573,0,0,1771358278128,False,True
0,1.48527,261.5625,0,0,1771358278128,False,True
0,1.4852,98.55608527,0,0,1771358278128,False,True
0,1.48501,15.3201,0,0,1771358295896,False,True
0,1.48448,3.23852574,0,0,1771358309095,True,True
0,1.48426,261.5625,0,0,1771358318880,True,True
0,1.48427,35.39314786,0,0,1771358318880,True,True
0,1.48428,1056.36851201,0,0,1771358318880,True,True
0,1.48429,9637.0,0,0,1771358318880,True,True
0,1.48436,6736.94749311,0,0,1771358318880,True,True
0,1.48439,770.55203598,0,0,1771358318880,True,True
0,1.48448,261.5625,0,0,1771358318880,True,True
0,1.48453,2232.0794825,0,0,1771358318880,True,True
0,1.48456,5229.11087599,0,0,1771358318880,True,True
0,1.48434,16.84250239,0,0,1771358319583,True,True
0,1.48509,261.5625,0,0,1771358342611,False,True
0,1.48506,1117.5749663,0,0,1771358342611,False,True
0,1.48506,7.33595155,0,0,1771358342611,False,True
0,1.48506,7.89071494,0,0,1771358342611,False,True
0,1.48557,261.5625,0,0,1771358347494,True,True
0,1.48559,67.91571229,0,0,1771358347494,True,True
0,1.48491,75.75,0,0,1771358375615,True,True
0,1.48473,261.5625,0,0,1771358375643,False,True
0,1.4847,1087.13016262,0,0,1771358375643,False,True
0,1.48477,261.5625,0,0,1771358387642,True,True
0,1.4848,64.53865,0,0,1771358387642,True,True
0,1.48482,6.73475529,0,0,1771358402115,True,True
0,1.48483,25.18331471,0,0,1771358402115,True,True
0,1.48504,6.73461076,0,0,1771358416920,True,True
0,1.48505,6.05372924,0,0,1771358416920,True,True
0,1.48537,6.7326626,0,0,1771358428172,True,True
0,1.48538,6.3116374,0,0,1771358428172,True,True
0,1.48544,6.73241101,0,0,1771358432152,True,True
0,1.48545,49.27929899,0,0,1771358432152,True,True
0,1.48544,6.73241098,0,0,1771358432873,True,True
0,1.48545,1341.96025164,0,0,1771358432873,True,True
0,1.48531,6.73260127,0,0,1771358433150,False,True
0,1.4853,28.03076873,0,0,1771358433150,False,True
0,1.48543,1.0,0,0,1771358435623,False,True
0,1.48664,6.73117196,0,0,1771358444417,True,True
0,1.48665,35.39314787,0,0,1771358444417,True,True
0,1.48667,911.32697188,0,0,1771358444417,True,True
0,1.48651,27.326461,0,0,1771358444997,False,True
0,1.48666,6.73117196,0,0,1771358446621,True,True
0,1.48667,319.15749804,0,0,1771358446621,True,True
0,1.48653,6.73117196,0,0,1771358449657,True,True
0,1.48653,261.5625,0,0,1771358449657,True,True
0,1.48653,85.89359637,0,0,1771358449657,True,True
0,1.48652,5706.7465543,0,0,1771358449754,False,True
0,1.48639,60.23461946,0,0,1771358457664,False,True
0,1.48639,39.76538054,0,0,1771358457664,False,True
0,1.48669,41.05766,0,0,1771358459068,True,True
0,1.48616,71.55858,0,0,1771358465344,False,True
0,1.48623,33.37975952,0,0,1771358476841,True,True
0,1.4875,6.10622,0,0,1771358487356,True,True
0,1.48734,5.05600602,0,0,1771358490596,False,True
0,1.48693,1.76951047,0,0,1771358490596,False,True
0,1.48695,2.97252765,0,0,1771358499633,True,True
0,1.4869,32.70998,0,0,1771358504238,True,True
0,1.4869,16.39915267,0,0,1771358504238,True,True
0,1.48649,4.89071571,0,0,1771358512080,False,True
0,1.48633,49.8398258,0,0,1771358512080,False,True
0,1.48628,43.50914849,0,0,1771358512080,False,True
0,1.48601,32.57686,0,0,1771358548962,True,True
0,1.48601,89.57163,0,0,1771358550370,True,True
0,1.486,1.65,0,0,1771358550740,False,True
0,1.48529,59.1890483,0,0,1771358552747,True,True
0,1.48501,15.40691,0,0,1771358597131,True,True
0,1.485,1.65,0,0,1771358598764,False,True
0,1.48472,35.39314786,0,0,1771358605924,True,True
0,1.48473,29.81617214,0,0,1771358605924,True,True
0,1.484,1.65,0,0,1771358630131,False,True
0,1.48303,59.27746766,0,0,1771358630789,True,True
0,1.48304,560.3856789,0,0,1771358632567,True,True
0,1.48307,456.81328294,0,0,1771358632571,True,True
0,1.483,1.65,0,0,1771358639386,False,True
0,1.48255,0.17074,0,0,1771358639386,False,True
0,1.48334,261.5625,0,0,1771358647295,True,True
0,1.4834,790.62041,0,0,1771358647295,True,True
0,1.48201,6.19852,0,0,1771358679907,True,True
0,1.482,1.65,0,0,1771358682994,False,True
0,1.48214,326.69209,0,0,1771358688673,True,True
0,1.48249,0.79358,0,0,1771358700040,True,True
0,1.48234,1.30687,0,0,1771358702694,True,True
0,1.48246,7.0,0,0,1771358718178,True,True
0,1.48266,57.06812,0,0,1771358718178,True,True
0,1.48244,211.50414965,0,0,1771358718289,False,True
0,1.48219,3.79413,0,0,1771358730342,True,True
0,1.48216,13.10177,0,0,1771358738149,True,True
0,1.48205,6.22897,0,0,1771358738667,True,True
0,1.482,1.65,0,0,1771358743274,False,True
0,1.48176,209.85414965,0,0,1771358743274,False,True
0,1.48203,134.31559,0,0,1771358745987,True,True
0,1.48201,9.15104,0,0,1771358746695,True,True
0,1.48177,261.5625,0,0,1771358747911,False,True
0,1.48175,35.22240786,0,0,1771358747911,False,True
0,1.48171,203.32196214,0,0,1771358747911,False,True
0,1.48199,65.51061,0,0,1771358748770,True,True
0,1.48134,46.89,0,0,1771358750646,False,True
0,1.48118,2.87786129,0,0,1771358759034,False,True
0,1.48118,142.89662449,0,0,1771358759034,False,True
0,1.48118,896.18463985,0,0,1771358759034,False,True
0,1.48118,2.24742197,0,0,1771358759034,False,True
0,1.48118,16.78981937,0,0,1771358759034,False,True
0,1.48118,160.46514759,0,0,1771358759034,False,True
0,1.48121,13.27007,0,0,1771358759350,True,True
0,1.481,1.65,0,0,1771358760543,False,True
0,1.48028,2304.36496159,0,0,1771358760543,False,True
0,1.48028,441.20806677,0,0,1771358760543,False,True
0,1.48027,548.97610323,0,0,1771358760543,False,True
0,1.48027,2828.77223353,0,0,1771358760543,False,True
0,1.48025,261.5625,0,0,1771358760543,False,True
0,1.48021,56.3178057,0,0,1771358760543,False,True
0,1.48021,680.85434836,0,0,1771358760543,False,True
0,1.4802,500.0,0,0,1771358760543,False,True
0,1.48017,319.14565164,0,0,1771358760543,False,True
0,1.48017,29.00524209,0,0,1771358760543,False,True
0,1.48017,1201.97016024,0,0,1771358760543,False,True
0,1.48078,953.45129171,0,0,1771358765009,False,True
0,1.48078,354.18726833,0,0,1771358765009,False,True
0,1.48078,2.97252765,0,0,1771358765009,False,True
0,1.48001,50.67396371,0,0,1771358775173,True,True
0,1.48005,261.5625,0,0,1771358776201,False,True
0,1.48004,879.38809912,0,0,1771358776201,False,True
0,1.48055,261.5625,0,0,1771358781961,False,True
0,1.48053,261.5625,0,0,1771358781961,False,True
0,1.48052,380.65299955,0,0,1771358781961,False,True
0,1.48088,113.76831,0,0,1771358784997,True,True
0,1.48088,69.85629573,0,0,1771358784997,True,True
0,1.48088,13.5799,0,0,1771358784997,True,True
0,1.48088,2.63405411,0,0,1771358784997,True,True
0,1.48088,4363.77217841,0,0,1771358784997,True,True
0,1.48086,70.78629573,0,0,1771358789701,True,True
0,1.48087,56.61059427,0,0,1771358789701,True,True
0,1.48078,25.08387,0,0,1771358799150,True,True
0,1.48059,146.91354,0,0,1771358800167,False,True
0,1.48059,853.08646,0,0,1771358806414,False,True
0,1.48001,261.5625,0,0,1771358810900,True,True
0,1.48001,836.95323846,0,0,1771358810900,True,True
0,1.48001,774.38729872,0,0,1771358810900,True,True
0,1.48001,362.41857666,0,0,1771358810900,True,True
0,1.48001,49.4010545,0,0,1771358810900,True,True
0,1.48002,1035.52149166,0,0,1771358810900,True,True
0,1.48,1.65,0,0,1771358813167,False,True
0,1.4792,4.9063799,0,0,1771358814434,False,True
0,1.47983,5.19866184,0,0,1771358820761,True,True
0,1.47952,41.35361,0,0,1771358825523,True,True
0,1.47901,63.3,0,0,1771358828309,True,True
0,1.47948,219.96328307,0,0,1771358830406,False,True
0,1.47907,65.87991583,0,0,1771358832545,False,True
0,1.479,1.65,0,0,1771358832545,False,True
0,1.47899,24.46088452,0,0,1771358832545,False,True
0,1.47865,85.70569815,0,0,1771358836052,False,True
0,1.47891,6.54708,0,0,1771358838872,True,True
0,1.47858,17.18237862,0,0,1771358840712,False,True
0,1.47829,9.06064127,0,0,1771358845199,False,True
0,1.4784,6.62915,0,0,1771358845315,True,True
0,1.478,1.65,0,0,1771358849117,False,True
0,1.47784,39.70361,0,0,1771358849117,False,True
0,1.47757,8.56100014,0,0,1771358852212,False,True
0,1.47758,139.63275,0,0,1771358856118,False,True
0,1.47781,32.77108,0,0,1771358856585,True,True
0,1.47741,2.84738122,0,0,1771358857034,False,True
0,1.47776,67.31601,0,0,1771358858421,True,True
0,1.47828,62.48768064,0,0,1771358891048,True,True
0,1.47829,773.28484008,0,0,1771358891048,True,True
0,1.47829,6764.58715172,0,0,1771358891048,True,True
0,1.47837,300.0,0,0,1771358891048,True,True
0,1.47851,261.5625,0,0,1771358891048,True,True
0,1.47854,25644.93250542,0,0,1771358891048,True,True
0,1.47809,261.5625,0,0,1771358913640,True,True
0,1.4781,642.21549955,0,0,1771358913640,True,True
0,1.4781,219.96328307,0,0,1771358913640,True,True
0,1.4781,85.70569815,0,0,1771358913640,True,True
0,1.4781,17.18237862,0,0,1771358913640,True,True
0,1.4781,9.06064127,0,0,1771358913640,True,True
0,1.4781,8.56100014,0,0,1771358913640,True,True
0,1.4781,2.84738122,0,0,1771358913640,True,True
0,1.47808,67.44258,0,0,1771358915463,True,True
0,1.47805,7.30814,0,0,1771358919332,False,True
0,1.47853,32.04665,0,0,1771358927556,True,True
0,1.47808,664.91731,0,0,1771358940765,True,True
0,1.47805,26.52021492,0,0,1771358941545,False,True
0,1.47736,13.50463,0,0,1771358943550,True,True
0,1.477,1.65,0,0,1771358958243,False,True
0,1.47673,4.12397662,0,0,1771358958243,False,True
0,1.47668,62.48768064,0,0,1771358958243,False,True
0,1.47656,970.49595274,0,0,1771358958243,False,True
0,1.47656,4.12397662,0,0,1771358958244,False,True
0,1.47694,6.77075575,0,0,1771358964346,True,True
0,1.47656,67.73852738,0,0,1771358974538,False,True
0,1.476,1.65,0,0,1771358982183,False,True
0,1.4756,5.78419525,0,0,1771358982183,False,True
0,1.4756,30.2540604,0,0,1771358992124,False,True
0,1.4756,218.24230721,0,0,1771358992139,False,True
0,1.47507,799.52896,0,0,1771358992289,True,True
0,1.475,1.65,0,0,1771358993070,False,True
0,1.475,16949.15254238,0,0,1771358993070,False,True
0,1.47485,261.5625,0,0,1771358993070,False,True
0,1.47476,3288.61205714,0,0,1771358993070,False,True
0,1.47739,6.76869343,0,0,1771359011588,False,True
0,1.47739,3384.34671955,0,0,1771359011588,False,True
0,1.47739,261.5625,0,0,1771359011588,False,True
0,1.47739,4710.4222772,0,0,1771359011588,False,True
0,1.47732,793.57382656,0,0,1771359011588,False,True
0,1.47725,6.76933491,0,0,1771359023465,False,True
0,1.47724,261.5625,0,0,1771359023465,False,True
0,1.47723,261.5625,0,0,1771359023465,False,True
0,1.47721,261.5625,0,0,1771359023465,False,True
0,1.47716,871.9773078,0,0,1771359037371,False,True
0,1.47659,6.77236064,0,0,1771359038902,False,True
0,1.47658,494.84386378,0,0,1771359038902,False,True
0,1.47672,6.63898,0,0,1771359040032,True,True
0,1.47709,12.48585,0,0,1771359042269,True,True
0,1.47648,6.77057897,0,0,1771359052427,True,True
0,1.47649,2856.01979921,0,0,1771359052427,True,True
0,1.47649,1102.11569762,0,0,1771359052427,True,True
0,1.47649,752.28678037,0,0,1771359052427,True,True
0,1.4765,282.80714383,0,0,1771359052427,True,True
0,1.4765,3103.5820414,0,0,1771359052427,True,True
0,1.4766,58.30044573,0,0,1771359052427,True,True
0,1.47662,1838.11751287,0,0,1771359052427,True,True
0,1.47662,7874.68248713,0,0,1771359052427,True,True
0,1.47663,1281.99152961,0,0,1771359052427,True,True
0,1.47657,2.35944862,0,0,1771359052859,True,True
0,1.47643,101.24646,0,0,1771359054216,True,True
0,1.47645,3.31162,0,0,1771359054496,True,True
0,1.4763,6.77369098,0,0,1771359058395,False,True
0,1.47629,187.11709902,0,0,1771359058395,False,True
0,1.47669,0.98587,0,0,1771359060149,True,True
0,1.4772,1.65,0,0,1771359068571,True,True
0,1.4772,10000.0,0,0,1771359068571,True,True
0,1.4772,10858.69172144,0,0,1771359080492,True,True
0,1.4772,1362.076783,0,0,1771359081024,True,True
0,1.4772,3316.9111705,0,0,1771359081024,True,True
0,1.4772,641.74870616,0,0,1771359081024,True,True
0,1.47821,261.5625,0,0,1771359105905,False,True
0,1.47813,738.5275,0,0,1771359105905,False,True
0,1.47837,2000.0,0,0,1771359108127,True,True
0,1.47829,1065.19739778,0,0,1771359124260,True,True
0,1.47826,54.98835,0,0,1771359125232,True,True
0,1.47795,1000.0,0,0,1771359129054,True,True
0,1.47795,65.66391,0,0,1771359129778,True,True
0,1.47796,3.28426,0,0,1771359132125,True,True
0,1.4782,101.00218,0,0,1771359138569,False,True
0,1.47822,20.55886,0,0,1771359138786,True,True
0,1.47857,335.22439126,0,0,1771359146058,True,True
0,1.47926,23.69447241,0,0,1771359153585,True,True
0,1.47938,35.39314786,0,0,1771359179177,False,True
0,1.47937,6.55095214,0,0,1771359179177,False,True
0,1.47947,6.76502193,0,0,1771359180017,True,True
0,1.47792,147.11899,0,0,1771359202676,False,True
0,1.47853,6.13603,0,0,1771359218485,True,True
0,1.47868,66.46475,0,0,1771359222325,True,True
0,1.47884,3.51245,0,0,1771359252671,True,True
0,1.47864,35.39314787,0,0,1771359260112,False,True
0,1.47863,155.27241112,0,0,1771359260112,False,True
0,1.47863,49.91568296,0,0,1771359260112,False,True
0,1.47855,65.49385,0,0,1771359269688,True,True
0,1.47855,6.76338304,0,0,1771359270360,True,True
0,1.478,275.07416,0,0,1771359292884,True,True
0,1.47803,6.76873,0,0,1771359293164,True,True
0,1.47814,443.14816786,0,0,1771359297795,False,True
0,1.47853,13.09886,0,0,1771359300844,True,True
0,1.47838,9.92264,0,0,1771359302852,True,True
0,1.47875,31.66709,0,0,1771359304598,True,True
0,1.47866,50.0,0,0,1771359304787,True,True
0,1.479,199.43606,0,0,1771359306095,True,True
0,1.47787,4.3085,0,0,1771359312299,True,True
0,1.47778,79.59673,0,0,1771359332530,True,True
0,1.47778,45.75216509,0,0,1771359333556,False,True
0,1.47777,7294.10877241,0,0,1771359333556,False,True
0,1.47777,709.69315553,0,0,1771359333557,False,True
0,1.47777,6630.16778197,0,0,1771359333557,False,True
0,1.47777,2071.42106785,0,0,1771359333561,False,True
0,1.47777,5268.43986965,0,0,1771359333561,False,True
0,1.47777,7339.8609375,0,0,1771359333576,False,True
0,1.47777,3091.85169454,0,0,1771359333585,False,True
0,1.47777,4248.00924296,0,0,1771359333585,False,True
0,1.47777,2816.52447734,0,0,1771359333616,False,True
0,1.47777,7211.74694968,0,0,1771359333616,False,True
0,1.47828,3.27573,0,0,1771359355383,True,True
0,1.47864,6.69773,0,0,1771359359228,True,True
0,1.47872,0.95879,0,0,1771359363904,True,True
0,1.4788,275.93944,0,0,1771359368494,False,True
0,1.47778,527.07718,0,0,1771359382280,True,True
0,1.47778,4.00916,0,0,1771359384604,True,True
0,1.47778,189.5391,0,0,1771359385142,True,True
0,1.479,13.25714,0,0,1771359422540,True,True
0,1.47894,5.33898,0,0,1771359424482,True,True
0,1.47883,10.14212497,0,0,1771359431747,True,True
0,1.47988,15.2827,0,0,1771359449557,True,True
0,1.47821,5.59765403,0,0,1771359462082,True,True
0,1.47844,13.07035,0,0,1771359468904,True,True
0,1.47777,119.3351808,0,0,1771359482939,False,True
0,1.47777,70.1562198,0,0,1771359483275,False,True
0,1.4778,9.0,0,0,1771359493624,True,True
0,1.47778,6.56977,0,0,1771359505415,True,True
0,1.47817,34.93726,0,0,1771359527935,True,True
0,1.47813,1.43344,0,0,1771359535034,True,True
0,1.47828,229.32771,0,0,1771359536773,True,True
0,1.4781,3.72081696,0,0,1771359543267,True,True
0,1.47801,8.74668,0,0,1771359553774,True,True
0,1.47777,320.65339,0,0,1771359559091,False,True
0,1.47778,209.72870577,0,0,1771359570353,True,True
0,1.47797,0.6553,0,0,1771359577106,True,True
0,1.47815,2029.563982,0,0,1771359582764,True,True
0,1.47777,0.99674739,0,0,1771359588970,False,True
0,1.47778,47.94076,0,0,1771359590802,True,True
0,1.47777,9088.91172969,0,0,1771359592172,False,True
0,1.47752,32.88738,0,0,1771359597272,True,True
0,1.47729,6.21787,0,0,1771359600952,True,True
0,1.47734,29.07439988,0,0,1771359601949,False,True
0,1.47728,6.76919744,0,0,1771359601949,False,True
0,1.47727,6769.23862428,0,0,1771359601949,False,True
0,1.47726,6044.1,0,0,1771359601949,False,True
0,1.47721,901.91021433,0,0,1771359601949,False,True
0,1.47714,6767.88335805,0,0,1771359601949,False,True
0,1.47713,261.5625,0,0,1771359601949,False,True
0,1.47703,4006.52794202,0,0,1771359601949,False,True
0,1.47907,6.76265104,0,0,1771359613793,True,True
0,1.47908,18.23734896,0,0,1771359613793,True,True
0,1.47914,6.76099719,0,0,1771359625821,True,True
0,1.47915,9.80790281,0,0,1771359625821,True,True
0,1.4784,1.65,0,0,1771359628487,True,True
0,1.47872,0.6915,0,0,1771359631147,False,True
0,1.47879,6.76052863,0,0,1771359645389,True,True
0,1.47904,12.69127794,0,0,1771359645389,True,True
0,1.47864,6.76297137,0,0,1771359652696,False,True
0,1.47863,3.23702863,0,0,1771359652696,False,True
0,1.478,1.65,0,0,1771359660953,False,True
0,1.47738,13.12757,0,0,1771359665031,True,True
0,1.47753,13.14738,0,0,1771359670223,True,True
0,1.47702,13.81573,0,0,1771359670952,False,True
0,1.47702,4.42161896,0,0,1771359673304,False,True
0,1.477,1.65,0,0,1771359673370,False,True
0,1.47801,13.26638,0,0,1771359681659,True,True
0,1.47754,261.5625,0,0,1771359681747,False,True
0,1.47753,610.4148078,0,0,1771359681747,False,True
0,1.47753,335.22439126,0,0,1771359681747,False,True
0,1.47753,23.69447241,0,0,1771359681747,False,True
0,1.47753,6.76502193,0,0,1771359681747,False,True
0,1.47794,11.0,0,0,1771359688778,False,True
0,1.47825,210.0,0,0,1771359689070,True,True
0,1.47825,51.5625,0,0,1771359689289,True,True
0,1.47839,479.9577,0,0,1771359689289,True,True
0,1.47912,31.36399,0,0,1771359693276,True,True
0,1.47917,572.47469,0,0,1771359699684,False,True
0,1.47918,750.0,0,0,1771359701255,True,True
0,1.47918,6.69357,0,0,1771359701859,True,True
0,1.47918,743.30643,0,0,1771359702186,True,True
0,1.47918,750.0,0,0,1771359702935,True,True
0,1.47918,750.0,0,0,1771359702999,True,True
0,1.47918,750.0,0,0,1771359702999,True,True
0,1.47918,750.0,0,0,1771359702999,True,True
0,1.47918,750.0,0,0,1771359702999,True,True
0,1.47918,750.0,0,0,1771359702999,True,True
0,1.48051,750.0,0,0,1771359719556,True,True
0,1.48051,177.48348359,0,0,1771359719562,True,True
0,1.48051,191.87277388,0,0,1771359719570,True,True
0,1.48051,380.64374253,0,0,1771359719602,True,True
0,1.48051,750.0,0,0,1771359719602,True,True
0,1.48051,750.0,0,0,1771359719602,True,True
0,1.48051,750.0,0,0,1771359719602,True,True
0,1.48051,750.0,0,0,1771359719602,True,True
0,1.48051,750.0,0,0,1771359719602,True,True
0,1.48051,750.0,0,0,1771359719602,True,True
0,1.48092,9.23722213,0,0,1771359722727,False,True
0,1.48082,15.078,0,0,1771359722727,False,True
0,1.48081,6036.9,0,0,1771359722727,False,True
0,1.4808,2000.0,0,0,1771359722727,False,True
0,1.48076,8830.67666976,0,0,1771359722727,False,True
0,1.48106,261.5625,0,0,1771359723167,True,True
0,1.48117,920.68746281,0,0,1771359723167,True,True
0,1.4811,11.9341,0,0,1771359724846,True,True
0,1.48096,23.03757155,0,0,1771359725173,False,True
0,1.48103,50.20745,0,0,1771359726485,True,True
0,1.4797,12.25192,0,0,1771359750197,True,True
0,1.47947,3.30382,0,0,1771359766069,True,True
0,1.479,1.65,0,0,1771359779015,False,True
0,1.47842,1182.24996281,0,0,1771359783266,False,True
0,1.47862,25.0,0,0,1771359784219,True,True
0,1.4788,427.14794299,0,0,1771359787635,False,True
0,1.48006,6.68959,0,0,1771359808036,True,True
0,1.47941,18.91154,0,0,1771359813456,True,True
0,1.47901,20.52298,0,0,1771359846980,True,True
0,1.479,1.65,0,0,1771359847015,False,True
0,1.47855,63.09126,0,0,1771359848663,True,True
0,1.47817,22.98983,0,0,1771359869328,True,True
0,1.47832,5.06002,0,0,1771359874582,True,True
0,1.47834,18.0878553,0,0,1771359883014,True,True
0,1.4784,3.27576,0,0,1771359883166,True,True
0,1.47851,10.0,0,0,1771359892034,True,True
0,1.47851,710.0,0,0,1771359892048,True,True
0,1.47851,720.0,0,0,1771359892048,True,True
0,1.47851,720.0,0,0,1771359892048,True,True
0,1.47851,720.0,0,0,1771359892048,True,True
0,1.47851,720.0,0,0,1771359892048,True,True
0,1.47851,720.0,0,0,1771359892048,True,True
0,1.47851,425.2,0,0,1771359892048,True,True
0,1.47899,261.5625,0,0,1771359901477,True,True
0,1.47902,696.87226144,0,0,1771359901477,True,True
0,1.47943,37.90773941,0,0,1771359907232,True,True
0,1.47951,101.62352854,0,0,1771359907232,True,True
0,1.4803,27.84570695,0,0,1771359911539,True,True
0,1.4803,11.76788488,0,0,1771359915800,True,True
0,1.4803,13.24666,0,0,1771359916498,True,True
0,1.4803,546.6824071,0,0,1771359917068,True,True
0,1.48131,3.63211655,0,0,1771359921672,True,True
0,1.48118,9.0,0,0,1771359921818,False,True
0,1.48197,3.84542731,0,0,1771359940239,True,True
0,1.48181,8.23942236,0,0,1771359948345,True,True
0,1.48235,65.98935,0,0,1771359957321,True,True
0,1.48225,6.6468,0,0,1771359968040,True,True
0,1.48185,2.0,0,0,1771360005724,True,True
0,1.48185,106.0,0,0,1771360024371,True,True
0,1.48244,9.0,0,0,1771360024371,True,True
0,1.48245,3372.80848161,0,0,1771360024371,True,True
0,1.4825,1469.77476431,0,0,1771360024371,True,True
0,1.4825,2422.41675408,0,0,1771360024371,True,True
0,1.4825,2485.32068222,0,0,1771360024371,True,True
0,1.4825,367.86453809,0,0,1771360024371,True,True
0,1.48254,3352.33642054,0,0,1771360024371,True,True
0,1.48255,96.6663181,0,0,1771360024371,True,True
0,1.48245,1.67290633,0,0,1771360035577,True,True
0,1.48208,70.78629573,0,0,1771360046014,False,True
0,1.48206,587.48213427,0,0,1771360046014,False,True
0,1.48208,261.5625,0,0,1771360046064,False,True
0,1.48206,151.61240355,0,0,1771360046064,False,True
0,1.482,844.35997645,0,0,1771360046064,False,True
0,1.48176,16.53587,0,0,1771360054901,True,True
0,1.48177,13.06678,0,0,1771360058359,True,True
0,1.48149,13.29629,0,0,1771360065720,True,True
0,1.4816,35.39314786,0,0,1771360087199,True,True
0,1.48162,160.68928214,0,0,1771360087199,True,True
0,1.48155,1000.0,0,0,1771360089703,True,True
0,1.4814,2.38266,0,0,1771360139747,True,True
0,1.48361,2.45593963,0,0,1771360154679,False,True
0,1.4836,11.00027,0,0,1771360155700,False,True
0,1.48324,252.61531,0,0,1771360164559,False,True
0,1.48317,13.21631,0,0,1771360166274,True,True
0,1.483,1.65,0,0,1771360182837,False,True
0,1.4825,15.5172123,0,0,1771360190115,False,True
0,1.48191,261.5625,0,0,1771360198827,True,True
0,1.48191,75.84835344,0,0,1771360198827,True,True
0,1.481,1.65,0,0,1771360213874,False,True
0,1.48001,6.75525173,0,0,1771360218774,True,True
0,1.48001,261.5625,0,0,1771360218774,True,True
0,1.48001,1055.63300827,0,0,1771360218774,True,True
0,1.48001,6.75525173,0,0,1771360225862,True,True
0,1.48001,23.54474827,0,0,1771360225862,True,True
0,1.48,1.65,0,0,1771360227458,False,True
0,1.47987,6.7573503,0,0,1771360227458,False,True
0,1.47986,403.0777897,0,0,1771360227458,False,True
0,1.47929,6.75999972,0,0,1771360239716,False,True
0,1.47928,4093.03979751,0,0,1771360239716,False,True
0,1.47901,432.98834,0,0,1771360277073,True,True
0,1.479,1.65,0,0,1771360289226,False,True
0,1.47825,337.83783783,0,0,1771360292513,True,True
0,1.47807,2.84137,0,0,1771360295557,False,True
0,1.47818,16.91268993,0,0,1771360299720,False,True
0,1.478,1.65,0,0,1771360299858,False,True
0,1.477,1.65,0,0,1771360301533,False,True
0,1.47613,15.00905,0,0,1771360303692,True,True
0,1.476,1.65,0,0,1771360303965,False,True
0,1.47572,36.81714,0,0,1771360303965,False,True
0,1.47614,28.5111,0,0,1771360304569,True,True
0,1.47571,500.0,0,0,1771360306576,False,True
0,1.475,1.65,0,0,1771360308572,False,True
0,1.47459,6.64664,0,0,1771360312316,True,True
0,1.47506,33.2316,0,0,1771360322455,True,True
0,1.47506,6.15225,0,0,1771360322689,True,True
0,1.47538,2.17224452,0,0,1771360328842,True,True
0,1.47646,13.34582,0,0,1771360335489,True,True
0,1.47639,1265.78639933,0,0,1771360335866,False,True
0,1.47757,131.53732104,0,0,1771360377750,False,True
0,1.4768,6.15014,0,0,1771360387716,True,True
0,1.47678,135.41144768,0,0,1771360388805,True,True
0,1.47789,194.76689,0,0,1771360420891,False,True
0,1.47759,0.69192,0,0,1771360459232,False,True
0,1.47869,13.10019,0,0,1771360481409,True,True
0,1.47926,261.5625,0,0,1771360486880,True,True
0,1.47927,458.02212,0,0,1771360486880,True,True
0,1.47978,33.3141,0,0,1771360488577,True,True
0,1.47978,64.83105,0,0,1771360489746,True,True
0,1.47923,39.0,0,0,1771360496259,False,True
0,1.47957,10.60804,0,0,1771360497147,True,True
0,1.47957,11.43928787,0,0,1771360497166,True,True
0,1.47978,52.08913213,0,0,1771360497166,True,True
0,1.47949,6.20807,0,0,1771360500962,True,True
0,1.47935,6.71240747,0,0,1771360511833,True,True
0,1.47971,163.69255,0,0,1771360512216,True,True
0,1.48038,16.8875559,0,0,1771360514053,True,True
0,1.48,6.54231,0,0,1771360526013,True,True
0,1.47975,6.62691,0,0,1771360568723,True,True
0,1.47928,100.45224,0,0,1771360584185,True,True
0,1.47897,62.83118,0,0,1771360584577,True,True
0,1.47845,24.3589,0,0,1771360602307,True,True
0,1.4785,63.11601,0,0,1771360617748,True,True
0,1.47868,3.44984,0,0,1771360621663,False,True
0,1.47854,6.25866,0,0,1771360632855,True,True
0,1.47833,2000.0,0,0,1771360634478,False,True
0,1.47693,40.30603608,0,0,1771360645625,True,True
0,1.47644,6.57573,0,0,1771360670266,True,True
0,1.47622,38.41320573,0,0,1771360694050,False,True
0,1.47619,10.83871318,0,0,1771360694050,False,True
0,1.47615,909.18284253,0,0,1771360694050,False,True
0,1.47615,139.53126795,0,0,1771360694050,False,True
0,1.47615,27.84570695,0,0,1771360694050,False,True
0,1.47615,11.76788488,0,0,1771360694050,False,True
0,1.47615,3.63211655,0,0,1771360694050,False,True
0,1.47615,3.84542731,0,0,1771360694050,False,True
0,1.47615,8.23942236,0,0,1771360694050,False,True
0,1.47615,1.67290633,0,0,1771360694050,False,True
0,1.47601,1702.0,0,0,1771360704483,False,True
0,1.47692,617.18560414,0,0,1771360732507,False,True
0,1.47688,6.70313,0,0,1771360733843,True,True
0,1.47674,150.0,0,0,1771360745164,False,True
0,1.47743,64.8,0,0,1771360764927,True,True
0,1.47863,66.96691,0,0,1771360780193,True,True
0,1.47889,6.6292,0,0,1771360787959,True,True
0,1.47948,70.78629573,0,0,1771360799827,True,True
0,1.47954,6.76151225,0,0,1771360799827,True,True
0,1.47955,420.38219202,0,0,1771360799827,True,True
0,1.47954,261.5625,0,0,1771360799935,True,True
0,1.47955,553.82178912,0,0,1771360799935,True,True
0,1.47949,6.75906314,0,0,1771360807166,True,True
0,1.47949,182.78655732,0,0,1771360807166,True,True
0,1.48045,28.43092885,0,0,1771360818157,True,True
0,1.48045,28.43092885,0,0,1771360818157,True,True
0,1.48044,261.5625,0,0,1771360818894,False,True
0,1.48044,3377.37429412,0,0,1771360818894,False,True
0,1.4804,63.82407671,0,0,1771360818894,False,True
0,1.48038,6.75502235,0,0,1771360818894,False,True
0,1.48037,2290.48410682,0,0,1771360818894,False,True
0,1.48072,41.13761616,0,0,1771360823735,True,True
0,1.48081,4.30143831,0,0,1771360828433,True,True
0,1.48168,6.74909562,0,0,1771360830990,False,True
0,1.48168,118.45004338,0,0,1771360830990,False,True
0,1.48167,3.03699054,0,0,1771360832679,True,True
0,1.48167,6.75198449,0,0,1771360833919,True,True
0,1.48168,9.63639551,0,0,1771360833919,True,True
0,1.4816,6.54036,0,0,1771360836042,True,True
0,1.48105,3.30979,0,0,1771360841917,True,True
0,1.48104,3.03854905,0,0,1771360845900,True,True
0,1.48104,6.74990062,0,0,1771360848206,True,True
0,1.48105,23.03798938,0,0,1771360848206,True,True
0,1.48082,14.60588,0,0,1771360850000,False,True
0,1.48205,12.69319,0,0,1771360859674,True,True
0,1.4823,89.80215,0,0,1771360861600,False,True
0,1.48244,12.41659,0,0,1771360864073,True,True
0,1.48213,33.56332,0,0,1771360868106,True,True
0,1.4815,2000.0,0,0,1771360874512,False,True
0,1.48135,261.5625,0,0,1771360874512,False,True
0,1.48131,33.49395518,0,0,1771360874512,False,True
0,1.4813,6030.3,0,0,1771360874512,False,True
0,1.48123,6751.10277036,0,0,1771360874512,False,True
0,1.48122,11219.34682088,0,0,1771360874512,False,True
0,1.48187,300.0,0,0,1771360878800,False,True
0,1.48191,3374.02406353,0,0,1771360879090,False,True
0,1.48191,1.57172912,0,0,1771360879090,False,True
0,1.48299,6.60152799,0,0,1771360885354,True,True
0,1.4833,13.18693,0,0,1771360912738,True,True
0,1.48324,6.1938,0,0,1771360920546,True,True
0,1.48375,3.3,0,0,1771360923588,True,True
0,1.48254,70.0,0,0,1771360928284,False,True
0,1.48258,64.18476774,0,0,1771360947019,True,True
0,1.48265,517.69107226,0,0,1771360947019,True,True
0,1.48431,261.5625,0,0,1771360984124,True,True
0,1.48432,52.56254,0,0,1771360984124,True,True
0,1.4843,8.77848966,0,0,1771360989669,True,True
0,1.48398,500.0,0,0,1771360992383,True,True
0,1.4833,261.5625,0,0,1771361040225,True,True
0,1.48331,34.632,0,0,1771361040225,True,True
0,1.48299,13.48344906,0,0,1771361047343,True,True
0,1.48289,65.30616,0,0,1771361050784,True,True
0,1.48315,19.59383,0,0,1771361056719,True,True
0,1.48278,6.54841,0,0,1771361097597,True,True
0,1.48246,13.12426235,0,0,1771361111117,True,True
0,1.48246,67.45544568,0,0,1771361111797,True,True
0,1.48245,63.31688,0,0,1771361113349,True,True
0,1.4824,18.62668,0,0,1771361118855,True,True
0,1.48223,30.3,0,0,1771361131004,True,True
0,1.48231,16.86556793,0,0,1771361141942,True,True
0,1.4823,38.40915,0,0,1771361144818,True,True
0,1.48221,59.0,0,0,1771361154275,False,True
0,1.48222,70.78629573,0,0,1771361155912,False,True
0,1.48221,1515.27072427,0,0,1771361155912,False,True
0,1.48226,31.00846,0,0,1771361156514,True,True
0,1.48274,70.78629573,0,0,1771361169881,True,True
0,1.48276,27.22912427,0,0,1771361169881,True,True
0,1.48241,14.56350364,0,0,1771361175186,False,True
0,1.48334,188.94074,0,0,1771361202820,True,True
0,1.4824,1000.0,0,0,1771361206062,False,True
0,1.48187,29.15907592,0,0,1771361229623,False,True
0,1.48095,13.10327,0,0,1771361232113,True,True
0,1.48056,1.22439,0,0,1771361234843,True,True
0,1.48054,55.0,0,0,1771361239590,False,True
0,1.48028,24.8518015,0,0,1771361244721,False,True
0,1.48019,70.78629573,0,0,1771361244721,False,True
0,1.48003,586.29980726,0,0,1771361244721,False,True
0,1.48014,62.9505,0,0,1771361254793,True,True
0,1.4801,1.909,0,0,1771361258091,True,True
0,1.479,8.47417494,0,0,1771361289323,False,True
0,1.4791,13.1279,0,0,1771361293425,True,True
0,1.47909,6.69393,0,0,1771361296249,True,True
0,1.47901,2.35575149,0,0,1771361301752,False,True
0,1.48044,53.07063101,0,0,1771361327327,False,True
0,1.48053,25.0,0,0,1771361333501,False,True
0,1.48064,11.82575,0,0,1771361335275,True,True
0,1.48064,32.16998,0,0,1771361335581,True,True
0,1.48042,9.93359,0,0,1771361345031,True,True
0,1.48035,2.91855,0,0,1771361359723,True,True
0,1.48088,1.33059,0,0,1771361386038,True,True
0,1.4808,1334.73642,0,0,1771361386053,False,True
0,1.48184,6.75168102,0,0,1771361407020,True,True
0,1.48185,61.92675898,0,0,1771361407020,True,True
0,1.48179,6.7485946,0,0,1771361412702,False,True
0,1.48178,49.3495894,0,0,1771361412702,False,True
0,1.48151,25.0,0,0,1771361421486,True,True
0,1.48128,6.75091812,0,0,1771361433598,False,True
0,1.48127,2000.0,0,0,1771361433598,False,True
0,1.481,629.74613021,0,0,1771361433598,False,True
0,1.48098,363.50295167,0,0,1771361433598,False,True
0,1.48111,1.42523,0,0,1771361444605,False,True
0,1.48117,6.75181009,0,0,1771361447494,True,True
0,1.48118,58.80272991,0,0,1771361447494,True,True
0,1.48014,6.7546984,0,0,1771361456502,True,True
0,1.4803,12.65276786,0,0,1771361456502,True,True
0,1.48032,1305.39415374,0,0,1771361456502,True,True
0,1.47978,22.74038,0,0,1771361457287,False,True
0,1.47965,878.87848173,0,0,1771361457287,False,True
0,1.4803,56.87538577,0,0,1771361475664,True,True
0,1.48031,258.43973423,0,0,1771361475664,True,True
0,1.48013,3378.06591714,0,0,1771361477627,False,True
0,1.48013,261.5625,0,0,1771361477627,False,True
0,1.4801,261.5625,0,0,1771361477627,False,True
0,1.4801,655.42193461,0,0,1771361477627,False,True
0,1.48002,443.38714825,0,0,1771361477627,False,True
0,1.48034,6.12998,0,0,1771361490567,True,True
0,1.48034,0.88879,0,0,1771361494432,True,True
0,1.48104,6.71833,0,0,1771361510004,True,True
0,1.48046,5.13738348,0,0,1771361520328,False,True
0,1.48065,80.45569,0,0,1771361521094,True,True
0,1.48085,0.81754,0,0,1771361530930,True,True
0,1.48085,12.76672,0,0,1771361531612,True,True
0,1.48095,16.55229,0,0,1771361549805,True,True
0,1.48022,32.78229,0,0,1771361572657,True,True
0,1.48097,6.1294,0,0,1771361575202,True,True
0,1.48053,37.61369,0,0,1771361585412,True,True
0,1.48065,1500.0,0,0,1771361593144,True,True
0,1.48185,6.23188,0,0,1771361606831,True,True
0,1.48179,35.22950228,0,0,1771361611667,False,True
0,1.48176,6406.21134772,0,0,1771361611667,False,True
0,1.4819,2000.0,0,0,1771361637807,False,True
0,1.48175,628.89180789,0,0,1771361640558,True,True
0,1.48239,35.79377605,0,0,1771361657580,True,True
0,1.48271,8.03258897,0,0,1771361662464,True,True
0,1.48231,64.95504392,0,0,1771361667037,False,True
0,1.4823,1046.64223708,0,0,1771361667037,False,True
0,1.48154,261.5625,0,0,1771361682784,False,True
0,1.48153,87.4375,0,0,1771361682784,False,True
0,1.48181,70.78629573,0,0,1771361691489,True,True
0,1.48191,33.79849427,0,0,1771361691489,True,True
0,1.48195,20.14237997,0,0,1771361722211,True,True
0,1.48195,16.37832,0,0,1771361723365,True,True
0,1.48194,27.00422,0,0,1771361725093,False,True
0,1.48194,52.59069,0,0,1771361729400,False,True
0,1.48222,13.07093,0,0,1771361741666,True,True
0,1.48201,13.10265,0,0,1771361750668,True,True
0,1.48193,6.72311,0,0,1771361762216,False,True
0,1.48193,33.08001,0,0,1771361767444,True,True
0,1.48193,23.38417,0,0,1771361769005,True,True
0,1.48195,1.6274,0,0,1771361780479,True,True
0,1.48195,78.02795,0,0,1771361785747,True,True
0,1.48214,16.33888,0,0,1771361788482,True,True
0,1.48222,6.13756,0,0,1771361797702,True,True
0,1.48222,138.88920654,0,0,1771361802687,True,True
0,1.48222,225.24207713,0,0,1771361802690,True,True
0,1.48222,300.32278089,0,0,1771361802854,True,True
0,1.48222,150.1613038,0,0,1771361802938,True,True
0,1.48222,225.2419557,0,0,1771361803000,True,True
0,1.48222,300.32233152,0,0,1771361803006,True,True
0,1.48222,75.08092798,0,0,1771361803178,True,True
0,1.48222,451.12887,0,0,1771361832223,True,True
0,1.48222,225.24193833,0,0,1771361837273,True,True
0,1.48222,1389.16011811,0,0,1771361838040,True,True
0,1.48304,52.36397,0,0,1771361845145,True,True
0,1.48294,62.91854,0,0,1771361847206,True,True
0,1.48195,643.19636857,0,0,1771361854987,True,True
0,1.48195,561.47072,0,0,1771361854987,True,True
0,1.48203,773.11062372,0,0,1771361854987,True,True
0,1.48203,5817.48039542,0,0,1771361854987,True,True
0,1.4823,18.88462,0,0,1771361878182,True,True
0,1.48211,321.36859,0,0,1771361892670,True,True
0,1.48227,12.56794,0,0,1771361904696,True,True
0,1.48211,4.23955,0,0,1771361923432,True,True
0,1.482,9.88044,0,0,1771361935422,False,True
0,1.48197,36.88466,0,0,1771361941732,True,True
0,1.48198,43.53724957,0,0,1771361941732,True,True
0,1.48198,75.06943167,0,0,1771361941732,True,True
0,1.48345,1.65,0,0,1771361942415,False,True
0,1.48329,208.0,0,0,1771361943228,False,True
0,1.48325,477.0,0,0,1771361943377,False,True
0,1.48301,14.0,0,0,1771361945667,False,True
0,1.48296,1500.0,0,0,1771361946705,True,True
0,1.48486,1500.0,0,0,1771361964234,True,True
0,1.48548,254.12799452,0,0,1771361965356,True,True
0,1.48558,33.65688822,0,0,1771361969881,True,True
0,1.48558,69.84225841,0,0,1771361974724,True,True
0,1.48558,225.24195742,0,0,1771361974725,True,True
0,1.48558,225.24195742,0,0,1771361974761,True,True
0,1.48558,73.23424071,0,0,1771361974761,True,True
0,1.48691,6.17082,0,0,1771361976000,False,True
0,1.48672,153.89604,0,0,1771361979890,False,True
0,1.4875,14.64011674,0,0,1771361980281,True,True
0,1.4875,9.25366326,0,0,1771361996076,True,True
0,1.4876,2.37658884,0,0,1771361996076,True,True
0,1.48757,261.5625,0,0,1771361996954,True,True
0,1.4876,37.30147,0,0,1771361996954,True,True
0,1.4876,133.15907566,0,0,1771361998368,True,True
0,1.48795,2745.57302836,0,0,1771361999162,False,True
0,1.48795,2490.246534,0,0,1771361999162,False,True
0,1.48795,2000.0,0,0,1771361999162,False,True
0,1.48794,3360.35055176,0,0,1771361999162,False,True
0,1.4879,2507.51833581,0,0,1771361999162,False,True
0,1.48789,6720.88535321,0,0,1771361999162,False,True
0,1.48763,6722.05994616,0,0,1771361999162,False,True
0,1.48763,261.5625,0,0,1771361999162,False,True
0,1.4876,2310.99636391,0,0,1771361999162,False,True
0,1.48759,4733.21090744,0,0,1771361999162,False,True
0,1.48766,67.2196604,0,0,1771361999346,False,True
0,1.48765,2310.92541028,0,0,1771361999346,False,True
0,1.48765,59.02537614,0,0,1771361999346,False,True
0,1.48766,261.5625,0,0,1771361999348,False,True
0,1.48765,202.53712386,0,0,1771361999348,False,True
0,1.48765,640.29097611,0,0,1771361999348,False,True
0,1.48765,253.5032,0,0,1771361999353,False,True
0,1.48765,102.6145,0,0,1771361999354,False,True
0,1.48765,102.6145,0,0,1771361999354,False,True
0,1.48765,108.82672489,0,0,1771361999362,False,True
0,1.48762,67.22146784,0,0,1771361999362,False,True
0,1.48761,35.39314786,0,0,1771361999362,False,True
0,1.48759,150.8885843,0,0,1771361999362,False,True
0,1.48759,102.61463693,0,0,1771361999369,False,True
0,1.4875,234.38536307,0,0,1771361999369,False,True
0,1.4875,102.61463693,0,0,1771361999373,False,True
0,1.48737,1550.0,0,0,1771361999374,False,True
0,1.48737,5173.160722,0,0,1771361999387,False,True
0,1.48724,2861.6906,0,0,1771361999400,False,True
0,1.48724,1296.4968,0,0,1771361999404,False,True
0,1.48724,164.6818,0,0,1771361999417,False,True
0,1.48724,102.6145,0,0,1771361999434,False,True
0,1.48724,56.0182,0,0,1771361999444,False,True
0,1.48724,1550.0,0,0,1771361999450,False,True
0,1.48724,692.36238983,0,0,1771361999461,False,True
0,1.48659,3361.72044739,0,0,1771361999934,True,True
0,1.48657,3361.77105083,0,0,1771362000182,True,True
0,1.48636,10.03822449,0,0,1771362000342,True,True
0,1.48729,6.72582304,0,0,1771362001898,True,True
0,1.48729,5.92600696,0,0,1771362001898,True,True
0,1.48793,6.72074627,0,0,1771362019813,False,True
0,1.48792,97.12106373,0,0,1771362019813,False,True
0,1.48731,6.72354788,0,0,1771362021979,False,True
0,1.4873,3.23712141,0,0,1771362021979,False,True
0,1.48709,16.74070391,0,0,1771362027191,True,True
0,1.48723,84.04886937,0,0,1771362027860,True,True
0,1.48724,6.72323145,0,0,1771362027860,True,True
0,1.48725,663.84836509,0,0,1771362027873,True,True
0,1.48725,262.71755254,0,0,1771362027912,True,True
0,1.48725,150.13725188,0,0,1771362027912,True,True
0,1.48725,300.27450375,0,0,1771362027912,True,True
0,1.488,8627.89637764,0,0,1771362042111,True,True
0,1.488,8173.17889118,0,0,1771362042112,True,True
0,1.48901,58.9862985,0,0,1771362060776,False,True
0,1.4894,2000.0,0,0,1771362062613,False,True
0,1.48851,7.91998066,0,0,1771362065220,True,True
0,1.48917,9.25045238,0,0,1771362068279,False,True
0,1.48944,2.00405,0,0,1771362069317,True,True
0,1.48946,13.46751616,0,0,1771362069650,True,True
0,1.48946,6.32317,0,0,1771362073665,True,True
0,1.4894,2000.0,0,0,1771362083251,False,True
0,1.48923,3357.42829762,0,0,1771362083251,False,True
0,1.48918,6715.07842948,0,0,1771362083251,False,True
0,1.48915,407.2,0,0,1771362083251,False,True
0,1.48914,28.11790616,0,0,1771362083251,False,True
0,1.4891,261.5625,0,0,1771362083251,False,True
0,1.48905,4020.40467333,0,0,1771362083251,False,True
0,1.48948,16.28084969,0,0,1771362083272,True,True
0,1.48941,261.5625,0,0,1771362083752,True,True
0,1.48943,3357.0053539,0,0,1771362083752,True,True
0,1.48946,800.0,0,0,1771362083752,True,True
0,1.48948,800.0,0,0,1771362083752,True,True
0,1.48948,261.5625,0,0,1771362083752,True,True
0,1.4895,6987.5,0,0,1771362083752,True,True
0,1.48952,35.39314786,0,0,1771362083752,True,True
0,1.48953,7443.62734375,0,0,1771362085307,False,True
0,1.48953,1245.0262412,0,0,1771362085324,False,True
0,1.48953,11933.64299815,0,0,1771362085336,False,True
0,1.48953,79.76407,0,0,1771362085463,False,True
0,1.48953,362.55127376,0,0,1771362085857,False,True
0,1.48887,62.5773,0,0,1771362089566,True,True
0,1.48838,261.5625,0,0,1771362099877,False,True
0,1.48837,5.4,0,0,1771362099877,False,True
0,1.48832,5434.07730774,0,0,1771362099877,False,True
0,1.48856,260.17206,0,0,1771362101787,True,True
0,1.48817,261.5625,0,0,1771362105720,False,True
0,1.48802,6720.30269835,0,0,1771362105720,False,True
0,1.48802,261.5625,0,0,1771362105720,False,True
0,1.488,5259.59580341,0,0,1771362105720,False,True
0,1.488,3657.39541392,0,0,1771362105720,False,True
0,1.48793,933.60529455,0,0,1771362105720,False,True
0,1.48791,2852.62663528,0,0,1771362105720,False,True
0,1.48791,1245.0262412,0,0,1771362105720,False,True
0,1.48791,2621.06314829,0,0,1771362105720,False,True
0,1.4879,2000.0,0,0,1771362105720,False,True
0,1.48786,261.5625,0,0,1771362105720,False,True
0,1.48777,7051.01734986,0,0,1771362105720,False,True
0,1.48777,79.76407,0,0,1771362105720,False,True
0,1.48777,362.55127376,0,0,1771362105720,False,True
0,1.48826,167.23745819,0,0,1771362107090,True,True
0,1.48778,108.44921018,0,0,1771362113759,False,True
0,1.48721,2.96888557,0,0,1771362120504,False,True
0,1.48677,39.699504,0,0,1771362122239,False,True
0,1.48634,1.3257,0,0,1771362129034,True,True
0,1.48632,7103.8,0,0,1771362134055,True,True
0,1.48633,34.06744786,0,0,1771362134055,True,True
0,1.48634,261.5625,0,0,1771362134055,True,True
0,1.48635,1500.0,0,0,1771362134055,True,True
0,1.48638,1311.38637498,0,0,1771362134055,True,True
0,1.48646,2050.9099752,0,0,1771362134055,True,True
0,1.4867,32.66494,0,0,1771362135326,True,True
0,1.4868,26.06464,0,0,1771362136020,True,True
0,1.48633,261.5625,0,0,1771362149725,False,True
0,1.48632,61.45778786,0,0,1771362149725,False,True
0,1.48619,492.36400126,0,0,1771362149725,False,True
0,1.48619,189.54562046,0,0,1771362149725,False,True
0,1.48619,28.43092885,0,0,1771362149725,False,True
0,1.48619,41.13761616,0,0,1771362149725,False,True
0,1.48619,4.30143831,0,0,1771362149725,False,True
0,1.48619,3.03699054,0,0,1771362149725,False,True
0,1.48619,3.03854905,0,0,1771362149725,False,True
0,1.48619,6.60152799,0,0,1771362149725,False,True
0,1.48619,8.77848966,0,0,1771362149725,False,True
0,1.48619,14.64011674,0,0,1771362149725,False,True
0,1.48619,11.6302521,0,0,1771362149725,False,True
0,1.48619,13.46751616,0,0,1771362149725,False,True
0,1.48662,5696.04082593,0,0,1771362150599,True,True
0,1.48694,7.0,0,0,1771362177982,True,True
0,1.48781,70.78629573,0,0,1771362179672,True,True
0,1.48781,242.70131357,0,0,1771362179672,True,True
0,1.48764,2.61693186,0,0,1771362180257,False,True
0,1.48781,58.94357981,0,0,1771362180672,False,True
0,1.48802,281.02882,0,0,1771362194653,True,True
0,1.48798,16.3433038,0,0,1771362198993,False,True
0,1.48798,4.23492978,0,0,1771362199188,False,True
0,1.48646,1.65,0,0,1771362207604,True,True
0,1.48638,13.51696681,0,0,1771362208738,True,True
0,1.48721,16.56815,0,0,1771362211235,True,True
0,1.48731,602.8908,0,0,1771362213216,True,True
0,1.48731,225.87842618,0,0,1771362213217,True,True
0,1.48731,294.2184,0,0,1771362213218,True,True
0,1.48731,377.01237382,0,0,1771362213218,True,True
0,1.48849,6.59176,0,0,1771362214447,True,True
0,1.48978,160.92479026,0,0,1771362223309,True,True
0,1.48947,157.80193,0,0,1771362226230,True,True
0,1.48957,911.04397448,0,0,1771362228596,True,True
0,1.49,1.90045398,0,0,1771362234036,True,True
0,1.49,9303.47918396,0,0,1771362234036,True,True
0,1.49,11805.0772035,0,0,1771362234114,True,True
0,1.49,8558.13115144,0,0,1771362234254,True,True
0,1.49,6961.25368781,0,0,1771362234262,True,True
0,1.49,7266.96018653,0,0,1771362234654,True,True
0,1.49,10011.22443442,0,0,1771362234703,True,True
0,1.49,18.30115827,0,0,1771362234952,True,True
0,1.49,10177.60982267,0,0,1771362235398,True,True
0,1.49,6824.74186086,0,0,1771362235602,True,True
0,1.49,8915.45084118,0,0,1771362236017,True,True
0,1.49,7413.68674745,0,0,1771362236025,True,True
0,1.49,9124.20991995,0,0,1771362236081,True,True
0,1.49,7267.18360545,0,0,1771362236191,True,True
0,1.49,6864.16960025,0,0,1771362236775,True,True
0,1.49,8766.83468057,0,0,1771362236939,True,True
0,1.49,6.58756,0,0,1771362243740,True,True
0,1.49,62.6259,0,0,1771362245554,True,True
0,1.48942,32.57966,0,0,1771362254816,True,True
0,1.48983,261.5625,0,0,1771362257765,False,True
0,1.48978,261.5625,0,0,1771362257765,False,True
0,1.48973,35.39314786,0,0,1771362257765,False,True
0,1.48972,5126.13059641,0,0,1771362257765,False,True
0,1.49,842.0434409,0,0,1771362258218,True,True
0,1.48975,105.08927,0,0,1771362258415,False,True
0,1.48995,33.24408192,0,0,1771362262848,True,True
0,1.48997,0.31296505,0,0,1771362262848,True,True
0,1.49,4873.27779811,0,0,1771362272103,True,True
0,1.4901,4.69228655,0,0,1771362272212,True,True
0,1.49044,79.43964996,0,0,1771362272354,True,True
0,1.49066,253.24585593,0,0,1771362272430,True,True
0,1.491,25.0,0,0,1771362272430,True,True
0,1.491,25.0,0,0,1771362272430,True,True
0,1.49127,429.37797206,0,0,1771362272430,True,True
0,1.49128,395.6300268,0,0,1771362274205,True,True
0,1.4908,16.89189189,0,0,1771362302297,True,True
0,1.4916,134.08420488,0,0,1771362321472,True,True
0,1.49161,37.51376,0,0,1771362323350,False,True
0,1.49162,5.10858289,0,0,1771362326783,True,True
0,1.49162,17.69136569,0,0,1771362328486,True,True
0,1.49176,1.65,0,0,1771362328486,True,True
0,1.49204,215.25566365,0,0,1771362328486,True,True
0,1.49204,100.0,0,0,1771362328915,True,True
0,1.49203,197.53428,0,0,1771362334059,True,True
0,1.49205,171.83919524,0,0,1771362334059,True,True
0,1.49218,5.14683215,0,0,1771362344435,True,True
0,1.4919,5665.13716028,0,0,1771362354533,False,True
0,1.49172,68.63722979,0,0,1771362354607,False,True
0,1.49171,1262.43969671,0,0,1771362354607,False,True
0,1.4917,671.2307,0,0,1771362354645,False,True
0,1.49107,3.63955655,0,0,1771362355089,True,True
0,1.49078,39.8664769,0,0,1771362355508,True,True
0,1.49078,39.8664769,0,0,1771362355509,True,True
0,1.49044,261.5625,0,0,1771362362464,False,True
0,1.49043,261.5625,0,0,1771362362464,False,True
0,1.49043,800.0,0,0,1771362362464,False,True
0,1.49042,261.5625,0,0,1771362362464,False,True
0,1.49029,9024.5,0,0,1771362362464,False,True
0,1.49027,261.5625,0,0,1771362362464,False,True
0,1.49014,29166.2,0,0,1771362362464,False,True
0,1.49012,261.5625,0,0,1771362362464,False,True
0,1.4901,2000.0,0,0,1771362362464,False,True
0,1.49008,738.64683087,0,0,1771362362464,False,True
0,1.49,1.65,0,0,1771362362464,False,True
0,1.49,15289.72436685,0,0,1771362362467,True,True
0,1.49,7135.87447995,0,0,1771362362551,True,True
0,1.49,10199.20816933,0,0,1771362362555,True,True
0,1.49,6.8892918,0,0,1771362362562,True,True
0,1.49,6870.13395591,0,0,1771362362590,True,True
0,1.49,1140.94669679,0,0,1771362362941,True,True
0,1.49,450.48391934,0,0,1771362362941,True,True
0,1.49,8807.98772726,0,0,1771362362972,True,True
0,1.49,7059.9420619,0,0,1771362362977,True,True
0,1.49,4208.72241286,0,0,1771362362977,True,True
0,1.49,20234.69004873,0,0,1771362362977,True,True
0,1.49,7239.03707448,0,0,1771362362989,True,True
0,1.49,7764.48544491,0,0,1771362363005,True,True
0,1.49,11933.64299815,0,0,1771362363006,True,True
0,1.49,6732.08446696,0,0,1771362363162,True,True
0,1.49,6815.6365222,0,0,1771362363477,True,True
0,1.49,7776.64496059,0,0,1771362363867,True,True
0,1.49,11933.64299815,0,0,1771362364269,True,True
0,1.49,7051.63162584,0,0,1771362364273,True,True
0,1.49,8873.6954779,0,0,1771362364486,True,True
0,1.49,7059.25355807,0,0,1771362364697,True,True
0,1.49,1773.04474279,0,0,1771362365052,True,True
0,1.49,11933.64299815,0,0,1771362365269,True,True
0,1.49,8216.97392492,0,0,1771362365376,True,True
0,1.48999,1378.08978583,0,0,1771362384571,False,True
0,1.48973,9.77718,0,0,1771362400750,True,True
0,1.48983,127.51677852,0,0,1771362415616,True,True
0,1.48946,61.28254477,0,0,1771362419336,False,True
0,1.48935,1.31017209,0,0,1771362426173,True,True
0,1.489,1.65,0,0,1771362430591,False,True
0,1.489,1.65,0,0,1771362430591,False,True
0,1.48834,32.0890514,0,0,1771362431955,True,True
0,1.48815,6.17262,0,0,1771362435667,True,True
0,1.488,1.65,0,0,1771362444272,False,True
0,1.48814,3359.89796463,0,0,1771362459920,False,True
0,1.48804,6720.24945565,0,0,1771362459920,False,True
0,1.488,11.08735209,0,0,1771362459920,False,True
0,1.48776,3.0,0,0,1771362463199,False,True
0,1.48741,59.10232102,0,0,1771362474551,True,True
0,1.48755,35.39314786,0,0,1771362479030,True,True
0,1.48756,102.41014214,0,0,1771362479030,True,True
0,1.48744,33.35260581,0,0,1771362491861,True,True
0,1.48745,4.09445,0,0,1771362494433,False,True
0,1.48764,200.0,0,0,1771362495880,True,True
0,1.48761,1.88258977,0,0,1771362496049,True,True
0,1.48744,218.99844,0,0,1771362499130,True,True
0,1.48754,652.71898,0,0,1771362507120,True,True
0,1.48716,13.74516644,0,0,1771362508343,False,True
0,1.48716,7.91998066,0,0,1771362508343,False,True
0,1.4873,13.05333,0,0,1771362511826,True,True
0,1.48716,10335.7,0,0,1771362520443,True,True
0,1.48727,666.372788,0,0,1771362520443,True,True
0,1.48728,22.33981787,0,0,1771362520443,True,True
0,1.48729,29241.5,0,0,1771362520443,True,True
0,1.48731,658.33638952,0,0,1771362520443,True,True
0,1.48732,768.15468291,0,0,1771362520443,True,True
0,1.48736,3361.66822999,0,0,1771362520443,True,True
0,1.48745,6722.92497114,0,0,1771362520443,True,True
0,1.48748,800.22108608,0,0,1771362520443,True,True
0,1.48754,261.5625,0,0,1771362520443,True,True
0,1.48755,1500.0,0,0,1771362520443,True,True
0,1.4876,300.0,0,0,1771362520443,True,True
0,1.48765,2745.57302836,0,0,1771362520443,True,True
0,1.4877,261.5625,0,0,1771362520443,True,True
0,1.48775,2354.08400613,0,0,1771362520443,True,True
0,1.48706,12.27167,0,0,1771362525274,False,True
0,1.48701,86.72268907,0,0,1771362533309,True,True
0,1.487,1.65,0,0,1771362534186,False,True
0,1.48659,31.25343,0,0,1771362537341,True,True
0,1.4865,30.03699966,0,0,1771362537602,True,True
0,1.48642,31.56982,0,0,1771362538743,True,True
0,1.48619,500.0,0,0,1771362541301,False,True
0,1.486,1.65,0,0,1771362542035,False,True
0,1.48545,70.78629573,0,0,1771362542035,False,True
0,1.48544,748.90403776,0,0,1771362542035,False,True
0,1.48543,2536.24966714,0,0,1771362542035,False,True
0,1.48538,91.90290261,0,0,1771362547269,True,True
0,1.48533,1.09423495,0,0,1771362552101,True,True
0,1.485,1.65,0,0,1771362567485,False,True
0,1.48499,35.39314786,0,0,1771362573112,True,True
0,1.48499,99.28789376,0,0,1771362573112,True,True
0,1.485,12484.95012492,0,0,1771362581706,True,True
0,1.485,9587.71027709,0,0,1771362581739,True,True
0,1.485,7574.75665764,0,0,1771362581789,True,True
0,1.485,7467.68876489,0,0,1771362582204,True,True
0,1.485,6994.59010244,0,0,1771362582345,True,True
0,1.485,7802.28129336,0,0,1771362582540,True,True
0,1.485,7312.30966204,0,0,1771362582778,True,True
0,1.485,7356.93209585,0,0,1771362583023,True,True
0,1.485,2269.8805436,0,0,1771362583142,True,True
0,1.485,3269.2956902,0,0,1771362583142,True,True
0,1.485,2217.8106092,0,0,1771362583142,True,True
0,1.48553,1500.0,0,0,1771362583429,True,True
0,1.48583,35.39314787,0,0,1771362583429,True,True
0,1.48583,115.10070213,0,0,1771362583429,True,True
0,1.4859,12.40516,0,0,1771362589050,True,True
0,1.48588,6.73129851,0,0,1771362606582,True,True
0,1.48589,6.30541149,0,0,1771362606582,True,True
0,1.48664,4.40519746,0,0,1771362625156,True,True
0,1.48657,6.72665372,0,0,1771362642274,True,True
0,1.48666,74.30943628,0,0,1771362642274,True,True
0,1.48649,2000.0,0,0,1771362654467,False,True
0,1.48649,26.77448217,0,0,1771362654467,False,True
0,1.48641,6.72761889,0,0,1771362654467,False,True
0,1.4864,10638.9,0,0,1771362654467,False,True
0,1.48634,261.5625,0,0,1771362654467,False,True
0,1.48633,3363.97727737,0,0,1771362654467,False,True
0,1.48628,1702.05812157,0,0,1771362654467,False,True
0,1.4868,30.44717,0,0,1771362662747,False,True
0,1.48696,371.37622,0,0,1771362665978,True,True
0,1.48695,6.82628,0,0,1771362672037,False,True
0,1.48718,9.559978,0,0,1771362707043,False,True
0,1.48731,77.11216,0,0,1771362708387,True,True
0,1.48769,2339.44361299,0,0,1771362716715,False,True
0,1.48939,6.82628,0,0,1771362733447,True,True
0,1.48939,58.40795,0,0,1771362733447,True,True
0,1.49006,164.96149,0,0,1771362741921,True,True
0,1.48971,65.64827,0,0,1771362759407,True,True
0,1.48946,650.5593,0,0,1771362775474,True,True
0,1.48935,8.05661113,0,0,1771362778609,True,True
0,1.48939,162.66603,0,0,1771362783061,True,True
0,1.48932,6.51873,0,0,1771362801041,True,True
0,1.48935,66.6125047,0,0,1771362803960,True,True
0,1.48935,1.00584,0,0,1771362804083,True,True
0,1.48932,6.51873,0,0,1771362816604,True,True
0,1.48932,100.4,0,0,1771362817716,True,True
0,1.48932,1195.66322892,0,0,1771362817730,True,True
0,1.48932,197.41804108,0,0,1771362817753,True,True
0,1.48946,1500.0,0,0,1771362817902,True,True
0,1.49061,261.5625,0,0,1771362821005,False,True
0,1.4906,1917.83036327,0,0,1771362821005,False,True
0,1.49055,6708.92946937,0,0,1771362821005,False,True
0,1.49053,1009.16172472,0,0,1771362821005,False,True
0,1.49114,4.08522,0,0,1771362833641,False,True
0,1.4913,1774.8748064,0,0,1771362843739,True,True
0,1.49163,9.95655,0,0,1771362850037,True,True
0,1.49162,8.93813802,0,0,1771362852174,False,True
0,1.49059,1.65,0,0,1771362855363,True,True
0,1.49059,1407.44117449,0,0,1771362861804,True,True
0,1.49058,8.94002583,0,0,1771362874658,False,True
0,1.49007,12.37537,0,0,1771362877457,True,True
0,1.49,8.89892,0,0,1771362879204,False,True
0,1.49045,2.71529,0,0,1771362889809,True,True
0,1.49038,16.28557,0,0,1771362895667,True,True
0,1.49005,117.0648,0,0,1771362902619,False,True
0,1.49027,91.21447,0,0,1771362905289,True,True
0,1.49085,101.0,0,0,1771362907720,True,True
0,1.49011,32.57113,0,0,1771362916945,True,True
0,1.49,2788.7249021,0,0,1771362920193,False,True
0,1.49,7515.98356454,0,0,1771362920383,False,True
0,1.49,6859.47318712,0,0,1771362920539,False,True
0,1.49,139.4362451,0,0,1771362920544,False,True
0,1.49,1606.4221003,0,0,1771362920546,False,True
0,1.49,1346.68524191,0,0,1771362920549,False,True
0,1.49,3333.33333334,0,0,1771362920549,False,True
0,1.49,3030.20805369,0,0,1771362920549,False,True
0,1.49,1288.98281196,0,0,1771362920549,False,True
0,1.49,2044.35052138,0,0,1771362920595,False,True
0,1.49,3333.33333334,0,0,1771362920595,False,True
0,1.49,3333.33333334,0,0,1771362920595,False,True
0,1.49,1317.25423896,0,0,1771362920595,False,True
0,1.49,2016.07909438,0,0,1771362920609,False,True
0,1.49,3333.33333334,0,0,1771362920609,False,True
0,1.49,3333.33333334,0,0,1771362920609,False,True
0,1.49,3333.33333334,0,0,1771362920609,False,True
0,1.49,3333.33333334,0,0,1771362920609,False,True
0,1.49,960.58757226,0,0,1771362920609,False,True
0,1.49,2372.74576108,0,0,1771362925614,False,True
0,1.49,3333.33333334,0,0,1771362925614,False,True
0,1.49,3333.33333334,0,0,1771362925614,False,True
0,1.49,988.85899926,0,0,1771362925614,False,True
0,1.49,2344.47433408,0,0,1771362925685,False,True
0,1.49,25.52566592,0,0,1771362925685,False,True
0,1.49,3307.80766742,0,0,1771362925695,False,True
0,1.49,3333.33333324,0,0,1771362925695,False,True
0,1.489,1.65,0,0,1771362936121,False,True
0,1.48848,5.24153,0,0,1771362936121,False,True
0,1.48828,33.55704697,0,0,1771362937346,False,True
0,1.4894,33.65449,0,0,1771362968342,False,True
0,1.48933,548.90454097,0,0,1771362978222,True,True
0,1.48949,3.40714,0,0,1771362991970,False,True
0,1.48865,210.80564,0,0,1771363020079,True,True
0,1.48925,325.92563,0,0,1771363027416,True,True
0,1.48899,7.0,0,0,1771363028144,False,True
0,1.4891,6.71546572,0,0,1771363030280,True,True
0,1.48934,13.04359,0,0,1771363031873,True,True
0,1.48945,11.70324,0,0,1771363043890,True,True
0,1.48918,53.12608,0,0,1771363050718,False,True
0,1.48918,30.98520037,0,0,1771363055853,False,True
0,1.48918,6.7002503,0,0,1771363057253,False,True
0,1.48938,261.5625,0,0,1771363057397,True,True
0,1.48939,243.7274,0,0,1771363057397,True,True
0,1.48918,73.92071,0,0,1771363079315,False,True
0,1.48993,104.04297,0,0,1771363096617,True,True
0,1.48988,21.03205,0,0,1771363100791,True,True
0,1.48981,16.30788,0,0,1771363103427,True,True
0,1.48981,866.43333333,0,0,1771363107149,True,True
0,1.48801,3.25368,0,0,1771363144094,True,True
0,1.488,1.65,0,0,1771363148198,False,True
0,1.48728,66.5188,0,0,1771363148549,True,True
0,1.487,1.65,0,0,1771363160231,False,True
0,1.48623,3364.19758895,0,0,1771363162058,False,True
0,1.48623,261.5625,0,0,1771363162058,False,True
0,1.48619,800.0,0,0,1771363162058,False,True
0,1.48616,1600.29076379,0,0,1771363162058,False,True
0,1.48613,6728.8535229,0,0,1771363162058,False,True
0,1.48602,65.54476573,0,0,1771363162058,False,True
0,1.48602,261.5625,0,0,1771363162058,False,True
0,1.48601,778.55613056,0,0,1771363162058,False,True
0,1.48601,8050.3,0,0,1771363162058,False,True
0,1.486,1.65,0,0,1771363162058,False,True
0,1.48596,5457.90346419,0,0,1771363162058,False,True
0,1.48596,1390.27808608,0,0,1771363162058,False,True
0,1.48595,2000.0,0,0,1771363162058,False,True
0,1.48586,261.5625,0,0,1771363162058,False,True
0,1.48579,6725.40184276,0,0,1771363162058,False,True
0,1.48578,6728.04511739,0,0,1771363162058,False,True
0,1.48577,456.8,0,0,1771363162058,False,True
0,1.48573,13324.98844899,0,0,1771363162058,False,True
0,1.48573,16844.764695,0,0,1771363162058,False,True
0,1.48573,26952.62213207,0,0,1771363162058,False,True
0,1.48573,2861.48472394,0,0,1771363162058,False,True
0,1.48572,2745.57302836,0,0,1771363162058,False,True
0,1.48571,261.5625,0,0,1771363162058,False,True
0,1.48571,29244.6,0,0,1771363162058,False,True
0,1.48561,4466.9282625,0,0,1771363162058,False,True
0,1.4856,778.55613056,0,0,1771363162058,False,True
0,1.48558,171.15606702,0,0,1771363162058,False,True
0,1.48556,261.5625,0,0,1771363162058,False,True
0,1.48554,3968.51477264,0,0,1771363162058,False,True
0,1.48553,2490.246534,0,0,1771363162058,False,True
0,1.48551,6195.753087,0,0,1771363162058,False,True
0,1.4855,14954.035,0,0,1771363162058,False,True
0,1.48549,60496.005,0,0,1771363162058,False,True
0,1.48545,6731.92735486,0,0,1771363162058,False,True
0,1.48542,20869.49505749,0,0,1771363162058,False,True
0,1.48541,261.5625,0,0,1771363162058,False,True
0,1.48526,261.5625,0,0,1771363162058,False,True
0,1.48524,20871.96740202,0,0,1771363162058,False,True
0,1.48517,30614.89,0,0,1771363162058,False,True
0,1.48511,261.5625,0,0,1771363162058,False,True
0,1.48505,20874.66276534,0,0,1771363162058,False,True
0,1.48505,10079.79787989,0,0,1771363162058,False,True
0,1.48501,13458.50925572,0,0,1771363162058,False,True
0,1.485,1.65,0,0,1771363162058,False,True
0,1.485,15214.72186555,0,0,1771363162058,False,True
0,1.485,12.1727,0,0,1771363162058,False,True
0,1.485,5850.95448673,0,0,1771363162058,False,True
0,1.48498,1391.49057136,0,0,1771363162058,False,True
0,1.48498,4398.2981799,0,0,1771363162058,False,True
0,1.48498,535.19862474,0,0,1771363162058,False,True
0,1.48496,261.5625,0,0,1771363162058,False,True
0,1.48495,7018.80216532,0,0,1771363162058,False,True
0,1.48495,531.52077195,0,0,1771363162058,False,True
0,1.48495,9546.8292547,0,0,1771363162058,False,True
0,1.48554,160.92479026,0,0,1771363162895,False,True
0,1.48554,911.04397448,0,0,1771363162895,False,True
0,1.48554,5.14683215,0,0,1771363162895,False,True
0,1.48555,8471.19855401,0,0,1771363169062,True,True
0,1.48555,6926.09644599,0,0,1771363173264,True,True
0,1.48555,2549.45507079,0,0,1771363173264,True,True
0,1.48555,7329.03509344,0,0,1771363173333,True,True
0,1.48555,7035.49202279,0,0,1771363173365,True,True
0,1.48555,8361.80297721,0,0,1771363173726,True,True
0,1.4859,26.77448217,0,0,1771363188587,False,True
0,1.48591,65.97924,0,0,1771363192349,True,True
0,1.4859,1973.22551783,0,0,1771363205066,False,True
0,1.4859,6.72992798,0,0,1771363205066,False,True
0,1.4857,9523.09786788,0,0,1771363205066,False,True
0,1.48565,6731.02555364,0,0,1771363205066,False,True
0,1.48557,8914.8,0,0,1771363205066,False,True
0,1.48555,2189.31022948,0,0,1771363205066,False,True
0,1.48554,1000.0,0,0,1771363205066,False,True
0,1.48546,1290.52078393,0,0,1771363205066,False,True
0,1.48545,261.5625,0,0,1771363205066,False,True
0,1.48536,4466.9282625,0,0,1771363205066,False,True
0,1.48531,1286.57329931,0,0,1771363205066,False,True
0,1.48531,1038.5402125,0,0,1771363205066,False,True
0,1.48531,420.45951655,0,0,1771363205066,False,True
0,1.4853,3968.51477264,0,0,1771363205066,False,True
0,1.4853,261.5625,0,0,1771363205066,False,True
0,1.48527,2490.246534,0,0,1771363205066,False,True
0,1.48522,25.0,0,0,1771363205066,False,True
0,1.48521,580.29421916,0,0,1771363205066,False,True
0,1.48521,6152.75132036,0,0,1771363205066,False,True
0,1.4852,3724.31178479,0,0,1771363205066,False,True
0,1.4852,14234.05682334,0,0,1771363205066,False,True
0,1.4852,7923.2643263,0,0,1771363205066,False,True
0,1.4852,3384.86706557,0,0,1771363205066,False,True
0,1.48515,261.5625,0,0,1771363205066,False,True
0,1.48505,315.46166918,0,0,1771363205066,False,True
0,1.48498,3185.46991706,0,0,1771363205066,False,True
0,1.48498,3545.02207462,0,0,1771363205066,False,True
0,1.48496,9011.18183162,0,0,1771363205066,False,True
0,1.48496,1176.34317442,0,0,1771363205066,False,True
0,1.48496,996.80896136,0,0,1771363205066,False,True
0,1.48495,261.5625,0,0,1771363205066,False,True
0,1.48493,5305.59402512,0,0,1771363205066,False,True
0,1.48493,7434.88644319,0,0,1771363205066,False,True
0,1.48493,8135.7968496,0,0,1771363205066,False,True
0,1.4848,3916.62153105,0,0,1771363205066,False,True
0,1.4848,2054.26292495,0,0,1771363205066,False,True
0,1.48476,5860.72868422,0,0,1771363205066,False,True
0,1.48476,8912.90793862,0,0,1771363205066,False,True
0,1.48476,6105.04673605,0,0,1771363205066,False,True
0,1.48467,1574.19161631,0,0,1771363205066,False,True
0,1.48467,7286.01340512,0,0,1771363205066,False,True
0,1.48467,4600.6513215,0,0,1771363205066,False,True
0,1.48466,261.5625,0,0,1771363205066,False,True
0,1.48465,1290.52078393,0,0,1771363205066,False,True
0,1.48465,657.82622887,0,0,1771363205066,False,True
0,1.48465,7187.65733488,0,0,1771363205066,False,True
0,1.48465,73.76578157,0,0,1771363205066,False,True
0,1.48465,7783.22471699,0,0,1771363205066,False,True
0,1.48465,8657.2339494,0,0,1771363205066,False,True
0,1.48465,8793.05098526,0,0,1771363205066,False,True
0,1.48465,400.78138521,0,0,1771363205066,False,True
0,1.48464,7409.02723219,0,0,1771363205066,False,True
0,1.48464,6942.31205346,0,0,1771363205066,False,True
0,1.48464,7982.70532998,0,0,1771363205066,False,True
0,1.48464,8158.6073244,0,0,1771363205066,False,True
0,1.48464,11337.53976371,0,0,1771363205066,False,True
0,1.48464,6751.75703125,0,0,1771363205066,False,True
0,1.48464,156.55126501,0,0,1771363205066,False,True
0,1.48462,10.63177536,0,0,1771363205066,False,True
0,1.48462,8300.94222992,0,0,1771363205066,False,True
0,1.48462,11397.65914849,0,0,1771363205066,False,True
0,1.48462,1182.12606626,0,0,1771363205066,False,True
0,1.48461,8.97369026,0,0,1771363205066,False,True
0,1.48457,1680.6098288,0,0,1771363205066,False,True
0,1.48451,261.5625,0,0,1771363205066,False,True
0,1.48446,1978.78397305,0,0,1771363205066,False,True
0,1.48566,38.81822,0,0,1771363206616,False,True
0,1.48508,59.18907059,0,0,1771363206856,True,True
0,1.48507,19.98975,0,0,1771363207846,True,True
0,1.48507,3.36684467,0,0,1771363214468,True,True
0,1.48507,3.34664359,0,0,1771363215819,True,True
0,1.48506,6.73373466,0,0,1771363217359,False,True
0,1.48506,3.51837534,0,0,1771363217359,False,True
0,1.48507,10.05028,0,0,1771363220689,True,True
0,1.48506,7.0,0,0,1771363222806,False,True
0,1.48507,39.49308786,0,0,1771363222863,True,True
0,1.48507,1455.43307723,0,0,1771363225234,True,True
0,1.48507,837.41507134,0,0,1771363229166,True,True
0,1.48507,1307.51249,0,0,1771363229796,True,True
0,1.48506,3408.0,0,0,1771363229947,False,True
0,1.48507,85.16588,0,0,1771363238591,True,True
0,1.4847,8.7386,0,0,1771363268711,False,True
0,1.4847,45.38,0,0,1771363276332,False,True
0,1.484,1.65,0,0,1771363294927,False,True
0,1.48376,8.61083,0,0,1771363294927,False,True
0,1.4832,500.0,0,0,1771363299037,False,True
0,1.48305,1000.0,0,0,1771363304889,False,True
0,1.483,1.65,0,0,1771363304935,False,True
0,1.48201,74.94443321,0,0,1771363306194,True,True
0,1.482,1.65,0,0,1771363306613,False,True
0,1.48171,765.31766322,0,0,1771363314833,True,True
0,1.48171,450.48391088,0,0,1771363314833,True,True
0,1.48171,300.32260725,0,0,1771363314833,True,True
0,1.48171,13815.19157865,0,0,1771363314833,True,True
0,1.48171,6393.27001125,0,0,1771363314833,True,True
0,1.48171,10056.25644983,0,0,1771363314834,True,True
0,1.48197,2279.61452077,0,0,1771363314834,True,True
0,1.48197,18808.86630686,0,0,1771363314834,True,True
0,1.48206,5220.38678074,0,0,1771363314834,True,True
0,1.48206,15829.6789077,0,0,1771363314835,True,True
0,1.48269,15.78887023,0,0,1771363318587,True,True
0,1.48267,1.98293876,0,0,1771363321397,False,True
0,1.48296,3.40594861,0,0,1771363333850,True,True
0,1.48295,1698.99926,0,0,1771363338469,False,True
0,1.48295,224.20306,0,0,1771363350823,False,True
0,1.48296,7363.00300364,0,0,1771363356678,True,True
0,1.48296,8034.29199636,0,0,1771363356762,True,True
0,1.48365,74.94443321,0,0,1771363372215,True,True
0,1.48361,65.43555,0,0,1771363375682,True,True
0,1.48313,5.53487,0,0,1771363386236,False,True
0,1.48314,15331.85945,0,0,1771363395900,True,True
0,1.48367,19.91956,0,0,1771363409779,True,True
0,1.4835,2359.03104484,0,0,1771363414851,False,True
0,1.48351,58.63883,0,0,1771363417589,True,True
0,1.48352,3.09455,0,0,1771363424638,True,True
0,1.48356,10372.14141414,0,0,1771363436154,True,True
0,1.48356,10115.9474193,0,0,1771363445442,True,True
0,1.48397,125.84819,0,0,1771363459123,True,True
0,1.48329,3151.3829491,0,0,1771363469728,False,True
0,1.48275,65.42408,0,0,1771363475782,True,True
0,1.48276,2748.27844,0,0,1771363480109,False,True
0,1.48271,6.84534,0,0,1771363480326,False,True
0,1.48277,575.11953978,0,0,1771363482126,True,True
0,1.48342,74.94443321,0,0,1771363491901,True,True
0,1.48342,5.35249625,0,0,1771363492269,True,True
0,1.48333,13.84308,0,0,1771363501231,False,True
0,1.48343,110.20211,0,0,1771363516806,True,True
0,1.48342,2896.02584428,0,0,1771363517322,False,True
0,1.48332,132.68484064,0,0,1771363542118,True,True
0,1.48384,6.60869,0,0,1771363571155,True,True
0,1.48412,13.08623,0,0,1771363578667,True,True
0,1.4832,1766.54629,0,0,1771363599814,True,True
0,1.48317,4.79042,0,0,1771363602203,False,True
0,1.48319,8.66292,0,0,1771363604044,True,True
0,1.48318,3.35436,0,0,1771363606036,True,True
0,1.48318,6.54483,0,0,1771363606623,True,True
0,1.48325,687.07744736,0,0,1771363625971,False,True
0,1.48326,12.28356649,0,0,1771363626696,True,True
0,1.48357,31.32695,0,0,1771363641709,True,True
0,1.48355,11.12607,0,0,1771363671011,True,True
0,1.48353,11.35058,0,0,1771363672372,False,True
0,1.48359,42.66438,0,0,1771363675250,True,True
0,1.4834,2000.0,0,0,1771363683740,False,True
0,1.48347,95.26688,0,0,1771363710088,True,True
0,1.48344,800.0,0,0,1771363722730,True,True
0,1.48344,74.94443321,0,0,1771363725438,True,True
0,1.48314,13.35139,0,0,1771363745938,True,True
0,1.48313,13.48499457,0,0,1771363749189,False,True
0,1.483,404.59878624,0,0,1771363749189,False,True
0,1.48221,419.83254734,0,0,1771363767208,True,True
0,1.48216,236.7322,0,0,1771363774505,False,True
0,1.48276,60.0,0,0,1771363794571,False,True
0,1.48318,10.0,0,0,1771363811934,True,True
0,1.48318,1000.0,0,0,1771363812791,True,True
0,1.483,6.4139,0,0,1771363821900,False,True
0,1.48269,24.22127,0,0,1771363833409,True,True
0,1.48242,6.20227,0,0,1771363847445,True,True
0,1.48214,8.44725989,0,0,1771363854416,True,True
0,1.48213,6.74704648,0,0,1771363856448,False,True
0,1.4819,31.65862,0,0,1771363858718,True,True
0,1.48171,16.37582,0,0,1771363864176,True,True
0,1.4817,500.0,0,0,1771363864986,False,True
0,1.48153,419.16081526,0,0,1771363867021,False,True
0,1.48169,3.44265504,0,0,1771363873377,True,True
0,1.48198,28.78581357,0,0,1771363886099,True,True
0,1.482,3169.48925738,0,0,1771363889097,True,True
0,1.482,4357.665625,0,0,1771363889097,True,True
0,1.482,1626.44116523,0,0,1771363889097,True,True
0,1.482,2731.22445977,0,0,1771363889100,True,True
0,1.482,4357.665625,0,0,1771363889100,True,True
0,1.482,4357.665625,0,0,1771363889100,True,True
0,1.482,386.66561999,0,0,1771363889100,True,True
0,1.482,3971.00000501,0,0,1771363889101,True,True
0,1.482,3226.48242651,0,0,1771363889101,True,True
0,1.482,1131.18319849,0,0,1771363889137,True,True
0,1.482,4357.665625,0,0,1771363889137,True,True
0,1.482,2594.26114534,0,0,1771363889137,True,True
0,1.482,1763.40447966,0,0,1771363889142,True,True
0,1.482,4357.665625,0,0,1771363889142,True,True
0,1.482,1099.02903481,0,0,1771363889142,True,True
0,1.482,3258.63659019,0,0,1771363889185,True,True
0,1.482,4357.665625,0,0,1771363889185,True,True
0,1.482,2411.96921183,0,0,1771363889185,True,True
0,1.482,1945.69641317,0,0,1771363889206,True,True
0,1.482,4357.665625,0,0,1771363889206,True,True
0,1.482,3442.47268268,0,0,1771363889206,True,True
0,1.482,7348.67669439,0,0,1771363892228,True,True
0,1.482,1142.49362108,0,0,1771363892236,True,True
0,1.482,2584.0209168,0,0,1771363892236,True,True
0,1.482,4357.665625,0,0,1771363892236,True,True
0,1.482,596.99640446,0,0,1771363892236,True,True
0,1.482,3760.66922054,0,0,1771363892260,True,True
0,1.482,4262.35444951,0,0,1771363892260,True,True
0,1.482,95.31117549,0,0,1771363892837,True,True
0,1.482,4357.665625,0,0,1771363892837,True,True
0,1.482,3197.54893109,0,0,1771363892837,True,True
0,1.482,1160.11669391,0,0,1771363893040,True,True
0,1.482,222.1767486,0,0,1771363893040,True,True
0,1.482,5496.35214395,0,0,1771363893040,True,True
0,1.482,2649.46973105,0,0,1771363893134,True,True
0,1.482,4325.32882059,0,0,1771363893134,True,True
0,1.482,2742.59554684,0,0,1771363893296,True,True
0,1.482,4135.15928644,0,0,1771363893296,True,True
0,1.482,2628.52942115,0,0,1771363893529,True,True
0,1.482,6086.4310483,0,0,1771363893529,True,True
0,1.482,49.58889,0,0,1771363893642,True,True
0,1.482,2009.8019367,0,0,1771363893671,True,True
0,1.482,8145.821875,0,0,1771363893671,True,True
0,1.482,33.84621223,0,0,1771363893671,True,True
0,1.482,7053.43066307,0,0,1771363893876,True,True
0,1.482,1058.5449997,0,0,1771363894194,True,True
0,1.482,6002.97056693,0,0,1771363894194,True,True
0,1.482,2142.85130807,0,0,1771363894358,True,True
0,1.482,6097.04830841,0,0,1771363894358,True,True
0,1.482,5836.59468974,0,0,1771363894364,True,True
0,1.482,1637.91419367,0,0,1771363894364,True,True
0,1.482,391.67857976,0,0,1771363894857,True,True
0,1.482,2029.59277343,0,0,1771363894857,True,True
0,1.482,2029.59277343,0,0,1771363894857,True,True
0,1.482,2029.59277343,0,0,1771363894857,True,True
0,1.482,2029.59277343,0,0,1771363894857,True,True
0,1.482,2029.59277343,0,0,1771363894857,True,True
0,1.482,265.51848951,0,0,1771363894857,True,True
0,1.482,1764.07428392,0,0,1771363895267,True,True
0,1.482,2029.59277343,0,0,1771363895267,True,True
0,1.482,2029.59277343,0,0,1771363895267,True,True
0,1.482,2917.46478455,0,0,1771363895267,True,True
0,1.482,6992.03828413,0,0,1771363895429,True,True
0,1.482,2024.13992947,0,0,1771363895679,True,True
0,1.482,2029.59277343,0,0,1771363895679,True,True
0,1.482,2029.59277343,0,0,1771363895679,True,True
0,1.482,2029.59277343,0,0,1771363895679,True,True
0,1.482,1299.98674348,0,0,1771363895679,True,True
0,1.482,729.60602995,0,0,1771363895928,True,True
0,1.482,522.8217698,0,0,1771363895928,True,True
0,1.482,6202.77604128,0,0,1771363895928,True,True
0,1.482,5730.86695687,0,0,1771363896286,True,True
0,1.482,2029.59277343,0,0,1771363896286,True,True
0,1.482,2029.59277343,0,0,1771363896286,True,True
0,1.482,699.71723632,0,0,1771363896286,True,True
0,1.482,145.92450154,0,0,1771363896286,True,True
0,1.482,553.79273478,0,0,1771363896440,True,True
0,1.482,699.71723632,0,0,1771363896440,True,True
0,1.482,699.71723632,0,0,1771363896440,True,True
0,1.482,699.71723632,0,0,1771363896440,True,True
0,1.482,699.71723632,0,0,1771363896440,True,True
0,1.482,699.71723632,0,0,1771363896440,True,True
0,1.482,699.71723632,0,0,1771363896440,True,True
0,1.482,699.71723632,0,0,1771363896440,True,True
0,1.482,699.71723632,0,0,1771363896440,True,True
0,1.482,699.71723632,0,0,1771363896440,True,True
0,1.482,699.71723632,0,0,1771363896440,True,True
0,1.482,699.71723632,0,0,1771363896440,True,True
0,1.482,114.43493837,0,0,1771363896440,True,True
0,1.482,585.28229795,0,0,1771363896694,True,True
0,1.482,699.71723632,0,0,1771363896694,True,True
0,1.482,699.71723632,0,0,1771363896694,True,True
0,1.482,699.71723632,0,0,1771363896694,True,True
0,1.482,699.71723632,0,0,1771363896694,True,True
0,1.482,699.71723632,0,0,1771363896694,True,True
0,1.482,699.71723632,0,0,1771363896694,True,True
0,1.482,699.71723632,0,0,1771363896694,True,True
0,1.482,699.71723632,0,0,1771363896694,True,True
0,1.482,699.71723632,0,0,1771363896694,True,True
0,1.482,544.86206691,0,0,1771363896694,True,True
0,1.48199,8.09722062,0,0,1771363896921,False,True
0,1.482,154.85516941,0,0,1771363896922,True,True
0,1.482,699.71723632,0,0,1771363896922,True,True
0,1.482,699.71723632,0,0,1771363896922,True,True
0,1.482,699.71723632,0,0,1771363896922,True,True
0,1.482,699.71723632,0,0,1771363896922,True,True
0,1.482,699.71723632,0,0,1771363896922,True,True
0,1.482,699.71723632,0,0,1771363896922,True,True
0,1.482,2444.08118843,0,0,1771363896922,True,True
0,1.48197,51.5,0,0,1771363904994,True,True
0,1.48127,59.10462,0,0,1771363930714,False,True
0,1.48108,282.79743219,0,0,1771363936777,False,True
0,1.481,1.65,0,0,1771363938204,False,True
0,1.48074,253.3978946,0,0,1771363938548,False,True
0,1.48035,8.98696,0,0,1771363951444,True,True
0,1.48034,5.0,0,0,1771363952005,False,True
0,1.4802,6.20186,0,0,1771363967451,False,True
0,1.48011,7.0,0,0,1771363971723,True,True
0,1.4802,5.0,0,0,1771363992541,False,True
0,1.48024,27.38229786,0,0,1771364014692,True,True
0,1.48025,5.41505214,0,0,1771364014692,True,True
0,1.48025,20.83642295,0,0,1771364016822,True,True
0,1.4801,11.81997,0,0,1771364028394,False,True
0,1.48011,6.02645167,0,0,1771364028571,True,True
0,1.48011,3.48048794,0,0,1771364053431,True,True
0,1.48011,327.97352,0,0,1771364054053,True,True
0,1.4801,481.97,0,0,1771364059858,False,True
0,1.48026,590.29252,0,0,1771364085585,True,True
0,1.48025,3377.80780273,0,0,1771364085824,False,True
0,1.48025,5677.81736731,0,0,1771364085824,False,True
0,1.48025,261.5625,0,0,1771364085824,False,True
0,1.4802,6755.82709571,0,0,1771364085824,False,True
0,1.48011,456.1,0,0,1771364085824,False,True
0,1.4801,261.5625,0,0,1771364085824,False,True
0,1.48009,775.46033045,0,0,1771364085824,False,True
0,1.48003,394.13000699,0,0,1771364085824,False,True
0,1.48,1.65,0,0,1771364085824,False,True
0,1.48,168.91891892,0,0,1771364085824,False,True
0,1.47992,57.79686786,0,0,1771364085824,False,True
0,1.47991,2745.57302836,0,0,1771364085824,False,True
0,1.4799,4466.9282625,0,0,1771364085824,False,True
0,1.4799,10491.7,0,0,1771364085824,False,True
0,1.47989,2501.04794917,0,0,1771364085824,False,True
0,1.48029,3.0,0,0,1771364110019,False,True
0,1.48041,10.0,0,0,1771364129325,True,True
0,1.48013,65.58761,0,0,1771364144495,True,True
0,1.48008,1378.26663,0,0,1771364151619,False,True
0,1.48008,267.77859,0,0,1771364157894,False,True
0,1.48011,6.55938,0,0,1771364165977,True,True
0,1.48011,1366.57358,0,0,1771364166260,True,True
0,1.48036,3.0,0,0,1771364194066,False,True
0,1.47951,378.37711692,0,0,1771364206705,False,True
0,1.47953,6.69198,0,0,1771364220776,True,True
0,1.47932,3.0,0,0,1771364225741,False,True
0,1.47953,1183.10375907,0,0,1771364226231,True,True
0,1.47932,6081.28652995,0,0,1771364227178,False,True
0,1.47932,9489.56180972,0,0,1771364227179,False,True
0,1.47932,699.71723632,0,0,1771364227179,False,True
0,1.47932,699.71723632,0,0,1771364227179,False,True
0,1.47932,699.71723632,0,0,1771364227179,False,True
0,1.47932,49.40751037,0,0,1771364227179,False,True
0,1.47932,699.71723632,0,0,1771364227179,False,True
0,1.47932,699.71723632,0,0,1771364227179,False,True
0,1.47932,49.40751037,0,0,1771364227179,False,True
0,1.47932,49.40751037,0,0,1771364227179,False,True
0,1.47932,49.40751037,0,0,1771364227179,False,True
0,1.47932,49.40751037,0,0,1771364227179,False,True
0,1.47932,49.40751037,0,0,1771364227179,False,True
0,1.47932,49.40751037,0,0,1771364227179,False,True
0,1.47932,49.40751037,0,0,1771364227179,False,True
0,1.47932,49.40751037,0,0,1771364227179,False,True
0,1.47932,49.40751037,0,0,1771364227179,False,True
0,1.47932,49.40751037,0,0,1771364227179,False,True
0,1.47932,49.40751037,0,0,1771364227179,False,True
0,1.47932,49.40751037,0,0,1771364227179,False,True
0,1.47932,49.40751037,0,0,1771364227179,False,True
0,1.47932,49.40751037,0,0,1771364227179,False,True
0,1.47932,49.40751037,0,0,1771364227179,False,True
0,1.47932,49.40751037,0,0,1771364227179,False,True
0,1.47932,49.40751037,0,0,1771364227179,False,True
0,1.47932,49.40751037,0,0,1771364227179,False,True
0,1.47932,49.40751037,0,0,1771364227179,False,True
0,1.47932,49.40751037,0,0,1771364227179,False,True
0,1.47932,49.40751037,0,0,1771364227179,False,True
0,1.47932,49.40751037,0,0,1771364227179,False,True
0,1.47932,49.40751037,0,0,1771364227179,False,True
0,1.47932,49.40751037,0,0,1771364227179,False,True
0,1.47932,49.40751037,0,0,1771364227179,False,True
0,1.47932,49.40751037,0,0,1771364227179,False,True
0,1.47932,49.40751037,0,0,1771364227179,False,True
0,1.47932,49.40751037,0,0,1771364227179,False,True
0,1.47932,49.40751037,0,0,1771364227179,False,True
0,1.47932,49.40751037,0,0,1771364227179,False,True
0,1.47932,49.40751037,0,0,1771364227179,False,True
0,1.47932,49.40751037,0,0,1771364227179,False,True
0,1.47932,49.40751037,0,0,1771364227179,False,True
0,1.47932,49.40751037,0,0,1771364227179,False,True
0,1.47932,49.40751037,0,0,1771364227179,False,True
0,1.47932,49.40751037,0,0,1771364227179,False,True
0,1.47932,49.40751037,0,0,1771364227179,False,True
0,1.47932,49.40751037,0,0,1771364227179,False,True
0,1.47932,49.40751037,0,0,1771364227179,False,True
0,1.47932,49.40751037,0,0,1771364227179,False,True
0,1.47932,49.40751037,0,0,1771364227179,False,True
0,1.47932,49.40751037,0,0,1771364227179,False,True
0,1.47932,49.40751037,0,0,1771364227179,False,True
0,1.47932,49.40751037,0,0,1771364227179,False,True
0,1.47932,49.40751037,0,0,1771364227179,False,True
0,1.47932,49.40751037,0,0,1771364227179,False,True
0,1.47932,49.40751037,0,0,1771364227179,False,True
0,1.47932,49.40751037,0,0,1771364227179,False,True
0,1.47932,49.40751037,0,0,1771364227179,False,True
0,1.47932,49.40751037,0,0,1771364227179,False,True
0,1.47932,49.40751037,0,0,1771364227179,False,True
0,1.47932,49.40751037,0,0,1771364227179,False,True
0,1.47932,49.40751037,0,0,1771364227179,False,True
0,1.47932,49.40751037,0,0,1771364227179,False,True
0,1.47932,49.40751037,0,0,1771364227179,False,True
0,1.47932,49.40751037,0,0,1771364227179,False,True
0,1.47932,49.40751037,0,0,1771364227179,False,True
0,1.47932,49.40751037,0,0,1771364227179,False,True
0,1.47932,49.40751037,0,0,1771364227179,False,True
0,1.47932,49.40751037,0,0,1771364227179,False,True
0,1.47932,11933.64299815,0,0,1771364227179,False,True
0,1.47932,609.25215886,0,0,1771364227179,False,True
0,1.47932,903.2379639,0,0,1771364227179,False,True
0,1.47932,522.75090302,0,0,1771364227179,False,True
0,1.47932,49.23512253,0,0,1771364227179,False,True
0,1.47932,1904.68839546,0,0,1771364227179,False,True
0,1.47921,6760.34798642,0,0,1771364227179,False,True
0,1.47902,6759.1711722,0,0,1771364227179,False,True
0,1.47901,4466.9282625,0,0,1771364227179,False,True
0,1.479,3.51681349,0,0,1771364233311,True,True
0,1.479,127.39145,0,0,1771364242005,True,True
0,1.47897,28.70116786,0,0,1771364257371,True,True
0,1.479,7128.82803584,0,0,1771364257371,True,True
0,1.479,11903.05405852,0,0,1771364257372,True,True
0,1.479,7840.90886424,0,0,1771364257380,True,True
0,1.479,6769.55074326,0,0,1771364257391,True,True
0,1.479,7102.14697495,0,0,1771364257460,True,True
0,1.479,10028.27142702,0,0,1771364257462,True,True
0,1.479,6524.60130155,0,0,1771364257470,True,True
0,1.479,56.80995203,0,0,1771364257470,True,True
0,1.479,3709.22899954,0,0,1771364257470,True,True
0,1.479,8224.41399861,0,0,1771364257471,True,True
0,1.479,7130.67767783,0,0,1771364257471,True,True
0,1.479,4802.96532032,0,0,1771364257477,True,True
0,1.479,56.80848646,0,0,1771364257477,True,True
0,1.479,7836.97859852,0,0,1771364257477,True,True
0,1.479,56.92462345,0,0,1771364257488,True,True
0,1.479,4039.73977618,0,0,1771364257518,True,True
0,1.479,752.34658203,0,0,1771364257518,True,True
0,1.479,752.34658203,0,0,1771364257518,True,True
0,1.479,11933.64299815,0,0,1771364257518,True,True
0,1.479,2241.23100724,0,0,1771364257518,True,True
0,1.479,4.4886328,0,0,1771364257518,True,True
0,1.47989,13.31786,0,0,1771364288658,True,True
0,1.47967,3379.11262877,0,0,1771364300919,False,True
0,1.47967,10183.25081515,0,0,1771364300919,False,True
0,1.4796,2817.61108367,0,0,1771364300919,False,True
0,1.47968,35.39314787,0,0,1771364301468,True,True
0,1.47969,1277.48553213,0,0,1771364301468,True,True
0,1.47964,6034.3,0,0,1771364338825,True,True
0,1.47985,4728.6521653,0,0,1771364338825,True,True
0,1.47986,1001.87351365,0,0,1771364338825,True,True
0,1.47987,4556.48800453,0,0,1771364338825,True,True
0,1.47963,14.0,0,0,1771364342126,False,True
0,1.47904,1194.73836,0,0,1771364347282,True,True
0,1.47908,3.0,0,0,1771364359786,False,True
0,1.479,13.1287,0,0,1771364370571,True,True
0,1.47893,202.84935731,0,0,1771364386734,True,True
0,1.47892,3.0,0,0,1771364393883,False,True
0,1.47892,1.69228655,0,0,1771364396194,False,True
0,1.47891,27909.6,0,0,1771364406667,True,True
0,1.47901,29407.2,0,0,1771364406667,True,True
0,1.4792,1452.14754823,0,0,1771364406667,True,True
0,1.47921,261.5625,0,0,1771364406667,True,True
0,1.47931,6.76095027,0,0,1771364406667,True,True
0,1.47932,12058.74224563,0,0,1771364406667,True,True
0,1.47945,6.62915,0,0,1771364411793,True,True
0,1.47984,1503.01291131,0,0,1771364416173,False,True
0,1.48007,2165.1594999,0,0,1771364435922,True,True
0,1.48007,4728.6521653,0,0,1771364435922,True,True
0,1.48007,261.5625,0,0,1771364435922,True,True
0,1.48008,6.75655739,0,0,1771364444986,True,True
0,1.48008,124.51622261,0,0,1771364444986,True,True
0,1.48008,1.65,0,0,1771364455867,True,True
0,1.48008,2000.0,0,0,1771364455867,True,True
0,1.48008,38.99327729,0,0,1771364455867,True,True
0,1.48008,4728.6521653,0,0,1771364455867,True,True
0,1.48008,6.75655739,0,0,1771364455867,True,True
0,1.48008,261.5625,0,0,1771364455867,True,True
0,1.48015,964.03550002,0,0,1771364455867,True,True
0,1.48015,2414.01298551,0,0,1771364455867,True,True
0,1.48023,50.39225887,0,0,1771364455867,True,True
0,1.48023,261.5625,0,0,1771364455867,True,True
0,1.48024,2274.03225562,0,0,1771364455867,True,True
0,1.48024,13.07093,0,0,1771364455867,True,True
0,1.48024,6.13756,0,0,1771364455867,True,True
0,1.48024,138.88920654,0,0,1771364455867,True,True
0,1.48024,225.24207713,0,0,1771364455867,True,True
0,1.48024,300.32278089,0,0,1771364455867,True,True
0,1.48024,150.1613038,0,0,1771364455867,True,True
0,1.48024,225.2419557,0,0,1771364455867,True,True
0,1.48024,300.32233152,0,0,1771364455867,True,True
0,1.48024,75.08092798,0,0,1771364455867,True,True
0,1.48024,451.12887,0,0,1771364455867,True,True
0,1.48024,225.24193833,0,0,1771364455867,True,True
0,1.48024,1389.16011811,0,0,1771364455867,True,True
0,1.48024,981.6515689,0,0,1771364455867,True,True
0,1.48025,2426.3484311,0,0,1771364455867,True,True
0,1.48007,11.304349,0,0,1771364465374,False,True
0,1.48007,23.49493606,0,0,1771364468040,False,True
0,1.48024,9.39169,0,0,1771364471722,True,True
0,1.48112,104.04878131,0,0,1771364480351,True,True
0,1.48139,14.66420687,0,0,1771364482509,False,True
0,1.48145,3368.32385684,0,0,1771364484198,False,True
0,1.48074,2.99639964,0,0,1771364488695,True,True
0,1.48066,66.20693,0,0,1771364497978,True,True
0,1.48074,327.82734,0,0,1771364514231,True,True
0,1.48073,8.09722062,0,0,1771364515800,True,True
0,1.48131,594.18107668,0,0,1771364525583,True,True
0,1.48111,4727.7951598,0,0,1771364535444,True,True
0,1.48111,261.5625,0,0,1771364535444,True,True
0,1.48112,2749.60829378,0,0,1771364535444,True,True
0,1.48114,3375.78156969,0,0,1771364535444,True,True
0,1.4812,1566.88653186,0,0,1771364535444,True,True
0,1.48094,2.0,0,0,1771364538442,False,True
0,1.48107,1059.36004379,0,0,1771364552754,True,True
0,1.48107,216.14001621,0,0,1771364552754,True,True
0,1.48099,261.5625,0,0,1771364564215,True,True
0,1.48099,4724.3478164,0,0,1771364564215,True,True
0,1.481,3376.10233789,0,0,1771364564215,True,True
0,1.481,11037.6773948,0,0,1771364573841,False,True
0,1.481,8052.21406974,0,0,1771364573842,False,True
0,1.48057,5.0,0,0,1771364581771,False,True
0,1.4806,69.93773238,0,0,1771364595386,False,True
0,1.48059,1956.29523037,0,0,1771364595386,False,True
0,1.48127,3.0,0,0,1771364613246,False,True
0,1.4814,189.07593,0,0,1771364627658,True,True
0,1.48158,69.93773238,0,0,1771364649258,True,True
0,1.48159,93.49406762,0,0,1771364649258,True,True
0,1.48149,613.22009314,0,0,1771364656324,False,True
0,1.48149,4.67559519,0,0,1771364656724,False,True
0,1.48149,390.0,0,0,1771364658746,False,True
0,1.48159,4629.91737248,0,0,1771364665644,True,True
0,1.48159,261.5625,0,0,1771364665644,True,True
0,1.4816,1500.0,0,0,1771364665644,True,True
0,1.48174,6748.83086693,0,0,1771364665644,True,True
0,1.48179,13738.72794861,0,0,1771364665644,True,True
0,1.48142,1.57691244,0,0,1771364691857,False,True
0,1.48225,3.0,0,0,1771364706597,False,True
0,1.48232,209.810811,0,0,1771364708942,False,True
0,1.48254,261.5625,0,0,1771364713365,True,True
0,1.48259,392.18677,0,0,1771364713365,True,True
0,1.48233,339.44331296,0,0,1771364715972,False,True
0,1.48222,22.46261,0,0,1771364721306,False,True
0,1.4825,12.01729,0,0,1771364722022,True,True
0,1.48245,65.48763,0,0,1771364723552,True,True
0,1.48247,5.0,0,0,1771364738847,False,True
0,1.48226,50.75877508,0,0,1771364757581,False,True
0,1.48225,18.89850492,0,0,1771364757581,False,True
0,1.48254,1034.75146,0,0,1771364761623,False,True
0,1.48217,261.5625,0,0,1771364786894,True,True
0,1.48219,19.94253965,0,0,1771364786894,True,True
0,1.48226,372.31583035,0,0,1771364786894,True,True
0,1.48176,261.5625,0,0,1771364796043,False,True
0,1.48176,62.72775,0,0,1771364798340,True,True
0,1.48172,6.0,0,0,1771364800582,False,True
0,1.4818,100.0,0,0,1771364807477,False,True
0,1.48183,3374.20023593,0,0,1771364812002,False,True
0,1.48176,299.40977274,0,0,1771364826940,True,True
0,1.48176,2141.91729271,0,0,1771364826948,True,True
0,1.48264,12.07980359,0,0,1771364831809,True,True
0,1.48261,75.0,0,0,1771364834843,True,True
0,1.48264,3.83688225,0,0,1771364837735,True,True
0,1.48278,80.0,0,0,1771364840975,False,True
0,1.48386,2.42787197,0,0,1771364844993,True,True
0,1.48386,6.3126,0,0,1771364849129,True,True
0,1.48471,26.34845,0,0,1771364887485,True,True
0,1.48456,20.0,0,0,1771364892592,False,True
0,1.48433,19.57034,0,0,1771364913191,True,True
0,1.48435,6.63574,0,0,1771364925455,True,True
0,1.48404,16.47233,0,0,1771364927063,True,True
0,1.48404,12.94026422,0,0,1771364929445,True,True
0,1.48404,0.93403,0,0,1771364930035,True,True
0,1.48404,300.38501656,0,0,1771364930331,True,True
0,1.48404,300.32265928,0,0,1771364930369,True,True
0,1.48404,225.24195663,0,0,1771364930372,True,True
0,1.48404,150.16130442,0,0,1771364930372,True,True
0,1.48404,75.08065221,0,0,1771364930372,True,True
0,1.48404,75.08065221,0,0,1771364930375,True,True
0,1.48404,150.16130442,0,0,1771364930402,True,True
0,1.48404,3254.77081404,0,0,1771364930416,True,True
0,1.48466,16.26958375,0,0,1771364934419,False,True
0,1.48481,3555.0934328,0,0,1771364941047,False,True
0,1.48398,10.0,0,0,1771364956553,False,True
0,1.48378,1.86177667,0,0,1771364963182,True,True
0,1.48359,3370.2022722,0,0,1771364985984,False,True
0,1.48352,2809.89875832,0,0,1771364985984,False,True
0,1.48323,763.87428202,0,0,1771364988197,True,True
0,1.48264,2.88231129,0,0,1771365008006,False,True
0,1.48178,6.74864014,0,0,1771365036945,False,True
0,1.48177,93.25135986,0,0,1771365036945,False,True
0,1.48145,2.83235794,0,0,1771365067160,False,True
0,1.48209,6.74722858,0,0,1771365101240,True,True
0,1.48208,5.27552934,0,0,1771365103500,False,True
0,1.4824,31.00580398,0,0,1771365108139,True,True
0,1.48241,3372.88604367,0,0,1771365108139,True,True
0,1.48243,12.0,0,0,1771365108139,True,True
0,1.48252,983.57685235,0,0,1771365108139,True,True
0,1.48194,98.00484,0,0,1771365115074,True,True
0,1.48208,50.0,0,0,1771365116620,True,True
0,1.48222,6.7466368,0,0,1771365163062,True,True
0,1.48204,196.04538,0,0,1771365166672,True,True
0,1.48238,1.34591,0,0,1771365204600,True,True
0,1.482,20242.91497976,0,0,1771365225679,True,True
0,1.48165,674.68643947,0,0,1771365238920,True,True
0,1.48163,1.87749136,0,0,1771365241454,False,True
0,1.48154,136.76402,0,0,1771365256138,True,True
0,1.48154,13.23477,0,0,1771365264933,True,True
0,1.48154,12.41839,0,0,1771365264946,True,True
0,1.48165,66.81687,0,0,1771365276986,True,True
0,1.48174,70.64878,0,0,1771365294951,True,True
0,1.4816,1.33653,0,0,1771365300050,True,True
0,1.48192,125.64428,0,0,1771365313918,True,True
0,1.48179,11087.17341832,0,0,1771365322041,True,True
0,1.48179,10701.1444065,0,0,1771365322303,True,True
0,1.48179,5620.98296796,0,0,1771365322339,True,True
0,1.48237,31.08467022,0,0,1771365325875,False,True
0,1.48237,325.49908978,0,0,1771365325875,False,True
0,1.48238,35.0,0,0,1771365326859,True,True
0,1.48274,44.19416,0,0,1771365326859,True,True
0,1.48274,168.60676855,0,0,1771365326894,True,True
0,1.48265,26.6538,0,0,1771365335570,False,True
0,1.48265,8.73934787,0,0,1771365336139,False,True
0,1.48264,16.26065213,0,0,1771365336139,False,True
0,1.48235,101.0,0,0,1771365374487,True,True
0,1.48282,300.0,0,0,1771365380836,True,True
0,1.48311,2.05399,0,0,1771365388116,True,True
0,1.4831,2000.0,0,0,1771365390806,False,True
0,1.48286,1371.31683635,0,0,1771365390806,False,True
0,1.48277,1.46979,0,0,1771365418302,True,True
0,1.48348,86.74654478,0,0,1771365428534,False,True
0,1.4833,2000.0,0,0,1771365444591,False,True
0,1.48305,3056.29339985,0,0,1771365444591,False,True
0,1.48325,317.9293,0,0,1771365453916,True,True
0,1.48298,39.17551,0,0,1771365473136,True,True
0,1.48326,0.66423,0,0,1771365482035,True,True
0,1.4836,6.52894,0,0,1771365510644,True,True
0,1.48397,282.70179,0,0,1771365541182,True,True
0,1.484,12.83626158,0,0,1771365541740,True,True
0,1.48366,11.65540522,0,0,1771365544364,True,True
0,1.48366,12.6993946,0,0,1771365545823,True,True
0,1.4834,2000.0,0,0,1771365561826,False,True
0,1.48333,10274.47406511,0,0,1771365561826,False,True
0,1.48332,3370.79761524,0,0,1771365561826,False,True
0,1.48326,12274.7,0,0,1771365561826,False,True
0,1.48323,6741.99882483,0,0,1771365561826,False,True
0,1.48318,1735.85062736,0,0,1771365561826,False,True
0,1.48314,4466.9282625,0,0,1771365561826,False,True
0,1.48307,4716.3273207,0,0,1771365561826,False,True
0,1.48306,261.5625,0,0,1771365561826,False,True
0,1.48304,23907.53646723,0,0,1771365561826,False,True
0,1.48342,20.2,0,0,1771365594046,True,True
0,1.48321,12.68322,0,0,1771365601781,True,True
0,1.48322,6.74208815,0,0,1771365631993,False,True
0,1.48321,261.5625,0,0,1771365631993,False,True
0,1.4832,420.81443185,0,0,1771365631993,False,True
0,1.48318,78.001,0,0,1771365639271,False,True
0,1.48326,6.74230078,0,0,1771365646626,True,True
0,1.48326,9.58174922,0,0,1771365646626,True,True
0,1.48328,2.17856,0,0,1771365647490,True,True
0,1.48291,175.0,0,0,1771365652899,False,True
0,1.48291,499.3497582,0,0,1771365666022,False,True
0,1.48204,9831.36090166,0,0,1771365666906,False,True
0,1.48204,3557.1279131,0,0,1771365666906,False,True
0,1.48188,261.5625,0,0,1771365666906,False,True
0,1.48186,1157.23375158,0,0,1771365666906,False,True
0,1.48173,261.5625,0,0,1771365666906,False,True
0,1.48171,1818.10660525,0,0,1771365666906,False,True
0,1.48171,2648.82165725,0,0,1771365666906,False,True
0,1.48163,464.22417116,0,0,1771365666906,False,True
0,1.48163,3504.29060148,0,0,1771365666906,False,True
0,1.48156,261.5625,0,0,1771365666906,False,True
0,1.48155,772.61046769,0,0,1771365666906,False,True
0,1.48152,10.0,0,0,1771365666906,False,True
0,1.48141,261.5625,0,0,1771365666906,False,True
0,1.48137,2745.57302836,0,0,1771365666906,False,True
0,1.48126,261.5625,0,0,1771365666906,False,True
0,1.48111,261.5625,0,0,1771365666906,False,True
0,1.48108,9.24716,0,0,1771365666906,False,True
0,1.48106,10188.2827222,0,0,1771365666906,False,True
0,1.481,1.65,0,0,1771365666906,False,True
0,1.481,726.516,0,0,1771365666906,False,True
0,1.48096,261.5625,0,0,1771365666906,False,True
0,1.4809,734.01752027,0,0,1771365666906,False,True
0,1.4809,38.59294742,0,0,1771365666906,False,True
0,1.48081,261.5625,0,0,1771365666906,False,True
0,1.48066,261.5625,0,0,1771365666906,False,True
0,1.48057,4167.28205258,0,0,1771365666906,False,True
0,1.48057,4729.0,0,0,1771365666906,False,True
0,1.48057,10505.58007331,0,0,1771365666906,False,True
0,1.48057,36.4199266,0,0,1771365666906,False,True
0,1.48057,1705.31252212,0,0,1771365666906,False,True
0,1.48051,261.5625,0,0,1771365666906,False,True
0,1.4805,33736.40229434,0,0,1771365666906,False,True
0,1.48044,359.54680535,0,0,1771365666906,False,True
0,1.48036,261.5625,0,0,1771365666906,False,True
0,1.48036,5.4,0,0,1771365666906,False,True
0,1.48021,261.5625,0,0,1771365666906,False,True
0,1.48012,3020.51819187,0,0,1771365666906,False,True
0,1.48012,9.1247348,0,0,1771365666906,False,True
0,1.48012,15.44717408,0,0,1771365666906,False,True
0,1.48012,363.56077744,0,0,1771365666906,False,True
0,1.48184,39.28225,0,0,1771365675864,True,True
0,1.48165,13.09314,0,0,1771365684410,True,True
0,1.48165,21130.50143461,0,0,1771365684601,True,True
0,1.48255,17.86561,0,0,1771365689850,True,True
0,1.48231,468.70248,0,0,1771365692728,False,True
0,1.48275,63.31944,0,0,1771365722624,True,True
0,1.4824,59.28082439,0,0,1771365732307,False,True
0,1.48239,992.59668494,0,0,1771365732307,False,True
0,1.48277,6.61212,0,0,1771365741734,True,True
0,1.48342,25.42073,0,0,1771365772202,True,True
0,1.48399,16.84647471,0,0,1771365779232,True,True
0,1.48392,10.14906,0,0,1771365800908,False,True
0,1.48384,165.0,0,0,1771365809556,False,True
0,1.48364,4.60206409,0,0,1771365817520,False,True
0,1.48379,4.01674091,0,0,1771365819547,True,True
0,1.48341,261.43171874,0,0,1771365851546,True,True
0,1.48315,162.23728085,0,0,1771365859862,True,True
0,1.48311,23.18346625,0,0,1771365859920,True,True
0,1.4831,6.74882008,0,0,1771365864747,True,True
0,1.4831,15.8957762,0,0,1771365864747,True,True
0,1.48303,42.54228,0,0,1771365865552,True,True
0,1.483,3.90411712,0,0,1771365870369,False,True
0,1.48301,7.78331375,0,0,1771365871969,True,True
0,1.48301,261.42782709,0,0,1771365871969,True,True
0,1.48301,62.84396,0,0,1771365878511,True,True
0,1.48301,33.05413,0,0,1771365883813,True,True
0,1.48301,327.33218,0,0,1771365886975,True,True
0,1.48301,4295.2697614,0,0,1771365887165,True,True
0,1.48301,772.46272555,0,0,1771365887165,True,True
0,1.48301,13776.25168938,0,0,1771365887165,True,True
0,1.48306,48.73403,0,0,1771365894769,False,True
0,1.48319,22.31125123,0,0,1771365897564,True,True
0,1.48311,6.19029557,0,0,1771365900768,False,True
0,1.4832,13.05991,0,0,1771365903436,True,True
0,1.48312,37.162162,0,0,1771365903985,False,True
0,1.4832,122.03306,0,0,1771365907414,True,True
0,1.4832,16.177875,0,0,1771365909079,True,True
0,1.48321,8.75128943,0,0,1771365922409,True,True
0,1.4832,29.66258806,0,0,1771365931363,True,True
0,1.48285,505.78278315,0,0,1771365938566,True,True
0,1.48281,666.66666666,0,0,1771365944342,False,True
0,1.48272,1333.33333334,0,0,1771365944342,False,True
0,1.4832,9.17777952,0,0,1771365953255,True,True
0,1.48321,154.66816048,0,0,1771365953255,True,True
0,1.48309,7.0,0,0,1771365954203,False,True
0,1.48336,31.33667,0,0,1771365959038,True,True
0,1.48333,52.5330937,0,0,1771365969150,False,True
0,1.48332,5307.4669063,0,0,1771365969150,False,True
0,1.48337,2.55852217,0,0,1771365977062,False,True
0,1.4836,97.918,0,0,1771365986928,True,True
0,1.48331,1000.0,0,0,1771365986982,False,True
0,1.48298,2.407315,0,0,1771365989057,False,True
0,1.48269,13.97655823,0,0,1771365989057,False,True
0,1.4827,15.54342,0,0,1771365995395,True,True
0,1.48269,4.2766438,0,0,1771365996168,False,True
0,1.48211,307.4862459,0,0,1771365999007,False,True
0,1.48191,20.0,0,0,1771366004145,False,True
0,1.48191,2664.56465199,0,0,1771366005659,False,True
0,1.48131,2.4,0,0,1771366020882,True,True
0,1.48127,6.74267913,0,0,1771366021517,True,True
0,1.48122,594.18107668,0,0,1771366034386,False,True
0,1.48118,102.708685,0,0,1771366034846,False,True
0,1.48131,32.69188,0,0,1771366037039,True,True
0,1.48173,9.00022164,0,0,1771366066415,True,True
0,1.48196,3.37391022,0,0,1771366066415,True,True
0,1.48204,0.85819814,0,0,1771366066415,True,True
0,1.4819,11.81735,0,0,1771366069022,False,True
0,1.48214,6.61359,0,0,1771366104305,True,True
0,1.48223,34.18436866,0,0,1771366106278,True,True
0,1.48232,1184.40689547,0,0,1771366106278,True,True
0,1.48233,6781.40873587,0,0,1771366106278,True,True
0,1.48312,13.19217,0,0,1771366122695,True,True
0,1.48297,26.37758,0,0,1771366149658,True,True
0,1.48326,11.93639458,0,0,1771366152994,True,True
0,1.48261,261.5625,0,0,1771366170331,True,True
0,1.48264,738.4375,0,0,1771366170331,True,True
0,1.48261,6.61261,0,0,1771366174105,True,True
0,1.48261,6.61261,0,0,1771366182979,True,True
0,1.4826,40.0,0,0,1771366191776,False,True
0,1.4826,0.39886174,0,0,1771366192160,False,True
0,1.48159,261.5625,0,0,1771366195635,True,True
0,1.48159,738.4375,0,0,1771366195635,True,True
0,1.48131,10.4613,0,0,1771366215609,True,True
0,1.48256,6.61837,0,0,1771366219957,True,True
0,1.48219,15.59103,0,0,1771366257708,True,True
0,1.48209,1.53906,0,0,1771366265967,False,True
0,1.48175,7.0,0,0,1771366271808,True,True
0,1.48255,7.58991,0,0,1771366279348,True,True
0,1.48251,13.10416,0,0,1771366288280,True,True
0,1.482,1550.0,0,0,1771366288619,False,True
0,1.482,2916.9282625,0,0,1771366288620,False,True
0,1.482,402.9947375,0,0,1771366288620,False,True
0,1.482,687.88091481,0,0,1771366288620,False,True
0,1.48198,2753.1493,0,0,1771366288621,False,True
0,1.48198,1550.0,0,0,1771366288621,False,True
0,1.48198,862.1191,0,0,1771366288621,False,True
0,1.48198,1580.38337211,0,0,1771366288622,False,True
0,1.48193,683.03332789,0,0,1771366288622,False,True
0,1.48199,472.1,0,0,1771366288772,False,True
0,1.48079,261.5625,0,0,1771366289355,True,True
0,1.48097,261.5625,0,0,1771366289355,True,True
0,1.48104,131.68065,0,0,1771366289355,True,True
0,1.48087,6.64451,0,0,1771366290884,True,True
0,1.4815,1349.98312521,0,0,1771366300018,True,True
0,1.48147,39.60884,0,0,1771366303640,True,True
0,1.48126,15.56566,0,0,1771366307038,True,True
0,1.48114,32.85869,0,0,1771366310152,False,True
0,1.48137,278.11927,0,0,1771366340063,False,True
0,1.48145,68.03899,0,0,1771366349041,True,True
0,1.48151,16.79049,0,0,1771366356991,True,True
0,1.48131,198.4405,0,0,1771366364434,True,True
0,1.48111,261.5625,0,0,1771366382507,True,True
0,1.48112,261.5625,0,0,1771366382507,True,True
0,1.48113,139.51823,0,0,1771366382507,True,True
0,1.48111,11.12506,0,0,1771366402774,False,True
0,1.48144,13.2033,0,0,1771366422691,True,True
0,1.48156,15.22101,0,0,1771366430399,True,True
0,1.48128,9.80763,0,0,1771366452596,True,True
0,1.48068,23.0564634,0,0,1771366471508,False,True
0,1.48,1.65,0,0,1771366480128,False,True
0,1.48,98.35,0,0,1771366480128,False,True
0,1.48001,13.83688587,0,0,1771366483967,True,True
0,1.48001,12.56391354,0,0,1771366486702,True,True
0,1.48001,12.03639765,0,0,1771366492166,True,True
0,1.48001,13.986021,0,0,1771366496251,True,True
0,1.48001,11.90807886,0,0,1771366497064,True,True
0,1.48001,13.25586999,0,0,1771366498901,True,True
0,1.48,310.0,0,0,1771366502490,False,True
0,1.48001,12.97466925,0,0,1771366503698,True,True
0,1.48001,3.37391022,0,0,1771366503930,True,True
0,1.48001,11.78108053,0,0,1771366507105,True,True
0,1.48001,11.53111773,0,0,1771366508335,True,True
0,1.48001,12.29734058,0,0,1771366509679,True,True
0,1.48001,940.25040371,0,0,1771366512013,True,True
0,1.48,0.65,0,0,1771366512521,False,True
0,1.479,1.65,0,0,1771366514777,False,True
0,1.47887,33808.35,0,0,1771366514777,False,True
0,1.47888,12.42989609,0,0,1771366516245,True,True
0,1.47888,12.16617408,0,0,1771366517401,True,True
0,1.47888,13.54324462,0,0,1771366517775,True,True
0,1.47888,13.6892929,0,0,1771366518932,True,True
0,1.47887,1.24786865,0,0,1771366521722,False,True
0,1.47882,999.99999995,0,0,1771366521722,False,True
0,1.47872,14.13678959,0,0,1771366521726,True,True
0,1.47863,13.11453954,0,0,1771366524397,True,True
0,1.47863,13.39882777,0,0,1771366525717,True,True
0,1.47862,15.40298719,0,0,1771366528392,False,True
0,1.47862,14.44323062,0,0,1771366529874,False,True
0,1.47862,49.6729513,0,0,1771366531724,False,True
0,1.478,1.65,0,0,1771366539837,False,True
0,1.47724,1.92445,0,0,1771366543270,False,True
0,1.47753,101.5207813,0,0,1771366546566,True,True
0,1.47744,96.31539,0,0,1771366546934,True,True
0,1.47743,8.55805,0,0,1771366550131,True,True
0,1.47765,16.75362,0,0,1771366554026,True,True
0,1.47781,100.0,0,0,1771366558041,True,True
0,1.47834,8.5472274,0,0,1771366564168,True,True
0,1.47856,16.7027726,0,0,1771366564168,True,True
0,1.47873,42.01931961,0,0,1771366568601,False,True
0,1.47912,69.13408,0,0,1771366600646,False,True
0,1.47925,1118.21274,0,0,1771366614370,True,True
0,1.47924,6.72705,0,0,1771366619933,True,True
0,1.47875,10.14370246,0,0,1771366626504,False,True
0,1.47868,15.79796367,0,0,1771366626504,False,True
0,1.47849,229.3657955,0,0,1771366626504,False,True
0,1.47848,373.5,0,0,1771366626504,False,True
0,1.47842,11.65811837,0,0,1771366626504,False,True
0,1.47842,12.59931,0,0,1771366635627,True,True
0,1.47842,16.82582,0,0,1771366641836,True,True
0,1.47846,27.04895862,0,0,1771366652023,True,True
0,1.47873,13.19203,0,0,1771366667354,True,True
0,1.47874,18.38527,0,0,1771366667767,True,True
0,1.47918,25.40083,0,0,1771366674008,True,True
0,1.47918,65.65503,0,0,1771366674738,True,True
0,1.47919,3.2828,0,0,1771366677628,True,True
0,1.479,1000.0,0,0,1771366680460,False,True
0,1.47926,31.42906,0,0,1771366683002,True,True
0,1.47936,32.82752,0,0,1771366692149,True,True
0,1.47934,12.09080491,0,0,1771366706447,True,True
0,1.47935,19.32533509,0,0,1771366706447,True,True
0,1.4794,20.56083,0,0,1771366711422,True,True
0,1.4794,60.48025,0,0,1771366712480,True,True
0,1.4794,7.73028,0,0,1771366718588,True,True
0,1.47987,26.50712,0,0,1771366725590,True,True
0,1.48027,91.66783,0,0,1771366733291,True,True
0,1.48058,549.035,0,0,1771366744559,True,True
0,1.47997,290.59874863,0,0,1771366796531,True,True
0,1.4804,147.0,0,0,1771366808726,True,True
0,1.48135,104.43372,0,0,1771366821861,True,True
0,1.48113,13.6966633,0,0,1771366825009,False,True
0,1.48076,6.75093502,0,0,1771366826382,True,True
0,1.48099,6.75262293,0,0,1771366830988,True,True
0,1.481,4.23663707,0,0,1771366830988,True,True
0,1.48099,6.75262167,0,0,1771366832032,True,True
0,1.481,56.17450833,0,0,1771366832032,True,True
0,1.48048,6.75389395,0,0,1771366845311,True,True
0,1.4805,351.81197762,0,0,1771366845311,True,True
0,1.48047,9.00131531,0,0,1771366848926,False,True
0,1.47995,6.75389401,0,0,1771366855023,True,True
0,1.47996,57.78956599,0,0,1771366855023,True,True
0,1.47931,666.08242,0,0,1771366883893,True,True
0,1.4793,128.226072,0,0,1771366884165,False,True
0,1.47925,6.69298,0,0,1771366887496,True,True
0,1.47924,7.30104648,0,0,1771366889336,False,True
0,1.47892,1000.0,0,0,1771366897034,False,True
0,1.47842,1.14644,0,0,1771366908522,True,True
0,1.47841,8.36033,0,0,1771366911170,False,True
0,1.47841,32.22380801,0,0,1771366927860,False,True
0,1.47778,140.11101,0,0,1771366933202,True,True
0,1.47778,3.55450431,0,0,1771366933783,True,True
0,1.47785,14.44363,0,0,1771366942527,False,True
0,1.47796,164.41687,0,0,1771366960754,True,True
0,1.47792,5.45346288,0,0,1771366963313,True,True
0,1.47749,1.62728,0,0,1771366966112,True,True
0,1.47747,13.10621,0,0,1771366967587,True,True
0,1.47734,69.53968,0,0,1771366972448,True,True
0,1.47736,13.10621,0,0,1771366977563,True,True
0,1.47724,13.11163,0,0,1771366991672,True,True
0,1.47724,144.05586,0,0,1771366996271,True,True
0,1.47724,131.44429,0,0,1771366996367,True,True
0,1.47724,94.47342,0,0,1771367002309,True,True
0,1.47724,273.73008,0,0,1771367005597,True,True
0,1.47787,37.78716,0,0,1771367015295,True,True
0,1.47786,3.48477,0,0,1771367021255,False,True
0,1.47787,98.54529,0,0,1771367022874,True,True
0,1.47769,78.83295,0,0,1771367027005,True,True
0,1.47764,9.42004418,0,0,1771367043823,False,True
0,1.47784,14.16364,0,0,1771367052527,True,True
0,1.47731,621.36453399,0,0,1771367065347,False,True
0,1.47731,7.19690672,0,0,1771367068162,False,True
0,1.47722,1008.18958322,0,0,1771367068162,False,True
0,1.47805,26.21154,0,0,1771367083898,True,True
0,1.47801,99.55713,0,0,1771367103414,True,True
0,1.47731,13.53811996,0,0,1771367125320,False,True
0,1.4773,6.57195,0,0,1771367133407,True,True
0,1.47742,32.85707,0,0,1771367146608,True,True
0,1.47702,1000.0,0,0,1771367169742,False,True
0,1.47701,80.9,0,0,1771367172767,True,True
0,1.47701,1619.5,0,0,1771367172771,True,True
0,1.4775,3.59347652,0,0,1771367173857,True,True
0,1.47705,101.61166,0,0,1771367176146,True,True
0,1.47705,6.14197,0,0,1771367178864,True,True
0,1.47705,230.44802,0,0,1771367179581,True,True
0,1.477,1.65,0,0,1771367195621,False,True
0,1.47675,164.33094,0,0,1771367199326,True,True
0,1.47674,7.54916073,0,0,1771367202109,False,True
0,1.47642,507.98553257,0,0,1771367204933,True,True
0,1.47639,18.30308687,0,0,1771367212827,False,True
0,1.47641,16.80427523,0,0,1771367214109,True,True
0,1.47637,33.85240352,0,0,1771367221506,True,True
0,1.47637,13.11109,0,0,1771367222684,True,True
0,1.47656,33.8624912,0,0,1771367227137,True,True
0,1.47656,6.09524842,0,0,1771367234187,True,True
0,1.47654,6.09533098,0,0,1771367240575,True,True
0,1.47654,3.93565,0,0,1771367240578,True,True
0,1.47654,6.22149,0,0,1771367253763,True,True
0,1.47653,261.5625,0,0,1771367258215,False,True
0,1.47653,403.50221473,0,0,1771367258215,False,True
0,1.47672,352.7295806,0,0,1771367260976,False,True
0,1.47676,300.49258,0,0,1771367268520,True,True
0,1.47676,289.00685,0,0,1771367270126,True,True
0,1.47653,24.27519282,0,0,1771367284393,False,True
0,1.47678,3.63054198,0,0,1771367293486,True,True
0,1.47681,1.17867,0,0,1771367295436,True,True
0,1.47681,28.28393632,0,0,1771367296370,True,True
0,1.47667,0.66392,0,0,1771367309034,True,True
0,1.47714,4738.6140405,0,0,1771367327230,True,True
0,1.47714,3384.92602747,0,0,1771367327230,True,True
0,1.47715,6046.8,0,0,1771367327230,True,True
0,1.47716,17022.70775437,0,0,1771367327230,True,True
0,1.4772,29451.3,0,0,1771367327230,True,True
0,1.47722,1692.71185982,0,0,1771367327230,True,True
0,1.47727,3492.29572784,0,0,1771367327230,True,True
0,1.47752,164.29312,0,0,1771367352918,True,True
0,1.47735,34.345639,0,0,1771367353342,False,True
0,1.4779,1.0315,0,0,1771367394706,True,True
0,1.4779,0.6185,0,0,1771367396032,True,True
0,1.47811,65.709,0,0,1771367396032,True,True
0,1.47836,1.65,0,0,1771367404925,True,True
0,1.47878,6.76479311,0,0,1771367404925,True,True
0,1.47879,30.89985689,0,0,1771367404925,True,True
0,1.47871,1.32307,0,0,1771367407703,True,True
0,1.47745,6.76671518,0,0,1771367413378,True,True
0,1.47762,24.68089482,0,0,1771367413378,True,True
0,1.47744,6.76671643,0,0,1771367423830,True,True
0,1.47744,190.57754157,0,0,1771367423830,True,True
0,1.47743,9.02031487,0,0,1771367432577,False,True
0,1.47728,6.76919744,0,0,1771367432577,False,True
0,1.47728,69.7089352,0,0,1771367432577,False,True
0,1.47728,259.29400249,0,0,1771367432577,False,True
0,1.4775,0.68384,0,0,1771367448516,True,True
0,1.47773,6.76879861,0,0,1771367458540,True,True
0,1.47774,6.34838139,0,0,1771367458540,True,True
0,1.47745,2.47280898,0,0,1771367475271,True,True
0,1.47752,376.93187,0,0,1771367489242,True,True
0,1.47751,2.0,0,0,1771367499037,True,True
0,1.47744,4736.0407582,0,0,1771367512872,True,True
0,1.47745,3384.20961841,0,0,1771367512872,True,True
0,1.47751,32.85551,0,0,1771367520256,True,True
0,1.4775,7372.10555919,0,0,1771367521416,False,True
0,1.4775,155.06829785,0,0,1771367521416,False,True
0,1.4775,155.06829785,0,0,1771367521416,False,True
0,1.4775,155.06829785,0,0,1771367521416,False,True
0,1.4775,155.06829785,0,0,1771367521416,False,True
0,1.4775,155.06829785,0,0,1771367521416,False,True
0,1.4775,155.06829785,0,0,1771367521416,False,True
0,1.4775,155.06829785,0,0,1771367521416,False,True
0,1.4775,155.06829785,0,0,1771367521416,False,True
0,1.47687,22.16596,0,0,1771367521830,True,True
0,1.47677,30.0,0,0,1771367526670,False,True
0,1.47745,30.47170195,0,0,1771367535626,False,True
0,1.47745,500.0,0,0,1771367539233,False,True
0,1.47746,1.65,0,0,1771367541098,True,True
0,1.47809,39.92004999,0,0,1771367541407,False,True
0,1.47816,1.65,0,0,1771367542034,True,True
0,1.4784,300.0,0,0,1771367542034,True,True
0,1.47858,70.78629573,0,0,1771367542034,True,True
0,1.47859,613.45591427,0,0,1771367542034,True,True
0,1.47852,4.53544004,0,0,1771367610717,False,True
0,1.47853,91.09284,0,0,1771367613923,False,True
0,1.47872,65.66302,0,0,1771367615298,True,True
0,1.47853,8.06082,0,0,1771367619809,False,True
0,1.47873,14.80522,0,0,1771367625085,True,True
0,1.47874,6.30053788,0,0,1771367629091,True,True
0,1.47874,289.18307212,0,0,1771367629091,True,True
0,1.47875,203.03916,0,0,1771367644193,True,True
0,1.47874,65.49606,0,0,1771367652999,True,True
0,1.47875,65.53414,0,0,1771367661969,True,True
0,1.47801,13.46439,0,0,1771367674125,True,True
0,1.47801,25.49487,0,0,1771367676840,True,True
0,1.47801,6.15496,0,0,1771367683190,True,True
0,1.478,1.65,0,0,1771367686973,False,True
0,1.47788,9.01708173,0,0,1771367688016,False,True
0,1.47701,1.30181921,0,0,1771367697026,True,True
0,1.47714,16.42064,0,0,1771367704944,True,True
0,1.47714,7.33850549,0,0,1771367706752,True,True
0,1.47715,33.18436,0,0,1771367711273,True,True
0,1.47755,31.91944,0,0,1771367727604,True,True
0,1.47755,38.53138,0,0,1771367733759,True,True
0,1.47732,8.0,0,0,1771367741479,False,True
0,1.47743,305.63381,0,0,1771367743376,True,True
0,1.47732,690.71794403,0,0,1771367743676,False,True
0,1.47732,78.14451597,0,0,1771367743676,False,True
0,1.477,1.65,0,0,1771367755102,False,True
0,1.47642,39.45412,0,0,1771367778491,True,True
0,1.47642,35.08894,0,0,1771367783371,True,True
0,1.47684,78.93914,0,0,1771367792211,True,True
0,1.47687,609.66680789,0,0,1771367795114,False,True
0,1.47677,2906.3556931,0,0,1771367795114,False,True
0,1.47793,1.65,0,0,1771367815364,True,True
0,1.478,153.2107597,0,0,1771367815364,True,True
0,1.478,225.23131647,0,0,1771367815442,True,True
0,1.478,225.23128574,0,0,1771367815485,True,True
0,1.478,112.90422046,0,0,1771367815584,True,True
0,1.478,1751.3080142,0,0,1771367815584,True,True
0,1.478,1028.61789994,0,0,1771367815584,True,True
0,1.47832,1.65,0,0,1771367817000,True,True
0,1.47939,1.65,0,0,1771367825756,True,True
0,1.47956,3.70427,0,0,1771367825756,True,True
0,1.47957,12.46068,0,0,1771367838485,True,True
0,1.47938,20.573673,0,0,1771367840882,False,True
0,1.47938,37.98869486,0,0,1771367841891,False,True
0,1.47937,96.64599514,0,0,1771367841891,False,True
0,1.47912,25.26176,0,0,1771367862190,False,True
0,1.47934,13.09416,0,0,1771367866874,True,True
0,1.47945,41.23153875,0,0,1771367881339,True,True
0,1.4798,1.65,0,0,1771367889037,True,True
0,1.47994,58.56236786,0,0,1771367889037,True,True
0,1.47995,6.68903214,0,0,1771367889037,True,True
0,1.47995,7.52255,0,0,1771367896136,True,True
0,1.47981,273.42349,0,0,1771367898387,False,True
0,1.47939,63.24008,0,0,1771367903541,True,True
0,1.47953,9.99483,0,0,1771367906402,True,True
0,1.479,3.0,0,0,1771367915596,False,True
0,1.479,6.0102266,0,0,1771367918391,False,True
0,1.47888,1353.20642703,0,0,1771367918391,False,True
0,1.47898,8.10028,0,0,1771367921492,True,True
0,1.47841,6.26625902,0,0,1771367936058,True,True
0,1.47809,663.08458,0,0,1771367942703,True,True
0,1.47809,12.60238,0,0,1771367944656,True,True
0,1.47809,6.63279,0,0,1771367958772,True,True
0,1.47799,6.246,0,0,1771367967692,True,True
0,1.47798,65.38987,0,0,1771367973620,True,True
0,1.47719,70.78629573,0,0,1771367984503,False,True
0,1.47718,1357.45815887,0,0,1771367984503,False,True
0,1.4766,5.35990452,0,0,1771367989868,False,True
0,1.47674,6.31311,0,0,1771368001867,True,True
0,1.47708,46.1129569,0,0,1771368009432,True,True
0,1.47709,6.77113167,0,0,1771368009432,True,True
0,1.4771,12.69712143,0,0,1771368009432,True,True
0,1.47837,24.67333883,0,0,1771368024966,True,True
0,1.47838,6.76712323,0,0,1771368024966,True,True
0,1.47839,433.55953794,0,0,1771368024966,True,True
0,1.4785,66.30992,0,0,1771368039829,True,True
0,1.47872,16.90651374,0,0,1771368057165,True,True
0,1.47784,135.33264765,0,0,1771368080509,True,True
0,1.47727,10.5,0,0,1771368096845,False,True
0,1.47758,2.34044,0,0,1771368104947,True,True
0,1.47738,135.37478509,0,0,1771368107843,True,True
0,1.47743,2.7074224,0,0,1771368132120,True,True
0,1.47726,27.07697306,0,0,1771368154686,True,True
0,1.4774,50.3076,0,0,1771368164549,True,True
0,1.47722,2.75994098,0,0,1771368165672,False,True
0,1.4774,26.22485,0,0,1771368166058,True,True
0,1.47727,12.45562,0,0,1771368172065,True,True
0,1.47671,1.07115,0,0,1771368183210,True,True
0,1.47662,264.82223,0,0,1771368186544,True,True
0,1.47659,6.70622,0,0,1771368196789,True,True
0,1.476,1.65,0,0,1771368240150,False,True
0,1.47594,0.314141,0,0,1771368240150,False,True
0,1.4766,1619.97723399,0,0,1771368250923,False,True
0,1.47662,115.41375104,0,0,1771368252831,False,True
0,1.47695,366.52547,0,0,1771368266531,False,True
0,1.47686,6.70295,0,0,1771368276139,True,True
0,1.47653,49.29486,0,0,1771368280135,False,True
0,1.47585,22.79994858,0,0,1771368303868,False,True
0,1.47567,17.80851142,0,0,1771368303868,False,True
0,1.47561,32.80793,0,0,1771368315911,True,True
0,1.47561,50.2,0,0,1771368327647,True,True
0,1.47561,325.997,0,0,1771368332278,True,True
0,1.47579,65.79474,0,0,1771368340564,True,True
0,1.47591,1.7427,0,0,1771368347330,True,True
0,1.47593,3.66843746,0,0,1771368349163,True,True
0,1.47578,13.1577,0,0,1771368359298,True,True
0,1.47598,0.94445724,0,0,1771368373159,True,True
0,1.47598,6.1485,0,0,1771368381064,True,True
0,1.47598,1.94288456,0,0,1771368383164,True,True
0,1.4765,3.25619778,0,0,1771368383637,False,True
0,1.4767,16.06581142,0,0,1771368386662,True,True
0,1.4767,641.57072858,0,0,1771368386662,True,True
0,1.47655,837.41507134,0,0,1771368421943,False,True
0,1.47655,132.68484064,0,0,1771368421943,False,True
0,1.47655,20.83642295,0,0,1771368421943,False,True
0,1.47655,6.02645167,0,0,1771368421943,False,True
0,1.477,59.48329437,0,0,1771368424915,False,True
0,1.47779,1.65,0,0,1771368449880,True,True
0,1.47801,1.65,0,0,1771368449880,True,True
0,1.47841,63.03087,0,0,1771368449880,True,True
0,1.4786,11.57222,0,0,1771368455469,True,True
0,1.47851,16.90891506,0,0,1771368458164,True,True
0,1.47826,133.7599,0,0,1771368458180,False,True
0,1.47823,6.69728,0,0,1771368467383,True,True
0,1.4782,18.85998,0,0,1771368468111,False,True
0,1.47824,100.96714,0,0,1771368473325,True,True
0,1.47814,164.39685,0,0,1771368489866,True,True
0,1.47808,100.67790647,0,0,1771368512717,True,True
0,1.47745,40.0,0,0,1771368525354,True,True
0,1.47745,47.0,0,0,1771368530116,True,True
0,1.47745,40.29239568,0,0,1771368530618,True,True
0,1.47738,9.02074206,0,0,1771368534855,False,True
0,1.47701,13.14389,0,0,1771368543220,True,True
0,1.47701,169.26087163,0,0,1771368546878,True,True
0,1.47701,17.09534803,0,0,1771368550328,True,True
0,1.477,1.65,0,0,1771368552460,False,True
0,1.477,358.0,0,0,1771368552460,False,True
0,1.47649,70.78629573,0,0,1771368552460,False,True
0,1.47641,6048.9,0,0,1771368552460,False,True
0,1.47635,614.35392803,0,0,1771368552460,False,True
0,1.47628,779.31722397,0,0,1771368552460,False,True
0,1.47622,4466.9282625,0,0,1771368552460,False,True
0,1.4762,13024.06428977,0,0,1771368552460,False,True
0,1.47636,26.24084,0,0,1771368571521,True,True
0,1.47636,33.20302,0,0,1771368582032,True,True
0,1.47637,65.7128,0,0,1771368584554,True,True
0,1.47637,11.34243573,0,0,1771368590518,True,True
0,1.47638,55.06345427,0,0,1771368590518,True,True
0,1.47625,37.64192,0,0,1771368593354,False,True
0,1.47638,595.06309476,0,0,1771368593794,True,True
0,1.47645,6896.86799293,0,0,1771368593794,True,True
0,1.47656,2.19331635,0,0,1771368604738,True,True
0,1.47656,6.7735628,0,0,1771368608586,True,True
0,1.47657,60.9510068,0,0,1771368608586,True,True
0,1.47656,6.77335942,0,0,1771368612016,True,True
0,1.47657,6.47470058,0,0,1771368612016,True,True
0,1.47728,1.32073811,0,0,1771368642735,True,True
0,1.47726,6.77028926,0,0,1771368650536,True,True
0,1.47727,12.89799074,0,0,1771368650536,True,True
0,1.47712,6.21904,0,0,1771368678707,True,True
0,1.47716,65.72748,0,0,1771368682034,True,True
0,1.4772,9.95524,0,0,1771368683035,True,True
0,1.4774,75.0,0,0,1771368700063,True,True
0,1.47706,70.78629573,0,0,1771368704372,False,True
0,1.47703,64.61781784,0,0,1771368704372,False,True
0,1.47722,79.01735,0,0,1771368720547,True,True
0,1.47696,4.39453551,0,0,1771368729537,False,True
0,1.47672,48.93497,0,0,1771368736165,False,True
0,1.47627,33.1902,0,0,1771368764934,True,True
0,1.47624,178.51129,0,0,1771368767781,False,True
0,1.47624,151.48871,0,0,1771368767846,False,True
0,1.47601,646.53808389,0,0,1771368773763,True,True
0,1.47601,4737.4820328,0,0,1771368773763,True,True
0,1.47601,15.078,0,0,1771368773763,True,True
0,1.47601,1942.14958143,0,0,1771368773763,True,True
0,1.476,1.65,0,0,1771368776178,False,True
0,1.4757,745.40895847,0,0,1771368776178,False,True
0,1.4756,252.94104153,0,0,1771368776178,False,True
0,1.47561,203.30575152,0,0,1771368777612,True,True
0,1.4756,1.33952133,0,0,1771368785941,False,True
0,1.47501,2.39202,0,0,1771368786227,True,True
0,1.47501,33.31506,0,0,1771368787713,True,True
0,1.47501,3.70738257,0,0,1771368793505,True,True
0,1.475,1.65,0,0,1771368800395,False,True
0,1.47458,336.78200234,0,0,1771368800395,False,True
0,1.47475,31.50875,0,0,1771368804443,True,True
0,1.47473,13.49378,0,0,1771368806798,True,True
0,1.47456,126.2577,0,0,1771368812451,True,True
0,1.474,1.65,0,0,1771368818113,False,True
0,1.47332,4.17152037,0,0,1771368818114,False,True
0,1.473,1.65,0,0,1771368818810,False,True
0,1.47273,79.83719612,0,0,1771368819226,False,True
0,1.47269,1298.25258971,0,0,1771368819226,False,True
0,1.47286,1201.0848,0,0,1771368819232,True,True
0,1.4734,13.15151,0,0,1771368832268,True,True
0,1.47319,610.58435511,0,0,1771368832546,False,True
0,1.47319,3393.99506032,0,0,1771368832546,False,True
0,1.47309,1978.91530452,0,0,1771368832546,False,True
0,1.4734,16.8037761,0,0,1771368834661,True,True
0,1.47351,16.1518839,0,0,1771368834661,True,True
0,1.47348,65.75729,0,0,1771368837767,True,True
0,1.47345,2.41057,0,0,1771368837862,True,True
0,1.47345,33.86267,0,0,1771368840171,True,True
0,1.47362,66.3745,0,0,1771368841202,True,True
0,1.47388,6.65178,0,0,1771368851990,True,True
0,1.47388,2.39782997,0,0,1771368856401,True,True
0,1.47437,4.97944003,0,0,1771368856401,True,True
0,1.47374,10.18482,0,0,1771368861026,False,True
0,1.47333,9.98139,0,0,1771368892034,True,True
0,1.47331,32.86783,0,0,1771368893828,True,True
0,1.47301,17.52245,0,0,1771368897010,False,True
0,1.47396,801.77990525,0,0,1771368900100,True,True
0,1.47375,30.0,0,0,1771368901211,False,True
0,1.47344,3.7470984,0,0,1771368913838,True,True
0,1.47338,16.96755802,0,0,1771368921046,True,True
0,1.4727,14.26201,0,0,1771368954791,False,True
0,1.47269,85.0,0,0,1771368963131,False,True
0,1.47269,1.65,0,0,1771368966835,False,True
0,1.47269,1.65,0,0,1771368967745,False,True
0,1.47288,29.82893,0,0,1771368978455,True,True
0,1.47269,72.77107921,0,0,1771368978870,False,True
0,1.47275,12.25154,0,0,1771368985389,True,True
0,1.47275,13.15258,0,0,1771368985447,True,True
0,1.47254,2.64989711,0,0,1771369004451,True,True
0,1.4725,20.0,0,0,1771369005941,False,True
0,1.47251,12.48872,0,0,1771369014713,True,True
0,1.4725,5.3327674,0,0,1771369015091,False,True
0,1.472,1.65,0,0,1771369015091,False,True
0,1.47198,25.48981394,0,0,1771369015091,False,True
0,1.472,666.27973079,0,0,1771369021339,False,True
0,1.47197,28.88485666,0,0,1771369021339,False,True
0,1.47197,607.40256478,0,0,1771369021339,False,True
0,1.47197,195.46550786,0,0,1771369021339,False,True
0,1.47228,25.66088394,0,0,1771369022630,True,True
0,1.47229,3.94845606,0,0,1771369022630,True,True
0,1.47234,801.77990525,0,0,1771369039754,False,True
0,1.47235,275.84873352,0,0,1771369048842,False,True
0,1.4726,1.97311,0,0,1771369049828,True,True
0,1.47237,475.5,0,0,1771369050929,False,True
0,1.47257,273.61008305,0,0,1771369051201,True,True
0,1.47256,6.22313,0,0,1771369053141,True,True
0,1.47228,64.04061,0,0,1771369077656,True,True
0,1.47228,52.61925,0,0,1771369078723,True,True
0,1.47236,2219.34038681,0,0,1771369082259,True,True
0,1.47299,4.22429,0,0,1771369091808,False,True
0,1.47314,13.28545,0,0,1771369092237,True,True
0,1.47353,9.05578705,0,0,1771369114949,True,True
0,1.47378,341.53249614,0,0,1771369114949,True,True
0,1.4737,12.69699,0,0,1771369120718,False,True
0,1.47378,3.52686,0,0,1771369127825,True,True
0,1.47371,4.78474,0,0,1771369132821,False,True
0,1.47378,98.25223864,0,0,1771369135167,True,True
0,1.474,44.045,0,0,1771369149995,True,True
0,1.474,100.77591,0,0,1771369180296,True,True
0,1.47399,10.0,0,0,1771369197930,False,True
0,1.47354,3.02137,0,0,1771369200702,True,True
0,1.47366,1.85546371,0,0,1771369202509,True,True
0,1.47319,6.78647552,0,0,1771369206914,True,True
0,1.4732,124.65363448,0,0,1771369206914,True,True
0,1.47263,6.79109218,0,0,1771369219019,True,True
0,1.47264,16.28382782,0,0,1771369219019,True,True
0,1.47281,1.0,0,0,1771369226088,True,True
0,1.47289,6.72265,0,0,1771369228954,True,True
0,1.47315,6.78953662,0,0,1771369229498,True,True
0,1.47316,58.97831338,0,0,1771369229498,True,True
0,1.47273,6.78937169,0,0,1771369238742,True,True
0,1.47274,26.08515831,0,0,1771369238742,True,True
0,1.47272,6.79015698,0,0,1771369241920,False,True
0,1.47271,35.66044302,0,0,1771369241920,False,True
0,1.47286,6.79053405,0,0,1771369243327,True,True
0,1.47287,6.65527595,0,0,1771369243327,True,True
0,1.474,65.86661,0,0,1771369267202,True,True
0,1.474,2.69335142,0,0,1771369275018,True,True
0,1.47351,10.61197,0,0,1771369294825,True,True
0,1.47305,58.05826,0,0,1771369298821,False,True
0,1.47228,65.78031,0,0,1771369309915,True,True
0,1.47275,11.63818,0,0,1771369315943,False,True
0,1.47276,36.17917,0,0,1771369317971,True,True
0,1.47395,332.73109,0,0,1771369326439,True,True
0,1.474,21.93927,0,0,1771369333404,True,True
0,1.47309,4.60222,0,0,1771369367958,True,True
0,1.47302,13.31105,0,0,1771369388465,True,True
0,1.47303,65.74861,0,0,1771369390616,True,True
0,1.47304,263.72944,0,0,1771369391678,True,True
0,1.47304,930.80202577,0,0,1771369392704,True,True
0,1.47303,3.37399781,0,0,1771369395857,True,True
0,1.47344,660.57341,0,0,1771369408232,True,True
0,1.47344,164.3347,0,0,1771369408325,True,True
0,1.47311,18.90664039,0,0,1771369413659,False,True
0,1.47333,124.84688,0,0,1771369414265,True,True
0,1.47343,7.90759,0,0,1771369428363,True,True
0,1.47343,132.51981756,0,0,1771369437924,True,True
0,1.47339,930.49881235,0,0,1771369440611,True,True
0,1.47345,0.65734,0,0,1771369443969,True,True
0,1.47321,21.97513,0,0,1771369448991,True,True
0,1.47317,13.17886,0,0,1771369450530,True,True
0,1.47285,6.65512,0,0,1771369460117,True,True
0,1.47282,5.51744272,0,0,1771369515578,True,True
0,1.47282,775.13973025,0,0,1771369518495,True,True
0,1.47268,48.84292582,0,0,1771369524185,True,True
0,1.47245,13.39882777,0,0,1771369526315,True,True
0,1.47246,14.13678959,0,0,1771369528505,True,True
0,1.47244,12.16617408,0,0,1771369531020,True,True
0,1.47266,32.85775,0,0,1771369550374,True,True
0,1.47275,30.60840786,0,0,1771369558531,False,True
0,1.47275,969.39159214,0,0,1771369558531,False,True
0,1.47295,0.99596,0,0,1771369559346,True,True
0,1.47301,210.3194,0,0,1771369566451,False,True
0,1.47365,34.36108,0,0,1771369576501,True,True
0,1.4737,162.71815,0,0,1771369580782,True,True
0,1.47377,6.73782204,0,0,1771369600395,True,True
0,1.47399,5.0,0,0,1771369606900,False,True
0,1.474,1.69694,0,0,1771369607688,True,True
0,1.474,1675.69808,0,0,1771369609805,True,True
0,1.474,642.25237449,0,0,1771369612755,True,True
0,1.474,7390.83420755,0,0,1771369620829,True,True
0,1.474,7014.84954555,0,0,1771369620844,True,True
0,1.474,1261.40149487,0,0,1771369620844,True,True
0,1.474,11401.18774565,0,0,1771369620848,True,True
0,1.474,7058.75457074,0,0,1771369627426,True,True
0,1.474,67.78833107,0,0,1771369628221,True,True
0,1.47399,9.26120103,0,0,1771369628224,False,True
0,1.474,76.44504748,0,0,1771369631770,True,True
0,1.474,81.43343,0,0,1771369642343,True,True
0,1.474,7.47625509,0,0,1771369644899,True,True
0,1.47399,1500.0,0,0,1771369648746,False,True
0,1.47399,6.0,0,0,1771369648746,False,True
0,1.47399,134.0,0,0,1771369648746,False,True
0,1.474,23.11397557,0,0,1771369650446,True,True
0,1.474,1.97121,0,0,1771369660838,True,True
0,1.47399,1.68613085,0,0,1771369660988,False,True
0,1.47398,31.53034,0,0,1771369670524,True,True
0,1.474,3.7109905,0,0,1771369672398,True,True
0,1.47329,6.74001724,0,0,1771369684001,True,True
0,1.47329,6.74001724,0,0,1771369684001,True,True
0,1.47305,10.27018,0,0,1771369689957,False,True
0,1.47297,16.97251132,0,0,1771369699910,True,True
0,1.47296,2896.02584428,0,0,1771369710659,True,True
0,1.47285,810.0,0,0,1771369715156,False,True
0,1.47285,5.1203449,0,0,1771369717786,False,True
0,1.47258,127.39947266,0,0,1771369717786,False,True
0,1.47258,642.25237449,0,0,1771369717786,False,True
0,1.47258,76.44504748,0,0,1771369717786,False,True
0,1.47258,23.11397557,0,0,1771369717786,False,True
0,1.47258,3.7109905,0,0,1771369717786,False,True
0,1.47216,368.58259835,0,0,1771369721095,True,True
0,1.47136,20.33845,0,0,1771369726190,True,True
0,1.47116,10.0,0,0,1771369728356,False,True
0,1.47116,4.28919279,0,0,1771369729831,False,True
0,1.471,1.65,0,0,1771369729831,False,True
0,1.47069,54.48404787,0,0,1771369729831,False,True
0,1.47068,7.17264411,0,0,1771369729831,False,True
0,1.47083,9.73998775,0,0,1771369729836,True,True
0,1.47068,609.12910668,0,0,1771369730865,False,True
0,1.47079,15.92682363,0,0,1771369731324,True,True
0,1.47074,35.41221,0,0,1771369738613,False,True
0,1.47048,250.0,0,0,1771369746047,False,True
0,1.47051,1.31728,0,0,1771369751772,True,True
0,1.47049,47.48932,0,0,1771369757547,True,True
0,1.47049,24.92969,0,0,1771369760203,True,True
0,1.47048,5.16593123,0,0,1771369762874,False,True
0,1.47001,15.92682363,0,0,1771369762874,False,True
0,1.47,1.65,0,0,1771369762874,False,True
0,1.47,68.0340136,0,0,1771369762874,False,True
0,1.47,1.9196001,0,0,1771369762874,False,True
0,1.47,8.52452502,0,0,1771369762874,False,True
0,1.47098,89.30933215,0,0,1771369775812,False,True
0,1.47085,4.10985505,0,0,1771369776504,False,True
0,1.47115,41.37819,0,0,1771369779345,True,True
0,1.47113,16.61934,0,0,1771369781540,True,True
0,1.47092,35.98446888,0,0,1771369781762,False,True
0,1.47113,12.78876573,0,0,1771369782651,True,True
0,1.47114,53.6868942,0,0,1771369782651,True,True
0,1.47142,11.06815457,0,0,1771369790819,False,True
0,1.47185,9.06018683,0,0,1771369797035,True,True
0,1.472,56.92056317,0,0,1771369797035,True,True
0,1.47218,122.67554438,0,0,1771369802667,True,True
0,1.47268,6.59458,0,0,1771369812662,True,True
0,1.47237,6.79177109,0,0,1771369812853,False,True
0,1.47236,10.13292974,0,0,1771369812853,False,True
0,1.47318,6.71887,0,0,1771369824221,True,True
0,1.4725,6.78923907,0,0,1771369825668,True,True
0,1.47251,3.21076093,0,0,1771369825668,True,True
0,1.47223,13.15463,0,0,1771369878011,True,True
0,1.47207,65.77227,0,0,1771369880636,True,True
0,1.47237,31.48754,0,0,1771369902878,True,True
0,1.47216,66.88068786,0,0,1771369904425,False,True
0,1.47215,3396.3904068,0,0,1771369904425,False,True
0,1.47209,228.18469941,0,0,1771369906803,True,True
0,1.47209,12.70197696,0,0,1771369906900,True,True
0,1.47261,1436.75599,0,0,1771369917823,False,True
0,1.47287,36.82197,0,0,1771369918049,True,True
0,1.47262,6.25101,0,0,1771369921225,False,True
0,1.47296,36.30972786,0,0,1771369930075,True,True
0,1.47296,65.03653173,0,0,1771369930075,True,True
0,1.47242,8.48942557,0,0,1771369949925,True,True
0,1.4724,63.74029,0,0,1771369951697,True,True
0,1.47222,70.78629573,0,0,1771369959817,False,True
0,1.47221,932.53813393,0,0,1771369959817,False,True
0,1.47181,32.89038,0,0,1771369963309,True,True
0,1.47189,6.72708,0,0,1771369967845,True,True
0,1.47194,101.9236388,0,0,1771369972776,False,True
0,1.47193,703.513672,0,0,1771369974407,False,True
0,1.47205,6.2712,0,0,1771369974650,True,True
0,1.47288,12.53004,0,0,1771370001505,True,True
0,1.47245,609.12910668,0,0,1771370004354,True,True
0,1.47245,101.22089358,0,0,1771370004354,True,True
0,1.47245,89.30933215,0,0,1771370004354,True,True
0,1.47245,35.98446888,0,0,1771370004354,True,True
0,1.47245,11.06815457,0,0,1771370004354,True,True
0,1.4722,12.49758,0,0,1771370019044,True,True
0,1.47239,25.36587573,0,0,1771370030010,True,True
0,1.47243,306.78842427,0,0,1771370030010,True,True
0,1.47241,65.78076,0,0,1771370032284,True,True
0,1.47241,16.44396,0,0,1771370033185,True,True
0,1.47244,65.78523,0,0,1771370033890,True,True
0,1.47216,2.05562,0,0,1771370053023,False,True
0,1.47229,54.34155022,0,0,1771370087086,False,True
0,1.47245,18.87151,0,0,1771370094663,True,True
0,1.47331,602.79235191,0,0,1771370106591,True,True
0,1.47332,5.10858289,0,0,1771370111411,False,True
0,1.47348,16.96755802,0,0,1771370113219,False,True
0,1.47378,10.0,0,0,1771370115393,True,True
0,1.47378,138.8281833,0,0,1771370119877,False,True
0,1.4734,2000.0,0,0,1771370119904,False,True
0,1.47307,1.13224,0,0,1771370121863,True,True
0,1.47308,261.5625,0,0,1771370124359,False,True
0,1.47303,3394.35115866,0,0,1771370124359,False,True
0,1.47297,276.24826667,0,0,1771370124359,False,True
0,1.47297,3096.70569867,0,0,1771370124359,False,True
0,1.47308,3.28582,0,0,1771370125288,True,True
0,1.47289,2000.0,0,0,1771370129429,False,True
0,1.47269,9.04948712,0,0,1771370130685,False,True
0,1.47262,1990.95051288,0,0,1771370130685,False,True
0,1.47209,99.58609,0,0,1771370137669,True,True
0,1.47225,8.815659,0,0,1771370160386,True,True
0,1.47208,50.0,0,0,1771370160982,False,True
0,1.4719,2.7074224,0,0,1771370170302,False,True
0,1.47193,47.52,0,0,1771370202430,False,True
0,1.47223,12.50089,0,0,1771370211257,True,True
0,1.47367,261.5625,0,0,1771370226059,True,True
0,1.47369,1200.3809495,0,0,1771370226059,True,True
0,1.4734,203.77112427,0,0,1771370232997,False,True
0,1.47385,0.93222869,0,0,1771370243102,True,True
0,1.47382,4.6116,0,0,1771370250437,True,True
0,1.47358,6.10757474,0,0,1771370268504,False,True
0,1.47333,68.73067573,0,0,1771370268504,False,True
0,1.47332,287.36074953,0,0,1771370268504,False,True
0,1.47371,8.99868933,0,0,1771370302642,False,True
0,1.47397,13.1735,0,0,1771370320397,True,True
0,1.47377,2.78876622,0,0,1771370340832,True,True
0,1.47349,1280.0,0,0,1771370342370,True,True
0,1.47349,6.96668104,0,0,1771370344446,True,True
0,1.47349,2.03331951,0,0,1771370347627,True,True
0,1.474,5010.0,0,0,1771370356287,True,True
0,1.474,6.71694903,0,0,1771370363944,True,True
0,1.4743,6.68264,0,0,1771370379032,True,True
0,1.4743,23.27459,0,0,1771370381345,True,True
0,1.47409,63.91279,0,0,1771370394942,True,True
0,1.47408,3.34182,0,0,1771370400037,True,True
0,1.47404,2.32687506,0,0,1771370402782,True,True
0,1.47429,6.78292601,0,0,1771370419207,False,True
0,1.47429,261.5625,0,0,1771370419207,False,True
0,1.47429,731.65457399,0,0,1771370419207,False,True
0,1.4743,19.20096946,0,0,1771370422940,True,True
0,1.47516,16.7066,0,0,1771370425607,True,True
0,1.47495,1.95218502,0,0,1771370443164,True,True
0,1.47497,6.67874,0,0,1771370455535,True,True
0,1.47497,1.65362605,0,0,1771370458152,True,True
0,1.47526,34.56579,0,0,1771370461024,True,True
0,1.47513,40.0,0,0,1771370461101,False,True
0,1.47523,68.781621,0,0,1771370465159,False,True
0,1.47543,44.95399,0,0,1771370494390,True,True
0,1.47542,131140.0,0,0,1771370495007,False,True
0,1.47543,6.64479,0,0,1771370495549,True,True
0,1.47542,38500.0,0,0,1771370504892,False,True
0,1.47543,25.25,0,0,1771370505029,True,True
0,1.47543,12.52693,0,0,1771370506405,True,True
0,1.47542,3.72856542,0,0,1771370519203,False,True
0,1.47534,66.08808458,0,0,1771370519203,False,True
0,1.47548,6.28747,0,0,1771370522455,True,True
0,1.47594,6.22402,0,0,1771370529822,True,True
0,1.47656,40.06227,0,0,1771370537226,True,True
0,1.47646,10.06273,0,0,1771370559760,True,True
0,1.47635,112.88414,0,0,1771370565343,True,True
0,1.47613,1.31204,0,0,1771370573821,True,True
0,1.47557,3.33844,0,0,1771370598031,True,True
0,1.47543,3.5108409,0,0,1771370611606,False,True
0,1.47448,84.85703434,0,0,1771370632204,True,True
0,1.47437,6.71481,0,0,1771370649523,True,True
0,1.47436,4741.7931281,0,0,1771370658397,True,True
0,1.47437,576.2068719,0,0,1771370658397,True,True
0,1.47419,34.16224136,0,0,1771370672418,False,True
0,1.47417,6.51213903,0,0,1771370672418,False,True
0,1.47415,92.77482961,0,0,1771370672418,False,True
0,1.47464,66.28194087,0,0,1771370681942,True,True
0,1.47465,0.05159913,0,0,1771370681942,True,True
0,1.47465,144.1029675,0,0,1771370684942,True,True
0,1.47427,69.82590389,0,0,1771370688897,False,True
0,1.47426,707.35105211,0,0,1771370688897,False,True
0,1.47464,34.0,0,0,1771370710885,True,True
0,1.47436,27.53606,0,0,1771370713165,False,True
0,1.4746,65.67992,0,0,1771370718421,True,True
0,1.4746,4.14598389,0,0,1771370746578,True,True
0,1.47465,8.48593611,0,0,1771370746578,True,True
0,1.47452,18.31337,0,0,1771370753289,False,True
0,1.47469,11.4396924,0,0,1771370754915,True,True
0,1.47448,13.0,0,0,1771370757595,False,True
0,1.47448,57.78629573,0,0,1771370759569,False,True
0,1.47447,1753.65161427,0,0,1771370759569,False,True
0,1.47508,619.70876156,0,0,1771370770775,True,True
0,1.47474,398.14674,0,0,1771370772509,True,True
0,1.47458,25.11457,0,0,1771370784178,True,True
0,1.47459,32.82995,0,0,1771370786410,True,True
0,1.47479,2.69190867,0,0,1771370796348,True,True
0,1.47495,66.31419,0,0,1771370801825,True,True
0,1.47519,70.78629573,0,0,1771370807634,True,True
0,1.4752,55.46798427,0,0,1771370807634,True,True
0,1.47506,69.32067,0,0,1771370815274,False,True
0,1.47497,0.66306,0,0,1771370837164,True,True
0,1.47497,98.30708421,0,0,1771370842197,True,True
0,1.47496,203.39534631,0,0,1771370849299,False,True
0,1.47422,15.63999,0,0,1771370860314,True,True
0,1.47399,370.0,0,0,1771370863606,False,True
0,1.47399,4.29019192,0,0,1771370863879,False,True
0,1.47309,159.8313,0,0,1771370867072,True,True
0,1.47282,10.0,0,0,1771370867485,False,True
0,1.473,60.78629573,0,0,1771370874128,False,True
0,1.47299,708.42028862,0,0,1771370874128,False,True
0,1.47338,32.429694,0,0,1771370885862,True,True
0,1.47327,7.75609,0,0,1771370889021,False,True
0,1.47307,65.61142,0,0,1771370926604,False,True
0,1.4731,602.79235191,0,0,1771370927535,False,True
0,1.4731,10.0,0,0,1771370927535,False,True
0,1.4731,138.8281833,0,0,1771370927535,False,True
0,1.4731,8.815659,0,0,1771370927535,False,True
0,1.4731,50.0,0,0,1771370927535,False,True
0,1.4731,6.10757474,0,0,1771370927535,False,True
0,1.4731,2.78876622,0,0,1771370927535,False,True
0,1.4731,2.32687506,0,0,1771370927535,False,True
0,1.4731,1.95218502,0,0,1771370927535,False,True
0,1.4731,3.5108409,0,0,1771370927535,False,True
0,1.47301,65.73522,0,0,1771370942213,True,True
0,1.47288,11.1349,0,0,1771370949392,False,True
0,1.47306,21.85444386,0,0,1771370952982,True,True
0,1.47307,708.03246725,0,0,1771370952982,True,True
0,1.47307,3394.28606828,0,0,1771370952982,True,True
0,1.47308,752.23108904,0,0,1771370952982,True,True
0,1.47309,1811.79012157,0,0,1771370952982,True,True
0,1.47249,7.9433,0,0,1771370979951,True,True
0,1.47224,1.61912,0,0,1771370987499,False,True
0,1.47225,6.79232467,0,0,1771371005079,False,True
0,1.47224,261.5625,0,0,1771371005079,False,True
0,1.47222,93.53820184,0,0,1771371005079,False,True
0,1.47242,24.25824787,0,0,1771371007592,True,True
0,1.47243,5.44175213,0,0,1771371007592,True,True
0,1.47189,35.01152142,0,0,1771371043255,True,True
0,1.47189,13.55917798,0,0,1771371043255,True,True
0,1.47216,6.79377917,0,0,1771371043255,True,True
0,1.47217,111.12999143,0,0,1771371043255,True,True
0,1.47196,6.1904762,0,0,1771371044765,False,True
0,1.47196,6.79366287,0,0,1771371045967,False,True
0,1.47195,53.05197713,0,0,1771371045967,False,True
0,1.47244,6.69108,0,0,1771371053035,True,True
0,1.47237,6.79327304,0,0,1771371054935,True,True
0,1.47238,6.65518696,0,0,1771371054935,True,True
0,1.47254,58.710504,0,0,1771371092325,False,True
0,1.47255,1174.07648508,0,0,1771371098699,True,True
0,1.47302,494.30159492,0,0,1771371098699,True,True
0,1.47345,6.75532,0,0,1771371105358,True,True
0,1.47341,98.8972,0,0,1771371107100,True,True
0,1.47343,13.14794,0,0,1771371108191,True,True
0,1.47322,70.78629573,0,0,1771371115921,False,True
0,1.47322,261.5625,0,0,1771371115921,False,True
0,1.47316,361.70488427,0,0,1771371115921,False,True
0,1.47342,8.33489,0,0,1771371117283,True,True
0,1.4733,140.16735,0,0,1771371121527,False,True
0,1.4733,1850.0,0,0,1771371125551,False,True
0,1.47333,52.43296,0,0,1771371136985,False,True
0,1.47298,6.72142,0,0,1771371154280,True,True
0,1.47314,25.0,0,0,1771371180946,True,True
0,1.47309,930.0,0,0,1771371181723,False,True
0,1.47214,47.31771,0,0,1771371189229,True,True
0,1.472,16980.0,0,0,1771371190620,False,True
0,1.47201,1.49719,0,0,1771371195283,True,True
0,1.472,3.72961956,0,0,1771371195545,False,True
0,1.47122,35.39314786,0,0,1771371198086,True,True
0,1.47123,97.55109214,0,0,1771371198086,True,True
0,1.47168,655.89627523,0,0,1771371218147,False,True
0,1.47167,6.79500159,0,0,1771371219989,False,True
0,1.47167,297.36894841,0,0,1771371219989,False,True
0,1.47168,15.82374,0,0,1771371222441,True,True
0,1.47168,38.30307,0,0,1771371231839,True,True
0,1.47168,2.06464,0,0,1771371242515,True,True
0,1.47168,752.23108904,0,0,1771371248939,True,True
0,1.47168,35.01152142,0,0,1771371248939,True,True
0,1.47168,13.55917798,0,0,1771371248939,True,True
0,1.47168,6.1904762,0,0,1771371248939,True,True
0,1.47168,460.0,0,0,1771371251451,True,True
0,1.47168,8.92001013,0,0,1771371257246,True,True
0,1.472,3.32477188,0,0,1771371258464,True,True
0,1.472,10.06429812,0,0,1771371258464,True,True
0,1.47197,6.69171247,0,0,1771371292119,True,True
0,1.47197,1.01355,0,0,1771371293140,True,True
0,1.47194,4.80318491,0,0,1771371297458,True,True
0,1.472,6.59561,0,0,1771371299068,True,True
0,1.47193,19.78737,0,0,1771371310285,True,True
0,1.47194,2.3141,0,0,1771371317526,True,True
0,1.47194,70.7,0,0,1771371318358,True,True
0,1.47172,34.1139,0,0,1771371327473,False,True
0,1.47199,261.5625,0,0,1771371333628,False,True
0,1.47199,369.84505,0,0,1771371333628,False,True
0,1.47199,118.008,0,0,1771371333872,False,True
0,1.472,483.34009188,0,0,1771371343483,True,True
0,1.47281,62.72775,0,0,1771371345015,False,True
0,1.47292,2.30998,0,0,1771371349167,True,True
0,1.47309,6.26678,0,0,1771371373619,True,True
0,1.47302,3.6930931,0,0,1771371380402,True,True
0,1.47328,65.91043,0,0,1771371386585,True,True
0,1.47326,2.30442,0,0,1771371404103,True,True
0,1.47325,3.03453,0,0,1771371407533,False,True
0,1.47326,166.36442,0,0,1771371418507,True,True
0,1.47326,495.0301779,0,0,1771371420987,True,True
0,1.47408,6.58997,0,0,1771371421726,True,True
0,1.4741,16.47492,0,0,1771371421852,True,True
0,1.47382,10.0,0,0,1771371432552,False,True
0,1.47383,20.35512915,0,0,1771371453375,True,True
0,1.47383,13.5700861,0,0,1771371454039,True,True
0,1.47383,112.86313,0,0,1771371457582,True,True
0,1.47396,662.924383,0,0,1771371487696,True,True
0,1.47396,63.8536,0,0,1771371487813,True,True
0,1.47395,2.52383052,0,0,1771371489342,False,True
0,1.47353,10.0,0,0,1771371489730,False,True
0,1.47314,13.17368,0,0,1771371494680,True,True
0,1.47313,3.39413357,0,0,1771371496654,False,True
0,1.47284,6.60586643,0,0,1771371496654,False,True
0,1.47285,45.48213,0,0,1771371501220,True,True
0,1.47274,7.63816,0,0,1771371540864,False,True
0,1.47277,9.05520278,0,0,1771371587982,True,True
0,1.47324,46.00296,0,0,1771371592954,True,True
0,1.47322,6.78785245,0,0,1771371600723,False,True
0,1.47296,1.71321755,0,0,1771371600723,False,True
0,1.47323,13.18298,0,0,1771371601322,True,True
0,1.4736,9.05096144,0,0,1771371623810,True,True
0,1.47446,6.71572,0,0,1771371632937,True,True
0,1.47446,564.92546423,0,0,1771371634551,True,True
0,1.47445,11.0,0,0,1771371637472,True,True
0,1.47445,5.06181,0,0,1771371648672,False,True
0,1.47463,5.31872,0,0,1771371657281,True,True
0,1.47462,6.78140809,0,0,1771371658756,False,True
0,1.47445,66.89652191,0,0,1771371658756,False,True
0,1.47462,3.49243,0,0,1771371659421,False,True
0,1.47445,43.4474126,0,0,1771371662630,False,True
0,1.47445,36.5525874,0,0,1771371662630,False,True
0,1.47445,2.83764,0,0,1771371665881,False,True
0,1.47487,9.79095,0,0,1771371669360,True,True
0,1.47477,37.86148,0,0,1771371678394,True,True
0,1.47469,2.80094,0,0,1771371680979,False,True
0,1.47466,409.71923,0,0,1771371683829,False,True
0,1.47482,17.21771,0,0,1771371684207,True,True
0,1.47487,23.54783811,0,0,1771371712004,True,True
0,1.47468,105.0202,0,0,1771371717247,False,True
0,1.47492,9.90271,0,0,1771371719546,True,True
0,1.4749,15.96323,0,0,1771371721074,True,True
0,1.47445,5.12128536,0,0,1771371721738,False,True
0,1.47488,67.80028747,0,0,1771371725394,True,True
0,1.47456,32.8344,0,0,1771371747548,True,True
0,1.47456,336.730168,0,0,1771371748800,True,True
0,1.47464,313.264112,0,0,1771371748800,True,True
0,1.47438,37.76392,0,0,1771371760333,True,True
0,1.47408,5.70525344,0,0,1771371769240,True,True
0,1.47414,30.52627295,0,0,1771371775815,True,True
0,1.47495,40.4808,0,0,1771371799175,True,True
0,1.47495,14.55207436,0,0,1771371799969,True,True
0,1.47507,8.67989,0,0,1771371816602,True,True
0,1.47474,869.547729,0,0,1771371833845,True,True
0,1.47483,3.46674,0,0,1771371839153,False,True
0,1.47483,35.19545,0,0,1771371843799,False,True
0,1.47484,200.5505682,0,0,1771371847337,True,True
0,1.4749,3.2476778,0,0,1771371851625,True,True
0,1.47483,14.36420818,0,0,1771371871744,False,True
0,1.47455,66.25048277,0,0,1771371871744,False,True
0,1.47454,59.07856905,0,0,1771371871744,False,True
0,1.47472,61.93823338,0,0,1771371873139,True,True
0,1.47472,261.5625,0,0,1771371873139,True,True
0,1.47473,655.32470247,0,0,1771371873139,True,True
0,1.47455,15.08523,0,0,1771371876022,False,True
0,1.47487,6.63173,0,0,1771371883928,True,True
0,1.47505,10.15709,0,0,1771371929395,False,True
0,1.47505,224.79765729,0,0,1771371934487,False,True
0,1.47505,104.54560861,0,0,1771371934487,False,True
0,1.47456,1.79078,0,0,1771371949460,True,True
0,1.47456,16.69650607,0,0,1771371960213,True,True
0,1.47456,29.0,0,0,1771371964438,True,True
0,1.47489,1191.71666,0,0,1771371979107,True,True
0,1.47479,12.63118,0,0,1771371986591,True,True
0,1.47469,215.8226,0,0,1771371997020,True,True
0,1.47456,2.78727213,0,0,1771372001494,True,True
0,1.47461,12.50956,0,0,1771372034117,True,True
0,1.47455,3.390865,0,0,1771372042930,False,True
0,1.47455,112.27548151,0,0,1771372042930,False,True
0,1.47456,6.64871,0,0,1771372046030,True,True
0,1.47503,62.55348,0,0,1771372058028,False,True
0,1.47518,261.5625,0,0,1771372060231,True,True
0,1.47519,261.5625,0,0,1771372060231,True,True
0,1.47523,653.014218,0,0,1771372060231,True,True
0,1.47496,1002.21931,0,0,1771372064410,True,True
0,1.47533,49.90006249,0,0,1771372074525,False,True
0,1.47557,261.03970188,0,0,1771372083225,False,True
0,1.47571,6.25591,0,0,1771372087023,True,True
0,1.47564,12.50142,0,0,1771372091729,True,True
0,1.47575,2.69689721,0,0,1771372095342,True,True
0,1.47522,475.59579067,0,0,1771372100799,True,True
0,1.47499,9.28976544,0,0,1771372103897,False,True
0,1.47519,143.75288088,0,0,1771372105055,True,True
0,1.47521,17.023202,0,0,1771372109855,True,True
0,1.47545,23.22681215,0,0,1771372111976,True,True
0,1.47522,2030.0,0,0,1771372133987,False,True
0,1.47522,4.97783381,0,0,1771372139800,False,True
0,1.47507,1046.24535633,0,0,1771372139800,False,True
0,1.47493,56.3205679,0,0,1771372139935,False,True
0,1.47455,112.31507154,0,0,1771372140306,False,True
0,1.47455,3.390865,0,0,1771372140306,False,True
0,1.47415,1.58866,0,0,1771372140714,True,True
0,1.47434,6.65101,0,0,1771372154172,True,True
0,1.47484,203.41189553,0,0,1771372161612,True,True
0,1.47484,65.70534,0,0,1771372162459,True,True
0,1.47468,6.78113218,0,0,1771372175457,True,True
0,1.47477,16.42077,0,0,1771372196406,True,True
0,1.47464,6.78131611,0,0,1771372202721,False,True
0,1.47463,27.54922389,0,0,1771372202721,False,True
0,1.47437,12.19124564,0,0,1771372215256,True,True
0,1.47439,27.21244436,0,0,1771372215256,True,True
0,1.47444,6.78261904,0,0,1771372223360,True,True
0,1.47445,20.34618684,0,0,1771372223360,True,True
0,1.47431,6.782834,0,0,1771372241162,False,True
0,1.4743,261.5625,0,0,1771372241162,False,True
0,1.47429,617.72423626,0,0,1771372241162,False,True
0,1.47427,365.99896054,0,0,1771372241162,False,True
0,1.47436,35.39314787,0,0,1771372257028,True,True
0,1.47437,31.75861213,0,0,1771372257028,True,True
0,1.47417,16.62628,0,0,1771372265554,True,True
0,1.47482,12.63032,0,0,1771372301322,True,True
0,1.47483,68.0,0,0,1771372311407,False,True
0,1.4749,5.59523825,0,0,1771372316820,True,True
0,1.4749,2.54090658,0,0,1771372316820,True,True
0,1.47471,6.64781,0,0,1771372335836,True,True
0,1.47471,7.97829,0,0,1771372339293,True,True
0,1.47489,929.70351559,0,0,1771372341357,True,True
0,1.4749,1.15218652,0,0,1771372342319,True,True
0,1.4749,2.52383052,0,0,1771372342319,True,True
0,1.4749,564.92546423,0,0,1771372342319,True,True
0,1.4749,5.06181,0,0,1771372342319,True,True
0,1.4749,66.89652191,0,0,1771372342319,True,True
0,1.4749,43.4474126,0,0,1771372342319,True,True
0,1.4749,36.5525874,0,0,1771372342319,True,True
0,1.4749,2.83764,0,0,1771372342319,True,True
0,1.4749,5.12128536,0,0,1771372342319,True,True
0,1.4749,869.547729,0,0,1771372342319,True,True
0,1.4749,3.46674,0,0,1771372342319,True,True
0,1.4749,35.19545,0,0,1771372342319,True,True
0,1.4749,14.36420818,0,0,1771372342319,True,True
0,1.4749,10.15709,0,0,1771372342319,True,True
0,1.4749,224.79765729,0,0,1771372342319,True,True
0,1.4749,104.54560861,0,0,1771372342319,True,True
0,1.4749,16.69650607,0,0,1771372342319,True,True
0,1.4749,2.78727213,0,0,1771372342319,True,True
0,1.4749,2.69689721,0,0,1771372342319,True,True
0,1.4749,427.22610297,0,0,1771372342319,True,True
0,1.4749,2.27053868,0,0,1771372342489,True,True
0,1.47571,46.09914902,0,0,1771372343676,False,True
0,1.47571,143.75288088,0,0,1771372343676,False,True
0,1.47571,23.22681215,0,0,1771372343676,False,True
0,1.47589,261.5625,0,0,1771372352936,True,True
0,1.47589,600.0,0,0,1771372352936,True,True
0,1.47589,68.73718358,0,0,1771372352936,True,True
0,1.47589,31.40904,0,0,1771372353031,True,True
0,1.47589,1749.57600085,0,0,1771372359474,True,True
0,1.47589,608.54884205,0,0,1771372359484,True,True
0,1.47589,606.2080124,0,0,1771372359489,True,True
0,1.47589,304.27442103,0,0,1771372359493,True,True
0,1.47589,162.97822301,0,0,1771372359501,True,True
0,1.47589,1521.37018507,0,0,1771372359504,True,True
0,1.47607,2111.55806503,0,0,1771372359769,True,True
0,1.47623,2.38926183,0,0,1771372365060,True,True
0,1.47623,1011.61844005,0,0,1771372365687,True,True
0,1.47623,600.0,0,0,1771372365687,True,True
0,1.47623,261.5625,0,0,1771372365687,True,True
0,1.47623,119.22342198,0,0,1771372368829,False,True
0,1.47623,110.0,0,0,1771372375835,False,True
0,1.47623,8.0,0,0,1771372380076,False,True
0,1.47623,1.153703,0,0,1771372385807,False,True
0,1.47588,208.846297,0,0,1771372385807,False,True
0,1.47588,2.23304976,0,0,1771372393981,False,True
0,1.47551,48.4865725,0,0,1771372403187,False,True
0,1.4755,3.61073122,0,0,1771372404222,False,True
0,1.47564,2571.74514109,0,0,1771372408642,True,True
0,1.47536,6.6438,0,0,1771372413511,True,True
0,1.47529,600.59744445,0,0,1771372415804,True,True
0,1.47529,261.5625,0,0,1771372415804,True,True
0,1.47533,3389.0781122,0,0,1771372415804,True,True
0,1.47538,169.34844335,0,0,1771372415804,True,True
0,1.47531,40.0,0,0,1771372418883,True,True
0,1.47531,673.0,0,0,1771372420520,True,True
0,1.47525,13.77954,0,0,1771372428140,True,True
0,1.4751,200.0,0,0,1771372430548,False,True
0,1.4751,0.11392678,0,0,1771372440328,False,True
0,1.47428,135.65944054,0,0,1771372442571,True,True
0,1.47449,152.86331,0,0,1771372449785,True,True
0,1.47453,2894.4968683,0,0,1771372454329,False,True
0,1.47465,1500.0,0,0,1771372456722,True,True
0,1.47476,610.14000917,0,0,1771372456722,True,True
0,1.47477,2312.81849083,0,0,1771372456722,True,True
0,1.47476,31.44205,0,0,1771372457035,True,True
0,1.47489,26.26646,0,0,1771372479190,True,True
0,1.47491,13.35966,0,0,1771372485102,True,True
0,1.47465,30.0,0,0,1771372488018,False,True
0,1.47425,6.78311006,0,0,1771372509321,True,True
0,1.4741,3391.90014245,0,0,1771372536312,True,True
0,1.4741,261.5625,0,0,1771372536312,True,True
0,1.47427,315.61452722,0,0,1771372536312,True,True
0,1.47427,455.29213033,0,0,1771372536312,True,True
0,1.47409,180.0,0,0,1771372536346,False,True
0,1.4741,19.95235,0,0,1771372546095,True,True
0,1.4741,6.65078,0,0,1771372557955,True,True
0,1.4741,1493.34922,0,0,1771372560808,True,True
0,1.4741,460.4,0,0,1771372560808,True,True
0,1.4741,6.0,0,0,1771372560808,True,True
0,1.47453,16.46308,0,0,1771372571195,True,True
0,1.47453,14.68942646,0,0,1771372572106,True,True
0,1.47482,6.56684,0,0,1771372591917,True,True
0,1.47468,1488.0,0,0,1771372600192,False,True
0,1.47472,66.34953,0,0,1771372602912,True,True
0,1.47472,500.0,0,0,1771372606367,True,True
0,1.47456,13.16555,0,0,1771372615151,True,True
0,1.47452,67.87551879,0,0,1771372618412,True,True
0,1.47441,13.43615,0,0,1771372622219,True,True
0,1.47407,7.69298608,0,0,1771372627162,True,True
0,1.47372,11.87925437,0,0,1771372632152,True,True
0,1.47347,2.33637,0,0,1771372635827,True,True
0,1.47339,226.81768,0,0,1771372639302,True,True
0,1.47312,75.07236409,0,0,1771372647350,True,True
0,1.4732,66.39072,0,0,1771372662112,True,True
0,1.47334,1.04457,0,0,1771372685753,True,True
0,1.47334,27.14293469,0,0,1771372693113,True,True
0,1.47334,2.71821499,0,0,1771372705549,False,True
0,1.47334,666.66666666,0,0,1771372716133,False,True
0,1.47334,32.42993334,0,0,1771372716133,False,True
0,1.47352,84.71386,0,0,1771372722972,True,True
0,1.473,1.0,0,0,1771372760215,False,True
0,1.47325,70.0,0,0,1771372763662,False,True
0,1.47335,8.14470425,0,0,1771372764030,True,True
0,1.473,3394.41409792,0,0,1771372773514,False,True
0,1.47295,1018.42216,0,0,1771372775538,True,True
0,1.473,496.47128208,0,0,1771372775538,True,True
0,1.47305,6687.7262,0,0,1771372776750,True,True
